date;equity;cash;gross_exposure;positions_count
1999-01-04;10000,0;10000,0;0,0;0
1999-01-05;10000,0;10000,0;0,0;0
1999-01-06;10000,0;10000,0;0,0;0
1999-01-07;10000,0;10000,0;0,0;0
1999-01-08;10000,0;10000,0;0,0;0
1999-01-11;10000,0;10000,0;0,0;0
1999-01-12;10000,0;10000,0;0,0;0
1999-01-13;10000,0;10000,0;0,0;0
1999-01-14;10000,0;10000,0;0,0;0
1999-01-15;10000,0;10000,0;0,0;0
1999-01-19;10000,0;10000,0;0,0;0
1999-01-20;10000,0;10000,0;0,0;0
1999-01-21;10000,0;10000,0;0,0;0
1999-01-22;10000,0;10000,0;0,0;0
1999-01-25;10000,0;10000,0;0,0;0
1999-01-26;10000,0;10000,0;0,0;0
1999-01-27;10000,0;10000,0;0,0;0
1999-01-28;10000,0;10000,0;0,0;0
1999-01-29;10000,0;10000,0;0,0;0
1999-02-01;10000,0;10000,0;0,0;0
1999-02-02;10000,0;10000,0;0,0;0
1999-02-03;10000,0;10000,0;0,0;0
1999-02-04;10000,0;10000,0;0,0;0
1999-02-05;10000,0;10000,0;0,0;0
1999-02-08;10000,0;10000,0;0,0;0
1999-02-09;10000,0;10000,0;0,0;0
1999-02-10;10000,0;10000,0;0,0;0
1999-02-11;10000,0;10000,0;0,0;0
1999-02-12;10000,0;10000,0;0,0;0
1999-02-16;10000,0;10000,0;0,0;0
1999-02-17;10000,0;10000,0;0,0;0
1999-02-18;10000,0;10000,0;0,0;0
1999-02-19;10000,0;10000,0;0,0;0
1999-02-22;10000,0;10000,0;0,0;0
1999-02-23;10000,0;10000,0;0,0;0
1999-02-24;10000,0;10000,0;0,0;0
1999-02-25;10000,0;10000,0;0,0;0
1999-02-26;10000,0;10000,0;0,0;0
1999-03-01;10000,0;10000,0;0,0;0
1999-03-02;10000,0;10000,0;0,0;0
1999-03-03;10000,0;10000,0;0,0;0
1999-03-04;10000,0;10000,0;0,0;0
1999-03-05;10000,0;10000,0;0,0;0
1999-03-08;10000,0;10000,0;0,0;0
1999-03-09;10000,0;10000,0;0,0;0
1999-03-10;10000,0;10000,0;0,0;0
1999-03-11;10000,0;10000,0;0,0;0
1999-03-12;10000,0;10000,0;0,0;0
1999-03-15;10000,0;10000,0;0,0;0
1999-03-16;10000,0;10000,0;0,0;0
1999-03-17;10000,0;10000,0;0,0;0
1999-03-18;10000,0;10000,0;0,0;0
1999-03-19;10000,0;10000,0;0,0;0
1999-03-22;10000,0;10000,0;0,0;0
1999-03-23;10000,0;10000,0;0,0;0
1999-03-24;10000,0;10000,0;0,0;0
1999-03-25;10000,0;10000,0;0,0;0
1999-03-26;10000,0;10000,0;0,0;0
1999-03-29;10000,0;10000,0;0,0;0
1999-03-30;10000,0;10000,0;0,0;0
1999-03-31;10000,0;10000,0;0,0;0
1999-04-01;10000,0;10000,0;0,0;0
1999-04-05;10000,0;10000,0;0,0;0
1999-04-06;10000,0;10000,0;0,0;0
1999-04-07;10000,0;10000,0;0,0;0
1999-04-08;10000,0;10000,0;0,0;0
1999-04-09;10000,0;10000,0;0,0;0
1999-04-12;10000,0;10000,0;0,0;0
1999-04-13;10000,0;10000,0;0,0;0
1999-04-14;10000,0;10000,0;0,0;0
1999-04-15;10000,0;10000,0;0,0;0
1999-04-16;10000,0;10000,0;0,0;0
1999-04-19;10000,0;10000,0;0,0;0
1999-04-20;10000,0;10000,0;0,0;0
1999-04-21;10000,0;10000,0;0,0;0
1999-04-22;10000,0;10000,0;0,0;0
1999-04-23;10000,0;10000,0;0,0;0
1999-04-26;10000,0;10000,0;0,0;0
1999-04-27;10000,0;10000,0;0,0;0
1999-04-28;10000,0;10000,0;0,0;0
1999-04-29;10000,0;10000,0;0,0;0
1999-04-30;10000,0;10000,0;0,0;0
1999-05-03;10000,0;10000,0;0,0;0
1999-05-04;10000,0;10000,0;0,0;0
1999-05-05;10000,0;10000,0;0,0;0
1999-05-06;10000,0;10000,0;0,0;0
1999-05-07;10000,0;10000,0;0,0;0
1999-05-10;10000,0;10000,0;0,0;0
1999-05-11;10000,0;10000,0;0,0;0
1999-05-12;10000,0;10000,0;0,0;0
1999-05-13;10000,0;10000,0;0,0;0
1999-05-14;10000,0;10000,0;0,0;0
1999-05-17;10000,0;10000,0;0,0;0
1999-05-18;10000,0;10000,0;0,0;0
1999-05-19;10000,0;10000,0;0,0;0
1999-05-20;10000,0;10000,0;0,0;0
1999-05-21;10000,0;10000,0;0,0;0
1999-05-24;10000,0;10000,0;0,0;0
1999-05-25;10000,0;10000,0;0,0;0
1999-05-26;10000,0;10000,0;0,0;0
1999-05-27;10000,0;10000,0;0,0;0
1999-05-28;10000,0;10000,0;0,0;0
1999-06-01;10000,0;10000,0;0,0;0
1999-06-02;10000,0;10000,0;0,0;0
1999-06-03;10000,0;10000,0;0,0;0
1999-06-04;10000,0;10000,0;0,0;0
1999-06-07;10000,0;10000,0;0,0;0
1999-06-08;10000,0;10000,0;0,0;0
1999-06-09;10000,0;10000,0;0,0;0
1999-06-10;10000,0;10000,0;0,0;0
1999-06-11;10000,0;10000,0;0,0;0
1999-06-14;10000,0;10000,0;0,0;0
1999-06-15;10000,0;10000,0;0,0;0
1999-06-16;10000,0;10000,0;0,0;0
1999-06-17;10000,0;10000,0;0,0;0
1999-06-18;10000,0;10000,0;0,0;0
1999-06-21;10000,0;10000,0;0,0;0
1999-06-22;10000,0;10000,0;0,0;0
1999-06-23;10000,0;10000,0;0,0;0
1999-06-24;10000,0;10000,0;0,0;0
1999-06-25;10000,0;10000,0;0,0;0
1999-06-28;10000,0;10000,0;0,0;0
1999-06-29;10000,0;10000,0;0,0;0
1999-06-30;10000,0;10000,0;0,0;0
1999-07-01;10000,0;10000,0;0,0;0
1999-07-02;10000,0;10000,0;0,0;0
1999-07-06;10000,0;10000,0;0,0;0
1999-07-07;10000,0;10000,0;0,0;0
1999-07-08;10000,0;10000,0;0,0;0
1999-07-09;10000,0;10000,0;0,0;0
1999-07-12;10000,0;10000,0;0,0;0
1999-07-13;10000,0;10000,0;0,0;0
1999-07-14;10000,0;10000,0;0,0;0
1999-07-15;10000,0;10000,0;0,0;0
1999-07-16;10000,0;10000,0;0,0;0
1999-07-19;10000,0;10000,0;0,0;0
1999-07-20;10000,0;10000,0;0,0;0
1999-07-21;10000,0;10000,0;0,0;0
1999-07-22;10000,0;10000,0;0,0;0
1999-07-23;10000,0;10000,0;0,0;0
1999-07-26;10000,0;10000,0;0,0;0
1999-07-27;10000,0;10000,0;0,0;0
1999-07-28;10000,0;10000,0;0,0;0
1999-07-29;10000,0;10000,0;0,0;0
1999-07-30;10000,0;10000,0;0,0;0
1999-08-02;10000,0;10000,0;0,0;0
1999-08-03;10000,0;10000,0;0,0;0
1999-08-04;10000,0;10000,0;0,0;0
1999-08-05;10000,0;10000,0;0,0;0
1999-08-06;10000,0;10000,0;0,0;0
1999-08-09;10000,0;10000,0;0,0;0
1999-08-10;10000,0;10000,0;0,0;0
1999-08-11;10000,0;10000,0;0,0;0
1999-08-12;10000,0;10000,0;0,0;0
1999-08-13;10000,0;10000,0;0,0;0
1999-08-16;10000,0;10000,0;0,0;0
1999-08-17;10000,0;10000,0;0,0;0
1999-08-18;10000,0;10000,0;0,0;0
1999-08-19;10000,0;10000,0;0,0;0
1999-08-20;10000,0;10000,0;0,0;0
1999-08-23;10000,0;10000,0;0,0;0
1999-08-24;10000,0;10000,0;0,0;0
1999-08-25;10000,0;10000,0;0,0;0
1999-08-26;10000,0;10000,0;0,0;0
1999-08-27;10000,0;10000,0;0,0;0
1999-08-30;10000,0;10000,0;0,0;0
1999-08-31;10000,0;10000,0;0,0;0
1999-09-01;10000,0;10000,0;0,0;0
1999-09-02;10000,0;10000,0;0,0;0
1999-09-03;10000,0;10000,0;0,0;0
1999-09-07;10000,0;10000,0;0,0;0
1999-09-08;10000,0;10000,0;0,0;0
1999-09-09;10000,0;10000,0;0,0;0
1999-09-10;10000,0;10000,0;0,0;0
1999-09-13;10000,0;10000,0;0,0;0
1999-09-14;10000,0;10000,0;0,0;0
1999-09-15;10000,0;10000,0;0,0;0
1999-09-16;10000,0;10000,0;0,0;0
1999-09-17;10000,0;10000,0;0,0;0
1999-09-20;10000,0;10000,0;0,0;0
1999-09-21;10000,0;10000,0;0,0;0
1999-09-22;10000,0;10000,0;0,0;0
1999-09-23;10000,0;10000,0;0,0;0
1999-09-24;10000,0;10000,0;0,0;0
1999-09-27;10000,0;10000,0;0,0;0
1999-09-28;10000,0;10000,0;0,0;0
1999-09-29;10000,0;10000,0;0,0;0
1999-09-30;10000,0;10000,0;0,0;0
1999-10-01;10000,0;10000,0;0,0;0
1999-10-04;10000,0;10000,0;0,0;0
1999-10-05;10000,0;10000,0;0,0;0
1999-10-06;10000,0;10000,0;0,0;0
1999-10-07;10000,0;10000,0;0,0;0
1999-10-08;10000,0;10000,0;0,0;0
1999-10-11;10000,0;10000,0;0,0;0
1999-10-12;10000,0;10000,0;0,0;0
1999-10-13;10000,0;10000,0;0,0;0
1999-10-14;10000,0;10000,0;0,0;0
1999-10-15;10000,0;10000,0;0,0;0
1999-10-18;10000,0;10000,0;0,0;0
1999-10-19;10000,0;10000,0;0,0;0
1999-10-20;10000,0;10000,0;0,0;0
1999-10-21;10000,0;10000,0;0,0;0
1999-10-22;10000,0;10000,0;0,0;0
1999-10-25;10000,0;10000,0;0,0;0
1999-10-26;10000,0;10000,0;0,0;0
1999-10-27;10000,0;10000,0;0,0;0
1999-10-28;10000,0;10000,0;0,0;0
1999-10-29;10000,0;10000,0;0,0;0
1999-11-01;10000,0;10000,0;0,0;0
1999-11-02;10000,0;10000,0;0,0;0
1999-11-03;10000,0;10000,0;0,0;0
1999-11-04;10000,0;10000,0;0,0;0
1999-11-05;10000,0;10000,0;0,0;0
1999-11-08;10000,0;10000,0;0,0;0
1999-11-09;10000,0;10000,0;0,0;0
1999-11-10;10000,0;10000,0;0,0;0
1999-11-11;10000,0;10000,0;0,0;0
1999-11-12;10000,0;10000,0;0,0;0
1999-11-15;10000,0;10000,0;0,0;0
1999-11-16;10000,0;10000,0;0,0;0
1999-11-17;10000,0;10000,0;0,0;0
1999-11-18;10000,0;10000,0;0,0;0
1999-11-19;10000,0;10000,0;0,0;0
1999-11-22;10000,0;10000,0;0,0;0
1999-11-23;10000,0;10000,0;0,0;0
1999-11-24;10000,0;10000,0;0,0;0
1999-11-26;10000,0;10000,0;0,0;0
1999-11-29;10000,0;10000,0;0,0;0
1999-11-30;10000,0;10000,0;0,0;0
1999-12-01;10000,0;10000,0;0,0;0
1999-12-02;10000,0;10000,0;0,0;0
1999-12-03;10000,0;10000,0;0,0;0
1999-12-06;10000,0;10000,0;0,0;0
1999-12-07;10000,0;10000,0;0,0;0
1999-12-08;10000,0;10000,0;0,0;0
1999-12-09;10000,0;10000,0;0,0;0
1999-12-10;10000,0;10000,0;0,0;0
1999-12-13;10000,0;10000,0;0,0;0
1999-12-14;10000,0;10000,0;0,0;0
1999-12-15;10000,0;10000,0;0,0;0
1999-12-16;10000,0;10000,0;0,0;0
1999-12-17;10000,0;10000,0;0,0;0
1999-12-20;10000,0;10000,0;0,0;0
1999-12-21;10000,0;10000,0;0,0;0
1999-12-22;10000,0;10000,0;0,0;0
1999-12-23;10000,0;10000,0;0,0;0
1999-12-27;10000,0;10000,0;0,0;0
1999-12-28;10000,0;10000,0;0,0;0
1999-12-29;10000,0;10000,0;0,0;0
1999-12-30;10000,0;10000,0;0,0;0
1999-12-31;10000,0;10000,0;0,0;0
2000-01-03;10000,0;10000,0;0,0;0
2000-01-04;10000,0;10000,0;0,0;0
2000-01-05;10000,0;10000,0;0,0;0
2000-01-06;10000,0;10000,0;0,0;0
2000-01-07;10000,0;10000,0;0,0;0
2000-01-10;10000,0;10000,0;0,0;0
2000-01-11;10000,0;10000,0;0,0;0
2000-01-12;10000,0;10000,0;0,0;0
2000-01-13;10000,0;10000,0;0,0;0
2000-01-14;10000,0;10000,0;0,0;0
2000-01-18;10000,0;10000,0;0,0;0
2000-01-19;10000,0;10000,0;0,0;0
2000-01-20;10000,0;10000,0;0,0;0
2000-01-21;10000,0;10000,0;0,0;0
2000-01-24;10000,0;10000,0;0,0;0
2000-01-25;10000,0;10000,0;0,0;0
2000-01-26;10000,0;10000,0;0,0;0
2000-01-27;10000,0;10000,0;0,0;0
2000-01-28;10000,0;10000,0;0,0;0
2000-01-31;9988,000000000002;4988,000000000002;5000,0;15
2000-02-01;10170,866665316247;4988,000000000002;5182,866665316246;15
2000-02-02;10219,436338357915;5267,3345780272975;4952,101760330618;14
2000-02-03;10353,112434652277;5267,3345780272975;5085,777856624981;14
2000-02-04;10432,489001628765;5267,3345780272975;5165,154423601467;14
2000-02-07;10604,513711839343;5267,3345780272975;5337,179133812045;14
2000-02-08;10731,708820092048;5267,3345780272975;5464,374242064751;14
2000-02-09;10706,058131110083;5267,3345780272975;5438,723553082785;14
2000-02-10;11007,740185549144;5267,3345780272975;5740,405607521846;14
2000-02-11;10939,851697049126;5557,397676658341;5382,454020390785;13
2000-02-14;11024,60522722952;5557,397676658341;5467,20755057118;13
2000-02-15;11043,822939407943;5557,397676658341;5486,425262749603;13
2000-02-16;11077,240992499894;5557,397676658341;5519,843315841553;13
2000-02-17;11242,986057204995;5557,397676658341;5685,588380546653;13
2000-02-18;11185,946386611115;5557,397676658341;5628,548709952774;13
2000-02-22;11198,667589979577;5557,397676658341;5641,269913321235;13
2000-02-23;11694,0269698817;5557,397676658341;6136,629293223357;13
2000-02-24;11802,787215588167;5557,397676658341;6245,389538929826;13
2000-02-25;12023,886311391245;5557,397676658341;6466,488634732905;13
2000-02-28;11945,458359288144;8796,202740622439;3149,2556186657052;17
2000-02-29;12087,736589154869;8796,202740622439;3291,53384853243;17
2000-03-01;12155,175519879464;8796,202740622439;3358,9727792570256;17
2000-03-02;12141,575812363211;8927,194162674046;3214,3816496891654;16
2000-03-03;12287,567232642443;8927,194162674046;3360,3730699683965;16
2000-03-06;12421,242385350488;8927,194162674046;3494,0482226764425;16
2000-03-07;12462,325539589474;8927,194162674046;3535,1313769154267;16
2000-03-08;12363,898341573691;8927,194162674046;3436,704178899644;16
2000-03-09;12431,11276671174;8927,194162674046;3503,9186040376935;16
2000-03-10;12393,353109121339;8927,194162674046;3466,1589464472927;16
2000-03-13;12375,48347274205;9064,9808338894;3310,5026388526503;15
2000-03-14;12083,086621442533;9193,831604166437;2889,2550172760957;14
2000-03-15;12000,123970055238;9193,831604166437;2806,292365888801;14
2000-03-16;11995,582025916116;9193,831604166437;2801,75042174968;14
2000-03-17;12116,193024327158;9193,831604166437;2922,361420160722;14
2000-03-20;12021,133805496498;9193,831604166437;2827,3022013300615;14
2000-03-21;12092,609302191491;9193,831604166437;2898,777698025054;14
2000-03-22;12241,587782349274;9193,831604166437;3047,756178182838;14
2000-03-23;12240,2216277586;9193,831604166437;3046,3900235921633;14
2000-03-24;12258,052975641836;9193,831604166437;3064,2213714754002;14
2000-03-27;12230,475649736434;9193,831604166437;3036,644045569998;14
2000-03-28;12205,558467419072;9193,831604166437;3011,726863252636;14
2000-03-29;12063,53751435791;9193,831604166437;2869,7059101914733;14
2000-03-30;11938,980753087126;9193,831604166437;2745,1491489206883;14
2000-03-31;12027,36922683212;9193,831604166437;2833,537622665682;14
2000-04-03;11771,361371404835;2223,3896454635137;9547,971725941321;16
2000-04-04;11471,540272343882;3787,4565500898543;7684,0837222540285;13
2000-04-05;11821,753701805581;3787,4565500898543;8034,297151715727;13
2000-04-06;12105,921820039712;3787,4565500898543;8318,465269949858;13
2000-04-07;12553,44813780424;3787,4565500898543;8765,991587714387;13
2000-04-10;12120,747267848328;3787,4565500898543;8333,290717758475;13
2000-04-11;11904,209872587679;3787,4565500898543;8116,753322497823;13
2000-04-12;11451,03807133263;5391,432037848058;6059,606033484572;10
2000-04-13;11336,4531023128;5391,432037848058;5945,021064464741;10
2000-04-14;10799,59716474592;5925,906495992311;4873,690668753608;9
2000-04-17;11291,095968313542;5925,906495992311;5365,189472321232;9
2000-04-18;11868,798495222065;5925,906495992311;5942,891999229754;9
2000-04-19;11678,57953249197;5925,906495992311;5752,673036499661;9
2000-04-20;11657,549814919092;5925,906495992311;5731,643318926781;9
2000-04-24;11565,16389962365;5925,906495992311;5639,25740363134;9
2000-04-25;12006,464810729747;5925,906495992311;6080,5583147374355;9
2000-04-26;11796,730188724869;5925,906495992311;5870,823692732558;9
2000-04-27;12193,4403967;5925,906495992311;6267,53390070769;9
2000-04-28;12267,485209410524;5925,906495992311;6341,578713418214;9
2000-05-01;12349,989545022108;2459,1686670100557;9890,820878012053;15
2000-05-02;11960,494497947539;2459,1686670100557;9501,325830937483;15
2000-05-03;11531,002009146792;2940,8635901905736;8590,138418956218;14
2000-05-04;11860,489472987734;2940,8635901905736;8919,62588279716;14
2000-05-05;12256,821497110894;2940,8635901905736;9315,957906920321;14
2000-05-08;11878,573721243854;2940,8635901905736;8937,710131053282;14
2000-05-09;11635,331858455527;3528,5439146982394;8106,787943757287;13
2000-05-10;11216,096386495623;4099,775641006997;7116,320745488626;12
2000-05-11;11631,129063028084;4099,775641006997;7531,353422021087;12
2000-05-12;11595,259457075143;4099,775641006997;7495,483816068145;12
2000-05-15;11690,513424107441;4099,775641006997;7590,737783100443;12
2000-05-16;12008,984682671562;4099,775641006997;7909,209041664566;12
2000-05-17;12130,758437681738;4099,775641006997;8030,982796674741;12
2000-05-18;11870,29888211751;4099,775641006997;7770,523241110512;12
2000-05-19;11607,289774998786;4099,775641006997;7507,514133991788;12
2000-05-22;11582,35111812787;4099,775641006997;7482,575477120873;12
2000-05-23;11288,889025434035;4572,922596617182;6715,966428816853;11
2000-05-24;11282,79760423785;5648,773055529484;5634,024548708366;9
2000-05-25;11319,239963322598;5648,773055529484;5670,466907793115;9
2000-05-26;11358,382223292676;5648,773055529484;5709,609167763191;9
2000-05-30;11812,630088860742;9448,446623946304;2364,183464914439;15
2000-05-31;11856,42462903518;9448,446623946304;2407,978005088877;15
2000-06-01;11898,997661419684;9448,446623946304;2450,551037473381;15
2000-06-02;11968,421952261984;9448,446623946304;2519,975328315681;15
2000-06-05;11953,94160340583;9448,446623946304;2505,494979459527;15
2000-06-06;11928,64619907893;9448,446623946304;2480,1995751326267;15
2000-06-07;11933,42911789102;9448,446623946304;2484,9824939447176;15
2000-06-08;11942,15506862868;9448,446623946304;2493,7084446823765;15
2000-06-09;11969,233800289356;9448,446623946304;2520,787176343053;15
2000-06-12;11988,008007594311;9448,446623946304;2539,5613836480074;15
2000-06-13;12015,695465850318;9448,446623946304;2567,248841904014;15
2000-06-14;12027,374478578193;9448,446623946304;2578,9278546318883;15
2000-06-15;12068,94398698803;9584,123401462712;2484,820585525319;14
2000-06-16;12089,93722199369;9584,123401462712;2505,813820530979;14
2000-06-19;12171,556175532596;9584,123401462712;2587,432774069884;14
2000-06-20;12151,4058911569;9584,123401462712;2567,2824896941897;14
2000-06-21;12172,697903182767;9584,123401462712;2588,5745017200547;14
2000-06-22;12114,964583016823;9584,123401462712;2530,841181554112;14
2000-06-23;12037,187406489396;9584,123401462712;2453,064005026684;14
2000-06-26;12145,944513331804;9584,123401462712;2561,821111869092;14
2000-06-27;12105,279876432682;9584,123401462712;2521,15647496997;14
2000-06-28;12166,691476300744;9584,123401462712;2582,5680748380323;14
2000-06-29;12111,086898871668;9584,123401462712;2526,9634974089577;14
2000-06-30;12114,522828570663;9584,123401462712;2530,3994271079514;14
2000-07-03;12132,74005151357;2411,6215449409765;9721,118506572593;15
2000-07-05;12073,316704316607;2411,6215449409765;9661,69515937563;15
2000-07-06;12013,435280424383;2411,6215449409765;9601,813735483405;15
2000-07-07;12182,433017283547;2411,6215449409765;9770,811472342572;15
2000-07-10;12225,147611314318;2411,6215449409765;9813,52606637334;15
2000-07-11;12334,503325157762;2953,3806794503544;9381,122645707408;14
2000-07-12;12533,098924273509;2953,3806794503544;9579,718244823154;14
2000-07-13;12520,49172714245;2953,3806794503544;9567,111047692095;14
2000-07-14;12477,842231079438;2953,3806794503544;9524,461551629083;14
2000-07-17;12800,10757810594;2953,3806794503544;9846,726898655586;14
2000-07-18;12681,564991091698;2953,3806794503544;9728,184311641344;14
2000-07-19;12379,216969344398;2953,3806794503544;9425,836289894043;14
2000-07-20;12487,637688018318;2953,3806794503544;9534,257008567964;14
2000-07-21;12186,823533534272;2953,3806794503544;9233,442854083918;14
2000-07-24;11914,364905186922;2953,3806794503544;8960,984225736567;14
2000-07-25;11758,77347968947;2953,3806794503544;8805,392800239115;14
2000-07-26;11842,292978412874;2953,3806794503544;8888,91229896252;14
2000-07-27;11407,362301919464;3483,5978282989536;7923,76447362051;13
2000-07-28;11088,702827441412;4591,507223470601;6497,195603970811;11
2000-07-31;11218,007779798838;5978,709448019091;5239,298331779747;14
2000-08-01;11178,167270754235;6659,2337421583625;4518,933528595871;12
2000-08-02;11127,310667543756;7005,927827640293;4121,382839903463;11
2000-08-03;11177,210131236723;7005,927827640293;4171,28230359643;11
2000-08-04;11202,629023461905;7005,927827640293;4196,701195821613;11
2000-08-07;11285,656517325759;7348,130547495032;3937,525969830727;10
2000-08-08;11291,19118660649;8014,385040042041;3276,806146564448;8
2000-08-09;11146,254708108987;8290,613424020841;2855,6412840881453;7
2000-08-10;11148,67143518598;8290,613424020841;2858,0580111651384;7
2000-08-11;11155,39636784597;8290,613424020841;2864,782943825129;7
2000-08-14;11206,33287404083;8290,613424020841;2915,71945001999;7
2000-08-15;11238,713211868664;8290,613424020841;2948,099787847823;7
2000-08-16;11269,224084970683;8290,613424020841;2978,610660949842;7
2000-08-17;11298,095983001887;8290,613424020841;3007,482558981046;7
2000-08-18;11341,18001703236;8290,613424020841;3050,566593011519;7
2000-08-21;11383,780016206358;8290,613424020841;3093,1665921855165;7
2000-08-22;11343,483215965738;8290,613424020841;3052,8697919448978;7
2000-08-23;11381,586326566752;8290,613424020841;3090,9729025459114;7
2000-08-24;11399,652478656337;8290,613424020841;3109,0390546354956;7
2000-08-25;11444,270026033173;8290,613424020841;3153,656602012331;7
2000-08-28;11509,61710067069;2290,4306518554486;9219,186448815242;15
2000-08-29;11418,7733493337;2290,4306518554486;9128,342697478252;15
2000-08-30;11519,905586547455;2829,615040881263;8690,290545666192;14
2000-08-31;11686,607860590535;2829,615040881263;8856,992819709272;14
2000-09-01;11859,631456873327;2829,615040881263;9030,016415992064;14
2000-09-05;11578,75057205845;2829,615040881263;8749,135531177188;14
2000-09-06;11332,764084005446;2829,615040881263;8503,149043124184;14
2000-09-07;11427,140759316224;3381,438664961548;8045,702094354676;13
2000-09-08;11335,733291531538;3381,438664961548;7954,29462656999;13
2000-09-11;11242,765388686475;3381,438664961548;7861,326723724927;13
2000-09-12;11185,843695518755;3381,438664961548;7804,405030557207;13
2000-09-13;11169,103631175754;3381,438664961548;7787,664966214206;13
2000-09-14;11299,646743305133;3381,438664961548;7918,208078343586;13
2000-09-15;11427,367021754304;3381,438664961548;8045,928356792757;13
2000-09-18;11027,432711229492;3934,464519159655;7092,968192069837;12
2000-09-19;11203,856267762996;3934,464519159655;7269,3917486033415;12
2000-09-20;11214,551690477234;3934,464519159655;7280,087171317579;12
2000-09-21;11256,951745372215;3934,464519159655;7322,487226212559;12
2000-09-22;11466,073444091955;3934,464519159655;7531,6089249323;12
2000-09-25;11594,375928848238;3934,464519159655;7659,911409688582;12
2000-09-26;11519,036904500885;3934,464519159655;7584,57238534123;12
2000-09-27;11586,4513643983;3934,464519159655;7651,986845238644;12
2000-09-28;11755,460673267986;3934,464519159655;7820,99615410833;12
2000-09-29;11679,047214609187;3934,464519159655;7744,582695449532;12
2000-10-02;11507,243592622232;5749,1065861740735;5758,137006448157;15
2000-10-03;11432,792679699029;5749,1065861740735;5683,686093524954;15
2000-10-04;11346,868750063695;5749,1065861740735;5597,762163889621;15
2000-10-05;11259,677381889167;5749,1065861740735;5510,5707957150935;15
2000-10-06;11198,349594350253;5749,1065861740735;5449,2430081761795;15
2000-10-09;11213,203585422893;5749,1065861740735;5464,096999248819;15
2000-10-10;11204,374029551946;6086,585302084907;5117,788727467039;14
2000-10-11;11168,294377704897;6086,585302084907;5081,709075619989;14
2000-10-12;11035,192558351477;6429,964094597709;4605,228463753768;13
2000-10-13;11096,021172242716;6429,964094597709;4666,057077645008;13
2000-10-16;11220,233162369506;6429,964094597709;4790,269067771797;13
2000-10-17;11233,027600281093;6429,964094597709;4803,063505683385;13
2000-10-18;11145,988026662239;6429,964094597709;4716,023932064529;13
2000-10-19;11205,743279111157;6429,964094597709;4775,779184513448;13
2000-10-20;11166,856909015396;6429,964094597709;4736,892814417687;13
2000-10-23;11170,546321817565;6429,964094597709;4740,582227219857;13
2000-10-24;11118,820954058152;6745,172420075308;4373,648533982844;12
2000-10-25;10914,483001995877;7024,4808450556;3890,0021569402766;11
2000-10-26;10901,183601597888;7640,29253796006;3260,891063637827;9
2000-10-27;10855,290511082969;7640,29253796006;3214,997973122909;9
2000-10-30;10919,598335532617;8050,558611764801;2869,039723767816;17
2000-10-31;10964,233714266542;8050,558611764801;2913,675102501741;17
2000-11-01;10962,003490865212;8050,558611764801;2911,4448791004106;17
2000-11-02;11009,530471836599;8181,133274159724;2828,397197676874;16
2000-11-03;11025,807713939854;8181,133274159724;2844,6744397801294;16
2000-11-06;11040,809162363146;8181,133274159724;2859,6758882034214;16
2000-11-07;11056,454812867967;8181,133274159724;2875,321538708242;16
2000-11-08;11106,258709950544;8181,133274159724;2925,1254357908197;16
2000-11-09;11090,11258206011;8181,133274159724;2908,9793079003857;16
2000-11-10;11031,748411517523;8181,133274159724;2850,6151373577986;16
2000-11-13;10920,892796550059;8181,133274159724;2739,759522390335;16
2000-11-14;11006,675763502659;8181,133274159724;2825,5424893429335;16
2000-11-15;11048,34854814118;8181,133274159724;2867,2152739814555;16
2000-11-16;11028,971726527274;8181,133274159724;2847,83845236755;16
2000-11-17;11052,40440971903;8181,133274159724;2871,2711355593055;16
2000-11-20;10945,705186174575;8181,133274159724;2764,5719120148497;16
2000-11-21;10941,72196356518;8181,133274159724;2760,5886894054556;16
2000-11-22;10890,615171655576;8310,190621663956;2580,424549991619;15
2000-11-24;10936,22937711298;8310,190621663956;2626,0387554490244;15
2000-11-27;10943,651832745449;10943,651832745449;0,0;0
2000-11-28;10943,651832745449;10943,651832745449;0,0;0
2000-11-29;10943,651832745449;10943,651832745449;0,0;0
2000-11-30;10943,651832745449;10943,651832745449;0,0;0
2000-12-01;10943,651832745449;10943,651832745449;0,0;0
2000-12-04;10943,651832745449;10943,651832745449;0,0;0
2000-12-05;10943,651832745449;10943,651832745449;0,0;0
2000-12-06;10943,651832745449;10943,651832745449;0,0;0
2000-12-07;10943,651832745449;10943,651832745449;0,0;0
2000-12-08;10943,651832745449;10943,651832745449;0,0;0
2000-12-11;10943,651832745449;10943,651832745449;0,0;0
2000-12-12;10943,651832745449;10943,651832745449;0,0;0
2000-12-13;10943,651832745449;10943,651832745449;0,0;0
2000-12-14;10943,651832745449;10943,651832745449;0,0;0
2000-12-15;10943,651832745449;10943,651832745449;0,0;0
2000-12-18;10943,651832745449;10943,651832745449;0,0;0
2000-12-19;10943,651832745449;10943,651832745449;0,0;0
2000-12-20;10943,651832745449;10943,651832745449;0,0;0
2000-12-21;10943,651832745449;10943,651832745449;0,0;0
2000-12-22;10943,651832745449;10943,651832745449;0,0;0
2000-12-26;10943,651832745449;10943,651832745449;0,0;0
2000-12-27;10943,651832745449;10943,651832745449;0,0;0
2000-12-28;10943,651832745449;10943,651832745449;0,0;0
2000-12-29;10943,651832745449;10943,651832745449;0,0;0
2001-01-02;10943,651832745449;10943,651832745449;0,0;0
2001-01-03;10943,651832745449;10943,651832745449;0,0;0
2001-01-04;10943,651832745449;10943,651832745449;0,0;0
2001-01-05;10943,651832745449;10943,651832745449;0,0;0
2001-01-08;10943,651832745449;10943,651832745449;0,0;0
2001-01-09;10943,651832745449;10943,651832745449;0,0;0
2001-01-10;10943,651832745449;10943,651832745449;0,0;0
2001-01-11;10943,651832745449;10943,651832745449;0,0;0
2001-01-12;10943,651832745449;10943,651832745449;0,0;0
2001-01-16;10943,651832745449;10943,651832745449;0,0;0
2001-01-17;10943,651832745449;10943,651832745449;0,0;0
2001-01-18;10943,651832745449;10943,651832745449;0,0;0
2001-01-19;10943,651832745449;10943,651832745449;0,0;0
2001-01-22;10943,651832745449;10943,651832745449;0,0;0
2001-01-23;10943,651832745449;10943,651832745449;0,0;0
2001-01-24;10943,651832745449;10943,651832745449;0,0;0
2001-01-25;10943,651832745449;10943,651832745449;0,0;0
2001-01-26;10943,651832745449;10943,651832745449;0,0;0
2001-01-29;10943,651832745449;10943,651832745449;0,0;0
2001-01-30;10943,651832745449;10943,651832745449;0,0;0
2001-01-31;10943,651832745449;10943,651832745449;0,0;0
2001-02-01;10943,651832745449;10943,651832745449;0,0;0
2001-02-02;10943,651832745449;10943,651832745449;0,0;0
2001-02-05;10943,651832745449;10943,651832745449;0,0;0
2001-02-06;10943,651832745449;10943,651832745449;0,0;0
2001-02-07;10943,651832745449;10943,651832745449;0,0;0
2001-02-08;10943,651832745449;10943,651832745449;0,0;0
2001-02-09;10943,651832745449;10943,651832745449;0,0;0
2001-02-12;10943,651832745449;10943,651832745449;0,0;0
2001-02-13;10943,651832745449;10943,651832745449;0,0;0
2001-02-14;10943,651832745449;10943,651832745449;0,0;0
2001-02-15;10943,651832745449;10943,651832745449;0,0;0
2001-02-16;10943,651832745449;10943,651832745449;0,0;0
2001-02-20;10943,651832745449;10943,651832745449;0,0;0
2001-02-21;10943,651832745449;10943,651832745449;0,0;0
2001-02-22;10943,651832745449;10943,651832745449;0,0;0
2001-02-23;10943,651832745449;10943,651832745449;0,0;0
2001-02-26;10943,651832745449;10943,651832745449;0,0;0
2001-02-27;10943,651832745449;10943,651832745449;0,0;0
2001-02-28;10943,651832745449;10943,651832745449;0,0;0
2001-03-01;10943,651832745449;10943,651832745449;0,0;0
2001-03-02;10943,651832745449;10943,651832745449;0,0;0
2001-03-05;10943,651832745449;10943,651832745449;0,0;0
2001-03-06;10943,651832745449;10943,651832745449;0,0;0
2001-03-07;10943,651832745449;10943,651832745449;0,0;0
2001-03-08;10943,651832745449;10943,651832745449;0,0;0
2001-03-09;10943,651832745449;10943,651832745449;0,0;0
2001-03-12;10943,651832745449;10943,651832745449;0,0;0
2001-03-13;10943,651832745449;10943,651832745449;0,0;0
2001-03-14;10943,651832745449;10943,651832745449;0,0;0
2001-03-15;10943,651832745449;10943,651832745449;0,0;0
2001-03-16;10943,651832745449;10943,651832745449;0,0;0
2001-03-19;10943,651832745449;10943,651832745449;0,0;0
2001-03-20;10943,651832745449;10943,651832745449;0,0;0
2001-03-21;10943,651832745449;10943,651832745449;0,0;0
2001-03-22;10943,651832745449;10943,651832745449;0,0;0
2001-03-23;10943,651832745449;10943,651832745449;0,0;0
2001-03-26;10943,651832745449;10943,651832745449;0,0;0
2001-03-27;10943,651832745449;10943,651832745449;0,0;0
2001-03-28;10943,651832745449;10943,651832745449;0,0;0
2001-03-29;10943,651832745449;10943,651832745449;0,0;0
2001-03-30;10943,651832745449;10943,651832745449;0,0;0
2001-04-02;10943,651832745449;10943,651832745449;0,0;0
2001-04-03;10943,651832745449;10943,651832745449;0,0;0
2001-04-04;10943,651832745449;10943,651832745449;0,0;0
2001-04-05;10943,651832745449;10943,651832745449;0,0;0
2001-04-06;10943,651832745449;10943,651832745449;0,0;0
2001-04-09;10943,651832745449;10943,651832745449;0,0;0
2001-04-10;10943,651832745449;10943,651832745449;0,0;0
2001-04-11;10943,651832745449;10943,651832745449;0,0;0
2001-04-12;10943,651832745449;10943,651832745449;0,0;0
2001-04-16;10943,651832745449;10943,651832745449;0,0;0
2001-04-17;10943,651832745449;10943,651832745449;0,0;0
2001-04-18;10943,651832745449;10943,651832745449;0,0;0
2001-04-19;10943,651832745449;10943,651832745449;0,0;0
2001-04-20;10943,651832745449;10943,651832745449;0,0;0
2001-04-23;10943,651832745449;10943,651832745449;0,0;0
2001-04-24;10943,651832745449;10943,651832745449;0,0;0
2001-04-25;10943,651832745449;10943,651832745449;0,0;0
2001-04-26;10943,651832745449;10943,651832745449;0,0;0
2001-04-27;10943,651832745449;10943,651832745449;0,0;0
2001-04-30;10943,651832745449;10943,651832745449;0,0;0
2001-05-01;10943,651832745449;10943,651832745449;0,0;0
2001-05-02;10943,651832745449;10943,651832745449;0,0;0
2001-05-03;10943,651832745449;10943,651832745449;0,0;0
2001-05-04;10943,651832745449;10943,651832745449;0,0;0
2001-05-07;10943,651832745449;10943,651832745449;0,0;0
2001-05-08;10943,651832745449;10943,651832745449;0,0;0
2001-05-09;10943,651832745449;10943,651832745449;0,0;0
2001-05-10;10943,651832745449;10943,651832745449;0,0;0
2001-05-11;10943,651832745449;10943,651832745449;0,0;0
2001-05-14;10943,651832745449;10943,651832745449;0,0;0
2001-05-15;10943,651832745449;10943,651832745449;0,0;0
2001-05-16;10943,651832745449;10943,651832745449;0,0;0
2001-05-17;10943,651832745449;10943,651832745449;0,0;0
2001-05-18;10943,651832745449;10943,651832745449;0,0;0
2001-05-21;10943,651832745449;10943,651832745449;0,0;0
2001-05-22;10943,651832745449;10943,651832745449;0,0;0
2001-05-23;10943,651832745449;10943,651832745449;0,0;0
2001-05-24;10943,651832745449;10943,651832745449;0,0;0
2001-05-25;10943,651832745449;10943,651832745449;0,0;0
2001-05-29;10943,651832745449;10943,651832745449;0,0;0
2001-05-30;10943,651832745449;10943,651832745449;0,0;0
2001-05-31;10943,651832745449;10943,651832745449;0,0;0
2001-06-01;10943,651832745449;10943,651832745449;0,0;0
2001-06-04;10943,651832745449;10943,651832745449;0,0;0
2001-06-05;10943,651832745449;10943,651832745449;0,0;0
2001-06-06;10943,651832745449;10943,651832745449;0,0;0
2001-06-07;10943,651832745449;10943,651832745449;0,0;0
2001-06-08;10943,651832745449;10943,651832745449;0,0;0
2001-06-11;10943,651832745449;10943,651832745449;0,0;0
2001-06-12;10943,651832745449;10943,651832745449;0,0;0
2001-06-13;10943,651832745449;10943,651832745449;0,0;0
2001-06-14;10943,651832745449;10943,651832745449;0,0;0
2001-06-15;10943,651832745449;10943,651832745449;0,0;0
2001-06-18;10943,651832745449;10943,651832745449;0,0;0
2001-06-19;10943,651832745449;10943,651832745449;0,0;0
2001-06-20;10943,651832745449;10943,651832745449;0,0;0
2001-06-21;10943,651832745449;10943,651832745449;0,0;0
2001-06-22;10943,651832745449;10943,651832745449;0,0;0
2001-06-25;10943,651832745449;10943,651832745449;0,0;0
2001-06-26;10943,651832745449;10943,651832745449;0,0;0
2001-06-27;10943,651832745449;10943,651832745449;0,0;0
2001-06-28;10943,651832745449;10943,651832745449;0,0;0
2001-06-29;10943,651832745449;10943,651832745449;0,0;0
2001-07-02;10943,651832745449;10943,651832745449;0,0;0
2001-07-03;10943,651832745449;10943,651832745449;0,0;0
2001-07-05;10943,651832745449;10943,651832745449;0,0;0
2001-07-06;10943,651832745449;10943,651832745449;0,0;0
2001-07-09;10943,651832745449;10943,651832745449;0,0;0
2001-07-10;10943,651832745449;10943,651832745449;0,0;0
2001-07-11;10943,651832745449;10943,651832745449;0,0;0
2001-07-12;10943,651832745449;10943,651832745449;0,0;0
2001-07-13;10943,651832745449;10943,651832745449;0,0;0
2001-07-16;10943,651832745449;10943,651832745449;0,0;0
2001-07-17;10943,651832745449;10943,651832745449;0,0;0
2001-07-18;10943,651832745449;10943,651832745449;0,0;0
2001-07-19;10943,651832745449;10943,651832745449;0,0;0
2001-07-20;10943,651832745449;10943,651832745449;0,0;0
2001-07-23;10943,651832745449;10943,651832745449;0,0;0
2001-07-24;10943,651832745449;10943,651832745449;0,0;0
2001-07-25;10943,651832745449;10943,651832745449;0,0;0
2001-07-26;10943,651832745449;10943,651832745449;0,0;0
2001-07-27;10943,651832745449;10943,651832745449;0,0;0
2001-07-30;10943,651832745449;10943,651832745449;0,0;0
2001-07-31;10943,651832745449;10943,651832745449;0,0;0
2001-08-01;10943,651832745449;10943,651832745449;0,0;0
2001-08-02;10943,651832745449;10943,651832745449;0,0;0
2001-08-03;10943,651832745449;10943,651832745449;0,0;0
2001-08-06;10943,651832745449;10943,651832745449;0,0;0
2001-08-07;10943,651832745449;10943,651832745449;0,0;0
2001-08-08;10943,651832745449;10943,651832745449;0,0;0
2001-08-09;10943,651832745449;10943,651832745449;0,0;0
2001-08-10;10943,651832745449;10943,651832745449;0,0;0
2001-08-13;10943,651832745449;10943,651832745449;0,0;0
2001-08-14;10943,651832745449;10943,651832745449;0,0;0
2001-08-15;10943,651832745449;10943,651832745449;0,0;0
2001-08-16;10943,651832745449;10943,651832745449;0,0;0
2001-08-17;10943,651832745449;10943,651832745449;0,0;0
2001-08-20;10943,651832745449;10943,651832745449;0,0;0
2001-08-21;10943,651832745449;10943,651832745449;0,0;0
2001-08-22;10943,651832745449;10943,651832745449;0,0;0
2001-08-23;10943,651832745449;10943,651832745449;0,0;0
2001-08-24;10943,651832745449;10943,651832745449;0,0;0
2001-08-27;10943,651832745449;10943,651832745449;0,0;0
2001-08-28;10943,651832745449;10943,651832745449;0,0;0
2001-08-29;10943,651832745449;10943,651832745449;0,0;0
2001-08-30;10943,651832745449;10943,651832745449;0,0;0
2001-08-31;10943,651832745449;10943,651832745449;0,0;0
2001-09-04;10943,651832745449;10943,651832745449;0,0;0
2001-09-05;10943,651832745449;10943,651832745449;0,0;0
2001-09-06;10943,651832745449;10943,651832745449;0,0;0
2001-09-07;10943,651832745449;10943,651832745449;0,0;0
2001-09-10;10943,651832745449;10943,651832745449;0,0;0
2001-09-17;10943,651832745449;10943,651832745449;0,0;0
2001-09-18;10943,651832745449;10943,651832745449;0,0;0
2001-09-19;10943,651832745449;10943,651832745449;0,0;0
2001-09-20;10943,651832745449;10943,651832745449;0,0;0
2001-09-21;10943,651832745449;10943,651832745449;0,0;0
2001-09-24;10943,651832745449;10943,651832745449;0,0;0
2001-09-25;10943,651832745449;10943,651832745449;0,0;0
2001-09-26;10943,651832745449;10943,651832745449;0,0;0
2001-09-27;10943,651832745449;10943,651832745449;0,0;0
2001-09-28;10943,651832745449;10943,651832745449;0,0;0
2001-10-01;10943,651832745449;10943,651832745449;0,0;0
2001-10-02;10943,651832745449;10943,651832745449;0,0;0
2001-10-03;10943,651832745449;10943,651832745449;0,0;0
2001-10-04;10943,651832745449;10943,651832745449;0,0;0
2001-10-05;10943,651832745449;10943,651832745449;0,0;0
2001-10-08;10943,651832745449;10943,651832745449;0,0;0
2001-10-09;10943,651832745449;10943,651832745449;0,0;0
2001-10-10;10943,651832745449;10943,651832745449;0,0;0
2001-10-11;10943,651832745449;10943,651832745449;0,0;0
2001-10-12;10943,651832745449;10943,651832745449;0,0;0
2001-10-15;10943,651832745449;10943,651832745449;0,0;0
2001-10-16;10943,651832745449;10943,651832745449;0,0;0
2001-10-17;10943,651832745449;10943,651832745449;0,0;0
2001-10-18;10943,651832745449;10943,651832745449;0,0;0
2001-10-19;10943,651832745449;10943,651832745449;0,0;0
2001-10-22;10943,651832745449;10943,651832745449;0,0;0
2001-10-23;10943,651832745449;10943,651832745449;0,0;0
2001-10-24;10943,651832745449;10943,651832745449;0,0;0
2001-10-25;10943,651832745449;10943,651832745449;0,0;0
2001-10-26;10943,651832745449;10943,651832745449;0,0;0
2001-10-29;10943,651832745449;10943,651832745449;0,0;0
2001-10-30;10943,651832745449;10943,651832745449;0,0;0
2001-10-31;10943,651832745449;10943,651832745449;0,0;0
2001-11-01;10943,651832745449;10943,651832745449;0,0;0
2001-11-02;10943,651832745449;10943,651832745449;0,0;0
2001-11-05;10943,651832745449;10943,651832745449;0,0;0
2001-11-06;10943,651832745449;10943,651832745449;0,0;0
2001-11-07;10943,651832745449;10943,651832745449;0,0;0
2001-11-08;10943,651832745449;10943,651832745449;0,0;0
2001-11-09;10943,651832745449;10943,651832745449;0,0;0
2001-11-12;10943,651832745449;10943,651832745449;0,0;0
2001-11-13;10943,651832745449;10943,651832745449;0,0;0
2001-11-14;10943,651832745449;10943,651832745449;0,0;0
2001-11-15;10943,651832745449;10943,651832745449;0,0;0
2001-11-16;10943,651832745449;10943,651832745449;0,0;0
2001-11-19;10943,651832745449;10943,651832745449;0,0;0
2001-11-20;10943,651832745449;10943,651832745449;0,0;0
2001-11-21;10943,651832745449;10943,651832745449;0,0;0
2001-11-23;10943,651832745449;10943,651832745449;0,0;0
2001-11-26;10943,651832745449;10943,651832745449;0,0;0
2001-11-27;10943,651832745449;10943,651832745449;0,0;0
2001-11-28;10943,651832745449;10943,651832745449;0,0;0
2001-11-29;10943,651832745449;10943,651832745449;0,0;0
2001-11-30;10943,651832745449;10943,651832745449;0,0;0
2001-12-03;10943,651832745449;10943,651832745449;0,0;0
2001-12-04;10943,651832745449;10943,651832745449;0,0;0
2001-12-05;10943,651832745449;10943,651832745449;0,0;0
2001-12-06;10943,651832745449;10943,651832745449;0,0;0
2001-12-07;10943,651832745449;10943,651832745449;0,0;0
2001-12-10;10943,651832745449;10943,651832745449;0,0;0
2001-12-11;10943,651832745449;10943,651832745449;0,0;0
2001-12-12;10943,651832745449;10943,651832745449;0,0;0
2001-12-13;10943,651832745449;10943,651832745449;0,0;0
2001-12-14;10943,651832745449;10943,651832745449;0,0;0
2001-12-17;10943,651832745449;10943,651832745449;0,0;0
2001-12-18;10943,651832745449;10943,651832745449;0,0;0
2001-12-19;10943,651832745449;10943,651832745449;0,0;0
2001-12-20;10943,651832745449;10943,651832745449;0,0;0
2001-12-21;10943,651832745449;10943,651832745449;0,0;0
2001-12-24;10943,651832745449;10943,651832745449;0,0;0
2001-12-26;10943,651832745449;10943,651832745449;0,0;0
2001-12-27;10943,651832745449;10943,651832745449;0,0;0
2001-12-28;10943,651832745449;10943,651832745449;0,0;0
2001-12-31;10943,651832745449;10943,651832745449;0,0;0
2002-01-02;10943,651832745449;10943,651832745449;0,0;0
2002-01-03;10943,651832745449;10943,651832745449;0,0;0
2002-01-04;10943,651832745449;10943,651832745449;0,0;0
2002-01-07;10943,651832745449;10943,651832745449;0,0;0
2002-01-08;10943,651832745449;10943,651832745449;0,0;0
2002-01-09;10943,651832745449;10943,651832745449;0,0;0
2002-01-10;10943,651832745449;10943,651832745449;0,0;0
2002-01-11;10943,651832745449;10943,651832745449;0,0;0
2002-01-14;10943,651832745449;10943,651832745449;0,0;0
2002-01-15;10943,651832745449;10943,651832745449;0,0;0
2002-01-16;10943,651832745449;10943,651832745449;0,0;0
2002-01-17;10943,651832745449;10943,651832745449;0,0;0
2002-01-18;10943,651832745449;10943,651832745449;0,0;0
2002-01-22;10943,651832745449;10943,651832745449;0,0;0
2002-01-23;10943,651832745449;10943,651832745449;0,0;0
2002-01-24;10943,651832745449;10943,651832745449;0,0;0
2002-01-25;10943,651832745449;10943,651832745449;0,0;0
2002-01-28;10943,651832745449;10943,651832745449;0,0;0
2002-01-29;10943,651832745449;10943,651832745449;0,0;0
2002-01-30;10943,651832745449;10943,651832745449;0,0;0
2002-01-31;10943,651832745449;10943,651832745449;0,0;0
2002-02-01;10943,651832745449;10943,651832745449;0,0;0
2002-02-04;10943,651832745449;10943,651832745449;0,0;0
2002-02-05;10943,651832745449;10943,651832745449;0,0;0
2002-02-06;10943,651832745449;10943,651832745449;0,0;0
2002-02-07;10943,651832745449;10943,651832745449;0,0;0
2002-02-08;10943,651832745449;10943,651832745449;0,0;0
2002-02-11;10943,651832745449;10943,651832745449;0,0;0
2002-02-12;10943,651832745449;10943,651832745449;0,0;0
2002-02-13;10943,651832745449;10943,651832745449;0,0;0
2002-02-14;10943,651832745449;10943,651832745449;0,0;0
2002-02-15;10943,651832745449;10943,651832745449;0,0;0
2002-02-19;10943,651832745449;10943,651832745449;0,0;0
2002-02-20;10943,651832745449;10943,651832745449;0,0;0
2002-02-21;10943,651832745449;10943,651832745449;0,0;0
2002-02-22;10943,651832745449;10943,651832745449;0,0;0
2002-02-25;10943,651832745449;10943,651832745449;0,0;0
2002-02-26;10943,651832745449;10943,651832745449;0,0;0
2002-02-27;10943,651832745449;10943,651832745449;0,0;0
2002-02-28;10943,651832745449;10943,651832745449;0,0;0
2002-03-01;10943,651832745449;10943,651832745449;0,0;0
2002-03-04;10943,651832745449;10943,651832745449;0,0;0
2002-03-05;10943,651832745449;10943,651832745449;0,0;0
2002-03-06;10943,651832745449;10943,651832745449;0,0;0
2002-03-07;10943,651832745449;10943,651832745449;0,0;0
2002-03-08;10943,651832745449;10943,651832745449;0,0;0
2002-03-11;10943,651832745449;10943,651832745449;0,0;0
2002-03-12;10943,651832745449;10943,651832745449;0,0;0
2002-03-13;10943,651832745449;10943,651832745449;0,0;0
2002-03-14;10943,651832745449;10943,651832745449;0,0;0
2002-03-15;10943,651832745449;10943,651832745449;0,0;0
2002-03-18;10943,651832745449;10943,651832745449;0,0;0
2002-03-19;10943,651832745449;10943,651832745449;0,0;0
2002-03-20;10943,651832745449;10943,651832745449;0,0;0
2002-03-21;10943,651832745449;10943,651832745449;0,0;0
2002-03-22;10943,651832745449;10943,651832745449;0,0;0
2002-03-25;10943,651832745449;10943,651832745449;0,0;0
2002-03-26;10943,651832745449;10943,651832745449;0,0;0
2002-03-27;10943,651832745449;10943,651832745449;0,0;0
2002-03-28;10943,651832745449;10943,651832745449;0,0;0
2002-04-01;10930,519450546151;5458,693534173428;5471,8259163727225;15
2002-04-02;10840,915583267963;5458,693534173428;5382,222049094535;15
2002-04-03;10839,682768751007;5458,693534173428;5380,989234577579;15
2002-04-04;10786,30143417203;6054,529621694233;4731,771812477796;13
2002-04-05;10823,453073569734;6054,529621694233;4768,923451875501;13
2002-04-08;10887,600700569648;6054,529621694233;4833,071078875415;13
2002-04-09;10873,43105203562;6054,529621694233;4818,901430341386;13
2002-04-10;10960,917951862724;6054,529621694233;4906,388330168491;13
2002-04-11;10888,546485015622;6054,529621694233;4834,016863321389;13
2002-04-12;10962,14055764144;6054,529621694233;4907,6109359472075;13
2002-04-15;10999,056264353832;6054,529621694233;4944,5266426596;13
2002-04-16;11089,171378788342;6054,529621694233;5034,6417570941085;13
2002-04-17;11124,641438887003;6054,529621694233;5070,111817192769;13
2002-04-18;11121,27894287761;6054,529621694233;5066,749321183377;13
2002-04-19;11113,667855219617;6054,529621694233;5059,138233525384;13
2002-04-22;11112,088919259539;6054,529621694233;5057,559297565304;13
2002-04-23;11138,406611104063;6054,529621694233;5083,876989409829;13
2002-04-24;11092,070673141767;6054,529621694233;5037,541051447533;13
2002-04-25;11097,207081609098;6054,529621694233;5042,677459914865;13
2002-04-26;11084,670660668708;6054,529621694233;5030,141038974473;13
2002-04-29;11040,175623717612;7331,026568630363;3709,149055087249;19
2002-04-30;11089,508770248283;7461,111805530848;3628,396964717435;18
2002-05-01;11103,775153727267;7461,111805530848;3642,6633481964186;18
2002-05-02;11114,163890577875;7461,111805530848;3653,0520850470266;18
2002-05-03;11124,146998792492;7461,111805530848;3663,0351932616436;18
2002-05-06;11053,969822910693;7764,372551177289;3289,597271733403;17
2002-05-07;11035,1664698225;7764,372551177289;3270,793918645211;17
2002-05-08;11069,501698258242;7764,372551177289;3305,1291470809538;17
2002-05-09;11048,241392063534;7764,372551177289;3283,8688408862436;17
2002-05-10;11000,993128085942;7764,372551177289;3236,6205769086537;17
2002-05-13;11018,331510999878;7764,372551177289;3253,9589598225893;17
2002-05-14;11034,02286514122;7764,372551177289;3269,6503139639303;17
2002-05-15;11022,239310369077;7764,372551177289;3257,8667591917883;17
2002-05-16;11019,698133069916;7898,773593634026;3120,9245394358904;16
2002-05-17;11028,920509559855;7898,773593634026;3130,146915925829;16
2002-05-20;11030,875326540654;7898,773593634026;3132,1017329066285;16
2002-05-21;10995,341121548887;7898,773593634026;3096,5675279148613;16
2002-05-22;10992,800700088177;7898,773593634026;3094,027106454152;16
2002-05-23;11051,877819953894;7898,773593634026;3153,104226319868;16
2002-05-24;11032,812555003055;7898,773593634026;3134,0389613690286;16
2002-05-28;11037,353064077532;7898,773593634026;3138,5794704435057;16
2002-05-29;11011,109149455546;7898,773593634026;3112,33555582152;16
2002-05-30;11002,751762417325;7898,773593634026;3103,978168783299;16
2002-05-31;11043,753270490954;7898,773593634026;3144,9796768569277;16
2002-06-03;10995,80815889635;10995,80815889635;0,0;0
2002-06-04;10995,80815889635;10995,80815889635;0,0;0
2002-06-05;10995,80815889635;10995,80815889635;0,0;0
2002-06-06;10995,80815889635;10995,80815889635;0,0;0
2002-06-07;10995,80815889635;10995,80815889635;0,0;0
2002-06-10;10995,80815889635;10995,80815889635;0,0;0
2002-06-11;10995,80815889635;10995,80815889635;0,0;0
2002-06-12;10995,80815889635;10995,80815889635;0,0;0
2002-06-13;10995,80815889635;10995,80815889635;0,0;0
2002-06-14;10995,80815889635;10995,80815889635;0,0;0
2002-06-17;10995,80815889635;10995,80815889635;0,0;0
2002-06-18;10995,80815889635;10995,80815889635;0,0;0
2002-06-19;10995,80815889635;10995,80815889635;0,0;0
2002-06-20;10995,80815889635;10995,80815889635;0,0;0
2002-06-21;10995,80815889635;10995,80815889635;0,0;0
2002-06-24;10995,80815889635;10995,80815889635;0,0;0
2002-06-25;10995,80815889635;10995,80815889635;0,0;0
2002-06-26;10995,80815889635;10995,80815889635;0,0;0
2002-06-27;10995,80815889635;10995,80815889635;0,0;0
2002-06-28;10995,80815889635;10995,80815889635;0,0;0
2002-07-01;10995,80815889635;10995,80815889635;0,0;0
2002-07-02;10995,80815889635;10995,80815889635;0,0;0
2002-07-03;10995,80815889635;10995,80815889635;0,0;0
2002-07-05;10995,80815889635;10995,80815889635;0,0;0
2002-07-08;10995,80815889635;10995,80815889635;0,0;0
2002-07-09;10995,80815889635;10995,80815889635;0,0;0
2002-07-10;10995,80815889635;10995,80815889635;0,0;0
2002-07-11;10995,80815889635;10995,80815889635;0,0;0
2002-07-12;10995,80815889635;10995,80815889635;0,0;0
2002-07-15;10995,80815889635;10995,80815889635;0,0;0
2002-07-16;10995,80815889635;10995,80815889635;0,0;0
2002-07-17;10995,80815889635;10995,80815889635;0,0;0
2002-07-18;10995,80815889635;10995,80815889635;0,0;0
2002-07-19;10995,80815889635;10995,80815889635;0,0;0
2002-07-22;10995,80815889635;10995,80815889635;0,0;0
2002-07-23;10995,80815889635;10995,80815889635;0,0;0
2002-07-24;10995,80815889635;10995,80815889635;0,0;0
2002-07-25;10995,80815889635;10995,80815889635;0,0;0
2002-07-26;10995,80815889635;10995,80815889635;0,0;0
2002-07-29;10995,80815889635;10995,80815889635;0,0;0
2002-07-30;10995,80815889635;10995,80815889635;0,0;0
2002-07-31;10995,80815889635;10995,80815889635;0,0;0
2002-08-01;10995,80815889635;10995,80815889635;0,0;0
2002-08-02;10995,80815889635;10995,80815889635;0,0;0
2002-08-05;10995,80815889635;10995,80815889635;0,0;0
2002-08-06;10995,80815889635;10995,80815889635;0,0;0
2002-08-07;10995,80815889635;10995,80815889635;0,0;0
2002-08-08;10995,80815889635;10995,80815889635;0,0;0
2002-08-09;10995,80815889635;10995,80815889635;0,0;0
2002-08-12;10995,80815889635;10995,80815889635;0,0;0
2002-08-13;10995,80815889635;10995,80815889635;0,0;0
2002-08-14;10995,80815889635;10995,80815889635;0,0;0
2002-08-15;10995,80815889635;10995,80815889635;0,0;0
2002-08-16;10995,80815889635;10995,80815889635;0,0;0
2002-08-19;10995,80815889635;10995,80815889635;0,0;0
2002-08-20;10995,80815889635;10995,80815889635;0,0;0
2002-08-21;10995,80815889635;10995,80815889635;0,0;0
2002-08-22;10995,80815889635;10995,80815889635;0,0;0
2002-08-23;10995,80815889635;10995,80815889635;0,0;0
2002-08-26;10995,80815889635;10995,80815889635;0,0;0
2002-08-27;10995,80815889635;10995,80815889635;0,0;0
2002-08-28;10995,80815889635;10995,80815889635;0,0;0
2002-08-29;10995,80815889635;10995,80815889635;0,0;0
2002-08-30;10995,80815889635;10995,80815889635;0,0;0
2002-09-03;10995,80815889635;10995,80815889635;0,0;0
2002-09-04;10995,80815889635;10995,80815889635;0,0;0
2002-09-05;10995,80815889635;10995,80815889635;0,0;0
2002-09-06;10995,80815889635;10995,80815889635;0,0;0
2002-09-09;10995,80815889635;10995,80815889635;0,0;0
2002-09-10;10995,80815889635;10995,80815889635;0,0;0
2002-09-11;10995,80815889635;10995,80815889635;0,0;0
2002-09-12;10995,80815889635;10995,80815889635;0,0;0
2002-09-13;10995,80815889635;10995,80815889635;0,0;0
2002-09-16;10995,80815889635;10995,80815889635;0,0;0
2002-09-17;10995,80815889635;10995,80815889635;0,0;0
2002-09-18;10995,80815889635;10995,80815889635;0,0;0
2002-09-19;10995,80815889635;10995,80815889635;0,0;0
2002-09-20;10995,80815889635;10995,80815889635;0,0;0
2002-09-23;10995,80815889635;10995,80815889635;0,0;0
2002-09-24;10995,80815889635;10995,80815889635;0,0;0
2002-09-25;10995,80815889635;10995,80815889635;0,0;0
2002-09-26;10995,80815889635;10995,80815889635;0,0;0
2002-09-27;10995,80815889635;10995,80815889635;0,0;0
2002-09-30;10995,80815889635;10995,80815889635;0,0;0
2002-10-01;10995,80815889635;10995,80815889635;0,0;0
2002-10-02;10995,80815889635;10995,80815889635;0,0;0
2002-10-03;10995,80815889635;10995,80815889635;0,0;0
2002-10-04;10995,80815889635;10995,80815889635;0,0;0
2002-10-07;10995,80815889635;10995,80815889635;0,0;0
2002-10-08;10995,80815889635;10995,80815889635;0,0;0
2002-10-09;10995,80815889635;10995,80815889635;0,0;0
2002-10-10;10995,80815889635;10995,80815889635;0,0;0
2002-10-11;10995,80815889635;10995,80815889635;0,0;0
2002-10-14;10995,80815889635;10995,80815889635;0,0;0
2002-10-15;10995,80815889635;10995,80815889635;0,0;0
2002-10-16;10995,80815889635;10995,80815889635;0,0;0
2002-10-17;10995,80815889635;10995,80815889635;0,0;0
2002-10-18;10995,80815889635;10995,80815889635;0,0;0
2002-10-21;10995,80815889635;10995,80815889635;0,0;0
2002-10-22;10995,80815889635;10995,80815889635;0,0;0
2002-10-23;10995,80815889635;10995,80815889635;0,0;0
2002-10-24;10995,80815889635;10995,80815889635;0,0;0
2002-10-25;10995,80815889635;10995,80815889635;0,0;0
2002-10-28;10995,80815889635;10995,80815889635;0,0;0
2002-10-29;10995,80815889635;10995,80815889635;0,0;0
2002-10-30;10995,80815889635;10995,80815889635;0,0;0
2002-10-31;10995,80815889635;10995,80815889635;0,0;0
2002-11-01;10995,80815889635;10995,80815889635;0,0;0
2002-11-04;10995,80815889635;10995,80815889635;0,0;0
2002-11-05;10995,80815889635;10995,80815889635;0,0;0
2002-11-06;10995,80815889635;10995,80815889635;0,0;0
2002-11-07;10995,80815889635;10995,80815889635;0,0;0
2002-11-08;10995,80815889635;10995,80815889635;0,0;0
2002-11-11;10995,80815889635;10995,80815889635;0,0;0
2002-11-12;10995,80815889635;10995,80815889635;0,0;0
2002-11-13;10995,80815889635;10995,80815889635;0,0;0
2002-11-14;10995,80815889635;10995,80815889635;0,0;0
2002-11-15;10995,80815889635;10995,80815889635;0,0;0
2002-11-18;10995,80815889635;10995,80815889635;0,0;0
2002-11-19;10995,80815889635;10995,80815889635;0,0;0
2002-11-20;10995,80815889635;10995,80815889635;0,0;0
2002-11-21;10995,80815889635;10995,80815889635;0,0;0
2002-11-22;10995,80815889635;10995,80815889635;0,0;0
2002-11-25;10995,80815889635;10995,80815889635;0,0;0
2002-11-26;10995,80815889635;10995,80815889635;0,0;0
2002-11-27;10995,80815889635;10995,80815889635;0,0;0
2002-11-29;10995,80815889635;10995,80815889635;0,0;0
2002-12-02;10995,80815889635;10995,80815889635;0,0;0
2002-12-03;10995,80815889635;10995,80815889635;0,0;0
2002-12-04;10995,80815889635;10995,80815889635;0,0;0
2002-12-05;10995,80815889635;10995,80815889635;0,0;0
2002-12-06;10995,80815889635;10995,80815889635;0,0;0
2002-12-09;10995,80815889635;10995,80815889635;0,0;0
2002-12-10;10995,80815889635;10995,80815889635;0,0;0
2002-12-11;10995,80815889635;10995,80815889635;0,0;0
2002-12-12;10995,80815889635;10995,80815889635;0,0;0
2002-12-13;10995,80815889635;10995,80815889635;0,0;0
2002-12-16;10995,80815889635;10995,80815889635;0,0;0
2002-12-17;10995,80815889635;10995,80815889635;0,0;0
2002-12-18;10995,80815889635;10995,80815889635;0,0;0
2002-12-19;10995,80815889635;10995,80815889635;0,0;0
2002-12-20;10995,80815889635;10995,80815889635;0,0;0
2002-12-23;10995,80815889635;10995,80815889635;0,0;0
2002-12-24;10995,80815889635;10995,80815889635;0,0;0
2002-12-26;10995,80815889635;10995,80815889635;0,0;0
2002-12-27;10995,80815889635;10995,80815889635;0,0;0
2002-12-30;10995,80815889635;10995,80815889635;0,0;0
2002-12-31;10995,80815889635;10995,80815889635;0,0;0
2003-01-02;10995,80815889635;10995,80815889635;0,0;0
2003-01-03;10995,80815889635;10995,80815889635;0,0;0
2003-01-06;10995,80815889635;10995,80815889635;0,0;0
2003-01-07;10995,80815889635;10995,80815889635;0,0;0
2003-01-08;10995,80815889635;10995,80815889635;0,0;0
2003-01-09;10995,80815889635;10995,80815889635;0,0;0
2003-01-10;10995,80815889635;10995,80815889635;0,0;0
2003-01-13;10995,80815889635;10995,80815889635;0,0;0
2003-01-14;10995,80815889635;10995,80815889635;0,0;0
2003-01-15;10995,80815889635;10995,80815889635;0,0;0
2003-01-16;10995,80815889635;10995,80815889635;0,0;0
2003-01-17;10995,80815889635;10995,80815889635;0,0;0
2003-01-21;10995,80815889635;10995,80815889635;0,0;0
2003-01-22;10995,80815889635;10995,80815889635;0,0;0
2003-01-23;10995,80815889635;10995,80815889635;0,0;0
2003-01-24;10995,80815889635;10995,80815889635;0,0;0
2003-01-27;10995,80815889635;10995,80815889635;0,0;0
2003-01-28;10995,80815889635;10995,80815889635;0,0;0
2003-01-29;10995,80815889635;10995,80815889635;0,0;0
2003-01-30;10995,80815889635;10995,80815889635;0,0;0
2003-01-31;10995,80815889635;10995,80815889635;0,0;0
2003-02-03;10995,80815889635;10995,80815889635;0,0;0
2003-02-04;10995,80815889635;10995,80815889635;0,0;0
2003-02-05;10995,80815889635;10995,80815889635;0,0;0
2003-02-06;10995,80815889635;10995,80815889635;0,0;0
2003-02-07;10995,80815889635;10995,80815889635;0,0;0
2003-02-10;10995,80815889635;10995,80815889635;0,0;0
2003-02-11;10995,80815889635;10995,80815889635;0,0;0
2003-02-12;10995,80815889635;10995,80815889635;0,0;0
2003-02-13;10995,80815889635;10995,80815889635;0,0;0
2003-02-14;10995,80815889635;10995,80815889635;0,0;0
2003-02-18;10995,80815889635;10995,80815889635;0,0;0
2003-02-19;10995,80815889635;10995,80815889635;0,0;0
2003-02-20;10995,80815889635;10995,80815889635;0,0;0
2003-02-21;10995,80815889635;10995,80815889635;0,0;0
2003-02-24;10995,80815889635;10995,80815889635;0,0;0
2003-02-25;10995,80815889635;10995,80815889635;0,0;0
2003-02-26;10995,80815889635;10995,80815889635;0,0;0
2003-02-27;10995,80815889635;10995,80815889635;0,0;0
2003-02-28;10995,80815889635;10995,80815889635;0,0;0
2003-03-03;10995,80815889635;10995,80815889635;0,0;0
2003-03-04;10995,80815889635;10995,80815889635;0,0;0
2003-03-05;10995,80815889635;10995,80815889635;0,0;0
2003-03-06;10995,80815889635;10995,80815889635;0,0;0
2003-03-07;10995,80815889635;10995,80815889635;0,0;0
2003-03-10;10995,80815889635;10995,80815889635;0,0;0
2003-03-11;10995,80815889635;10995,80815889635;0,0;0
2003-03-12;10995,80815889635;10995,80815889635;0,0;0
2003-03-13;10995,80815889635;10995,80815889635;0,0;0
2003-03-14;10995,80815889635;10995,80815889635;0,0;0
2003-03-17;10995,80815889635;10995,80815889635;0,0;0
2003-03-18;10995,80815889635;10995,80815889635;0,0;0
2003-03-19;10995,80815889635;10995,80815889635;0,0;0
2003-03-20;10995,80815889635;10995,80815889635;0,0;0
2003-03-21;10995,80815889635;10995,80815889635;0,0;0
2003-03-24;10995,80815889635;10995,80815889635;0,0;0
2003-03-25;10995,80815889635;10995,80815889635;0,0;0
2003-03-26;10995,80815889635;10995,80815889635;0,0;0
2003-03-27;10995,80815889635;10995,80815889635;0,0;0
2003-03-28;10995,80815889635;10995,80815889635;0,0;0
2003-03-31;10995,80815889635;10995,80815889635;0,0;0
2003-04-01;10995,80815889635;10995,80815889635;0,0;0
2003-04-02;10995,80815889635;10995,80815889635;0,0;0
2003-04-03;10995,80815889635;10995,80815889635;0,0;0
2003-04-04;10995,80815889635;10995,80815889635;0,0;0
2003-04-07;10995,80815889635;10995,80815889635;0,0;0
2003-04-08;10995,80815889635;10995,80815889635;0,0;0
2003-04-09;10995,80815889635;10995,80815889635;0,0;0
2003-04-10;10995,80815889635;10995,80815889635;0,0;0
2003-04-11;10995,80815889635;10995,80815889635;0,0;0
2003-04-14;10995,80815889635;10995,80815889635;0,0;0
2003-04-15;10995,80815889635;10995,80815889635;0,0;0
2003-04-16;10995,80815889635;10995,80815889635;0,0;0
2003-04-17;10995,80815889635;10995,80815889635;0,0;0
2003-04-21;10995,80815889635;10995,80815889635;0,0;0
2003-04-22;10995,80815889635;10995,80815889635;0,0;0
2003-04-23;10995,80815889635;10995,80815889635;0,0;0
2003-04-24;10995,80815889635;10995,80815889635;0,0;0
2003-04-25;10995,80815889635;10995,80815889635;0,0;0
2003-04-28;10995,80815889635;10995,80815889635;0,0;0
2003-04-29;10995,80815889635;10995,80815889635;0,0;0
2003-04-30;10995,80815889635;10995,80815889635;0,0;0
2003-05-01;10995,80815889635;10995,80815889635;0,0;0
2003-05-02;10995,80815889635;10995,80815889635;0,0;0
2003-05-05;10995,80815889635;10995,80815889635;0,0;0
2003-05-06;10995,80815889635;10995,80815889635;0,0;0
2003-05-07;10995,80815889635;10995,80815889635;0,0;0
2003-05-08;10995,80815889635;10995,80815889635;0,0;0
2003-05-09;10995,80815889635;10995,80815889635;0,0;0
2003-05-12;10995,80815889635;10995,80815889635;0,0;0
2003-05-13;10995,80815889635;10995,80815889635;0,0;0
2003-05-14;10995,80815889635;10995,80815889635;0,0;0
2003-05-15;10995,80815889635;10995,80815889635;0,0;0
2003-05-16;10995,80815889635;10995,80815889635;0,0;0
2003-05-19;10995,80815889635;10995,80815889635;0,0;0
2003-05-20;10995,80815889635;10995,80815889635;0,0;0
2003-05-21;10995,80815889635;10995,80815889635;0,0;0
2003-05-22;10995,80815889635;10995,80815889635;0,0;0
2003-05-23;10995,80815889635;10995,80815889635;0,0;0
2003-05-27;10995,80815889635;10995,80815889635;0,0;0
2003-05-28;10995,80815889635;10995,80815889635;0,0;0
2003-05-29;10995,80815889635;10995,80815889635;0,0;0
2003-05-30;10995,80815889635;10995,80815889635;0,0;0
2003-06-02;10974,696207231267;2178,04968011419;8796,646527117076;15
2003-06-03;10895,899853289397;2178,04968011419;8717,850173175206;15
2003-06-04;11118,615306103256;2178,04968011419;8940,565625989066;15
2003-06-05;11307,484749285071;2178,04968011419;9129,435069170882;15
2003-06-06;11072,770684423198;2178,04968011419;8894,721004309007;15
2003-06-09;10887,349340680657;2687,821300730435;8199,528039950223;14
2003-06-10;11030,60273037979;3213,0553614140686;7817,547368965721;13
2003-06-11;11248,584349622119;3213,0553614140686;8035,52898820805;13
2003-06-12;11291,33118131177;3213,0553614140686;8078,275819897703;13
2003-06-13;11079,394014873846;3213,0553614140686;7866,338653459778;13
2003-06-16;11179,855121035578;3213,0553614140686;7966,799759621509;13
2003-06-17;11203,811998240553;3213,0553614140686;7990,756636826485;13
2003-06-18;11215,177422079918;3729,4756914256004;7485,7017306543175;12
2003-06-19;11133,082463738792;3729,4756914256004;7403,606772313191;12
2003-06-20;11044,38593963326;3729,4756914256004;7314,910248207659;12
2003-06-23;10660,32040221566;5215,891497300692;5444,428904914969;9
2003-06-24;10613,797661242152;5728,539361740437;4885,258299501714;8
2003-06-25;10667,535083540533;5728,539361740437;4938,995721800096;8
2003-06-26;10779,807289393431;5728,539361740437;5051,267927652994;8
2003-06-27;10824,188796891018;5728,539361740437;5095,649435150581;8
2003-06-30;10841,185127014018;2159,9619162682475;8681,223210745771;15
2003-07-01;10815,972334608257;2159,9619162682475;8656,010418340009;15
2003-07-02;11176,426903530355;2159,9619162682475;9016,464987262108;15
2003-07-03;11241,488379377079;2159,9619162682475;9081,52646310883;15
2003-07-07;11556,23163967341;2159,9619162682475;9396,269723405161;15
2003-07-08;11770,665839076253;2159,9619162682475;9610,703922808005;15
2003-07-09;11877,897486135957;2159,9619162682475;9717,93556986771;15
2003-07-10;11582,494653954138;2159,9619162682475;9422,532737685891;15
2003-07-11;11524,590156963492;2159,9619162682475;9364,628240695245;15
2003-07-14;11751,370457574521;2159,9619162682475;9591,408541306275;15
2003-07-15;11612,06808387;2159,9619162682475;9452,106167601753;15
2003-07-16;11427,779239787957;2665,678286306348;8762,10095348161;14
2003-07-17;10981,061300384896;3220,0793588689294;7760,981941515965;13
2003-07-18;10984,528312807251;3220,0793588689294;7764,448953938321;13
2003-07-21;10816,648341949629;3220,0793588689294;7596,5689830807;13
2003-07-22;11078,146796929283;3220,0793588689294;7858,067438060353;13
2003-07-23;11295,798290813455;3220,0793588689294;8075,718931944526;13
2003-07-24;11403,963061423417;3220,0793588689294;8183,883702554488;13
2003-07-25;11496,168266218185;3220,0793588689294;8276,088907349256;13
2003-07-28;11696,69818030982;1743,685651812746;9953,012528497075;16
2003-07-29;11460,18847489303;1743,685651812746;9716,502823080284;16
2003-07-30;11419,014606169709;1743,685651812746;9675,328954356963;16
2003-07-31;11345,127070440209;2251,54689189076;9093,58017854945;15
2003-08-01;10945,264735939707;2706,8493082290174;8238,41542771069;14
2003-08-04;10810,776007165516;2706,8493082290174;8103,926698936499;14
2003-08-05;10648,138086884052;3266,0167896359007;7382,121297248151;13
2003-08-06;10440,352601053319;4041,71680745445;6398,635793598869;11
2003-08-07;10461,241929241196;4041,71680745445;6419,525121786746;11
2003-08-08;10593,133493250318;4041,71680745445;6551,416685795868;11
2003-08-11;10811,426603467386;4041,71680745445;6769,709796012935;11
2003-08-12;10868,132219914023;4041,71680745445;6826,4154124595725;11
2003-08-13;10933,712306618638;4041,71680745445;6891,995499164188;11
2003-08-14;10863,288520751606;4041,71680745445;6821,571713297156;11
2003-08-15;10817,770853467557;4041,71680745445;6776,054046013106;11
2003-08-18;10935,789794413742;4041,71680745445;6894,0729869592915;11
2003-08-19;10909,113440515302;4502,359266995284;6406,7541735200175;10
2003-08-20;11042,206933145364;4502,359266995284;6539,847666150081;10
2003-08-21;11125,577178643343;4502,359266995284;6623,21791164806;10
2003-08-22;11075,556404992025;4502,359266995284;6573,197137996742;10
2003-08-25;10975,812808861823;4502,359266995284;6473,453541866539;10
2003-08-26;10948,251069836097;4502,359266995284;6445,891802840813;10
2003-08-27;11168,70272480691;4502,359266995284;6666,343457811625;10
2003-08-28;11187,987333252746;4502,359266995284;6685,628066257462;10
2003-08-29;11343,837675243905;4502,359266995284;6841,478408248621;10
2003-09-02;11407,615776783645;7910,930767701442;3496,6850090822018;16
2003-09-03;11430,714132224626;7910,930767701442;3519,783364523184;16
2003-09-04;11485,536888276136;7910,930767701442;3574,6061205746946;16
2003-09-05;11505,32562498243;7910,930767701442;3594,3948572809873;16
2003-09-08;11546,675031572031;7910,930767701442;3635,744263870589;16
2003-09-09;11491,851886370972;7910,930767701442;3580,9211186695293;16
2003-09-10;11372,245098972799;8080,503143696003;3291,741955276797;15
2003-09-11;11417,329243179795;8080,503143696003;3336,826099483792;15
2003-09-12;11453,843531163866;8080,503143696003;3373,3403874678634;15
2003-09-15;11445,567523928728;8080,503143696003;3365,064380232726;15
2003-09-16;11536,459142480126;8080,503143696003;3455,9559987841226;15
2003-09-17;11574,17113812217;8080,503143696003;3493,667994426168;15
2003-09-18;11625,037878957171;8080,503143696003;3544,5347352611684;15
2003-09-19;11666,355523881874;8080,503143696003;3585,85238018587;15
2003-09-22;11639,694352363185;8080,503143696003;3559,1912086671828;15
2003-09-23;11665,62592077969;8080,503143696003;3585,1227770836867;15
2003-09-24;11568,55716121666;8250,13582301959;3318,4213381970703;14
2003-09-25;11467,725316975708;8250,13582301959;3217,589493956119;14
2003-09-26;11376,515260792861;8250,13582301959;3126,379437773273;14
2003-09-29;11403,927815451138;1914,3844576775136;9489,543357773624;17
2003-09-30;11320,126573338559;1914,3844576775136;9405,742115661045;17
2003-10-01;11554,961633408739;1914,3844576775136;9640,577175731225;17
2003-10-02;11891,354309727341;1914,3844576775136;9976,969852049828;17
2003-10-03;12134,641707215667;1914,3844576775136;10220,257249538154;17
2003-10-06;12365,702587238382;1914,3844576775136;10451,318129560868;17
2003-10-07;12484,37778505947;1914,3844576775136;10569,993327381957;17
2003-10-08;12565,743938892461;1914,3844576775136;10651,359481214948;17
2003-10-09;12631,819264919386;2456,370680273009;10175,448584646378;16
2003-10-10;12666,737873864266;2456,370680273009;10210,367193591257;16
2003-10-13;12975,059128593664;2456,370680273009;10518,688448320656;16
2003-10-14;13153,814754371211;2456,370680273009;10697,444074098203;16
2003-10-15;12994,3908461561;2456,370680273009;10538,020165883092;16
2003-10-16;13301,475126022564;2456,370680273009;10845,104445749555;16
2003-10-17;13161,110878833098;2456,370680273009;10704,74019856009;16
2003-10-20;13277,130574545343;2456,370680273009;10820,759894272334;16
2003-10-21;13587,304421074945;2456,370680273009;11130,933740801936;16
2003-10-22;13337,49121687375;2456,370680273009;10881,120536600742;16
2003-10-23;13356,761034446496;2456,370680273009;10900,390354173487;16
2003-10-24;13302,149300127232;2456,370680273009;10845,778619854224;16
2003-10-27;13509,216000011871;2456,370680273009;11052,845319738863;16
2003-10-28;13856,307225855364;2456,370680273009;11399,936545582355;16
2003-10-29;14196,177914271522;2456,370680273009;11739,807233998514;16
2003-10-30;14401,037662805815;2456,370680273009;11944,666982532806;16
2003-10-31;14208,743313393192;2456,370680273009;11752,372633120183;16
2003-11-03;14454,59466706402;1409,1482117725357;13045,446455291485;17
2003-11-04;14566,809969626927;1409,1482117725357;13157,661757854392;17
2003-11-05;14469,37515152035;1409,1482117725357;13060,226939747814;17
2003-11-06;14380,280954763663;1409,1482117725357;12971,132742991127;17
2003-11-07;14591,518495651046;1409,1482117725357;13182,37028387851;17
2003-11-10;14399,702025934905;1409,1482117725357;12990,55381416237;17
2003-11-11;14131,668550927672;1409,1482117725357;12722,520339155137;17
2003-11-12;14574,840593424084;1409,1482117725357;13165,692381651548;17
2003-11-13;14599,337243357619;1409,1482117725357;13190,189031585083;17
2003-11-14;14398,703087663456;1409,1482117725357;12989,55487589092;17
2003-11-17;14204,368434317086;1409,1482117725357;12795,22022254455;17
2003-11-18;14249,997459202037;1409,1482117725357;12840,849247429502;17
2003-11-19;14322,083252022414;1409,1482117725357;12912,935040249879;17
2003-11-20;14268,848816144913;1409,1482117725357;12859,700604372378;17
2003-11-21;14386,228845017955;1409,1482117725357;12977,08063324542;17
2003-11-24;14999,08507642897;1409,1482117725357;13589,936864656434;17
2003-11-25;15243,57116891808;1409,1482117725357;13834,422957145545;17
2003-11-26;15486,703305689643;1409,1482117725357;14077,555093917108;17
2003-11-28;15689,1981781169;1409,1482117725357;14280,049966344364;17
2003-12-01;16001,242211303499;1702,7694106402503;14298,472800663249;17
2003-12-02;16049,168761378454;1702,7694106402503;14346,399350738204;17
2003-12-03;15650,875058239502;1702,7694106402503;13948,105647599252;17
2003-12-04;15317,697081206941;1702,7694106402503;13614,92767056669;17
2003-12-05;15125,537023481422;1702,7694106402503;13422,767612841171;17
2003-12-08;15139,567235498165;1702,7694106402503;13436,797824857915;17
2003-12-09;14841,862742955107;1702,7694106402503;13139,093332314857;17
2003-12-10;14557,803241495667;2446,5744370294287;12111,228804466238;16
2003-12-11;15025,32354753145;2446,5744370294287;12578,749110502022;16
2003-12-12;15065,94258284658;2446,5744370294287;12619,36814581715;16
2003-12-15;14893,254480508052;2446,5744370294287;12446,680043478624;16
2003-12-16;14737,36411113884;2446,5744370294287;12290,789674109412;16
2003-12-17;14695,617491746718;3182,2715733520445;11513,345918394672;15
2003-12-18;14992,045137337318;3182,2715733520445;11809,773563985274;15
2003-12-19;14826,421528987066;3182,2715733520445;11644,14995563502;15
2003-12-22;14753,803943175542;3182,2715733520445;11571,532369823497;15
2003-12-23;14905,540597757554;3182,2715733520445;11723,269024405508;15
2003-12-24;14941,907347309905;3182,2715733520445;11759,635773957862;15
2003-12-26;15069,939211729608;3182,2715733520445;11887,667638377565;15
2003-12-29;15279,510356125204;2188,5187217187513;13090,991634406451;16
2003-12-30;15149,327552106479;2188,5187217187513;12960,808830387727;16
2003-12-31;14990,83815316355;2188,5187217187513;12802,319431444797;16
2004-01-02;15014,813288797468;2188,5187217187513;12826,294567078716;16
2004-01-05;15261,852448932063;2188,5187217187513;13073,333727213312;16
2004-01-06;15411,060008877004;2188,5187217187513;13222,541287158254;16
2004-01-07;15602,84264746369;2188,5187217187513;13414,323925744939;16
2004-01-08;15750,58849039056;2913,327552795486;12837,260937595074;15
2004-01-09;15930,765365113948;2913,327552795486;13017,437812318462;15
2004-01-12;16144,582369726864;2913,327552795486;13231,254816931378;15
2004-01-13;15934,285109708802;2913,327552795486;13020,957556913316;15
2004-01-14;16281,811094801347;2913,327552795486;13368,48354200586;15
2004-01-15;16345,290876160881;2913,327552795486;13431,963323365395;15
2004-01-16;16626,53030860595;2913,327552795486;13713,202755810464;15
2004-01-20;16844,099829780367;2913,327552795486;13930,77227698488;15
2004-01-21;16646,384842524072;2913,327552795486;13733,057289728587;15
2004-01-22;16577,05752818353;2913,327552795486;13663,729975388043;15
2004-01-23;16499,83303539232;2913,327552795486;13586,505482596835;15
2004-01-26;16781,212899210863;2913,327552795486;13867,885346415376;15
2004-01-27;16561,886678510065;2913,327552795486;13648,55912571458;15
2004-01-28;16222,397190724641;3639,1348348740876;12583,262355850553;14
2004-01-29;16050,524132021696;3639,1348348740876;12411,389297147607;14
2004-01-30;16220,823020081392;4371,181812223081;11849,641207858313;13
2004-02-02;16174,934999026476;-2,2737367544323206e-13;16174,934999026476;19
2004-02-03;15801,689730018605;-2,2737367544323206e-13;15801,689730018605;19
2004-02-04;15407,72587134242;762,9584835761373;14644,767387766282;18
2004-02-05;15608,83449910424;762,9584835761373;14845,876015528102;18
2004-02-06;16150,343100551772;762,9584835761373;15387,384616975634;18
2004-02-09;16234,689311550841;762,9584835761373;15471,730827974703;18
2004-02-10;16227,369784699691;762,9584835761373;15464,411301123553;18
2004-02-11;16552,639900825707;762,9584835761373;15789,68141724957;18
2004-02-12;16740,418043698217;762,9584835761373;15977,45956012208;18
2004-02-13;16407,700500072162;762,9584835761373;15644,742016496026;18
2004-02-17;16662,41892988462;762,9584835761373;15899,460446308485;18
2004-02-18;16632,21057339156;762,9584835761373;15869,252089815423;18
2004-02-19;16124,95623226058;2243,0026920027794;13881,9535402578;16
2004-02-20;16174,93452678211;2243,0026920027794;13931,93183477933;16
2004-02-23;15787,482257282909;2243,0026920027794;13544,47956528013;16
2004-02-24;15553,15109993472;3010,674947162006;12542,476152772713;15
2004-02-25;15865,38159340795;3010,674947162006;12854,706646245944;15
2004-02-26;16067,270977384425;3010,674947162006;13056,59603022242;15
2004-02-27;16123,560424215202;3010,674947162006;13112,885477053196;15
2004-03-01;16302,832116816322;2384,995942736968;13917,836174079353;16
2004-03-02;16236,361756287877;2384,995942736968;13851,365813550909;16
2004-03-03;16115,592662454397;2384,995942736968;13730,596719717429;16
2004-03-04;16278,965979442633;2384,995942736968;13893,970036705665;16
2004-03-05;16341,54412696158;2384,995942736968;13956,548184224612;16
2004-03-08;16201,032220989364;2384,995942736968;13816,036278252395;16
2004-03-09;15946,533900315997;2384,995942736968;13561,537957579028;16
2004-03-10;15622,279606128792;3182,842673897408;12439,436932231383;15
2004-03-11;15404,165095406988;5464,466531807311;9939,698563599677;12
2004-03-12;15589,795714621805;5464,466531807311;10125,329182814494;12
2004-03-15;15299,354324438653;5464,466531807311;9834,887792631342;12
2004-03-16;15207,781958959424;5464,466531807311;9743,315427152113;12
2004-03-17;15477,370764143447;5464,466531807311;10012,904232336135;12
2004-03-18;15579,060458407528;5464,466531807311;10114,593926600217;12
2004-03-19;15500,359082548926;5464,466531807311;10035,892550741615;12
2004-03-22;15303,646411509753;5464,466531807311;9839,179879702442;12
2004-03-23;15239,117132750433;5464,466531807311;9774,650600943121;12
2004-03-24;15265,348730233294;5464,466531807311;9800,882198425983;12
2004-03-25;15639,544468631377;5464,466531807311;10175,077936824066;12
2004-03-26;15743,058579007133;5464,466531807311;10278,592047199822;12
2004-03-29;16124,622996377544;6326,199822529819;9798,423173847725;17
2004-03-30;16301,75573238241;6326,199822529819;9975,55590985259;17
2004-03-31;16169,585124523226;6326,199822529819;9843,385301993407;17
2004-04-01;16327,060135418746;6326,199822529819;10000,860312888926;17
2004-04-02;16462,356987153275;6326,199822529819;10136,157164623457;17
2004-04-05;16434,156114305693;6326,199822529819;10107,956291775874;17
2004-04-06;16439,873859226424;6326,199822529819;10113,674036696604;17
2004-04-07;16404,048807002364;6326,199822529819;10077,848984472546;17
2004-04-08;16486,345994581614;6326,199822529819;10160,146172051795;17
2004-04-12;16573,435743151123;6326,199822529819;10247,235920621302;17
2004-04-13;16315,323984771683;6783,257529298555;9532,066455473128;16
2004-04-14;16344,00827066483;6783,257529298555;9560,750741366275;16
2004-04-15;16319,736070168286;6783,257529298555;9536,478540869732;16
2004-04-16;16303,552740582432;6783,257529298555;9520,295211283878;16
2004-04-19;16385,954626564868;6783,257529298555;9602,697097266313;16
2004-04-20;15830,405483436512;6783,257529298555;9047,147954137958;16
2004-04-21;16040,368730550477;6783,257529298555;9257,111201251922;16
2004-04-22;16097,37917334463;6783,257529298555;9314,121644046076;16
2004-04-23;16045,609241143271;6783,257529298555;9262,351711844716;16
2004-04-26;15968,327058852188;6783,257529298555;9185,069529553633;16
2004-04-27;15863,65813414779;6783,257529298555;9080,400604849236;16
2004-04-28;15563,118226752802;7249,871341581243;8313,246885171558;15
2004-04-29;15420,982305286252;7694,673106114946;7726,309199171306;14
2004-04-30;15220,680276670155;7694,673106114946;7526,007170555209;14
2004-05-03;15342,192981668733;7673,337565535994;7668,855416132738;15
2004-05-04;15404,765143072684;7673,337565535994;7731,42757753669;15
2004-05-05;15442,810743971746;7673,337565535994;7769,473178435753;15
2004-05-06;15326,339830954345;7673,337565535994;7653,002265418351;15
2004-05-07;15211,533086931566;8151,880283217035;7059,652803714531;14
2004-05-10;15021,48435966624;8151,880283217035;6869,6040764492045;14
2004-05-11;15122,786598090437;8151,880283217035;6970,906314873402;14
2004-05-12;15188,548937742758;8151,880283217035;7036,6686545257235;14
2004-05-13;15242,918286168871;8151,880283217035;7091,0380029518365;14
2004-05-14;15221,772389848506;8151,880283217035;7069,8921066314715;14
2004-05-17;15159,870288447168;8151,880283217035;7007,990005230133;14
2004-05-18;15228,900615954768;8151,880283217035;7077,020332737733;14
2004-05-19;15267,005105781805;8151,880283217035;7115,12482256477;14
2004-05-20;15240,987361516052;8151,880283217035;7089,107078299017;14
2004-05-21;15289,00221178469;8151,880283217035;7137,121928567655;14
2004-05-24;15323,848000071503;8151,880283217035;7171,967716854467;14
2004-05-25;15487,055219106272;8151,880283217035;7335,1749358892375;14
2004-05-26;15503,554963843988;8151,880283217035;7351,674680626952;14
2004-05-27;15528,39321298721;8151,880283217035;7376,512929770175;14
2004-05-28;15540,552871074566;8151,880283217035;7388,672587857531;14
2004-06-01;15584,419209809974;15584,419209809974;0,0;0
2004-06-02;15584,419209809974;15584,419209809974;0,0;0
2004-06-03;15584,419209809974;15584,419209809974;0,0;0
2004-06-04;15584,419209809974;15584,419209809974;0,0;0
2004-06-07;15584,419209809974;15584,419209809974;0,0;0
2004-06-08;15584,419209809974;15584,419209809974;0,0;0
2004-06-09;15584,419209809974;15584,419209809974;0,0;0
2004-06-10;15584,419209809974;15584,419209809974;0,0;0
2004-06-14;15584,419209809974;15584,419209809974;0,0;0
2004-06-15;15584,419209809974;15584,419209809974;0,0;0
2004-06-16;15584,419209809974;15584,419209809974;0,0;0
2004-06-17;15584,419209809974;15584,419209809974;0,0;0
2004-06-18;15584,419209809974;15584,419209809974;0,0;0
2004-06-21;15584,419209809974;15584,419209809974;0,0;0
2004-06-22;15584,419209809974;15584,419209809974;0,0;0
2004-06-23;15584,419209809974;15584,419209809974;0,0;0
2004-06-24;15584,419209809974;15584,419209809974;0,0;0
2004-06-25;15584,419209809974;15584,419209809974;0,0;0
2004-06-28;15554,497124927135;3086,961757079156;12467,535367847979;15
2004-06-29;15594,836431150003;3086,961757079156;12507,874674070847;15
2004-06-30;15785,580005065298;3086,961757079156;12698,618247986142;15
2004-07-01;15709,77547819579;3086,961757079156;12622,813721116634;15
2004-07-02;15596,159257983707;3086,961757079156;12509,19750090455;15
2004-07-06;15444,646767080889;3815,6212114251784;11629,02555565571;14
2004-07-07;15541,544251422423;3815,6212114251784;11725,923039997244;14
2004-07-08;15292,51979916473;5274,542988389615;10017,976810775113;12
2004-07-09;15290,197412596324;5274,542988389615;10015,65442420671;12
2004-07-12;15228,834441546194;6018,221469308328;9210,612972237866;11
2004-07-13;15241,624222896804;6018,221469308328;9223,402753588476;11
2004-07-14;15291,90586338261;6018,221469308328;9273,684394074282;11
2004-07-15;15278,715710264552;6739,792505078034;8538,923205186518;10
2004-07-16;15283,838712145947;6739,792505078034;8544,046207067913;10
2004-07-19;15119,58635002785;7441,134105899067;7678,452244128783;9
2004-07-20;15219,978959823344;7441,134105899067;7778,844853924277;9
2004-07-21;14954,226962675693;8170,1990981703975;6784,027864505297;8
2004-07-22;14875,526642168821;8170,1990981703975;6705,327543998423;8
2004-07-23;14791,596568684716;8170,1990981703975;6621,397470514319;8
2004-07-26;14578,610848493972;8912,524184325863;5666,08666416811;7
2004-07-27;14818,416058463403;8912,524184325863;5905,89187413754;7
2004-07-28;14845,333979230438;8912,524184325863;5932,809794904575;7
2004-07-29;14903,30998746649;8912,524184325863;5990,785803140627;7
2004-07-30;14911,31570855201;8912,524184325863;5998,791524226148;7
2004-08-02;14915,51904155171;14915,51904155171;0,0;0
2004-08-03;14915,51904155171;14915,51904155171;0,0;0
2004-08-04;14915,51904155171;14915,51904155171;0,0;0
2004-08-05;14915,51904155171;14915,51904155171;0,0;0
2004-08-06;14915,51904155171;14915,51904155171;0,0;0
2004-08-09;14915,51904155171;14915,51904155171;0,0;0
2004-08-10;14915,51904155171;14915,51904155171;0,0;0
2004-08-11;14915,51904155171;14915,51904155171;0,0;0
2004-08-12;14915,51904155171;14915,51904155171;0,0;0
2004-08-13;14915,51904155171;14915,51904155171;0,0;0
2004-08-16;14915,51904155171;14915,51904155171;0,0;0
2004-08-17;14915,51904155171;14915,51904155171;0,0;0
2004-08-18;14915,51904155171;14915,51904155171;0,0;0
2004-08-19;14915,51904155171;14915,51904155171;0,0;0
2004-08-20;14915,51904155171;14915,51904155171;0,0;0
2004-08-23;14915,51904155171;14915,51904155171;0,0;0
2004-08-24;14915,51904155171;14915,51904155171;0,0;0
2004-08-25;14915,51904155171;14915,51904155171;0,0;0
2004-08-26;14915,51904155171;14915,51904155171;0,0;0
2004-08-27;14915,51904155171;14915,51904155171;0,0;0
2004-08-30;14915,51904155171;14915,51904155171;0,0;0
2004-08-31;14915,51904155171;14915,51904155171;0,0;0
2004-09-01;14915,51904155171;14915,51904155171;0,0;0
2004-09-02;14915,51904155171;14915,51904155171;0,0;0
2004-09-03;14915,51904155171;14915,51904155171;0,0;0
2004-09-07;14915,51904155171;14915,51904155171;0,0;0
2004-09-08;14915,51904155171;14915,51904155171;0,0;0
2004-09-09;14915,51904155171;14915,51904155171;0,0;0
2004-09-10;14915,51904155171;14915,51904155171;0,0;0
2004-09-13;14915,51904155171;14915,51904155171;0,0;0
2004-09-14;14915,51904155171;14915,51904155171;0,0;0
2004-09-15;14915,51904155171;14915,51904155171;0,0;0
2004-09-16;14915,51904155171;14915,51904155171;0,0;0
2004-09-17;14915,51904155171;14915,51904155171;0,0;0
2004-09-20;14915,51904155171;14915,51904155171;0,0;0
2004-09-21;14915,51904155171;14915,51904155171;0,0;0
2004-09-22;14915,51904155171;14915,51904155171;0,0;0
2004-09-23;14915,51904155171;14915,51904155171;0,0;0
2004-09-24;14915,51904155171;14915,51904155171;0,0;0
2004-09-27;14915,51904155171;14915,51904155171;0,0;0
2004-09-28;14915,51904155171;14915,51904155171;0,0;0
2004-09-29;14915,51904155171;14915,51904155171;0,0;0
2004-09-30;14915,51904155171;14915,51904155171;0,0;0
2004-10-01;14915,51904155171;14915,51904155171;0,0;0
2004-10-04;14915,51904155171;14915,51904155171;0,0;0
2004-10-05;14915,51904155171;14915,51904155171;0,0;0
2004-10-06;14915,51904155171;14915,51904155171;0,0;0
2004-10-07;14915,51904155171;14915,51904155171;0,0;0
2004-10-08;14915,51904155171;14915,51904155171;0,0;0
2004-10-11;14915,51904155171;14915,51904155171;0,0;0
2004-10-12;14915,51904155171;14915,51904155171;0,0;0
2004-10-13;14915,51904155171;14915,51904155171;0,0;0
2004-10-14;14915,51904155171;14915,51904155171;0,0;0
2004-10-15;14915,51904155171;14915,51904155171;0,0;0
2004-10-18;14915,51904155171;14915,51904155171;0,0;0
2004-10-19;14915,51904155171;14915,51904155171;0,0;0
2004-10-20;14915,51904155171;14915,51904155171;0,0;0
2004-10-21;14915,51904155171;14915,51904155171;0,0;0
2004-10-22;14915,51904155171;14915,51904155171;0,0;0
2004-10-25;14915,51904155171;14915,51904155171;0,0;0
2004-10-26;14915,51904155171;14915,51904155171;0,0;0
2004-10-27;14915,51904155171;14915,51904155171;0,0;0
2004-10-28;14915,51904155171;14915,51904155171;0,0;0
2004-10-29;14915,51904155171;14915,51904155171;0,0;0
2004-11-01;14915,51904155171;14915,51904155171;0,0;0
2004-11-02;14915,51904155171;14915,51904155171;0,0;0
2004-11-03;14915,51904155171;14915,51904155171;0,0;0
2004-11-04;14915,51904155171;14915,51904155171;0,0;0
2004-11-05;14915,51904155171;14915,51904155171;0,0;0
2004-11-08;14915,51904155171;14915,51904155171;0,0;0
2004-11-09;14915,51904155171;14915,51904155171;0,0;0
2004-11-10;14915,51904155171;14915,51904155171;0,0;0
2004-11-11;14915,51904155171;14915,51904155171;0,0;0
2004-11-12;14915,51904155171;14915,51904155171;0,0;0
2004-11-15;14915,51904155171;14915,51904155171;0,0;0
2004-11-16;14915,51904155171;14915,51904155171;0,0;0
2004-11-17;14915,51904155171;14915,51904155171;0,0;0
2004-11-18;14915,51904155171;14915,51904155171;0,0;0
2004-11-19;14915,51904155171;14915,51904155171;0,0;0
2004-11-22;14915,51904155171;14915,51904155171;0,0;0
2004-11-23;14915,51904155171;14915,51904155171;0,0;0
2004-11-24;14915,51904155171;14915,51904155171;0,0;0
2004-11-26;14915,51904155171;14915,51904155171;0,0;0
2004-11-29;14915,51904155171;14915,51904155171;0,0;0
2004-11-30;14915,51904155171;14915,51904155171;0,0;0
2004-12-01;14915,51904155171;14915,51904155171;0,0;0
2004-12-02;14915,51904155171;14915,51904155171;0,0;0
2004-12-03;14915,51904155171;14915,51904155171;0,0;0
2004-12-06;14915,51904155171;14915,51904155171;0,0;0
2004-12-07;14915,51904155171;14915,51904155171;0,0;0
2004-12-08;14915,51904155171;14915,51904155171;0,0;0
2004-12-09;14915,51904155171;14915,51904155171;0,0;0
2004-12-10;14915,51904155171;14915,51904155171;0,0;0
2004-12-13;14915,51904155171;14915,51904155171;0,0;0
2004-12-14;14915,51904155171;14915,51904155171;0,0;0
2004-12-15;14915,51904155171;14915,51904155171;0,0;0
2004-12-16;14915,51904155171;14915,51904155171;0,0;0
2004-12-17;14915,51904155171;14915,51904155171;0,0;0
2004-12-20;14915,51904155171;14915,51904155171;0,0;0
2004-12-21;14915,51904155171;14915,51904155171;0,0;0
2004-12-22;14915,51904155171;14915,51904155171;0,0;0
2004-12-23;14915,51904155171;14915,51904155171;0,0;0
2004-12-27;14915,51904155171;14915,51904155171;0,0;0
2004-12-28;14915,51904155171;14915,51904155171;0,0;0
2004-12-29;14915,51904155171;14915,51904155171;0,0;0
2004-12-30;14915,51904155171;14915,51904155171;0,0;0
2004-12-31;14915,51904155171;14915,51904155171;0,0;0
2005-01-03;14915,51904155171;14915,51904155171;0,0;0
2005-01-04;14915,51904155171;14915,51904155171;0,0;0
2005-01-05;14915,51904155171;14915,51904155171;0,0;0
2005-01-06;14915,51904155171;14915,51904155171;0,0;0
2005-01-07;14915,51904155171;14915,51904155171;0,0;0
2005-01-10;14915,51904155171;14915,51904155171;0,0;0
2005-01-11;14915,51904155171;14915,51904155171;0,0;0
2005-01-12;14915,51904155171;14915,51904155171;0,0;0
2005-01-13;14915,51904155171;14915,51904155171;0,0;0
2005-01-14;14915,51904155171;14915,51904155171;0,0;0
2005-01-18;14915,51904155171;14915,51904155171;0,0;0
2005-01-19;14915,51904155171;14915,51904155171;0,0;0
2005-01-20;14915,51904155171;14915,51904155171;0,0;0
2005-01-21;14915,51904155171;14915,51904155171;0,0;0
2005-01-24;14915,51904155171;14915,51904155171;0,0;0
2005-01-25;14915,51904155171;14915,51904155171;0,0;0
2005-01-26;14915,51904155171;14915,51904155171;0,0;0
2005-01-27;14915,51904155171;14915,51904155171;0,0;0
2005-01-28;14915,51904155171;14915,51904155171;0,0;0
2005-01-31;14915,51904155171;14915,51904155171;0,0;0
2005-02-01;14915,51904155171;14915,51904155171;0,0;0
2005-02-02;14915,51904155171;14915,51904155171;0,0;0
2005-02-03;14915,51904155171;14915,51904155171;0,0;0
2005-02-04;14915,51904155171;14915,51904155171;0,0;0
2005-02-07;14915,51904155171;14915,51904155171;0,0;0
2005-02-08;14915,51904155171;14915,51904155171;0,0;0
2005-02-09;14915,51904155171;14915,51904155171;0,0;0
2005-02-10;14915,51904155171;14915,51904155171;0,0;0
2005-02-11;14915,51904155171;14915,51904155171;0,0;0
2005-02-14;14915,51904155171;14915,51904155171;0,0;0
2005-02-15;14915,51904155171;14915,51904155171;0,0;0
2005-02-16;14915,51904155171;14915,51904155171;0,0;0
2005-02-17;14915,51904155171;14915,51904155171;0,0;0
2005-02-18;14915,51904155171;14915,51904155171;0,0;0
2005-02-22;14915,51904155171;14915,51904155171;0,0;0
2005-02-23;14915,51904155171;14915,51904155171;0,0;0
2005-02-24;14915,51904155171;14915,51904155171;0,0;0
2005-02-25;14915,51904155171;14915,51904155171;0,0;0
2005-02-28;14915,51904155171;14915,51904155171;0,0;0
2005-03-01;14915,51904155171;14915,51904155171;0,0;0
2005-03-02;14915,51904155171;14915,51904155171;0,0;0
2005-03-03;14915,51904155171;14915,51904155171;0,0;0
2005-03-04;14915,51904155171;14915,51904155171;0,0;0
2005-03-07;14915,51904155171;14915,51904155171;0,0;0
2005-03-08;14915,51904155171;14915,51904155171;0,0;0
2005-03-09;14915,51904155171;14915,51904155171;0,0;0
2005-03-10;14915,51904155171;14915,51904155171;0,0;0
2005-03-11;14915,51904155171;14915,51904155171;0,0;0
2005-03-14;14915,51904155171;14915,51904155171;0,0;0
2005-03-15;14915,51904155171;14915,51904155171;0,0;0
2005-03-16;14915,51904155171;14915,51904155171;0,0;0
2005-03-17;14915,51904155171;14915,51904155171;0,0;0
2005-03-18;14915,51904155171;14915,51904155171;0,0;0
2005-03-21;14915,51904155171;14915,51904155171;0,0;0
2005-03-22;14915,51904155171;14915,51904155171;0,0;0
2005-03-23;14915,51904155171;14915,51904155171;0,0;0
2005-03-24;14915,51904155171;14915,51904155171;0,0;0
2005-03-28;14915,51904155171;14915,51904155171;0,0;0
2005-03-29;14915,51904155171;14915,51904155171;0,0;0
2005-03-30;14915,51904155171;14915,51904155171;0,0;0
2005-03-31;14915,51904155171;14915,51904155171;0,0;0
2005-04-01;14915,51904155171;14915,51904155171;0,0;0
2005-04-04;14915,51904155171;14915,51904155171;0,0;0
2005-04-05;14915,51904155171;14915,51904155171;0,0;0
2005-04-06;14915,51904155171;14915,51904155171;0,0;0
2005-04-07;14915,51904155171;14915,51904155171;0,0;0
2005-04-08;14915,51904155171;14915,51904155171;0,0;0
2005-04-11;14915,51904155171;14915,51904155171;0,0;0
2005-04-12;14915,51904155171;14915,51904155171;0,0;0
2005-04-13;14915,51904155171;14915,51904155171;0,0;0
2005-04-14;14915,51904155171;14915,51904155171;0,0;0
2005-04-15;14915,51904155171;14915,51904155171;0,0;0
2005-04-18;14915,51904155171;14915,51904155171;0,0;0
2005-04-19;14915,51904155171;14915,51904155171;0,0;0
2005-04-20;14915,51904155171;14915,51904155171;0,0;0
2005-04-21;14915,51904155171;14915,51904155171;0,0;0
2005-04-22;14915,51904155171;14915,51904155171;0,0;0
2005-04-25;14915,51904155171;14915,51904155171;0,0;0
2005-04-26;14915,51904155171;14915,51904155171;0,0;0
2005-04-27;14915,51904155171;14915,51904155171;0,0;0
2005-04-28;14915,51904155171;14915,51904155171;0,0;0
2005-04-29;14915,51904155171;14915,51904155171;0,0;0
2005-05-02;14915,51904155171;14915,51904155171;0,0;0
2005-05-03;14915,51904155171;14915,51904155171;0,0;0
2005-05-04;14915,51904155171;14915,51904155171;0,0;0
2005-05-05;14915,51904155171;14915,51904155171;0,0;0
2005-05-06;14915,51904155171;14915,51904155171;0,0;0
2005-05-09;14915,51904155171;14915,51904155171;0,0;0
2005-05-10;14915,51904155171;14915,51904155171;0,0;0
2005-05-11;14915,51904155171;14915,51904155171;0,0;0
2005-05-12;14915,51904155171;14915,51904155171;0,0;0
2005-05-13;14915,51904155171;14915,51904155171;0,0;0
2005-05-16;14915,51904155171;14915,51904155171;0,0;0
2005-05-17;14915,51904155171;14915,51904155171;0,0;0
2005-05-18;14915,51904155171;14915,51904155171;0,0;0
2005-05-19;14915,51904155171;14915,51904155171;0,0;0
2005-05-20;14915,51904155171;14915,51904155171;0,0;0
2005-05-23;14915,51904155171;14915,51904155171;0,0;0
2005-05-24;14915,51904155171;14915,51904155171;0,0;0
2005-05-25;14915,51904155171;14915,51904155171;0,0;0
2005-05-26;14915,51904155171;14915,51904155171;0,0;0
2005-05-27;14915,51904155171;14915,51904155171;0,0;0
2005-05-31;14886,881244991931;2954,4660117505673;11932,415233241365;15
2005-06-01;14980,430210230283;2954,4660117505673;12025,964198479716;15
2005-06-02;15009,939453746076;2954,4660117505673;12055,47344199551;15
2005-06-03;14964,362623506579;2954,4660117505673;12009,89661175601;15
2005-06-06;15003,313948595674;2954,4660117505673;12048,847936845108;15
2005-06-07;14987,738438168813;2954,4660117505673;12033,272426418247;15
2005-06-08;14870,27672020227;2954,4660117505673;11915,810708451703;15
2005-06-09;15067,178338523128;2954,4660117505673;12112,71232677256;15
2005-06-10;15013,021812849598;2954,4660117505673;12058,555801099032;15
2005-06-13;15072,577320195582;2954,4660117505673;12118,111308445013;15
2005-06-14;15028,702131603888;2954,4660117505673;12074,23611985332;15
2005-06-15;15091,489396742589;2954,4660117505673;12137,02338499202;15
2005-06-16;15224,346805344514;2954,4660117505673;12269,880793593946;15
2005-06-17;15230,857016599228;3660,8150163753107;11570,042000223917;14
2005-06-20;15199,747857477436;3660,8150163753107;11538,932841102125;14
2005-06-21;15168,642332024925;3660,8150163753107;11507,827315649614;14
2005-06-22;15173,04188617447;4374,127352084911;10798,91453408956;13
2005-06-23;15075,929766726029;4374,127352084911;10701,802414641119;13
2005-06-24;15058,093485959886;4374,127352084911;10683,966133874976;13
2005-06-27;15029,499134869344;2997,509903581771;12031,989231287573;15
2005-06-28;15222,469018943084;2997,509903581771;12224,959115361313;15
2005-06-29;15397,81436176834;2997,509903581771;12400,304458186569;15
2005-06-30;15338,123330938355;2997,509903581771;12340,613427356584;15
2005-07-01;15390,565401432343;2997,509903581771;12393,055497850572;15
2005-07-05;15555,717506618;2997,509903581771;12558,20760303623;15
2005-07-06;15628,754561263999;2997,509903581771;12631,244657682228;15
2005-07-07;15737,3184755082;2997,509903581771;12739,808571926429;15
2005-07-08;15838,228321384651;2997,509903581771;12840,71841780288;15
2005-07-11;15974,387213651327;2997,509903581771;12976,877310069556;15
2005-07-12;16022,773492475342;2997,509903581771;13025,263588893571;15
2005-07-13;15924,38348112267;2997,509903581771;12926,873577540899;15
2005-07-14;15752,15049258852;2997,509903581771;12754,640589006749;15
2005-07-15;15807,576807205116;2997,509903581771;12810,066903623345;15
2005-07-18;15757,783090019902;2997,509903581771;12760,273186438131;15
2005-07-19;15876,68321909776;2997,509903581771;12879,173315515989;15
2005-07-20;15899,467863358019;2997,509903581771;12901,957959776248;15
2005-07-21;15671,824984319768;2997,509903581771;12674,315080737997;15
2005-07-22;15695,21945362736;2997,509903581771;12697,709550045589;15
2005-07-25;15662,416382378899;2997,509903581771;12664,906478797127;15
2005-07-26;15805,421156517854;2997,509903581771;12807,911252936083;15
2005-07-27;16138,50886974529;2997,509903581771;13140,998966163519;15
2005-07-28;16465,575817892102;2997,509903581771;13468,065914310333;15
2005-07-29;16513,045121659838;2997,509903581771;13515,535218078068;15
2005-08-01;16518,997795951127;1544,0999662442773;14974,89782970685;17
2005-08-02;16605,467310640757;1544,0999662442773;15061,36734439648;17
2005-08-03;16679,486931636922;1544,0999662442773;15135,386965392645;17
2005-08-04;16474,700494121007;1544,0999662442773;14930,60052787673;17
2005-08-05;16347,664681636936;1544,0999662442773;14803,564715392658;17
2005-08-08;16178,532756467876;1544,0999662442773;14634,432790223598;17
2005-08-09;16396,69652724125;1544,0999662442773;14852,596560996973;17
2005-08-10;16395,21648540392;1544,0999662442773;14851,116519159641;17
2005-08-11;16517,627923447537;1544,0999662442773;14973,52795720326;17
2005-08-12;16563,984186318317;1544,0999662442773;15019,884220074042;17
2005-08-15;16562,471868597055;1544,0999662442773;15018,371902352777;17
2005-08-16;16257,41673170044;1544,0999662442773;14713,316765456162;17
2005-08-17;16177,303083373397;2334,82283205132;13842,480251322077;16
2005-08-18;15997,124583996385;2334,82283205132;13662,301751945064;16
2005-08-19;16098,222218948278;2334,82283205132;13763,39938689696;16
2005-08-22;16262,15457860312;2334,82283205132;13927,3317465518;16
2005-08-23;16246,236815304506;2334,82283205132;13911,413983253187;16
2005-08-24;16261,974383024288;3106,613186845846;13155,36119617844;15
2005-08-25;16249,322548416789;3106,613186845846;13142,709361570944;15
2005-08-26;16054,567623227915;3106,613186845846;12947,954436382068;15
2005-08-29;16148,532602435404;2353,7586849138343;13794,77391752157;16
2005-08-30;16352,852682815097;2353,7586849138343;13999,093997901262;16
2005-08-31;16649,13156268061;2353,7586849138343;14295,372877766775;16
2005-09-01;16683,48842846368;2353,7586849138343;14329,729743549844;16
2005-09-02;16613,70922238123;2353,7586849138343;14259,950537467394;16
2005-09-06;16800,259865501175;2353,7586849138343;14446,501180587342;16
2005-09-07;16925,11339494701;2353,7586849138343;14571,354710033174;16
2005-09-08;17031,70338538312;2353,7586849138343;14677,944700469285;16
2005-09-09;17170,44883748834;2353,7586849138343;14816,690152574505;16
2005-09-12;17166,332003751562;2353,7586849138343;14812,573318837729;16
2005-09-13;17091,47953729471;2353,7586849138343;14737,720852380875;16
2005-09-14;16840,04153698591;2353,7586849138343;14486,282852072078;16
2005-09-15;16746,93785787604;2353,7586849138343;14393,179172962207;16
2005-09-16;16860,071615881378;2353,7586849138343;14506,312930967542;16
2005-09-19;16848,84710815116;3160,6565574830142;13688,190550668147;15
2005-09-20;16779,171994376673;3160,6565574830142;13618,51543689366;15
2005-09-21;16845,661655846896;3160,6565574830142;13685,005098363883;15
2005-09-22;16834,326665324606;3160,6565574830142;13673,670107841592;15
2005-09-23;16877,63170195651;3160,6565574830142;13716,975144473496;15
2005-09-26;16898,720148464567;3160,6565574830142;13738,063590981552;15
2005-09-27;16980,41615756766;3160,6565574830142;13819,759600084646;15
2005-09-28;16930,409871412045;3160,6565574830142;13769,75331392903;15
2005-09-29;17091,52473967019;3160,6565574830142;13930,868182187174;15
2005-09-30;17134,10896774217;3933,922748269555;13200,186219472615;14
2005-10-03;17314,086142225828;1678,2822729614447;15635,803869264382;17
2005-10-04;17041,953029599143;1678,2822729614447;15363,670756637697;17
2005-10-05;16658,615505851507;1678,2822729614447;14980,333232890063;17
2005-10-06;16495,062710796836;2491,1111079227253;14003,95160287411;16
2005-10-07;16661,084244036847;2491,1111079227253;14169,97313611412;16
2005-10-10;16581,260076436123;2491,1111079227253;14090,148968513397;16
2005-10-11;16634,767603360648;2491,1111079227253;14143,656495437923;16
2005-10-12;16139,149283694162;3245,416849575663;12893,7324341185;15
2005-10-13;16114,075783483153;3245,416849575663;12868,65893390749;15
2005-10-14;16297,377942633586;3245,416849575663;13051,961093057924;15
2005-10-17;16437,664314747333;3245,416849575663;13192,247465171671;15
2005-10-18;16256,338195310243;3245,416849575663;13010,92134573458;15
2005-10-19;16445,77606987231;4070,8017969824787;12374,974272889833;14
2005-10-20;16201,75198896541;4070,8017969824787;12130,95019198293;14
2005-10-21;16481,277987408106;4070,8017969824787;12410,476190425627;14
2005-10-24;16766,831345268507;4070,8017969824787;12696,02954828603;14
2005-10-25;16758,64097383284;4070,8017969824787;12687,83917685036;14
2005-10-26;16802,625389083347;4070,8017969824787;12731,823592100867;14
2005-10-27;16700,099507847946;4070,8017969824787;12629,297710865467;14
2005-10-28;16801,90298898754;4070,8017969824787;12731,10119200506;14
2005-10-31;17054,558568125216;7716,365039849059;9338,193528276157;16
2005-11-01;17027,027942160785;7716,365039849059;9310,662902311724;16
2005-11-02;17217,885958128332;7716,365039849059;9501,520918279271;16
2005-11-03;17312,254798659906;7716,365039849059;9595,889758810847;16
2005-11-04;17441,422295776247;7716,365039849059;9725,05725592719;16
2005-11-07;17508,049835025566;7716,365039849059;9791,684795176508;16
2005-11-08;17523,80639647803;7716,365039849059;9807,441356628973;16
2005-11-09;17465,00723135149;7716,365039849059;9748,642191502433;16
2005-11-10;17627,678725397363;8224,755880503302;9402,922844894061;15
2005-11-11;17673,470376204885;8224,755880503302;9448,714495701583;15
2005-11-14;17706,220091640287;8224,755880503302;9481,464211136987;15
2005-11-15;17609,280540558604;8224,755880503302;9384,5246600553;15
2005-11-16;17607,361866814754;8224,755880503302;9382,605986311453;15
2005-11-17;17796,263749568796;8224,755880503302;9571,507869065492;15
2005-11-18;17821,664769669056;8224,755880503302;9596,908889165752;15
2005-11-21;17924,587520478104;8224,755880503302;9699,831639974802;15
2005-11-22;18170,73587294886;8224,755880503302;9945,979992445556;15
2005-11-23;18167,967412083606;8224,755880503302;9943,211531580306;15
2005-11-25;18275,724925604307;8224,755880503302;10050,969045101005;15
2005-11-28;17991,18513070517;2400,2678942917455;15590,917236413425;17
2005-11-29;17773,278691650434;2400,2678942917455;15373,010797358687;17
2005-11-30;17853,22641998004;2400,2678942917455;15452,958525688295;17
2005-12-01;18120,94798715513;2400,2678942917455;15720,680092863384;17
2005-12-02;18205,247025615772;2400,2678942917455;15804,979131324026;17
2005-12-05;18001,587151690892;2400,2678942917455;15601,319257399147;17
2005-12-06;18008,519620112085;2400,2678942917455;15608,25172582034;17
2005-12-07;17784,27586979775;2400,2678942917455;15384,007975506007;17
2005-12-08;17874,31869577065;2400,2678942917455;15474,050801478903;17
2005-12-09;17974,84761120943;2400,2678942917455;15574,579716917682;17
2005-12-12;18026,711513513896;2400,2678942917455;15626,443619222151;17
2005-12-13;17851,952791115316;2400,2678942917455;15451,684896823572;17
2005-12-14;17826,568241590317;2400,2678942917455;15426,300347298573;17
2005-12-15;17875,572221038943;2400,2678942917455;15475,304326747197;17
2005-12-16;17909,90261494938;2400,2678942917455;15509,634720657634;17
2005-12-19;17632,775100980336;3252,5612319465645;14380,213869033772;16
2005-12-20;17692,994047871605;3252,5612319465645;14440,432815925042;16
2005-12-21;17912,809253031348;3252,5612319465645;14660,248021084784;16
2005-12-22;18140,19098385554;3252,5612319465645;14887,629751908975;16
2005-12-23;18250,696273949765;3252,5612319465645;14998,135042003201;16
2005-12-27;18411,52639088786;3252,5612319465645;15158,965158941293;16
2005-12-28;18405,74455032767;3252,5612319465645;15153,183318381105;16
2005-12-29;18246,960214852188;3252,5612319465645;14994,398982905625;16
2005-12-30;18095,194944351766;3252,5612319465645;14842,6337124052;16
2006-01-03;18329,614240885945;2051,91108495787;16277,703155928075;17
2006-01-04;18516,794012586055;2051,91108495787;16464,882927628187;17
2006-01-05;18658,59969058923;2051,91108495787;16606,68860563136;17
2006-01-06;18940,544943970417;2051,91108495787;16888,633859012545;17
2006-01-09;19074,191978239636;2051,91108495787;17022,280893281764;17
2006-01-10;19218,761733993277;2051,91108495787;17166,850649035405;17
2006-01-11;19303,88145265675;2051,91108495787;17251,970367698883;17
2006-01-12;19230,246257160354;2051,91108495787;17178,33517220248;17
2006-01-13;19174,47537705087;2051,91108495787;17122,564292092997;17
2006-01-17;19000,090856375245;2051,91108495787;16948,179771417374;17
2006-01-18;18912,262216677897;2051,91108495787;16860,35113172003;17
2006-01-19;19218,087419043673;2051,91108495787;17166,176334085805;17
2006-01-20;18685,825571663365;2051,91108495787;16633,914486705493;17
2006-01-23;18770,85390203286;2051,91108495787;16718,942817074992;17
2006-01-24;19136,30553032981;2051,91108495787;17084,39444537194;17
2006-01-25;19252,746216736537;2051,91108495787;17200,835131778666;17
2006-01-26;19597,91409788779;2051,91108495787;17546,003012929923;17
2006-01-27;19635,60105907274;2051,91108495787;17583,68997411487;17
2006-01-30;19746,461714074358;-4,547473508864641e-13;19746,461714074358;19
2006-01-31;19714,722562665866;-4,547473508864641e-13;19714,722562665866;19
2006-02-01;19515,519227469864;-4,547473508864641e-13;19515,519227469864;19
2006-02-02;19303,63923230173;-4,547473508864641e-13;19303,63923230173;19
2006-02-03;19167,62572002126;-4,547473508864641e-13;19167,62572002126;19
2006-02-06;19255,16834348605;-4,547473508864641e-13;19255,16834348605;19
2006-02-07;18805,374475697132;906,5564493662985;17898,818026330835;18
2006-02-08;18819,756275031705;906,5564493662985;17913,199825665408;18
2006-02-09;18878,7021977949;906,5564493662985;17972,145748428604;18
2006-02-10;18924,327185367623;906,5564493662985;18017,770736001326;18
2006-02-13;18788,088658966208;906,5564493662985;17881,53220959991;18
2006-02-14;19110,406355706484;906,5564493662985;18203,849906340187;18
2006-02-15;19366,456021995717;906,5564493662985;18459,89957262942;18
2006-02-16;19706,42750128714;906,5564493662985;18799,871051920843;18
2006-02-17;19542,92186226726;906,5564493662985;18636,365412900963;18
2006-02-21;19456,155297849597;906,5564493662985;18549,5988484833;18
2006-02-22;19678,831989794024;906,5564493662985;18772,275540427727;18
2006-02-23;19534,050702057033;906,5564493662985;18627,494252690736;18
2006-02-24;19809,37172199835;906,5564493662985;18902,81527263205;18
2006-02-27;20025,497193617142;2825,828592934193;17199,668600682948;16
2006-02-28;19690,676869044015;2825,828592934193;16864,84827610982;16
2006-03-01;20032,382703555762;2825,828592934193;17206,55411062157;16
2006-03-02;20076,662061384006;2825,828592934193;17250,83346844981;16
2006-03-03;20050,53524584126;2825,828592934193;17224,706652907065;16
2006-03-06;20001,31975997253;2825,828592934193;17175,491167038337;16
2006-03-07;19528,087862709617;2825,828592934193;16702,259269775426;16
2006-03-08;19420,792340497777;2825,828592934193;16594,963747563583;16
2006-03-09;19295,86666725656;2825,828592934193;16470,038074322365;16
2006-03-10;19610,560452085505;2825,828592934193;16784,73185915131;16
2006-03-13;19498,12883716663;2825,828592934193;16672,30024423244;16
2006-03-14;19897,988993588137;2825,828592934193;17072,160400653942;16
2006-03-15;20145,434354914352;2825,828592934193;17319,60576198016;16
2006-03-16;19954,419063985777;2825,828592934193;17128,590471051582;16
2006-03-17;20121,471884371378;2825,828592934193;17295,643291437187;16
2006-03-20;20173,710680156822;2825,828592934193;17347,88208722263;16
2006-03-21;20040,073777210426;2825,828592934193;17214,245184276235;16
2006-03-22;20077,081564789347;2825,828592934193;17251,252971855156;16
2006-03-23;20160,866414211807;2825,828592934193;17335,037821277616;16
2006-03-24;20347,966789681777;2825,828592934193;17522,138196747583;16
2006-03-27;20527,816027593915;2825,828592934193;17701,98743465972;16
2006-03-28;20391,334558554394;2825,828592934193;17565,5059656202;16
2006-03-29;20851,81080832488;2825,828592934193;18025,98221539069;16
2006-03-30;20775,585387838488;2825,828592934193;17949,756794904293;16
2006-03-31;20878,16530609296;2825,828592934193;18052,33671315877;16
2006-04-03;20951,032032179904;905,8425919187114;20045,189440261194;18
2006-04-04;20898,40215952444;905,8425919187114;19992,55956760573;18
2006-04-05;21018,781000932664;905,8425919187114;20112,938409013954;18
2006-04-06;21171,50381983126;905,8425919187114;20265,66122791255;18
2006-04-07;21036,35607934262;905,8425919187114;20130,51348742391;18
2006-04-10;20840,312206091687;905,8425919187114;19934,469614172976;18
2006-04-11;20662,368424256463;905,8425919187114;19756,525832337753;18
2006-04-12;20880,617634651036;905,8425919187114;19974,775042732326;18
2006-04-13;20891,937183480793;905,8425919187114;19986,094591562083;18
2006-04-17;20863,204369032923;905,8425919187114;19957,361777114213;18
2006-04-18;21248,002704766714;905,8425919187114;20342,160112848003;18
2006-04-19;21427,0219134187;905,8425919187114;20521,17932149999;18
2006-04-20;21203,12642613589;905,8425919187114;20297,283834217178;18
2006-04-21;21002,715967493405;1839,9532969745037;19162,7626705189;17
2006-04-24;20921,471302722628;1839,9532969745037;19081,518005748123;17
2006-04-25;20779,329969362974;1839,9532969745037;18939,37667238847;17
2006-04-26;20735,531126420054;1839,9532969745037;18895,57782944555;17
2006-04-27;20672,145866739433;1839,9532969745037;18832,192569764928;17
2006-04-28;21005,939102116794;2841,7778230559684;18164,161279060827;16
2006-05-01;20928,66265064297;3059,6734817466813;17868,98916889629;16
2006-05-02;21105,238826726953;3059,6734817466813;18045,56534498027;16
2006-05-03;21295,990000205155;3059,6734817466813;18236,316518458472;16
2006-05-04;21341,5505525842;3059,6734817466813;18281,87707083752;16
2006-05-05;21540,840030269104;3059,6734817466813;18481,166548522422;16
2006-05-08;21593,452891511984;3059,6734817466813;18533,779409765302;16
2006-05-09;21575,213694393216;3059,6734817466813;18515,540212646534;16
2006-05-10;21510,00601936145;3059,6734817466813;18450,33253761477;16
2006-05-11;21087,726807824;4051,5832166203663;17036,143591203636;15
2006-05-12;20551,551739355476;4051,5832166203663;16499,96852273511;15
2006-05-15;20343,638083044858;5032,9383006387925;15310,699782406065;14
2006-05-16;20416,155913970288;5032,9383006387925;15383,217613331497;14
2006-05-17;19759,044287475626;5032,9383006387925;14726,105986836832;14
2006-05-18;19421,724360842927;6016,4999075319365;13405,22445331099;13
2006-05-19;19551,19383058643;6016,4999075319365;13534,693923054496;13
2006-05-22;19093,987985298634;6016,4999075319365;13077,488077766697;13
2006-05-23;19133,500255210685;6016,4999075319365;13117,00034767875;13
2006-05-24;19000,42812882076;6984,368956525843;12016,059172294918;12
2006-05-25;19482,09308982071;6984,368956525843;12497,724133294869;12
2006-05-26;19769,093021085835;6984,368956525843;12784,72406455999;12
2006-05-30;19315,90580248929;6823,977717426075;12491,928085063217;18
2006-05-31;19520,139672146117;6823,977717426075;12696,16195472004;18
2006-06-01;19798,256506712605;6823,977717426075;12974,27878928653;18
2006-06-02;19938,630326503226;6823,977717426075;13114,652609077151;18
2006-06-05;19478,629007934313;6823,977717426075;12654,651290508236;18
2006-06-06;19292,219484720594;6823,977717426075;12468,24176729452;18
2006-06-07;19117,434214656314;6823,977717426075;12293,45649723024;18
2006-06-08;19011,73677440358;6823,977717426075;12187,759056977506;18
2006-06-09;18942,0872972104;6823,977717426075;12118,109579784326;18
2006-06-12;18448,819864514277;8098,966985012579;10349,8528795017;16
2006-06-13;18075,038368869675;9796,450539684616;8278,58782918506;13
2006-06-14;18230,94489451241;9796,450539684616;8434,494354827795;13
2006-06-15;18695,06750700409;9796,450539684616;8898,616967319474;13
2006-06-16;18581,168748796896;9796,450539684616;8784,71820911228;13
2006-06-19;18381,88440625182;10679,412746645165;7702,471659606655;12
2006-06-20;18420,021410586138;10679,412746645165;7740,608663940975;12
2006-06-21;18635,749119207972;10679,412746645165;7956,336372562807;12
2006-06-22;18631,76315927763;10679,412746645165;7952,350412632468;12
2006-06-23;18711,749463748965;10679,412746645165;8032,336717103799;12
2006-06-26;18823,240682381453;10679,412746645165;8143,827935736287;12
2006-06-27;18673,74179162;10679,412746645165;7994,329044974833;12
2006-06-28;18770,38264191647;10679,412746645165;8090,969895271303;12
2006-06-29;19190,859543407227;10679,412746645165;8511,446796762064;12
2006-06-30;19402,859249207846;10679,412746645165;8723,44650256268;12
2006-07-03;19423,17822306944;19423,17822306944;0,0;0
2006-07-05;19423,17822306944;19423,17822306944;0,0;0
2006-07-06;19423,17822306944;19423,17822306944;0,0;0
2006-07-07;19423,17822306944;19423,17822306944;0,0;0
2006-07-10;19423,17822306944;19423,17822306944;0,0;0
2006-07-11;19423,17822306944;19423,17822306944;0,0;0
2006-07-12;19423,17822306944;19423,17822306944;0,0;0
2006-07-13;19423,17822306944;19423,17822306944;0,0;0
2006-07-14;19423,17822306944;19423,17822306944;0,0;0
2006-07-17;19423,17822306944;19423,17822306944;0,0;0
2006-07-18;19423,17822306944;19423,17822306944;0,0;0
2006-07-19;19423,17822306944;19423,17822306944;0,0;0
2006-07-20;19423,17822306944;19423,17822306944;0,0;0
2006-07-21;19423,17822306944;19423,17822306944;0,0;0
2006-07-24;19423,17822306944;19423,17822306944;0,0;0
2006-07-25;19423,17822306944;19423,17822306944;0,0;0
2006-07-26;19423,17822306944;19423,17822306944;0,0;0
2006-07-27;19423,17822306944;19423,17822306944;0,0;0
2006-07-28;19423,17822306944;19423,17822306944;0,0;0
2006-07-31;19423,17822306944;19423,17822306944;0,0;0
2006-08-01;19423,17822306944;19423,17822306944;0,0;0
2006-08-02;19423,17822306944;19423,17822306944;0,0;0
2006-08-03;19423,17822306944;19423,17822306944;0,0;0
2006-08-04;19423,17822306944;19423,17822306944;0,0;0
2006-08-07;19423,17822306944;19423,17822306944;0,0;0
2006-08-08;19423,17822306944;19423,17822306944;0,0;0
2006-08-09;19423,17822306944;19423,17822306944;0,0;0
2006-08-10;19423,17822306944;19423,17822306944;0,0;0
2006-08-11;19423,17822306944;19423,17822306944;0,0;0
2006-08-14;19423,17822306944;19423,17822306944;0,0;0
2006-08-15;19423,17822306944;19423,17822306944;0,0;0
2006-08-16;19423,17822306944;19423,17822306944;0,0;0
2006-08-17;19423,17822306944;19423,17822306944;0,0;0
2006-08-18;19423,17822306944;19423,17822306944;0,0;0
2006-08-21;19423,17822306944;19423,17822306944;0,0;0
2006-08-22;19423,17822306944;19423,17822306944;0,0;0
2006-08-23;19423,17822306944;19423,17822306944;0,0;0
2006-08-24;19423,17822306944;19423,17822306944;0,0;0
2006-08-25;19423,17822306944;19423,17822306944;0,0;0
2006-08-28;19423,17822306944;19423,17822306944;0,0;0
2006-08-29;19423,17822306944;19423,17822306944;0,0;0
2006-08-30;19423,17822306944;19423,17822306944;0,0;0
2006-08-31;19423,17822306944;19423,17822306944;0,0;0
2006-09-01;19423,17822306944;19423,17822306944;0,0;0
2006-09-05;19423,17822306944;19423,17822306944;0,0;0
2006-09-06;19423,17822306944;19423,17822306944;0,0;0
2006-09-07;19423,17822306944;19423,17822306944;0,0;0
2006-09-08;19423,17822306944;19423,17822306944;0,0;0
2006-09-11;19423,17822306944;19423,17822306944;0,0;0
2006-09-12;19423,17822306944;19423,17822306944;0,0;0
2006-09-13;19423,17822306944;19423,17822306944;0,0;0
2006-09-14;19423,17822306944;19423,17822306944;0,0;0
2006-09-15;19423,17822306944;19423,17822306944;0,0;0
2006-09-18;19423,17822306944;19423,17822306944;0,0;0
2006-09-19;19423,17822306944;19423,17822306944;0,0;0
2006-09-20;19423,17822306944;19423,17822306944;0,0;0
2006-09-21;19423,17822306944;19423,17822306944;0,0;0
2006-09-22;19423,17822306944;19423,17822306944;0,0;0
2006-09-25;19423,17822306944;19423,17822306944;0,0;0
2006-09-26;19423,17822306944;19423,17822306944;0,0;0
2006-09-27;19423,17822306944;19423,17822306944;0,0;0
2006-09-28;19423,17822306944;19423,17822306944;0,0;0
2006-09-29;19423,17822306944;19423,17822306944;0,0;0
2006-10-02;19423,17822306944;19423,17822306944;0,0;0
2006-10-03;19423,17822306944;19423,17822306944;0,0;0
2006-10-04;19423,17822306944;19423,17822306944;0,0;0
2006-10-05;19423,17822306944;19423,17822306944;0,0;0
2006-10-06;19423,17822306944;19423,17822306944;0,0;0
2006-10-09;19423,17822306944;19423,17822306944;0,0;0
2006-10-10;19423,17822306944;19423,17822306944;0,0;0
2006-10-11;19423,17822306944;19423,17822306944;0,0;0
2006-10-12;19423,17822306944;19423,17822306944;0,0;0
2006-10-13;19423,17822306944;19423,17822306944;0,0;0
2006-10-16;19423,17822306944;19423,17822306944;0,0;0
2006-10-17;19423,17822306944;19423,17822306944;0,0;0
2006-10-18;19423,17822306944;19423,17822306944;0,0;0
2006-10-19;19423,17822306944;19423,17822306944;0,0;0
2006-10-20;19423,17822306944;19423,17822306944;0,0;0
2006-10-23;19423,17822306944;19423,17822306944;0,0;0
2006-10-24;19423,17822306944;19423,17822306944;0,0;0
2006-10-25;19423,17822306944;19423,17822306944;0,0;0
2006-10-26;19423,17822306944;19423,17822306944;0,0;0
2006-10-27;19423,17822306944;19423,17822306944;0,0;0
2006-10-30;19385,88572088114;3847,343142425589;15538,54257845555;15
2006-10-31;19460,845297030493;3847,343142425589;15613,502154604903;15
2006-11-01;18939,51578312579;5650,633146407417;13288,882636718374;13
2006-11-02;18989,811905699084;5650,633146407417;13339,178759291664;13
2006-11-03;19043,42230105964;5650,633146407417;13392,78915465222;13
2006-11-06;19416,792875081133;5650,633146407417;13766,159728673718;13
2006-11-07;19559,218040599364;5650,633146407417;13908,584894191945;13
2006-11-08;19676,95043405436;5650,633146407417;14026,317287646943;13
2006-11-09;19651,13618405418;5650,633146407417;14000,50303764676;13
2006-11-10;19850,62785496472;5650,633146407417;14199,994708557304;13
2006-11-13;19996,961647141063;5650,633146407417;14346,328500733644;13
2006-11-14;20156,408815653667;5650,633146407417;14505,77566924625;13
2006-11-15;20124,561177347532;5650,633146407417;14473,928030940117;13
2006-11-16;20157,194826138977;5650,633146407417;14506,561679731562;13
2006-11-17;20122,247593065447;5650,633146407417;14471,61444665803;13
2006-11-20;20265,52242016485;5650,633146407417;14614,889273757432;13
2006-11-21;20307,866167026536;5650,633146407417;14657,233020619116;13
2006-11-22;20298,517103359296;5650,633146407417;14647,883956951879;13
2006-11-24;20327,63181332815;5650,633146407417;14676,998666920732;13
2006-11-27;19893,136531317265;19893,136531317265;0,0;0
2006-11-28;19893,136531317265;19893,136531317265;0,0;0
2006-11-29;19893,136531317265;19893,136531317265;0,0;0
2006-11-30;19893,136531317265;19893,136531317265;0,0;0
2006-12-01;19893,136531317265;19893,136531317265;0,0;0
2006-12-04;19893,136531317265;19893,136531317265;0,0;0
2006-12-05;19893,136531317265;19893,136531317265;0,0;0
2006-12-06;19893,136531317265;19893,136531317265;0,0;0
2006-12-07;19893,136531317265;19893,136531317265;0,0;0
2006-12-08;19893,136531317265;19893,136531317265;0,0;0
2006-12-11;19893,136531317265;19893,136531317265;0,0;0
2006-12-12;19893,136531317265;19893,136531317265;0,0;0
2006-12-13;19893,136531317265;19893,136531317265;0,0;0
2006-12-14;19893,136531317265;19893,136531317265;0,0;0
2006-12-15;19893,136531317265;19893,136531317265;0,0;0
2006-12-18;19893,136531317265;19893,136531317265;0,0;0
2006-12-19;19893,136531317265;19893,136531317265;0,0;0
2006-12-20;19893,136531317265;19893,136531317265;0,0;0
2006-12-21;19893,136531317265;19893,136531317265;0,0;0
2006-12-22;19893,136531317265;19893,136531317265;0,0;0
2006-12-26;19893,136531317265;19893,136531317265;0,0;0
2006-12-27;19893,136531317265;19893,136531317265;0,0;0
2006-12-28;19893,136531317265;19893,136531317265;0,0;0
2006-12-29;19893,136531317265;19893,136531317265;0,0;0
2007-01-03;19854,94170917714;3940,432484123321;15914,509225053818;15
2007-01-04;19930,09492243237;3940,432484123321;15989,662438309048;15
2007-01-05;19749,478465143424;3940,432484123321;15809,045981020101;15
2007-01-08;19809,47259587382;3940,432484123321;15869,040111750497;15
2007-01-09;19788,339473165586;3940,432484123321;15847,906989042265;15
2007-01-10;20055,576092220013;3940,432484123321;16115,143608096692;15
2007-01-11;20373,560634411322;3940,432484123321;16433,128150288;15
2007-01-12;20538,70637436748;3940,432484123321;16598,27389024416;15
2007-01-16;20727,49821601933;3940,432484123321;16787,065731896007;15
2007-01-17;20621,0811828211;3940,432484123321;16680,64869869778;15
2007-01-18;20363,835771787228;4870,072155688973;15493,763616098257;14
2007-01-19;20477,5005427762;4870,072155688973;15607,428387087228;14
2007-01-22;20311,142656542397;4870,072155688973;15441,070500853424;14
2007-01-23;20468,74860905128;4870,072155688973;15598,676453362306;14
2007-01-24;20772,26223174901;4870,072155688973;15902,190076060038;14
2007-01-25;20451,982255540286;4870,072155688973;15581,910099851315;14
2007-01-26;20459,05554532502;4870,072155688973;15588,983389636045;14
2007-01-29;20661,593673722564;20661,593673722564;0,0;0
2007-01-30;20661,593673722564;20661,593673722564;0,0;0
2007-01-31;20661,593673722564;20661,593673722564;0,0;0
2007-02-01;20661,593673722564;20661,593673722564;0,0;0
2007-02-02;20661,593673722564;20661,593673722564;0,0;0
2007-02-05;20661,593673722564;20661,593673722564;0,0;0
2007-02-06;20661,593673722564;20661,593673722564;0,0;0
2007-02-07;20661,593673722564;20661,593673722564;0,0;0
2007-02-08;20661,593673722564;20661,593673722564;0,0;0
2007-02-09;20661,593673722564;20661,593673722564;0,0;0
2007-02-12;20661,593673722564;20661,593673722564;0,0;0
2007-02-13;20661,593673722564;20661,593673722564;0,0;0
2007-02-14;20661,593673722564;20661,593673722564;0,0;0
2007-02-15;20661,593673722564;20661,593673722564;0,0;0
2007-02-16;20661,593673722564;20661,593673722564;0,0;0
2007-02-20;20661,593673722564;20661,593673722564;0,0;0
2007-02-21;20661,593673722564;20661,593673722564;0,0;0
2007-02-22;20661,593673722564;20661,593673722564;0,0;0
2007-02-23;20661,593673722564;20661,593673722564;0,0;0
2007-02-26;20661,593673722564;20661,593673722564;0,0;0
2007-02-27;20661,593673722564;20661,593673722564;0,0;0
2007-02-28;20661,593673722564;20661,593673722564;0,0;0
2007-03-01;20661,593673722564;20661,593673722564;0,0;0
2007-03-02;20661,593673722564;20661,593673722564;0,0;0
2007-03-05;20661,593673722564;20661,593673722564;0,0;0
2007-03-06;20661,593673722564;20661,593673722564;0,0;0
2007-03-07;20661,593673722564;20661,593673722564;0,0;0
2007-03-08;20661,593673722564;20661,593673722564;0,0;0
2007-03-09;20661,593673722564;20661,593673722564;0,0;0
2007-03-12;20661,593673722564;20661,593673722564;0,0;0
2007-03-13;20661,593673722564;20661,593673722564;0,0;0
2007-03-14;20661,593673722564;20661,593673722564;0,0;0
2007-03-15;20661,593673722564;20661,593673722564;0,0;0
2007-03-16;20661,593673722564;20661,593673722564;0,0;0
2007-03-19;20661,593673722564;20661,593673722564;0,0;0
2007-03-20;20661,593673722564;20661,593673722564;0,0;0
2007-03-21;20661,593673722564;20661,593673722564;0,0;0
2007-03-22;20661,593673722564;20661,593673722564;0,0;0
2007-03-23;20661,593673722564;20661,593673722564;0,0;0
2007-03-26;20661,593673722564;20661,593673722564;0,0;0
2007-03-27;20661,593673722564;20661,593673722564;0,0;0
2007-03-28;20661,593673722564;20661,593673722564;0,0;0
2007-03-29;20661,593673722564;20661,593673722564;0,0;0
2007-03-30;20661,593673722564;20661,593673722564;0,0;0
2007-04-02;20621,92341386902;4092,6484748909716;16529,274938978047;15
2007-04-03;20752,044225070946;4092,6484748909716;16659,395750179974;15
2007-04-04;20792,836891309642;4092,6484748909716;16700,18841641867;15
2007-04-05;20927,430928790956;4092,6484748909716;16834,782453899985;15
2007-04-09;20928,304911901054;4092,6484748909716;16835,656437010082;15
2007-04-10;20856,58007316298;4092,6484748909716;16763,931598272007;15
2007-04-11;20817,605046461333;4092,6484748909716;16724,95657157036;15
2007-04-12;20966,372572769957;4092,6484748909716;16873,724097878985;15
2007-04-13;21076,57483137536;4092,6484748909716;16983,92635648439;15
2007-04-16;21187,999210465474;5074,787042251981;16113,212168213495;14
2007-04-17;21170,619475541702;5074,787042251981;16095,83243328972;14
2007-04-18;21080,004920920237;5074,787042251981;16005,217878668256;14
2007-04-19;20866,998991907418;5074,787042251981;15792,211949655437;14
2007-04-20;21039,169325493254;5074,787042251981;15964,382283241273;14
2007-04-23;21206,924816036386;5074,787042251981;16132,137773784407;14
2007-04-24;20848,63389041766;6020,770452919055;14827,863437498605;13
2007-04-25;21048,161656766748;6020,770452919055;15027,391203847694;13
2007-04-26;21568,099562139436;6020,770452919055;15547,329109220382;13
2007-04-27;21399,454110489816;6020,770452919055;15378,683657570762;13
2007-04-30;21035,9847224458;3091,5799709878356;17944,40475145796;16
2007-05-01;21043,67393033768;3091,5799709878356;17952,093959349848;16
2007-05-02;21155,28941763504;3091,5799709878356;18063,709446647204;16
2007-05-03;21391,446027231665;3091,5799709878356;18299,866056243827;16
2007-05-04;21352,337286183974;3091,5799709878356;18260,75731519614;16
2007-05-07;21363,678401150068;4152,718007503543;17210,960393646525;15
2007-05-08;21315,86780637265;4152,718007503543;17163,149798869108;15
2007-05-09;21392,039347510487;4152,718007503543;17239,321340006944;15
2007-05-10;21085,411508324985;4152,718007503543;16932,693500821442;15
2007-05-11;21319,425449596885;4152,718007503543;17166,707442093342;15
2007-05-14;21249,71044763157;4152,718007503543;17096,992440128026;15
2007-05-15;21104,81407738641;4152,718007503543;16952,096069882868;15
2007-05-16;21234,218550021604;4152,718007503543;17081,50054251806;15
2007-05-17;21078,510518579365;5143,923592651188;15934,586925928179;14
2007-05-18;21158,22835440706;5143,923592651188;16014,304761755873;14
2007-05-21;21358,773448195672;6085,768462011929;15273,004986183745;13
2007-05-22;21397,319399054046;6085,768462011929;15311,550937042119;13
2007-05-23;21333,258646575683;6085,768462011929;15247,490184563754;13
2007-05-24;21006,11600029032;6085,768462011929;14920,347538278393;13
2007-05-25;21189,25476092984;6085,768462011929;15103,486298917913;13
2007-05-29;21259,657390104025;1879,7085367925258;19379,9488533115;17
2007-05-30;21551,282900674196;1879,7085367925258;19671,57436388167;17
2007-05-31;21603,590459500465;1879,7085367925258;19723,88192270794;17
2007-06-01;21739,496051696573;1879,7085367925258;19859,78751490405;17
2007-06-04;21994,098594959192;1879,7085367925258;20114,390058166668;17
2007-06-05;22209,980098121294;1879,7085367925258;20330,27156132877;17
2007-06-06;21928,852702152886;1879,7085367925258;20049,14416536036;17
2007-06-07;21432,555595949627;1879,7085367925258;19552,847059157102;17
2007-06-08;21742,161628602782;1879,7085367925258;19862,453091810257;17
2007-06-11;21715,950820538506;1879,7085367925258;19836,24228374598;17
2007-06-12;21608,683410465004;1879,7085367925258;19728,97487367248;17
2007-06-13;21875,810452916994;1879,7085367925258;19996,10191612447;17
2007-06-14;22113,26492677109;1879,7085367925258;20233,556389978567;17
2007-06-15;22487,12117562418;1879,7085367925258;20607,412638831654;17
2007-06-18;22697,298511073426;1879,7085367925258;20817,5899742809;17
2007-06-19;22889,64571022591;1879,7085367925258;21009,937173433384;17
2007-06-20;22602,79787133677;1879,7085367925258;20723,089334544246;17
2007-06-21;22856,043515126956;1879,7085367925258;20976,33497833443;17
2007-06-22;22650,244278026483;1879,7085367925258;20770,535741233958;17
2007-06-25;22454,610616315094;1879,7085367925258;20574,90207952257;17
2007-06-26;22361,85734851624;1879,7085367925258;20482,148811723717;17
2007-06-27;22479,56714767866;1879,7085367925258;20599,858610886135;17
2007-06-28;22721,67243953149;1879,7085367925258;20841,963902738964;17
2007-06-29;22634,391977090665;1879,7085367925258;20754,68344029814;17
2007-07-02;22924,34792590926;969,7037700945177;21954,64415581474;18
2007-07-03;22966,883696240322;969,7037700945177;21997,179926145804;18
2007-07-05;23083,4024180807;969,7037700945177;22113,69864798618;18
2007-07-06;23193,521945185978;969,7037700945177;22223,81817509146;18
2007-07-09;23572,534802169084;969,7037700945177;22602,831032074566;18
2007-07-10;23137,07270709558;969,7037700945177;22167,36893700106;18
2007-07-11;23305,252602904093;969,7037700945177;22335,548832809574;18
2007-07-12;23711,645281135206;969,7037700945177;22741,941511040688;18
2007-07-13;24192,929852329646;969,7037700945177;23223,226082235127;18
2007-07-16;24053,784105667757;969,7037700945177;23084,08033557324;18
2007-07-17;23992,71014465242;969,7037700945177;23023,006374557903;18
2007-07-18;23820,529689715233;969,7037700945177;22850,825919620715;18
2007-07-19;24086,392195408374;969,7037700945177;23116,688425313856;18
2007-07-20;23767,298335844152;969,7037700945177;22797,594565749634;18
2007-07-23;23620,520242197523;969,7037700945177;22650,816472103004;18
2007-07-24;22829,463358454206;969,7037700945177;21859,759588359688;18
2007-07-25;23118,295345770377;969,7037700945177;22148,59157567586;18
2007-07-26;22663,954883035818;969,7037700945177;21694,2511129413;18
2007-07-27;22449,45774760097;2028,5548648085553;20420,902882792412;17
2007-07-30;23034,886677810726;8076,219765115917;14958,66691269481;18
2007-07-31;22943,869004647757;8076,219765115917;14867,649239531838;18
2007-08-01;22813,717306980685;8076,219765115917;14737,497541864768;18
2007-08-02;23064,62168439247;8076,219765115917;14988,401919276555;18
2007-08-03;22578,058533311058;8076,219765115917;14501,83876819514;18
2007-08-06;22568,845621772824;8692,86622111727;13875,979400655553;17
2007-08-07;22795,88549336259;8692,86622111727;14103,019272245323;17
2007-08-08;22957,58249221099;8692,86622111727;14264,716271093717;17
2007-08-09;22462,61374470099;8692,86622111727;13769,747523583717;17
2007-08-10;22576,78078087909;8692,86622111727;13883,914559761819;17
2007-08-13;22678,96684843825;8692,86622111727;13986,100627320979;17
2007-08-14;22411,1536217994;8692,86622111727;13718,28740068213;17
2007-08-15;22005,35781471552;9293,967427656922;12711,390387058596;16
2007-08-16;21646,722938353858;11209,218082216496;10437,504856137362;13
2007-08-17;21865,995423431654;11209,218082216496;10656,77734121516;13
2007-08-20;22016,15766876015;11209,218082216496;10806,939586543655;13
2007-08-21;22231,49701736202;11209,218082216496;11022,278935145525;13
2007-08-22;22513,157758281;11209,218082216496;11303,939676064505;13
2007-08-23;22429,367908706874;11209,218082216496;11220,149826490377;13
2007-08-24;22698,348422451567;11209,218082216496;11489,130340235071;13
2007-08-27;22603,663231274608;11209,218082216496;11394,445149058114;13
2007-08-28;22075,363747547173;11209,218082216496;10866,145665330678;13
2007-08-29;22413,823818763412;11209,218082216496;11204,605736546917;13
2007-08-30;22502,680612748332;11209,218082216496;11293,462530531837;13
2007-08-31;22794,07201098142;11209,218082216496;11584,853928764924;13
2007-09-04;23074,73248150672;10864,91975414776;12209,812727358958;16
2007-09-05;22994,27017997673;10864,91975414776;12129,35042582897;16
2007-09-06;23163,03559455608;10864,91975414776;12298,115840408318;16
2007-09-07;22844,152197948417;10864,91975414776;11979,232443800654;16
2007-09-10;22806,405229966942;10864,91975414776;11941,485475819183;16
2007-09-11;23006,24790715783;10864,91975414776;12141,32815301007;16
2007-09-12;22988,3014059512;10864,91975414776;12123,381651803436;16
2007-09-13;23079,65851179925;10864,91975414776;12214,738757651492;16
2007-09-14;23030,8041611458;10864,91975414776;12165,884406998039;16
2007-09-17;23021,787794627802;10864,91975414776;12156,868040480042;16
2007-09-18;23564,93068307217;10864,91975414776;12700,010928924408;16
2007-09-19;23678,28716641215;10864,91975414776;12813,367412264386;16
2007-09-20;23654,611481785272;10864,91975414776;12789,691727637513;16
2007-09-21;23873,76494242289;10864,91975414776;13008,84518827513;16
2007-09-24;23895,30525788353;10864,91975414776;13030,38550373577;16
2007-09-25;24088,449012134733;10864,91975414776;13223,529257986971;16
2007-09-26;24185,150736963285;10864,91975414776;13320,230982815525;16
2007-09-27;24282,680542332433;10864,91975414776;13417,760788184674;16
2007-09-28;24170,651927449093;10864,91975414776;13305,73217330133;16
2007-10-01;24413,43479783132;1623,1749196064025;22790,25987822492;19
2007-10-02;24346,05757622933;1623,1749196064025;22722,88265662293;19
2007-10-03;23825,03185302394;1623,1749196064025;22201,856933417537;19
2007-10-04;24159,212768951853;1623,1749196064025;22536,037849345452;19
2007-10-05;24567,356729462896;1623,1749196064025;22944,181809856495;19
2007-10-08;24879,898070584637;1623,1749196064025;23256,723150978236;19
2007-10-09;25213,07719366522;1623,1749196064025;23589,90227405882;19
2007-10-10;25315,97538911138;1623,1749196064025;23692,80046950498;19
2007-10-11;24784,6160528713;1623,1749196064025;23161,4411332649;19
2007-10-12;25273,113465630002;1623,1749196064025;23649,9385460236;19
2007-10-15;25211,226642182886;1623,1749196064025;23588,051722576485;19
2007-10-16;25121,658874292993;1623,1749196064025;23498,48395468659;19
2007-10-17;25247,20230302049;1623,1749196064025;23624,02738341409;19
2007-10-18;25504,675664941686;1623,1749196064025;23881,500745335285;19
2007-10-19;24939,157007782702;1623,1749196064025;23315,9820881763;19
2007-10-22;25158,58765398608;1623,1749196064025;23535,41273437968;19
2007-10-23;26076,138021003866;1623,1749196064025;24452,963101397465;19
2007-10-24;25932,041249273356;1623,1749196064025;24308,866329666955;19
2007-10-25;25390,557375066364;1623,1749196064025;23767,382455459963;19
2007-10-26;25674,18819011941;1623,1749196064025;24051,01327051301;19
2007-10-29;25852,86861281518;1562,2948211380544;24290,573791677125;18
2007-10-30;25553,71576604299;1562,2948211380544;23991,420944904938;18
2007-10-31;25723,810110346036;1562,2948211380544;24161,515289207982;18
2007-11-01;24989,373092149755;1562,2948211380544;23427,078271011702;18
2007-11-02;25047,74795212021;2676,898588632009;22370,849363488203;17
2007-11-05;24767,451384830838;2676,898588632009;22090,55279619883;17
2007-11-06;25442,656481844522;2676,898588632009;22765,757893212514;17
2007-11-07;24923,228707517086;2676,898588632009;22246,33011888508;17
2007-11-08;24650,475724238328;2676,898588632009;21973,57713560632;17
2007-11-09;23931,560845291355;2676,898588632009;21254,662256659347;17
2007-11-12;22520,107935552962;4964,758877339583;17555,349058213378;15
2007-11-13;23448,63224300959;4964,758877339583;18483,873365670006;15
2007-11-14;23387,852004953806;4964,758877339583;18423,093127614222;15
2007-11-15;22932,773094663804;4964,758877339583;17968,01421732422;15
2007-11-16;23266,426180296523;4964,758877339583;18301,66730295694;15
2007-11-19;22638,373627434856;4964,758877339583;17673,614750095272;15
2007-11-20;22880,705003724754;6152,354019074996;16728,350984649758;14
2007-11-21;22617,383716635213;7175,018481492904;15442,36523514231;13
2007-11-23;22859,155702809057;7175,018481492904;15684,137221316152;13
2007-11-26;22835,54488894844;7175,018481492904;15660,526407455534;13
2007-11-27;23255,168429692374;7175,018481492904;16080,14994819947;13
2007-11-28;24091,094037441035;7175,018481492904;16916,07555594813;13
2007-11-29;24138,910835270763;7175,018481492904;16963,892353777857;13
2007-11-30;24326,57289962807;7175,018481492904;17151,554418135165;13
2007-12-03;24463,652196501625;9808,707938659723;14654,944257841902;17
2007-12-04;24410,335887022564;9808,707938659723;14601,627948362839;17
2007-12-05;24800,095397842382;9808,707938659723;14991,387459182659;17
2007-12-06;25030,87141572561;9808,707938659723;15222,163477065886;17
2007-12-07;25233,014687785384;9808,707938659723;15424,306749125659;17
2007-12-10;25386,88075202722;9808,707938659723;15578,172813367497;17
2007-12-11;24912,031704245517;9808,707938659723;15103,323765585794;17
2007-12-12;24975,89845603522;9808,707938659723;15167,190517375495;17
2007-12-13;24893,4466105343;10447,482161608514;14445,96444892579;16
2007-12-14;24739,692982738306;10447,482161608514;14292,210821129791;16
2007-12-17;24324,660811053105;10447,482161608514;13877,178649444591;16
2007-12-18;24329,445902243824;10447,482161608514;13881,963740635312;16
2007-12-19;24497,8973117547;10447,482161608514;14050,415150146184;16
2007-12-20;24807,721557743716;10447,482161608514;14360,239396135203;16
2007-12-21;24998,225859041922;10447,482161608514;14550,743697433409;16
2007-12-24;25174,400517223497;10447,482161608514;14726,918355614982;16
2007-12-26;25351,854297661463;10447,482161608514;14904,372136052947;16
2007-12-27;25202,68810465059;10447,482161608514;14755,205943042078;16
2007-12-28;25167,013011767413;10447,482161608514;14719,530850158899;16
2007-12-31;24990,415270106;19161,588145617872;5828,827124488127;16
2008-01-02;24985,06316617918;19161,588145617872;5823,475020561309;16
2008-01-03;25023,14938963519;19161,588145617872;5861,561244017317;16
2008-01-04;24754,657857863145;19161,588145617872;5593,069712245271;16
2008-01-07;24693,342086709818;19161,588145617872;5531,7539410919435;16
2008-01-08;24518,476341762653;20004,23947670315;4514,236865059503;13
2008-01-09;24575,858010268552;20004,23947670315;4571,6185335654;13
2008-01-10;24553,994448560836;20004,23947670315;4549,754971857686;13
2008-01-11;24499,43346399212;20281,185823919004;4218,247640073119;12
2008-01-14;24647,98834094088;20281,185823919004;4366,802517021873;12
2008-01-15;24453,66349206154;20536,18713578375;3917,476356277789;11
2008-01-16;24269,59122334073;20536,18713578375;3733,4040875569767;11
2008-01-17;24094,099795101363;22136,35194209409;1957,7478530072713;7
2008-01-18;24102,541066208567;22136,35194209409;1966,1891241144751;7
2008-01-22;24093,530566480742;22136,35194209409;1957,1786243866518;7
2008-01-23;24053,866389084364;22136,35194209409;1917,514446990272;7
2008-01-24;24148,190961534077;22136,35194209409;2011,8390194399853;7
2008-01-25;24143,245538421652;22136,35194209409;2006,8935963275628;7
2008-01-28;24162,94391210104;24162,94391210104;0,0;0
2008-01-29;24162,94391210104;24162,94391210104;0,0;0
2008-01-30;24162,94391210104;24162,94391210104;0,0;0
2008-01-31;24162,94391210104;24162,94391210104;0,0;0
2008-02-01;24162,94391210104;24162,94391210104;0,0;0
2008-02-04;24162,94391210104;24162,94391210104;0,0;0
2008-02-05;24162,94391210104;24162,94391210104;0,0;0
2008-02-06;24162,94391210104;24162,94391210104;0,0;0
2008-02-07;24162,94391210104;24162,94391210104;0,0;0
2008-02-08;24162,94391210104;24162,94391210104;0,0;0
2008-02-11;24162,94391210104;24162,94391210104;0,0;0
2008-02-12;24162,94391210104;24162,94391210104;0,0;0
2008-02-13;24162,94391210104;24162,94391210104;0,0;0
2008-02-14;24162,94391210104;24162,94391210104;0,0;0
2008-02-15;24162,94391210104;24162,94391210104;0,0;0
2008-02-19;24162,94391210104;24162,94391210104;0,0;0
2008-02-20;24162,94391210104;24162,94391210104;0,0;0
2008-02-21;24162,94391210104;24162,94391210104;0,0;0
2008-02-22;24162,94391210104;24162,94391210104;0,0;0
2008-02-25;24162,94391210104;24162,94391210104;0,0;0
2008-02-26;24162,94391210104;24162,94391210104;0,0;0
2008-02-27;24162,94391210104;24162,94391210104;0,0;0
2008-02-28;24162,94391210104;24162,94391210104;0,0;0
2008-02-29;24162,94391210104;24162,94391210104;0,0;0
2008-03-03;24162,94391210104;24162,94391210104;0,0;0
2008-03-04;24162,94391210104;24162,94391210104;0,0;0
2008-03-05;24162,94391210104;24162,94391210104;0,0;0
2008-03-06;24162,94391210104;24162,94391210104;0,0;0
2008-03-07;24162,94391210104;24162,94391210104;0,0;0
2008-03-10;24162,94391210104;24162,94391210104;0,0;0
2008-03-11;24162,94391210104;24162,94391210104;0,0;0
2008-03-12;24162,94391210104;24162,94391210104;0,0;0
2008-03-13;24162,94391210104;24162,94391210104;0,0;0
2008-03-14;24162,94391210104;24162,94391210104;0,0;0
2008-03-17;24162,94391210104;24162,94391210104;0,0;0
2008-03-18;24162,94391210104;24162,94391210104;0,0;0
2008-03-19;24162,94391210104;24162,94391210104;0,0;0
2008-03-20;24162,94391210104;24162,94391210104;0,0;0
2008-03-24;24162,94391210104;24162,94391210104;0,0;0
2008-03-25;24162,94391210104;24162,94391210104;0,0;0
2008-03-26;24162,94391210104;24162,94391210104;0,0;0
2008-03-27;24162,94391210104;24162,94391210104;0,0;0
2008-03-28;24162,94391210104;24162,94391210104;0,0;0
2008-03-31;24162,94391210104;24162,94391210104;0,0;0
2008-04-01;24162,94391210104;24162,94391210104;0,0;0
2008-04-02;24162,94391210104;24162,94391210104;0,0;0
2008-04-03;24162,94391210104;24162,94391210104;0,0;0
2008-04-04;24162,94391210104;24162,94391210104;0,0;0
2008-04-07;24162,94391210104;24162,94391210104;0,0;0
2008-04-08;24162,94391210104;24162,94391210104;0,0;0
2008-04-09;24162,94391210104;24162,94391210104;0,0;0
2008-04-10;24162,94391210104;24162,94391210104;0,0;0
2008-04-11;24162,94391210104;24162,94391210104;0,0;0
2008-04-14;24162,94391210104;24162,94391210104;0,0;0
2008-04-15;24162,94391210104;24162,94391210104;0,0;0
2008-04-16;24162,94391210104;24162,94391210104;0,0;0
2008-04-17;24162,94391210104;24162,94391210104;0,0;0
2008-04-18;24162,94391210104;24162,94391210104;0,0;0
2008-04-21;24162,94391210104;24162,94391210104;0,0;0
2008-04-22;24162,94391210104;24162,94391210104;0,0;0
2008-04-23;24162,94391210104;24162,94391210104;0,0;0
2008-04-24;24162,94391210104;24162,94391210104;0,0;0
2008-04-25;24162,94391210104;24162,94391210104;0,0;0
2008-04-28;24162,94391210104;24162,94391210104;0,0;0
2008-04-29;24162,94391210104;24162,94391210104;0,0;0
2008-04-30;24162,94391210104;24162,94391210104;0,0;0
2008-05-01;24162,94391210104;24162,94391210104;0,0;0
2008-05-02;24162,94391210104;24162,94391210104;0,0;0
2008-05-05;24162,94391210104;24162,94391210104;0,0;0
2008-05-06;24162,94391210104;24162,94391210104;0,0;0
2008-05-07;24162,94391210104;24162,94391210104;0,0;0
2008-05-08;24162,94391210104;24162,94391210104;0,0;0
2008-05-09;24162,94391210104;24162,94391210104;0,0;0
2008-05-12;24162,94391210104;24162,94391210104;0,0;0
2008-05-13;24162,94391210104;24162,94391210104;0,0;0
2008-05-14;24162,94391210104;24162,94391210104;0,0;0
2008-05-15;24162,94391210104;24162,94391210104;0,0;0
2008-05-16;24162,94391210104;24162,94391210104;0,0;0
2008-05-19;24162,94391210104;24162,94391210104;0,0;0
2008-05-20;24162,94391210104;24162,94391210104;0,0;0
2008-05-21;24162,94391210104;24162,94391210104;0,0;0
2008-05-22;24162,94391210104;24162,94391210104;0,0;0
2008-05-23;24162,94391210104;24162,94391210104;0,0;0
2008-05-27;24162,94391210104;24162,94391210104;0,0;0
2008-05-28;24162,94391210104;24162,94391210104;0,0;0
2008-05-29;24162,94391210104;24162,94391210104;0,0;0
2008-05-30;24162,94391210104;24162,94391210104;0,0;0
2008-06-02;24133,948379406505;12052,476423355987;12081,471956050518;15
2008-06-03;24150,365680824976;12052,476423355987;12097,889257468989;15
2008-06-04;24053,07987878296;12052,476423355987;12000,603455426972;15
2008-06-05;24498,863339307325;12052,476423355987;12446,38691595134;15
2008-06-06;24206,71670608327;12052,476423355987;12154,240282727282;15
2008-06-09;24397,35665854645;12052,476423355987;12344,880235190461;15
2008-06-10;24303,559441576366;12770,728678716221;11532,830762860145;14
2008-06-11;24161,690159170234;12770,728678716221;11390,961480454014;14
2008-06-12;24150,663502405634;12770,728678716221;11379,934823689413;14
2008-06-13;24404,40134106353;12770,728678716221;11633,672662347308;14
2008-06-16;24497,278237210456;12770,728678716221;11726,549558494235;14
2008-06-17;24599,00218608827;13488,017812188846;11110,984373899424;13
2008-06-18;24547,44824588201;13488,017812188846;11059,430433693164;13
2008-06-19;24527,434519644718;13488,017812188846;11039,416707455874;13
2008-06-20;24422,93301790579;13488,017812188846;10934,915205716945;13
2008-06-23;24547,390697574465;13488,017812188846;11059,37288538562;13
2008-06-24;24359,35192443533;13488,017812188846;10871,334112246484;13
2008-06-25;24386,84111431622;13488,017812188846;10898,823302127374;13
2008-06-26;24085,050045285738;13488,017812188846;10597,03223309689;13
2008-06-27;24123,693758414214;13488,017812188846;10635,675946225369;13
2008-06-30;24168,213948783363;19331,774931786967;4836,439016996395;15
2008-07-01;24161,501709372988;19331,774931786967;4829,726777586021;15
2008-07-02;23893,4057511622;19598,46477676648;4294,940974395722;14
2008-07-03;23854,2509221256;20207,9395030294;3646,311419096202;12
2008-07-07;23818,669488580646;20207,9395030294;3610,7299855512474;12
2008-07-08;23830,549176093948;21047,54061364054;2783,0085624534063;9
2008-07-09;23799,262198461613;21598,23657016572;2201,025628295889;7
2008-07-10;23839,527546863363;21598,23657016572;2241,290976697641;7
2008-07-11;23874,53543604725;21598,23657016572;2276,2988658815257;7
2008-07-14;23928,174666988838;21598,23657016572;2329,9380968231176;7
2008-07-15;23892,321439197523;21598,23657016572;2294,0848690318026;7
2008-07-16;23958,43099591894;21598,23657016572;2360,194425753218;7
2008-07-17;23949,182580753808;21598,23657016572;2350,9460105880876;7
2008-07-18;23916,05090288915;21598,23657016572;2317,8143327234284;7
2008-07-21;23944,61748206377;21598,23657016572;2346,380911898051;7
2008-07-22;23972,46807954898;21598,23657016572;2374,2315093832576;7
2008-07-23;23891,00776321872;21598,23657016572;2292,771193052998;7
2008-07-24;23847,143968508393;21598,23657016572;2248,907398342673;7
2008-07-25;23880,16311866957;21598,23657016572;2281,9265485038472;7
2008-07-28;23838,219887132083;19069,31417084957;4768,905716282511;15
2008-07-29;23963,551236911153;19069,31417084957;4894,237066061581;15
2008-07-30;24087,789544784773;19069,31417084957;5018,475373935202;15
2008-07-31;23981,325632765052;19069,31417084957;4912,011461915483;15
2008-08-01;23935,24639110895;19365,937619388395;4569,308771720554;14
2008-08-04;23845,355839919488;19648,530099173502;4196,825740745988;13
2008-08-05;23938,61488485807;19648,530099173502;4290,084785684569;13
2008-08-06;23939,64234784987;19648,530099173502;4291,112248676365;13
2008-08-07;23887,897355072888;19648,530099173502;4239,367255899386;13
2008-08-08;23971,627218252186;19648,530099173502;4323,097119078682;13
2008-08-11;23929,965395118696;19921,389081825862;4008,5763132928337;12
2008-08-12;23889,88254133668;19921,389081825862;3968,493459510818;12
2008-08-13;23904,145527596596;19921,389081825862;3982,756445770733;12
2008-08-14;23923,20453108743;19921,389081825862;4001,8154492615677;12
2008-08-15;23937,5798848982;19921,389081825862;4016,1908030723403;12
2008-08-18;23874,717216199224;19921,389081825862;3953,328134373362;12
2008-08-19;23825,652060863675;19921,389081825862;3904,2629790378114;12
2008-08-20;23856,635902555114;19921,389081825862;3935,2468207292522;12
2008-08-21;23848,454621788198;19921,389081825862;3927,0655399623347;12
2008-08-22;23899,291437963675;19921,389081825862;3977,9023561378112;12
2008-08-25;23812,392084172494;19921,389081825862;3891,0030023466315;12
2008-08-26;23840,97597949711;19921,389081825862;3919,586897671249;12
2008-08-27;23866,132221543434;19921,389081825862;3944,7431397175706;12
2008-08-28;23931,781993962166;19921,389081825862;4010,3929121363044;12
2008-08-29;23908,94475171803;19921,389081825862;3987,555669892169;12
2008-09-02;23838,281967655028;19069,672232070236;4768,609735584794;15
2008-09-03;23795,934696980068;19069,672232070236;4726,262464909831;15
2008-09-04;23591,508523435186;19353,28946433596;4238,219059099227;14
2008-09-05;23596,349164292245;19353,28946433596;4243,059699956286;14
2008-09-08;23662,74353844283;19624,28408644656;4038,4594519962716;13
2008-09-09;23526,066594596727;19624,28408644656;3901,782508150166;13
2008-09-10;23554,67355170416;19624,28408644656;3930,389465257598;13
2008-09-11;23621,65402473116;19624,28408644656;3997,3699382846;13
2008-09-12;23601,231479192;19624,28408644656;3976,947392745437;13
2008-09-15;23410,43174360211;19838,42931066778;3572,002432934328;12
2008-09-16;23473,259028602915;20116,42744063798;3356,8315879649326;11
2008-09-17;23337,767522311977;20394,657279214338;2943,110243097638;10
2008-09-18;23431,86761333773;20394,657279214338;3037,2103341233924;10
2008-09-19;23503,876484518598;20394,657279214338;3109,2192053042604;10
2008-09-22;23381,14053830167;20394,657279214338;2986,483259087333;10
2008-09-23;23382,070650682872;20394,657279214338;2987,4133714685327;10
2008-09-24;23337,256460187888;20394,657279214338;2942,599180973551;10
2008-09-25;23377,18448362374;20394,657279214338;2982,527204409402;10
2008-09-26;23416,376482167925;20394,657279214338;3021,7192029535872;10
2008-09-29;23256,833559394494;23256,833559394494;0,0;0
2008-09-30;23256,833559394494;23256,833559394494;0,0;0
2008-10-01;23256,833559394494;23256,833559394494;0,0;0
2008-10-02;23256,833559394494;23256,833559394494;0,0;0
2008-10-03;23256,833559394494;23256,833559394494;0,0;0
2008-10-06;23256,833559394494;23256,833559394494;0,0;0
2008-10-07;23256,833559394494;23256,833559394494;0,0;0
2008-10-08;23256,833559394494;23256,833559394494;0,0;0
2008-10-09;23256,833559394494;23256,833559394494;0,0;0
2008-10-10;23256,833559394494;23256,833559394494;0,0;0
2008-10-13;23256,833559394494;23256,833559394494;0,0;0
2008-10-14;23256,833559394494;23256,833559394494;0,0;0
2008-10-15;23256,833559394494;23256,833559394494;0,0;0
2008-10-16;23256,833559394494;23256,833559394494;0,0;0
2008-10-17;23256,833559394494;23256,833559394494;0,0;0
2008-10-20;23256,833559394494;23256,833559394494;0,0;0
2008-10-21;23256,833559394494;23256,833559394494;0,0;0
2008-10-22;23256,833559394494;23256,833559394494;0,0;0
2008-10-23;23256,833559394494;23256,833559394494;0,0;0
2008-10-24;23256,833559394494;23256,833559394494;0,0;0
2008-10-27;23256,833559394494;23256,833559394494;0,0;0
2008-10-28;23256,833559394494;23256,833559394494;0,0;0
2008-10-29;23256,833559394494;23256,833559394494;0,0;0
2008-10-30;23256,833559394494;23256,833559394494;0,0;0
2008-10-31;23256,833559394494;23256,833559394494;0,0;0
2008-11-03;23256,833559394494;23256,833559394494;0,0;0
2008-11-04;23256,833559394494;23256,833559394494;0,0;0
2008-11-05;23256,833559394494;23256,833559394494;0,0;0
2008-11-06;23256,833559394494;23256,833559394494;0,0;0
2008-11-07;23256,833559394494;23256,833559394494;0,0;0
2008-11-10;23256,833559394494;23256,833559394494;0,0;0
2008-11-11;23256,833559394494;23256,833559394494;0,0;0
2008-11-12;23256,833559394494;23256,833559394494;0,0;0
2008-11-13;23256,833559394494;23256,833559394494;0,0;0
2008-11-14;23256,833559394494;23256,833559394494;0,0;0
2008-11-17;23256,833559394494;23256,833559394494;0,0;0
2008-11-18;23256,833559394494;23256,833559394494;0,0;0
2008-11-19;23256,833559394494;23256,833559394494;0,0;0
2008-11-20;23256,833559394494;23256,833559394494;0,0;0
2008-11-21;23256,833559394494;23256,833559394494;0,0;0
2008-11-24;23256,833559394494;23256,833559394494;0,0;0
2008-11-25;23256,833559394494;23256,833559394494;0,0;0
2008-11-26;23256,833559394494;23256,833559394494;0,0;0
2008-11-28;23256,833559394494;23256,833559394494;0,0;0
2008-12-01;23256,833559394494;23256,833559394494;0,0;0
2008-12-02;23256,833559394494;23256,833559394494;0,0;0
2008-12-03;23256,833559394494;23256,833559394494;0,0;0
2008-12-04;23256,833559394494;23256,833559394494;0,0;0
2008-12-05;23256,833559394494;23256,833559394494;0,0;0
2008-12-08;23256,833559394494;23256,833559394494;0,0;0
2008-12-09;23256,833559394494;23256,833559394494;0,0;0
2008-12-10;23256,833559394494;23256,833559394494;0,0;0
2008-12-11;23256,833559394494;23256,833559394494;0,0;0
2008-12-12;23256,833559394494;23256,833559394494;0,0;0
2008-12-15;23256,833559394494;23256,833559394494;0,0;0
2008-12-16;23256,833559394494;23256,833559394494;0,0;0
2008-12-17;23256,833559394494;23256,833559394494;0,0;0
2008-12-18;23256,833559394494;23256,833559394494;0,0;0
2008-12-19;23256,833559394494;23256,833559394494;0,0;0
2008-12-22;23256,833559394494;23256,833559394494;0,0;0
2008-12-23;23256,833559394494;23256,833559394494;0,0;0
2008-12-24;23256,833559394494;23256,833559394494;0,0;0
2008-12-26;23256,833559394494;23256,833559394494;0,0;0
2008-12-29;23256,833559394494;23256,833559394494;0,0;0
2008-12-30;23256,833559394494;23256,833559394494;0,0;0
2008-12-31;23256,833559394494;23256,833559394494;0,0;0
2009-01-02;23256,833559394494;23256,833559394494;0,0;0
2009-01-05;23256,833559394494;23256,833559394494;0,0;0
2009-01-06;23256,833559394494;23256,833559394494;0,0;0
2009-01-07;23256,833559394494;23256,833559394494;0,0;0
2009-01-08;23256,833559394494;23256,833559394494;0,0;0
2009-01-09;23256,833559394494;23256,833559394494;0,0;0
2009-01-12;23256,833559394494;23256,833559394494;0,0;0
2009-01-13;23256,833559394494;23256,833559394494;0,0;0
2009-01-14;23256,833559394494;23256,833559394494;0,0;0
2009-01-15;23256,833559394494;23256,833559394494;0,0;0
2009-01-16;23256,833559394494;23256,833559394494;0,0;0
2009-01-20;23256,833559394494;23256,833559394494;0,0;0
2009-01-21;23256,833559394494;23256,833559394494;0,0;0
2009-01-22;23256,833559394494;23256,833559394494;0,0;0
2009-01-23;23256,833559394494;23256,833559394494;0,0;0
2009-01-26;23256,833559394494;23256,833559394494;0,0;0
2009-01-27;23256,833559394494;23256,833559394494;0,0;0
2009-01-28;23256,833559394494;23256,833559394494;0,0;0
2009-01-29;23256,833559394494;23256,833559394494;0,0;0
2009-01-30;23256,833559394494;23256,833559394494;0,0;0
2009-02-02;23256,833559394494;23256,833559394494;0,0;0
2009-02-03;23256,833559394494;23256,833559394494;0,0;0
2009-02-04;23256,833559394494;23256,833559394494;0,0;0
2009-02-05;23256,833559394494;23256,833559394494;0,0;0
2009-02-06;23256,833559394494;23256,833559394494;0,0;0
2009-02-09;23256,833559394494;23256,833559394494;0,0;0
2009-02-10;23256,833559394494;23256,833559394494;0,0;0
2009-02-11;23256,833559394494;23256,833559394494;0,0;0
2009-02-12;23256,833559394494;23256,833559394494;0,0;0
2009-02-13;23256,833559394494;23256,833559394494;0,0;0
2009-02-17;23256,833559394494;23256,833559394494;0,0;0
2009-02-18;23256,833559394494;23256,833559394494;0,0;0
2009-02-19;23256,833559394494;23256,833559394494;0,0;0
2009-02-20;23256,833559394494;23256,833559394494;0,0;0
2009-02-23;23256,833559394494;23256,833559394494;0,0;0
2009-02-24;23256,833559394494;23256,833559394494;0,0;0
2009-02-25;23256,833559394494;23256,833559394494;0,0;0
2009-02-26;23256,833559394494;23256,833559394494;0,0;0
2009-02-27;23256,833559394494;23256,833559394494;0,0;0
2009-03-02;23256,833559394494;23256,833559394494;0,0;0
2009-03-03;23256,833559394494;23256,833559394494;0,0;0
2009-03-04;23256,833559394494;23256,833559394494;0,0;0
2009-03-05;23256,833559394494;23256,833559394494;0,0;0
2009-03-06;23256,833559394494;23256,833559394494;0,0;0
2009-03-09;23256,833559394494;23256,833559394494;0,0;0
2009-03-10;23256,833559394494;23256,833559394494;0,0;0
2009-03-11;23256,833559394494;23256,833559394494;0,0;0
2009-03-12;23256,833559394494;23256,833559394494;0,0;0
2009-03-13;23256,833559394494;23256,833559394494;0,0;0
2009-03-16;23256,833559394494;23256,833559394494;0,0;0
2009-03-17;23256,833559394494;23256,833559394494;0,0;0
2009-03-18;23256,833559394494;23256,833559394494;0,0;0
2009-03-19;23256,833559394494;23256,833559394494;0,0;0
2009-03-20;23256,833559394494;23256,833559394494;0,0;0
2009-03-23;23256,833559394494;23256,833559394494;0,0;0
2009-03-24;23256,833559394494;23256,833559394494;0,0;0
2009-03-25;23256,833559394494;23256,833559394494;0,0;0
2009-03-26;23256,833559394494;23256,833559394494;0,0;0
2009-03-27;23256,833559394494;23256,833559394494;0,0;0
2009-03-30;23256,833559394494;23256,833559394494;0,0;0
2009-03-31;23256,833559394494;23256,833559394494;0,0;0
2009-04-01;23256,833559394494;23256,833559394494;0,0;0
2009-04-02;23256,833559394494;23256,833559394494;0,0;0
2009-04-03;23256,833559394494;23256,833559394494;0,0;0
2009-04-06;23256,833559394494;23256,833559394494;0,0;0
2009-04-07;23256,833559394494;23256,833559394494;0,0;0
2009-04-08;23256,833559394494;23256,833559394494;0,0;0
2009-04-09;23256,833559394494;23256,833559394494;0,0;0
2009-04-13;23256,833559394494;23256,833559394494;0,0;0
2009-04-14;23256,833559394494;23256,833559394494;0,0;0
2009-04-15;23256,833559394494;23256,833559394494;0,0;0
2009-04-16;23256,833559394494;23256,833559394494;0,0;0
2009-04-17;23256,833559394494;23256,833559394494;0,0;0
2009-04-20;23256,833559394494;23256,833559394494;0,0;0
2009-04-21;23256,833559394494;23256,833559394494;0,0;0
2009-04-22;23256,833559394494;23256,833559394494;0,0;0
2009-04-23;23256,833559394494;23256,833559394494;0,0;0
2009-04-24;23256,833559394494;23256,833559394494;0,0;0
2009-04-27;23256,833559394494;23256,833559394494;0,0;0
2009-04-28;23256,833559394494;23256,833559394494;0,0;0
2009-04-29;23256,833559394494;23256,833559394494;0,0;0
2009-04-30;23256,833559394494;23256,833559394494;0,0;0
2009-05-01;23256,833559394494;23256,833559394494;0,0;0
2009-05-04;23256,833559394494;23256,833559394494;0,0;0
2009-05-05;23256,833559394494;23256,833559394494;0,0;0
2009-05-06;23256,833559394494;23256,833559394494;0,0;0
2009-05-07;23256,833559394494;23256,833559394494;0,0;0
2009-05-08;23256,833559394494;23256,833559394494;0,0;0
2009-05-11;23256,833559394494;23256,833559394494;0,0;0
2009-05-12;23256,833559394494;23256,833559394494;0,0;0
2009-05-13;23256,833559394494;23256,833559394494;0,0;0
2009-05-14;23256,833559394494;23256,833559394494;0,0;0
2009-05-15;23256,833559394494;23256,833559394494;0,0;0
2009-05-18;23256,833559394494;23256,833559394494;0,0;0
2009-05-19;23256,833559394494;23256,833559394494;0,0;0
2009-05-20;23256,833559394494;23256,833559394494;0,0;0
2009-05-21;23256,833559394494;23256,833559394494;0,0;0
2009-05-22;23256,833559394494;23256,833559394494;0,0;0
2009-05-26;23256,833559394494;23256,833559394494;0,0;0
2009-05-27;23256,833559394494;23256,833559394494;0,0;0
2009-05-28;23256,833559394494;23256,833559394494;0,0;0
2009-05-29;23256,833559394494;23256,833559394494;0,0;0
2009-06-01;23256,833559394494;23256,833559394494;0,0;0
2009-06-02;23256,833559394494;23256,833559394494;0,0;0
2009-06-03;23256,833559394494;23256,833559394494;0,0;0
2009-06-04;23256,833559394494;23256,833559394494;0,0;0
2009-06-05;23256,833559394494;23256,833559394494;0,0;0
2009-06-08;23256,833559394494;23256,833559394494;0,0;0
2009-06-09;23256,833559394494;23256,833559394494;0,0;0
2009-06-10;23256,833559394494;23256,833559394494;0,0;0
2009-06-11;23256,833559394494;23256,833559394494;0,0;0
2009-06-12;23256,833559394494;23256,833559394494;0,0;0
2009-06-15;23256,833559394494;23256,833559394494;0,0;0
2009-06-16;23256,833559394494;23256,833559394494;0,0;0
2009-06-17;23256,833559394494;23256,833559394494;0,0;0
2009-06-18;23256,833559394494;23256,833559394494;0,0;0
2009-06-19;23256,833559394494;23256,833559394494;0,0;0
2009-06-22;23256,833559394494;23256,833559394494;0,0;0
2009-06-23;23256,833559394494;23256,833559394494;0,0;0
2009-06-24;23256,833559394494;23256,833559394494;0,0;0
2009-06-25;23256,833559394494;23256,833559394494;0,0;0
2009-06-26;23256,833559394494;23256,833559394494;0,0;0
2009-06-29;23256,833559394494;23256,833559394494;0,0;0
2009-06-30;23256,833559394494;23256,833559394494;0,0;0
2009-07-01;23256,833559394494;23256,833559394494;0,0;0
2009-07-02;23256,833559394494;23256,833559394494;0,0;0
2009-07-06;23256,833559394494;23256,833559394494;0,0;0
2009-07-07;23256,833559394494;23256,833559394494;0,0;0
2009-07-08;23256,833559394494;23256,833559394494;0,0;0
2009-07-09;23256,833559394494;23256,833559394494;0,0;0
2009-07-10;23256,833559394494;23256,833559394494;0,0;0
2009-07-13;23256,833559394494;23256,833559394494;0,0;0
2009-07-14;23256,833559394494;23256,833559394494;0,0;0
2009-07-15;23256,833559394494;23256,833559394494;0,0;0
2009-07-16;23256,833559394494;23256,833559394494;0,0;0
2009-07-17;23256,833559394494;23256,833559394494;0,0;0
2009-07-20;23256,833559394494;23256,833559394494;0,0;0
2009-07-21;23256,833559394494;23256,833559394494;0,0;0
2009-07-22;23256,833559394494;23256,833559394494;0,0;0
2009-07-23;23256,833559394494;23256,833559394494;0,0;0
2009-07-24;23256,833559394494;23256,833559394494;0,0;0
2009-07-27;23256,833559394494;23256,833559394494;0,0;0
2009-07-28;23256,833559394494;23256,833559394494;0,0;0
2009-07-29;23256,833559394494;23256,833559394494;0,0;0
2009-07-30;23256,833559394494;23256,833559394494;0,0;0
2009-07-31;23256,833559394494;23256,833559394494;0,0;0
2009-08-03;23212,180438960455;4606,71359144486;18605,466847515596;15
2009-08-04;23419,384037886983;4606,71359144486;18812,670446442124;15
2009-08-05;23316,971328365344;4606,71359144486;18710,257736920485;15
2009-08-06;23062,635732903498;4606,71359144486;18455,92214145864;15
2009-08-07;23736,32449318599;4606,71359144486;19129,610901741133;15
2009-08-10;23383,18567354613;4606,71359144486;18776,47208210127;15
2009-08-11;23032,146684739266;4606,71359144486;18425,433093294407;15
2009-08-12;23354,956702051295;4606,71359144486;18748,243110606436;15
2009-08-13;23453,69661920047;4606,71359144486;18846,98302775561;15
2009-08-14;23031,975572118095;4606,71359144486;18425,261980673236;15
2009-08-17;22309,607392440117;5701,497075217208;16608,11031722291;14
2009-08-18;22780,084860765015;5701,497075217208;17078,587785547807;14
2009-08-19;23153,723258178194;5701,497075217208;17452,226182960985;14
2009-08-20;23549,46529856587;5701,497075217208;17847,96822334866;14
2009-08-21;23982,265563029738;5701,497075217208;18280,76848781253;14
2009-08-24;23911,24378818703;5701,497075217208;18209,74671296982;14
2009-08-25;23992,72587921593;5701,497075217208;18291,22880399872;14
2009-08-26;24033,322163632707;6812,600668332048;17220,72149530066;13
2009-08-27;24016,861649148843;6812,600668332048;17204,260980816794;13
2009-08-28;23959,995875800487;6812,600668332048;17147,39520746844;13
2009-08-31;23716,446972382877;2193,3417712592536;21523,105201123624;17
2009-09-01;22573,763193593637;3011,2004962457722;19562,562697347865;16
2009-09-02;22451,527509441014;3011,2004962457722;19440,32701319524;16
2009-09-03;22943,02775443948;3011,2004962457722;19931,82725819371;16
2009-09-04;23404,878902280303;3011,2004962457722;20393,67840603453;16
2009-09-08;23735,69180494705;3011,2004962457722;20724,49130870128;16
2009-09-09;24085,810074132463;3011,2004962457722;21074,60957788669;16
2009-09-10;24460,784548746164;3011,2004962457722;21449,58405250039;16
2009-09-11;24340,148464667207;3011,2004962457722;21328,947968421435;16
2009-09-14;24445,32463041083;3011,2004962457722;21434,124134165057;16
2009-09-15;24569,017975880306;3011,2004962457722;21557,817479634534;16
2009-09-16;24981,84902310908;3011,2004962457722;21970,648526863308;16
2009-09-17;24540,472979444145;3011,2004962457722;21529,272483198372;16
2009-09-18;24499,905982871293;3011,2004962457722;21488,70548662552;16
2009-09-21;24397,304515945343;4146,083706078366;20251,220809866976;15
2009-09-22;24657,678933652398;4146,083706078366;20511,59522757403;15
2009-09-23;24459,640751136194;4146,083706078366;20313,557045057827;15
2009-09-24;23979,508721928698;4146,083706078366;19833,42501585033;15
2009-09-25;23620,226252813856;4146,083706078366;19474,14254673549;15
2009-09-28;24234,797434032287;2225,117120245667;22009,68031378662;17
2009-09-29;24055,049771046673;2225,117120245667;21829,932650801005;17
2009-09-30;23845,18335277742;2225,117120245667;21620,066232531753;17
2009-10-01;22748,541654556742;5586,811204565527;17161,730449991217;14
2009-10-02;22588,631884976196;6740,509396520964;15848,122488455232;13
2009-10-05;23182,085901827668;6740,509396520964;16441,576505306704;13
2009-10-06;23465,02583001942;6740,509396520964;16724,516433498455;13
2009-10-07;23433,425594625838;6740,509396520964;16692,916198104875;13
2009-10-08;23556,65547461495;6740,509396520964;16816,146078093985;13
2009-10-09;23697,963361309765;6740,509396520964;16957,4539647888;13
2009-10-12;23816,14747632603;6740,509396520964;17075,638079805067;13
2009-10-13;23718,493587930025;6740,509396520964;16977,98419140906;13
2009-10-14;24049,405918707696;6740,509396520964;17308,896522186733;13
2009-10-15;24063,913748210205;6740,509396520964;17323,40435168924;13
2009-10-16;23646,151392601994;6740,509396520964;16905,64199608103;13
2009-10-19;24092,94323050835;6740,509396520964;17352,433833987387;13
2009-10-20;24059,78477550881;6740,509396520964;17319,275378987848;13
2009-10-21;23894,899550528386;6740,509396520964;17154,390154007422;13
2009-10-22;24160,819893380558;6740,509396520964;17420,310496859594;13
2009-10-23;23781,92541867726;6740,509396520964;17041,416022156296;13
2009-10-26;23509,042746286123;8904,245032422077;14604,797713864045;11
2009-10-27;23383,272264992887;8904,245032422077;14479,02723257081;11
2009-10-28;22681,50295585258;8904,245032422077;13777,2579234305;11
2009-10-29;23090,423643989096;8904,245032422077;14186,178611567018;11
2009-10-30;22432,6716048219;8904,245032422077;13528,426572399821;11
2009-11-02;22586,209679859123;2168,832512355809;20417,377167503313;17
2009-11-03;22906,12029395327;2168,832512355809;20737,28778159746;17
2009-11-04;22775,67547437951;2168,832512355809;20606,8429620237;17
2009-11-05;23467,44400897257;2168,832512355809;21298,61149661676;17
2009-11-06;23440,003375155604;2168,832512355809;21271,170862799794;17
2009-11-09;24156,320280325268;2168,832512355809;21987,48776796946;17
2009-11-10;24126,25042149504;2168,832512355809;21957,41790913923;17
2009-11-11;24317,682872938705;2168,832512355809;22148,850360582896;17
2009-11-12;23912,70726670055;2168,832512355809;21743,87475434474;17
2009-11-13;24295,098775819628;2168,832512355809;22126,266263463818;17
2009-11-16;24828,667967949514;2168,832512355809;22659,835455593704;17
2009-11-17;24915,921569767248;2168,832512355809;22747,08905741144;17
2009-11-18;24780,46252781451;2168,832512355809;22611,6300154587;17
2009-11-19;24267,940895970463;2168,832512355809;22099,108383614654;17
2009-11-20;24104,59822121002;2168,832512355809;21935,76570885421;17
2009-11-23;24446,251703322287;2168,832512355809;22277,419190966477;17
2009-11-24;24370,36936940848;2168,832512355809;22201,53685705267;17
2009-11-25;24640,26305366963;2168,832512355809;22471,43054131382;17
2009-11-27;24073,579466028055;2168,832512355809;21904,746953672246;17
2009-11-30;24159,17418307862;1076,3285329406287;23082,84565013799;18
2009-12-01;24595,389744090415;1076,3285329406287;23519,061211149787;18
2009-12-02;24858,5524715049;1076,3285329406287;23782,22393856427;18
2009-12-03;24663,623865519534;1076,3285329406287;23587,295332578906;18
2009-12-04;24747,905257462884;1076,3285329406287;23671,576724522256;18
2009-12-07;24789,231753499906;1076,3285329406287;23712,903220559278;18
2009-12-08;24526,768889345087;1076,3285329406287;23450,44035640446;18
2009-12-09;24591,776035383038;1076,3285329406287;23515,44750244241;18
2009-12-10;24572,856555135513;1076,3285329406287;23496,528022194885;18
2009-12-11;24616,600625258074;1076,3285329406287;23540,272092317446;18
2009-12-14;25105,080938147014;1076,3285329406287;24028,752405206385;18
2009-12-15;24965,0514128604;1076,3285329406287;23888,722879919773;18
2009-12-16;25220,19660051433;1076,3285329406287;24143,8680675737;18
2009-12-17;24854,145785674198;1076,3285329406287;23777,81725273357;18
2009-12-18;24906,63270064227;1076,3285329406287;23830,30416770164;18
2009-12-21;25366,95796379091;1076,3285329406287;24290,62943085028;18
2009-12-22;25658,420288491194;1076,3285329406287;24582,091755550566;18
2009-12-23;26030,316803283815;1076,3285329406287;24953,988270343187;18
2009-12-24;26146,735532606173;1076,3285329406287;25070,406999665545;18
2009-12-28;26056,711567359303;2522,4302662297678;23534,281301129537;17
2009-12-29;26031,386514277925;2522,4302662297678;23508,956248048158;17
2009-12-30;25965,058741003555;2522,4302662297678;23442,62847477379;17
2009-12-31;25746,60701689343;2522,4302662297678;23224,176750663664;17
2010-01-04;26253,373586275768;2522,4302662297678;23730,943320046;17
2010-01-05;26589,406929874007;2522,4302662297678;24066,97666364424;17
2010-01-06;26551,510894573952;2522,4302662297678;24029,080628344185;17
2010-01-07;26672,822171113305;2522,4302662297678;24150,391904883538;17
2010-01-08;26746,960307731475;2522,4302662297678;24224,53004150171;17
2010-01-11;26633,60666970662;2522,4302662297678;24111,176403476853;17
2010-01-12;26225,419009629917;2522,4302662297678;23702,98874340015;17
2010-01-13;26881,705932020013;2522,4302662297678;24359,275665790246;17
2010-01-14;26736,38350646475;2522,4302662297678;24213,953240234983;17
2010-01-15;26397,16712062071;2522,4302662297678;23874,736854390943;17
2010-01-19;26650,847192956753;2522,4302662297678;24128,416926726986;17
2010-01-20;26371,333461362414;2522,4302662297678;23848,903195132647;17
2010-01-21;26124,77996825879;2522,4302662297678;23602,349702029023;17
2010-01-22;25276,148267914356;2522,4302662297678;22753,71800168459;17
2010-01-25;25364,992197753123;2522,4302662297678;22842,561931523356;17
2010-01-26;25315,26871340299;2522,4302662297678;22792,838447173224;17
2010-01-27;25741,55843113072;2522,4302662297678;23219,128164900954;17
2010-01-28;25249,651726866385;3787,044241610121;21462,607485256263;16
2010-01-29;24812,373801885988;5031,326652035527;19781,04714985046;15
2010-02-01;25209,773518760747;9927,991543282913;15281,781975477836;17
2010-02-02;25357,816861507432;9927,991543282913;15429,825318224517;17
2010-02-03;25222,11449598151;9927,991543282913;15294,122952698597;17
2010-02-04;24375,74958831461;10680,819078672599;13694,93050964201;16
2010-02-05;24372,499060765178;11431,210287635226;12941,28877312995;15
2010-02-08;24378,43080622125;11431,210287635226;12947,220518586026;15
2010-02-09;24769,27417035191;11431,210287635226;13338,063882716684;15
2010-02-10;24818,851216101255;11431,210287635226;13387,640928466031;15
2010-02-11;25196,3066070184;11431,210287635226;13765,096319383174;15
2010-02-12;25277,475191122805;12175,648098228748;13101,827092894056;14
2010-02-16;25466,217308419382;12175,648098228748;13290,569210190633;14
2010-02-17;25547,80400949748;12175,648098228748;13372,155911268732;14
2010-02-18;25463,34541056418;12175,648098228748;13287,697312335433;14
2010-02-19;25401,002606931746;12175,648098228748;13225,354508703;14
2010-02-22;25393,531646890766;12175,648098228748;13217,883548662017;14
2010-02-23;25250,315539609743;12175,648098228748;13074,667441380994;14
2010-02-24;25469,28239693298;12175,648098228748;13293,634298704232;14
2010-02-25;25392,027238094415;12175,648098228748;13216,379139865669;14
2010-02-26;25537,084195551477;12175,648098228748;13361,436097322727;14
2010-03-01;26000,086419462332;4364,786510231225;21635,299909231107;16
2010-03-02;26179,678961462865;4364,786510231225;21814,89245123164;16
2010-03-03;26252,439854564385;4364,786510231225;21887,65334433316;16
2010-03-04;26246,45094807966;4364,786510231225;21881,664437848434;16
2010-03-05;26629,41915690333;4364,786510231225;22264,632646672104;16
2010-03-08;26539,104555522284;4364,786510231225;22174,31804529106;16
2010-03-09;26732,158611340004;4364,786510231225;22367,37210110878;16
2010-03-10;27056,074931793715;4364,786510231225;22691,28842156249;16
2010-03-11;27114,490164350154;4364,786510231225;22749,70365411893;16
2010-03-12;27197,066622381026;4364,786510231225;22832,2801121498;16
2010-03-15;27122,463067545363;4364,786510231225;22757,67655731414;16
2010-03-16;27269,363970077797;4364,786510231225;22904,577459846572;16
2010-03-17;27502,886009311173;4364,786510231225;23138,099499079948;16
2010-03-18;27216,312149752048;4364,786510231225;22851,525639520823;16
2010-03-19;26759,866013281877;4364,786510231225;22395,079503050652;16
2010-03-22;27276,353763620256;4364,786510231225;22911,567253389032;16
2010-03-23;27701,50205101736;4364,786510231225;23336,715540786136;16
2010-03-24;27580,808256625958;4364,786510231225;23216,021746394734;16
2010-03-25;27547,836285437643;4364,786510231225;23183,04977520642;16
2010-03-26;27523,966926266803;5555,196011202863;21968,770915063942;15
2010-03-29;27681,873838874464;1285,1589780885286;26396,714860785934;18
2010-03-30;27664,52816661191;1285,1589780885286;26379,369188523382;18
2010-03-31;27400,89640320888;1285,1589780885286;26115,73742512035;18
2010-04-01;27528,122969094096;1285,1589780885286;26242,963991005567;18
2010-04-05;28149,14857746821;1285,1589780885286;26863,98959937968;18
2010-04-06;28255,48318898187;1285,1589780885286;26970,32421089334;18
2010-04-07;27836,29794967114;1285,1589780885286;26551,13897158261;18
2010-04-08;28144,31465769061;1285,1589780885286;26859,15567960208;18
2010-04-09;28339,69079711403;1285,1589780885286;27054,531819025502;18
2010-04-12;28606,98649969939;1285,1589780885286;27321,82752161086;18
2010-04-13;28708,21478765671;1285,1589780885286;27423,05580956818;18
2010-04-14;29354,370632786693;1285,1589780885286;28069,211654698163;18
2010-04-15;29548,20973103568;1285,1589780885286;28263,05075294715;18
2010-04-16;28825,2501532618;1285,1589780885286;27540,09117517327;18
2010-04-19;28352,237338056413;1285,1589780885286;27067,078359967883;18
2010-04-20;28936,096560159847;1285,1589780885286;27650,937582071318;18
2010-04-21;28964,760143747248;1285,1589780885286;27679,601165658718;18
2010-04-22;29742,973148849127;1285,1589780885286;28457,814170760597;18
2010-04-23;30119,18856218199;1285,1589780885286;28834,02958409346;18
2010-04-26;30266,492396828136;1285,1589780885286;28981,333418739607;18
2010-04-27;29082,47129210082;1285,1589780885286;27797,31231401229;18
2010-04-28;28778,54450784935;1285,1589780885286;27493,38552976082;18
2010-04-29;29488,902884535684;1285,1589780885286;28203,743906447155;18
2010-04-30;28554,02535254945;1285,1589780885286;27268,866374460922;18
2010-05-03;29352,208656673785;1089,9233905223175;28262,285266151466;18
2010-05-04;28050,63162452666;1089,9233905223175;26960,70823400434;18
2010-05-05;27603,636677263177;1089,9233905223175;26513,713286740858;18
2010-05-06;26287,2073258752;5145,3917392801;21141,815586595098;15
2010-05-07;25654,17606223029;6549,110399432692;19105,0656627976;14
2010-05-10;27282,81711728773;6549,110399432692;20733,70671785504;14
2010-05-11;27472,707674871104;6549,110399432692;20923,597275438413;14
2010-05-12;28294,164430734316;6549,110399432692;21745,054031301624;14
2010-05-13;27965,049087354746;6549,110399432692;21415,938687922055;14
2010-05-14;27126,75095700705;6549,110399432692;20577,64055757436;14
2010-05-17;27128,385116353278;6549,110399432692;20579,274716920587;14
2010-05-18;26619,90773486304;7949,37304943674;18670,5346854263;13
2010-05-19;26440,882244775505;7949,37304943674;18491,509195338764;13
2010-05-20;25355,960994665253;9339,950304109867;16016,010690555386;12
2010-05-21;25997,031968215568;9339,950304109867;16657,081664105703;12
2010-05-24;25812,637349215416;9339,950304109867;16472,68704510555;12
2010-05-25;25941,351418568796;9339,950304109867;16601,40111445893;12
2010-05-26;26140,284723323784;9339,950304109867;16800,334419213916;12
2010-05-27;27064,074315766593;9339,950304109867;17724,124011656728;12
2010-05-28;26865,774662509328;9339,950304109867;17525,824358399463;12
2010-06-01;26252,599458061515;13115,482331714735;13137,11712634678;15
2010-06-02;26663,34627285264;13115,482331714735;13547,863941137904;15
2010-06-03;26826,197581537825;13115,482331714735;13710,71524982309;15
2010-06-04;26189,56409798638;13115,482331714735;13074,081766271644;15
2010-06-07;25800,86643119179;13115,482331714735;12685,384099477056;15
2010-06-08;25916,036228365138;13890,29787427198;12025,738354093157;14
2010-06-09;26047,38173467443;13890,29787427198;12157,083860402448;14
2010-06-10;26424,475640447563;13890,29787427198;12534,177766175582;14
2010-06-11;26748,04083949348;13890,29787427198;12857,7429652215;14
2010-06-14;26885,84775641399;13890,29787427198;12995,549882142008;14
2010-06-15;27184,237039188043;13890,29787427198;13293,939164916063;14
2010-06-16;27283,504828887693;13890,29787427198;13393,206954615713;14
2010-06-17;27272,706986424848;13890,29787427198;13382,409112152869;14
2010-06-18;27270,259215729897;13890,29787427198;13379,961341457916;14
2010-06-21;27099,364966683563;13890,29787427198;13209,067092411584;14
2010-06-22;26688,102004633918;13890,29787427198;12797,804130361936;14
2010-06-23;26803,426493484112;13890,29787427198;12913,128619212132;14
2010-06-24;26512,85822659335;13890,29787427198;12622,560352321369;14
2010-06-25;26573,224044521587;14664,488874773677;11908,735169747912;13
2010-06-28;26536,501916535468;19468,539145216695;7067,962771318774;17
2010-06-29;26242,643983434977;19468,539145216695;6774,104838218283;17
2010-06-30;26193,10894313483;19468,539145216695;6724,569797918135;17
2010-07-01;26161,461462489166;19468,539145216695;6692,9223172724705;17
2010-07-02;26037,56726551862;19468,539145216695;6569,028120301926;17
2010-07-06;26005,451180571446;19468,539145216695;6536,912035354751;17
2010-07-07;26319,269251926788;19468,539145216695;6850,7301067100925;17
2010-07-08;26370,5185099889;19468,539145216695;6901,979364772204;17
2010-07-09;26476,267328854803;19468,539145216695;7007,728183638106;17
2010-07-12;26457,240067777457;19468,539145216695;6988,7009225607635;17
2010-07-13;26581,596907404622;19468,539145216695;7113,057762187928;17
2010-07-14;26597,382653320175;19468,539145216695;7128,84350810348;17
2010-07-15;26551,334017175035;19468,539145216695;7082,794871958341;17
2010-07-16;26320,015694639154;19468,539145216695;6851,47654942246;17
2010-07-19;26372,395073781838;19468,539145216695;6903,855928565142;17
2010-07-20;26503,63066525202;19468,539145216695;7035,091520035327;17
2010-07-21;26389,008684007054;19468,539145216695;6920,4695387903585;17
2010-07-22;26613,0360489998;19468,539145216695;7144,496903783104;17
2010-07-23;26741,41779594074;19468,539145216695;7272,878650724045;17
2010-07-26;26860,71368756232;19468,539145216695;7392,174542345621;17
2010-07-27;26787,879277247153;19468,539145216695;7319,340132030458;17
2010-07-28;26732,721155689484;19468,539145216695;7264,1820104727885;17
2010-07-29;26618,300093753518;19468,539145216695;7149,760948536824;17
2010-07-30;26655,17543785856;19468,539145216695;7186,636292641867;17
2010-08-02;26748,243818916733;26748,243818916733;0,0;0
2010-08-03;26748,243818916733;26748,243818916733;0,0;0
2010-08-04;26748,243818916733;26748,243818916733;0,0;0
2010-08-05;26748,243818916733;26748,243818916733;0,0;0
2010-08-06;26748,243818916733;26748,243818916733;0,0;0
2010-08-09;26748,243818916733;26748,243818916733;0,0;0
2010-08-10;26748,243818916733;26748,243818916733;0,0;0
2010-08-11;26748,243818916733;26748,243818916733;0,0;0
2010-08-12;26748,243818916733;26748,243818916733;0,0;0
2010-08-13;26748,243818916733;26748,243818916733;0,0;0
2010-08-16;26748,243818916733;26748,243818916733;0,0;0
2010-08-17;26748,243818916733;26748,243818916733;0,0;0
2010-08-18;26748,243818916733;26748,243818916733;0,0;0
2010-08-19;26748,243818916733;26748,243818916733;0,0;0
2010-08-20;26748,243818916733;26748,243818916733;0,0;0
2010-08-23;26748,243818916733;26748,243818916733;0,0;0
2010-08-24;26748,243818916733;26748,243818916733;0,0;0
2010-08-25;26748,243818916733;26748,243818916733;0,0;0
2010-08-26;26748,243818916733;26748,243818916733;0,0;0
2010-08-27;26748,243818916733;26748,243818916733;0,0;0
2010-08-30;26748,243818916733;26748,243818916733;0,0;0
2010-08-31;26748,243818916733;26748,243818916733;0,0;0
2010-09-01;26748,243818916733;26748,243818916733;0,0;0
2010-09-02;26748,243818916733;26748,243818916733;0,0;0
2010-09-03;26748,243818916733;26748,243818916733;0,0;0
2010-09-07;26748,243818916733;26748,243818916733;0,0;0
2010-09-08;26748,243818916733;26748,243818916733;0,0;0
2010-09-09;26748,243818916733;26748,243818916733;0,0;0
2010-09-10;26748,243818916733;26748,243818916733;0,0;0
2010-09-13;26748,243818916733;26748,243818916733;0,0;0
2010-09-14;26748,243818916733;26748,243818916733;0,0;0
2010-09-15;26748,243818916733;26748,243818916733;0,0;0
2010-09-16;26748,243818916733;26748,243818916733;0,0;0
2010-09-17;26748,243818916733;26748,243818916733;0,0;0
2010-09-20;26748,243818916733;26748,243818916733;0,0;0
2010-09-21;26748,243818916733;26748,243818916733;0,0;0
2010-09-22;26748,243818916733;26748,243818916733;0,0;0
2010-09-23;26748,243818916733;26748,243818916733;0,0;0
2010-09-24;26748,243818916733;26748,243818916733;0,0;0
2010-09-27;26696,887190784422;5298,292135651034;21398,595055133388;15
2010-09-28;26879,695624101103;5298,292135651034;21581,40348845007;15
2010-09-29;26897,419283576783;5298,292135651034;21599,12714792575;15
2010-09-30;26734,22830693123;5298,292135651034;21435,936171280195;15
2010-10-01;26807,167265173655;5298,292135651034;21508,87512952262;15
2010-10-04;26566,174024321717;5298,292135651034;21267,881888670683;15
2010-10-05;26966,360194242694;5298,292135651034;21668,06805859166;15
2010-10-06;26563,48276487849;6529,462252582347;20034,02051229614;14
2010-10-07;26611,359411175792;6529,462252582347;20081,897158593445;14
2010-10-08;26753,951058787545;6529,462252582347;20224,488806205198;14
2010-10-11;26799,773261736893;7786,487757437105;19013,285504299787;13
2010-10-12;27199,672074663882;7786,487757437105;19413,184317226776;13
2010-10-13;27363,433965943525;7786,487757437105;19576,94620850642;13
2010-10-14;27157,309299642024;7786,487757437105;19370,821542204918;13
2010-10-15;27235,709351175603;7786,487757437105;19449,221593738497;13
2010-10-18;27280,105877769427;7786,487757437105;19493,61812033232;13
2010-10-19;26787,780987937324;7786,487757437105;19001,293230500218;13
2010-10-20;27303,792229016402;7786,487757437105;19517,304471579297;13
2010-10-21;27408,099637755382;7786,487757437105;19621,611880318276;13
2010-10-22;27589,082951631954;7786,487757437105;19802,595194194848;13
2010-10-25;27759,695546010895;7786,487757437105;19973,20778857379;13
2010-10-26;27857,375526715416;7786,487757437105;20070,88776927831;13
2010-10-27;27855,41385860406;7786,487757437105;20068,926101166955;13
2010-10-28;27866,963054567903;7786,487757437105;20080,475297130797;13
2010-10-29;27913,243859794515;7786,487757437105;20126,75610235741;13
2010-11-01;27818,47217369099;4092,033495396794;23726,438678294195;16
2010-11-02;28220,291384657165;4092,033495396794;24128,25788926037;16
2010-11-03;28389,052151434378;4092,033495396794;24297,018656037584;16
2010-11-04;28796,257228110884;4092,033495396794;24704,22373271409;16
2010-11-05;28666,698959908626;5279,009491130896;23387,68946877773;15
2010-11-08;28880,12673816487;5279,009491130896;23601,117247033973;15
2010-11-09;28622,42404120521;5279,009491130896;23343,414550074314;15
2010-11-10;28714,433548184283;5279,009491130896;23435,424057053388;15
2010-11-11;28721,977695407393;5279,009491130896;23442,968204276498;15
2010-11-12;28206,04131243195;5279,009491130896;22927,031821301054;15
2010-11-15;27862,311353065506;5279,009491130896;22583,30186193461;15
2010-11-16;27367,039743483416;5279,009491130896;22088,03025235252;15
2010-11-17;27667,45166939729;5279,009491130896;22388,442178266396;15
2010-11-18;28155,215798719248;5279,009491130896;22876,206307588353;15
2010-11-19;28430,023839304227;5279,009491130896;23151,014348173332;15
2010-11-22;28890,697146351555;5279,009491130896;23611,68765522066;15
2010-11-23;28673,56401906333;5279,009491130896;23394,554527932436;15
2010-11-24;29402,58306001139;5279,009491130896;24123,573568880496;15
2010-11-26;29352,08530803601;5279,009491130896;24073,075816905115;15
2010-11-29;29244,858761146512;2827,1727769200897;26417,68598422642;17
2010-11-30;29171,866034740044;2827,1727769200897;26344,693257819952;17
2010-12-01;29810,99691061674;2827,1727769200897;26983,824133696653;17
2010-12-02;29734,285103257287;2827,1727769200897;26907,112326337196;17
2010-12-03;29838,330933583456;2827,1727769200897;27011,15815666337;17
2010-12-06;29802,159411350025;2827,1727769200897;26974,986634429937;17
2010-12-07;29631,432410100002;2827,1727769200897;26804,259633179914;17
2010-12-08;29721,083820831904;2827,1727769200897;26893,911043911812;17
2010-12-09;30095,26235072357;2827,1727769200897;27268,089573803478;17
2010-12-10;30349,795408878912;2827,1727769200897;27522,62263195882;17
2010-12-13;29857,552620877163;2827,1727769200897;27030,37984395707;17
2010-12-14;29405,70346700206;2827,1727769200897;26578,53069008197;17
2010-12-15;29237,526593937153;2827,1727769200897;26410,353817017065;17
2010-12-16;29828,2720368781;2827,1727769200897;27001,099259958013;17
2010-12-17;29951,09753198665;2827,1727769200897;27123,92475506656;17
2010-12-20;30074,270527765977;2827,1727769200897;27247,097750845885;17
2010-12-21;30461,272345327416;2827,1727769200897;27634,099568407328;17
2010-12-22;30269,023566809352;2827,1727769200897;27441,85078988926;17
2010-12-23;30255,591127816297;2827,1727769200897;27428,41835089621;17
2010-12-27;30278,3137767745;2827,1727769200897;27451,14099985441;17
2010-12-28;30056,03588583183;2827,1727769200897;27228,86310891174;17
2010-12-29;30167,723545759945;2827,1727769200897;27340,550768839854;17
2010-12-30;30224,175463913067;2827,1727769200897;27397,00268699298;17
2010-12-31;30076,015295554593;2827,1727769200897;27248,8425186345;17
2011-01-03;30547,11846469321;2946,175681281905;27600,942783411305;17
2011-01-04;30610,55953308538;2946,175681281905;27664,383851803475;17
2011-01-05;31099,185012056256;2946,175681281905;28153,009330774352;17
2011-01-06;30844,98351170718;2946,175681281905;27898,807830425278;17
2011-01-07;30963,581509278883;2946,175681281905;28017,40582799698;17
2011-01-10;31245,910977660686;2946,175681281905;28299,73529637878;17
2011-01-11;31148,43425880581;2946,175681281905;28202,258577523906;17
2011-01-12;31390,975251542197;2946,175681281905;28444,799570260293;17
2011-01-13;31307,59696577123;2946,175681281905;28361,421284489326;17
2011-01-14;31526,50837316217;2946,175681281905;28580,332691880267;17
2011-01-18;31437,051657758344;2946,175681281905;28490,87597647644;17
2011-01-19;30750,974464728548;4375,4111573634445;26375,563307365104;16
2011-01-20;29932,658704218178;4375,4111573634445;25557,247546854735;16
2011-01-21;29760,268410189572;4375,4111573634445;25384,85725282613;16
2011-01-24;29889,994501077064;4375,4111573634445;25514,58334371362;16
2011-01-25;29939,77201189479;5822,752792446134;24117,019219448655;15
2011-01-26;30652,855181170613;5822,752792446134;24830,10238872448;15
2011-01-27;31156,70528743029;5822,752792446134;25333,952494984154;15
2011-01-28;30597,539922320604;5822,752792446134;24774,787129874472;15
2011-01-31;30694,813122505228;1289,8017432161373;29405,01137928909;18
2011-02-01;31371,494461132876;1289,8017432161373;30081,69271791674;18
2011-02-02;31495,392859738276;1289,8017432161373;30205,59111652214;18
2011-02-03;31612,47289774976;1289,8017432161373;30322,671154533626;18
2011-02-04;32104,891574212794;1289,8017432161373;30815,089830996658;18
2011-02-07;32214,660615447086;1289,8017432161373;30924,85887223095;18
2011-02-08;32303,739240037783;1289,8017432161373;31013,937496821647;18
2011-02-09;32276,08608114453;1289,8017432161373;30986,284337928395;18
2011-02-10;32403,436928367086;1289,8017432161373;31113,63518515095;18
2011-02-11;32843,65716543496;1289,8017432161373;31553,85542221882;18
2011-02-14;33257,50248610725;1289,8017432161373;31967,700742891113;18
2011-02-15;32760,335397818686;1289,8017432161373;31470,53365460255;18
2011-02-16;33203,06075850592;1289,8017432161373;31913,25901528978;18
2011-02-17;33494,49422485762;1289,8017432161373;32204,692481641483;18
2011-02-18;33341,53711189173;1289,8017432161373;32051,735368675596;18
2011-02-22;31952,48905449833;1289,8017432161373;30662,687311282192;18
2011-02-23;31315,49229550574;1289,8017432161373;30025,690552289605;18
2011-02-24;31640,492450418278;1289,8017432161373;30350,690707202142;18
2011-02-25;32514,941033287352;1289,8017432161373;31225,139290071216;18
2011-02-28;32303,22302311217;1274,404897127627;31028,81812598454;18
2011-03-01;31517,677887964233;1274,404897127627;30243,272990836605;18
2011-03-02;31583,49738845241;2849,28756219247;28734,209826259943;17
2011-03-03;32426,62757477766;2849,28756219247;29577,34001258519;17
2011-03-04;32389,36470382198;2849,28756219247;29540,07714162951;17
2011-03-07;31786,74992876245;2849,28756219247;28937,46236656998;17
2011-03-08;31780,268135708877;2849,28756219247;28930,98057351641;17
2011-03-09;31346,77029795749;2849,28756219247;28497,48273576502;17
2011-03-10;30874,425218746892;2849,28756219247;28025,137656554423;17
2011-03-11;31456,17678694756;2849,28756219247;28606,88922475509;17
2011-03-14;31528,504792002426;2849,28756219247;28679,217229809958;17
2011-03-15;31410,06630579444;4297,317758247786;27112,748547546656;16
2011-03-16;30927,847648244875;5793,013615405725;25134,83403283915;15
2011-03-17;31159,669782488552;5793,013615405725;25366,656167082827;15
2011-03-18;31111,363916309918;5793,013615405725;25318,350300904192;15
2011-03-21;31717,100880193782;5793,013615405725;25924,087264788057;15
2011-03-22;31517,88487386355;5793,013615405725;25724,871258457824;15
2011-03-23;31822,502453612175;5793,013615405725;26029,48883820645;15
2011-03-24;32150,823015843773;5793,013615405725;26357,809400438047;15
2011-03-25;32414,213023299497;5793,013615405725;26621,19940789377;15
2011-03-28;32555,531091494395;3035,7252968688776;29519,805794625518;17
2011-03-29;32899,22878988217;3035,7252968688776;29863,50349301329;17
2011-03-30;32957,4504886727;3035,7252968688776;29921,725191803824;17
2011-03-31;32907,801368790206;3035,7252968688776;29872,076071921325;17
2011-04-01;32896,60736204605;3035,7252968688776;29860,882065177175;17
2011-04-04;33092,872323837306;3035,7252968688776;30057,147026968425;17
2011-04-05;33358,75441578854;3035,7252968688776;30323,02911891966;17
2011-04-06;32971,98767112464;3035,7252968688776;29936,26237425576;17
2011-04-07;32729,390496474603;3035,7252968688776;29693,665199605726;17
2011-04-08;32428,86939495232;3035,7252968688776;29393,14409808344;17
2011-04-11;32130,220322378274;3035,7252968688776;29094,495025509397;17
2011-04-12;31777,80793994848;3035,7252968688776;28742,082643079604;17
2011-04-13;32253,00731533255;3035,7252968688776;29217,282018463673;17
2011-04-14;32249,188798510884;3035,7252968688776;29213,463501642007;17
2011-04-15;32542,254436871535;3035,7252968688776;29506,529140002658;17
2011-04-18;32284,948028051793;3035,7252968688776;29249,222731182916;17
2011-04-19;32608,24621653229;3035,7252968688776;29572,520919663413;17
2011-04-20;33228,33634610307;3035,7252968688776;30192,61104923419;17
2011-04-21;33576,50715016066;3035,7252968688776;30540,781853291777;17
2011-04-25;33351,862862299895;3035,7252968688776;30316,137565431014;17
2011-04-26;33359,69855758052;3035,7252968688776;30323,973260711646;17
2011-04-27;33996,12680363081;3035,7252968688776;30960,401506761933;17
2011-04-28;33800,03748421363;3035,7252968688776;30764,31218734475;17
2011-04-29;33511,95045383246;3035,7252968688776;30476,22515696358;17
2011-05-02;33110,0238301589;3152,02498576781;29957,998844391088;17
2011-05-03;32741,40881592226;3152,02498576781;29589,38383015445;17
2011-05-04;32215,646512617554;3152,02498576781;29063,621526849744;17
2011-05-05;32019,3666469965;3152,02498576781;28867,34166122869;17
2011-05-06;32217,08690181848;3152,02498576781;29065,06191605067;17
2011-05-09;32771,165313696205;3152,02498576781;29619,140327928395;17
2011-05-10;33050,95078391106;3152,02498576781;29898,925798143253;17
2011-05-11;32682,78549327414;3152,02498576781;29530,76050750633;17
2011-05-12;32812,55986246574;3152,02498576781;29660,53487669793;17
2011-05-13;32471,389719998144;4685,493541470674;27785,89617852747;16
2011-05-16;32086,593142812533;6225,370245800029;25861,222897012503;15
2011-05-17;31987,07546638211;6225,370245800029;25761,70522058208;15
2011-05-18;32624,252643695407;6225,370245800029;26398,882397895377;15
2011-05-19;32595,882058335443;6225,370245800029;26370,511812535413;15
2011-05-20;32463,13898757923;6225,370245800029;26237,7687417792;15
2011-05-23;32081,33005922508;6225,370245800029;25855,959813425052;15
2011-05-24;32064,539754219873;6225,370245800029;25839,169508419844;15
2011-05-25;32548,372739903087;6225,370245800029;26323,002494103057;15
2011-05-26;32778,87744929322;6225,370245800029;26553,50720349319;15
2011-05-27;32789,24939848242;6225,370245800029;26563,87915268239;15
2011-05-31;33142,51593536657;3165,5457262624077;29976,970209104165;17
2011-06-01;32596,520799484064;3165,5457262624077;29430,975073221656;17
2011-06-02;32558,45857389764;3165,5457262624077;29392,91284763523;17
2011-06-03;32236,28041818332;3165,5457262624077;29070,734691920912;17
2011-06-06;31611,421479178825;6298,220686449142;25313,200792729684;15
2011-06-07;31735,3924035431;6298,220686449142;25437,17171709396;15
2011-06-08;31822,45614491916;6298,220686449142;25524,23545847002;15
2011-06-09;32173,984538769626;6298,220686449142;25875,763852320484;15
2011-06-10;31725,95519528738;6298,220686449142;25427,73450883824;15
2011-06-13;31694,1671260203;6298,220686449142;25395,94643957116;15
2011-06-14;32253,838497058776;6298,220686449142;25955,617810609634;15
2011-06-15;31770,74527661528;6298,220686449142;25472,524590166136;15
2011-06-16;31538,61991929284;6298,220686449142;25240,399232843698;15
2011-06-17;31275,13479418276;9440,120147235171;21835,014646947588;13
2011-06-20;31692,861461540095;9440,120147235171;22252,741314304923;13
2011-06-21;32314,060291579426;9440,120147235171;22873,940144344255;13
2011-06-22;32257,844833453022;9440,120147235171;22817,72468621785;13
2011-06-23;32492,12171518484;11022,99152838136;21469,13018680348;12
2011-06-24;32359,432697942746;11022,99152838136;21336,441169561385;12
2011-06-27;32554,41366689267;14617,96725688377;17936,4464100089;16
2011-06-28;32900,699973039766;14617,96725688377;18282,73271615599;16
2011-06-29;32956,45408297831;14617,96725688377;18338,486826094533;16
2011-06-30;33073,56545463714;14617,96725688377;18455,59819775337;16
2011-07-01;33427,856880883395;14617,96725688377;18809,88962399963;16
2011-07-05;33673,045887589135;14617,96725688377;19055,07863070536;16
2011-07-06;33819,609658196176;14617,96725688377;19201,64240131241;16
2011-07-07;33802,98130765292;14617,96725688377;19185,014050769147;16
2011-07-08;33762,71936239824;14617,96725688377;19144,752105514468;16
2011-07-11;33329,1007980602;14617,96725688377;18711,133541176434;16
2011-07-12;33149,30180510324;14617,96725688377;18531,33454821947;16
2011-07-13;33299,4590813105;14617,96725688377;18681,49182442673;16
2011-07-14;33075,43599216918;14617,96725688377;18457,468735285405;16
2011-07-15;33108,86993903693;14617,96725688377;18490,90268215316;16
2011-07-18;32938,845512444575;14617,96725688377;18320,87825556081;16
2011-07-19;33351,15463624443;14617,96725688377;18733,187379360657;16
2011-07-20;33025,14344517443;14617,96725688377;18407,176188290654;16
2011-07-21;32983,21708668528;14617,96725688377;18365,249829801516;16
2011-07-22;33068,33462964585;14617,96725688377;18450,36737276208;16
2011-07-25;32842,08976855899;14617,96725688377;18224,122511675214;16
2011-07-26;32740,92963239289;14617,96725688377;18122,96237550912;16
2011-07-27;32172,09245438901;14617,96725688377;17554,12519750524;16
2011-07-28;32100,063787103278;14617,96725688377;17482,096530219507;16
2011-07-29;32053,335395700014;14617,96725688377;17435,368138816244;16
2011-08-01;31927,5760189677;15954,647249262145;15972,928769705553;15
2011-08-02;31484,83463217583;15954,647249262145;15530,187382913686;15
2011-08-03;31597,94466538076;15954,647249262145;15643,297416118618;15
2011-08-04;30569,073828699104;18739,60589600009;11829,467932699015;12
2011-08-05;30477,256654218956;18739,60589600009;11737,650758218868;12
2011-08-08;29609,58672075167;23311,99342620929;6297,593294542379;7
2011-08-09;30074,289174399157;23311,99342620929;6762,295748189868;7
2011-08-10;29883,409176745627;23311,99342620929;6571,415750536336;7
2011-08-11;30272,267169915;23311,99342620929;6960,273743705713;7
2011-08-12;30480,396165403952;23311,99342620929;7168,40273919466;7
2011-08-15;30607,51287279457;23311,99342620929;7295,519446585281;7
2011-08-16;30429,237509558297;23311,99342620929;7117,244083349005;7
2011-08-17;30256,128927851158;23311,99342620929;6944,135501641867;7
2011-08-18;29831,86607729519;23311,99342620929;6519,872651085901;7
2011-08-19;29708,219645389545;24173,584747996716;5534,634897392827;6
2011-08-22;29691,389046947526;24173,584747996716;5517,804298950809;6
2011-08-23;30086,71032233465;24173,584747996716;5913,125574337932;6
2011-08-24;30111,09292178628;24173,584747996716;5937,508173789565;6
2011-08-25;30032,69547323764;24173,584747996716;5859,110725240923;6
2011-08-26;30201,670842149084;24173,584747996716;6028,086094152368;6
2011-08-29;30385,231443415447;30385,231443415447;0,0;0
2011-08-30;30385,231443415447;30385,231443415447;0,0;0
2011-08-31;30385,231443415447;30385,231443415447;0,0;0
2011-09-01;30385,231443415447;30385,231443415447;0,0;0
2011-09-02;30385,231443415447;30385,231443415447;0,0;0
2011-09-06;30385,231443415447;30385,231443415447;0,0;0
2011-09-07;30385,231443415447;30385,231443415447;0,0;0
2011-09-08;30385,231443415447;30385,231443415447;0,0;0
2011-09-09;30385,231443415447;30385,231443415447;0,0;0
2011-09-12;30385,231443415447;30385,231443415447;0,0;0
2011-09-13;30385,231443415447;30385,231443415447;0,0;0
2011-09-14;30385,231443415447;30385,231443415447;0,0;0
2011-09-15;30385,231443415447;30385,231443415447;0,0;0
2011-09-16;30385,231443415447;30385,231443415447;0,0;0
2011-09-19;30385,231443415447;30385,231443415447;0,0;0
2011-09-20;30385,231443415447;30385,231443415447;0,0;0
2011-09-21;30385,231443415447;30385,231443415447;0,0;0
2011-09-22;30385,231443415447;30385,231443415447;0,0;0
2011-09-23;30385,231443415447;30385,231443415447;0,0;0
2011-09-26;30385,231443415447;30385,231443415447;0,0;0
2011-09-27;30385,231443415447;30385,231443415447;0,0;0
2011-09-28;30385,231443415447;30385,231443415447;0,0;0
2011-09-29;30385,231443415447;30385,231443415447;0,0;0
2011-09-30;30385,231443415447;30385,231443415447;0,0;0
2011-10-03;30385,231443415447;30385,231443415447;0,0;0
2011-10-04;30385,231443415447;30385,231443415447;0,0;0
2011-10-05;30385,231443415447;30385,231443415447;0,0;0
2011-10-06;30385,231443415447;30385,231443415447;0,0;0
2011-10-07;30385,231443415447;30385,231443415447;0,0;0
2011-10-10;30385,231443415447;30385,231443415447;0,0;0
2011-10-11;30385,231443415447;30385,231443415447;0,0;0
2011-10-12;30385,231443415447;30385,231443415447;0,0;0
2011-10-13;30385,231443415447;30385,231443415447;0,0;0
2011-10-14;30385,231443415447;30385,231443415447;0,0;0
2011-10-17;30385,231443415447;30385,231443415447;0,0;0
2011-10-18;30385,231443415447;30385,231443415447;0,0;0
2011-10-19;30385,231443415447;30385,231443415447;0,0;0
2011-10-20;30385,231443415447;30385,231443415447;0,0;0
2011-10-21;30385,231443415447;30385,231443415447;0,0;0
2011-10-24;30385,231443415447;30385,231443415447;0,0;0
2011-10-25;30385,231443415447;30385,231443415447;0,0;0
2011-10-26;30385,231443415447;30385,231443415447;0,0;0
2011-10-27;30385,231443415447;30385,231443415447;0,0;0
2011-10-28;30385,231443415447;30385,231443415447;0,0;0
2011-10-31;30385,231443415447;30385,231443415447;0,0;0
2011-11-01;30385,231443415447;30385,231443415447;0,0;0
2011-11-02;30385,231443415447;30385,231443415447;0,0;0
2011-11-03;30385,231443415447;30385,231443415447;0,0;0
2011-11-04;30385,231443415447;30385,231443415447;0,0;0
2011-11-07;30385,231443415447;30385,231443415447;0,0;0
2011-11-08;30385,231443415447;30385,231443415447;0,0;0
2011-11-09;30385,231443415447;30385,231443415447;0,0;0
2011-11-10;30385,231443415447;30385,231443415447;0,0;0
2011-11-11;30385,231443415447;30385,231443415447;0,0;0
2011-11-14;30385,231443415447;30385,231443415447;0,0;0
2011-11-15;30385,231443415447;30385,231443415447;0,0;0
2011-11-16;30385,231443415447;30385,231443415447;0,0;0
2011-11-17;30385,231443415447;30385,231443415447;0,0;0
2011-11-18;30385,231443415447;30385,231443415447;0,0;0
2011-11-21;30385,231443415447;30385,231443415447;0,0;0
2011-11-22;30385,231443415447;30385,231443415447;0,0;0
2011-11-23;30385,231443415447;30385,231443415447;0,0;0
2011-11-25;30385,231443415447;30385,231443415447;0,0;0
2011-11-28;30385,231443415447;30385,231443415447;0,0;0
2011-11-29;30385,231443415447;30385,231443415447;0,0;0
2011-11-30;30385,231443415447;30385,231443415447;0,0;0
2011-12-01;30385,231443415447;30385,231443415447;0,0;0
2011-12-02;30385,231443415447;30385,231443415447;0,0;0
2011-12-05;30385,231443415447;30385,231443415447;0,0;0
2011-12-06;30385,231443415447;30385,231443415447;0,0;0
2011-12-07;30385,231443415447;30385,231443415447;0,0;0
2011-12-08;30385,231443415447;30385,231443415447;0,0;0
2011-12-09;30385,231443415447;30385,231443415447;0,0;0
2011-12-12;30385,231443415447;30385,231443415447;0,0;0
2011-12-13;30385,231443415447;30385,231443415447;0,0;0
2011-12-14;30385,231443415447;30385,231443415447;0,0;0
2011-12-15;30385,231443415447;30385,231443415447;0,0;0
2011-12-16;30385,231443415447;30385,231443415447;0,0;0
2011-12-19;30385,231443415447;30385,231443415447;0,0;0
2011-12-20;30385,231443415447;30385,231443415447;0,0;0
2011-12-21;30385,231443415447;30385,231443415447;0,0;0
2011-12-22;30385,231443415447;30385,231443415447;0,0;0
2011-12-23;30385,231443415447;30385,231443415447;0,0;0
2011-12-27;30385,231443415447;30385,231443415447;0,0;0
2011-12-28;30385,231443415447;30385,231443415447;0,0;0
2011-12-29;30385,231443415447;30385,231443415447;0,0;0
2011-12-30;30385,231443415447;30385,231443415447;0,0;0
2012-01-03;30385,231443415447;30385,231443415447;0,0;0
2012-01-04;30385,231443415447;30385,231443415447;0,0;0
2012-01-05;30385,231443415447;30385,231443415447;0,0;0
2012-01-06;30385,231443415447;30385,231443415447;0,0;0
2012-01-09;30385,231443415447;30385,231443415447;0,0;0
2012-01-10;30385,231443415447;30385,231443415447;0,0;0
2012-01-11;30385,231443415447;30385,231443415447;0,0;0
2012-01-12;30385,231443415447;30385,231443415447;0,0;0
2012-01-13;30385,231443415447;30385,231443415447;0,0;0
2012-01-17;30385,231443415447;30385,231443415447;0,0;0
2012-01-18;30385,231443415447;30385,231443415447;0,0;0
2012-01-19;30385,231443415447;30385,231443415447;0,0;0
2012-01-20;30385,231443415447;30385,231443415447;0,0;0
2012-01-23;30385,231443415447;30385,231443415447;0,0;0
2012-01-24;30385,231443415447;30385,231443415447;0,0;0
2012-01-25;30385,231443415447;30385,231443415447;0,0;0
2012-01-26;30385,231443415447;30385,231443415447;0,0;0
2012-01-27;30385,231443415447;30385,231443415447;0,0;0
2012-01-30;30326,891799044097;6018,706644311735;24308,185154732364;15
2012-01-31;30343,322368011453;6018,706644311735;24324,615723699717;15
2012-02-01;30711,170367240084;6018,706644311735;24692,46372292835;15
2012-02-02;30772,948741688204;6018,706644311735;24754,24209737647;15
2012-02-03;31285,006988454406;6018,706644311735;25266,30034414267;15
2012-02-06;31334,750164556797;6018,706644311735;25316,043520245064;15
2012-02-07;31489,936251468098;6018,706644311735;25471,229607156365;15
2012-02-08;31678,04551623868;6018,706644311735;25659,338871926946;15
2012-02-09;31718,383323373986;6018,706644311735;25699,676679062253;15
2012-02-10;31556,729942757884;6018,706644311735;25538,023298446147;15
2012-02-13;32200,64690593219;6018,706644311735;26181,940261620453;15
2012-02-14;32095,256275477746;6018,706644311735;26076,549631166014;15
2012-02-15;31849,88752577135;6018,706644311735;25831,18088145962;15
2012-02-16;32039,465104751464;6018,706644311735;26020,758460439727;15
2012-02-17;31865,136197963562;6018,706644311735;25846,429553651826;15
2012-02-21;31585,349580132643;6018,706644311735;25566,642935820906;15
2012-02-22;31634,756940960913;6018,706644311735;25616,050296649177;15
2012-02-23;31993,27881274576;6018,706644311735;25974,572168434024;15
2012-02-24;32017,534823571732;6018,706644311735;25998,828179259996;15
2012-02-27;32316,385080467557;-1,5916157281026244e-12;32316,385080467557;19
2012-02-28;32326,217447968076;-1,5916157281026244e-12;32326,217447968076;19
2012-02-29;32150,26034755987;-1,5916157281026244e-12;32150,26034755987;19
2012-03-01;32596,579537022873;-1,5916157281026244e-12;32596,579537022873;19
2012-03-02;32329,9802686283;-1,5916157281026244e-12;32329,9802686283;19
2012-03-05;32340,229048410074;-1,5916157281026244e-12;32340,229048410074;19
2012-03-06;31708,970612329496;-1,5916157281026244e-12;31708,970612329496;19
2012-03-07;32205,393261214092;-1,5916157281026244e-12;32205,393261214092;19
2012-03-08;32692,53994492822;-1,5916157281026244e-12;32692,53994492822;19
2012-03-09;33001,76271786422;-1,5916157281026244e-12;33001,76271786422;19
2012-03-12;33087,98023033456;-1,5916157281026244e-12;33087,98023033456;19
2012-03-13;33658,63680465512;-1,5916157281026244e-12;33658,63680465512;19
2012-03-14;33606,86379974863;-1,5916157281026244e-12;33606,86379974863;19
2012-03-15;33948,817255484246;-1,5916157281026244e-12;33948,817255484246;19
2012-03-16;33740,3983268585;-1,5916157281026244e-12;33740,3983268585;19
2012-03-19;34000,91406238057;-1,5916157281026244e-12;34000,91406238057;19
2012-03-20;33929,7126779254;-1,5916157281026244e-12;33929,7126779254;19
2012-03-21;34292,82519222064;-1,5916157281026244e-12;34292,82519222064;19
2012-03-22;34003,61984449801;-1,5916157281026244e-12;34003,61984449801;19
2012-03-23;34186,81601627523;-1,5916157281026244e-12;34186,81601627523;19
2012-03-26;34974,384987309786;-1,5916157281026244e-12;34974,384987309786;19
2012-03-27;35021,834311818595;-1,5916157281026244e-12;35021,834311818595;19
2012-03-28;34911,61165249717;-1,5916157281026244e-12;34911,61165249717;19
2012-03-29;34740,66104861564;-1,5916157281026244e-12;34740,66104861564;19
2012-03-30;34753,94350530811;-1,5916157281026244e-12;34753,94350530811;19
2012-04-02;35159,853621176655;3633,465800817588;31526,38782035907;17
2012-04-03;35385,89312320359;3633,465800817588;31752,427322386;17
2012-04-04;34893,967493074364;3633,465800817588;31260,501692256777;17
2012-04-05;34654,55021316973;5042,463781748513;29612,08643142122;16
2012-04-09;34007,8156036143;5042,463781748513;28965,351821865785;16
2012-04-10;32916,3606908516;5042,463781748513;27873,89690910309;16
2012-04-11;33327,31907843606;6721,854163680384;26605,464914755677;15
2012-04-12;33879,75360050059;6721,854163680384;27157,899436820204;15
2012-04-13;33724,05086194154;6721,854163680384;27002,19669826116;15
2012-04-16;33469,30180531329;6721,854163680384;26747,447641632905;15
2012-04-17;33951,573722427085;6721,854163680384;27229,719558746703;15
2012-04-18;34244,243300576665;6721,854163680384;27522,389136896283;15
2012-04-19;34082,20221368723;6721,854163680384;27360,34805000685;15
2012-04-20;33936,34971686068;6721,854163680384;27214,49555318029;15
2012-04-23;33502,861831674636;8402,12631019264;25100,735521481998;14
2012-04-24;33040,87127002759;8402,12631019264;24638,744959834945;14
2012-04-25;33638,255100865266;8402,12631019264;25236,12879067263;14
2012-04-26;34408,026514678844;8402,12631019264;26005,900204486206;14
2012-04-27;34754,5914219536;8402,12631019264;26352,465111760957;14
2012-04-30;34300,55697672855;4976,953433865647;29323,603542862904;16
2012-05-01;34442,06790210983;4976,953433865647;29465,114468244188;16
2012-05-02;34805,47118860234;4976,953433865647;29828,517754736695;16
2012-05-03;34546,059695897064;4976,953433865647;29569,106262031415;16
2012-05-04;33838,8847122367;4976,953433865647;28861,931278371052;16
2012-05-07;33968,72491149826;4976,953433865647;28991,771477632614;16
2012-05-08;33822,33063848201;4976,953433865647;28845,377204616365;16
2012-05-09;33831,50558477696;4976,953433865647;28854,552150911313;16
2012-05-10;34040,58777817627;4976,953433865647;29063,634344310623;16
2012-05-11;34120,53301603071;4976,953433865647;29143,579582165064;16
2012-05-14;33669,84059006433;4976,953433865647;28692,88715619868;16
2012-05-15;33659,33639477124;4976,953433865647;28682,382960905594;16
2012-05-16;33354,46546098534;4976,953433865647;28377,51202711969;16
2012-05-17;32139,75998298957;7912,595375926228;24227,164607063343;14
2012-05-18;31679,672797857107;7912,595375926228;23767,07742193088;14
2012-05-21;32448,076080189996;7912,595375926228;24535,480704263766;14
2012-05-22;32604,463766344255;7912,595375926228;24691,868390418025;14
2012-05-23;33062,57507081521;7912,595375926228;25149,979694888985;14
2012-05-24;33164,355176478035;7912,595375926228;25251,75980055181;14
2012-05-25;33166,87398091304;7912,595375926228;25254,278604986812;14
2012-05-29;33503,541674572276;11319,093682479786;22184,44799209249;18
2012-05-30;33086,16236371363;11319,093682479786;21767,068681233843;18
2012-05-31;33154,64028750061;12321,63757104835;20833,00271645226;17
2012-06-01;32188,559395441407;13914,98059497672;18273,57880046469;16
2012-06-04;31932,564943692785;15802,91839427275;16129,646549420033;14
2012-06-05;32153,029769219862;15802,91839427275;16350,111374947111;14
2012-06-06;32571,075817628036;15802,91839427275;16768,157423355286;14
2012-06-07;32344,805803979227;15802,91839427275;16541,887409706476;14
2012-06-08;32606,680368533132;15802,91839427275;16803,761974260382;14
2012-06-11;32317,703690838945;15802,91839427275;16514,785296566195;14
2012-06-12;32578,875348827067;15802,91839427275;16775,956954554316;14
2012-06-13;32162,224551446197;15802,91839427275;16359,306157173445;14
2012-06-14;32329,19841171049;15802,91839427275;16526,28001743774;14
2012-06-15;32587,896240751918;15802,91839427275;16784,977846479167;14
2012-06-18;32954,517756691355;15802,91839427275;17151,599362418605;14
2012-06-19;33018,56410018726;15802,91839427275;17215,645705914503;14
2012-06-20;32903,63676490419;15802,91839427275;17100,718370631443;14
2012-06-21;32498,88491905908;15802,91839427275;16695,96652478633;14
2012-06-22;32616,443902543768;15802,91839427275;16813,525508271017;14
2012-06-25;32586,00478724742;15802,91839427275;16783,08639297467;14
2012-06-26;32757,88883087767;15802,91839427275;16954,97043660492;14
2012-06-27;32662,45878783953;15802,91839427275;16859,54039356678;14
2012-06-28;32451,90931142811;15802,91839427275;16648,99091715536;14
2012-06-29;32857,869703092336;15802,91839427275;17054,95130881958;14
2012-07-02;33041,05718545511;12402,956749794552;20638,100435660555;18
2012-07-03;33083,9320795186;12402,956749794552;20680,975329724046;18
2012-07-05;33260,606556061466;12402,956749794552;20857,649806266916;18
2012-07-06;33104,15342303097;12402,956749794552;20701,19667323642;18
2012-07-09;33011,10739580717;12402,956749794552;20608,150646012622;18
2012-07-10;32648,180797947745;12402,956749794552;20245,22404815319;18
2012-07-11;32441,419149619454;12402,956749794552;20038,4623998249;18
2012-07-12;32615,38311071295;12402,956749794552;20212,4263609184;18
2012-07-13;32844,126272392736;12402,956749794552;20441,169522598182;18
2012-07-16;32787,35975571484;12402,956749794552;20384,403005920285;18
2012-07-17;32838,78278434037;12402,956749794552;20435,826034545822;18
2012-07-18;32773,39695156421;12402,956749794552;20370,440201769656;18
2012-07-19;32794,8337821788;12402,956749794552;20391,877032384247;18
2012-07-20;32576,830754819617;12402,956749794552;20173,874005025067;18
2012-07-23;32498,469992659797;12402,956749794552;20095,513242865243;18
2012-07-24;32370,48812081616;12402,956749794552;19967,53137102161;18
2012-07-25;32141,509583261868;12402,956749794552;19738,552833467314;18
2012-07-26;32638,404408436436;12402,956749794552;20235,447658641882;18
2012-07-27;32899,2092513443;12402,956749794552;20496,252501549745;18
2012-07-30;32655,99861946028;32655,99861946028;0,0;0
2012-07-31;32655,99861946028;32655,99861946028;0,0;0
2012-08-01;32655,99861946028;32655,99861946028;0,0;0
2012-08-02;32655,99861946028;32655,99861946028;0,0;0
2012-08-03;32655,99861946028;32655,99861946028;0,0;0
2012-08-06;32655,99861946028;32655,99861946028;0,0;0
2012-08-07;32655,99861946028;32655,99861946028;0,0;0
2012-08-08;32655,99861946028;32655,99861946028;0,0;0
2012-08-09;32655,99861946028;32655,99861946028;0,0;0
2012-08-10;32655,99861946028;32655,99861946028;0,0;0
2012-08-13;32655,99861946028;32655,99861946028;0,0;0
2012-08-14;32655,99861946028;32655,99861946028;0,0;0
2012-08-15;32655,99861946028;32655,99861946028;0,0;0
2012-08-16;32655,99861946028;32655,99861946028;0,0;0
2012-08-17;32655,99861946028;32655,99861946028;0,0;0
2012-08-20;32655,99861946028;32655,99861946028;0,0;0
2012-08-21;32655,99861946028;32655,99861946028;0,0;0
2012-08-22;32655,99861946028;32655,99861946028;0,0;0
2012-08-23;32655,99861946028;32655,99861946028;0,0;0
2012-08-24;32655,99861946028;32655,99861946028;0,0;0
2012-08-27;32655,99861946028;32655,99861946028;0,0;0
2012-08-28;32655,99861946028;32655,99861946028;0,0;0
2012-08-29;32655,99861946028;32655,99861946028;0,0;0
2012-08-30;32655,99861946028;32655,99861946028;0,0;0
2012-08-31;32655,99861946028;32655,99861946028;0,0;0
2012-09-04;32655,99861946028;32655,99861946028;0,0;0
2012-09-05;32655,99861946028;32655,99861946028;0,0;0
2012-09-06;32655,99861946028;32655,99861946028;0,0;0
2012-09-07;32655,99861946028;32655,99861946028;0,0;0
2012-09-10;32655,99861946028;32655,99861946028;0,0;0
2012-09-11;32655,99861946028;32655,99861946028;0,0;0
2012-09-12;32655,99861946028;32655,99861946028;0,0;0
2012-09-13;32655,99861946028;32655,99861946028;0,0;0
2012-09-14;32655,99861946028;32655,99861946028;0,0;0
2012-09-17;32655,99861946028;32655,99861946028;0,0;0
2012-09-18;32655,99861946028;32655,99861946028;0,0;0
2012-09-19;32655,99861946028;32655,99861946028;0,0;0
2012-09-20;32655,99861946028;32655,99861946028;0,0;0
2012-09-21;32655,99861946028;32655,99861946028;0,0;0
2012-09-24;32655,99861946028;32655,99861946028;0,0;0
2012-09-25;32655,99861946028;32655,99861946028;0,0;0
2012-09-26;32655,99861946028;32655,99861946028;0,0;0
2012-09-27;32655,99861946028;32655,99861946028;0,0;0
2012-09-28;32655,99861946028;32655,99861946028;0,0;0
2012-10-01;32655,99861946028;32655,99861946028;0,0;0
2012-10-02;32655,99861946028;32655,99861946028;0,0;0
2012-10-03;32655,99861946028;32655,99861946028;0,0;0
2012-10-04;32655,99861946028;32655,99861946028;0,0;0
2012-10-05;32655,99861946028;32655,99861946028;0,0;0
2012-10-08;32655,99861946028;32655,99861946028;0,0;0
2012-10-09;32655,99861946028;32655,99861946028;0,0;0
2012-10-10;32655,99861946028;32655,99861946028;0,0;0
2012-10-11;32655,99861946028;32655,99861946028;0,0;0
2012-10-12;32655,99861946028;32655,99861946028;0,0;0
2012-10-15;32655,99861946028;32655,99861946028;0,0;0
2012-10-16;32655,99861946028;32655,99861946028;0,0;0
2012-10-17;32655,99861946028;32655,99861946028;0,0;0
2012-10-18;32655,99861946028;32655,99861946028;0,0;0
2012-10-19;32655,99861946028;32655,99861946028;0,0;0
2012-10-22;32655,99861946028;32655,99861946028;0,0;0
2012-10-23;32655,99861946028;32655,99861946028;0,0;0
2012-10-24;32655,99861946028;32655,99861946028;0,0;0
2012-10-25;32655,99861946028;32655,99861946028;0,0;0
2012-10-26;32655,99861946028;32655,99861946028;0,0;0
2012-10-31;32655,99861946028;32655,99861946028;0,0;0
2012-11-01;32655,99861946028;32655,99861946028;0,0;0
2012-11-02;32655,99861946028;32655,99861946028;0,0;0
2012-11-05;32655,99861946028;32655,99861946028;0,0;0
2012-11-06;32655,99861946028;32655,99861946028;0,0;0
2012-11-07;32655,99861946028;32655,99861946028;0,0;0
2012-11-08;32655,99861946028;32655,99861946028;0,0;0
2012-11-09;32655,99861946028;32655,99861946028;0,0;0
2012-11-12;32655,99861946028;32655,99861946028;0,0;0
2012-11-13;32655,99861946028;32655,99861946028;0,0;0
2012-11-14;32655,99861946028;32655,99861946028;0,0;0
2012-11-15;32655,99861946028;32655,99861946028;0,0;0
2012-11-16;32655,99861946028;32655,99861946028;0,0;0
2012-11-19;32655,99861946028;32655,99861946028;0,0;0
2012-11-20;32655,99861946028;32655,99861946028;0,0;0
2012-11-21;32655,99861946028;32655,99861946028;0,0;0
2012-11-23;32655,99861946028;32655,99861946028;0,0;0
2012-11-26;32655,99861946028;32655,99861946028;0,0;0
2012-11-27;32655,99861946028;32655,99861946028;0,0;0
2012-11-28;32655,99861946028;32655,99861946028;0,0;0
2012-11-29;32655,99861946028;32655,99861946028;0,0;0
2012-11-30;32655,99861946028;32655,99861946028;0,0;0
2012-12-03;32655,99861946028;32655,99861946028;0,0;0
2012-12-04;32655,99861946028;32655,99861946028;0,0;0
2012-12-05;32655,99861946028;32655,99861946028;0,0;0
2012-12-06;32655,99861946028;32655,99861946028;0,0;0
2012-12-07;32655,99861946028;32655,99861946028;0,0;0
2012-12-10;32655,99861946028;32655,99861946028;0,0;0
2012-12-11;32655,99861946028;32655,99861946028;0,0;0
2012-12-12;32655,99861946028;32655,99861946028;0,0;0
2012-12-13;32655,99861946028;32655,99861946028;0,0;0
2012-12-14;32655,99861946028;32655,99861946028;0,0;0
2012-12-17;32655,99861946028;32655,99861946028;0,0;0
2012-12-18;32655,99861946028;32655,99861946028;0,0;0
2012-12-19;32655,99861946028;32655,99861946028;0,0;0
2012-12-20;32655,99861946028;32655,99861946028;0,0;0
2012-12-21;32655,99861946028;32655,99861946028;0,0;0
2012-12-24;32655,99861946028;32655,99861946028;0,0;0
2012-12-26;32655,99861946028;32655,99861946028;0,0;0
2012-12-27;32655,99861946028;32655,99861946028;0,0;0
2012-12-28;32655,99861946028;32655,99861946028;0,0;0
2012-12-31;32655,99861946028;32655,99861946028;0,0;0
2013-01-02;32655,99861946028;32655,99861946028;0,0;0
2013-01-03;32655,99861946028;32655,99861946028;0,0;0
2013-01-04;32655,99861946028;32655,99861946028;0,0;0
2013-01-07;32655,99861946028;32655,99861946028;0,0;0
2013-01-08;32655,99861946028;32655,99861946028;0,0;0
2013-01-09;32655,99861946028;32655,99861946028;0,0;0
2013-01-10;32655,99861946028;32655,99861946028;0,0;0
2013-01-11;32655,99861946028;32655,99861946028;0,0;0
2013-01-14;32655,99861946028;32655,99861946028;0,0;0
2013-01-15;32655,99861946028;32655,99861946028;0,0;0
2013-01-16;32655,99861946028;32655,99861946028;0,0;0
2013-01-17;32655,99861946028;32655,99861946028;0,0;0
2013-01-18;32655,99861946028;32655,99861946028;0,0;0
2013-01-22;32655,99861946028;32655,99861946028;0,0;0
2013-01-23;32655,99861946028;32655,99861946028;0,0;0
2013-01-24;32655,99861946028;32655,99861946028;0,0;0
2013-01-25;32655,99861946028;32655,99861946028;0,0;0
2013-01-28;32593,299102110897;6468,500206542678;26124,79889556822;15
2013-01-29;33092,08128243688;6468,500206542678;26623,581075894203;15
2013-01-30;32880,55476451449;6468,500206542678;26412,054557971813;15
2013-01-31;32455,465743827488;7922,836394014512;24532,629349812974;14
2013-02-01;32680,899836379278;7922,836394014512;24758,063442364768;14
2013-02-04;32458,4767978917;7922,836394014512;24535,64040387719;14
2013-02-05;32734,257292423725;7922,836394014512;24811,420898409215;14
2013-02-06;32790,94804762856;7922,836394014512;24868,111653614047;14
2013-02-07;32731,22794730759;7922,836394014512;24808,391553293077;14
2013-02-08;33108,119610286274;7922,836394014512;25185,28321627176;14
2013-02-11;32987,60861938535;7922,836394014512;25064,772225370834;14
2013-02-12;33155,37857665525;7922,836394014512;25232,542182640733;14
2013-02-13;33353,039129107514;7922,836394014512;25430,202735093004;14
2013-02-14;33433,00492352926;9473,882474857253;23959,122448672006;13
2013-02-15;33473,760699376006;9473,882474857253;23999,878224518754;13
2013-02-19;33666,38179721021;9473,882474857253;24192,49932235296;13
2013-02-20;32941,4084670084;11015,262929495426;21926,14553751297;12
2013-02-21;32321,90243564647;13896,5046878598;18425,39774778667;10
2013-02-22;32516,794296857206;13896,5046878598;18620,289608997406;10
2013-02-25;32026,243786588326;6381,117984043996;25645,125802544328;15
2013-02-26;32114,272587146756;6381,117984043996;25733,15460310276;15
2013-02-27;32317,395204130058;7789,6894887811195;24527,705715348937;14
2013-02-28;32420,28877138145;7789,6894887811195;24630,599282600328;14
2013-03-01;32639,81717251637;7789,6894887811195;24850,127683735253;14
2013-03-04;32945,73613463538;7789,6894887811195;25156,046645854258;14
2013-03-05;33195,662468164664;7789,6894887811195;25405,972979383547;14
2013-03-06;33149,39399022139;7789,6894887811195;25359,704501440272;14
2013-03-07;33113,551210804166;7789,6894887811195;25323,861722023044;14
2013-03-08;33284,67230759365;7789,6894887811195;25494,982818812536;14
2013-03-11;33186,85569767529;7789,6894887811195;25397,16620889417;14
2013-03-12;33221,18979008205;7789,6894887811195;25431,500301300926;14
2013-03-13;33368,87559449859;7789,6894887811195;25579,18610571747;14
2013-03-14;33435,86068317842;7789,6894887811195;25646,1711943973;14
2013-03-15;33366,518681023896;7789,6894887811195;25576,829192242774;14
2013-03-18;33378,35096094055;7789,6894887811195;25588,661472159434;14
2013-03-19;33190,304191169205;7789,6894887811195;25400,614702388088;14
2013-03-20;33548,089101776175;7789,6894887811195;25758,399612995057;14
2013-03-21;33278,69670969184;7789,6894887811195;25489,00722091072;14
2013-03-22;33480,98979335252;7789,6894887811195;25691,300304571403;14
2013-03-25;33312,70542285454;7789,6894887811195;25523,01593407342;14
2013-03-26;33664,200468294825;7789,6894887811195;25874,510979513703;14
2013-03-27;33733,53260208589;7789,6894887811195;25943,84311330477;14
2013-03-28;33877,78216340848;7789,6894887811195;26088,09267462736;14
2013-04-01;33428,57578624571;3070,6375516578537;30357,93823458786;17
2013-04-02;32999,65574609762;3070,6375516578537;29929,018194439763;17
2013-04-03;32341,054506073946;3070,6375516578537;29270,416954416094;17
2013-04-04;32511,040733706614;3070,6375516578537;29440,403182048758;17
2013-04-05;32348,46909563424;3070,6375516578537;29277,831543976383;17
2013-04-08;32725,569365977433;3070,6375516578537;29654,931814319578;17
2013-04-09;32829,709281760086;3070,6375516578537;29759,071730102234;17
2013-04-10;33186,94597877183;3070,6375516578537;30116,308427113978;17
2013-04-11;33349,05992289712;3070,6375516578537;30278,422371239263;17
2013-04-12;33256,746735495406;3070,6375516578537;30186,109183837554;17
2013-04-15;32169,91776818457;3070,6375516578537;29099,280216526713;17
2013-04-16;32742,082788097556;3070,6375516578537;29671,4452364397;17
2013-04-17;32131,837006042602;4667,971209856086;27463,865796186517;16
2013-04-18;31801,090489659426;4667,971209856086;27133,11927980334;16
2013-04-19;32271,410540749224;4667,971209856086;27603,43933089314;16
2013-04-22;32495,504387278925;4667,971209856086;27827,53317742284;16
2013-04-23;33414,08601988141;4667,971209856086;28746,114810025323;16
2013-04-24;33477,114288971214;4667,971209856086;28809,14307911513;16
2013-04-25;33405,79864631358;4667,971209856086;28737,827436457497;16
2013-04-26;33378,59940357645;4667,971209856086;28710,628193720364;16
2013-04-29;33470,003650571554;3048,788664538788;30421,21498603277;17
2013-04-30;33664,729937778146;3048,788664538788;30615,94127323936;17
2013-05-01;33388,90572809869;3048,788664538788;30340,1170635599;17
2013-05-02;34035,21191182365;3048,788664538788;30986,423247284863;17
2013-05-03;34680,63749742097;3048,788664538788;31631,84883288218;17
2013-05-06;34909,44055789839;3048,788664538788;31860,651893359605;17
2013-05-07;34617,347534450746;3048,788664538788;31568,55886991196;17
2013-05-08;34766,0838353717;3048,788664538788;31717,295170832906;17
2013-05-09;34515,25618980264;3048,788664538788;31466,46752526385;17
2013-05-10;34857,967359531845;3048,788664538788;31809,178694993057;17
2013-05-13;35158,70764860563;3048,788664538788;32109,918984066844;17
2013-05-14;35798,94014409803;3048,788664538788;32750,151479559237;17
2013-05-15;35820,7379580299;3048,788664538788;32771,94929349112;17
2013-05-16;35485,569596168476;3048,788664538788;32436,780931629688;17
2013-05-17;36073,72362005932;3048,788664538788;33024,934955520526;17
2013-05-20;36137,98174326884;3048,788664538788;33089,19307873006;17
2013-05-21;36014,60368287715;3048,788664538788;32965,815018338355;17
2013-05-22;35579,8104217889;3048,788664538788;32531,02175725011;17
2013-05-23;35601,81504361998;3048,788664538788;32553,026379081188;17
2013-05-24;35715,42937268847;3048,788664538788;32666,640708149684;17
2013-05-28;35937,554003254845;3048,788664538788;32888,76533871606;17
2013-05-29;35693,389100119326;3048,788664538788;32644,60043558054;17
2013-05-30;36080,16471700535;3048,788664538788;33031,37605246656;17
2013-05-31;35645,47019761251;3048,788664538788;32596,68153307372;17
2013-06-03;35168,31868327074;5087,088110107039;30081,230573163703;16
2013-06-04;34940,81918329938;5087,088110107039;29853,731073192346;16
2013-06-05;34473,2958674382;5087,088110107039;29386,20775733116;16
2013-06-06;35078,43169854696;5087,088110107039;29991,343588439922;16
2013-06-07;35648,339808850025;5087,088110107039;30561,251698742988;16
2013-06-10;35708,29869212889;5087,088110107039;30621,21058202185;16
2013-06-11;35212,081289703114;5087,088110107039;30124,993179596077;16
2013-06-12;34309,0863822295;5087,088110107039;29221,99827212246;16
2013-06-13;34720,11100144138;5087,088110107039;29633,02289133434;16
2013-06-14;34570,698325870624;5087,088110107039;29483,610215763583;16
2013-06-17;34806,65997836227;5087,088110107039;29719,571868255232;16
2013-06-18;35196,45181137467;5087,088110107039;30109,36370126763;16
2013-06-19;34632,32104745515;5087,088110107039;29545,232937348115;16
2013-06-20;33553,7754425999;8402,857534713277;25150,917907886625;14
2013-06-21;33362,23698404284;8402,857534713277;24959,379449329557;14
2013-06-24;33047,56187523264;10040,266958661845;23007,294916570794;13
2013-06-25;33462,851866401594;10040,266958661845;23422,58490773975;13
2013-06-26;33819,05480910281;10040,266958661845;23778,787850440964;13
2013-06-27;34074,46728843632;10040,266958661845;24034,200329774474;13
2013-06-28;33900,62677702815;10040,266958661845;23860,359818366305;13
2013-07-01;34525,72354563922;3189,896340207346;31335,827205431873;17
2013-07-02;34332,24190331006;3189,896340207346;31142,34556310271;17
2013-07-03;34244,17538914311;3189,896340207346;31054,27904893576;17
2013-07-05;34856,41903253921;3189,896340207346;31666,522692331862;17
2013-07-08;34965,15635224609;3189,896340207346;31775,260012038747;17
2013-07-09;35102,231470432795;3189,896340207346;31912,33513022545;17
2013-07-10;35006,73066436284;3189,896340207346;31816,834324155494;17
2013-07-11;35533,60935285048;3189,896340207346;32343,713012643133;17
2013-07-12;35826,94109706204;3189,896340207346;32637,04475685469;17
2013-07-15;36064,39786193328;3189,896340207346;32874,50152172593;17
2013-07-16;35811,53848035543;3189,896340207346;32621,642140148084;17
2013-07-17;35913,404684342066;3189,896340207346;32723,508344134723;17
2013-07-18;36137,835204052535;3189,896340207346;32947,93886384519;17
2013-07-19;36024,73471064711;3189,896340207346;32834,83837043977;17
2013-07-22;36161,409552770754;3189,896340207346;32971,513212563405;17
2013-07-23;35814,42724677954;3189,896340207346;32624,530906572196;17
2013-07-24;35805,058405977215;3189,896340207346;32615,16206576987;17
2013-07-25;36259,232111854115;3189,896340207346;33069,33577164677;17
2013-07-26;36483,69235714084;3189,896340207346;33293,7960169335;17
2013-07-29;36049,390236510466;5336,844675983924;30712,54556052654;16
2013-07-30;36198,96807114669;5336,844675983924;30862,123395162773;16
2013-07-31;36203,38558313605;5336,844675983924;30866,540907152124;16
2013-08-01;36766,373995974165;5336,844675983924;31429,52931999024;16
2013-08-02;36919,319879257804;5336,844675983924;31582,47520327388;16
2013-08-05;36777,943805064635;5336,844675983924;31441,09912908071;16
2013-08-06;36327,624470376664;5336,844675983924;30990,77979439274;16
2013-08-07;35893,78504228983;6978,571675059396;28915,21336723043;15
2013-08-08;36646,85719083607;6978,571675059396;29668,285515776675;15
2013-08-09;36551,5361885548;6978,571675059396;29572,9645134954;15
2013-08-12;36548,474824590856;6978,571675059396;29569,90314953146;15
2013-08-13;36394,666598448515;8670,52604741482;27724,140551033695;14
2013-08-14;36297,26451077117;10390,243557876427;25907,02095289475;13
2013-08-15;35770,42310390125;10390,243557876427;25380,17954602482;13
2013-08-16;35872,331206204944;10390,243557876427;25482,087648328517;13
2013-08-19;35717,47534371674;10390,243557876427;25327,23178584031;13
2013-08-20;36284,263660200704;10390,243557876427;25894,020102324277;13
2013-08-21;36123,77746400902;10390,243557876427;25733,533906132598;13
2013-08-22;36482,022809202215;12051,157215003757;24430,865594198454;12
2013-08-23;36506,24432485548;12051,157215003757;24455,087109851716;12
2013-08-26;36705,779499420416;12051,157215003757;24654,62228441666;12
2013-08-27;35903,82689763131;12051,157215003757;23852,66968262755;12
2013-08-28;36203,165936901736;12051,157215003757;24152,00872189798;12
2013-08-29;36484,92625184967;12051,157215003757;24433,76903684591;12
2013-08-30;36207,62576422405;12051,157215003757;24156,46854922029;12
2013-09-03;36466,51742891969;16468,137482875853;19998,37994604384;16
2013-09-04;36640,22566547344;16468,137482875853;20172,088182597585;16
2013-09-05;36685,921282860174;16468,137482875853;20217,783799984318;16
2013-09-06;36569,55274902003;16468,137482875853;20101,415266144177;16
2013-09-09;36991,58777217714;16468,137482875853;20523,45028930129;16
2013-09-10;37356,76674305313;16468,137482875853;20888,629260177277;16
2013-09-11;37413,860052689764;16468,137482875853;20945,722569813912;16
2013-09-12;37219,645333530774;16468,137482875853;20751,507850654918;16
2013-09-13;37340,76335454841;16468,137482875853;20872,62587167256;16
2013-09-16;37379,414076097804;16468,137482875853;20911,27659322195;16
2013-09-17;37581,186345936396;16468,137482875853;21113,04886306054;16
2013-09-18;37829,03982353399;16468,137482875853;21360,902340658136;16
2013-09-19;37925,486630332656;16468,137482875853;21457,3491474568;16
2013-09-20;37822,78141863947;16468,137482875853;21354,64393576362;16
2013-09-23;37709,4183759961;16468,137482875853;21241,280893120253;16
2013-09-24;37806,419370810036;16468,137482875853;21338,281887934187;16
2013-09-25;37736,39019693649;16468,137482875853;21268,252714060636;16
2013-09-26;38010,09033765645;16468,137482875853;21541,952854780604;16
2013-09-27;37814,03123759535;16468,137482875853;21345,893754719502;16
2013-09-30;37792,73830688034;6263,600518074659;31529,13778880568;16
2013-10-01;38417,57130179918;6263,600518074659;32153,97078372452;16
2013-10-02;38528,507481589535;6263,600518074659;32264,906963514877;16
2013-10-03;37969,82437184688;6263,600518074659;31706,22385377222;16
2013-10-04;38169,42971036744;6263,600518074659;31905,829192292782;16
2013-10-07;37781,1359768415;6263,600518074659;31517,53545876684;16
2013-10-08;36713,118104895104;6263,600518074659;30449,517586820442;16
2013-10-09;36353,806745155984;8074,6576755608485;28279,149069595136;15
2013-10-10;37249,15565882936;8074,6576755608485;29174,49798326851;15
2013-10-11;37234,179471714146;8074,6576755608485;29159,521796153294;15
2013-10-14;37635,29445558561;8074,6576755608485;29560,63678002476;15
2013-10-15;37474,90457521805;8074,6576755608485;29400,246899657195;15
2013-10-16;38123,02789637255;8074,6576755608485;30048,370220811703;15
2013-10-17;38563,74757557311;8074,6576755608485;30489,089900012255;15
2013-10-18;39368,735032182616;8074,6576755608485;31294,07735662177;15
2013-10-21;39409,297774781895;8074,6576755608485;31334,640099221047;15
2013-10-22;39268,45804641716;8074,6576755608485;31193,800370856312;15
2013-10-23;39074,517363393046;8074,6576755608485;30999,859687832195;15
2013-10-24;39285,61431745826;8074,6576755608485;31210,95664189741;15
2013-10-25;39086,40889421407;8074,6576755608485;31011,751218653222;15
2013-10-28;38886,95459061244;5614,75814385413;33272,19644675831;16
2013-10-29;39230,49505703108;5614,75814385413;33615,73691317695;16
2013-10-30;39358,63210695522;5614,75814385413;33743,87396310109;16
2013-10-31;39253,15285165984;5614,75814385413;33638,39470780571;16
2013-11-01;39374,12453126544;5614,75814385413;33759,36638741131;16
2013-11-04;39799,59256147433;5614,75814385413;34184,8344176202;16
2013-11-05;40044,22964318387;5614,75814385413;34429,47149932974;16
2013-11-06;39329,001655646745;5614,75814385413;33714,243511792614;16
2013-11-07;38955,77933949351;5614,75814385413;33341,021195639376;16
2013-11-08;39564,05634277656;5614,75814385413;33949,29819892243;16
2013-11-11;39830,71351040935;5614,75814385413;34215,955366555216;16
2013-11-12;39749,69043060819;5614,75814385413;34134,93228675406;16
2013-11-13;40362,25918984044;5614,75814385413;34747,50104598631;16
2013-11-14;40114,416426637436;5614,75814385413;34499,658282783304;16
2013-11-15;40261,53253981116;5614,75814385413;34646,77439595703;16
2013-11-18;39667,97492207602;5614,75814385413;34053,21677822189;16
2013-11-19;39078,44859284461;5614,75814385413;33463,69044899048;16
2013-11-20;39144,71216548293;5614,75814385413;33529,9540216288;16
2013-11-21;39851,13224611105;5614,75814385413;34236,374102256916;16
2013-11-22;40060,32698957524;5614,75814385413;34445,56884572111;16
2013-11-25;40010,167424489104;5614,75814385413;34395,40928063497;16
2013-11-26;40207,72619235289;5614,75814385413;34592,96804849876;16
2013-11-27;40458,31179453697;5614,75814385413;34843,553650682836;16
2013-11-29;40393,29473000324;5614,75814385413;34778,53658614911;16
2013-12-02;40305,72462691913;8046,559265033598;32259,165361885534;15
2013-12-03;40078,24361725455;8046,559265033598;32031,68435222095;15
2013-12-04;39938,17370377914;8046,559265033598;31891,614438745542;15
2013-12-05;39932,1125573863;8046,559265033598;31885,553292352703;15
2013-12-06;39907,45265633838;10013,46272200184;29893,98993433654;14
2013-12-09;39838,27049841373;10013,46272200184;29824,807776411893;14
2013-12-10;39724,66216432279;10013,46272200184;29711,19944232095;14
2013-12-11;39070,98393261721;10013,46272200184;29057,521210615367;14
2013-12-12;39242,13031955498;10013,46272200184;29228,667597553136;14
2013-12-13;39184,71133762792;10013,46272200184;29171,248615626086;14
2013-12-16;39509,41519429077;10013,46272200184;29495,95247228893;14
2013-12-17;39384,09210799944;10013,46272200184;29370,6293859976;14
2013-12-18;39864,774004120314;10013,46272200184;29851,311282118473;14
2013-12-19;39587,69419918179;10013,46272200184;29574,231477179947;14
2013-12-20;39817,30850590425;10013,46272200184;29803,84578390241;14
2013-12-23;39975,274853342446;10013,46272200184;29961,812131340605;14
2013-12-24;39948,43878477591;10013,46272200184;29934,976062774076;14
2013-12-26;40172,253118941975;10013,46272200184;30158,790396940134;14
2013-12-27;39781,552732504875;10013,46272200184;29768,090010503034;14
2013-12-30;39804,893264209466;5915,433552420929;33889,459711788535;16
2013-12-31;39963,0180357254;5915,433552420929;34047,58448330447;16
2014-01-02;39583,89512800193;5915,433552420929;33668,461575581;16
2014-01-03;39708,36738035116;5915,433552420929;33792,93382793023;16
2014-01-06;39614,33640532273;5915,433552420929;33698,902852901796;16
2014-01-07;39682,82496436016;5915,433552420929;33767,39141193923;16
2014-01-08;39889,326461358396;5915,433552420929;33973,892908937465;16
2014-01-09;39906,32341371273;7773,528510753341;32132,794902959387;15
2014-01-10;40198,61348424913;7773,528510753341;32425,08497349579;15
2014-01-13;39725,93468718464;7773,528510753341;31952,406176431305;15
2014-01-14;40326,606104672515;7773,528510753341;32553,077593919174;15
2014-01-15;40537,6821773783;7773,528510753341;32764,15366662496;15
2014-01-16;40080,525482558674;9194,993313900637;30885,532168658036;14
2014-01-17;40237,413316946455;9194,993313900637;31042,420003045816;14
2014-01-21;40369,62696452986;9194,993313900637;31174,63365062922;14
2014-01-22;41184,27916278661;11133,417631773893;30050,861531012713;13
2014-01-23;41077,958661865545;11133,417631773893;29944,54103009165;13
2014-01-24;40133,79757615457;11133,417631773893;29000,37994438068;13
2014-01-27;39859,999109868746;11133,417631773893;28726,58147809485;13
2014-01-28;40452,29384278295;11133,417631773893;29318,87621100906;13
2014-01-29;39862,09161727132;11133,417631773893;28728,673985497422;13
2014-01-30;40620,6921943639;11133,417631773893;29487,274562590006;13
2014-01-31;40791,06008410494;11133,417631773893;29657,642452331045;13
2014-02-03;40046,18180032278;7986,52865938011;32059,653140942668;15
2014-02-04;40346,96623484719;7986,52865938011;32360,437575467084;15
2014-02-05;40169,14630739513;7986,52865938011;32182,61764801502;15
2014-02-06;40544,96456650571;7986,52865938011;32558,4359071256;15
2014-02-07;41273,60059367628;7986,52865938011;33287,07193429617;15
2014-02-10;41269,32667485754;7986,52865938011;33282,79801547743;15
2014-02-11;41616,61910899733;7986,52865938011;33630,09044961722;15
2014-02-12;41711,58445575835;7986,52865938011;33725,055796378234;15
2014-02-13;42099,28867102515;7986,52865938011;34112,76001164504;15
2014-02-14;42214,42585479167;7986,52865938011;34227,897195411555;15
2014-02-18;42557,61930438812;7986,52865938011;34571,090645008015;15
2014-02-19;42286,50126651178;7986,52865938011;34299,972607131676;15
2014-02-20;42998,15197295594;7986,52865938011;35011,62331357582;15
2014-02-21;42911,83561591561;7986,52865938011;34925,3069565355;15
2014-02-24;43351,58458673506;7986,52865938011;35365,055927354944;15
2014-02-25;43416,21810304976;7986,52865938011;35429,68944366965;15
2014-02-26;43319,767438945666;7986,52865938011;35333,23877956555;15
2014-02-27;43700,422857399215;7986,52865938011;35713,89419801911;15
2014-02-28;43198,159396595656;7986,52865938011;35211,63073721555;15
2014-03-03;43045,002062141764;8593,147371779289;34451,854690362474;15
2014-03-04;44214,0758633125;8593,147371779289;35620,92849153321;15
2014-03-05;44266,81479390066;8593,147371779289;35673,66742212137;15
2014-03-06;44528,05592144428;8593,147371779289;35934,908549664986;15
2014-03-07;44169,25350826851;8593,147371779289;35576,10613648922;15
2014-03-10;44040,19481755315;8593,147371779289;35447,04744577386;15
2014-03-11;43502,0957785816;8593,147371779289;34908,94840680231;15
2014-03-12;43719,17318167409;8593,147371779289;35126,025809894796;15
2014-03-13;43173,13367696653;8593,147371779289;34579,98630518724;15
2014-03-14;43277,05692051758;8593,147371779289;34683,90954873829;15
2014-03-17;43496,85055286844;8593,147371779289;34903,70318108915;15
2014-03-18;43921,533940867586;8593,147371779289;35328,386569088296;15
2014-03-19;43763,69055358349;8593,147371779289;35170,5431818042;15
2014-03-20;43975,265657470394;8593,147371779289;35382,118285691104;15
2014-03-21;43014,65906493095;8593,147371779289;34421,51169315166;15
2014-03-24;42421,07190772743;8593,147371779289;33827,92453594814;15
2014-03-25;42586,8763161563;8593,147371779289;33993,728944377006;15
2014-03-26;41968,587888171896;8593,147371779289;33375,440516392606;15
2014-03-27;41878,34624432541;8593,147371779289;33285,19887254612;15
2014-03-28;41832,836548171006;8593,147371779289;33239,689176391716;15
2014-03-31;42385,020790685005;6301,147357128917;36083,87343355609;16
2014-04-01;42874,56506331982;6301,147357128917;36573,4177061909;16
2014-04-02;42855,186916217055;6301,147357128917;36554,03955908814;16
2014-04-03;42305,258259709924;6301,147357128917;36004,11090258101;16
2014-04-04;41157,95369759601;6301,147357128917;34856,80634046709;16
2014-04-07;39723,971575703734;10271,57387085443;29452,397704849307;14
2014-04-08;40064,909864888745;10271,57387085443;29793,335994034314;14
2014-04-09;40667,05944794827;10271,57387085443;30395,485577093837;14
2014-04-10;39585,953201475815;10271,57387085443;29314,37933062139;14
2014-04-11;39331,817865861856;10271,57387085443;29060,243995007422;14
2014-04-14;39401,26440407045;10271,57387085443;29129,69053321602;14
2014-04-15;39474,862023517984;10271,57387085443;29203,28815266355;14
2014-04-16;40148,371458951864;10271,57387085443;29876,797588097434;14
2014-04-17;40469,3681886907;10271,57387085443;30197,794317836266;14
2014-04-21;40764,06245828445;10271,57387085443;30492,488587430016;14
2014-04-22;41256,849295313266;10271,57387085443;30985,275424458836;14
2014-04-23;41483,9842555452;10271,57387085443;31212,410384690767;14
2014-04-24;41608,03552938867;10271,57387085443;31336,461658534237;14
2014-04-25;40594,98193694143;10271,57387085443;30323,408066087;14
2014-04-28;39996,110050342424;5900,984560365852;34095,12548997657;16
2014-04-29;40175,62108726035;5900,984560365852;34274,636526894494;16
2014-04-30;40239,230622960575;5900,984560365852;34338,24606259472;16
2014-05-01;40237,46472467137;5900,984560365852;34336,48016430552;16
2014-05-02;40266,35541959321;5900,984560365852;34365,370859227354;16
2014-05-05;40240,82425785413;7826,230954664163;32414,59330318997;15
2014-05-06;40006,21581007734;7826,230954664163;32179,984855413175;15
2014-05-07;39969,946071813305;7826,230954664163;32143,715117149142;15
2014-05-08;39654,396118355326;9698,67532144832;29955,720796907008;14
2014-05-09;39501,06086293075;9698,67532144832;29802,385541482436;14
2014-05-12;40328,05529360777;9698,67532144832;30629,37997215945;14
2014-05-13;40228,01802295531;9698,67532144832;30529,342701506986;14
2014-05-14;40074,25060043419;11698,074491625788;28376,176108808406;13
2014-05-15;39822,20833153782;11698,074491625788;28124,133839912032;13
2014-05-16;38995,6193141225;12928,15466940689;26067,464644715612;12
2014-05-19;39161,02391306094;12928,15466940689;26232,86924365405;12
2014-05-20;38974,60582151227;12928,15466940689;26046,45115210538;12
2014-05-21;39217,942904131094;12928,15466940689;26289,788234724205;12
2014-05-22;39350,351189311434;12928,15466940689;26422,19651990454;12
2014-05-23;39611,03574020881;12928,15466940689;26682,88107080192;12
2014-05-27;39699,689993798034;12928,15466940689;26771,53532439114;12
2014-05-28;39796,190341111076;12928,15466940689;26868,035671704187;12
2014-05-29;40083,6909713637;12928,15466940689;27155,536301956807;12
2014-05-30;40030,10182752098;12928,15466940689;27101,947158114093;12
2014-06-02;40035,928419010226;1517,3436834332233;38518,584735577;18
2014-06-03;40106,3445163731;1517,3436834332233;38589,00083293988;18
2014-06-04;40386,29717630126;1517,3436834332233;38868,95349286804;18
2014-06-05;40697,04325191549;1517,3436834332233;39179,69956848227;18
2014-06-06;40871,47855421901;1517,3436834332233;39354,13487078578;18
2014-06-09;40793,440947694115;3359,5399496554865;37433,900998038625;17
2014-06-10;40858,02496226827;3359,5399496554865;37498,48501261278;17
2014-06-11;40768,67142648047;3359,5399496554865;37409,13147682498;17
2014-06-12;40460,267330554154;3359,5399496554865;37100,727380898665;17
2014-06-13;40757,846426913085;3359,5399496554865;37398,306477257596;17
2014-06-16;41158,48063577368;3359,5399496554865;37798,94068611819;17
2014-06-17;41359,54767491204;3359,5399496554865;38000,00772525655;17
2014-06-18;41704,66414921091;3359,5399496554865;38345,12419955542;17
2014-06-19;42165,025330893004;3359,5399496554865;38805,485381237515;17
2014-06-20;42220,76682163276;3359,5399496554865;38861,22687197727;17
2014-06-23;42192,13347722383;3359,5399496554865;38832,593527568344;17
2014-06-24;41534,323268191794;3359,5399496554865;38174,783318536305;17
2014-06-25;41640,902589030076;5245,81007472044;36395,09251430964;16
2014-06-26;41575,64130982377;5245,81007472044;36329,83123510333;16
2014-06-27;41498,441599278885;5245,81007472044;36252,63152455845;16
2014-06-30;41778,461415448844;-9,094947017729282e-13;41778,461415448844;19
2014-07-01;42289,597374878256;-9,094947017729282e-13;42289,597374878256;19
2014-07-02;42110,86908600541;-9,094947017729282e-13;42110,86908600541;19
2014-07-03;42368,721376430214;-9,094947017729282e-13;42368,721376430214;19
2014-07-07;41628,46517906615;-9,094947017729282e-13;41628,46517906615;19
2014-07-08;40957,5082720724;-9,094947017729282e-13;40957,5082720724;19
2014-07-09;41180,08768180954;-9,094947017729282e-13;41180,08768180954;19
2014-07-10;40958,911608305454;1836,4063012716176;39122,50530703384;18
2014-07-11;41026,186402227366;1836,4063012716176;39189,78010095575;18
2014-07-14;41305,50042760334;1836,4063012716176;39469,09412633173;18
2014-07-15;40976,99245695646;1836,4063012716176;39140,58615568485;18
2014-07-16;41247,12375247422;1836,4063012716176;39410,7174512026;18
2014-07-17;40762,63626346059;1836,4063012716176;38926,229962188976;18
2014-07-18;41730,33596160008;1836,4063012716176;39893,92966032847;18
2014-07-21;41913,00173994557;1836,4063012716176;40076,595438673954;18
2014-07-22;42047,82420206052;1836,4063012716176;40211,4179007889;18
2014-07-23;41841,788082105944;1836,4063012716176;40005,38178083433;18
2014-07-24;41931,51408522806;1836,4063012716176;40095,107783956446;18
2014-07-25;41253,01742252661;1836,4063012716176;39416,611121254995;18
2014-07-28;41065,55731362349;1958,475932161954;39107,08138146153;18
2014-07-29;41021,3786550187;1958,475932161954;39062,90272285674;18
2014-07-30;41049,66371582256;1958,475932161954;39091,1877836606;18
2014-07-31;40216,16784012641;1958,475932161954;38257,69190796445;18
2014-08-01;40214,35719878956;1958,475932161954;38255,881266627606;18
2014-08-04;40698,646595138984;1958,475932161954;38740,17066297703;18
2014-08-05;40257,98375378122;1958,475932161954;38299,50782161926;18
2014-08-06;40217,150457050506;1958,475932161954;38258,67452488855;18
2014-08-07;39835,94540641373;1958,475932161954;37877,469474251775;18
2014-08-08;40150,57648460318;1958,475932161954;38192,100552441225;18
2014-08-11;40693,768675350155;1958,475932161954;38735,2927431882;18
2014-08-12;40758,56559153535;1958,475932161954;38800,08965937339;18
2014-08-13;41314,64046716951;1958,475932161954;39356,164535007556;18
2014-08-14;41542,21234166026;1958,475932161954;39583,736409498306;18
2014-08-15;41791,89459846009;1958,475932161954;39833,41866629813;18
2014-08-18;42205,4643055689;1958,475932161954;40246,988373406944;18
2014-08-19;42458,45537933862;1958,475932161954;40499,979447176665;18
2014-08-20;42562,155002285544;1958,475932161954;40603,67907012359;18
2014-08-21;42469,33923445279;1958,475932161954;40510,86330229083;18
2014-08-22;42551,206768792734;1958,475932161954;40592,73083663078;18
2014-08-25;42642,35980589893;1958,475932161954;40683,88387373697;18
2014-08-26;42700,69198429373;1958,475932161954;40742,21605213177;18
2014-08-27;42672,174775000865;1958,475932161954;40713,69884283891;18
2014-08-28;42610,58432632991;1958,475932161954;40652,10839416795;18
2014-08-29;43217,18067476963;1958,475932161954;41258,704742607675;18
2014-09-02;43781,34074137236;6495,591186070467;37285,749555301896;16
2014-09-03;43829,96539792221;6495,591186070467;37334,37421185175;16
2014-09-04;43579,00413446647;6495,591186070467;37083,412948396006;16
2014-09-05;43799,885185620566;6495,591186070467;37304,2939995501;16
2014-09-08;43878,30792676521;6495,591186070467;37382,71674069474;16
2014-09-09;43359,24815334385;6495,591186070467;36863,65696727338;16
2014-09-10;43640,88847716609;6495,591186070467;37145,29729109562;16
2014-09-11;43765,95808324916;6495,591186070467;37270,3668971787;16
2014-09-12;43370,66010012928;6495,591186070467;36875,068914058815;16
2014-09-15;43028,74444279109;6495,591186070467;36533,15325672062;16
2014-09-16;43552,499622442054;6495,591186070467;37056,90843637159;16
2014-09-17;43656,372644321666;6495,591186070467;37160,7814582512;16
2014-09-18;44095,94909584954;6495,591186070467;37600,35790977907;16
2014-09-19;44052,497139727246;6495,591186070467;37556,90595365678;16
2014-09-22;43600,85511025085;6495,591186070467;37105,263924180384;16
2014-09-23;43398,000489898164;6495,591186070467;36902,4093038277;16
2014-09-24;43952,10978807203;6495,591186070467;37456,51860200157;16
2014-09-25;43081,95143021035;6495,591186070467;36586,36024413988;16
2014-09-26;43578,955563517906;6495,591186070467;37083,36437744744;16
2014-09-29;43718,06049976682;6538,887488352871;37179,17301141395;16
2014-09-30;43327,06279674035;6538,887488352871;36788,17530838748;16
2014-10-01;42330,32519673151;6538,887488352871;35791,43770837864;16
2014-10-02;42230,60060510279;6538,887488352871;35691,71311674992;16
2014-10-03;42822,68443244903;6538,887488352871;36283,79694409616;16
2014-10-06;42182,292505032565;6538,887488352871;35643,405016679695;16
2014-10-07;41228,08131564469;6538,887488352871;34689,19382729182;16
2014-10-08;41686,06910339157;6538,887488352871;35147,1816150387;16
2014-10-09;40645,9852393193;8623,879073808392;32022,106165510904;15
2014-10-10;39078,464878884115;10575,343495259907;28503,12138362421;14
2014-10-13;37940,6624848353;12499,316614387184;25441,34587044812;13
2014-10-14;38395,39811166669;14602,185296313859;23793,212815352832;12
2014-10-15;38602,074080535815;14602,185296313859;23999,888784221956;12
2014-10-16;39303,69352248765;14602,185296313859;24701,50822617379;12
2014-10-17;39888,13115856888;14602,185296313859;25285,94586225502;12
2014-10-20;40279,36627144605;14602,185296313859;25677,18097513219;12
2014-10-21;41170,830858456204;14602,185296313859;26568,645562142345;12
2014-10-22;40908,730219411664;14602,185296313859;26306,544923097805;12
2014-10-23;41478,21992394556;14602,185296313859;26876,0346276317;12
2014-10-24;41572,25006093805;14602,185296313859;26970,064764624192;12
2014-10-27;41397,29643401231;14602,185296313859;26795,111137698448;12
2014-10-28;42045,0996083378;14602,185296313859;27442,914312023935;12
2014-10-29;42103,79428461294;14602,185296313859;27501,60898829908;12
2014-10-30;41875,640266210925;14602,185296313859;27273,454969897066;12
2014-10-31;42606,144901076346;14602,185296313859;28003,95960476249;12
2014-11-03;42639,59594586587;42639,59594586587;0,0;0
2014-11-04;42639,59594586587;42639,59594586587;0,0;0
2014-11-05;42639,59594586587;42639,59594586587;0,0;0
2014-11-06;42639,59594586587;42639,59594586587;0,0;0
2014-11-07;42639,59594586587;42639,59594586587;0,0;0
2014-11-10;42639,59594586587;42639,59594586587;0,0;0
2014-11-11;42639,59594586587;42639,59594586587;0,0;0
2014-11-12;42639,59594586587;42639,59594586587;0,0;0
2014-11-13;42639,59594586587;42639,59594586587;0,0;0
2014-11-14;42639,59594586587;42639,59594586587;0,0;0
2014-11-17;42639,59594586587;42639,59594586587;0,0;0
2014-11-18;42639,59594586587;42639,59594586587;0,0;0
2014-11-19;42639,59594586587;42639,59594586587;0,0;0
2014-11-20;42639,59594586587;42639,59594586587;0,0;0
2014-11-21;42639,59594586587;42639,59594586587;0,0;0
2014-11-24;42639,59594586587;42639,59594586587;0,0;0
2014-11-25;42639,59594586587;42639,59594586587;0,0;0
2014-11-26;42639,59594586587;42639,59594586587;0,0;0
2014-11-28;42639,59594586587;42639,59594586587;0,0;0
2014-12-01;42557,7279216498;8446,051164957098;34111,6767566927;15
2014-12-02;42925,924864180124;8446,051164957098;34479,873699223026;15
2014-12-03;43394,02636805993;8446,051164957098;34947,97520310283;15
2014-12-04;43905,80797362416;8446,051164957098;35459,756808667065;15
2014-12-05;44139,97644247124;8446,051164957098;35693,92527751414;15
2014-12-08;43664,10779496371;8446,051164957098;35218,05663000661;15
2014-12-09;43720,56760850233;8446,051164957098;35274,51644354523;15
2014-12-10;43124,10350822488;8446,051164957098;34678,05234326778;15
2014-12-11;43649,08590960086;8446,051164957098;35203,03474464376;15
2014-12-12;43536,09222979742;8446,051164957098;35090,04106484032;15
2014-12-15;43363,23522499063;8446,051164957098;34917,184060033534;15
2014-12-16;42770,52813756978;8446,051164957098;34324,47697261268;15
2014-12-17;43955,99925274563;8446,051164957098;35509,94808778853;15
2014-12-18;44734,59191979436;8446,051164957098;36288,54075483726;15
2014-12-19;44748,57736750505;8446,051164957098;36302,52620254795;15
2014-12-22;45253,07091868886;8446,051164957098;36807,019753731765;15
2014-12-23;44924,81330161927;8446,051164957098;36478,762136662175;15
2014-12-24;45275,31671882683;8446,051164957098;36829,26555386973;15
2014-12-26;45511,548910857695;8446,051164957098;37065,4977459006;15
2014-12-29;45229,194295745045;6594,182160002004;38635,01213574304;16
2014-12-30;45042,265076496944;6594,182160002004;38448,08291649494;16
2014-12-31;44837,50610980027;6594,182160002004;38243,323949798265;16
2015-01-02;44811,841288803;6594,182160002004;38217,659128800995;16
2015-01-05;44423,743592016755;6594,182160002004;37829,56143201475;16
2015-01-06;43961,37462612705;6594,182160002004;37367,192466125045;16
2015-01-07;44509,486480776126;6594,182160002004;37915,30432077412;16
2015-01-08;45504,530963956146;6594,182160002004;38910,34880395414;16
2015-01-09;45015,80981465199;6594,182160002004;38421,62765464999;16
2015-01-12;44873,08749217514;6594,182160002004;38278,90533217313;16
2015-01-13;44946,78398889437;6594,182160002004;38352,601828892366;16
2015-01-14;44786,45349240703;6594,182160002004;38192,27133240503;16
2015-01-15;44026,05261948691;6594,182160002004;37431,870459484904;16
2015-01-16;44921,35372056599;6594,182160002004;38327,171560563984;16
2015-01-20;45437,2357706343;6594,182160002004;38843,0536106323;16
2015-01-21;45297,839464146746;6594,182160002004;38703,65730414474;16
2015-01-22;46189,70241407141;6594,182160002004;39595,52025406941;16
2015-01-23;46398,27686402397;6594,182160002004;39804,09470402196;16
2015-01-26;46896,456104753604;6594,182160002004;40302,2739447516;16
2015-01-27;46472,23367443222;6594,182160002004;39878,05151443021;16
2015-01-28;46363,799752434315;6594,182160002004;39769,61759243231;16
2015-01-29;46674,668857591314;6594,182160002004;40080,48669758931;16
2015-01-30;45763,74996311636;6594,182160002004;39169,567803114354;16
2015-02-02;45575,50845807289;45575,50845807289;0,0;0
2015-02-03;45575,50845807289;45575,50845807289;0,0;0
2015-02-04;45575,50845807289;45575,50845807289;0,0;0
2015-02-05;45575,50845807289;45575,50845807289;0,0;0
2015-02-06;45575,50845807289;45575,50845807289;0,0;0
2015-02-09;45575,50845807289;45575,50845807289;0,0;0
2015-02-10;45575,50845807289;45575,50845807289;0,0;0
2015-02-11;45575,50845807289;45575,50845807289;0,0;0
2015-02-12;45575,50845807289;45575,50845807289;0,0;0
2015-02-13;45575,50845807289;45575,50845807289;0,0;0
2015-02-17;45575,50845807289;45575,50845807289;0,0;0
2015-02-18;45575,50845807289;45575,50845807289;0,0;0
2015-02-19;45575,50845807289;45575,50845807289;0,0;0
2015-02-20;45575,50845807289;45575,50845807289;0,0;0
2015-02-23;45575,50845807289;45575,50845807289;0,0;0
2015-02-24;45575,50845807289;45575,50845807289;0,0;0
2015-02-25;45575,50845807289;45575,50845807289;0,0;0
2015-02-26;45575,50845807289;45575,50845807289;0,0;0
2015-02-27;45575,50845807289;45575,50845807289;0,0;0
2015-03-02;45488,00348183338;9027,59671537506;36460,40676645832;15
2015-03-03;45174,62831610007;9027,59671537506;36147,03160072501;15
2015-03-04;45102,393134477265;9027,59671537506;36074,796419102204;15
2015-03-05;45279,49358439308;9027,59671537506;36251,89686901802;15
2015-03-06;44727,58404096949;9027,59671537506;35699,987325594426;15
2015-03-09;44872,64915190928;9027,59671537506;35845,05243653422;15
2015-03-10;44402,87378067222;9027,59671537506;35375,27706529716;15
2015-03-11;44619,76356139605;9027,59671537506;35592,16684602099;15
2015-03-12;44937,988639283125;9027,59671537506;35910,391923908064;15
2015-03-13;44899,01528142695;11195,721058893181;33703,29422253377;14
2015-03-16;45629,69311870402;11195,721058893181;34433,97205981083;14
2015-03-17;45593,16429440075;11195,721058893181;34397,44323550757;14
2015-03-18;45915,58606811798;11195,721058893181;34719,86500922479;14
2015-03-19;46213,68721356918;11195,721058893181;35017,966154676;14
2015-03-20;46321,80093201292;11195,721058893181;35126,07987311974;14
2015-03-23;46060,804364255004;11195,721058893181;34865,083305361826;14
2015-03-24;45888,61682803481;11195,721058893181;34692,89576914162;14
2015-03-25;44860,754755693386;11195,721058893181;33665,03369680021;14
2015-03-26;44815,633710698654;13338,663596317696;31476,970114380958;13
2015-03-27;45560,15034329713;13338,663596317696;32221,486746979434;13
2015-03-30;45971,11153192763;18036,40756729174;27934,703964635893;17
2015-03-31;45750,247016155496;18036,40756729174;27713,83944886376;17
2015-04-01;45450,432689905785;18036,40756729174;27414,025122614046;17
2015-04-02;45531,74811616793;18036,40756729174;27495,34054887619;17
2015-04-06;45590,7341921645;18036,40756729174;27554,326624872756;17
2015-04-07;45582,1916286441;18036,40756729174;27545,78406135236;17
2015-04-08;45953,44907984543;18036,40756729174;27917,04151255369;17
2015-04-09;46039,16521336576;18036,40756729174;28002,757646074024;17
2015-04-10;46193,45113170266;18036,40756729174;28157,04356441092;17
2015-04-13;45937,52622532335;18036,40756729174;27901,118658031617;17
2015-04-14;45786,46973874956;18036,40756729174;27750,062171457823;17
2015-04-15;45737,7135735959;18036,40756729174;27701,306006304167;17
2015-04-16;45774,77807797662;18036,40756729174;27738,370510684883;17
2015-04-17;45285,70413333189;18036,40756729174;27249,29656604015;17
2015-04-20;45567,28992074798;18036,40756729174;27530,88235345624;17
2015-04-21;46116,259201184475;18036,40756729174;28079,851633892737;17
2015-04-22;46187,6236992897;18036,40756729174;28151,21613199796;17
2015-04-23;46313,780369021406;18036,40756729174;28277,372801729667;17
2015-04-24;46029,31925763139;18036,40756729174;27992,91169033965;17
2015-04-27;45661,23037014152;4661,057300762504;41000,173069379016;18
2015-04-28;45542,88694924674;4661,057300762504;40881,829648484236;18
2015-04-29;44796,99962519165;4661,057300762504;40135,94232442915;18
2015-04-30;44399,338713698104;4661,057300762504;39738,2814129356;18
2015-05-01;45228,490845409935;4661,057300762504;40567,43354464743;18
2015-05-04;45544,15615633648;4661,057300762504;40883,098855573975;18
2015-05-05;44916,11654044986;4661,057300762504;40255,059239687354;18
2015-05-06;44975,615431318154;4661,057300762504;40314,55813055565;18
2015-05-07;45458,552996330436;4661,057300762504;40797,49569556793;18
2015-05-08;45916,46194700101;4661,057300762504;41255,4046462385;18
2015-05-11;46034,17433438381;4661,057300762504;41373,1170336213;18
2015-05-12;46089,029388541276;4661,057300762504;41427,97208777877;18
2015-05-13;45944,56891604995;4661,057300762504;41283,51161528745;18
2015-05-14;46532,132591863156;4661,057300762504;41871,07529110065;18
2015-05-15;46495,79209812662;4661,057300762504;41834,734797364115;18
2015-05-18;46984,66999268374;4661,057300762504;42323,61269192123;18
2015-05-19;47041,01868887494;4661,057300762504;42379,96138811243;18
2015-05-20;46824,59717389309;4661,057300762504;42163,53987313058;18
2015-05-21;47020,53756688602;4661,057300762504;42359,480266123515;18
2015-05-22;47068,51453489254;4661,057300762504;42407,45723413004;18
2015-05-26;46735,812902562575;4661,057300762504;42074,75560180007;18
2015-05-27;47591,80906079217;4661,057300762504;42930,75176002966;18
2015-05-28;47687,02989169549;4661,057300762504;43025,972590932986;18
2015-05-29;48389,44151781771;6878,68721100112;41510,75430681659;17
2015-06-01;48374,221102973635;8083,058923628617;40291,16217934502;16
2015-06-02;48158,529809217485;8083,058923628617;40075,47088558887;16
2015-06-03;48191,3188823518;8083,058923628617;40108,25995872318;16
2015-06-04;47788,617569840746;8083,058923628617;39705,55864621213;16
2015-06-05;48366,097304272014;8083,058923628617;40283,0383806434;16
2015-06-08;47820,058504924;8083,058923628617;39736,999581295386;16
2015-06-09;47912,14709561328;8083,058923628617;39829,088171984666;16
2015-06-10;48550,69749446672;8083,058923628617;40467,638570838106;16
2015-06-11;48563,226888584344;8083,058923628617;40480,167964955726;16
2015-06-12;48169,41882073249;8083,058923628617;40086,359897103874;16
2015-06-15;48706,98585361977;8083,058923628617;40623,926929991154;16
2015-06-16;48944,452120393704;8083,058923628617;40861,393196765086;16
2015-06-17;49158,25641903753;8083,058923628617;41075,19749540891;16
2015-06-18;49768,78886863509;8083,058923628617;41685,729945006475;16
2015-06-19;49776,21456363918;8083,058923628617;41693,15564001056;16
2015-06-22;49899,65708503223;8083,058923628617;41816,59816140361;16
2015-06-23;49936,07109273199;8083,058923628617;41853,01216910337;16
2015-06-24;49458,993331236576;8083,058923628617;41375,93440760796;16
2015-06-25;49794,891098756;8083,058923628617;41711,83217512738;16
2015-06-26;49300,37495057963;8083,058923628617;41217,31602695101;16
2015-06-29;48191,37335071611;48191,37335071611;0,0;0
2015-06-30;48191,37335071611;48191,37335071611;0,0;0
2015-07-01;48191,37335071611;48191,37335071611;0,0;0
2015-07-02;48191,37335071611;48191,37335071611;0,0;0
2015-07-06;48191,37335071611;48191,37335071611;0,0;0
2015-07-07;48191,37335071611;48191,37335071611;0,0;0
2015-07-08;48191,37335071611;48191,37335071611;0,0;0
2015-07-09;48191,37335071611;48191,37335071611;0,0;0
2015-07-10;48191,37335071611;48191,37335071611;0,0;0
2015-07-13;48191,37335071611;48191,37335071611;0,0;0
2015-07-14;48191,37335071611;48191,37335071611;0,0;0
2015-07-15;48191,37335071611;48191,37335071611;0,0;0
2015-07-16;48191,37335071611;48191,37335071611;0,0;0
2015-07-17;48191,37335071611;48191,37335071611;0,0;0
2015-07-20;48191,37335071611;48191,37335071611;0,0;0
2015-07-21;48191,37335071611;48191,37335071611;0,0;0
2015-07-22;48191,37335071611;48191,37335071611;0,0;0
2015-07-23;48191,37335071611;48191,37335071611;0,0;0
2015-07-24;48191,37335071611;48191,37335071611;0,0;0
2015-07-27;48191,37335071611;48191,37335071611;0,0;0
2015-07-28;48191,37335071611;48191,37335071611;0,0;0
2015-07-29;48191,37335071611;48191,37335071611;0,0;0
2015-07-30;48191,37335071611;48191,37335071611;0,0;0
2015-07-31;48191,37335071611;48191,37335071611;0,0;0
2015-08-03;48098,845913882746;9545,747233309863;38553,09868057288;15
2015-08-04;48664,65507853074;9545,747233309863;39118,90784522088;15
2015-08-05;49188,798226675695;9545,747233309863;39643,05099336583;15
2015-08-06;48549,96150975822;9545,747233309863;39004,21427644836;15
2015-08-07;48408,69086544841;9545,747233309863;38862,943632138544;15
2015-08-10;48606,813206863895;9545,747233309863;39061,06597355403;15
2015-08-11;48337,99802915697;9545,747233309863;38792,2507958471;15
2015-08-12;48116,778169162535;9545,747233309863;38571,03093585267;15
2015-08-13;48390,74071907998;9545,747233309863;38844,993485770116;15
2015-08-14;48496,67984406213;9545,747233309863;38950,932610752265;15
2015-08-17;48873,12210912187;9545,747233309863;39327,374875812005;15
2015-08-18;48758,91589237847;9545,747233309863;39213,16865906861;15
2015-08-19;48611,80342525672;9545,747233309863;39066,05619194686;15
2015-08-20;46890,503650673796;11772,970275634954;35117,53337503884;14
2015-08-21;45895,41620920038;14079,259248188977;31816,156961011402;13
2015-08-24;44270,678294282654;29785,5401218086;14485,138172474051;6
2015-08-25;44283,101563059055;32054,244091740322;12228,857471318732;5
2015-08-26;44672,329834643664;32054,244091740322;12618,085742903342;5
2015-08-27;44906,227448441554;32054,244091740322;12851,983356701228;5
2015-08-28;44864,84395957572;32054,244091740322;12810,599867835397;5
2015-08-31;44743,27291271577;44743,27291271577;0,0;0
2015-09-01;44743,27291271577;44743,27291271577;0,0;0
2015-09-02;44743,27291271577;44743,27291271577;0,0;0
2015-09-03;44743,27291271577;44743,27291271577;0,0;0
2015-09-04;44743,27291271577;44743,27291271577;0,0;0
2015-09-08;44743,27291271577;44743,27291271577;0,0;0
2015-09-09;44743,27291271577;44743,27291271577;0,0;0
2015-09-10;44743,27291271577;44743,27291271577;0,0;0
2015-09-11;44743,27291271577;44743,27291271577;0,0;0
2015-09-14;44743,27291271577;44743,27291271577;0,0;0
2015-09-15;44743,27291271577;44743,27291271577;0,0;0
2015-09-16;44743,27291271577;44743,27291271577;0,0;0
2015-09-17;44743,27291271577;44743,27291271577;0,0;0
2015-09-18;44743,27291271577;44743,27291271577;0,0;0
2015-09-21;44743,27291271577;44743,27291271577;0,0;0
2015-09-22;44743,27291271577;44743,27291271577;0,0;0
2015-09-23;44743,27291271577;44743,27291271577;0,0;0
2015-09-24;44743,27291271577;44743,27291271577;0,0;0
2015-09-25;44743,27291271577;44743,27291271577;0,0;0
2015-09-28;44743,27291271577;44743,27291271577;0,0;0
2015-09-29;44743,27291271577;44743,27291271577;0,0;0
2015-09-30;44743,27291271577;44743,27291271577;0,0;0
2015-10-01;44743,27291271577;44743,27291271577;0,0;0
2015-10-02;44743,27291271577;44743,27291271577;0,0;0
2015-10-05;44743,27291271577;44743,27291271577;0,0;0
2015-10-06;44743,27291271577;44743,27291271577;0,0;0
2015-10-07;44743,27291271577;44743,27291271577;0,0;0
2015-10-08;44743,27291271577;44743,27291271577;0,0;0
2015-10-09;44743,27291271577;44743,27291271577;0,0;0
2015-10-12;44743,27291271577;44743,27291271577;0,0;0
2015-10-13;44743,27291271577;44743,27291271577;0,0;0
2015-10-14;44743,27291271577;44743,27291271577;0,0;0
2015-10-15;44743,27291271577;44743,27291271577;0,0;0
2015-10-16;44743,27291271577;44743,27291271577;0,0;0
2015-10-19;44743,27291271577;44743,27291271577;0,0;0
2015-10-20;44743,27291271577;44743,27291271577;0,0;0
2015-10-21;44743,27291271577;44743,27291271577;0,0;0
2015-10-22;44743,27291271577;44743,27291271577;0,0;0
2015-10-23;44743,27291271577;44743,27291271577;0,0;0
2015-10-26;44743,27291271577;44743,27291271577;0,0;0
2015-10-27;44743,27291271577;44743,27291271577;0,0;0
2015-10-28;44743,27291271577;44743,27291271577;0,0;0
2015-10-29;44743,27291271577;44743,27291271577;0,0;0
2015-10-30;44743,27291271577;44743,27291271577;0,0;0
2015-11-02;44743,27291271577;44743,27291271577;0,0;0
2015-11-03;44743,27291271577;44743,27291271577;0,0;0
2015-11-04;44743,27291271577;44743,27291271577;0,0;0
2015-11-05;44743,27291271577;44743,27291271577;0,0;0
2015-11-06;44743,27291271577;44743,27291271577;0,0;0
2015-11-09;44743,27291271577;44743,27291271577;0,0;0
2015-11-10;44743,27291271577;44743,27291271577;0,0;0
2015-11-11;44743,27291271577;44743,27291271577;0,0;0
2015-11-12;44743,27291271577;44743,27291271577;0,0;0
2015-11-13;44743,27291271577;44743,27291271577;0,0;0
2015-11-16;44743,27291271577;44743,27291271577;0,0;0
2015-11-17;44743,27291271577;44743,27291271577;0,0;0
2015-11-18;44743,27291271577;44743,27291271577;0,0;0
2015-11-19;44743,27291271577;44743,27291271577;0,0;0
2015-11-20;44743,27291271577;44743,27291271577;0,0;0
2015-11-23;44743,27291271577;44743,27291271577;0,0;0
2015-11-24;44743,27291271577;44743,27291271577;0,0;0
2015-11-25;44743,27291271577;44743,27291271577;0,0;0
2015-11-27;44743,27291271577;44743,27291271577;0,0;0
2015-11-30;44657,365828723334;8862,747498550722;35794,61833017261;15
2015-12-01;45195,3078041452;8862,747498550722;36332,56030559448;15
2015-12-02;45066,96869648015;8862,747498550722;36204,22119792943;15
2015-12-03;44573,00731776391;8862,747498550722;35710,25981921319;15
2015-12-04;45450,176498169654;8862,747498550722;36587,42899961893;15
2015-12-07;45085,07018094972;8862,747498550722;36222,322682399;15
2015-12-08;45214,07751779062;8862,747498550722;36351,3300192399;15
2015-12-09;44528,60449805438;8862,747498550722;35665,85699950366;15
2015-12-10;44530,21476101182;10997,48812570502;33532,7266353068;14
2015-12-11;43833,125681979254;10997,48812570502;32835,63755627423;14
2015-12-14;44037,73041063704;10997,48812570502;33040,24228493202;14
2015-12-15;44178,65341031819;10997,48812570502;33181,16528461317;14
2015-12-16;44577,840179799285;10997,48812570502;33580,35205409426;14
2015-12-17;44208,65135825698;10997,48812570502;33211,16323255196;14
2015-12-18;43495,65944632946;10997,48812570502;32498,17132062444;14
2015-12-21;43648,191540401225;10997,48812570502;32650,703414696207;14
2015-12-22;43865,11673799424;10997,48812570502;32867,62861228922;14
2015-12-23;43994,932526784585;10997,48812570502;32997,44440107956;14
2015-12-24;43988,40732510179;10997,48812570502;32990,91919939677;14
2015-12-28;44011,73243917985;19644,084054425468;24367,648384754382;16
2015-12-29;44291,37114017441;19644,084054425468;24647,28708574894;16
2015-12-30;44182,507353180205;19644,084054425468;24538,423298754733;16
2015-12-31;43773,767540328416;19644,084054425468;24129,683485902948;16
2016-01-04;43186,6224585719;21019,559615117272;22167,062843454634;15
2016-01-05;43398,79998473162;21019,559615117272;22379,240369614345;15
2016-01-06;43052,54066475898;22244,640112949637;20807,90055180934;14
2016-01-07;42668,526296449076;22244,640112949637;20423,88618349944;14
2016-01-08;42299,585165274824;23547,211885197394;18752,37328007743;13
2016-01-11;42406,581526420065;24844,58655763334;17561,994968786723;12
2016-01-12;42685,51497532109;24844,58655763334;17840,92841768775;12
2016-01-13;41972,46098093727;27406,481946180567;14565,979034756701;10
2016-01-14;42101,953368989365;27406,481946180567;14695,4714228088;10
2016-01-15;41877,87515862851;28604,847053706475;13273,02810492203;9
2016-01-19;41897,9571552417;28604,847053706475;13293,110101535223;9
2016-01-20;41746,58547697753;28604,847053706475;13141,738423271061;9
2016-01-21;41755,9576926966;30706,158442522286;11049,79925017431;8
2016-01-22;42036,12776243228;30706,158442522286;11329,96931991;8
2016-01-25;41876,65645056661;30706,158442522286;11170,498008044322;8
2016-01-26;41951,50380219087;31955,185041321947;9996,318760868924;7
2016-01-27;41797,623498250665;31955,185041321947;9842,43845692872;7
2016-01-28;41898,95192555766;31955,185041321947;9943,766884235712;7
2016-01-29;42154,82869718633;31955,185041321947;10199,64365586438;7
2016-02-01;42223,62427932695;42223,62427932695;0,0;0
2016-02-02;42223,62427932695;42223,62427932695;0,0;0
2016-02-03;42223,62427932695;42223,62427932695;0,0;0
2016-02-04;42223,62427932695;42223,62427932695;0,0;0
2016-02-05;42223,62427932695;42223,62427932695;0,0;0
2016-02-08;42223,62427932695;42223,62427932695;0,0;0
2016-02-09;42223,62427932695;42223,62427932695;0,0;0
2016-02-10;42223,62427932695;42223,62427932695;0,0;0
2016-02-11;42223,62427932695;42223,62427932695;0,0;0
2016-02-12;42223,62427932695;42223,62427932695;0,0;0
2016-02-16;42223,62427932695;42223,62427932695;0,0;0
2016-02-17;42223,62427932695;42223,62427932695;0,0;0
2016-02-18;42223,62427932695;42223,62427932695;0,0;0
2016-02-19;42223,62427932695;42223,62427932695;0,0;0
2016-02-22;42223,62427932695;42223,62427932695;0,0;0
2016-02-23;42223,62427932695;42223,62427932695;0,0;0
2016-02-24;42223,62427932695;42223,62427932695;0,0;0
2016-02-25;42223,62427932695;42223,62427932695;0,0;0
2016-02-26;42223,62427932695;42223,62427932695;0,0;0
2016-02-29;42223,62427932695;42223,62427932695;0,0;0
2016-03-01;42223,62427932695;42223,62427932695;0,0;0
2016-03-02;42223,62427932695;42223,62427932695;0,0;0
2016-03-03;42223,62427932695;42223,62427932695;0,0;0
2016-03-04;42223,62427932695;42223,62427932695;0,0;0
2016-03-07;42223,62427932695;42223,62427932695;0,0;0
2016-03-08;42223,62427932695;42223,62427932695;0,0;0
2016-03-09;42223,62427932695;42223,62427932695;0,0;0
2016-03-10;42223,62427932695;42223,62427932695;0,0;0
2016-03-11;42223,62427932695;42223,62427932695;0,0;0
2016-03-14;42223,62427932695;42223,62427932695;0,0;0
2016-03-15;42223,62427932695;42223,62427932695;0,0;0
2016-03-16;42223,62427932695;42223,62427932695;0,0;0
2016-03-17;42223,62427932695;42223,62427932695;0,0;0
2016-03-18;42223,62427932695;42223,62427932695;0,0;0
2016-03-21;42223,62427932695;42223,62427932695;0,0;0
2016-03-22;42223,62427932695;42223,62427932695;0,0;0
2016-03-23;42223,62427932695;42223,62427932695;0,0;0
2016-03-24;42223,62427932695;42223,62427932695;0,0;0
2016-03-28;42172,95593019173;21061,143790528266;21111,81213966347;15
2016-03-29;42541,640263518995;21061,143790528266;21480,49647299073;15
2016-03-30;42557,06155613213;21061,143790528266;21495,917765603863;15
2016-03-31;42480,928710011984;21061,143790528266;21419,784919483714;15
2016-04-01;42681,81539241024;21061,143790528266;21620,671601881975;15
2016-04-04;42594,91984475193;21061,143790528266;21533,77605422366;15
2016-04-05;42335,69057559447;21061,143790528266;21274,546785066203;15
2016-04-06;42498,50202631595;21061,143790528266;21437,358235787684;15
2016-04-07;42298,67808229588;22318,65412627408;19980,0239560218;14
2016-04-08;42528,32152649904;22318,65412627408;20209,667400224967;14
2016-04-11;42560,131276555825;22318,65412627408;20241,47715028175;14
2016-04-12;42652,77566406907;22318,65412627408;20334,121537794992;14
2016-04-13;42537,56982323279;22318,65412627408;20218,915696958713;14
2016-04-14;42377,262762329476;22318,65412627408;20058,608636055396;14
2016-04-15;42468,78586340154;22318,65412627408;20150,131737127464;14
2016-04-18;42585,222437959324;22318,65412627408;20266,568311685245;14
2016-04-19;42478,16785885243;22318,65412627408;20159,51373257835;14
2016-04-20;42352,6995397522;22318,65412627408;20034,045413478118;14
2016-04-21;42118,708486357085;22318,65412627408;19800,054360083006;14
2016-04-22;42829,01598129349;22318,65412627408;20510,361855019408;14
2016-04-25;42641,38036801302;22318,65412627408;20322,72624173894;14
2016-04-26;42807,40916502811;22318,65412627408;20488,755038754032;14
2016-04-27;42915,36815151565;22318,65412627408;20596,714025241567;14
2016-04-28;42824,532043036816;22318,65412627408;20505,877916762736;14
2016-04-29;42815,595422235056;22318,65412627408;20496,94129596098;14
2016-05-02;43039,13600974146;7171,743589305697;35867,39242043576;16
2016-05-03;42360,11951228189;9204,042787478418;33156,076724803475;15
2016-05-04;42311,41300919419;9204,042787478418;33107,37022171578;15
2016-05-05;42334,402813049994;9204,042787478418;33130,36002557158;15
2016-05-06;42715,43528252169;9204,042787478418;33511,39249504327;15
2016-05-09;42553,77638066914;9204,042787478418;33349,733593190715;15
2016-05-10;42911,13384041557;9204,042787478418;33707,09105293715;15
2016-05-11;43135,431440655;9204,042787478418;33931,38865317658;15
2016-05-12;43217,68899482925;9204,042787478418;34013,64620735084;15
2016-05-13;43603,616515238624;9204,042787478418;34399,57372776021;15
2016-05-16;44136,89048305132;9204,042787478418;34932,8476955729;15
2016-05-17;43558,83765419912;9204,042787478418;34354,7948667207;15
2016-05-18;43317,74817976491;9204,042787478418;34113,705392286494;15
2016-05-19;43394,3357551386;9204,042787478418;34190,292967660185;15
2016-05-20;43501,43792887434;9204,042787478418;34297,39514139592;15
2016-05-23;43579,346078596354;9204,042787478418;34375,30329111793;15
2016-05-24;43864,5125748758;9204,042787478418;34660,46978739738;15
2016-05-25;44044,581969481704;9204,042787478418;34840,53918200328;15
2016-05-26;44301,261391989916;9204,042787478418;35097,2186045115;15
2016-05-27;44691,28420477609;9204,042787478418;35487,24141729768;15
2016-05-31;44804,182475910915;6639,698301957706;38164,48417395321;16
2016-06-01;44933,32370468158;6639,698301957706;38293,625402723876;16
2016-06-02;44900,27871723652;6639,698301957706;38260,58041527881;16
2016-06-03;45084,70195509985;6639,698301957706;38445,00365314215;16
2016-06-06;45303,69722157602;6639,698301957706;38663,99891961831;16
2016-06-07;45502,389650293524;6639,698301957706;38862,69134833582;16
2016-06-08;45626,52274108658;8874,767321049045;36751,75542003753;15
2016-06-09;45771,311205637525;8874,767321049045;36896,54388458848;15
2016-06-10;45271,5392195172;8874,767321049045;36396,771898468156;15
2016-06-13;45104,51231724306;8874,767321049045;36229,744996194015;15
2016-06-14;45083,151932190725;8874,767321049045;36208,38461114168;15
2016-06-15;45263,21793007153;8874,767321049045;36388,45060902248;15
2016-06-16;45465,53199186943;8874,767321049045;36590,76467082038;15
2016-06-17;45685,01948882678;8874,767321049045;36810,25216777773;15
2016-06-20;45818,483558362255;8874,767321049045;36943,71623731321;15
2016-06-21;46111,53876515598;8874,767321049045;37236,77144410693;15
2016-06-22;45875,95281130988;8874,767321049045;37001,18549026083;15
2016-06-23;46378,33721428096;8874,767321049045;37503,569893231914;15
2016-06-24;45420,73198695251;8874,767321049045;36545,96466590346;15
2016-06-27;44711,43755692069;17825,289500700725;26886,14805621997;17
2016-06-28;45115,227674450485;17825,289500700725;27289,93817374976;17
2016-06-29;45522,82379521026;17825,289500700725;27697,534294509533;17
2016-06-30;45909,45168690474;17825,289500700725;28084,16218620401;17
2016-07-01;45986,98135612633;17825,289500700725;28161,691855425604;17
2016-07-05;45982,637933103266;17825,289500700725;28157,348432402538;17
2016-07-06;46313,99491035726;17825,289500700725;28488,70540965653;17
2016-07-07;46290,15790503696;17825,289500700725;28464,868404336237;17
2016-07-08;46758,76803751843;17825,289500700725;28933,4785368177;17
2016-07-11;46790,35528900571;17825,289500700725;28965,065788304986;17
2016-07-12;46903,49122742546;17825,289500700725;29078,201726724736;17
2016-07-13;46854,94124622677;17825,289500700725;29029,651745526047;17
2016-07-14;46940,69015123824;17825,289500700725;29115,400650537515;17
2016-07-15;46915,12713781017;17825,289500700725;29089,83763710944;17
2016-07-18;47127,97250757487;17825,289500700725;29302,68300687415;17
2016-07-19;46947,01538344006;17825,289500700725;29121,725882739338;17
2016-07-20;46873,58035811676;17825,289500700725;29048,29085741603;17
2016-07-21;46580,42406744073;17825,289500700725;28755,134566740002;17
2016-07-22;47148,96636416855;17825,289500700725;29323,676863467823;17
2016-07-25;47435,79380174052;17825,289500700725;29610,504301039793;17
2016-07-26;47711,14641982407;17825,289500700725;29885,856919123344;17
2016-07-27;47506,34741782468;17825,289500700725;29681,057917123955;17
2016-07-28;47697,62970582035;17825,289500700725;29872,340205119624;17
2016-07-29;47700,17221354255;17825,289500700725;29874,882712841827;17
2016-08-01;47414,098136096305;3839,429145207469;43574,66899088884;18
2016-08-02;47032,34787261646;3839,429145207469;43192,91872740899;18
2016-08-03;47264,63790287722;3839,429145207469;43425,20875766975;18
2016-08-04;47076,79060515871;3839,429145207469;43237,361459951244;18
2016-08-05;47284,33915971095;3839,429145207469;43444,91001450348;18
2016-08-08;47280,48442921801;3839,429145207469;43441,055284010545;18
2016-08-09;47308,05110936402;3839,429145207469;43468,621964156555;18
2016-08-10;47214,42106473795;3839,429145207469;43374,99191953048;18
2016-08-11;47567,055746129125;3839,429145207469;43727,626600921656;18
2016-08-12;47947,88228028635;3839,429145207469;44108,45313507888;18
2016-08-15;48216,38046350553;3839,429145207469;44376,95131829806;18
2016-08-16;47800,11095487136;3839,429145207469;43960,68180966389;18
2016-08-17;47589,629486709266;3839,429145207469;43750,2003415018;18
2016-08-18;48424,30333281397;3839,429145207469;44584,8741876065;18
2016-08-19;48727,954098357426;3839,429145207469;44888,52495314996;18
2016-08-22;48441,277506264196;3839,429145207469;44601,84836105673;18
2016-08-23;48681,27359401236;3839,429145207469;44841,84444880489;18
2016-08-24;47591,71626381569;6081,658953333961;41510,05731048172;17
2016-08-25;47628,60924521269;6081,658953333961;41546,95029187873;17
2016-08-26;47516,623093584334;6081,658953333961;41434,96414025038;17
2016-08-29;47730,842163919384;9524,724936360632;38206,11722755875;15
2016-08-30;47392,775814204884;9524,724936360632;37868,05087784425;15
2016-08-31;47296,78833271675;9524,724936360632;37772,06339635612;15
2016-09-01;47472,16126948095;9524,724936360632;37947,43633312032;15
2016-09-02;47838,176372629976;9524,724936360632;38313,451436269344;15
2016-09-06;48066,63847050031;9524,724936360632;38541,913534139676;15
2016-09-07;47900,594360240684;11832,340293798805;36068,25406644188;14
2016-09-08;47589,297646378065;11832,340293798805;35756,95735257926;14
2016-09-09;46170,75937519095;11832,340293798805;34338,419081392145;14
2016-09-12;46774,066161022245;11832,340293798805;34941,72586722344;14
2016-09-13;46037,50160825707;11832,340293798805;34205,161314458266;14
2016-09-14;46288,3593368482;11832,340293798805;34456,0190430494;14
2016-09-15;46715,03793537308;11832,340293798805;34882,697641574276;14
2016-09-16;46679,07328960327;11832,340293798805;34846,732995804465;14
2016-09-19;47068,034672964735;11832,340293798805;35235,69437916593;14
2016-09-20;46974,571496546734;11832,340293798805;35142,23120274793;14
2016-09-21;47869,33230322523;11832,340293798805;36036,99200942642;14
2016-09-22;48129,959267672566;11832,340293798805;36297,61897387376;14
2016-09-23;47699,702241439074;11832,340293798805;35867,36194764027;14
2016-09-26;47478,10174510138;11832,340293798805;35645,76145130258;14
2016-09-27;47933,30521438887;11832,340293798805;36100,964920590064;14
2016-09-28;48177,69602694488;11832,340293798805;36345,355733146076;14
2016-09-29;47724,44972485856;11832,340293798805;35892,109431059755;14
2016-09-30;48182,75436794311;11832,340293798805;36350,414074144304;14
2016-10-03;47869,00477811567;7083,783202907609;40785,22157520806;16
2016-10-04;47272,60545698623;7083,783202907609;40188,82225407862;16
2016-10-05;47526,12379215142;7083,783202907609;40442,34058924381;16
2016-10-06;47561,664892197376;7083,783202907609;40477,88168928977;16
2016-10-07;47317,71928541448;7083,783202907609;40233,93608250687;16
2016-10-10;47624,20017077702;7083,783202907609;40540,41696786941;16
2016-10-11;46649,11408478443;7083,783202907609;39565,33088187682;16
2016-10-12;46787,271931849304;7083,783202907609;39703,488728941695;16
2016-10-13;46530,41772294657;7083,783202907609;39446,63452003896;16
2016-10-14;46730,95713127073;7083,783202907609;39647,17392836312;16
2016-10-17;46538,73762769073;7083,783202907609;39454,95442478312;16
2016-10-18;46904,89635326804;7083,783202907609;39821,113150360434;16
2016-10-19;47391,57539970228;7083,783202907609;40307,79219679467;16
2016-10-20;47466,49192767011;7083,783202907609;40382,7087247625;16
2016-10-21;47175,45085354657;7083,783202907609;40091,66765063896;16
2016-10-24;47847,61094172359;7083,783202907609;40763,827738815984;16
2016-10-25;47692,897717827334;7083,783202907609;40609,114514919725;16
2016-10-26;47183,32705998729;7083,783202907609;40099,54385707968;16
2016-10-27;46401,53184233681;7083,783202907609;39317,7486394292;16
2016-10-28;46267,93805320749;7083,783202907609;39184,15485029988;16
2016-10-31;46155,17753136002;19672,49926296014;26482,67826839988;16
2016-11-01;45925,13815127327;19672,49926296014;26252,63888831313;16
2016-11-02;45547,93231778429;19672,49926296014;25875,43305482415;16
2016-11-03;45431,78861673814;19672,49926296014;25759,289353777993;16
2016-11-04;45398,14203695073;19672,49926296014;25725,642773990592;16
2016-11-07;46162,107597153816;19672,49926296014;26489,608334193676;16
2016-11-08;46249,19366524406;19672,49926296014;26576,694402283927;16
2016-11-09;46459,412819895595;19672,49926296014;26786,913556935455;16
2016-11-10;46218,33302038956;19672,49926296014;26545,83375742942;16
2016-11-11;46763,01089189579;19672,49926296014;27090,511628935652;16
2016-11-14;46665,15575279608;19672,49926296014;26992,65648983594;16
2016-11-15;47266,42508995941;19672,49926296014;27593,92582699927;16
2016-11-16;47600,607406008916;19672,49926296014;27928,108143048772;16
2016-11-17;48133,348134650805;19672,49926296014;28460,84887169067;16
2016-11-18;48250,228611244005;19672,49926296014;28577,72934828386;16
2016-11-21;48496,95852470408;19672,49926296014;28824,459261743938;16
2016-11-22;48502,99742781548;19672,49926296014;28830,498164855337;16
2016-11-23;48960,20556358009;19672,49926296014;29287,706300619957;16
2016-11-25;48953,202816720805;19672,49926296014;29280,703553760664;16
2016-11-28;48667,71967620043;6270,137059136363;42397,582617064065;17
2016-11-29;48592,56596924749;6270,137059136363;42322,42891011113;17
2016-11-30;49294,834607055775;6270,137059136363;43024,697547919415;17
2016-12-01;48642,47698982;6270,137059136363;42372,33993068364;17
2016-12-02;48825,08152350056;6270,137059136363;42554,9444643642;17
2016-12-05;49704,476263954115;6270,137059136363;43434,33920481775;17
2016-12-06;50227,89666664234;6270,137059136363;43957,75960750598;17
2016-12-07;50674,39794997657;6270,137059136363;44404,2608908402;17
2016-12-08;51492,6971567225;6270,137059136363;45222,56009758613;17
2016-12-09;51195,97559556963;6270,137059136363;44925,838536433264;17
2016-12-12;50829,32765239764;6270,137059136363;44559,19059326128;17
2016-12-13;50717,807204765864;6270,137059136363;44447,6701456295;17
2016-12-14;50455,81903332843;6270,137059136363;44185,68197419206;17
2016-12-15;51096,63606295151;6270,137059136363;44826,499003815145;17
2016-12-16;50616,96899793329;8542,390927828583;42074,57807010471;16
2016-12-19;50763,632757922416;8542,390927828583;42221,24183009383;16
2016-12-20;51401,26015394564;8542,390927828583;42858,86922611706;16
2016-12-21;51361,01136570635;8542,390927828583;42818,62043787777;16
2016-12-22;51082,47305140762;8542,390927828583;42540,082123579035;16
2016-12-23;51314,00745468291;8542,390927828583;42771,61652685433;16
2016-12-27;51869,47468647633;8542,390927828583;43327,08375864775;16
2016-12-28;50808,76048127812;8542,390927828583;42266,369553449535;16
2016-12-29;50723,065254790126;8542,390927828583;42180,67432696154;16
2016-12-30;50321,64982913878;8542,390927828583;41779,2589013102;16
2017-01-03;50552,17963022692;7628,714362996765;42923,46526723015;16
2017-01-04;51126,613559360456;7628,714362996765;43497,899196363695;16
2017-01-05;50881,02857671346;7628,714362996765;43252,3142137167;16
2017-01-06;50847,04914870346;7628,714362996765;43218,33478570669;16
2017-01-09;50705,699182039476;7628,714362996765;43076,98481904271;16
2017-01-10;50978,66010393115;7628,714362996765;43349,94574093439;16
2017-01-11;51070,85468979503;7628,714362996765;43442,14032679826;16
2017-01-12;50543,72593600435;7628,714362996765;42915,01157300759;16
2017-01-13;50836,748903291766;7628,714362996765;43208,034540295;16
2017-01-17;49912,39926372397;7628,714362996765;42283,6849007272;16
2017-01-18;50567,178939018515;7628,714362996765;42938,46457602175;16
2017-01-19;50317,63484221845;7628,714362996765;42688,92047922169;16
2017-01-20;50612,1989503341;7628,714362996765;42983,48458733734;16
2017-01-23;50334,17330347348;7628,714362996765;42705,45894047671;16
2017-01-24;51716,66139556767;7628,714362996765;44087,947032570904;16
2017-01-25;52073,30891306435;7628,714362996765;44444,59455006759;16
2017-01-26;52643,78789259269;7628,714362996765;45015,073529595924;16
2017-01-27;52521,68489945421;7628,714362996765;44892,97053645745;16
2017-01-30;51905,252648152826;5082,808443656316;46822,44420449651;17
2017-01-31;51626,820302110566;5082,808443656316;46544,01185845425;17
2017-02-01;52473,06602186606;5082,808443656316;47390,25757820975;17
2017-02-02;52299,26355938461;5082,808443656316;47216,4551157283;17
2017-02-03;52732,40177133041;5082,808443656316;47649,5933276741;17
2017-02-06;53110,832712508716;5082,808443656316;48028,0242688524;17
2017-02-07;52833,46375007051;5082,808443656316;47750,65530641419;17
2017-02-08;52813,84958072905;5082,808443656316;47731,04113707274;17
2017-02-09;53381,382990037964;5082,808443656316;48298,57454638165;17
2017-02-10;53474,27601270904;5082,808443656316;48391,46756905272;17
2017-02-13;53552,206542608845;5082,808443656316;48469,39809895253;17
2017-02-14;53666,944063101546;5082,808443656316;48584,13561944523;17
2017-02-15;53807,49505264924;5082,808443656316;48724,686608992924;17
2017-02-16;53401,32567750549;5082,808443656316;48318,517233849176;17
2017-02-17;53374,0632502705;5082,808443656316;48291,25480661418;17
2017-02-21;53732,745156760524;7485,141198083229;46247,6039586773;16
2017-02-22;53545,98560796287;7485,141198083229;46060,844409879646;16
2017-02-23;52699,92313051179;7485,141198083229;45214,78193242856;16
2017-02-24;52646,83868919424;7485,141198083229;45161,697491111016;16
2017-02-27;53269,64576314913;5221,276913276495;48048,36884987263;17
2017-02-28;52675,80023776349;5221,276913276495;47454,523324486996;17
2017-03-01;53844,286452096545;5221,276913276495;48623,00953882005;17
2017-03-02;52376,53781737367;5221,276913276495;47155,26090409717;17
2017-03-03;52490,35418384686;5221,276913276495;47269,077270570364;17
2017-03-06;52314,26867316757;7758,167028496182;44556,10164467139;16
2017-03-07;52171,73727574096;7758,167028496182;44413,57024724478;16
2017-03-08;51798,58182164856;7758,167028496182;44040,41479315238;16
2017-03-09;51795,39687247592;7758,167028496182;44037,22984397974;16
2017-03-10;51910,80110707306;7758,167028496182;44152,63407857688;16
2017-03-13;51991,34793161187;7758,167028496182;44233,18090311569;16
2017-03-14;51361,3432311;7758,167028496182;43603,17620260382;16
2017-03-15;51834,77213322278;7758,167028496182;44076,6051047266;16
2017-03-16;52001,87970206923;7758,167028496182;44243,71267357305;16
2017-03-17;52078,3615919615;7758,167028496182;44320,19456346532;16
2017-03-20;52289,885509301435;7758,167028496182;44531,718480805255;16
2017-03-21;50610,2353163324;10174,304195979175;40435,93112035323;15
2017-03-22;51138,11654253915;10174,304195979175;40963,81234655998;15
2017-03-23;51331,482410187964;10174,304195979175;41157,17821420879;15
2017-03-24;51648,11752045495;10174,304195979175;41473,81332447578;15
2017-03-27;51780,33079998548;10174,304195979175;41606,02660400631;15
2017-03-28;52253,37013380858;10174,304195979175;42079,06593782941;15
2017-03-29;52097,018911288855;10174,304195979175;41922,71471530968;15
2017-03-30;52507,928604218534;10174,304195979175;42333,62440823936;15
2017-03-31;52336,60861584641;10174,304195979175;42162,304419867236;15
2017-04-03;51902,27528549422;10352,77752374471;41549,49776174951;15
2017-04-04;51483,4608756923;10352,77752374471;41130,683351947584;15
2017-04-05;51000,98350943046;10352,77752374471;40648,20598568575;15
2017-04-06;51243,57086397581;10352,77752374471;40890,793340231095;15
2017-04-07;51272,21137768126;10352,77752374471;40919,433853936556;15
2017-04-10;51010,658442543805;10352,77752374471;40657,88091879909;15
2017-04-11;50791,002413600596;10352,77752374471;40438,22488985588;15
2017-04-12;50214,25775203387;10352,77752374471;39861,48022828916;15
2017-04-13;49834,67136076244;10352,77752374471;39481,893837017735;15
2017-04-17;50479,92253510057;10352,77752374471;40127,14501135586;15
2017-04-18;50402,32394700889;10352,77752374471;40049,546423264175;15
2017-04-19;50406,091855726365;10352,77752374471;40053,31433198166;15
2017-04-20;50969,82017017265;10352,77752374471;40617,04264642794;15
2017-04-21;50737,308828584384;10352,77752374471;40384,53130483968;15
2017-04-24;51616,48039253852;10352,77752374471;41263,70286879381;15
2017-04-25;52120,63975200031;10352,77752374471;41767,8622282556;15
2017-04-26;51678,10863982201;10352,77752374471;41325,331116077294;15
2017-04-27;52194,79903068773;10352,77752374471;41842,02150694303;15
2017-04-28;51959,525930145566;10352,77752374471;41606,74840640086;15
2017-05-01;52387,16217585149;10448,486532571369;41938,67564328012;15
2017-05-02;51678,69842217303;10448,486532571369;41230,21188960166;15
2017-05-03;51454,59345531211;10448,486532571369;41006,10692274074;15
2017-05-04;51880,02948980005;10448,486532571369;41431,54295722868;15
2017-05-05;52034,807653491036;10448,486532571369;41586,32112091967;15
2017-05-08;51783,51650376632;10448,486532571369;41335,02997119495;15
2017-05-09;51896,90287664877;10448,486532571369;41448,4163440774;15
2017-05-10;52863,578636362625;10448,486532571369;42415,092103791256;15
2017-05-11;52865,71373416849;10448,486532571369;42417,22720159712;15
2017-05-12;52810,54561195188;12898,62609288035;39911,91951907153;14
2017-05-15;53319,36284376167;12898,62609288035;40420,736750881326;14
2017-05-16;53824,58375357438;12898,62609288035;40925,95766069403;14
2017-05-17;51975,931565876424;12898,62609288035;39077,30547299607;14
2017-05-18;52612,79394028841;12898,62609288035;39714,16784740806;14
2017-05-19;52835,19928035686;12898,62609288035;39936,57318747651;14
2017-05-22;53353,81360016248;12898,62609288035;40455,187507282135;14
2017-05-23;53518,83716454764;12898,62609288035;40620,21107166729;14
2017-05-24;53883,137809236665;12898,62609288035;40984,51171635631;14
2017-05-25;54901,374602945;12898,62609288035;42002,748510064645;14
2017-05-26;55146,819985275855;12898,62609288035;42248,1938923955;14
2017-05-30;55267,23216309435;11033,456753558025;44233,77540953632;15
2017-05-31;55220,62958640051;11033,456753558025;44187,17283284248;15
2017-06-01;55656,6004378246;11033,456753558025;44623,14368426658;15
2017-06-02;55918,62657746005;11033,456753558025;44885,16982390202;15
2017-06-05;55802,2753873794;11033,456753558025;44768,81863382138;15
2017-06-06;56035,76833342192;11033,456753558025;45002,31157986389;15
2017-06-07;56453,81810987668;11033,456753558025;45420,36135631866;15
2017-06-08;56905,85534392504;11033,456753558025;45872,39859036702;15
2017-06-09;54862,089636110846;11033,456753558025;43828,63288255282;15
2017-06-12;54263,33786955562;11033,456753558025;43229,88111599759;15
2017-06-13;54722,11476418869;11033,456753558025;43688,65801063067;15
2017-06-14;54450,78291103916;11033,456753558025;43417,32615748113;15
2017-06-15;54365,72702065128;11033,456753558025;43332,27026709325;15
2017-06-16;54429,454475339764;11033,456753558025;43395,99772178174;15
2017-06-19;55218,247814409944;11033,456753558025;44184,79106085192;15
2017-06-20;54809,42924069599;11033,456753558025;43775,972487137966;15
2017-06-21;55269,61387225981;11033,456753558025;44236,15711870178;15
2017-06-22;55130,6528104843;11033,456753558025;44097,196056926274;15
2017-06-23;55431,108660959726;11033,456753558025;44397,651907401705;15
2017-06-26;55117,80464966582;11033,456753558025;44084,3478961078;15
2017-06-27;53961,32735586063;11033,456753558025;42927,87060230261;15
2017-06-28;54795,59841143683;11033,456753558025;43762,14165787881;15
2017-06-29;53800,63412896963;11033,456753558025;42767,17737541161;15
2017-06-30;53689,58821877687;11033,456753558025;42656,13146521885;15
2017-07-03;53195,5599890376;7813,267079063444;45382,29290997416;16
2017-07-05;53955,91056446725;7813,267079063444;46142,64348540381;16
2017-07-06;53528,20268514405;7813,267079063444;45714,93560608061;16
2017-07-07;54322,18006309594;7813,267079063444;46508,9129840325;16
2017-07-10;54551,301177820475;7813,267079063444;46738,03409875703;16
2017-07-11;54913,08802484335;7813,267079063444;47099,82094577991;16
2017-07-12;55524,68171552515;7813,267079063444;47711,414636461705;16
2017-07-13;55334,43608259868;7813,267079063444;47521,16900353524;16
2017-07-14;55881,273192538785;7813,267079063444;48068,00611347534;16
2017-07-17;55770,520988069;7813,267079063444;47957,25390900556;16
2017-07-18;55710,21575277775;7813,267079063444;47896,94867371431;16
2017-07-19;56060,329957578455;7813,267079063444;48247,06287851501;16
2017-07-20;56070,16943556767;7813,267079063444;48256,90235650422;16
2017-07-21;56143,22713509853;7813,267079063444;48329,96005603509;16
2017-07-24;56837,50470371477;7813,267079063444;49024,23762465132;16
2017-07-25;56597,97587467253;7813,267079063444;48784,70879560908;16
2017-07-26;56677,293753663835;7813,267079063444;48864,02667460039;16
2017-07-27;55777,25541519054;7813,267079063444;47963,9883361271;16
2017-07-28;55924,34234559552;7813,267079063444;48111,075266532076;16
2017-07-31;55520,205880684276;-9,094947017729282e-13;55520,205880684276;19
2017-08-01;55869,533836660456;-9,094947017729282e-13;55869,533836660456;19
2017-08-02;55205,74315193301;-9,094947017729282e-13;55205,74315193301;19
2017-08-03;55555,33167717786;-9,094947017729282e-13;55555,33167717786;19
2017-08-04;55389,229019852064;-9,094947017729282e-13;55389,229019852064;19
2017-08-07;56021,79809438537;-9,094947017729282e-13;56021,79809438537;19
2017-08-08;55886,70227749517;-9,094947017729282e-13;55886,70227749517;19
2017-08-09;55772,0056243561;-9,094947017729282e-13;55772,0056243561;19
2017-08-10;54081,4513663018;-9,094947017729282e-13;54081,4513663018;19
2017-08-11;54383,523514461835;2454,025868584754;51929,49764587708;18
2017-08-14;55416,9684888635;2454,025868584754;52962,94262027875;18
2017-08-15;55411,54940877106;2454,025868584754;52957,52354018631;18
2017-08-16;55737,136657078336;2454,025868584754;53283,110788493585;18
2017-08-17;54789,006589858975;2454,025868584754;52334,98072127422;18
2017-08-18;54966,72229182042;2454,025868584754;52512,69642323567;18
2017-08-21;54768,551260223816;2454,025868584754;52314,525391639065;18
2017-08-22;55773,186784447775;2454,025868584754;53319,16091586302;18
2017-08-23;55708,44656972622;2454,025868584754;53254,42070114147;18
2017-08-24;55829,12255087643;2454,025868584754;53375,09668229168;18
2017-08-25;55090,928351082046;2454,025868584754;52636,902482497295;18
2017-08-28;55286,2324345132;8058,879925965913;47227,35250854729;16
2017-08-29;54983,46321089324;8058,879925965913;46924,58328492733;16
2017-08-30;55293,81828009464;8058,879925965913;47234,938354128724;16
2017-08-31;55629,967964967065;8058,879925965913;47571,08803900115;16
2017-09-01;55229,18812798114;8058,879925965913;47170,30820201523;16
2017-09-05;55002,293418536305;8058,879925965913;46943,41349257039;16
2017-09-06;55082,59527448076;8058,879925965913;47023,715348514845;16
2017-09-07;55350,82954514165;8058,879925965913;47291,949619175735;16
2017-09-08;55452,25682934393;8058,879925965913;47393,37690337802;16
2017-09-11;56041,597228369865;8058,879925965913;47982,71730240395;16
2017-09-12;55980,63043694034;8058,879925965913;47921,75051097442;16
2017-09-13;55878,480304298144;8058,879925965913;47819,60037833223;16
2017-09-14;56228,33930517452;8058,879925965913;48169,45937920861;16
2017-09-15;56513,079040414894;8058,879925965913;48454,19911444898;16
2017-09-18;56607,38256211374;8058,879925965913;48548,50263614782;16
2017-09-19;56265,41260281246;8058,879925965913;48206,532676846546;16
2017-09-20;56317,215998900036;8058,879925965913;48258,33607293412;16
2017-09-21;56003,315961104454;8058,879925965913;47944,43603513854;16
2017-09-22;56288,119740093236;8058,879925965913;48229,23981412732;16
2017-09-25;55257,438088456656;8058,879925965913;47198,55816249074;16
2017-09-26;55081,630794033255;8058,879925965913;47022,75086806734;16
2017-09-27;55676,48381960704;8058,879925965913;47617,60389364113;16
2017-09-28;55655,7044965855;8058,879925965913;47596,82457061959;16
2017-09-29;55994,8460182426;8058,879925965913;47935,966092276685;16
2017-10-02;56255,01413348527;8305,048052522685;47949,966080962586;16
2017-10-03;56557,55460271657;8305,048052522685;48252,50655019388;16
2017-10-04;56658,182803029966;8305,048052522685;48353,134750507284;16
2017-10-05;56911,5648674587;8305,048052522685;48606,51681493602;16
2017-10-06;57240,10281633776;8305,048052522685;48935,054763815075;16
2017-10-09;57132,053497882065;8305,048052522685;48827,00544535938;16
2017-10-10;57188,27536721635;8305,048052522685;48883,22731469367;16
2017-10-11;57514,82124839588;8305,048052522685;49209,7731958732;16
2017-10-12;57726,9435915659;8305,048052522685;49421,89553904321;16
2017-10-13;57946,464069854934;8305,048052522685;49641,41601733225;16
2017-10-16;57993,07080068115;8305,048052522685;49688,02274815846;16
2017-10-17;57774,44693562547;8305,048052522685;49469,39888310278;16
2017-10-18;57859,147752489254;8305,048052522685;49554,099699966566;16
2017-10-19;57884,47032131895;8305,048052522685;49579,42226879626;16
2017-10-20;58470,53844585648;8305,048052522685;50165,49039333379;16
2017-10-23;58532,03777013664;8305,048052522685;50226,98971761395;16
2017-10-24;58493,19695386279;8305,048052522685;50188,1489013401;16
2017-10-25;57881,01406869569;8305,048052522685;49575,966016173006;16
2017-10-26;58338,78488194686;8305,048052522685;50033,736829424175;16
2017-10-27;60231,45009536017;8305,048052522685;51926,402042837486;16
2017-10-30;60368,172132064676;2657,8632124671817;57710,3089195975;18
2017-10-31;60530,00448293546;2657,8632124671817;57872,14127046828;18
2017-11-01;60503,11901116325;2657,8632124671817;57845,255798696075;18
2017-11-02;60540,90833558342;2657,8632124671817;57883,045123116244;18
2017-11-03;61025,17799645914;2657,8632124671817;58367,31478399196;18
2017-11-06;61289,68241191993;2657,8632124671817;58631,81919945275;18
2017-11-07;61317,76004321989;2657,8632124671817;58659,89683075271;18
2017-11-08;61762,811978517624;2657,8632124671817;59104,948766050446;18
2017-11-09;61145,45807685372;2657,8632124671817;58487,59486438654;18
2017-11-10;61180,05899495733;5211,283552494986;55968,77544246235;17
2017-11-13;61605,89698578171;5211,283552494986;56394,61343328672;17
2017-11-14;61467,387843815566;5211,283552494986;56256,10429132058;17
2017-11-15;60879,524824802305;5211,283552494986;55668,24127230732;17
2017-11-16;61647,9184159927;5211,283552494986;56436,63486349772;17
2017-11-17;61740,001235107804;5211,283552494986;56528,71768261282;17
2017-11-20;62247,895659405796;5211,283552494986;57036,61210691081;17
2017-11-21;62927,46981788076;5211,283552494986;57716,186265385775;17
2017-11-22;62601,770324218356;5211,283552494986;57390,48677172337;17
2017-11-24;62849,54748859528;5211,283552494986;57638,263936100295;17
2017-11-27;62064,94326997389;5909,337812082702;56155,605457891186;17
2017-11-28;62393,02042385933;5909,337812082702;56483,682611776625;17
2017-11-29;60523,37647642;5909,337812082702;54614,0386643373;17
2017-11-30;61066,6881904688;5909,337812082702;55157,350378386094;17
2017-12-01;60396,41678255419;8874,98979088913;51521,42699166506;16
2017-12-04;58560,14712897596;8874,98979088913;49685,15733808683;16
2017-12-05;58893,49872826668;8874,98979088913;50018,50893737755;16
2017-12-06;59343,21516592908;8874,98979088913;50468,225375039954;16
2017-12-07;60280,82855767164;8874,98979088913;51405,83876678251;16
2017-12-08;60384,524181267705;8874,98979088913;51509,534390378576;16
2017-12-11;60366,20399886664;8874,98979088913;51491,21420797751;16
2017-12-12;60182,76152991885;8874,98979088913;51307,77173902972;16
2017-12-13;60166,09754668689;8874,98979088913;51291,10775579776;16
2017-12-14;59939,2792733401;8874,98979088913;51064,28948245097;16
2017-12-15;60585,16811538159;8874,98979088913;51710,17832449246;16
2017-12-18;61183,70106985123;8874,98979088913;52308,7112789621;16
2017-12-19;60829,611097544774;8874,98979088913;51954,621306655645;16
2017-12-20;60729,942454435855;8874,98979088913;51854,95266354673;16
2017-12-21;60506,08852213377;8874,98979088913;51631,09873124464;16
2017-12-22;60537,13848788255;8874,98979088913;51662,14869699342;16
2017-12-26;60427,19745026723;8874,98979088913;51552,2076593781;16
2017-12-27;60708,982902252246;8874,98979088913;51833,99311136312;16
2017-12-28;60771,101141669205;8874,98979088913;51896,11135078008;16
2017-12-29;60300,85710387682;8874,98979088913;51425,86731298769;16
2018-01-02;61251,3060909854;9126,969763710527;52124,336327274876;16
2018-01-03;61695,008846704084;9126,969763710527;52568,03908299356;16
2018-01-04;61818,485698776225;9126,969763710527;52691,5159350657;16
2018-01-05;62633,603481293285;9126,969763710527;53506,63371758276;16
2018-01-08;63642,14385663914;9126,969763710527;54515,17409292861;16
2018-01-09;63633,98933388165;9126,969763710527;54507,01957017112;16
2018-01-10;63592,75051840528;9126,969763710527;54465,78075469475;16
2018-01-11;64977,54757224841;9126,969763710527;55850,577808537884;16
2018-01-12;64746,93792117112;9126,969763710527;55619,96815746059;16
2018-01-16;63661,52688377971;9126,969763710527;54534,557120069185;16
2018-01-17;64392,09201466495;9126,969763710527;55265,122250954424;16
2018-01-18;64428,927459939085;9126,969763710527;55301,95769622856;16
2018-01-19;65162,69147117567;9126,969763710527;56035,72170746514;16
2018-01-22;65697,92049957265;9126,969763710527;56570,95073586212;16
2018-01-23;65671,08544047785;9126,969763710527;56544,11567676733;16
2018-01-24;65360,58393361127;9126,969763710527;56233,61416990074;16
2018-01-25;65476,642519259374;9126,969763710527;56349,67275554885;16
2018-01-26;66097,49422648773;9126,969763710527;56970,5244627772;16
2018-01-29;65462,05250742728;2755,903441543889;62706,14906588339;18
2018-01-30;64876,977544907466;2755,903441543889;62121,07410336358;18
2018-01-31;65041,755023706544;2755,903441543889;62285,85158216266;18
2018-02-01;64492,28821809862;2755,903441543889;61736,38477655473;18
2018-02-02;63306,820350316004;2755,903441543889;60550,91690877212;18
2018-02-05;60865,689712473366;15006,092411062742;45859,59730141062;14
2018-02-06;61295,49080372322;15006,092411062742;46289,398392660485;14
2018-02-07;61251,77524539248;15006,092411062742;46245,68283432974;14
2018-02-08;59113,498855099155;15006,092411062742;44107,40644403641;14
2018-02-09;59774,510386878275;15006,092411062742;44768,41797581553;14
2018-02-12;60365,18773186387;15006,092411062742;45359,095320801134;14
2018-02-13;60807,11638861013;15006,092411062742;45801,02397754738;14
2018-02-14;61622,26541283274;15006,092411062742;46616,17300177;14
2018-02-15;62460,18441472802;15006,092411062742;47454,092003665275;14
2018-02-16;62082,71853841934;15006,092411062742;47076,626127356605;14
2018-02-20;62448,642618977145;15006,092411062742;47442,550207914406;14
2018-02-21;62225,68003328424;15006,092411062742;47219,5876222215;14
2018-02-22;62657,502790073995;15006,092411062742;47651,41037901126;14
2018-02-23;62889,28203701897;15006,092411062742;47883,189625956235;14
2018-02-26;63733,68400727322;5741,434691816469;57992,24931545676;17
2018-02-27;63171,67984403908;5741,434691816469;57430,24515222261;17
2018-02-28;62662,649636758055;5741,434691816469;56921,21494494159;17
2018-03-01;61575,9325861344;5741,434691816469;55834,49789431793;17
2018-03-02;62247,676224817085;5741,434691816469;56506,24153300062;17
2018-03-05;63528,642703981866;5741,434691816469;57787,2080121654;17
2018-03-06;64396,66823181977;5741,434691816469;58655,233540003304;17
2018-03-07;64473,61255292644;5741,434691816469;58732,17786110997;17
2018-03-08;64559,8224210148;5741,434691816469;58818,38772919833;17
2018-03-09;65646,22540008654;5741,434691816469;59904,79070827006;17
2018-03-12;65807,46699826371;5741,434691816469;60066,03230644724;17
2018-03-13;65098,56384609318;5741,434691816469;59357,129154276714;17
2018-03-14;65372,56718880695;5741,434691816469;59631,13249699048;17
2018-03-15;65203,702664319586;5741,434691816469;59462,26797250312;17
2018-03-16;65364,65217668177;8789,856855714892;56574,79532096688;16
2018-03-19;64530,63489141835;8789,856855714892;55740,77803570346;16
2018-03-20;65521,314077373885;8789,856855714892;56731,457221658995;16
2018-03-21;65772,13821780587;8789,856855714892;56982,28136209098;16
2018-03-22;64013,757607930216;8789,856855714892;55223,900752215326;16
2018-03-23;62440,80065429128;11834,180000052715;50606,62065423856;15
2018-03-26;64445,26922490512;11834,180000052715;52611,0892248524;15
2018-03-27;62480,548744326545;11834,180000052715;50646,36874427383;15
2018-03-28;61282,62707885439;11834,180000052715;49448,44707880168;15
2018-03-29;62416,872120698325;11834,180000052715;50582,69212064561;15
2018-04-02;60806,632654404064;24079,419175269624;36727,21347913444;17
2018-04-03;61407,98686866954;24079,419175269624;37328,56769339991;17
2018-04-04;61837,40206052193;24079,419175269624;37757,982885252306;17
2018-04-05;62264,62066543562;24079,419175269624;38185,201490166;17
2018-04-06;61413,58889041048;24079,419175269624;37334,16971514085;17
2018-04-09;61539,691975305424;24079,419175269624;37460,272800035804;17
2018-04-10;62465,47508318334;24079,419175269624;38386,05590791372;17
2018-04-11;62349,152883027506;24079,419175269624;38269,73370775788;17
2018-04-12;62969,81558623747;24079,419175269624;38890,39641096784;17
2018-04-13;62643,942849339976;24079,419175269624;38564,523674070355;17
2018-04-16;62950,77628359507;24079,419175269624;38871,35710832544;17
2018-04-17;63801,98323730222;24079,419175269624;39722,564062032594;17
2018-04-18;64019,26956502766;24079,419175269624;39939,85038975803;17
2018-04-19;63855,68971524175;24079,419175269624;39776,27053997212;17
2018-04-20;63588,07126327127;24079,419175269624;39508,65208800165;17
2018-04-23;63273,58092702052;24079,419175269624;39194,1617517509;17
2018-04-24;62437,49303449206;24079,419175269624;38358,07385922243;17
2018-04-25;62263,18900838726;24079,419175269624;38183,76983311763;17
2018-04-26;63014,15570009782;24079,419175269624;38934,7365248282;17
2018-04-27;63131,394710254084;24079,419175269624;39051,975534984456;17
2018-04-30;62794,48356313155;25041,25446161871;37753,22910151284;18
2018-05-01;62979,3076622926;25041,25446161871;37938,05320067389;18
2018-05-02;63198,29476909322;25041,25446161871;38157,040307474505;18
2018-05-03;63359,47707546168;25041,25446161871;38318,22261384297;18
2018-05-04;63460,311493012065;25041,25446161871;38419,05703139335;18
2018-05-07;64033,178747858445;25041,25446161871;38991,92428623974;18
2018-05-08;64159,64837399879;25041,25446161871;39118,393912380074;18
2018-05-09;65210,47250768375;25041,25446161871;40169,21804606504;18
2018-05-10;65735,37761513934;25041,25446161871;40694,123153520624;18
2018-05-11;65845,29094299879;25041,25446161871;40804,03648138008;18
2018-05-14;65591,34547468783;25041,25446161871;40550,09101306911;18
2018-05-15;65308,821630748454;25041,25446161871;40267,56716912974;18
2018-05-16;65542,05141599543;25041,25446161871;40500,79695437672;18
2018-05-17;66243,6503369618;25041,25446161871;41202,39587534309;18
2018-05-18;66308,37456784357;25041,25446161871;41267,12010622485;18
2018-05-21;67119,28823431631;25041,25446161871;42078,0337726976;18
2018-05-22;66802,78249773105;25041,25446161871;41761,52803611234;18
2018-05-23;67024,41049334237;25041,25446161871;41983,15603172366;18
2018-05-24;67535,41377127674;25041,25446161871;42494,15930965803;18
2018-05-25;67305,75518885517;25041,25446161871;42264,50072723646;18
2018-05-29;67368,10315698295;67368,10315698295;0,0;0
2018-05-30;67368,10315698295;67368,10315698295;0,0;0
2018-05-31;67368,10315698295;67368,10315698295;0,0;0
2018-06-01;67368,10315698295;67368,10315698295;0,0;0
2018-06-04;67368,10315698295;67368,10315698295;0,0;0
2018-06-05;67368,10315698295;67368,10315698295;0,0;0
2018-06-06;67368,10315698295;67368,10315698295;0,0;0
2018-06-07;67368,10315698295;67368,10315698295;0,0;0
2018-06-08;67368,10315698295;67368,10315698295;0,0;0
2018-06-11;67368,10315698295;67368,10315698295;0,0;0
2018-06-12;67368,10315698295;67368,10315698295;0,0;0
2018-06-13;67368,10315698295;67368,10315698295;0,0;0
2018-06-14;67368,10315698295;67368,10315698295;0,0;0
2018-06-15;67368,10315698295;67368,10315698295;0,0;0
2018-06-18;67368,10315698295;67368,10315698295;0,0;0
2018-06-19;67368,10315698295;67368,10315698295;0,0;0
2018-06-20;67368,10315698295;67368,10315698295;0,0;0
2018-06-21;67368,10315698295;67368,10315698295;0,0;0
2018-06-22;67368,10315698295;67368,10315698295;0,0;0
2018-06-25;67368,10315698295;67368,10315698295;0,0;0
2018-06-26;67368,10315698295;67368,10315698295;0,0;0
2018-06-27;67368,10315698295;67368,10315698295;0,0;0
2018-06-28;67368,10315698295;67368,10315698295;0,0;0
2018-06-29;67368,10315698295;67368,10315698295;0,0;0
2018-07-02;67368,10315698295;67368,10315698295;0,0;0
2018-07-03;67368,10315698295;67368,10315698295;0,0;0
2018-07-05;67368,10315698295;67368,10315698295;0,0;0
2018-07-06;67368,10315698295;67368,10315698295;0,0;0
2018-07-09;67368,10315698295;67368,10315698295;0,0;0
2018-07-10;67368,10315698295;67368,10315698295;0,0;0
2018-07-11;67368,10315698295;67368,10315698295;0,0;0
2018-07-12;67368,10315698295;67368,10315698295;0,0;0
2018-07-13;67368,10315698295;67368,10315698295;0,0;0
2018-07-16;67368,10315698295;67368,10315698295;0,0;0
2018-07-17;67368,10315698295;67368,10315698295;0,0;0
2018-07-18;67368,10315698295;67368,10315698295;0,0;0
2018-07-19;67368,10315698295;67368,10315698295;0,0;0
2018-07-20;67368,10315698295;67368,10315698295;0,0;0
2018-07-23;67368,10315698295;67368,10315698295;0,0;0
2018-07-24;67368,10315698295;67368,10315698295;0,0;0
2018-07-25;67368,10315698295;67368,10315698295;0,0;0
2018-07-26;67368,10315698295;67368,10315698295;0,0;0
2018-07-27;67368,10315698295;67368,10315698295;0,0;0
2018-07-30;67368,10315698295;67368,10315698295;0,0;0
2018-07-31;67368,10315698295;67368,10315698295;0,0;0
2018-08-01;67368,10315698295;67368,10315698295;0,0;0
2018-08-02;67368,10315698295;67368,10315698295;0,0;0
2018-08-03;67368,10315698295;67368,10315698295;0,0;0
2018-08-06;67368,10315698295;67368,10315698295;0,0;0
2018-08-07;67368,10315698295;67368,10315698295;0,0;0
2018-08-08;67368,10315698295;67368,10315698295;0,0;0
2018-08-09;67368,10315698295;67368,10315698295;0,0;0
2018-08-10;67368,10315698295;67368,10315698295;0,0;0
2018-08-13;67368,10315698295;67368,10315698295;0,0;0
2018-08-14;67368,10315698295;67368,10315698295;0,0;0
2018-08-15;67368,10315698295;67368,10315698295;0,0;0
2018-08-16;67368,10315698295;67368,10315698295;0,0;0
2018-08-17;67368,10315698295;67368,10315698295;0,0;0
2018-08-20;67368,10315698295;67368,10315698295;0,0;0
2018-08-21;67368,10315698295;67368,10315698295;0,0;0
2018-08-22;67368,10315698295;67368,10315698295;0,0;0
2018-08-23;67368,10315698295;67368,10315698295;0,0;0
2018-08-24;67368,10315698295;67368,10315698295;0,0;0
2018-08-27;67368,10315698295;67368,10315698295;0,0;0
2018-08-28;67368,10315698295;67368,10315698295;0,0;0
2018-08-29;67368,10315698295;67368,10315698295;0,0;0
2018-08-30;67368,10315698295;67368,10315698295;0,0;0
2018-08-31;67368,10315698295;67368,10315698295;0,0;0
2018-09-04;67238,75639892154;13344,27387333516;53894,48252558638;15
2018-09-05;65917,99991124684;13344,27387333516;52573,72603791167;15
2018-09-06;65640,52894830119;16482,569347703517;49157,95960059767;14
2018-09-07;65675,47081957432;16482,569347703517;49192,901471870806;14
2018-09-10;66299,79766654543;16482,569347703517;49817,228318841924;14
2018-09-11;66921,39139941058;16482,569347703517;50438,822051707066;14
2018-09-12;66911,65481462686;16482,569347703517;50429,085466923345;14
2018-09-13;66929,44187481489;16482,569347703517;50446,87252711137;14
2018-09-14;67403,08877571204;16482,569347703517;50920,51942800851;14
2018-09-17;66329,63378870657;16482,569347703517;49847,06444100306;14
2018-09-18;66786,27020895752;16482,569347703517;50303,70086125401;14
2018-09-19;66023,02994663606;16482,569347703517;49540,460598932536;14
2018-09-20;66128,6155589573;16482,569347703517;49646,04621125379;14
2018-09-21;66051,11605821404;16482,569347703517;49568,546710510534;14
2018-09-24;66523,12534328864;16482,569347703517;50040,555995585135;14
2018-09-25;67877,54998779189;16482,569347703517;51394,98064008837;14
2018-09-26;67898,47345538663;16482,569347703517;51415,90410768311;14
2018-09-27;68509,31545344889;16482,569347703517;52026,74610574538;14
2018-09-28;68432,30091078245;16482,569347703517;51949,73156307894;14
2018-10-01;67704,18001970852;13524,087353457338;54180,092666251185;15
2018-10-02;66214,54012733912;17033,851270129526;49180,68885720959;14
2018-10-03;66394,688741453;17033,851270129526;49360,83747132348;14
2018-10-04;65105,40693268182;17033,851270129526;48071,555662552295;14
2018-10-05;64687,40475807589;20412,28562237022;44275,119135705674;13
2018-10-08;63616,46015798226;26879,434949546267;36737,025208435996;11
2018-10-09;63386,72989194363;30092,06068058446;33294,66921135916;10
2018-10-10;61522,188488192434;48406,36374548387;13115,82474270857;4
2018-10-11;61279,57554240032;51417,467770125055;9862,107772275265;3
2018-10-12;61471,62150889778;51417,467770125055;10054,153738772722;3
2018-10-15;61333,47586447958;51417,467770125055;9916,008094354529;3
2018-10-16;61466,789766463306;51417,467770125055;10049,32199633825;3
2018-10-17;61466,1691684922;51417,467770125055;10048,701398367146;3
2018-10-18;61398,10576940852;51417,467770125055;9980,63799928346;3
2018-10-19;61231,39010077634;51417,467770125055;9813,922330651289;3
2018-10-22;61093,28307132006;54494,100988327344;6599,1820829927165;2
2018-10-23;61010,02360660009;54494,100988327344;6515,922618272742;2
2018-10-24;60709,87725389645;57453,08692798176;3256,790325914687;1
2018-10-25;60724,29460276099;57453,08692798176;3271,2076747792244;1
2018-10-26;60744,89098378603;57453,08692798176;3291,8040558042603;1
2018-10-29;60766,26993002201;60766,26993002201;0,0;0
2018-10-30;60766,26993002201;60766,26993002201;0,0;0
2018-10-31;60766,26993002201;60766,26993002201;0,0;0
2018-11-01;60766,26993002201;60766,26993002201;0,0;0
2018-11-02;60766,26993002201;60766,26993002201;0,0;0
2018-11-05;60766,26993002201;60766,26993002201;0,0;0
2018-11-06;60766,26993002201;60766,26993002201;0,0;0
2018-11-07;60766,26993002201;60766,26993002201;0,0;0
2018-11-08;60766,26993002201;60766,26993002201;0,0;0
2018-11-09;60766,26993002201;60766,26993002201;0,0;0
2018-11-12;60766,26993002201;60766,26993002201;0,0;0
2018-11-13;60766,26993002201;60766,26993002201;0,0;0
2018-11-14;60766,26993002201;60766,26993002201;0,0;0
2018-11-15;60766,26993002201;60766,26993002201;0,0;0
2018-11-16;60766,26993002201;60766,26993002201;0,0;0
2018-11-19;60766,26993002201;60766,26993002201;0,0;0
2018-11-20;60766,26993002201;60766,26993002201;0,0;0
2018-11-21;60766,26993002201;60766,26993002201;0,0;0
2018-11-23;60766,26993002201;60766,26993002201;0,0;0
2018-11-26;60766,26993002201;60766,26993002201;0,0;0
2018-11-27;60766,26993002201;60766,26993002201;0,0;0
2018-11-28;60766,26993002201;60766,26993002201;0,0;0
2018-11-29;60766,26993002201;60766,26993002201;0,0;0
2018-11-30;60766,26993002201;60766,26993002201;0,0;0
2018-12-03;60693,35040610596;30310,215441094944;30383,134965011013;15
2018-12-04;59365,20708537169;33920,573830935835;25444,633254435856;13
2018-12-06;59513,28764935573;33920,573830935835;25592,713818419892;13
2018-12-07;58531,568794774415;41019,99776087378;17511,571033900633;9
2018-12-10;58585,87298057621;41019,99776087378;17565,87521970243;9
2018-12-11;58618,28819258916;42829,07190265994;15789,216289929223;8
2018-12-12;58658,458158811045;42829,07190265994;15829,386256151101;8
2018-12-13;58675,09100526011;42829,07190265994;15846,019102600168;8
2018-12-14;58419,657843985005;44579,57381935004;13840,084024634969;7
2018-12-17;57985,461668319964;46385,533920413036;11599,927747906928;6
2018-12-18;58024,59626642284;48201,2826187519;9823,31364767094;5
2018-12-19;57953,29940133501;50016,814062438025;7936,485338896983;4
2018-12-20;57905,93365689979;50016,814062438025;7889,119594461763;4
2018-12-21;57763,620207901244;50016,814062438025;7746,806145463215;4
2018-12-24;57097,32739094289;53348,338370215846;3748,9890207270455;2
2018-12-26;57341,41245552171;53348,338370215846;3993,074085305866;2
2018-12-27;57363,2093488508;53348,338370215846;4014,8709786349596;2
2018-12-28;57364,704494962345;53348,338370215846;4016,366124746497;2
2018-12-31;57400,95099357775;57400,95099357775;0,0;0
2019-01-02;57400,95099357775;57400,95099357775;0,0;0
2019-01-03;57400,95099357775;57400,95099357775;0,0;0
2019-01-04;57400,95099357775;57400,95099357775;0,0;0
2019-01-07;57400,95099357775;57400,95099357775;0,0;0
2019-01-08;57400,95099357775;57400,95099357775;0,0;0
2019-01-09;57400,95099357775;57400,95099357775;0,0;0
2019-01-10;57400,95099357775;57400,95099357775;0,0;0
2019-01-11;57400,95099357775;57400,95099357775;0,0;0
2019-01-14;57400,95099357775;57400,95099357775;0,0;0
2019-01-15;57400,95099357775;57400,95099357775;0,0;0
2019-01-16;57400,95099357775;57400,95099357775;0,0;0
2019-01-17;57400,95099357775;57400,95099357775;0,0;0
2019-01-18;57400,95099357775;57400,95099357775;0,0;0
2019-01-22;57400,95099357775;57400,95099357775;0,0;0
2019-01-23;57400,95099357775;57400,95099357775;0,0;0
2019-01-24;57400,95099357775;57400,95099357775;0,0;0
2019-01-25;57400,95099357775;57400,95099357775;0,0;0
2019-01-28;57373,39853710085;45893,2083383853;11480,190198715549;15
2019-01-29;57218,91198819867;46579,98591476252;10638,926073436156;14
2019-01-30;57514,5593230594;46579,98591476252;10934,573408296883;14
2019-01-31;57616,625839240354;46579,98591476252;11036,639924477839;14
2019-02-01;57688,02606564594;46579,98591476252;11108,040150883427;14
2019-02-04;57752,185230317256;46579,98591476252;11172,199315554737;14
2019-02-05;57806,97854783235;46579,98591476252;11226,99263306983;14
2019-02-06;57709,63740293533;46579,98591476252;11129,651488172818;14
2019-02-07;57635,0683505067;46579,98591476252;11055,082435744183;14
2019-02-08;57745,07095391276;46579,98591476252;11165,085039150237;14
2019-02-11;57822,84767909001;46579,98591476252;11242,861764327492;14
2019-02-12;57980,08625023265;46579,98591476252;11400,10033547013;14
2019-02-13;57949,28021124386;46579,98591476252;11369,294296481341;14
2019-02-14;57997,34988260874;46579,98591476252;11417,36396784622;14
2019-02-15;58083,41060627686;46579,98591476252;11503,424691514347;14
2019-02-19;58081,075238029094;46579,98591476252;11501,089323266577;14
2019-02-20;57995,98797691706;46579,98591476252;11416,00206215454;14
2019-02-21;58006,76145276371;46579,98591476252;11426,775538001195;14
2019-02-22;58320,93135625787;46579,98591476252;11740,945441495349;14
2019-02-25;58247,64126826599;10000,69127576278;48246,94999250321;17
2019-02-26;58356,458236853934;10000,69127576278;48355,766961091154;17
2019-02-27;58059,70117401573;10000,69127576278;48059,00989825295;17
2019-02-28;58111,52063104401;10000,69127576278;48110,82935528123;17
2019-03-01;58728,7856659483;10000,69127576278;48728,09439018552;17
2019-03-04;57773,6067281518;10000,69127576278;47772,91545238902;17
2019-03-05;58058,4482885813;10000,69127576278;48057,75701281852;17
2019-03-06;57477,77858066702;10000,69127576278;47477,08730490424;17
2019-03-07;57364,393187250185;10000,69127576278;47363,701911487406;17
2019-03-08;57425,52967450467;10000,69127576278;47424,83839874189;17
2019-03-11;58287,13671171716;10000,69127576278;48286,44543595438;17
2019-03-12;58478,13076099443;10000,69127576278;48477,43948523165;17
2019-03-13;58717,19703696699;10000,69127576278;48716,50576120421;17
2019-03-14;58888,99569146428;10000,69127576278;48888,3044157015;17
2019-03-15;59215,33517204575;10000,69127576278;49214,64389628297;17
2019-03-18;59170,074183359495;10000,69127576278;49169,382907596715;17
2019-03-19;59658,663073647745;10000,69127576278;49657,971797884966;17
2019-03-20;59673,96323211918;10000,69127576278;49673,2719563564;17
2019-03-21;60675,36834165956;10000,69127576278;50674,67706589678;17
2019-03-22;58999,53200969503;10000,69127576278;48998,84073393225;17
2019-03-25;58901,10111914528;12734,190301705143;46166,91081744013;16
2019-03-26;58946,54718127537;12734,190301705143;46212,35687957022;16
2019-03-27;58234,34060036302;12734,190301705143;45500,15029865788;16
2019-03-28;58596,090146215705;15521,809065061778;43074,281081153924;15
2019-03-29;59212,293708993384;15521,809065061778;43690,48464393161;15
2019-04-01;59635,435722924805;8725,293496261926;50910,14222666288;16
2019-04-02;60008,55704275708;8725,293496261926;51283,26354649515;16
2019-04-03;60333,36310020792;8725,293496261926;51608,069603945994;16
2019-04-04;59741,0271820019;8725,293496261926;51015,73368573997;16
2019-04-05;60053,65009176972;8725,293496261926;51328,356595507794;16
2019-04-08;59983,91693347103;8725,293496261926;51258,623437209106;16
2019-04-09;59736,866688534064;8725,293496261926;51011,57319227214;16
2019-04-10;60355,427146273585;8725,293496261926;51630,13365001166;16
2019-04-11;60407,964613801974;8725,293496261926;51682,67111754005;16
2019-04-12;60446,82993378216;8725,293496261926;51721,53643752023;16
2019-04-15;60317,191957234405;8725,293496261926;51591,89846097248;16
2019-04-16;59815,370615119275;8725,293496261926;51090,07711885735;16
2019-04-17;59055,982969078774;8725,293496261926;50330,68947281685;16
2019-04-18;59145,92777536241;8725,293496261926;50420,634279100486;16
2019-04-22;59760,967791527444;8725,293496261926;51035,67429526552;16
2019-04-23;59945,23073795755;11378,05871309742;48567,172024860134;15
2019-04-24;59984,41657629862;11378,05871309742;48606,3578632012;15
2019-04-25;59955,76798603257;11378,05871309742;48577,70927293515;15
2019-04-26;60334,7376513036;11378,05871309742;48956,678938206176;15
2019-04-29;60438,792229213854;12060,660604699358;48378,1316245145;15
2019-04-30;60379,51443499116;12060,660604699358;48318,8538302918;15
2019-05-01;59635,472925359194;12060,660604699358;47574,81232065984;15
2019-05-02;59933,647841759244;12060,660604699358;47872,98723705989;15
2019-05-03;60451,42481946632;12060,660604699358;48390,76421476697;15
2019-05-06;60288,911550141216;12060,660604699358;48228,25094544186;15
2019-05-07;59357,58390608661;12060,660604699358;47296,92330138725;15
2019-05-08;59683,73705682899;12060,660604699358;47623,07645212963;15
2019-05-09;59340,871255139675;12060,660604699358;47280,21065044031;15
2019-05-10;59113,492369433065;12060,660604699358;47052,8317647337;15
2019-05-13;57182,797240565225;12060,660604699358;45122,13663586586;15
2019-05-14;58271,796212495436;12060,660604699358;46211,13560779608;15
2019-05-15;58886,62196911583;12060,660604699358;46825,96136441647;15
2019-05-16;59608,56886841325;12060,660604699358;47547,90826371389;15
2019-05-17;58910,110421492835;12060,660604699358;46849,44981679347;15
2019-05-20;58010,53747972562;14932,696878758145;43077,84060096748;14
2019-05-21;58612,29903714076;14932,696878758145;43679,602158382615;14
2019-05-22;58580,929846136416;14932,696878758145;43648,23296737827;14
2019-05-23;57698,284423990786;14932,696878758145;42765,58754523264;14
2019-05-24;57657,62279163317;14932,696878758145;42724,92591287503;14
2019-05-28;58083,82866949214;14932,696878758145;43151,131790734;14
2019-05-29;57136,34063356202;17582,114266097597;39554,22636746442;13
2019-05-30;57884,39002029721;17582,114266097597;40302,27575419961;13
2019-05-31;57635,82840976488;17582,114266097597;40053,71414366728;13
2019-06-03;57050,85312853807;57050,85312853807;0,0;0
2019-06-04;57050,85312853807;57050,85312853807;0,0;0
2019-06-05;57050,85312853807;57050,85312853807;0,0;0
2019-06-06;57050,85312853807;57050,85312853807;0,0;0
2019-06-07;57050,85312853807;57050,85312853807;0,0;0
2019-06-10;57050,85312853807;57050,85312853807;0,0;0
2019-06-11;57050,85312853807;57050,85312853807;0,0;0
2019-06-12;57050,85312853807;57050,85312853807;0,0;0
2019-06-13;57050,85312853807;57050,85312853807;0,0;0
2019-06-14;57050,85312853807;57050,85312853807;0,0;0
2019-06-17;57050,85312853807;57050,85312853807;0,0;0
2019-06-18;57050,85312853807;57050,85312853807;0,0;0
2019-06-19;57050,85312853807;57050,85312853807;0,0;0
2019-06-20;57050,85312853807;57050,85312853807;0,0;0
2019-06-21;57050,85312853807;57050,85312853807;0,0;0
2019-06-24;57050,85312853807;57050,85312853807;0,0;0
2019-06-25;57050,85312853807;57050,85312853807;0,0;0
2019-06-26;57050,85312853807;57050,85312853807;0,0;0
2019-06-27;57050,85312853807;57050,85312853807;0,0;0
2019-06-28;57050,85312853807;57050,85312853807;0,0;0
2019-07-01;56941,31549053126;11300,632987700796;45640,68250283047;15
2019-07-02;57244,48382601426;11300,632987700796;45943,85083831346;15
2019-07-03;57602,95088876658;11300,632987700796;46302,317901065784;15
2019-07-05;57701,52364055365;11300,632987700796;46400,89065285285;15
2019-07-08;57466,3600798174;11300,632987700796;46165,727092116605;15
2019-07-09;57832,043517872444;11300,632987700796;46531,41053017165;15
2019-07-10;58019,470533343556;11300,632987700796;46718,83754564276;15
2019-07-11;58084,09878719959;11300,632987700796;46783,465799498794;15
2019-07-12;58222,860255177984;11300,632987700796;46922,22726747719;15
2019-07-15;58316,25574865074;11300,632987700796;47015,62276094995;15
2019-07-16;57863,65247632798;11300,632987700796;46563,019488627186;15
2019-07-17;57766,71396641042;11300,632987700796;46466,08097870962;15
2019-07-18;57864,73807836963;11300,632987700796;46564,10509066883;15
2019-07-19;57473,376745394;11300,632987700796;46172,743757693206;15
2019-07-22;57752,517436192655;11300,632987700796;46451,88444849186;15
2019-07-23;57730,87994052582;11300,632987700796;46430,24695282502;15
2019-07-24;58263,48165195001;11300,632987700796;46962,84866424921;15
2019-07-25;57888,74816959663;11300,632987700796;46588,11518189583;15
2019-07-26;58345,62420675698;11300,632987700796;47044,99121905618;15
2019-07-29;57606,55456330241;57606,55456330241;0,0;0
2019-07-30;57606,55456330241;57606,55456330241;0,0;0
2019-07-31;57606,55456330241;57606,55456330241;0,0;0
2019-08-01;57606,55456330241;57606,55456330241;0,0;0
2019-08-02;57606,55456330241;57606,55456330241;0,0;0
2019-08-05;57606,55456330241;57606,55456330241;0,0;0
2019-08-06;57606,55456330241;57606,55456330241;0,0;0
2019-08-07;57606,55456330241;57606,55456330241;0,0;0
2019-08-08;57606,55456330241;57606,55456330241;0,0;0
2019-08-09;57606,55456330241;57606,55456330241;0,0;0
2019-08-12;57606,55456330241;57606,55456330241;0,0;0
2019-08-13;57606,55456330241;57606,55456330241;0,0;0
2019-08-14;57606,55456330241;57606,55456330241;0,0;0
2019-08-15;57606,55456330241;57606,55456330241;0,0;0
2019-08-16;57606,55456330241;57606,55456330241;0,0;0
2019-08-19;57606,55456330241;57606,55456330241;0,0;0
2019-08-20;57606,55456330241;57606,55456330241;0,0;0
2019-08-21;57606,55456330241;57606,55456330241;0,0;0
2019-08-22;57606,55456330241;57606,55456330241;0,0;0
2019-08-23;57606,55456330241;57606,55456330241;0,0;0
2019-08-26;57606,55456330241;57606,55456330241;0,0;0
2019-08-27;57606,55456330241;57606,55456330241;0,0;0
2019-08-28;57606,55456330241;57606,55456330241;0,0;0
2019-08-29;57606,55456330241;57606,55456330241;0,0;0
2019-08-30;57606,55456330241;57606,55456330241;0,0;0
2019-09-03;57606,55456330241;57606,55456330241;0,0;0
2019-09-04;57606,55456330241;57606,55456330241;0,0;0
2019-09-05;57606,55456330241;57606,55456330241;0,0;0
2019-09-06;57606,55456330241;57606,55456330241;0,0;0
2019-09-09;57606,55456330241;57606,55456330241;0,0;0
2019-09-10;57606,55456330241;57606,55456330241;0,0;0
2019-09-11;57606,55456330241;57606,55456330241;0,0;0
2019-09-12;57606,55456330241;57606,55456330241;0,0;0
2019-09-13;57606,55456330241;57606,55456330241;0,0;0
2019-09-16;57606,55456330241;57606,55456330241;0,0;0
2019-09-17;57606,55456330241;57606,55456330241;0,0;0
2019-09-18;57606,55456330241;57606,55456330241;0,0;0
2019-09-19;57606,55456330241;57606,55456330241;0,0;0
2019-09-20;57606,55456330241;57606,55456330241;0,0;0
2019-09-23;57606,55456330241;57606,55456330241;0,0;0
2019-09-24;57606,55456330241;57606,55456330241;0,0;0
2019-09-25;57606,55456330241;57606,55456330241;0,0;0
2019-09-26;57606,55456330241;57606,55456330241;0,0;0
2019-09-27;57606,55456330241;57606,55456330241;0,0;0
2019-09-30;57495,949978540884;11410,706327898944;46085,24365064194;15
2019-10-01;56944,80714406436;11410,706327898944;45534,10081616542;15
2019-10-02;56273,58067851054;11410,706327898944;44862,87435061159;15
2019-10-03;56631,18264279361;11410,706327898944;45220,476314894666;15
2019-10-04;57233,223047895284;11410,706327898944;45822,51671999634;15
2019-10-07;57018,44703115586;11410,706327898944;45607,74070325692;15
2019-10-08;56436,48131990081;11410,706327898944;45025,77499200187;15
2019-10-09;57030,76041287847;11410,706327898944;45620,05408497953;15
2019-10-10;57177,12777513665;11410,706327898944;45766,421447237706;15
2019-10-11;57299,535318937786;11410,706327898944;45888,82899103884;15
2019-10-14;57250,234989634024;11410,706327898944;45839,52866173508;15
2019-10-15;57777,70435407121;11410,706327898944;46366,99802617227;15
2019-10-16;57650,03338042345;11410,706327898944;46239,3270525245;15
2019-10-17;57866,62986283729;11410,706327898944;46455,923534938345;15
2019-10-18;57773,08646250949;11410,706327898944;46362,38013461055;15
2019-10-21;58204,071774470234;11410,706327898944;46793,36544657129;15
2019-10-22;57711,788554841674;11410,706327898944;46301,08222694273;15
2019-10-23;57824,05315402127;14133,002828793255;43691,05032522801;14
2019-10-24;58096,292311927406;14133,002828793255;43963,28948313415;14
2019-10-25;58172,82362703924;14133,002828793255;44039,820798245986;14
2019-10-28;58146,02431726583;5329,895214630245;52816,12910263558;17
2019-10-29;57993,87598127143;5329,895214630245;52663,98076664118;17
2019-10-30;57881,40008493312;5329,895214630245;52551,50487030287;17
2019-10-31;56889,43098882838;7879,542621565672;49009,88836726271;16
2019-11-01;57677,54562729019;7879,542621565672;49798,00300572452;16
2019-11-04;57444,10345399563;7879,542621565672;49564,56083242996;16
2019-11-05;57093,30137046891;7879,542621565672;49213,75874890324;16
2019-11-06;57664,34498437697;7879,542621565672;49784,8023628113;16
2019-11-07;57277,37191723962;10614,995701224678;46662,37621601494;15
2019-11-08;57673,792920176944;10614,995701224678;47058,79721895226;15
2019-11-11;58090,42580627253;10614,995701224678;47475,430105047846;15
2019-11-12;58359,30685239348;10614,995701224678;47744,3111511688;15
2019-11-13;58638,24367213911;10614,995701224678;48023,24797091444;15
2019-11-14;58885,6065169768;10614,995701224678;48270,61081575212;15
2019-11-15;59417,041093667896;10614,995701224678;48802,045392443215;15
2019-11-18;59470,397642794094;10614,995701224678;48855,40194156941;15
2019-11-19;59182,88561992145;10614,995701224678;48567,889918696776;15
2019-11-20;59497,35646363659;10614,995701224678;48882,36076241191;15
2019-11-21;58876,80494636795;10614,995701224678;48261,80924514327;15
2019-11-22;58867,25594774807;10614,995701224678;48252,26024652339;15
2019-11-25;59477,71538782137;10614,995701224678;48862,7196865967;15
2019-11-26;59792,686465787265;10614,995701224678;49177,69076456259;15
2019-11-27;60160,14148822105;10614,995701224678;49545,14578699637;15
2019-11-29;59771,711151859316;10614,995701224678;49156,71545063464;15
2019-12-02;59033,54061981526;8546,138529802574;50487,40209001269;16
2019-12-03;58987,64138997154;8546,138529802574;50441,50286016896;16
2019-12-04;59410,04380292147;8546,138529802574;50863,90527311889;16
2019-12-05;59414,05760406879;8546,138529802574;50867,91907426621;16
2019-12-06;59601,38444504347;8546,138529802574;51055,2459152409;16
2019-12-09;59469,85144156609;8546,138529802574;50923,71291176352;16
2019-12-10;59613,095634879166;8546,138529802574;51066,957105076595;16
2019-12-11;60170,130319532065;8546,138529802574;51623,99178972949;16
2019-12-12;60410,56010855257;8546,138529802574;51864,42157874999;16
2019-12-13;60288,23759007914;8546,138529802574;51742,09906027657;16
2019-12-16;60829,775024617295;8546,138529802574;52283,63649481472;16
2019-12-17;61025,16403518265;8546,138529802574;52479,02550538008;16
2019-12-18;60875,276490281045;8546,138529802574;52329,137960478474;16
2019-12-19;61405,526802323104;8546,138529802574;52859,388272520526;16
2019-12-20;61802,101270312865;8546,138529802574;53255,96274051029;16
2019-12-23;61974,377112250644;8546,138529802574;53428,23858244807;16
2019-12-24;62186,72322511577;8546,138529802574;53640,5846953132;16
2019-12-26;62557,32126409364;8546,138529802574;54011,18273429107;16
2019-12-27;62451,017134548354;8546,138529802574;53904,87860474578;16
2019-12-30;61839,390207043616;5507,680820308367;56331,70938673525;17
2019-12-31;61999,16228506231;5507,680820308367;56491,481464753946;17
2020-01-02;62974,87478566014;5507,680820308367;57467,19396535178;17
2020-01-03;62319,92826773152;5507,680820308367;56812,24744742315;17
2020-01-06;62427,31037712094;5507,680820308367;56919,62955681257;17
2020-01-07;62724,06522090573;5507,680820308367;57216,38440059736;17
2020-01-08;63029,73025519469;5507,680820308367;57522,04943488632;17
2020-01-09;63386,142206756005;5507,680820308367;57878,461386447634;17
2020-01-10;63139,20317317026;5507,680820308367;57631,522352861895;17
2020-01-13;64001,055348972586;5507,680820308367;58493,37452866422;17
2020-01-14;63450,90419791122;5507,680820308367;57943,22337760285;17
2020-01-15;63075,538546087075;5507,680820308367;57567,85772577871;17
2020-01-16;63814,37829100773;5507,680820308367;58306,697470699364;17
2020-01-17;63603,85501285877;5507,680820308367;58096,1741925504;17
2020-01-21;63577,26531414894;5507,680820308367;58069,58449384057;17
2020-01-22;64089,860854204075;5507,680820308367;58582,180033895704;17
2020-01-23;64527,79508295399;5507,680820308367;59020,11426264563;17
2020-01-24;63534,27107752832;5507,680820308367;58026,59025721995;17
2020-01-27;62340,394552351165;8367,368603292412;53973,02594905875;16
2020-01-28;63239,85042184075;8367,368603292412;54872,48181854833;16
2020-01-29;62876,67519785708;11283,334664333157;51593,34053352392;15
2020-01-30;62687,78622008793;11283,334664333157;51404,45155575477;15
2020-01-31;61303,88834466378;11283,334664333157;50020,553680330624;15
2020-02-03;61823,53681724014;12330,76356251351;49492,773254726635;15
2020-02-04;63372,61638809967;12330,76356251351;51041,85282558616;15
2020-02-05;63596,7901347753;12330,76356251351;51266,02657226179;15
2020-02-06;63644,70090969193;12330,76356251351;51313,93734717842;15
2020-02-07;62994,912524488216;12330,76356251351;50664,14896197471;15
2020-02-10;64185,79871756971;12330,76356251351;51855,035155056205;15
2020-02-11;64896,816839543826;12330,76356251351;52566,05327703032;15
2020-02-12;65244,118983198816;12330,76356251351;52913,35542068531;15
2020-02-13;65497,244016745375;12330,76356251351;53166,48045423187;15
2020-02-14;65938,9870074557;12330,76356251351;53608,22344494219;15
2020-02-18;66005,27183669146;12330,76356251351;53674,508274177955;15
2020-02-19;66868,94334129173;12330,76356251351;54538,17977877822;15
2020-02-20;66587,69828969397;12330,76356251351;54256,934727180465;15
2020-02-21;65058,37664744181;12330,76356251351;52727,6130849283;15
2020-02-24;63333,420110543644;12330,76356251351;51002,656548030136;15
2020-02-25;61499,59407663194;15368,73627139653;46130,857805235406;14
2020-02-26;61087,2530728525;15368,73627139653;45718,516801455975;14
2020-02-27;59543,88805270876;21227,331541842625;38316,55651086614;12
2020-02-28;59879,330908958436;21227,331541842625;38651,999367115815;12
2020-03-02;61486,4682980597;61486,4682980597;0,0;0
2020-03-03;61486,4682980597;61486,4682980597;0,0;0
2020-03-04;61486,4682980597;61486,4682980597;0,0;0
2020-03-05;61486,4682980597;61486,4682980597;0,0;0
2020-03-06;61486,4682980597;61486,4682980597;0,0;0
2020-03-09;61486,4682980597;61486,4682980597;0,0;0
2020-03-10;61486,4682980597;61486,4682980597;0,0;0
2020-03-11;61486,4682980597;61486,4682980597;0,0;0
2020-03-12;61486,4682980597;61486,4682980597;0,0;0
2020-03-13;61486,4682980597;61486,4682980597;0,0;0
2020-03-16;61486,4682980597;61486,4682980597;0,0;0
2020-03-17;61486,4682980597;61486,4682980597;0,0;0
2020-03-18;61486,4682980597;61486,4682980597;0,0;0
2020-03-19;61486,4682980597;61486,4682980597;0,0;0
2020-03-20;61486,4682980597;61486,4682980597;0,0;0
2020-03-23;61486,4682980597;61486,4682980597;0,0;0
2020-03-24;61486,4682980597;61486,4682980597;0,0;0
2020-03-25;61486,4682980597;61486,4682980597;0,0;0
2020-03-26;61486,4682980597;61486,4682980597;0,0;0
2020-03-27;61486,4682980597;61486,4682980597;0,0;0
2020-03-30;61486,4682980597;61486,4682980597;0,0;0
2020-03-31;61486,4682980597;61486,4682980597;0,0;0
2020-04-01;61486,4682980597;61486,4682980597;0,0;0
2020-04-02;61486,4682980597;61486,4682980597;0,0;0
2020-04-03;61486,4682980597;61486,4682980597;0,0;0
2020-04-06;61486,4682980597;61486,4682980597;0,0;0
2020-04-07;61486,4682980597;61486,4682980597;0,0;0
2020-04-08;61486,4682980597;61486,4682980597;0,0;0
2020-04-09;61486,4682980597;61486,4682980597;0,0;0
2020-04-13;61486,4682980597;61486,4682980597;0,0;0
2020-04-14;61486,4682980597;61486,4682980597;0,0;0
2020-04-15;61486,4682980597;61486,4682980597;0,0;0
2020-04-16;61486,4682980597;61486,4682980597;0,0;0
2020-04-17;61486,4682980597;61486,4682980597;0,0;0
2020-04-20;61486,4682980597;61486,4682980597;0,0;0
2020-04-21;61486,4682980597;61486,4682980597;0,0;0
2020-04-22;61486,4682980597;61486,4682980597;0,0;0
2020-04-23;61486,4682980597;61486,4682980597;0,0;0
2020-04-24;61486,4682980597;61486,4682980597;0,0;0
2020-04-27;61486,4682980597;61486,4682980597;0,0;0
2020-04-28;61486,4682980597;61486,4682980597;0,0;0
2020-04-29;61486,4682980597;61486,4682980597;0,0;0
2020-04-30;61486,4682980597;61486,4682980597;0,0;0
2020-05-01;61486,4682980597;61486,4682980597;0,0;0
2020-05-04;61486,4682980597;61486,4682980597;0,0;0
2020-05-05;61486,4682980597;61486,4682980597;0,0;0
2020-05-06;61486,4682980597;61486,4682980597;0,0;0
2020-05-07;61486,4682980597;61486,4682980597;0,0;0
2020-05-08;61486,4682980597;61486,4682980597;0,0;0
2020-05-11;61486,4682980597;61486,4682980597;0,0;0
2020-05-12;61486,4682980597;61486,4682980597;0,0;0
2020-05-13;61486,4682980597;61486,4682980597;0,0;0
2020-05-14;61486,4682980597;61486,4682980597;0,0;0
2020-05-15;61486,4682980597;61486,4682980597;0,0;0
2020-05-18;61486,4682980597;61486,4682980597;0,0;0
2020-05-19;61486,4682980597;61486,4682980597;0,0;0
2020-05-20;61486,4682980597;61486,4682980597;0,0;0
2020-05-21;61486,4682980597;61486,4682980597;0,0;0
2020-05-22;61486,4682980597;61486,4682980597;0,0;0
2020-05-26;61486,4682980597;61486,4682980597;0,0;0
2020-05-27;61486,4682980597;61486,4682980597;0,0;0
2020-05-28;61486,4682980597;61486,4682980597;0,0;0
2020-05-29;61486,4682980597;61486,4682980597;0,0;0
2020-06-01;61368,41427892739;12179,23964047965;49189,17463844774;15
2020-06-02;61426,35280964237;12179,23964047965;49247,11316916272;15
2020-06-03;61485,45864009754;12179,23964047965;49306,218999617886;15
2020-06-04;60557,14929865813;12179,23964047965;48377,90965817848;15
2020-06-05;61061,03605145165;12179,23964047965;48881,796410972;15
2020-06-08;61340,05018234052;12179,23964047965;49160,810541860876;15
2020-06-09;61806,325683678166;12179,23964047965;49627,08604319852;15
2020-06-10;62801,97041109903;12179,23964047965;50622,730770619375;15
2020-06-11;60235,38807072323;12179,23964047965;48056,148430243586;15
2020-06-12;60498,47039152362;12179,23964047965;48319,23075104397;15
2020-06-15;62084,10616541942;12179,23964047965;49904,866524939775;15
2020-06-16;62135,47091865333;12179,23964047965;49956,231278173684;15
2020-06-17;62398,57323837539;12179,23964047965;50219,33359789575;15
2020-06-18;62677,89894852931;12179,23964047965;50498,65930804967;15
2020-06-19;63018,85651293787;12179,23964047965;50839,61687245822;15
2020-06-22;63822,74382404731;12179,23964047965;51643,50418356767;15
2020-06-23;63547,3435475038;12179,23964047965;51368,10390702415;15
2020-06-24;62514,21674231476;12179,23964047965;50334,97710183512;15
2020-06-25;63099,62577891836;12179,23964047965;50920,386138438706;15
2020-06-26;62396,64889819284;12179,23964047965;50217,40925771319;15
2020-06-29;62418,10227252679;21627,158528144762;40790,94374438203;18
2020-06-30;63341,08661450589;21627,158528144762;41713,92808636113;18
2020-07-01;63740,45149470131;21627,158528144762;42113,292966556546;18
2020-07-02;63987,519432787776;21627,158528144762;42360,360904643014;18
2020-07-06;64914,25084788485;21627,158528144762;43287,092319740084;18
2020-07-07;64722,35146091503;21627,158528144762;43095,19293277027;18
2020-07-08;65859,41649397713;21627,158528144762;44232,257965832374;18
2020-07-09;66447,83486499314;21627,158528144762;44820,67633684837;18
2020-07-10;65917,26828468424;21627,158528144762;44290,109756539474;18
2020-07-13;64154,89618104978;21627,158528144762;42527,737652905016;18
2020-07-14;64979,59392013778;21627,158528144762;43352,435391993014;18
2020-07-15;65196,5560241747;24549,842341557767;40646,71368261694;17
2020-07-16;64881,69369315848;24549,842341557767;40331,85135160071;17
2020-07-17;65784,47375825843;24549,842341557767;41234,631416700664;17
2020-07-20;66875,55361901576;24549,842341557767;42325,711277457995;17
2020-07-21;66332,87866597706;24549,842341557767;41783,03632441929;17
2020-07-22;66456,37343420426;24549,842341557767;41906,531092646495;17
2020-07-23;65447,11908622019;24549,842341557767;40897,27674466243;17
2020-07-24;65018,88347782959;26405,782513217382;38613,10096461221;16
2020-07-27;66177,33830263763;26405,782513217382;39771,55578942025;16
2020-07-28;65800,40581547859;26405,782513217382;39394,623302261214;16
2020-07-29;66671,58542722142;26405,782513217382;40265,80291400404;16
2020-07-30;66612,83931803502;26405,782513217382;40207,05680481764;16
2020-07-31;66898,6781137519;26405,782513217382;40492,89560053452;16
2020-08-03;67737,07740620323;5455,356556373192;62281,72084983004;18
2020-08-04;68512,82509227467;5455,356556373192;63057,46853590148;18
2020-08-05;69247,75133633621;5455,356556373192;63792,39477996302;18
2020-08-06;70174,71042883332;5455,356556373192;64719,353872460124;18
2020-08-07;68589,88219788852;5455,356556373192;63134,525641515334;18
2020-08-10;67317,22591668369;5455,356556373192;61861,8693603105;18
2020-08-11;65750,98158350027;5455,356556373192;60295,62502712707;18
2020-08-12;67379,0047490989;5455,356556373192;61923,6481927257;18
2020-08-13;67852,9287443472;5455,356556373192;62397,572187974;18
2020-08-14;67517,63812454967;5455,356556373192;62062,281568176484;18
2020-08-17;68935,95378329253;5455,356556373192;63480,59722691934;18
2020-08-18;69039,73189039083;5455,356556373192;63584,37533401763;18
2020-08-19;68735,38471649497;5455,356556373192;63280,02816012177;18
2020-08-20;69533,23297813917;5455,356556373192;64077,876421765985;18
2020-08-21;69440,35354470098;7277,079203129171;62163,2743415718;17
2020-08-24;69127,76500522257;7277,079203129171;61850,685802093394;17
2020-08-25;69900,60768643091;7277,079203129171;62623,52848330174;17
2020-08-26;70861,84897147694;7277,079203129171;63584,76976834777;17
2020-08-27;70397,38059768072;7277,079203129171;63120,30139455154;17
2020-08-28;71030,0289045579;7277,079203129171;63752,949701428726;17
2020-08-31;72073,36309646777;14398,399526081601;57674,963570386164;15
2020-09-01;73927,1758796141;14398,399526081601;59528,77635353249;15
2020-09-02;74325,06664553033;14398,399526081601;59926,66711944873;15
2020-09-03;70142,42259118328;14398,399526081601;55744,023065101675;15
2020-09-04;68445,01636838584;14398,399526081601;54046,61684230424;15
2020-09-08;66271,59388159236;17610,35309591268;48661,24078567967;14
2020-09-09;67509,80227072912;17610,35309591268;49899,44917481644;14
2020-09-10;66656,79612926433;17610,35309591268;49046,44303335165;14
2020-09-11;65801,41042565233;17610,35309591268;48191,05732973965;14
2020-09-14;66801,72708054667;17610,35309591268;49191,37398463399;14
2020-09-15;67850,68667697454;17610,35309591268;50240,33358106186;14
2020-09-16;66975,91770371684;17610,35309591268;49365,56460780417;14
2020-09-17;65631,44749649483;20815,406857226633;44816,0406392682;13
2020-09-18;65429,09884466468;20815,406857226633;44613,69198743805;13
2020-09-21;66634,83431914102;20815,406857226633;45819,4274619144;13
2020-09-22;68481,93983354923;20815,406857226633;47666,53297632259;13
2020-09-23;67112,10345236142;20815,406857226633;46296,696595134796;13
2020-09-24;66851,10525381251;20815,406857226633;46035,69839658587;13
2020-09-25;68060,39125809148;20815,406857226633;47244,98440086484;13
2020-09-28;68965,68028415466;10145,075084146414;58820,60520000825;16
2020-09-29;69216,90202088245;10145,075084146414;59071,82693673603;16
2020-09-30;69753,69548825255;10145,075084146414;59608,62040410613;16
2020-10-01;70937,66578191664;10145,075084146414;60792,590697770225;16
2020-10-02;69858,07521385139;10145,075084146414;59713,000129704975;16
2020-10-05;71573,99129255614;10145,075084146414;61428,91620840972;16
2020-10-06;70868,32448282732;10145,075084146414;60723,2493986809;16
2020-10-07;72142,51482508528;10145,075084146414;61997,43974093887;16
2020-10-08;72104,2389249008;10145,075084146414;61959,16384075438;16
2020-10-09;72686,18425692826;10145,075084146414;62541,10917278184;16
2020-10-12;73732,23786825697;10145,075084146414;63587,16278411056;16
2020-10-13;74554,40448525926;10145,075084146414;64409,329401112846;16
2020-10-14;73703,75064866421;10145,075084146414;63558,67556451779;16
2020-10-15;73539,18110194111;10145,075084146414;63394,1060177947;16
2020-10-16;73156,61301148865;10145,075084146414;63011,53792734223;16
2020-10-19;72213,90930063381;10145,075084146414;62068,8342164874;16
2020-10-20;72140,53407551965;10145,075084146414;61995,458991373234;16
2020-10-21;70939,96177902013;10145,075084146414;60794,88669487372;16
2020-10-22;71071,43775226716;10145,075084146414;60926,36266812074;16
2020-10-23;71738,50199820212;10145,075084146414;61593,4269140557;16
2020-10-26;70842,96095289786;10145,075084146414;60697,88586875145;16
2020-10-27;70945,8136784868;10145,075084146414;60800,73859434038;16
2020-10-28;68583,2257965827;13292,782940946652;55290,44285563605;15
2020-10-29;69458,46713578572;13292,782940946652;56165,68419483906;15
2020-10-30;67308,28560008954;13292,782940946652;54015,50265914289;15
2020-11-02;67496,53046555803;23060,843713092676;44435,68675246536;18
2020-11-03;68339,12956807947;23060,843713092676;45278,285854986796;18
2020-11-04;69995,8169836866;25075,944411949687;44919,872571736916;17
2020-11-05;71017,54989202938;25075,944411949687;45941,605480079685;17
2020-11-06;72403,30556961325;25075,944411949687;47327,36115766356;17
2020-11-09;70344,40020399701;25075,944411949687;45268,45579204732;17
2020-11-10;69320,58218152782;25075,944411949687;44244,637769578134;17
2020-11-11;70947,71194506231;25075,944411949687;45871,76753311263;17
2020-11-12;71221,5996882461;25075,944411949687;46145,65527629642;17
2020-11-13;71292,57344823655;25075,944411949687;46216,62903628687;17
2020-11-16;72023,19813647229;25075,944411949687;46947,253724522605;17
2020-11-17;72277,69508145064;25075,944411949687;47201,75066950095;17
2020-11-18;71763,41275987895;25075,944411949687;46687,46834792926;17
2020-11-19;72713,65780900429;25075,944411949687;47637,7133970546;17
2020-11-20;72975,73670933009;25075,944411949687;47899,7922973804;17
2020-11-23;73657,94692730207;25075,944411949687;48582,002515352375;17
2020-11-24;73452,75955253895;25075,944411949687;48376,81514058926;17
2020-11-25;74320,580982146;25075,944411949687;49244,636570196315;17
2020-11-27;75491,55995659424;25075,944411949687;50415,61554464455;17
2020-11-30;76729,16307143643;8592,663445792194;68136,49962564424;17
2020-12-01;76362,5115912298;8592,663445792194;67769,84814543762;17
2020-12-02;76010,37402336813;8592,663445792194;67417,71057757594;17
2020-12-03;77033,94275711973;8592,663445792194;68441,27931132754;17
2020-12-04;78522,92453292581;8592,663445792194;69930,26108713362;17
2020-12-07;79304,9662119311;8592,663445792194;70712,3027661389;17
2020-12-08;79559,75363357655;8592,663445792194;70967,09018778436;17
2020-12-09;78224,83962291478;8592,663445792194;69632,17617712259;17
2020-12-10;78883,11287186542;8592,663445792194;70290,44942607323;17
2020-12-11;78395,24026679195;8592,663445792194;69802,57682099976;17
2020-12-14;77739,75932655946;8592,663445792194;69147,09588076727;17
2020-12-15;78627,68793528336;8592,663445792194;70035,02448949117;17
2020-12-16;78277,883975921;8592,663445792194;69685,2205301288;17
2020-12-17;79484,30978861975;8592,663445792194;70891,64634282756;17
2020-12-18;80027,05762367547;8592,663445792194;71434,39417788328;17
2020-12-21;80715,2343214419;8592,663445792194;72122,5708756497;17
2020-12-22;82111,1144222868;8592,663445792194;73518,45097649461;17
2020-12-23;81550,44994848006;8592,663445792194;72957,78650268787;17
2020-12-24;81427,9663419084;8592,663445792194;72835,3028961162;17
2020-12-28;79517,9394016742;7488,774907123574;72029,16449455063;17
2020-12-29;78667,32017813016;7488,774907123574;71178,54527100659;17
2020-12-30;79843,12849368062;7488,774907123574;72354,35358655704;17
2020-12-31;78924,42356179234;7488,774907123574;71435,64865466877;17
2021-01-04;78787,59362642084;7488,774907123574;71298,81871929727;17
2021-01-05;80449,13530222568;7488,774907123574;72960,3603951021;17
2021-01-06;82030,43543501092;7488,774907123574;74541,66052788735;17
2021-01-07;85284,7547495482;7488,774907123574;77795,97984242463;17
2021-01-08;85153,70182348539;7488,774907123574;77664,92691636182;17
2021-01-11;84872,1983134859;7488,774907123574;77383,42340636233;17
2021-01-12;86570,2284654877;7488,774907123574;79081,45355836413;17
2021-01-13;85972,34783768542;7488,774907123574;78483,57293056184;17
2021-01-14;87177,64154424462;7488,774907123574;79688,86663712104;17
2021-01-15;85781,43896876766;7488,774907123574;78292,66406164409;17
2021-01-19;86708,9404673654;7488,774907123574;79220,16556024183;17
2021-01-20;86742,6229665582;7488,774907123574;79253,84805943463;17
2021-01-21;86686,59076806939;7488,774907123574;79197,81586094582;17
2021-01-22;86377,49835655194;7488,774907123574;78888,72344942836;17
2021-01-25;85952,85288688235;7488,774907123574;78464,07797975877;17
2021-01-26;84261,80635345975;7488,774907123574;76773,03144633617;17
2021-01-27;81115,04491063922;7488,774907123574;73626,27000351564;17
2021-01-28;83627,46450488325;7488,774907123574;76138,68959775967;17
2021-01-29;82524,48671765;7488,774907123574;75035,71181052642;17
2021-02-01;83882,54322918548;8036,339264752019;75846,20396443346;17
2021-02-02;84972,94346113002;8036,339264752019;76936,604196378;17
2021-02-03;85454,91255364296;8036,339264752019;77418,57328889094;17
2021-02-04;87179,46193882838;8036,339264752019;79143,12267407635;17
2021-02-05;88078,57772746494;8036,339264752019;80042,23846271292;17
2021-02-08;89861,4358718466;8036,339264752019;81825,09660709457;17
2021-02-09;90236,42330505475;8036,339264752019;82200,08404030273;17
2021-02-10;90066,88905623733;8036,339264752019;82030,5497914853;17
2021-02-11;90999,47196159021;8036,339264752019;82963,13269683819;17
2021-02-12;91350,28472600653;8036,339264752019;83313,94546125451;17
2021-02-16;91502,98723765466;8036,339264752019;83466,64797290263;17
2021-02-17;90448,60762106566;8036,339264752019;82412,26835631364;17
2021-02-18;88434,85447691001;8036,339264752019;80398,51521215799;17
2021-02-19;91445,85982455206;8036,339264752019;83409,52055980003;17
2021-02-22;89163,2692174394;8036,339264752019;81126,92995268738;17
2021-02-23;87740,07697129031;8036,339264752019;79703,73770653829;17
2021-02-24;88439,01768401999;8036,339264752019;80402,67841926796;17
2021-02-25;84757,52888371846;11441,507227447519;73316,02165627094;16
2021-02-26;86199,387174578;11441,507227447519;74757,87994713048;16
2021-03-01;88701,351905171;3356,5907936097465;85344,76111156125;18
2021-03-02;87347,88901322274;3356,5907936097465;83991,29821961299;18
2021-03-03;86310,85577959042;3356,5907936097465;82954,26498598067;18
2021-03-04;84289,86500199934;11434,246036671906;72855,61896532743;16
2021-03-05;86144,92969656574;11434,246036671906;74710,68365989384;16
2021-03-08;84914,02947836615;11434,246036671906;73479,78344169425;16
2021-03-09;85660,28483450226;11434,246036671906;74226,03879783036;16
2021-03-10;86812,13141144109;11434,246036671906;75377,88537476919;16
2021-03-11;89787,52282464915;11434,246036671906;78353,27678797724;16
2021-03-12;89538,41285112509;11434,246036671906;78104,16681445319;16
2021-03-15;90855,39572813347;11434,246036671906;79421,14969146157;16
2021-03-16;89918,24209938066;11434,246036671906;78483,99606270876;16
2021-03-17;91793,93132704677;11434,246036671906;80359,68529037487;16
2021-03-18;88014,55776612592;11434,246036671906;76580,31172945401;16
2021-03-19;89376,97732365949;11434,246036671906;77942,73128698759;16
2021-03-22;88201,21005727915;11434,246036671906;76766,96402060725;16
2021-03-23;84760,61360922441;11434,246036671906;73326,36757255251;16
2021-03-24;84314,84109720029;11434,246036671906;72880,59506052839;16
2021-03-25;85278,52779952776;11434,246036671906;73844,28176285586;16
2021-03-26;86977,18487941416;11434,246036671906;75542,93884274225;16
2021-03-29;84650,22648687456;12295,17886990491;72355,04761696965;16
2021-03-30;86052,1128608711;12295,17886990491;73756,9339909662;16
2021-03-31;86165,56039072304;12295,17886990491;73870,38152081813;16
2021-04-01;88259,40348261778;12295,17886990491;75964,22461271287;16
2021-04-05;88366,56797122088;12295,17886990491;76071,38910131597;16
2021-04-06;88132,25179032705;12295,17886990491;75837,07292042214;16
2021-04-07;87662,77585887648;12295,17886990491;75367,59698897158;16
2021-04-08;87679,87135141226;16423,01419613839;71256,85715527387;15
2021-04-09;87713,77240163439;16423,01419613839;71290,758205496;15
2021-04-12;87406,03286412219;16423,01419613839;70983,0186679838;15
2021-04-13;86710,74964115677;16423,01419613839;70287,73544501838;15
2021-04-14;88085,89879962457;16423,01419613839;71662,88460348618;15
2021-04-15;88008,01009289641;16423,01419613839;71584,99589675802;15
2021-04-16;88071,72713491875;16423,01419613839;71648,71293878036;15
2021-04-19;87368,3302383973;16423,01419613839;70945,31604225891;15
2021-04-20;85260,90490541245;16423,01419613839;68837,89070927406;15
2021-04-21;86963,29050225332;16423,01419613839;70540,27630611493;15
2021-04-22;85854,37652496004;16423,01419613839;69431,36232882165;15
2021-04-23;87435,78495694912;16423,01419613839;71012,77076081073;15
2021-04-26;88941,68023621169;16423,01419613839;72518,6660400733;15
2021-04-27;89371,11895167934;16423,01419613839;72948,10475554095;15
2021-04-28;90269,51474166181;16423,01419613839;73846,50054552342;15
2021-04-29;89866,1552768815;16423,01419613839;73443,14108074311;15
2021-04-30;88612,77878650797;16423,01419613839;72189,76459036958;15
2021-05-03;89215,12364801695;8552,394003312696;80662,72964470425;17
2021-05-04;88772,70872997766;8552,394003312696;80220,31472666496;17
2021-05-05;90219,27320642615;12710,285209087951;77508,9879973382;16
2021-05-06;90230,07112845215;12710,285209087951;77519,7859193642;16
2021-05-07;92585,15937690595;12710,285209087951;79874,87416781801;16
2021-05-10;91875,3012093613;12710,285209087951;79165,01600027336;16
2021-05-11;91106,5045914995;12710,285209087951;78396,21938241155;16
2021-05-12;88368,21335163212;12710,285209087951;75657,92814254417;16
2021-05-13;89098,25836844915;12710,285209087951;76387,97315936121;16
2021-05-14;91021,48921224546;12710,285209087951;78311,20400315752;16
2021-05-17;91723,5303039639;12710,285209087951;79013,24509487595;16
2021-05-18;90203,20840473013;12710,285209087951;77492,92319564219;16
2021-05-19;88626,13158034188;12710,285209087951;75915,84637125394;16
2021-05-20;89050,12752154231;12710,285209087951;76339,84231245436;16
2021-05-21;88994,5480412782;12710,285209087951;76284,26283219026;16
2021-05-24;90027,3587062597;12710,285209087951;77317,07349717176;16
2021-05-25;89267,02148375018;12710,285209087951;76556,73627466224;16
2021-05-26;90132,1337854726;12710,285209087951;77421,84857638465;16
2021-05-27;91139,46167537179;12710,285209087951;78429,17646628384;16
2021-05-28;90824,5364738042;16736,836585068348;74087,69988873585;15
2021-06-01;92877,4778752831;8765,812509604231;84111,66536567887;17
2021-06-02;92833,71587305103;8765,812509604231;84067,90336344679;17
2021-06-03;93276,75955157664;8765,812509604231;84510,94704197241;17
2021-06-04;94497,89052901097;8765,812509604231;85732,07801940673;17
2021-06-07;94802,45676300362;8765,812509604231;86036,64425339938;17
2021-06-08;95067,72879972158;8765,812509604231;86301,91629011734;17
2021-06-09;93780,25250032327;8765,812509604231;85014,43999071904;17
2021-06-10;93113,49082188524;8765,812509604231;84347,678312281;17
2021-06-11;93855,16944582021;8765,812509604231;85089,35693621598;17
2021-06-14;92068,56360027219;8765,812509604231;83302,75109066795;17
2021-06-15;92452,42607834132;8765,812509604231;83686,61356873708;17
2021-06-16;92067,16314833428;8765,812509604231;83301,35063873004;17
2021-06-17;88908,54335990768;8765,812509604231;80142,73085030344;17
2021-06-18;87270,97826111228;8765,812509604231;78505,16575150804;17
2021-06-21;90020,41628115805;8765,812509604231;81254,60377155381;17
2021-06-22;90404,51415573378;8765,812509604231;81638,70164612954;17
2021-06-23;90786,04329126408;8765,812509604231;82020,23078165985;17
2021-06-24;91968,61666391301;8765,812509604231;83202,80415430877;17
2021-06-25;92112,11295439309;8765,812509604231;83346,30044478885;17
2021-06-28;90750,09249516446;13306,081363802023;77444,01113136244;16
2021-06-29;90704,98322128342;13306,081363802023;77398,9018574814;16
2021-06-30;91109,1452337233;13306,081363802023;77803,06386992129;16
2021-07-01;92111,71137330642;13306,081363802023;78805,6300095044;16
2021-07-02;91773,87365925657;13306,081363802023;78467,79229545455;16
2021-07-06;89835,53551122917;13306,081363802023;76529,45414742715;16
2021-07-07;89215,72022689453;13306,081363802023;75909,6388630925;16
2021-07-08;88742,63657719152;13306,081363802023;75436,5552133895;16
2021-07-09;90604,79603109806;13306,081363802023;77298,71466729604;16
2021-07-12;91179,78237369866;13306,081363802023;77873,70100989664;16
2021-07-13;90394,03199281068;13306,081363802023;77087,95062900866;16
2021-07-14;89138,71503406783;17609,756802358894;71528,95823170894;15
2021-07-15;88847,28351156616;17609,756802358894;71237,52670920726;15
2021-07-16;87971,39580534973;17609,756802358894;70361,63900299084;15
2021-07-19;87024,3000209923;21898,57976424223;65125,72025675008;14
2021-07-20;88703,57545134527;21898,57976424223;66804,99568710304;14
2021-07-21;90461,94730233321;21898,57976424223;68563,36753809098;14
2021-07-22;90630,3650605776;21898,57976424223;68731,78529633538;14
2021-07-23;91207,4028785638;21898,57976424223;69308,82311432157;14
2021-07-26;91731,86167075115;21898,57976424223;69833,28190650893;14
2021-07-27;90578,23850217475;21898,57976424223;68679,65873793252;14
2021-07-28;91714,65577916794;21898,57976424223;69816,07601492571;14
2021-07-29;92314,0551273729;21898,57976424223;70415,47536313068;14
2021-07-30;91967,3456959818;21898,57976424223;70068,76593173957;14
2021-08-02;91532,57173208428;9004,368239923937;82528,20349216035;17
2021-08-03;93243,29456443911;9004,368239923937;84238,92632451518;17
2021-08-04;93506,82473282448;9004,368239923937;84502,45649290054;17
2021-08-05;94044,45306365316;9004,368239923937;85040,08482372922;17
2021-08-06;94575,53279768073;9004,368239923937;85571,1645577568;17
2021-08-09;95587,77631942712;9004,368239923937;86583,40807950319;17
2021-08-10;95929,94388317512;9004,368239923937;86925,57564325118;17
2021-08-11;95091,20294526104;9004,368239923937;86086,83470533711;17
2021-08-12;95738,06449870548;9004,368239923937;86733,69625878155;17
2021-08-13;95905,31400537044;9004,368239923937;86900,94576544651;17
2021-08-16;94912,31229895804;9004,368239923937;85907,94405903411;17
2021-08-17;93832,40106034977;9004,368239923937;84828,03282042584;17
2021-08-18;93013,13661728223;9004,368239923937;84008,7683773583;17
2021-08-19;91908,52805518897;9004,368239923937;82904,15981526504;17
2021-08-20;92722,71240392017;9004,368239923937;83718,34416399624;17
2021-08-23;94800,55328078181;9004,368239923937;85796,18504085788;17
2021-08-24;95315,46941443872;9004,368239923937;86311,10117451478;17
2021-08-25;96034,15130503473;9004,368239923937;87029,7830651108;17
2021-08-26;95718,00382304014;9004,368239923937;86713,6355831162;17
2021-08-27;96886,94405133135;9004,368239923937;87882,57581140741;17
2021-08-30;96909,20384171011;14403,933146223888;82505,27069548622;16
2021-08-31;96466,14042648637;14403,933146223888;82062,20728026248;16
2021-09-01;96216,36752025192;14403,933146223888;81812,43437402803;16
2021-09-02;97219,57345094194;14403,933146223888;82815,64030471805;16
2021-09-03;97737,62712991724;14403,933146223888;83333,69398369335;16
2021-09-07;97425,6983714847;14403,933146223888;83021,76522526081;16
2021-09-08;96869,52602440871;14403,933146223888;82465,59287818482;16
2021-09-09;97400,75054320495;14403,933146223888;82996,81739698106;16
2021-09-10;96925,96087679338;14403,933146223888;82522,02773056949;16
2021-09-13;95366,53321730878;18980,092355193767;76386,440862115;15
2021-09-14;95233,96223463546;18980,092355193767;76253,86987944169;15
2021-09-15;96853,21100761174;18980,092355193767;77873,11865241796;15
2021-09-16;96745,39198174162;18980,092355193767;77765,29962654786;15
2021-09-17;95474,62898840298;18980,092355193767;76494,53663320922;15
2021-09-20;92983,62917385489;18980,092355193767;74003,53681866112;15
2021-09-21;93512,20426453053;18980,092355193767;74532,11190933676;15
2021-09-22;94745,03922512117;18980,092355193767;75764,94686992741;15
2021-09-23;96542,82047913401;18980,092355193767;77562,72812394024;15
2021-09-24;96061,80673082071;18980,092355193767;77081,71437562694;15
2021-09-27;95409,82813504609;4847,9001657476765;90561,92796929841;18
2021-09-28;92716,98039604296;4847,9001657476765;87869,08023029528;18
2021-09-29;92997,85695855969;4847,9001657476765;88149,95679281201;18
2021-09-30;92363,94746698333;4847,9001657476765;87516,04730123565;18
2021-10-01;92666,47444596478;4847,9001657476765;87818,5742802171;18
2021-10-04;90722,66093385527;13816,08803881679;76906,57289503848;16
2021-10-05;92038,0964034637;13816,08803881679;78222,00836464691;16
2021-10-06;91473,05609498736;13816,08803881679;77656,96805617058;16
2021-10-07;92429,3298961775;13816,08803881679;78613,24185736071;16
2021-10-08;91929,88465695671;13816,08803881679;78113,79661813992;16
2021-10-11;91570,50218171085;18458,394972339716;73112,10720937114;15
2021-10-12;92055,10807814967;18458,394972339716;73596,71310580996;15
2021-10-13;92667,40214920897;18458,394972339716;74209,00717686924;15
2021-10-14;94028,53753081628;18458,394972339716;75570,14255847655;15
2021-10-15;93932,88738917944;18458,394972339716;75474,49241683971;15
2021-10-18;94849,43343207016;18458,394972339716;76391,03845973045;15
2021-10-19;95337,91231753698;18458,394972339716;76879,51734519727;15
2021-10-20;95979,5373026543;18458,394972339716;77521,14233031457;15
2021-10-21;96183,49747373964;18458,394972339716;77725,10250139992;15
2021-10-22;96496,00675463554;18458,394972339716;78037,61178229583;15
2021-10-25;97464,77776443152;18458,394972339716;79006,3827920918;15
2021-10-26;97393,40220621284;18458,394972339716;78935,00723387313;15
2021-10-27;96096,27548650076;18458,394972339716;77637,88051416104;15
2021-10-28;97995,01416234719;18458,394972339716;79536,61919000746;15
2021-10-29;98912,6895499551;18458,394972339716;80454,2945776154;15
2021-11-01;98693,72622658867;3899,095673977975;94794,63055261069;18
2021-11-02;99213,74175683076;3899,095673977975;95314,64608285278;18
2021-11-03;99079,00892476905;3899,095673977975;95179,91325079107;18
2021-11-04;99413,93835628883;3899,095673977975;95514,84268231085;18
2021-11-05;98943,91031635145;3899,095673977975;95044,81464237347;18
2021-11-08;100738,02177660246;3899,095673977975;96838,92610262448;18
2021-11-09;100262,87413645622;3899,095673977975;96363,77846247824;18
2021-11-10;97070,19830784362;8472,43345944981;88597,76484839381;17
2021-11-11;98339,42585140232;8472,43345944981;89866,99239195252;17
2021-11-12;98738,68569331901;8472,43345944981;90266,2522338692;17
2021-11-15;98721,53330504312;8472,43345944981;90249,09984559331;17
2021-11-16;99277,43080515972;8472,43345944981;90804,99734570991;17
2021-11-17;98496,9414208248;8472,43345944981;90024,507961375;17
2021-11-18;99404,51722936994;8472,43345944981;90932,08376992014;17
2021-11-19;98966,68598237568;8472,43345944981;90494,25252292588;17
2021-11-22;99607,0264914824;8472,43345944981;91134,59303203259;17
2021-11-23;99649,63284595533;8472,43345944981;91177,19938650553;17
2021-11-24;100655,5471761459;8472,43345944981;92183,1137166961;17
2021-11-26;98610,63779434904;8472,43345944981;90138,20433489923;17
2021-11-29;100677,72653926288;2,7284841053187847e-12;100677,72653926288;19
2021-11-30;97552,92230452735;2,7284841053187847e-12;97552,92230452735;19
2021-12-01;94623,80241463994;4723,146173448689;89900,65624119125;18
2021-12-02;96403,68416830845;4723,146173448689;91680,53799485975;18
2021-12-03;94243,06573312465;9446,488083435004;84796,57764968964;17
2021-12-06;93615,24495673459;9446,488083435004;84168,75687329959;17
2021-12-07;97455,36660899322;9446,488083435004;88008,87852555822;17
2021-12-08;97182,50903074771;9446,488083435004;87736,0209473127;17
2021-12-09;95605,34208292636;9446,488083435004;86158,85399949136;17
2021-12-10;96911,66023226979;9446,488083435004;87465,17214883478;17
2021-12-13;94343,61380476579;9446,488083435004;84897,12572133078;17
2021-12-14;93164,92750902823;9446,488083435004;83718,43942559323;17
2021-12-15;94739,38597017208;9446,488083435004;85292,89788673708;17
2021-12-16;92781,07981015429;9446,488083435004;83334,59172671929;17
2021-12-17;92804,98879014727;14162,121790937723;78642,86699920954;16
2021-12-20;91084,62295121454;18993,555062910582;72091,06788830395;15
2021-12-21;93315,00466754852;18993,555062910582;74321,44960463794;15
2021-12-22;94555,07929050857;18993,555062910582;75561,52422759798;15
2021-12-23;95325,67351350604;18993,555062910582;76332,11845059546;15
2021-12-27;97232,17060227836;18993,555062910582;78238,61553936778;15
2021-12-28;96303,19642789246;18993,555062910582;77309,64136498187;15
2021-12-29;96067,47720088695;18993,555062910582;77073,92213797636;15
2021-12-30;95753,63453676981;18993,555062910582;76760,07947385922;15
2021-12-31;96011,49339362413;18993,555062910582;77017,93833071354;15
2022-01-03;95364,64824672072;13675,058334916746;81689,58991180398;16
2022-01-04;95633,23319531126;13675,058334916746;81958,17486039452;16
2022-01-05;92886,42599763503;13675,058334916746;79211,36766271829;16
2022-01-06;93571,82651912869;13675,058334916746;79896,76818421195;16
2022-01-07;92115,75798660613;18137,56122475562;73978,1967618505;15
2022-01-10;91820,60791039033;18137,56122475562;73683,0466856347;15
2022-01-11;92515,65473693391;18137,56122475562;74378,09351217828;15
2022-01-12;92869,39265933092;18137,56122475562;74731,83143457529;15
2022-01-13;91214,72315921541;22644,937706559176;68569,78545265624;14
2022-01-14;91168,78117761898;31768,70089822349;59400,08027939549;12
2022-01-18;90266,65973759504;31768,70089822349;58497,958839371546;12
2022-01-19;89038,1252423217;31768,70089822349;57269,424344098195;12
2022-01-20;87736,24800839735;40351,683151153;47384,564857244346;10
2022-01-21;86436,23713646785;49035,5024810921;37400,734655375745;8
2022-01-24;87191,31879164887;49035,5024810921;38155,816310556766;8
2022-01-25;86903,73081298945;49035,5024810921;37868,22833189735;8
2022-01-26;86351,61949037274;49035,5024810921;37316,11700928064;8
2022-01-27;86227,02135202027;52940,87492330579;33286,146428714485;7
2022-01-28;86999,81100042668;52940,87492330579;34058,936077120896;7
2022-01-31;87395,11267342589;87395,11267342589;0,0;0
2022-02-01;87395,11267342589;87395,11267342589;0,0;0
2022-02-02;87395,11267342589;87395,11267342589;0,0;0
2022-02-03;87395,11267342589;87395,11267342589;0,0;0
2022-02-04;87395,11267342589;87395,11267342589;0,0;0
2022-02-07;87395,11267342589;87395,11267342589;0,0;0
2022-02-08;87395,11267342589;87395,11267342589;0,0;0
2022-02-09;87395,11267342589;87395,11267342589;0,0;0
2022-02-10;87395,11267342589;87395,11267342589;0,0;0
2022-02-11;87395,11267342589;87395,11267342589;0,0;0
2022-02-14;87395,11267342589;87395,11267342589;0,0;0
2022-02-15;87395,11267342589;87395,11267342589;0,0;0
2022-02-16;87395,11267342589;87395,11267342589;0,0;0
2022-02-17;87395,11267342589;87395,11267342589;0,0;0
2022-02-18;87395,11267342589;87395,11267342589;0,0;0
2022-02-22;87395,11267342589;87395,11267342589;0,0;0
2022-02-23;87395,11267342589;87395,11267342589;0,0;0
2022-02-24;87395,11267342589;87395,11267342589;0,0;0
2022-02-25;87395,11267342589;87395,11267342589;0,0;0
2022-02-28;87395,11267342589;87395,11267342589;0,0;0
2022-03-01;87395,11267342589;87395,11267342589;0,0;0
2022-03-02;87395,11267342589;87395,11267342589;0,0;0
2022-03-03;87395,11267342589;87395,11267342589;0,0;0
2022-03-04;87395,11267342589;87395,11267342589;0,0;0
2022-03-07;87395,11267342589;87395,11267342589;0,0;0
2022-03-08;87395,11267342589;87395,11267342589;0,0;0
2022-03-09;87395,11267342589;87395,11267342589;0,0;0
2022-03-10;87395,11267342589;87395,11267342589;0,0;0
2022-03-11;87395,11267342589;87395,11267342589;0,0;0
2022-03-14;87395,11267342589;87395,11267342589;0,0;0
2022-03-15;87395,11267342589;87395,11267342589;0,0;0
2022-03-16;87395,11267342589;87395,11267342589;0,0;0
2022-03-17;87395,11267342589;87395,11267342589;0,0;0
2022-03-18;87395,11267342589;87395,11267342589;0,0;0
2022-03-21;87395,11267342589;87395,11267342589;0,0;0
2022-03-22;87395,11267342589;87395,11267342589;0,0;0
2022-03-23;87395,11267342589;87395,11267342589;0,0;0
2022-03-24;87395,11267342589;87395,11267342589;0,0;0
2022-03-25;87395,11267342589;87395,11267342589;0,0;0
2022-03-28;87395,11267342589;87395,11267342589;0,0;0
2022-03-29;87395,11267342589;87395,11267342589;0,0;0
2022-03-30;87395,11267342589;87395,11267342589;0,0;0
2022-03-31;87395,11267342589;87395,11267342589;0,0;0
2022-04-01;87395,11267342589;87395,11267342589;0,0;0
2022-04-04;87395,11267342589;87395,11267342589;0,0;0
2022-04-05;87395,11267342589;87395,11267342589;0,0;0
2022-04-06;87395,11267342589;87395,11267342589;0,0;0
2022-04-07;87395,11267342589;87395,11267342589;0,0;0
2022-04-08;87395,11267342589;87395,11267342589;0,0;0
2022-04-11;87395,11267342589;87395,11267342589;0,0;0
2022-04-12;87395,11267342589;87395,11267342589;0,0;0
2022-04-13;87395,11267342589;87395,11267342589;0,0;0
2022-04-14;87395,11267342589;87395,11267342589;0,0;0
2022-04-18;87395,11267342589;87395,11267342589;0,0;0
2022-04-19;87395,11267342589;87395,11267342589;0,0;0
2022-04-20;87395,11267342589;87395,11267342589;0,0;0
2022-04-21;87395,11267342589;87395,11267342589;0,0;0
2022-04-22;87395,11267342589;87395,11267342589;0,0;0
2022-04-25;87395,11267342589;87395,11267342589;0,0;0
2022-04-26;87395,11267342589;87395,11267342589;0,0;0
2022-04-27;87395,11267342589;87395,11267342589;0,0;0
2022-04-28;87395,11267342589;87395,11267342589;0,0;0
2022-04-29;87395,11267342589;87395,11267342589;0,0;0
2022-05-02;87395,11267342589;87395,11267342589;0,0;0
2022-05-03;87395,11267342589;87395,11267342589;0,0;0
2022-05-04;87395,11267342589;87395,11267342589;0,0;0
2022-05-05;87395,11267342589;87395,11267342589;0,0;0
2022-05-06;87395,11267342589;87395,11267342589;0,0;0
2022-05-09;87395,11267342589;87395,11267342589;0,0;0
2022-05-10;87395,11267342589;87395,11267342589;0,0;0
2022-05-11;87395,11267342589;87395,11267342589;0,0;0
2022-05-12;87395,11267342589;87395,11267342589;0,0;0
2022-05-13;87395,11267342589;87395,11267342589;0,0;0
2022-05-16;87395,11267342589;87395,11267342589;0,0;0
2022-05-17;87395,11267342589;87395,11267342589;0,0;0
2022-05-18;87395,11267342589;87395,11267342589;0,0;0
2022-05-19;87395,11267342589;87395,11267342589;0,0;0
2022-05-20;87395,11267342589;87395,11267342589;0,0;0
2022-05-23;87395,11267342589;87395,11267342589;0,0;0
2022-05-24;87395,11267342589;87395,11267342589;0,0;0
2022-05-25;87395,11267342589;87395,11267342589;0,0;0
2022-05-26;87395,11267342589;87395,11267342589;0,0;0
2022-05-27;87395,11267342589;87395,11267342589;0,0;0
2022-05-31;87395,11267342589;87395,11267342589;0,0;0
2022-06-01;87395,11267342589;87395,11267342589;0,0;0
2022-06-02;87395,11267342589;87395,11267342589;0,0;0
2022-06-03;87395,11267342589;87395,11267342589;0,0;0
2022-06-06;87395,11267342589;87395,11267342589;0,0;0
2022-06-07;87395,11267342589;87395,11267342589;0,0;0
2022-06-08;87395,11267342589;87395,11267342589;0,0;0
2022-06-09;87395,11267342589;87395,11267342589;0,0;0
2022-06-10;87395,11267342589;87395,11267342589;0,0;0
2022-06-13;87395,11267342589;87395,11267342589;0,0;0
2022-06-14;87395,11267342589;87395,11267342589;0,0;0
2022-06-15;87395,11267342589;87395,11267342589;0,0;0
2022-06-16;87395,11267342589;87395,11267342589;0,0;0
2022-06-17;87395,11267342589;87395,11267342589;0,0;0
2022-06-21;87395,11267342589;87395,11267342589;0,0;0
2022-06-22;87395,11267342589;87395,11267342589;0,0;0
2022-06-23;87395,11267342589;87395,11267342589;0,0;0
2022-06-24;87395,11267342589;87395,11267342589;0,0;0
2022-06-27;87395,11267342589;87395,11267342589;0,0;0
2022-06-28;87395,11267342589;87395,11267342589;0,0;0
2022-06-29;87395,11267342589;87395,11267342589;0,0;0
2022-06-30;87395,11267342589;87395,11267342589;0,0;0
2022-07-01;87395,11267342589;87395,11267342589;0,0;0
2022-07-05;87395,11267342589;87395,11267342589;0,0;0
2022-07-06;87395,11267342589;87395,11267342589;0,0;0
2022-07-07;87395,11267342589;87395,11267342589;0,0;0
2022-07-08;87395,11267342589;87395,11267342589;0,0;0
2022-07-11;87395,11267342589;87395,11267342589;0,0;0
2022-07-12;87395,11267342589;87395,11267342589;0,0;0
2022-07-13;87395,11267342589;87395,11267342589;0,0;0
2022-07-14;87395,11267342589;87395,11267342589;0,0;0
2022-07-15;87395,11267342589;87395,11267342589;0,0;0
2022-07-18;87395,11267342589;87395,11267342589;0,0;0
2022-07-19;87395,11267342589;87395,11267342589;0,0;0
2022-07-20;87395,11267342589;87395,11267342589;0,0;0
2022-07-21;87395,11267342589;87395,11267342589;0,0;0
2022-07-22;87395,11267342589;87395,11267342589;0,0;0
2022-07-25;87395,11267342589;87395,11267342589;0,0;0
2022-07-26;87395,11267342589;87395,11267342589;0,0;0
2022-07-27;87395,11267342589;87395,11267342589;0,0;0
2022-07-28;87395,11267342589;87395,11267342589;0,0;0
2022-07-29;87395,11267342589;87395,11267342589;0,0;0
2022-08-01;87395,11267342589;87395,11267342589;0,0;0
2022-08-02;87395,11267342589;87395,11267342589;0,0;0
2022-08-03;87395,11267342589;87395,11267342589;0,0;0
2022-08-04;87395,11267342589;87395,11267342589;0,0;0
2022-08-05;87395,11267342589;87395,11267342589;0,0;0
2022-08-08;87395,11267342589;87395,11267342589;0,0;0
2022-08-09;87395,11267342589;87395,11267342589;0,0;0
2022-08-10;87395,11267342589;87395,11267342589;0,0;0
2022-08-11;87395,11267342589;87395,11267342589;0,0;0
2022-08-12;87395,11267342589;87395,11267342589;0,0;0
2022-08-15;87395,11267342589;87395,11267342589;0,0;0
2022-08-16;87395,11267342589;87395,11267342589;0,0;0
2022-08-17;87395,11267342589;87395,11267342589;0,0;0
2022-08-18;87395,11267342589;87395,11267342589;0,0;0
2022-08-19;87395,11267342589;87395,11267342589;0,0;0
2022-08-22;87395,11267342589;87395,11267342589;0,0;0
2022-08-23;87395,11267342589;87395,11267342589;0,0;0
2022-08-24;87395,11267342589;87395,11267342589;0,0;0
2022-08-25;87395,11267342589;87395,11267342589;0,0;0
2022-08-26;87395,11267342589;87395,11267342589;0,0;0
2022-08-29;87395,11267342589;87395,11267342589;0,0;0
2022-08-30;87395,11267342589;87395,11267342589;0,0;0
2022-08-31;87395,11267342589;87395,11267342589;0,0;0
2022-09-01;87395,11267342589;87395,11267342589;0,0;0
2022-09-02;87395,11267342589;87395,11267342589;0,0;0
2022-09-06;87395,11267342589;87395,11267342589;0,0;0
2022-09-07;87395,11267342589;87395,11267342589;0,0;0
2022-09-08;87395,11267342589;87395,11267342589;0,0;0
2022-09-09;87395,11267342589;87395,11267342589;0,0;0
2022-09-12;87395,11267342589;87395,11267342589;0,0;0
2022-09-13;87395,11267342589;87395,11267342589;0,0;0
2022-09-14;87395,11267342589;87395,11267342589;0,0;0
2022-09-15;87395,11267342589;87395,11267342589;0,0;0
2022-09-16;87395,11267342589;87395,11267342589;0,0;0
2022-09-19;87395,11267342589;87395,11267342589;0,0;0
2022-09-20;87395,11267342589;87395,11267342589;0,0;0
2022-09-21;87395,11267342589;87395,11267342589;0,0;0
2022-09-22;87395,11267342589;87395,11267342589;0,0;0
2022-09-23;87395,11267342589;87395,11267342589;0,0;0
2022-09-26;87395,11267342589;87395,11267342589;0,0;0
2022-09-27;87395,11267342589;87395,11267342589;0,0;0
2022-09-28;87395,11267342589;87395,11267342589;0,0;0
2022-09-29;87395,11267342589;87395,11267342589;0,0;0
2022-09-30;87395,11267342589;87395,11267342589;0,0;0
2022-10-03;87395,11267342589;87395,11267342589;0,0;0
2022-10-04;87395,11267342589;87395,11267342589;0,0;0
2022-10-05;87395,11267342589;87395,11267342589;0,0;0
2022-10-06;87395,11267342589;87395,11267342589;0,0;0
2022-10-07;87395,11267342589;87395,11267342589;0,0;0
2022-10-10;87395,11267342589;87395,11267342589;0,0;0
2022-10-11;87395,11267342589;87395,11267342589;0,0;0
2022-10-12;87395,11267342589;87395,11267342589;0,0;0
2022-10-13;87395,11267342589;87395,11267342589;0,0;0
2022-10-14;87395,11267342589;87395,11267342589;0,0;0
2022-10-17;87395,11267342589;87395,11267342589;0,0;0
2022-10-18;87395,11267342589;87395,11267342589;0,0;0
2022-10-19;87395,11267342589;87395,11267342589;0,0;0
2022-10-20;87395,11267342589;87395,11267342589;0,0;0
2022-10-21;87395,11267342589;87395,11267342589;0,0;0
2022-10-24;87395,11267342589;87395,11267342589;0,0;0
2022-10-25;87395,11267342589;87395,11267342589;0,0;0
2022-10-26;87395,11267342589;87395,11267342589;0,0;0
2022-10-27;87395,11267342589;87395,11267342589;0,0;0
2022-10-28;87395,11267342589;87395,11267342589;0,0;0
2022-10-31;87290,23853821782;43592,68220150487;43697,55633671295;15
2022-11-01;87868,26005193713;43592,68220150487;44275,57785043226;15
2022-11-02;87229,1802116618;46126,524607962085;41102,65560369972;14
2022-11-03;87702,28115326793;46126,524607962085;41575,75654530585;14
2022-11-04;88012,00637495721;46126,524607962085;41885,48176699513;14
2022-11-07;88426,81430807916;46126,524607962085;42300,289700117086;14
2022-11-08;88425,40994922066;46126,524607962085;42298,885341258574;14
2022-11-09;87504,00371705083;46126,524607962085;41377,47910908874;14
2022-11-10;88316,57656357076;46126,524607962085;42190,05195560867;14
2022-11-11;88055,1687271878;46126,524607962085;41928,64411922572;14
2022-11-14;88258,28545963636;46126,524607962085;42131,76085167427;14
2022-11-15;88773,900824427;46126,524607962085;42647,37621646491;14
2022-11-16;88385,97852031121;46126,524607962085;42259,45391234912;14
2022-11-17;88927,7595317795;46126,524607962085;42801,23492381743;14
2022-11-18;89300,3793529711;46126,524607962085;43173,854745009005;14
2022-11-21;88873,8039623228;46126,524607962085;42747,279354360704;14
2022-11-22;90032,89409169956;46126,524607962085;43906,36948373748;14
2022-11-23;89937,38802207477;46126,524607962085;43810,863414112675;14
2022-11-25;90223,59766846985;46126,524607962085;44097,07306050778;14
2022-11-28;89314,14769385298;36039,10987431506;53275,03781953793;18
2022-11-29;89206,69105712243;36039,10987431506;53167,58118280738;18
2022-11-30;90055,95193602265;36039,10987431506;54016,8420617076;18
2022-12-01;89753,16441112006;36039,10987431506;53714,05453680499;18
2022-12-02;89837,00801838959;36039,10987431506;53797,898144074534;18
2022-12-05;88649,58545500439;36039,10987431506;52610,47558068934;18
2022-12-06;87975,43135253867;38606,63482249104;49368,79653004762;17
2022-12-07;87939,72849368711;38606,63482249104;49333,09367119607;17
2022-12-08;87976,13192086935;38606,63482249104;49369,4970983783;17
2022-12-09;87213,68902421836;38606,63482249104;48607,054201727326;17
2022-12-12;88307,11174563286;38606,63482249104;49700,47692314182;17
2022-12-13;88370,02100264211;38606,63482249104;49763,38618015107;17
2022-12-14;88418,30354287695;38606,63482249104;49811,66872038591;17
2022-12-15;87508,72586190626;38606,63482249104;48902,09103941522;17
2022-12-16;87079,81906094277;38606,63482249104;48473,18423845173;17
2022-12-19;86904,55014605529;41196,62972865662;45707,92041739868;16
2022-12-20;87334,17425960992;41196,62972865662;46137,5445309533;16
2022-12-21;87890,59903520998;41196,62972865662;46693,96930655335;16
2022-12-22;87009,18542541823;41196,62972865662;45812,5556967616;16
2022-12-23;87420,51770784525;41196,62972865662;46223,887979188636;16
2022-12-27;87379,90180645708;41196,62972865662;46183,272077800466;16
2022-12-28;86606,974802589;43863,48899437125;42743,48580821775;15
2022-12-29;86843,33037831396;43863,48899437125;42979,8413839427;15
2022-12-30;86835,69092757654;43863,48899437125;42972,20193320529;15
2023-01-03;85683,45244859872;65777,77858525018;19905,673863348533;16
2023-01-04;85731,28764708465;66893,53465996681;18837,752987117834;15
2023-01-05;85562,46736289412;66893,53465996681;18668,93270292732;15
2023-01-06;86008,78459834747;66893,53465996681;19115,24993838066;15
2023-01-09;85967,20198958929;66893,53465996681;19073,667329622473;15
2023-01-10;86155,73388872923;66893,53465996681;19262,19922876242;15
2023-01-11;86209,54032480618;66893,53465996681;19316,00566483937;15
2023-01-12;86384,63874331323;66893,53465996681;19491,10408334643;15
2023-01-13;86539,61025264073;66893,53465996681;19646,07559267393;15
2023-01-17;86470,60231111672;66893,53465996681;19577,0676511499;15
2023-01-18;86147,20673701694;66893,53465996681;19253,672077050134;15
2023-01-19;85817,18146359493;66893,53465996681;18923,646803628115;15
2023-01-20;85929,55681678466;66893,53465996681;19036,022156817846;15
2023-01-23;86104,75776980369;66893,53465996681;19211,22310983688;15
2023-01-24;86260,66510158533;66893,53465996681;19367,13044161852;15
2023-01-25;86355,4098878951;66893,53465996681;19461,87522792829;15
2023-01-26;86726,67407962901;66893,53465996681;19833,1394196622;15
2023-01-27;86562,85879177507;66893,53465996681;19669,324131808255;15
2023-01-30;86206,91409154813;14813,197285053724;71393,7168064944;17
2023-01-31;86851,23314509113;14813,197285053724;72038,0358600374;17
2023-02-01;87773,61710331285;14813,197285053724;72960,41981825912;17
2023-02-02;87283,4911181498;14813,197285053724;72470,29383309608;17
2023-02-03;87526,19454372485;14813,197285053724;72712,99725867112;17
2023-02-06;86880,02925855173;14813,197285053724;72066,831973498;17
2023-02-07;86948,72116515381;14813,197285053724;72135,52388010008;17
2023-02-08;86797,89254540917;14813,197285053724;71984,69526035544;17
2023-02-09;86399,65320944956;14813,197285053724;71586,45592439584;17
2023-02-10;86934,18372778104;14813,197285053724;72120,98644272731;17
2023-02-13;87895,33345280262;14813,197285053724;73082,13616774889;17
2023-02-14;88099,85125734394;14813,197285053724;73286,65397229021;17
2023-02-15;88390,5054815553;14813,197285053724;73577,30819650157;17
2023-02-16;87667,73737379172;14813,197285053724;72854,540088738;17
2023-02-17;86745,43633500865;14813,197285053724;71932,23904995492;17
2023-02-21;85418,07392229766;14813,197285053724;70604,87663724393;17
2023-02-22;85304,91653969811;14813,197285053724;70491,71925464438;17
2023-02-23;85805,31787265906;14813,197285053724;70992,12058760533;17
2023-02-24;85782,01784646443;18939,53751851819;66842,48032794624;16
2023-02-27;86453,32754377002;38616,099011075195;47837,22853269482;16
2023-02-28;86580,86115483224;38616,099011075195;47964,76214375704;16
2023-03-01;87766,90331900684;38616,099011075195;49150,80430793164;16
2023-03-02;88199,7856426642;38616,099011075195;49583,686631589;16
2023-03-03;89177,10411741288;38616,099011075195;50561,00510633768;16
2023-03-06;88925,58335811968;38616,099011075195;50309,48434704449;16
2023-03-07;88727,71081353656;38616,099011075195;50111,61180246136;16
2023-03-08;88950,80301345218;38616,099011075195;50334,704002376995;16
2023-03-09;87657,46446671127;38616,099011075195;49041,365455636085;16
2023-03-10;86431,96684762067;38616,099011075195;47815,867836545476;16
2023-03-13;85357,18518951145;43725,79462673582;41631,39056277564;14
2023-03-14;85913,67249489205;43725,79462673582;42187,877868156225;14
2023-03-15;84785,17797002112;46173,34895860064;38611,82901142049;13
2023-03-16;85716,449967494;46173,34895860064;39543,10100889337;13
2023-03-17;85009,13371969879;48472,32061889565;36536,81310080315;12
2023-03-20;85529,17360398255;48472,32061889565;37056,852985086894;12
2023-03-21;86323,08049838021;48472,32061889565;37850,759879484554;12
2023-03-22;85867,50277661922;48472,32061889565;37395,18215772357;12
2023-03-23;86090,23505997496;48472,32061889565;37617,914441079316;12
2023-03-24;86056,15756464095;48472,32061889565;37583,83694574531;12
2023-03-27;86404,31645822787;48472,32061889565;37931,99583933223;12
2023-03-28;86282,43942244755;48472,32061889565;37810,11880355191;12
2023-03-29;86694,72957259414;48472,32061889565;38222,40895369848;12
2023-03-30;86787,05156272567;48472,32061889565;38314,73094383002;12
2023-03-31;87592,35378011511;48472,32061889565;39120,033161219464;12
2023-04-03;87651,00960581261;14766,22091850209;72884,78868731052;16
2023-04-04;86452,85479267372;14766,22091850209;71686,63387417163;16
2023-04-05;85628,22033337392;14766,22091850209;70861,99941487183;16
2023-04-06;85149,10368804199;14766,22091850209;70382,8827695399;16
2023-04-10;86580,64696490073;14766,22091850209;71814,42604639864;16
2023-04-11;86787,29481042284;14766,22091850209;72021,07389192075;16
2023-04-12;86385,402106463;14766,22091850209;71619,18118796092;16
2023-04-13;87012,90537792323;14766,22091850209;72246,68445942114;16
2023-04-14;87292,30074078846;14766,22091850209;72526,07982228637;16
2023-04-17;87844,43122383335;14766,22091850209;73078,21030533126;16
2023-04-18;88872,4580723361;14766,22091850209;74106,23715383401;16
2023-04-19;88235,68276713217;14766,22091850209;73469,46184863008;16
2023-04-20;88194,8353516287;14766,22091850209;73428,61443312661;16
2023-04-21;88377,44882951638;14766,22091850209;73611,22791101428;16
2023-04-24;88246,43498961245;14766,22091850209;73480,21407111036;16
2023-04-25;86599,30213096204;18813,81053948829;67785,49159147375;15
2023-04-26;85896,5657576573;18813,81053948829;67082,75521816901;15
2023-04-27;86246,84604004411;18813,81053948829;67433,03550055582;15
2023-04-28;86868,23322026618;18813,81053948829;68054,42268077789;15
2023-05-01;86836,71419948096;86836,71419948096;0,0;0
2023-05-02;86836,71419948096;86836,71419948096;0,0;0
2023-05-03;86836,71419948096;86836,71419948096;0,0;0
2023-05-04;86836,71419948096;86836,71419948096;0,0;0
2023-05-05;86836,71419948096;86836,71419948096;0,0;0
2023-05-08;86836,71419948096;86836,71419948096;0,0;0
2023-05-09;86836,71419948096;86836,71419948096;0,0;0
2023-05-10;86836,71419948096;86836,71419948096;0,0;0
2023-05-11;86836,71419948096;86836,71419948096;0,0;0
2023-05-12;86836,71419948096;86836,71419948096;0,0;0
2023-05-15;86836,71419948096;86836,71419948096;0,0;0
2023-05-16;86836,71419948096;86836,71419948096;0,0;0
2023-05-17;86836,71419948096;86836,71419948096;0,0;0
2023-05-18;86836,71419948096;86836,71419948096;0,0;0
2023-05-19;86836,71419948096;86836,71419948096;0,0;0
2023-05-22;86836,71419948096;86836,71419948096;0,0;0
2023-05-23;86836,71419948096;86836,71419948096;0,0;0
2023-05-24;86836,71419948096;86836,71419948096;0,0;0
2023-05-25;86836,71419948096;86836,71419948096;0,0;0
2023-05-26;86836,71419948096;86836,71419948096;0,0;0
2023-05-30;86836,71419948096;86836,71419948096;0,0;0
2023-05-31;86836,71419948096;86836,71419948096;0,0;0
2023-06-01;86836,71419948096;86836,71419948096;0,0;0
2023-06-02;86836,71419948096;86836,71419948096;0,0;0
2023-06-05;86836,71419948096;86836,71419948096;0,0;0
2023-06-06;86836,71419948096;86836,71419948096;0,0;0
2023-06-07;86836,71419948096;86836,71419948096;0,0;0
2023-06-08;86836,71419948096;86836,71419948096;0,0;0
2023-06-09;86836,71419948096;86836,71419948096;0,0;0
2023-06-12;86836,71419948096;86836,71419948096;0,0;0
2023-06-13;86836,71419948096;86836,71419948096;0,0;0
2023-06-14;86836,71419948096;86836,71419948096;0,0;0
2023-06-15;86836,71419948096;86836,71419948096;0,0;0
2023-06-16;86836,71419948096;86836,71419948096;0,0;0
2023-06-20;86836,71419948096;86836,71419948096;0,0;0
2023-06-21;86836,71419948096;86836,71419948096;0,0;0
2023-06-22;86836,71419948096;86836,71419948096;0,0;0
2023-06-23;86836,71419948096;86836,71419948096;0,0;0
2023-06-26;86836,71419948096;86836,71419948096;0,0;0
2023-06-27;86836,71419948096;86836,71419948096;0,0;0
2023-06-28;86836,71419948096;86836,71419948096;0,0;0
2023-06-29;86836,71419948096;86836,71419948096;0,0;0
2023-06-30;86836,71419948096;86836,71419948096;0,0;0
2023-07-03;86836,71419948096;86836,71419948096;0,0;0
2023-07-05;86836,71419948096;86836,71419948096;0,0;0
2023-07-06;86836,71419948096;86836,71419948096;0,0;0
2023-07-07;86836,71419948096;86836,71419948096;0,0;0
2023-07-10;86836,71419948096;86836,71419948096;0,0;0
2023-07-11;86836,71419948096;86836,71419948096;0,0;0
2023-07-12;86836,71419948096;86836,71419948096;0,0;0
2023-07-13;86836,71419948096;86836,71419948096;0,0;0
2023-07-14;86836,71419948096;86836,71419948096;0,0;0
2023-07-17;86836,71419948096;86836,71419948096;0,0;0
2023-07-18;86836,71419948096;86836,71419948096;0,0;0
2023-07-19;86836,71419948096;86836,71419948096;0,0;0
2023-07-20;86836,71419948096;86836,71419948096;0,0;0
2023-07-21;86836,71419948096;86836,71419948096;0,0;0
2023-07-24;86836,71419948096;86836,71419948096;0,0;0
2023-07-25;86836,71419948096;86836,71419948096;0,0;0
2023-07-26;86836,71419948096;86836,71419948096;0,0;0
2023-07-27;86836,71419948096;86836,71419948096;0,0;0
2023-07-28;86836,71419948096;86836,71419948096;0,0;0
2023-07-31;86836,71419948096;86836,71419948096;0,0;0
2023-08-01;86836,71419948096;86836,71419948096;0,0;0
2023-08-02;86836,71419948096;86836,71419948096;0,0;0
2023-08-03;86836,71419948096;86836,71419948096;0,0;0
2023-08-04;86836,71419948096;86836,71419948096;0,0;0
2023-08-07;86836,71419948096;86836,71419948096;0,0;0
2023-08-08;86836,71419948096;86836,71419948096;0,0;0
2023-08-09;86836,71419948096;86836,71419948096;0,0;0
2023-08-10;86836,71419948096;86836,71419948096;0,0;0
2023-08-11;86836,71419948096;86836,71419948096;0,0;0
2023-08-14;86836,71419948096;86836,71419948096;0,0;0
2023-08-15;86836,71419948096;86836,71419948096;0,0;0
2023-08-16;86836,71419948096;86836,71419948096;0,0;0
2023-08-17;86836,71419948096;86836,71419948096;0,0;0
2023-08-18;86836,71419948096;86836,71419948096;0,0;0
2023-08-21;86836,71419948096;86836,71419948096;0,0;0
2023-08-22;86836,71419948096;86836,71419948096;0,0;0
2023-08-23;86836,71419948096;86836,71419948096;0,0;0
2023-08-24;86836,71419948096;86836,71419948096;0,0;0
2023-08-25;86836,71419948096;86836,71419948096;0,0;0
2023-08-28;86836,71419948096;86836,71419948096;0,0;0
2023-08-29;86836,71419948096;86836,71419948096;0,0;0
2023-08-30;86836,71419948096;86836,71419948096;0,0;0
2023-08-31;86836,71419948096;86836,71419948096;0,0;0
2023-09-01;86836,71419948096;86836,71419948096;0,0;0
2023-09-05;86836,71419948096;86836,71419948096;0,0;0
2023-09-06;86836,71419948096;86836,71419948096;0,0;0
2023-09-07;86836,71419948096;86836,71419948096;0,0;0
2023-09-08;86836,71419948096;86836,71419948096;0,0;0
2023-09-11;86836,71419948096;86836,71419948096;0,0;0
2023-09-12;86836,71419948096;86836,71419948096;0,0;0
2023-09-13;86836,71419948096;86836,71419948096;0,0;0
2023-09-14;86836,71419948096;86836,71419948096;0,0;0
2023-09-15;86836,71419948096;86836,71419948096;0,0;0
2023-09-18;86836,71419948096;86836,71419948096;0,0;0
2023-09-19;86836,71419948096;86836,71419948096;0,0;0
2023-09-20;86836,71419948096;86836,71419948096;0,0;0
2023-09-21;86836,71419948096;86836,71419948096;0,0;0
2023-09-22;86836,71419948096;86836,71419948096;0,0;0
2023-09-25;86836,71419948096;86836,71419948096;0,0;0
2023-09-26;86836,71419948096;86836,71419948096;0,0;0
2023-09-27;86836,71419948096;86836,71419948096;0,0;0
2023-09-28;86836,71419948096;86836,71419948096;0,0;0
2023-09-29;86836,71419948096;86836,71419948096;0,0;0
2023-10-02;86836,71419948096;86836,71419948096;0,0;0
2023-10-03;86836,71419948096;86836,71419948096;0,0;0
2023-10-04;86836,71419948096;86836,71419948096;0,0;0
2023-10-05;86836,71419948096;86836,71419948096;0,0;0
2023-10-06;86836,71419948096;86836,71419948096;0,0;0
2023-10-09;86836,71419948096;86836,71419948096;0,0;0
2023-10-10;86836,71419948096;86836,71419948096;0,0;0
2023-10-11;86836,71419948096;86836,71419948096;0,0;0
2023-10-12;86836,71419948096;86836,71419948096;0,0;0
2023-10-13;86836,71419948096;86836,71419948096;0,0;0
2023-10-16;86836,71419948096;86836,71419948096;0,0;0
2023-10-17;86836,71419948096;86836,71419948096;0,0;0
2023-10-18;86836,71419948096;86836,71419948096;0,0;0
2023-10-19;86836,71419948096;86836,71419948096;0,0;0
2023-10-20;86836,71419948096;86836,71419948096;0,0;0
2023-10-23;86836,71419948096;86836,71419948096;0,0;0
2023-10-24;86836,71419948096;86836,71419948096;0,0;0
2023-10-25;86836,71419948096;86836,71419948096;0,0;0
2023-10-26;86836,71419948096;86836,71419948096;0,0;0
2023-10-27;86836,71419948096;86836,71419948096;0,0;0
2023-10-30;86836,71419948096;86836,71419948096;0,0;0
2023-10-31;86836,71419948096;86836,71419948096;0,0;0
2023-11-01;86836,71419948096;86836,71419948096;0,0;0
2023-11-02;86836,71419948096;86836,71419948096;0,0;0
2023-11-03;86836,71419948096;86836,71419948096;0,0;0
2023-11-06;86836,71419948096;86836,71419948096;0,0;0
2023-11-07;86836,71419948096;86836,71419948096;0,0;0
2023-11-08;86836,71419948096;86836,71419948096;0,0;0
2023-11-09;86836,71419948096;86836,71419948096;0,0;0
2023-11-10;86836,71419948096;86836,71419948096;0,0;0
2023-11-13;86836,71419948096;86836,71419948096;0,0;0
2023-11-14;86836,71419948096;86836,71419948096;0,0;0
2023-11-15;86836,71419948096;86836,71419948096;0,0;0
2023-11-16;86836,71419948096;86836,71419948096;0,0;0
2023-11-17;86836,71419948096;86836,71419948096;0,0;0
2023-11-20;86836,71419948096;86836,71419948096;0,0;0
2023-11-21;86836,71419948096;86836,71419948096;0,0;0
2023-11-22;86836,71419948096;86836,71419948096;0,0;0
2023-11-24;86836,71419948096;86836,71419948096;0,0;0
2023-11-27;86836,71419948096;86836,71419948096;0,0;0
2023-11-28;86836,71419948096;86836,71419948096;0,0;0
2023-11-29;86836,71419948096;86836,71419948096;0,0;0
2023-11-30;86836,71419948096;86836,71419948096;0,0;0
2023-12-01;86836,71419948096;86836,71419948096;0,0;0
2023-12-04;86836,71419948096;86836,71419948096;0,0;0
2023-12-05;86836,71419948096;86836,71419948096;0,0;0
2023-12-06;86836,71419948096;86836,71419948096;0,0;0
2023-12-07;86836,71419948096;86836,71419948096;0,0;0
2023-12-08;86836,71419948096;86836,71419948096;0,0;0
2023-12-11;86836,71419948096;86836,71419948096;0,0;0
2023-12-12;86836,71419948096;86836,71419948096;0,0;0
2023-12-13;86836,71419948096;86836,71419948096;0,0;0
2023-12-14;86836,71419948096;86836,71419948096;0,0;0
2023-12-15;86836,71419948096;86836,71419948096;0,0;0
2023-12-18;86836,71419948096;86836,71419948096;0,0;0
2023-12-19;86836,71419948096;86836,71419948096;0,0;0
2023-12-20;86836,71419948096;86836,71419948096;0,0;0
2023-12-21;86836,71419948096;86836,71419948096;0,0;0
2023-12-22;86836,71419948096;86836,71419948096;0,0;0
2023-12-26;86836,71419948096;86836,71419948096;0,0;0
2023-12-27;86836,71419948096;86836,71419948096;0,0;0
2023-12-28;86836,71419948096;86836,71419948096;0,0;0
2023-12-29;86836,71419948096;86836,71419948096;0,0;0
2024-01-02;86669,98770821796;17200,61634863317;69469,37135958478;15
2024-01-03;85349,43684576309;17200,61634863317;68148,82049712991;15
2024-01-04;85483,97908942204;17200,61634863317;68283,36274078886;15
2024-01-05;85944,49061755388;17200,61634863317;68743,87426892071;15
2024-01-08;88319,62808442226;17200,61634863317;71119,0117357891;15
2024-01-09;88803,62274692554;17200,61634863317;71603,00639829237;15
2024-01-10;89287,09420766681;17200,61634863317;72086,47785903365;15
2024-01-11;89250,4275675426;21357,83260688685;67892,59496065576;14
2024-01-12;88490,25666833723;25402,25933351611;63087,99733482112;13
2024-01-16;88733,80611657343;25402,25933351611;63331,54678305732;13
2024-01-17;88094,47134675244;25402,25933351611;62692,212013236334;13
2024-01-18;89143,71517129678;25402,25933351611;63741,45583778066;13
2024-01-19;92416,57701051398;25402,25933351611;67014,31767699787;13
2024-01-22;92884,15818266978;25402,25933351611;67481,89884915367;13
2024-01-23;93119,33265118579;25402,25933351611;67717,07331766968;13
2024-01-24;93524,92437399748;25402,25933351611;68122,66504048137;13
2024-01-25;94235,24387878629;25402,25933351611;68832,98454527018;13
2024-01-26;93380,27821862602;25402,25933351611;67978,01888510991;13
2024-01-29;94580,82563281627;9106,706602073937;85474,11903074232;17
2024-01-30;93648,79232079218;9106,706602073937;84542,08571871824;17
2024-01-31;92185,68007906366;9106,706602073937;83078,97347698972;17
2024-02-01;94056,55227268636;9106,706602073937;84949,84567061243;17
2024-02-02;95756,17763301102;9106,706602073937;86649,47103093707;17
2024-02-05;96119,5916134774;13554,893479962639;82564,69813351476;16
2024-02-06;96944,14518877947;13554,893479962639;83389,25170881682;16
2024-02-07;98468,41933398406;13554,893479962639;84913,52585402141;16
2024-02-08;99743,26109755014;13554,893479962639;86188,3676175875;16
2024-02-09;100078,2003988242;17626,89766859195;82451,30273023226;15
2024-02-12;100446,84782603961;17626,89766859195;82819,95015744766;15
2024-02-13;99279,81516645059;17626,89766859195;81652,91749785864;15
2024-02-14;102679,69489174923;17626,89766859195;85052,79722315728;15
2024-02-15;105821,98268191336;17626,89766859195;88195,08501332141;15
2024-02-16;102248,72678307554;17626,89766859195;84621,8291144836;15
2024-02-20;100509,0005671013;17626,89766859195;82882,10289850936;15
2024-02-21;97163,12745381011;21448,683762972534;75714,44369083758;14
2024-02-22;103553,86153599451;21448,683762972534;82105,17777302198;14
2024-02-23;104214,90052427827;21448,683762972534;82766,21676130574;14
2024-02-26;105018,20100264947;10390,95681851435;94627,24418413511;17
2024-02-27;106697,29768528359;10390,95681851435;96306,34086676923;17
2024-02-28;105915,95220669179;10390,95681851435;95524,99538817743;17
2024-02-29;108091,3702451128;10390,95681851435;97700,41342659845;17
2024-03-01;112462,49254817146;10390,95681851435;102071,53572965712;17
2024-03-04;114690,23566886917;10390,95681851435;104299,27885035482;17
2024-03-05;112659,54164260134;10390,95681851435;102268,58482408698;17
2024-03-06;115594,77600502441;10390,95681851435;105203,81918651007;17
2024-03-07;117249,76778893682;10390,95681851435;106858,81097042246;17
2024-03-08;116140,17915163373;10390,95681851435;105749,22233311938;17
2024-03-11;112948,75553878467;10390,95681851435;102557,79872027031;17
2024-03-12;114896,92167780083;10390,95681851435;104505,96485928647;17
2024-03-13;114958,8506520261;10390,95681851435;104567,89383351174;17
2024-03-14;113001,67543942988;10390,95681851435;102610,71862091553;17
2024-03-15;112262,3104125206;10390,95681851435;101871,35359400626;17
2024-03-18;112615,05665949004;10390,95681851435;102224,09984097569;17
2024-03-19;111945,07416021338;10390,95681851435;101554,11734169902;17
2024-03-20;115466,96168354913;10390,95681851435;105076,00486503477;17
2024-03-21;117495,41183389307;10390,95681851435;107104,45501537873;17
2024-03-22;117151,10918231774;10390,95681851435;106760,15236380338;17
2024-03-25;118820,57390456591;10390,95681851435;108429,61708605157;17
2024-03-26;117986,88756323565;10390,95681851435;107595,9307447213;17
2024-03-27;117045,18535245402;10390,95681851435;106654,22853393968;17
2024-03-28;116870,38097915222;10390,95681851435;106479,42416063786;17
2024-04-01;116822,72315752403;5948,082772773556;110874,64038475047;18
2024-04-02;115308,29546564876;5948,082772773556;109360,2126928752;18
2024-04-03;117313,1806119923;5948,082772773556;111365,09783921874;18
2024-04-04;114293,82045343521;5948,082772773556;108345,73768066165;18
2024-04-05;116847,69211242805;5948,082772773556;110899,60933965449;18
2024-04-08;116481,67051924497;5948,082772773556;110533,58774647141;18
2024-04-09;114719,72088476492;5948,082772773556;108771,63811199136;18
2024-04-10;114261,56371473204;5948,082772773556;108313,48094195848;18
2024-04-11;116672,92600030475;5948,082772773556;110724,8432275312;18
2024-04-12;113114,6720219656;5948,082772773556;107166,58924919204;18
2024-04-15;109701,28444405731;11455,170527103677;98246,11391695363;17
2024-04-16;110738,3453138091;11455,170527103677;99283,17478670542;17
2024-04-17;108671,96756820907;11455,170527103677;97216,7970411054;17
2024-04-18;107896,64701224206;11455,170527103677;96441,47648513838;17
2024-04-19;103915,05300634468;11455,170527103677;92459,882479241;17
2024-04-22;105342,94893678198;11455,170527103677;93887,7784096783;17
2024-04-23;108933,32171483795;11455,170527103677;97478,15118773427;17
2024-04-24;107897,09490678666;11455,170527103677;96441,92437968298;17
2024-04-25;109307,64450346574;11455,170527103677;97852,47397636206;17
2024-04-26;112221,26176111154;11455,170527103677;100766,09123400786;17
2024-04-29;112353,10882738169;16502,53508609048;95850,57374129121;16
2024-04-30;109675,39857458544;16502,53508609048;93172,86348849497;16
2024-05-01;108528,17944659918;16502,53508609048;92025,6443605087;16
2024-05-02;112297,88365589717;16502,53508609048;95795,3485698067;16
2024-05-03;113953,55978654372;16502,53508609048;97451,02470045323;16
2024-05-06;116187,2337076375;16502,53508609048;99684,69862154701;16
2024-05-07;114929,77066847266;16502,53508609048;98427,23558238217;16
2024-05-08;115523,74832203411;16502,53508609048;99021,21323594362;16
2024-05-09;117372,33841908176;16502,53508609048;100869,80333299129;16
2024-05-10;116991,43874043945;16502,53508609048;100488,90365434898;16
2024-05-13;116416,19776910613;16502,53508609048;99913,66268301566;16
2024-05-14;118323,26721362903;16502,53508609048;101820,73212753856;16
2024-05-15;122812,37121603821;16502,53508609048;106309,83612994774;16
2024-05-16;119851,14025377543;16502,53508609048;103348,60516768496;16
2024-05-17;120706,08196636508;16502,53508609048;104203,54688027459;16
2024-05-20;121851,43016584453;16502,53508609048;105348,89507975406;16
2024-05-21;122225,07367045758;16502,53508609048;105722,53858436711;16
2024-05-22;121035,5768095706;16502,53508609048;104533,04172348011;16
2024-05-23;120636,58361072288;16502,53508609048;104134,0485246324;16
2024-05-24;123902,38407484666;16502,53508609048;107399,84898875619;16
2024-05-28;124765,055911695;16502,53508609048;108262,52082560453;16
2024-05-29;124428,94136986046;16502,53508609048;107926,40628376997;16
2024-05-30;123007,50653820948;16502,53508609048;106504,971452119;16
2024-05-31;119467,14888472995;16502,53508609048;102964,61379863946;16
2024-06-03;118346,83109079216;11096,342007712008;107250,48908308015;17
2024-06-04;117779,30291103934;11096,342007712008;106682,96090332733;17
2024-06-05;121423,4083390743;11096,342007712008;110327,0663313623;17
2024-06-06;120356,76052316448;11096,342007712008;109260,41851545247;17
2024-06-07;119039,73453944734;11096,342007712008;107943,39253173533;17
2024-06-10;122289,59772932185;11096,342007712008;111193,25572160984;17
2024-06-11;122178,20337795283;11096,342007712008;111081,86137024082;17
2024-06-12;123986,54566299585;11096,342007712008;112890,20365528384;17
2024-06-13;123856,1105708244;11096,342007712008;112759,76856311239;17
2024-06-14;122184,55453376222;11096,342007712008;111088,2125260502;17
2024-06-17;122981,67192139284;11096,342007712008;111885,32991368083;17
2024-06-18;124238,51599814382;11096,342007712008;113142,17399043181;17
2024-06-20;123026,71472521199;11096,342007712008;111930,37271749998;17
2024-06-21;122344,55017867323;11096,342007712008;111248,20817096122;17
2024-06-24;120667,81095011486;11096,342007712008;109571,46894240285;17
2024-06-25;123158,39176695119;11096,342007712008;112062,04975923918;17
2024-06-26;120636,10180215938;16315,16742992212;104320,93437223726;16
2024-06-27;122236,5287526027;16315,16742992212;105921,36132268058;16
2024-06-28;120201,60809563339;21523,51232700146;98678,09576863193;15
2024-07-01;120797,73963879266;17633,265200997983;103164,47443779468;16
2024-07-02;120953,95056272803;17633,265200997983;103320,68536173005;16
2024-07-03;122459,1926132228;17633,265200997983;104825,92741222482;16
2024-07-05;121994,43614774766;17633,265200997983;104361,17094674968;16
2024-07-08;123203,07806482184;17633,265200997983;105569,81286382386;16
2024-07-09;123363,77337149905;17633,265200997983;105730,50817050107;16
2024-07-10;124488,1111932212;17633,265200997983;106854,84599222321;16
2024-07-11;122522,72991999227;17633,265200997983;104889,46471899429;16
2024-07-12;123841,4555664056;17633,265200997983;106208,19036540762;16
2024-07-15;125162,14047456298;17633,265200997983;107528,875273565;16
2024-07-16;124845,41815721108;17633,265200997983;107212,1529562131;16
2024-07-17;118045,88136294376;17633,265200997983;100412,61616194579;16
2024-07-18;116511,05833073976;17633,265200997983;98877,79312974178;16
2024-07-19;116115,43000947555;17633,265200997983;98482,16480847757;16
2024-07-22;117435,05244840632;17633,265200997983;99801,78724740834;16
2024-07-23;117090,53266810028;17633,265200997983;99457,2674671023;16
2024-07-24;111259,26645747361;17633,265200997983;93626,00125647563;16
2024-07-25;107902,28965566383;28819,327628905754;79082,96202675808;14
2024-07-26;109994,86653254459;28819,327628905754;81175,53890363884;14
2024-07-29;108527,95553020376;21614,22029932685;86913,7352308769;15
2024-07-30;107269,37899105527;27055,64305163659;80213,73593941868;14
2024-07-31;109534,50250198379;27055,64305163659;82478,8594503472;14
2024-08-01;108554,59942791503;27055,64305163659;81498,95637627844;14
2024-08-02;104542,2853029131;27055,64305163659;77486,6422512765;14
2024-08-05;101918,19975803964;42523,511044350416;59394,68871368923;11
2024-08-06;103613,83178770926;42523,511044350416;61090,320743358854;11
2024-08-07;102140,39210700896;42523,511044350416;59616,88106265855;11
2024-08-08;105215,05252978028;42523,511044350416;62691,54148542986;11
2024-08-09;105427,36615827506;42523,511044350416;62903,85511392465;11
2024-08-12;105510,47662547958;42523,511044350416;62986,96558112916;11
2024-08-13;107117,07113063108;42523,511044350416;64593,56008628066;11
2024-08-14;107547,49093989009;42523,511044350416;65023,97989553968;11
2024-08-15;109004,67560287885;42523,511044350416;66481,16455852843;11
2024-08-16;109451,12866057025;42523,511044350416;66927,61761621982;11
2024-08-19;110299,94946747791;42523,511044350416;67776,43842312749;11
2024-08-20;109491,28628057375;42523,511044350416;66967,77523622334;11
2024-08-21;110904,0994428341;42523,511044350416;68380,58839848367;11
2024-08-22;110194,59635625483;42523,511044350416;67671,0853119044;11
2024-08-23;112197,37789836182;42523,511044350416;69673,8668540114;11
2024-08-26;111777,36673579182;42523,511044350416;69253,8556914414;11
2024-08-27;111941,71980373783;42523,511044350416;69418,2087593874;11
2024-08-28;110683,23211499385;42523,511044350416;68159,72107064343;11
2024-08-29;110566,94252470956;42523,511044350416;68043,43148035916;11
2024-08-30;110961,54678891503;42523,511044350416;68438,03574456462;11
2024-09-03;107693,5854934549;74840,94309577749;32852,64239767741;16
2024-09-04;107706,43234308067;74840,94309577749;32865,48924730318;16
2024-09-05;107569,11873500342;74840,94309577749;32728,17563922593;16
2024-09-06;106972,64283581918;74840,94309577749;32131,69974004169;16
2024-09-09;107635,21408443751;74840,94309577749;32794,27098866002;16
2024-09-10;107631,1379240035;74840,94309577749;32790,194828226005;16
2024-09-11;108347,14643311116;74840,94309577749;33506,20333733367;16
2024-09-12;108959,27293416903;74840,94309577749;34118,32983839154;16
2024-09-13;109144,18022801171;74840,94309577749;34303,23713223423;16
2024-09-16;109607,28169118847;74840,94309577749;34766,33859541098;16
2024-09-17;109912,46315296543;74840,94309577749;35071,52005718794;16
2024-09-18;109902,61303337828;74840,94309577749;35061,66993760079;16
2024-09-19;110527,77445650297;74840,94309577749;35686,83136072548;16
2024-09-20;111142,68391054924;74840,94309577749;36301,74081477175;16
2024-09-23;111603,74917998981;74840,94309577749;36762,80608421232;16
2024-09-24;111766,35430523274;74840,94309577749;36925,411209455255;16
2024-09-25;111801,21144910701;74840,94309577749;36960,26835332953;16
2024-09-26;111510,24203647992;74840,94309577749;36669,29894070243;16
2024-09-27;111344,90630658364;74840,94309577749;36503,96321080615;16
2024-09-30;111561,75616761784;81890,98822746541;29670,76794015244;16
2024-10-01;111446,94217942983;81890,98822746541;29555,953951964417;16
2024-10-02;111763,98396005975;81890,98822746541;29872,995732594343;16
2024-10-03;112276,28971345599;81890,98822746541;30385,301485990585;16
2024-10-04;112722,06968711186;81890,98822746541;30831,081459646444;16
2024-10-07;112568,19851841565;81890,98822746541;30677,21029095024;16
2024-10-08;113242,95857832424;81890,98822746541;31351,97035085883;16
2024-10-09;113398,2397109835;81890,98822746541;31507,25148351809;16
2024-10-10;113219,57867149966;83415,96244704718;29803,616224452493;15
2024-10-11;113701,15729207944;83415,96244704718;30285,194845032274;15
2024-10-14;113949,44066175618;83415,96244704718;30533,478214709008;15
2024-10-15;113561,74382736196;83415,96244704718;30145,78138031478;15
2024-10-16;113919,75273667363;83415,96244704718;30503,790289626464;15
2024-10-17;113736,0880597323;83415,96244704718;30320,125612685126;15
2024-10-18;113879,73489122736;83415,96244704718;30463,772444180184;15
2024-10-21;114139,6279562812;83415,96244704718;30723,665509234026;15
2024-10-22;114157,39522113139;83415,96244704718;30741,432774084205;15
2024-10-23;113997,0129637944;83415,96244704718;30581,050516747233;15
2024-10-24;114170,76216167407;83415,96244704718;30754,799714626883;15
2024-10-25;114220,20063423474;83415,96244704718;30804,238187187573;15
2024-10-28;114456,51215084973;114456,51215084973;0,0;0
2024-10-29;114456,51215084973;114456,51215084973;0,0;0
2024-10-30;114456,51215084973;114456,51215084973;0,0;0
2024-10-31;114456,51215084973;114456,51215084973;0,0;0
2024-11-01;114456,51215084973;114456,51215084973;0,0;0
2024-11-04;114456,51215084973;114456,51215084973;0,0;0
2024-11-05;114456,51215084973;114456,51215084973;0,0;0
2024-11-06;114456,51215084973;114456,51215084973;0,0;0
2024-11-07;114456,51215084973;114456,51215084973;0,0;0
2024-11-08;114456,51215084973;114456,51215084973;0,0;0
2024-11-11;114456,51215084973;114456,51215084973;0,0;0
2024-11-12;114456,51215084973;114456,51215084973;0,0;0
2024-11-13;114456,51215084973;114456,51215084973;0,0;0
2024-11-14;114456,51215084973;114456,51215084973;0,0;0
2024-11-15;114456,51215084973;114456,51215084973;0,0;0
2024-11-18;114456,51215084973;114456,51215084973;0,0;0
2024-11-19;114456,51215084973;114456,51215084973;0,0;0
2024-11-20;114456,51215084973;114456,51215084973;0,0;0
2024-11-21;114456,51215084973;114456,51215084973;0,0;0
2024-11-22;114456,51215084973;114456,51215084973;0,0;0
2024-11-25;114456,51215084973;114456,51215084973;0,0;0
2024-11-26;114456,51215084973;114456,51215084973;0,0;0
2024-11-27;114456,51215084973;114456,51215084973;0,0;0
2024-11-29;114456,51215084973;114456,51215084973;0,0;0
2024-12-02;114236,75564752004;22671,545926840256;91565,20972067978;15
2024-12-03;116328,71883443004;22671,545926840256;93657,17290758979;15
2024-12-04;117805,16820415092;22671,545926840256;95133,62227731067;15
2024-12-05;117398,39497909558;28137,35688020761;89261,03809888798;14
2024-12-06;119075,84144031338;28137,35688020761;90938,48456010578;14
2024-12-09;113727,17600523459;28137,35688020761;85589,81912502699;14
2024-12-10;111549,82828478451;28137,35688020761;83412,47140457689;14
2024-12-11;113734,4379415389;28137,35688020761;85597,08106133128;14
2024-12-12;113509,57327182035;28137,35688020761;85372,21639161273;14
2024-12-13;114085,79298582708;28137,35688020761;85948,43610561948;14
2024-12-16;115339,517297104;28137,35688020761;87202,1604168964;14
2024-12-17;113455,83660888812;28137,35688020761;85318,47972868051;14
2024-12-18;108229,34852865103;44223,86113651439;64005,487392136645;11
2024-12-19;108503,8525846306;49550,136568520655;58953,71601610995;10
2024-12-20;110531,9006395418;49550,136568520655;60981,76407102115;10
2024-12-23;110299,89547060532;54950,11082272843;55349,78464787689;9
2024-12-24;111192,11885101156;54950,11082272843;56242,00802828313;9
2024-12-26;111339,99565718937;54950,11082272843;56389,88483446095;9
2024-12-27;109989,14184435397;54950,11082272843;55039,031021625546;9
2024-12-30;109249,3401683539;109249,3401683539;0,0;0
2024-12-31;109249,3401683539;109249,3401683539;0,0;0
2025-01-02;109249,3401683539;109249,3401683539;0,0;0
2025-01-03;109249,3401683539;109249,3401683539;0,0;0
2025-01-06;109249,3401683539;109249,3401683539;0,0;0
2025-01-07;109249,3401683539;109249,3401683539;0,0;0
2025-01-08;109249,3401683539;109249,3401683539;0,0;0
2025-01-10;109249,3401683539;109249,3401683539;0,0;0
2025-01-13;109249,3401683539;109249,3401683539;0,0;0
2025-01-14;109249,3401683539;109249,3401683539;0,0;0
2025-01-15;109249,3401683539;109249,3401683539;0,0;0
2025-01-16;109249,3401683539;109249,3401683539;0,0;0
2025-01-17;109249,3401683539;109249,3401683539;0,0;0
2025-01-21;109249,3401683539;109249,3401683539;0,0;0
2025-01-22;109249,3401683539;109249,3401683539;0,0;0
2025-01-23;109249,3401683539;109249,3401683539;0,0;0
2025-01-24;109249,3401683539;109249,3401683539;0,0;0
2025-01-27;109249,3401683539;109249,3401683539;0,0;0
2025-01-28;109249,3401683539;109249,3401683539;0,0;0
2025-01-29;109249,3401683539;109249,3401683539;0,0;0
2025-01-30;109249,3401683539;109249,3401683539;0,0;0
2025-01-31;109249,3401683539;109249,3401683539;0,0;0
2025-02-03;109039,58143523062;21640,109300547505;87399,4721346831;15
2025-02-04;111550,04505576225;21640,109300547505;89909,93575521476;15
2025-02-05;112826,45177425232;21640,109300547505;91186,34247370482;15
2025-02-06;113950,68443529811;21640,109300547505;92310,5751347506;15
2025-02-07;113475,21878044779;21640,109300547505;91835,10947990027;15
2025-02-10;114022,47435753045;21640,109300547505;92382,36505698295;15
2025-02-11;112278,2410823708;21640,109300547505;90638,1317818233;15
2025-02-12;113181,38424540643;21640,109300547505;91541,27494485893;15
2025-02-13;115692,15551666092;21640,109300547505;94052,0462161134;15
2025-02-14;117638,6330328845;21640,109300547505;95998,52373233701;15
2025-02-18;117975,7323209277;21640,109300547505;96335,62302038018;15
2025-02-19;115762,42206827784;21640,109300547505;94122,31276773033;15
2025-02-20;111611,51481258747;26425,556460518077;85185,95835206939;14
2025-02-21;106900,1722316783;47049,4538414216;59850,718390256705;10
2025-02-24;105079,51843665482;52129,80389296989;52949,71454368493;9
2025-02-25;103220,38152082241;62499,09776644308;40721,28375437932;7
2025-02-26;103160,2727374048;62499,09776644308;40661,17497096172;7
2025-02-27;102440,89851070574;72707,44710711925;29733,451403586492;5
2025-02-28;103072,13635094251;72707,44710711925;30364,689243823257;5
2025-03-03;102345,4751780692;102345,4751780692;0,0;0
2025-03-04;102345,4751780692;102345,4751780692;0,0;0
2025-03-05;102345,4751780692;102345,4751780692;0,0;0
2025-03-06;102345,4751780692;102345,4751780692;0,0;0
2025-03-07;102345,4751780692;102345,4751780692;0,0;0
2025-03-10;102345,4751780692;102345,4751780692;0,0;0
2025-03-11;102345,4751780692;102345,4751780692;0,0;0
2025-03-12;102345,4751780692;102345,4751780692;0,0;0
2025-03-13;102345,4751780692;102345,4751780692;0,0;0
2025-03-14;102345,4751780692;102345,4751780692;0,0;0
2025-03-17;102345,4751780692;102345,4751780692;0,0;0
2025-03-18;102345,4751780692;102345,4751780692;0,0;0
2025-03-19;102345,4751780692;102345,4751780692;0,0;0
2025-03-20;102345,4751780692;102345,4751780692;0,0;0
2025-03-21;102345,4751780692;102345,4751780692;0,0;0
2025-03-24;102345,4751780692;102345,4751780692;0,0;0
2025-03-25;102345,4751780692;102345,4751780692;0,0;0
2025-03-26;102345,4751780692;102345,4751780692;0,0;0
2025-03-27;102345,4751780692;102345,4751780692;0,0;0
2025-03-28;102345,4751780692;102345,4751780692;0,0;0
2025-03-31;102345,4751780692;102345,4751780692;0,0;0
2025-04-01;102345,4751780692;102345,4751780692;0,0;0
2025-04-02;102345,4751780692;102345,4751780692;0,0;0
2025-04-03;102345,4751780692;102345,4751780692;0,0;0
2025-04-04;102345,4751780692;102345,4751780692;0,0;0
2025-04-07;102345,4751780692;102345,4751780692;0,0;0
2025-04-08;102345,4751780692;102345,4751780692;0,0;0
2025-04-09;102345,4751780692;102345,4751780692;0,0;0
2025-04-10;102345,4751780692;102345,4751780692;0,0;0
2025-04-11;102345,4751780692;102345,4751780692;0,0;0
2025-04-14;102345,4751780692;102345,4751780692;0,0;0
2025-04-15;102345,4751780692;102345,4751780692;0,0;0
2025-04-16;102345,4751780692;102345,4751780692;0,0;0
2025-04-17;102345,4751780692;102345,4751780692;0,0;0
2025-04-21;102345,4751780692;102345,4751780692;0,0;0
2025-04-22;102345,4751780692;102345,4751780692;0,0;0
2025-04-23;102345,4751780692;102345,4751780692;0,0;0
2025-04-24;102345,4751780692;102345,4751780692;0,0;0
2025-04-25;102345,4751780692;102345,4751780692;0,0;0
2025-04-28;102345,4751780692;102345,4751780692;0,0;0
2025-04-29;102345,4751780692;102345,4751780692;0,0;0
2025-04-30;102345,4751780692;102345,4751780692;0,0;0
2025-05-01;102345,4751780692;102345,4751780692;0,0;0
2025-05-02;102345,4751780692;102345,4751780692;0,0;0
2025-05-05;102345,4751780692;102345,4751780692;0,0;0
2025-05-06;102345,4751780692;102345,4751780692;0,0;0
2025-05-07;102345,4751780692;102345,4751780692;0,0;0
2025-05-08;102345,4751780692;102345,4751780692;0,0;0
2025-05-09;102345,4751780692;102345,4751780692;0,0;0
2025-05-12;102345,4751780692;102345,4751780692;0,0;0
2025-05-13;102345,4751780692;102345,4751780692;0,0;0
2025-05-14;102345,4751780692;102345,4751780692;0,0;0
2025-05-15;102345,4751780692;102345,4751780692;0,0;0
2025-05-16;102345,4751780692;102345,4751780692;0,0;0
2025-05-19;102345,4751780692;102345,4751780692;0,0;0
2025-05-20;102345,4751780692;102345,4751780692;0,0;0
2025-05-21;102345,4751780692;102345,4751780692;0,0;0
2025-05-22;102345,4751780692;102345,4751780692;0,0;0
2025-05-23;102345,4751780692;102345,4751780692;0,0;0
2025-05-27;102345,4751780692;102345,4751780692;0,0;0
2025-05-28;102345,4751780692;102345,4751780692;0,0;0
2025-05-29;102345,4751780692;102345,4751780692;0,0;0
2025-05-30;102345,4751780692;102345,4751780692;0,0;0
2025-06-02;102345,4751780692;102345,4751780692;0,0;0
2025-06-03;102345,4751780692;102345,4751780692;0,0;0
2025-06-04;102345,4751780692;102345,4751780692;0,0;0
2025-06-05;102345,4751780692;102345,4751780692;0,0;0
2025-06-06;102345,4751780692;102345,4751780692;0,0;0
2025-06-09;102345,4751780692;102345,4751780692;0,0;0
2025-06-10;102345,4751780692;102345,4751780692;0,0;0
2025-06-11;102345,4751780692;102345,4751780692;0,0;0
2025-06-12;102345,4751780692;102345,4751780692;0,0;0
2025-06-13;102345,4751780692;102345,4751780692;0,0;0
2025-06-16;102345,4751780692;102345,4751780692;0,0;0
2025-06-17;102345,4751780692;102345,4751780692;0,0;0
2025-06-18;102345,4751780692;102345,4751780692;0,0;0
2025-06-20;102345,4751780692;102345,4751780692;0,0;0
2025-06-23;102345,4751780692;102345,4751780692;0,0;0
2025-06-24;102345,4751780692;102345,4751780692;0,0;0
2025-06-25;102345,4751780692;102345,4751780692;0,0;0
2025-06-26;102345,4751780692;102345,4751780692;0,0;0
2025-06-27;102345,4751780692;102345,4751780692;0,0;0
2025-06-30;102345,4751780692;102345,4751780692;0,0;0
2025-07-01;102345,4751780692;102345,4751780692;0,0;0
2025-07-02;102345,4751780692;102345,4751780692;0,0;0
2025-07-03;102345,4751780692;102345,4751780692;0,0;0
2025-07-07;102345,4751780692;102345,4751780692;0,0;0
2025-07-08;102345,4751780692;102345,4751780692;0,0;0
2025-07-09;102345,4751780692;102345,4751780692;0,0;0
2025-07-10;102345,4751780692;102345,4751780692;0,0;0
2025-07-11;102345,4751780692;102345,4751780692;0,0;0
2025-07-14;102345,4751780692;102345,4751780692;0,0;0
2025-07-15;102345,4751780692;102345,4751780692;0,0;0
2025-07-16;102345,4751780692;102345,4751780692;0,0;0
2025-07-17;102345,4751780692;102345,4751780692;0,0;0
2025-07-18;102345,4751780692;102345,4751780692;0,0;0
2025-07-21;102345,4751780692;102345,4751780692;0,0;0
2025-07-22;102345,4751780692;102345,4751780692;0,0;0
2025-07-23;102345,4751780692;102345,4751780692;0,0;0
2025-07-24;102345,4751780692;102345,4751780692;0,0;0
2025-07-25;102345,4751780692;102345,4751780692;0,0;0
2025-07-28;102345,4751780692;102345,4751780692;0,0;0
2025-07-29;102345,4751780692;102345,4751780692;0,0;0
2025-07-30;102345,4751780692;102345,4751780692;0,0;0
2025-07-31;102345,4751780692;102345,4751780692;0,0;0
2025-08-01;102345,4751780692;102345,4751780692;0,0;0
2025-08-04;102345,4751780692;102345,4751780692;0,0;0
2025-08-05;102345,4751780692;102345,4751780692;0,0;0
2025-08-06;102345,4751780692;102345,4751780692;0,0;0
2025-08-07;102345,4751780692;102345,4751780692;0,0;0
2025-08-08;102345,4751780692;102345,4751780692;0,0;0
2025-08-11;102345,4751780692;102345,4751780692;0,0;0
2025-08-12;102345,4751780692;102345,4751780692;0,0;0
2025-08-13;102345,4751780692;102345,4751780692;0,0;0
2025-08-14;102345,4751780692;102345,4751780692;0,0;0
2025-08-15;102345,4751780692;102345,4751780692;0,0;0
2025-08-18;102345,4751780692;102345,4751780692;0,0;0
2025-08-19;102345,4751780692;102345,4751780692;0,0;0
2025-08-20;102345,4751780692;102345,4751780692;0,0;0
2025-08-21;102345,4751780692;102345,4751780692;0,0;0
2025-08-22;102345,4751780692;102345,4751780692;0,0;0
2025-08-25;102345,4751780692;102345,4751780692;0,0;0
2025-08-26;102345,4751780692;102345,4751780692;0,0;0
2025-08-27;102345,4751780692;102345,4751780692;0,0;0
2025-08-28;102345,4751780692;102345,4751780692;0,0;0
2025-08-29;102345,4751780692;102345,4751780692;0,0;0
2025-09-02;102345,4751780692;102345,4751780692;0,0;0
2025-09-03;102345,4751780692;102345,4751780692;0,0;0
2025-09-04;102345,4751780692;102345,4751780692;0,0;0
2025-09-05;102345,4751780692;102345,4751780692;0,0;0
2025-09-08;102345,4751780692;102345,4751780692;0,0;0
2025-09-09;102345,4751780692;102345,4751780692;0,0;0
2025-09-10;102345,4751780692;102345,4751780692;0,0;0
2025-09-11;102345,4751780692;102345,4751780692;0,0;0
2025-09-12;102345,4751780692;102345,4751780692;0,0;0
2025-09-15;102345,4751780692;102345,4751780692;0,0;0
2025-09-16;102345,4751780692;102345,4751780692;0,0;0
2025-09-17;102345,4751780692;102345,4751780692;0,0;0
2025-09-18;102345,4751780692;102345,4751780692;0,0;0
2025-09-19;102345,4751780692;102345,4751780692;0,0;0
2025-09-22;102345,4751780692;102345,4751780692;0,0;0
2025-09-23;102345,4751780692;102345,4751780692;0,0;0
2025-09-24;102345,4751780692;102345,4751780692;0,0;0
2025-09-25;102345,4751780692;102345,4751780692;0,0;0
2025-09-26;102345,4751780692;102345,4751780692;0,0;0
2025-09-29;102345,4751780692;102345,4751780692;0,0;0
2025-09-30;102345,4751780692;102345,4751780692;0,0;0
2025-10-01;102345,4751780692;102345,4751780692;0,0;0
2025-10-02;102345,4751780692;102345,4751780692;0,0;0
2025-10-03;102345,4751780692;102345,4751780692;0,0;0
2025-10-06;102345,4751780692;102345,4751780692;0,0;0
2025-10-07;102345,4751780692;102345,4751780692;0,0;0
2025-10-08;102345,4751780692;102345,4751780692;0,0;0
2025-10-09;102345,4751780692;102345,4751780692;0,0;0
2025-10-10;102345,4751780692;102345,4751780692;0,0;0
2025-10-13;102345,4751780692;102345,4751780692;0,0;0
2025-10-14;102345,4751780692;102345,4751780692;0,0;0
2025-10-15;102345,4751780692;102345,4751780692;0,0;0
2025-10-16;102345,4751780692;102345,4751780692;0,0;0
2025-10-17;102345,4751780692;102345,4751780692;0,0;0
2025-10-20;102345,4751780692;102345,4751780692;0,0;0
2025-10-21;102345,4751780692;102345,4751780692;0,0;0
2025-10-22;102345,4751780692;102345,4751780692;0,0;0
2025-10-23;102345,4751780692;102345,4751780692;0,0;0
2025-10-24;102345,4751780692;102345,4751780692;0,0;0
2025-10-27;102345,4751780692;102345,4751780692;0,0;0
2025-10-28;102345,4751780692;102345,4751780692;0,0;0
2025-10-29;102345,4751780692;102345,4751780692;0,0;0
2025-10-30;102345,4751780692;102345,4751780692;0,0;0
2025-10-31;102345,4751780692;102345,4751780692;0,0;0
2025-11-03;102284,0678929624;76697,69909844511;25586,36879451729;15
2025-11-04;101248,11311025366;76697,69909844511;24550,414011808552;15
2025-11-05;102257,69302384688;76697,69909844511;25559,993925401763;15
2025-11-06;101801,98270518017;79605,73599566163;22196,246709518542;13
2025-11-07;101695,57042666907;81136,28339399588;20559,287032673197;12
2025-11-10;102387,78049524674;81136,28339399588;21251,497101250858;12
2025-11-11;101878,70525006516;81136,28339399588;20742,421856069283;12
2025-11-12;101831,94155925201;81136,28339399588;20695,658165256125;12
2025-11-13;100796,16811126648;82633,38927114046;18162,77884012602;11
2025-11-14;100723,25728093079;85685,31620229002;15037,941078640773;9
2025-11-17;100847,53197617088;85685,31620229002;15162,215773880855;9
2025-11-18;100696,42133449439;87207,11899622635;13489,302338268044;8
2025-11-19;101103,80389438132;87207,11899622635;13896,684898154968;8
2025-11-20;100382,58221550257;90234,70390046977;10147,878315032796;6
2025-11-21;100654,4359349598;90234,70390046977;10419,732034490024;6
2025-11-24;101486,07385095418;90234,70390046977;11251,369950484408;6
2025-11-25;101504,61976407612;90234,70390046977;11269,915863606351;6
2025-11-26;101797,15044382891;90234,70390046977;11562,446543359136;6
2025-11-28;102002,71501589767;90234,70390046977;11768,011115427904;6
2025-12-01;101684,0501492335;74554,49714758073;27129,55300165278;16
2025-12-02;101953,9630710357;74554,49714758073;27399,46592345498;16
2025-12-03;102115,31624773233;74554,49714758073;27560,819100151613;16
2025-12-04;102323,15090889143;74554,49714758073;27768,653761310703;16
2025-12-05;102805,36148529631;74554,49714758073;28250,864337715575;16
2025-12-08;103112,05103224443;74554,49714758073;28557,553884663706;16
2025-12-09;103588,85697739343;74554,49714758073;29034,359829812704;16
2025-12-10;104253,88251024729;74554,49714758073;29699,385362666573;16
2025-12-11;104321,90073726344;74554,49714758073;29767,403589682704;16
2025-12-12;102793,42108479317;74554,49714758073;28238,92393721244;16
2025-12-15;102571,95503967133;74554,49714758073;28017,4578920906;16
2025-12-16;102459,92889626329;74554,49714758073;27905,43174868256;16
2025-12-17;101778,88803529313;77519,70888751549;24259,17914777764;14
2025-12-18;102422,17920294598;77519,70888751549;24902,470315430488;14
2025-12-19;103295,56747069664;77519,70888751549;25775,858583181154;14
2025-12-22;103783,30153248165;77519,70888751549;26263,592644966167;14
2025-12-23;103663,03194196365;77519,70888751549;26143,32305444817;14
2025-12-24;103751,10947056793;77519,70888751549;26231,400583052433;14
2025-12-26;103670,29073397534;77519,70888751549;26150,581846459856;14
2025-12-29;103317,00114034994;75753,0848143401;27563,916326009847;16
2025-12-30;103179,73597314458;75753,0848143401;27426,651158804485;16
2025-12-31;102852,50789998577;75753,0848143401;27099,42308564567;16
2026-01-02;103471,86858270838;75753,0848143401;27718,783768368285;16
2026-01-05;103631,0081309292;75753,0848143401;27877,9233165891;16
2026-01-06;104593,31545265715;75753,0848143401;28840,230638317043;16
2026-01-07;104054,5848951864;75753,0848143401;28301,50008084631;16
2026-01-08;103539,05388401583;75753,0848143401;27785,96906967574;16
2026-01-09;103909,8750575305;77281,73524486223;26628,139812668276;15
2026-01-12;104503,66611678616;77281,73524486223;27221,930871923927;15
2026-01-13;105073,1184056586;77281,73524486223;27791,38316079638;15
2026-01-14;104787,24887871339;77281,73524486223;27505,51363385117;15
2026-01-15;104934,77921459847;77281,73524486223;27653,043969736253;15
2026-01-16;104473,32221502367;77281,73524486223;27191,586970161447;15
2026-01-20;104519,03773395956;77281,73524486223;27237,302489097325;15
2026-01-21;105237,02244294605;78591,13266885707;26645,889774088977;14
2026-01-22;105648,94347028536;78591,13266885707;27057,81080142829;14
2026-01-23;105344,15173480738;78591,13266885707;26753,019065950317;14
2026-01-26;105316,343740309;78591,13266885707;26725,211071451937;14
2026-01-27;106437,28490097883;78591,13266885707;27846,152232121767;14
2026-01-28;106555,01456650489;78591,13266885707;27963,881897647818;14
2026-01-29;106309,5019851223;78591,13266885707;27718,36931626524;14
2026-01-30;105242,1583978105;78591,13266885707;26651,02572895344;14
2026-02-02;106161,13210228234;77865,1792778287;28295,952824453634;16
2026-02-03;106742,00624277991;77865,1792778287;28876,82696495121;16
2026-02-04;105873,93143831767;77865,1792778287;28008,752160488955;16
2026-02-05;105474,6493943629;79245,21364816955;26229,435746193347;15
2026-02-06;106891,59514644954;79245,21364816955;27646,38149827999;15
2026-02-09;107560,61648521875;79245,21364816955;28315,40283704921;15
2026-02-10;106999,48505203046;79245,21364816955;27754,27140386091;15
2026-02-11;107393,65133167937;79245,21364816955;28148,437683509816;15
2026-02-12;106619,13648821873;80737,38913003799;25881,747358180743;14
2026-02-13;107112,10636902416;80737,38913003799;26374,71723898617;14
2026-02-17;107200,18727427156;80737,38913003799;26462,79814423358;14
2026-02-18;107624,80743542129;80737,38913003799;26887,4183053833;14
2026-02-19;107825,87366903471;80737,38913003799;27088,48453899673;14
2026-02-20;108263,06713120601;80737,38913003799;27525,67800116802;14
2026-02-23;108320,80887085086;82315,42411658264;26005,384754268223;13
2026-02-24;108718,0323189413;82315,42411658264;26402,608202358668;13
2026-02-25;109611,0110134665;82315,42411658264;27295,586896883866;13
2026-02-26;108740,21026737061;82315,42411658264;26424,786150787968;13
2026-02-27;108897,8506614302;82315,42411658264;26582,426544847563;13
2026-03-02;109563,04602841676;109563,04602841676;0,0;0
2026-03-03;109563,04602841676;109563,04602841676;0,0;0
2026-03-04;109563,04602841676;109563,04602841676;0,0;0
2026-03-05;109563,04602841676;109563,04602841676;0,0;0
2026-03-06;109563,04602841676;109563,04602841676;0,0;0
2026-03-09;109563,04602841676;109563,04602841676;0,0;0
2026-03-10;109563,04602841676;109563,04602841676;0,0;0
2026-03-11;109563,04602841676;109563,04602841676;0,0;0
2026-03-12;109563,04602841676;109563,04602841676;0,0;0
2026-03-13;109563,04602841676;109563,04602841676;0,0;0
2026-03-16;109563,04602841676;109563,04602841676;0,0;0
2026-03-17;109563,04602841676;109563,04602841676;0,0;0
2026-03-18;109563,04602841676;109563,04602841676;0,0;0
2026-03-19;109563,04602841676;109563,04602841676;0,0;0
2026-03-20;109563,04602841676;109563,04602841676;0,0;0
2026-03-23;109563,04602841676;109563,04602841676;0,0;0
2026-03-24;109563,04602841676;109563,04602841676;0,0;0
2026-03-25;109563,04602841676;109563,04602841676;0,0;0
2026-03-26;109563,04602841676;109563,04602841676;0,0;0
2026-03-27;109563,04602841676;109563,04602841676;0,0;0
2026-03-30;109563,04602841676;109563,04602841676;0,0;0
2026-03-31;109563,04602841676;109563,04602841676;0,0;0
2026-04-01;109563,04602841676;109563,04602841676;0,0;0
2026-04-02;109563,04602841676;109563,04602841676;0,0;0
2026-04-06;109563,04602841676;109563,04602841676;0,0;0
2026-04-07;109563,04602841676;109563,04602841676;0,0;0
2026-04-08;109563,04602841676;109563,04602841676;0,0;0
2026-04-09;109563,04602841676;109563,04602841676;0,0;0
2026-04-10;109563,04602841676;109563,04602841676;0,0;0
2026-04-13;109563,04602841676;109563,04602841676;0,0;0
2026-04-14;109563,04602841676;109563,04602841676;0,0;0
2026-04-15;109563,04602841676;109563,04602841676;0,0;0
2026-04-16;109563,04602841676;109563,04602841676;0,0;0
2026-04-17;109563,04602841676;109563,04602841676;0,0;0
2026-04-20;109563,04602841676;109563,04602841676;0,0;0
2026-04-21;109563,04602841676;109563,04602841676;0,0;0
2026-04-22;109563,04602841676;109563,04602841676;0,0;0
2026-04-23;109563,04602841676;109563,04602841676;0,0;0
2026-04-24;109563,04602841676;109563,04602841676;0,0;0
2026-04-27;109563,04602841676;109563,04602841676;0,0;0
2026-04-28;109563,04602841676;109563,04602841676;0,0;0
2026-04-29;109563,04602841676;109563,04602841676;0,0;0
2026-04-30;109563,04602841676;109563,04602841676;0,0;0
2026-05-01;109563,04602841676;109563,04602841676;0,0;0
2026-05-04;109563,04602841676;109563,04602841676;0,0;0
2026-05-05;109563,04602841676;109563,04602841676;0,0;0
2026-05-06;109563,04602841676;109563,04602841676;0,0;0
2026-05-07;109563,04602841676;109563,04602841676;0,0;0
2026-05-08;109563,04602841676;109563,04602841676;0,0;0
2026-05-11;109563,04602841676;109563,04602841676;0,0;0
2026-05-12;109563,04602841676;109563,04602841676;0,0;0
2026-05-13;109563,04602841676;109563,04602841676;0,0;0
2026-05-14;109563,04602841676;109563,04602841676;0,0;0
2026-05-15;109563,04602841676;109563,04602841676;0,0;0
2026-05-18;109563,04602841676;109563,04602841676;0,0;0
2026-05-19;109563,04602841676;109563,04602841676;0,0;0
2026-05-20;109563,04602841676;109563,04602841676;0,0;0
2026-05-21;109563,04602841676;109563,04602841676;0,0;0
2026-05-22;109563,04602841676;109563,04602841676;0,0;0
