date;strategy_equity;spy_equity;strategy_daily_return_pct;spy_daily_return_pct;excess_daily_return_pct;winner
1999-01-04;10000,0;10000,0;0,0;0,0;0,0;tie
1999-01-05;10000,0;10114,300228600458;0,0;1,1430022860045685;-1,1430022860045685;spy
1999-01-06;10000,0;10358,140716281432;0,0;2,4108488196885824;-2,4108488196885824;spy
1999-01-07;10000,0;10307,340614681229;0,0;-0,49043648847474364;0,49043648847474364;strategy
1999-01-08;10000,0;10383,540767081533;0,0;0,7392804337111869;-0,7392804337111869;spy
1999-01-11;10000,0;10284,480568961138;0,0;-0,9540117416829585;0,9540117416829585;strategy
1999-01-12;10000,0;10099,060198120394;0,0;-1,8029142998271408;1,8029142998271408;strategy
1999-01-13;10000,0;10027,940055880112;0,0;-0,704225352112664;0,704225352112664;strategy
1999-01-14;10000,0;9852,679705359411;0,0;-1,747720364741634;1,747720364741634;strategy
1999-01-15;10000,0;10109,220218440438;0,0;2,6037638566640986;-2,6037638566640986;spy
1999-01-19;10000,0;10175,2603505207;0,0;0,6532663316582754;-0,6532663316582754;spy
1999-01-20;10000,0;10256,540513081027;0,0;0,7988017973040495;-0,7988017973040495;spy
1999-01-21;10000,0;9984,759969519939;0,0;-2,6498266468548914;2,6498266468548914;strategy
1999-01-22;10000,0;9961,899923799847;0,0;-0,22894937674892146;0,22894937674892146;strategy
1999-01-25;10000,0;10063,500127000254;0,0;1,0198878123406585;-1,0198878123406585;spy
1999-01-26;10000,0;10246,380492760985;0,0;1,8172640080767355;-1,8172640080767355;spy
1999-01-27;10000,0;10127,000254000508;0,0;-1,1650966782350003;1,1650966782350003;strategy
1999-01-28;10000,0;10297,180594361189;0,0;1,680461499874597;-1,680461499874597;spy
1999-01-29;10000,0;10375,920751841502;0,0;0,764676862358149;-0,764676862358149;spy
1999-02-01;10000,0;10314,96062992126;0,0;-0,5875152998775945;0,5875152998775945;strategy
1999-02-02;10000,0;10251,460502921005;0,0;-0,615611918246739;0,615611918246739;strategy
1999-02-03;10000,0;10355,600711201423;0,0;1,015857284440047;-1,015857284440047;spy
1999-02-04;10000,0;10200,660401320802;0,0;-1,496198184939923;1,496198184939923;strategy
1999-02-05;10000,0;10083,820167640337;0,0;-1,1454183266932039;1,1454183266932039;strategy
1999-02-08;10000,0;10104,140208280416;0,0;0,201511335012583;-0,201511335012583;spy
1999-02-09;10000,0;9878,079756159512;0,0;-2,2373051784816522;2,2373051784816522;strategy
1999-02-10;10000,0;9941,579883159768;0,0;0,642838776034993;-0,642838776034993;spy
1999-02-11;10000,0;10170,180340360681;0,0;2,2994379151762834;-2,2994379151762834;spy
1999-02-12;10000,0;10048,260096520195;0,0;-1,1988011988011804;1,1988011988011804;strategy
1999-02-16;10000,0;9987,29997459995;0,0;-0,6066734074823166;0,6066734074823166;strategy
1999-02-17;10000,0;9977,139954279908;0,0;-0,10172939979654627;0,10172939979654627;strategy
1999-02-18;10000,0;10055,880111760223;0,0;0,7892057026476662;-0,7892057026476662;spy
1999-02-19;10000,0;10099,060198120394;0,0;0,429401363980797;-0,429401363980797;spy
1999-02-22;10000,0;10368,300736601472;0,0;2,665995975855129;-2,665995975855129;spy
1999-02-23;10000,0;10363,220726441454;0,0;-0,04899559039683865;0,04899559039683865;strategy
1999-02-24;10000,0;10180,340360680722;0,0;-1,764705882352935;1,764705882352935;strategy
1999-02-25;10000,0;10083,820167640337;0,0;-0,948103792415167;0,948103792415167;strategy
1999-02-26;10000,0;10043,180086360173;0,0;-0,4030226700251993;0,4030226700251993;strategy
1999-03-01;10000,0;10071,120142240285;0,0;0,2781992918563514;-0,2781992918563514;spy
1999-03-02;10000,0;9982,21996443993;0,0;-0,8827238335434973;0,8827238335434973;strategy
1999-03-03;10000,0;10035,560071120142;0,0;0,5343511450381699;-0,5343511450381699;spy
1999-03-04;10000,0;10162,56032512065;0,0;1,265502404454577;-1,265502404454577;spy
1999-03-05;10000,0;10367,030734061469;0,0;2,01199700074981;-2,01199700074981;spy
1999-03-08;10000,0;10434,340868681737;0,0;0,6492711013107666;-0,6492711013107666;spy
1999-03-09;10000,0;10408,940817881636;0,0;-0,24342745861732906;0,24342745861732906;strategy
1999-03-10;10000,0;10500,381000762003;0,0;0,8784773060029449;-0,8784773060029449;spy
1999-03-11;10000,0;10617,221234442468;0,0;1,1127237542331692;-1,1127237542331692;spy
1999-03-12;10000,0;10515,621031242063;0,0;-0,9569377990430561;0,9569377990430561;strategy
1999-03-15;10000,0;10665,481330962662;0,0;1,425120772946853;-1,425120772946853;spy
1999-03-16;10000,0;10624,8412496825;0,0;-0,3810431055013108;0,3810431055013108;strategy
1999-03-17;10000,0;10579,121158242317;0,0;-0,4303131723643383;0,4303131723643383;strategy
1999-03-18;10000,0;10749,301498602998;0,0;1,6086434573829633;-1,6086434573829633;spy
1999-03-19;10000,0;10541,021082042163;0,0;-1,937618147448028;1,937618147448028;strategy
1999-03-22;10000,0;10561,341122682246;0,0;0,1927710843373731;-0,1927710843373731;spy
1999-03-23;10000,0;10256,540513081027;0,0;-2,886002886002892;2,886002886002892;strategy
1999-03-24;10000,0;10314,96062992126;0,0;0,5695889053987102;-0,5695889053987102;spy
1999-03-25;10000,0;10525,781051562104;0,0;2,043831568579191;-2,043831568579191;spy
1999-03-26;10000,0;10449,5808991618;0,0;-0,7239382239382253;0,7239382239382253;strategy
1999-03-29;10000,0;10660,40132080264;0,0;2,0175012153621497;-2,0175012153621497;spy
1999-03-30;10000,0;10604,52120904242;0,0;-0,5241839409101501;0,5241839409101501;strategy
1999-03-31;10000,0;10434,340868681737;0,0;-1,6047904191616946;1,6047904191616946;strategy
1999-04-01;10000,0;10513,081026162052;0,0;0,7546251217137367;-0,7546251217137367;spy
1999-04-05;10000,0;10762,001524003048;0,0;2,367721671901424;-2,367721671901424;spy
1999-04-06;10000,0;10736,601473202947;0,0;-0,23601604909133655;0,23601604909133655;strategy
1999-04-07;10000,0;10822,961645923293;0,0;0,8043529690087592;-0,8043529690087592;spy
1999-04-08;10000,0;10960,121920243842;0,0;1,267308143628254;-1,267308143628254;spy
1999-04-09;10000,0;10962,661925323851;0,0;0,02317497103128119;-0,02317497103128119;spy
1999-04-12;10000,0;11079,502159004318;0,0;1,065801668211308;-1,065801668211308;spy
1999-04-13;10000,0;11008,382016764033;0,0;-0,6419073819348919;0,6419073819348919;strategy
1999-04-14;10000,0;10822,961645923293;0,0;-1,684356252884156;1,684356252884156;strategy
1999-04-15;10000,0;10782,321564643129;0,0;-0,3754987092231987;0,3754987092231987;strategy
1999-04-16;10000,0;10690,881381762765;0,0;-0,8480565371024595;0,8480565371024595;strategy
1999-04-19;10000,0;10525,781051562104;0,0;-1,5443098123069654;1,5443098123069654;strategy
1999-04-20;10000,0;10657,861315722632;0,0;1,2548262548262468;-1,2548262548262468;spy
1999-04-21;10000,0;10962,661925323851;0,0;2,8598665395614953;-2,8598665395614953;spy
1999-04-22;10000,0;11066,802133604268;0,0;0,9499536607970205;-0,9499536607970205;spy
1999-04-23;10000,0;11038,862077724156;0,0;-0,2524672940096395;0,2524672940096395;strategy
1999-04-26;10000,0;11102,36220472441;0,0;0,5752416014726203;-0,5752416014726203;spy
1999-04-27;10000,0;11155,702311404622;0,0;0,48043925875085325;-0,48043925875085325;spy
1999-04-28;10000,0;11003,302006604012;0,0;-1,3661202185792476;1,3661202185792476;strategy
1999-04-29;10000,0;10919,481838963678;0,0;-0,7617728531855716;0,7617728531855716;strategy
1999-04-30;10000,0;10830,581661163324;0,0;-0,8141428239125337;0,8141428239125337;strategy
1999-05-03;10000,0;11028,702057404114;0,0;1,8292682926829062;-1,8292682926829062;spy
1999-05-04;10000,0;10871,221742443484;0,0;-1,4279134039613117;1,4279134039613117;strategy
1999-05-05;10000,0;10957,58191516383;0,0;0,7943925233644844;-0,7943925233644844;spy
1999-05-06;10000,0;10890,27178054356;0,0;-0,6142790913305496;0,6142790913305496;strategy
1999-05-07;10000,0;10972,821945643891;0,0;0,7580174927113825;-0,7580174927113825;spy
1999-05-10;10000,0;10918,211836423672;0,0;-0,49768518518519267;0,49768518518519267;strategy
1999-05-11;10000,0;11028,702057404114;0,0;1,011980923577993;-1,011980923577993;spy
1999-05-12;10000,0;11115,06223012446;0,0;0,7830492860432914;-0,7830492860432914;spy
1999-05-13;10000,0;11163,322326644653;0,0;0,43418647166362234;-0,43418647166362234;spy
1999-05-14;10000,0;10873,761747523497;0,0;-2,5938566552900832;2,5938566552900832;strategy
1999-05-17;10000,0;10906,781813563626;0,0;0,303667367437499;-0,303667367437499;spy
1999-05-18;10000,0;10886,461772923545;0,0;-0,18630647414997759;0,18630647414997759;strategy
1999-05-19;10000,0;10965,20193040386;0,0;0,7232851143257113;-0,7232851143257113;spy
1999-05-20;10000,0;10899,161798323596;0,0;-0,6022700949733673;0,6022700949733673;strategy
1999-05-21;10000,0;10838,201676403352;0,0;-0,5593101841062653;0,5593101841062653;strategy
1999-05-24;10000,0;10657,861315722632;0,0;-1,6639325052730136;1,6639325052730136;strategy
1999-05-25;10000,0;10485,14097028194;0,0;-1,620591039084851;1,620591039084851;strategy
1999-05-26;10000,0;10601,981203962407;0,0;1,1143410852713087;-1,1143410852713087;spy
1999-05-27;10000,0;10449,5808991618;0,0;-1,4374700527072126;1,4374700527072126;strategy
1999-05-28;10000,0;10582,931165862332;0,0;1,276130286825472;-1,276130286825472;spy
1999-06-01;10000,0;10546,101092202185;0,0;-0,34801392055682223;0,34801392055682223;strategy
1999-06-02;10000,0;10556,261112522225;0,0;0,09633911368014392;-0,09633911368014392;spy
1999-06-03;10000,0;10614,681229362459;0,0;0,553416746871993;-0,553416746871993;spy
1999-06-04;10000,0;10828,041656083311;0,0;2,010050251256268;-2,010050251256268;spy
1999-06-07;10000,0;10855,981711963424;0,0;0,25803424818204856;-0,25803424818204856;spy
1999-06-08;10000,0;10749,301498602998;0,0;-0,9826860084230282;0,9826860084230282;strategy
1999-06-09;10000,0;10739,141478282956;0,0;-0,0945179584121103;0,0945179584121103;strategy
1999-06-10;10000,0;10640,081280162562;0,0;-0,922421948912;0,922421948912;strategy
1999-06-11;10000,0;10551,181102362203;0,0;-0,8355216042015057;0,8355216042015057;strategy
1999-06-14;10000,0;10561,341122682246;0,0;0,09629272989892801;-0,09629272989892801;spy
1999-06-15;10000,0;10632,461264922531;0,0;0,6734006734006703;-0,6734006734006703;spy
1999-06-16;10000,0;10835,661671323342;0,0;1,9111323459149343;-1,9111323459149343;spy
1999-06-17;10000,0;10937,261874523749;0,0;0,9376465072667761;-0,9376465072667761;spy
1999-06-18;10000,0;10916,94183388367;0,0;-0,18578727357174696;0,18578727357174696;strategy
1999-06-21;10000,0;10942,341884683769;0,0;0,2326663564448328;-0,2326663564448328;spy
1999-06-22;10000,0;10866,141732283466;0,0;-0,6963788300835438;0,6963788300835438;strategy
1999-06-23;10000,0;10812,801625603252;0,0;-0,4908835904628428;0,4908835904628428;strategy
1999-06-24;10000,0;10731,521463042925;0,0;-0,7517030772844824;0,7517030772844824;strategy
1999-06-25;10000,0;10704,85140970282;0,0;-0,24852071005916354;0,24852071005916354;strategy
1999-06-28;10000,0;10835,661671323342;0,0;1,221971764147578;-1,221971764147578;spy
1999-06-29;10000,0;10937,261874523749;0,0;0,9376465072667761;-0,9376465072667761;spy
1999-06-30;10000,0;11135,382270764543;0,0;1,8114259173246827;-1,8114259173246827;spy
1999-07-01;10000,0;11219,202438404876;0,0;0,7527372262773557;-0,7527372262773557;spy
1999-07-02;10000,0;11330,962661925323;0,0;0,9961512338691358;-0,9961512338691358;spy
1999-07-06;10000,0;11328,422656845314;0,0;-0,022416498542920937;0,022416498542920937;strategy
1999-07-07;10000,0;11343,662687325375;0,0;0,1345291479820654;-0,1345291479820654;spy
1999-07-08;10000,0;11352,55270510541;0,0;0,07836990595611049;-0,07836990595611049;spy
1999-07-09;10000,0;11419,862839725678;0,0;0,5929074840586024;-0,5929074840586024;spy
1999-07-12;10000,0;11369,062738125478;0,0;-0,4448398576512136;0,4448398576512136;strategy
1999-07-13;10000,0;11328,422656845314;0,0;-0,3574620196604261;0,3574620196604261;strategy
1999-07-14;10000,0;11391,922783845568;0,0;0,5605381165919354;-0,5605381165919354;spy
1999-07-15;10000,0;11464,312928625857;0,0;0,6354515050167153;-0,6354515050167153;spy
1999-07-16;10000,0;11526,543053086107;0,0;0,5428159964550927;-0,5428159964550927;spy
1999-07-19;10000,0;11450,342900685802;0,0;-0,6610841780520071;0,6610841780520071;strategy
1999-07-20;10000,0;11215,392430784861;0,0;-2,0519077196095914;2,0519077196095914;strategy
1999-07-21;10000,0;11202,69240538481;0,0;-0,11323745895142068;0,11323745895142068;strategy
1999-07-22;10000,0;11055,372110744222;0,0;-1,3150436458451376;1,3150436458451376;strategy
1999-07-23;10000,0;11033,782067564136;0,0;-0,1952900631820742;0,1952900631820742;strategy
1999-07-26;10000,0;10952,50190500381;0,0;-0,7366482504604144;0,7366482504604144;strategy
1999-07-27;10000,0;11043,942087884176;0,0;0,8348794063079756;-0,8348794063079756;spy
1999-07-28;10000,0;11079,502159004318;0,0;0,3219871205151881;-0,3219871205151881;spy
1999-07-29;10000,0;10924,561849123696;0,0;-1,3984410820724547;1,3984410820724547;strategy
1999-07-30;10000,0;10789,94157988316;0,0;-1,232271564752363;1,232271564752363;strategy
1999-08-02;10000,0;10815,341630683262;0,0;0,23540489642186468;-0,23540489642186468;spy
1999-08-03;10000,0;10764,541529083059;0,0;-0,4697040864255597;0,4697040864255597;strategy
1999-08-04;10000,0;10617,221234442468;0,0;-1,3685700802265388;1,3685700802265388;strategy
1999-08-05;10000,0;10713,741427482855;0,0;0,909090909090926;-0,909090909090926;spy
1999-08-06;10000,0;10596,901193802389;0,0;-1,0905642484589806;1,0905642484589806;strategy
1999-08-09;10000,0;10574,041148082297;0,0;-0,2157238734419975;0,2157238734419975;strategy
1999-08-10;10000,0;10457,20091440183;0,0;-1,104972375690605;1,104972375690605;strategy
1999-08-11;10000,0;10584,201168402336;0,0;1,2144765606023622;-1,2144765606023622;spy
1999-08-12;10000,0;10577,851155702312;0,0;-0,05999520038395545;0,05999520038395545;strategy
1999-08-13;10000,0;10822,961645923293;0,0;2,3172049465722155;-2,3172049465722155;spy
1999-08-16;10000,0;10871,221742443484;0,0;0,44590471720251657;-0,44590471720251657;spy
1999-08-17;10000,0;10942,341884683769;0,0;0,6542056074766434;-0,6542056074766434;spy
1999-08-18;10000,0;10863,601727203453;0,0;-0,7195914577530216;0,7195914577530216;strategy
1999-08-19;10000,0;10774,701549403098;0,0;-0,8183306055646433;0,8183306055646433;strategy
1999-08-20;10000,0;10883,921767843536;0,0;1,0136727958510283;-1,0136727958510283;spy
1999-08-23;10000,0;11092,20218440437;0,0;1,9136522753792296;-1,9136522753792296;spy
1999-08-24;10000,0;11132,84226568453;0,0;0,36638424547741355;-0,36638424547741355;spy
1999-08-25;10000,0;11247,14249428499;0,0;1,0266940451745477;-1,0266940451745477;spy
1999-08-26;10000,0;11112,52222504445;0,0;-1,1969286359530429;1,1969286359530429;strategy
1999-08-27;10000,0;10977,901955803913;0,0;-1,2114285714285522;1,2114285714285522;strategy
1999-08-30;10000,0;10774,701549403098;0,0;-1,8509949097640144;1,8509949097640144;strategy
1999-08-31;10000,0;10734,061468122934;0,0;-0,3771805752003865;0,3771805752003865;strategy
1999-09-01;10000,0;10866,141732283466;0,0;1,2304779933743681;-1,2304779933743681;spy
1999-09-02;10000,0;10737,87147574295;0,0;-1,1804581580177942;1,1804581580177942;strategy
1999-09-03;10000,0;11051,562103124206;0,0;2,921348314606753;-2,921348314606753;spy
1999-09-07;10000,0;11010,922021844042;0,0;-0,36773155596415696;0,36773155596415696;strategy
1999-09-08;10000,0;10957,58191516383;0,0;-0,48442906574394096;0,48442906574394096;strategy
1999-09-09;10000,0;10952,50190500381;0,0;-0,046360686138147145;0,046360686138147145;strategy
1999-09-10;10000,0;11043,942087884176;0,0;0,8348794063079756;-0,8348794063079756;spy
1999-09-13;10000,0;10969,011938023876;0,0;-0,678472861085555;0,678472861085555;strategy
1999-09-14;10000,0;10896,621793243587;0,0;-0,6599513720041639;0,6599513720041639;strategy
1999-09-15;10000,0;10723,901447802895;0,0;-1,5850815850815936;1,5850815850815936;strategy
1999-09-16;10000,0;10765,811531623063;0,0;0,3908100426338379;-0,3908100426338379;spy
1999-09-17;10000,0;10871,221742443484;0,0;0,9791199716880916;-0,9791199716880916;spy
1999-09-20;10000,0;10855,981711963424;0,0;-0,14018691588784105;0,14018691588784105;strategy
1999-09-21;10000,0;10627,38125476251;0,0;-2,1057557323350573;2,1057557323350573;strategy
1999-09-22;10000,0;10615,951231902463;0,0;-0,10755258126194933;0,10755258126194933;strategy
1999-09-23;10000,0;10393,700787401574;0,0;-2,0935518602703707;2,0935518602703707;strategy
1999-09-24;10000,0;10383,540767081533;0,0;-0,09775171065494748;0,09775171065494748;strategy
1999-09-27;10000,0;10452,120904241809;0,0;0,6604696673189858;-0,6604696673189858;spy
1999-09-28;10000,0;10431,800863601728;0,0;-0,1944106925880873;0,1944106925880873;strategy
1999-09-29;10000,0;10307,340614681229;0,0;-1,1930849768687746;1,1930849768687746;strategy
1999-09-30;10000,0;10464,82092964186;0,0;1,5278462296698159;-1,5278462296698159;spy
1999-10-01;10000,0;10441,960883921769;0,0;-0,21844660194174637;0,21844660194174637;strategy
1999-10-04;10000,0;10627,38125476251;0,0;1,7757236682072408;-1,7757236682072408;spy
1999-10-05;10000,0;10617,221234442468;0,0;-0,09560229445507717;0,09560229445507717;strategy
1999-10-06;10000,0;10779,78155956312;0,0;1,5311004784689164;-1,5311004784689164;spy
1999-10-07;10000,0;10718,821437642875;0,0;-0,5655042412818223;0,5655042412818223;strategy
1999-10-08;10000,0;10881,381762763525;0,0;1,516587677725112;-1,516587677725112;spy
1999-10-11;10000,0;10863,601727203453;0,0;-0,16339869281046804;0,16339869281046804;strategy
1999-10-12;10000,0;10695,961391922783;0,0;-1,5431377133504731;1,5431377133504731;strategy
1999-10-13;10000,0;10419,100838201675;0,0;-2,588458798385185;2,588458798385185;strategy
1999-10-14;10000,0;10416,560833121666;0,0;-0,024378352023390892;0,024378352023390892;strategy
1999-10-15;10000,0;10149,860299720598;0,0;-2,560351133869798;2,560351133869798;strategy
1999-10-18;10000,0;10223,520447040895;0,0;0,7257257257257566;-0,7257257257257566;spy
1999-10-19;10000,0;10322,58064516129;0,0;0,9689440993788656;-0,9689440993788656;spy
1999-10-20;10000,0;10424,180848361697;0,0;0,9842519685039353;-0,9842519685039353;spy
1999-10-21;10000,0;10485,14097028194;0,0;0,5847953216374213;-0,5847953216374213;spy
1999-10-22;10000,0;10574,041148082297;0,0;0,8478682170542706;-0,8478682170542706;spy
1999-10-25;10000,0;10520,701041402082;0,0;-0,5044439106413723;0,5044439106413723;strategy
1999-10-26;10000,0;10388,620777241555;0,0;-1,2554321583775896;1,2554321583775896;strategy
1999-10-27;10000,0;10576,581153162306;0,0;1,8092909535452284;-1,8092909535452284;spy
1999-10-28;10000,0;10937,261874523749;0,0;3,410182516810756;-3,410182516810756;spy
1999-10-29;10000,0;11135,382270764543;0,0;1,8114259173246827;-1,8114259173246827;spy
1999-11-01;10000,0;11018,542037084073;0,0;-1,0492700729927251;1,0492700729927251;strategy
1999-11-02;10000,0;10939,80187960376;0,0;-0,7146150299677134;0,7146150299677134;strategy
1999-11-03;10000,0;11013,462026924055;0,0;0,6733224982586661;-0,6733224982586661;spy
1999-11-04;10000,0;11097,282194564388;0,0;0,7610701107010787;-0,7610701107010787;spy
1999-11-05;10000,0;11206,502413004826;0,0;0,9842069123369379;-0,9842069123369379;spy
1999-11-08;10000,0;11216,662433324867;0,0;0,09066183136900996;-0,09066183136900996;spy
1999-11-09;10000,0;11111,252222504445;0,0;-0,9397644927536253;0,9397644927536253;strategy
1999-11-10;10000,0;11193,802387604774;0,0;0,7429420505200568;-0,7429420505200568;spy
1999-11-11;10000,0;11257,30251460503;0,0;0,5672793283412858;-0,5672793283412858;spy
1999-11-12;10000,0;11358,902717805435;0,0;0,902527075812265;-0,902527075812265;spy
1999-11-15;10000,0;11385,572771145542;0,0;0,2347942754919563;-0,2347942754919563;spy
1999-11-16;10000,0;11480,822961645923;0,0;0,8365867261572735;-0,8365867261572735;spy
1999-11-17;10000,0;11511,303022606045;0,0;0,26548672566373277;-0,26548672566373277;spy
1999-11-18;10000,0;11592,58318516637;0,0;0,7060900264783676;-0,7060900264783676;spy
1999-11-19;10000,0;11582,42316484633;0,0;-0,08764241893075564;0,08764241893075564;strategy
1999-11-22;10000,0;11579,88315976632;0,0;-0,021929824561406353;0,021929824561406353;strategy
1999-11-23;10000,0;11478,282956565912;0,0;-0,8773853915332364;0,8773853915332364;strategy
1999-11-24;10000,0;11539,243078486157;0,0;0,5310909493250859;-0,5310909493250859;spy
1999-11-26;10000,0;11496,062992125984;0,0;-0,37420206911732423;0,37420206911732423;strategy
1999-11-29;10000,0;11455,422910845822;0,0;-0,35351303579319593;0,35351303579319593;strategy
1999-11-30;10000,0;11320,802641605283;0,0;-1,1751662971175136;1,1751662971175136;strategy
1999-12-01;10000,0;11412,24282448565;0,0;0,8077181960960189;-0,8077181960960189;spy
1999-12-02;10000,0;11480,822961645923;0,0;0,6009347874471382;-0,6009347874471382;spy
1999-12-03;10000,0;11691,643383286768;0,0;1,8362831858407258;-1,8362831858407258;spy
1999-12-06;10000,0;11605,283210566422;0,0;-0,7386487073647641;0,7386487073647641;strategy
1999-12-07;10000,0;11511,303022606045;0,0;-0,8098052090173002;0,8098052090173002;strategy
1999-12-08;10000,0;11437,64287528575;0,0;-0,6398940864960401;0,6398940864960401;strategy
1999-12-09;10000,0;11493,522987045973;0,0;0,4885631801021528;-0,4885631801021528;spy
1999-12-10;10000,0;11531,623063246127;0,0;0,33149171270718814;-0,33149171270718814;spy
1999-12-13;10000,0;11551,94310388621;0,0;0,17621145374451253;-0,17621145374451253;spy
1999-12-14;10000,0;11440,18288036576;0,0;-0,9674582233949125;0,9674582233949125;strategy
1999-12-15;10000,0;11501,143002286006;0,0;0,5328596802842034;-0,5328596802842034;spy
1999-12-16;10000,0;11551,94310388621;0,0;0,4416961130742081;-0,4416961130742081;spy
1999-12-17;10000,0;11597,663195326391;0,0;0,3957783641160839;-0,3957783641160839;spy
1999-12-20;10000,0;11513,843027686054;0,0;-0,7227332457293123;0,7227332457293123;strategy
1999-12-21;10000,0;11689,103378206755;0,0;1,5221707478491053;-1,5221707478491053;spy
1999-12-22;10000,0;11719,583439166878;0,0;0,26075619295957697;-0,26075619295957697;spy
1999-12-23;10000,0;11906,273812547624;0,0;1,5929778933680083;-1,5929778933680083;spy
1999-12-27;10000,0;11889,76377952756;0,0;-0,13866666666665362;0,13866666666665362;strategy
1999-12-28;10000,0;11882,14376428753;0,0;-0,06408886989959228;0,06408886989959228;strategy
1999-12-29;10000,0;11932,943865887732;0,0;0,42753313381784785;-0,42753313381784785;spy
1999-12-30;10000,0;11918,973837947675;0,0;-0,11707109408259919;0,11707109408259919;strategy
1999-12-31;10000,0;11938,023876047751;0,0;0,15982951518380695;-0,15982951518380695;spy
2000-01-03;10000,0;11821,183642367285;0,0;-0,9787234042553106;0,9787234042553106;strategy
2000-01-04;10000,0;11358,902717805435;0,0;-3,9106145251396773;3,9106145251396773;strategy
2000-01-05;10000,0;11379,222758445518;0,0;0,17889087656530744;-0,17889087656530744;spy
2000-01-06;10000,0;11196,342392684786;0,0;-1,6071428571428514;1,6071428571428514;strategy
2000-01-07;10000,0;11846,583693167388;0,0;5,807622504537213;-5,807622504537213;spy
2000-01-10;10000,0;11887,223774447548;0,0;0,34305317324183626;-0,34305317324183626;spy
2000-01-11;10000,0;11744,98348996698;0,0;-1,1965811965811812;1,1965811965811812;strategy
2000-01-12;10000,0;11628,143256286512;0,0;-0,9948096885813218;0,9948096885813218;strategy
2000-01-13;10000,0;11785,623571247144;0,0;1,3543031891655843;-1,3543031891655843;spy
2000-01-14;10000,0;11945,643891287782;0,0;1,3577586206896308;-1,3577586206896308;spy
2000-01-18;10000,0;11851,663703327406;0,0;-0,7867318732723838;0,7867318732723838;strategy
2000-01-19;10000,0;11948,183896367793;0,0;0,8144020574367916;-0,8144020574367916;spy
2000-01-20;10000,0;11765,303530607061;0,0;-1,5306122448979553;1,5306122448979553;strategy
2000-01-21;10000,0;11739,903479806959;0,0;-0,21588946459413227;0,21588946459413227;strategy
2000-01-24;10000,0;11407,16281432563;0,0;-2,8342708784076076;2,8342708784076076;strategy
2000-01-25;10000,0;11536,703073406146;0,0;1,135604542418167;-1,135604542418167;spy
2000-01-26;10000,0;11445,26289052578;0,0;-0,7926023778071278;0,7926023778071278;strategy
2000-01-27;10000,0;11399,542799085599;0,0;-0,3994673768308865;0,3994673768308865;strategy
2000-01-28;10000,0;11043,942087884176;0,0;-3,1194295900178304;3,1194295900178304;strategy
2000-01-31;9988,000000000002;11343,662687325375;-0,11999999999998678;2,7138914443422424;-2,833891444342229;spy
2000-02-01;10170,866665316247;11455,422910845822;1,8308636895899566;0,9852216748768461;0,8456420147131105;strategy
2000-02-02;10219,436338357915;11465,582931165864;0,47753721133023674;0,08869179600887733;0,3888454153213594;strategy
2000-02-03;10353,112434652277;11638,303276606553;1,3080574296707503;1,5064244572441154;-0,1983670275733651;spy
2000-02-04;10432,489001628765;11590,04318008636;0,766692793857926;-0,41466608467917165;1,1813588785370976;strategy
2000-02-07;10604,513711839343;11572,263144526289;1,648932581512641;-0,15340784571554744;1,8023404272281884;strategy
2000-02-08;10731,708820092048;11729,74345948692;1,1994431023338636;1,3608428446005405;-0,16139974226667686;spy
2000-02-09;10706,058131110083;11483,362966725934;-0,2390177502201829;-2,1004763967085283;1,8614586464883454;strategy
2000-02-10;11007,018446418708;11506,223012446024;2,8111216249992355;0,1990710019907027;2,6120506230085327;strategy
2000-02-11;10949,791496968806;11272,542545085089;-0,5199132692334185;-2,03090507726269;1,5109918080292717;strategy
2000-02-14;11034,5450271492;11338,582677165354;0,7740195802254046;0,5858494817485349;0,18817009847686972;strategy
2000-02-15;11053,762739327623;11466,852933705866;0,17415953381982874;1,1312724014336917;-0,9571128676138629;spy
2000-02-16;11087,180792419575;11297,942595885192;0,30232287303448846;-1,4730313434488829;1,7753542164833713;strategy
2000-02-17;11252,925857124676;11239,52247904496;1,4949252457254314;-0,5170863309352347;2,012011576660666;strategy
2000-02-18;11195,886186530795;10998,221996443994;-0,5068874648077926;-2,1468926553672385;1,640005190559446;strategy
2000-02-22;11208,607389899258;10970,281940563882;0,11362390753637541;-0,25404157043880105;0,36766547797517646;strategy
2000-02-23;11703,96676980138;11099,8221996444;4,419455180029952;1,1808288955776902;3,2386262844522617;strategy
2000-02-24;11812,727015507848;10876,301752603506;0,9292596932784392;-2,0137299771167183;2,9429896703951575;strategy
2000-02-25;12033,826111310926;10836,931673863348;1,8717024063352738;-0,3619803829985946;2,2336827893338684;strategy
2000-02-28;11955,399749066886;11064,262128524257;-0,651715934056285;2,0977381928981575;-2,7494541269544426;spy
2000-02-29;12097,770741797918;11170,942341884684;1,1908509603967277;0,9641873278236845;0,22666363257304312;strategy
2000-03-01;12165,233874603533;11252,222504445008;0,5576492913072828;0,7276034561163991;-0,1699541648091163;spy
2000-03-02;12151,651505235615;11259,842519685038;-0,11164906082301584;0,06772009029345494;-0,17936915111647078;spy
2000-03-03;12297,724608142988;11470,662941325882;1,202084365606071;1,8723212271599454;-0,6702368615538745;spy
2000-03-06;12431,473359026915;11358,902717805435;1,0875894130477182;-0,9743135518157642;2,0619029648634823;strategy
2000-03-07;12472,558104826592;11139,192278384558;0,33048975461822394;-1,9342576028622327;2,2647473574804566;strategy
2000-03-08;12374,070526582833;11125,222250444502;-0,7896341505568727;-0,12541329380915123;-0,6642208567477215;spy
2000-03-09;12441,348370417365;11450,342900685802;0,5437001808741959;2,9223744292237397;-2,3786742483495438;spy
2000-03-10;12403,531540047135;11389,382778765557;-0,3039608669760385;-0,5323868677906018;0,22842600081456332;strategy
2000-03-13;12385,660777462455;11264,92252984506;-0,14407801944938958;-1,0927743086529773;0,9486962892035877;strategy
2000-03-14;12093,06694516939;11104,902209804419;-2,3623594861041486;-1,4205186020293192;-0,9418408840748294;spy
2000-03-15;12010,043645339672;11363,982727965456;-0,6865363452145723;2,3330283623056003;-3,0195647075201726;spy
2000-03-16;12005,477315017906;11894,843789687578;-0,038020930286442045;4,671434957532394;-4,709455887818836;spy
2000-03-17;12126,183996194866;11943,103886207773;1,0054300883644673;0,4057228272475122;0,5997072611169552;strategy
2000-03-20;12031,089362273771;11882,14376428753;-0,7842090632216636;-0,5104210974053558;-0,2737879658163078;spy
2000-03-21;12102,571406788584;12125,984251968504;0,594144406731445;2,052159042325763;-1,458014635594318;spy
2000-03-22;12251,656343286486;12199,644399288798;1,2318451301537303;0,6074570590699491;0,6243880710837812;strategy
2000-03-23;12250,296740113983;12407,924815849632;-0,011097300923301745;1,7072662919008996;-1,7183635928242014;spy
2000-03-24;12268,153572269526;12481,584963169928;0,14576652741047358;0,5936540429887449;-0,44788751557827133;spy
2000-03-27;12240,553695672717;12349,504699009398;-0,2249717240187965;-1,0582010582010692;0,8332293341822727;strategy
2000-03-28;12215,583220860513;12278,384556769113;-0,2039979189914498;-0,5758946935417564;0,37189677455030656;strategy
2000-03-29;12073,47456371036;12291,084582169166;-1,1633391102233603;0,10343400910219902;-1,2667731193255594;spy
2000-03-30;11948,850548551482;12085,34417068834;-1,0322133409173317;-1,6738995660260603;0,6416862251087285;strategy
2000-03-31;12037,271055212226;12222,50444500889;0,7399917364558917;1,1349306431273742;-0,39493890667148257;spy
2000-04-03;11781,096247215351;12293,624587249175;-2,1281801067854933;0,5818786367414841;-2,7100587435269774;spy
2000-04-04;11481,02724798162;12202,184404368807;-2,547038008493119;-0,7438016528925728;-1,803236355600546;spy
2000-04-05;11831,530331211048;12125,984251968504;3,05288956866685;-0,6244796003330388;3,677369168999889;strategy
2000-04-06;12115,93348187798;12231,394462788925;2,403773161251088;0,8692919983242398;1,5344811629268484;strategy
2000-04-07;12563,829927878787;12308,864617729236;3,6967555712544398;0,6333714048385453;3,0633841664158945;strategy
2000-04-10;12129,507382842554;12260,604521209041;-3,4569279234867967;-0,3920759389187123;-3,0648519845680844;spy
2000-04-11;11891,669116407305;12225,0444500889;-1,9608237905166304;-0,2900352185622346;-1,6707885719543958;spy
2000-04-12;11474,313632801968;11889,76377952756;-3,5096459506218425;-2,7425722002908715;-0,767073750330971;spy
2000-04-13;11359,63390050623;11724,6634493269;-0,9994474263619657;-1,3885921811578772;0,3891447547959115;strategy
2000-04-14;10822,333926105039;11054,102108204215;-4,72990572677916;-5,719237435008684;0,9893317082295239;strategy
2000-04-17;11314,239191884199;11440,18288036576;4,545278949419718;3,4926470588235503;1,0526318905961674;strategy
2000-04-18;11892,41960283753;11742,443484886971;5,110201412111426;2,6420959147424705;2,4681054973689553;strategy
2000-04-19;11702,043315671695;11633,223266446534;-1,600820468194808;-0,9301319489509075;-0,6706885192439005;spy
2000-04-20;11680,996193690913;11689,103378206755;-0,17985852054226426;0,4803493449781593;-0,6602078655204235;spy
2000-04-24;11588,533853447352;11562,103124206249;-0,7915621126004746;-1,0864841373315781;0,2949220247311035;strategy
2000-04-25;12030,199778195874;12042,16408432817;3,811232122492658;4,152021089630931;-0,34078896713827245;spy
2000-04-26;11820,29163703809;11906,273812547624;-1,7448433527947893;-1,1284539126766635;-0,6163894401181258;spy
2000-04-27;12217,329997291756;11866,903733807469;3,358955704693223;-0,3306666666666569;3,6896223713598797;strategy
2000-04-28;12291,4360640647;11793,243586487171;0,6065651561296237;-0,6207191780822185;1,2272843342118422;strategy
2000-05-01;12374,006886139181;11953,263906527813;0,6717752233678098;1,3568813267284208;-0,685106103360611;spy
2000-05-02;11983,754625796228;11714,503429006858;-3,1538067170473028;-1,9974500637484072;-1,1563566532988956;spy
2000-05-03;11550,552183347485;11440,18288036576;-3,6149141565051;-2,341717259323506;-1,2731968971815943;spy
2000-05-04;11833,099311042395;11526,543053086107;2,4461785307741346;0,7548845470692678;1,6912939837048668;strategy
2000-05-05;12182,128810349543;11666,243332486665;2,9496033974923286;1,2119876597620038;1,7376157377303247;strategy
2000-05-08;11874,385758050103;11578,613157226315;-2,526184520705377;-0,7511430437622479;-1,7750414769431289;spy
2000-05-09;11665,607650953361;11485,902971805943;-1,758222373356888;-0,800701985302188;-0,9575203880547001;spy
2000-05-10;11270,319263481375;11226,822453644907;-3,388493761314537;-2,2556390977443552;-1,132854663570182;spy
2000-05-11;11641,774462406649;11483,362966725934;3,295871130544459;2,2850678733031815;1,0108032572412773;strategy
2000-05-12;11645,058534551605;11607,823215646431;0,028209377836341254;1,0838310108383098;-1,0556216330019685;spy
2000-05-15;11742,562033037331;11808,483616967234;0,837295048336828;1,7286652078774667;-0,8913701595406387;spy
2000-05-16;12030,68652898631;11922,78384556769;2,4536765923684367;0,9679500967950005;1,4857264955734362;strategy
2000-05-17;12128,956538204782;11798,323596647193;0,8168279422932523;-1,043885811674472;1,8607137539677243;strategy
2000-05-18;11910,310599043009;11653,543307086613;-1,8026772416329884;-1,2271259418729863;-0,5755512997600021;spy
2000-05-19;11646,79019292413;11470,662941325882;-2,21254016784459;-1,569311246730598;-0,6432289211139919;spy
2000-05-22;11621,803064924094;11384,302768605536;-0,21454089569861168;-0,7528786536758258;0,5383377579772142;strategy
2000-05-23;11341,189056520123;11216,662433324867;-2,4145479564259276;-1,4725568942436262;-0,9419910621823013;spy
2000-05-24;11309,797117956732;11399,542799085599;-0,276795831609411;1,6304347826086918;-1,9072306142181028;spy
2000-05-25;11345,794275671373;11203,962407924817;0,31828296599138994;-1,7156862745097978;2,0339692405011878;strategy
2000-05-26;11366,433099943468;11216,662433324867;0,18190726687465908;0,11335298118340109;0,06855428569125799;strategy
2000-05-30;11805,881989240506;11582,42316484633;3,86619870484457;3,2608695652173836;0,6053291396271865;strategy
2000-05-31;11849,641726281523;11607,823215646431;0,37066046468106073;0,21929824561401912;0,15136221906704161;strategy
2000-06-01;11892,177744265746;11811,023622047243;0,3589645912237316;1,7505470459518557;-1,3915824547281241;spy
2000-06-02;11961,552336977458;12016,764033528067;0,5833632342500339;1,74193548387096;-1,158572249620926;spy
2000-06-05;11947,08402346744;11958,343916687832;-0,12095682150963238;-0,4861551469034109;0,3651983253937785;strategy
2000-06-06;11921,804523547347;11905,00381000762;-0,21159556482934772;-0,44604927782496695;0,23445371299561923;strategy
2000-06-07;11926,580992389112;11987,55397510795;0,04006498204471853;0,6934072967783367;-0,6533423147336181;spy
2000-06-08;11935,304758419205;11940,563881127762;0,07314557320039494;-0,3919906769784931;0,46513625017888804;strategy
2000-06-09;11962,364212794724;11915,16383032766;0,22671774976195103;-0,21272069772390045;0,4394384474858515;strategy
2000-06-12;11981,12843952768;11775,463550927101;0,15686052020458252;-1,1724578981027522;1,3293184183073348;strategy
2000-06-13;12008,797951527878;11996,443992887986;0,23094245370838262;1,8766177739430567;-1,645675320234674;spy
2000-06-14;12020,472519133873;12016,764033528067;0,09721678766783093;0,16938386618674528;-0,07216707851891435;spy
2000-06-15;12062,008955096097;12042,16408432817;0,3455474474577169;0,21137180300148106;0,13417564445623587;strategy
2000-06-16;12082,983475751065;11915,16383032766;0,1738891152630595;-1,0546298249314634;1,228518940194523;strategy
2000-06-19;12164,552286874365;12067,56413512827;0,6750717758325031;1,279044979748467;-0,603973203915964;spy
2000-06-20;12144,41340688265;12024,384048768097;-0,16555381173744;-0,3578194064407514;0,1922655947033114;strategy
2000-06-21;12165,354265547434;12019,304038608076;0,17243203078805003;-0,04224757076469743;0,21467960155274746;strategy
2000-06-22;12102,32985051396;11836,423672847344;-0,5180647736002353;-1,5215553677092153;1,00349059410898;strategy
2000-06-23;12026,21355364117;11734,82346964694;-0,6289392027234886;-0,8583690987124193;0,2294298959889307;strategy
2000-06-26;12130,272141039306;11885,953771907545;0,865264756309192;1,2878787878787934;-0,4226140315696014;spy
2000-06-27;12088,309151169993;11798,323596647193;-0,3459360959210733;-0,7372582540869921;0,39132215816591875;strategy
2000-06-28;12149,366988769734;11831,343662687326;0,5050982468778997;0,2798708288482388;0,22522741802966095;strategy
2000-06-29;12095,177164084915;11719,583439166878;-0,4460300255553218;-0,9446114212108281;0,4985813956555063;strategy
2000-06-30;12098,60632083261;11808,483616967234;0,028351438769158577;0,758560901603822;-0,7302094628346634;spy
2000-07-03;12118,518527063026;11971,043942087885;0,16458264449954463;1,3766401376640092;-1,2120574931644645;spy
2000-07-05;12059,164844494722;11755,14351028702;-0,48977672011438766;-1,8035221727137785;1,3137454525993908;strategy
2000-07-06;11999,353622254805;11846,583693167388;-0,4959814631543269;0,7778738115816974;-1,2738552747360243;spy
2000-07-07;12168,153235562577;12037,084074168148;1,4067392179750948;1,6080617495711769;-0,20132253159608204;spy
2000-07-10;12210,817753377987;12016,764033528067;0,35062442910991365;-0,168811985650974;0,5194364147608876;strategy
2000-07-11;12320,045264662072;12042,16408432817;0,8945143027285773;0,21137180300148106;0,6831424997270963;strategy
2000-07-12;12518,408041338183;12120,904241808483;1,610081557452392;0,6538704914574867;0,9562110659949052;strategy
2000-07-13;12505,815624184153;12174,244348488697;-0,10059120227147167;0,44006705783739;-0,5406582601088616;spy
2000-07-14;12463,216128019263;12293,624587249175;-0,3406374877501839;0,9805967035259711;-1,321234191276155;spy
2000-07-17;12785,103669069003;12273,304546609093;2,582700466263166;-0,16528925619834212;2,747989722461508;strategy
2000-07-18;12666,700054793493;12172,974345948693;-0,9261060163474832;-0,8174668874172175;-0,10863912893026573;spy
2000-07-19;12364,706489058086;12075,1841503683;-2,384153445088666;-0,8033385498174228;-1,580814895271243;spy
2000-07-20;12473,000101308997;12242,824485648971;0,8758284100536029;1,3883045856121212;-0,5124761755585183;spy
2000-07-21;12172,538604616137;12004,064008128016;-2,4088951675814374;-1,9502074688796611;-0,4586876987017763;spy
2000-07-24;11900,39939161753;11935,483870967742;-2,235681658839883;-0,5713076597545497;-1,6643739990853335;spy
2000-07-25;11743,5910060547;11973,583947167894;-1,3176733015640152;0,31921685464990635;-1,6368901562139215;spy
2000-07-26;11784,992692629938;11856,743713487427;0,3525470748588999;-0,9758167161646125;1,3283637910235124;strategy
2000-07-27;11385,299093550657;11816,103632207265;-3,39154727969615;-0,3427592116538092;-3,0487880680423407;spy
2000-07-28;11111,388433113745;11549,403098806197;-2,405827534140692;-2,257093723129844;-0,14873381101084826;spy
2000-07-31;11240,547492862268;11623,063246126492;1,162402525355044;0,6377831537277334;0,5246193716273106;strategy
2000-08-01;11200,627010992792;11694,183388366777;-0,3551471304651832;0,6118881118881037;-0,9670352423532869;spy
2000-08-02;11149,668408345453;11752,603505207011;-0,4549620534397447;0,4995655951346656;-0,9545276485744103;spy
2000-08-03;11199,667898557007;11833,883667767335;0,4484392573875118;0,6915928247244407;-0,24315356733692894;spy
2000-08-04;11224,321951957514;11897,38379476759;0,22013200412562828;0,536595836016307;-0,3164638318906787;spy
2000-08-07;11306,046259807514;12039,624079248159;0,7281001756702654;1,1955593509820783;-0,4674591753118129;spy
2000-08-08;11320,017683123966;12085,34417068834;0,12357479348126255;0,37974683544304;-0,25617204196177745;spy
2000-08-09;11174,790128538163;11983,743967487935;-1,2829269233590512;-0,8406893652795233;-0,4422375580795279;spy
2000-08-10;11177,211723208451;11925,323850647703;0,021670157939723822;-0,48749470114454185;0,5091648590842657;strategy
2000-08-11;11183,950162588091;11981,203962407924;0,060287301936390314;0,46858359957400175;-0,40829629763761144;spy
2000-08-14;11234,98889302552;12133,604267208535;0,4563569194734107;1,2719949120203689;-0,8156379925469581;spy
2000-08-15;11267,434213897197;12123,444246888494;0,28878818822704044;-0,08373456144024072;0,37252274966728116;strategy
2000-08-16;11298,00630293622;12080,26416052832;0,27133141812638595;-0,3561701236119874;0,6275015417383734;strategy
2000-08-17;11326,936128645633;12207,264414528829;0,2560613344842366;1,0513036164844447;-0,7952422820002081;spy
2000-08-18;11370,106599625118;12166,624333248667;0,3811310533508472;-0,33291718684976823;0,7140482402006154;strategy
2000-08-21;11412,792087502674;12232,664465328931;0,3754185372278229;0,542797494780789;-0,16737895755296606;spy
2000-08-22;11372,41442326838;12212,34442468885;-0,3537930413935242;-0,16611295681062677;-0,18768008458289742;spy
2000-08-23;11410,593988326673;12260,604521209041;0,33572083848947276;0,39517470881862415;-0,05945387032915139;spy
2000-08-24;11428,696399978227;12298,704597409196;0,15864565569569944;0,3107520198881497;-0,15210636419245027;spy
2000-08-25;11473,40348987474;12293,624587249175;0,3911827590117545;-0,04130524576622108;0,43248800477797555;strategy
2000-08-28;11538,86971738554;12335,534671069341;0,5705911726069157;0,3409090909090917;0,229682081697824;strategy
2000-08-29;11447,795046590292;12338,074676149354;-0,7892858921704105;0,02059096056832299;-0,8098768527387334;spy
2000-08-30;11549,184355986627;12219,96443992888;0,8856667068522839;-0,9572825527534801;1,842949259605764;strategy
2000-08-31;11716,310377378815;12382,52476504953;1,4470807309050926;1,3302847640823012;0,11679596682279136;strategy
2000-09-01;11889,773789439041;12395,224790449582;1,480529334517633;0,10256410256410664;1,3779652319535263;strategy
2000-09-05;11608,178921980323;12296,164592329184;-2,3683786794063466;-0,7991803278688647;-1,5691983515374819;spy
2000-09-06;11361,567150782092;12156,464312928625;-2,124465627690031;-1,1361288989878093;-0,9883367287022216;spy
2000-09-07;11456,18372603551;12260,604521209041;0,8327775032945572;0,856665273714996;-0,02388777042043877;spy
2000-09-08;11364,543905858602;12176,784353568708;-0,7999157692333947;-0,6836544437538672;-0,1162613254795275;spy
2000-09-11;11271,339684087425;12159,004318008638;-0,8201316528253177;-0,1460158531497613;-0,6741157996755565;spy
2000-09-12;11214,273299332712;12070,10414020828;-0,5062963796156228;-0,731146856068543;0,22485047645292022;strategy
2000-09-13;11197,49068273342;12101,854203708406;-0,1496540716578676;0,2630471380471455;-0,4127012097050131;spy
2000-09-14;11328,365627754862;12162,81432562865;1,1687881573614556;0,5037254696190541;0,6650626877424015;strategy
2000-09-15;11455,064299484891;11866,903733807469;1,118419689947281;-2,4329121854442692;3,55133187539155;strategy
2000-09-18;11060,62515558909;11757,68351536703;-3,4433603651926936;-0,9203767123287743;-2,5229836528639193;spy
2000-09-19;11237,497170398472;11864,363728727458;1,599114085518094;0,9073233959818516;0,6917906895362425;strategy
2000-09-20;11248,21978024647;11776,733553467107;0,09541813168365554;-0,7385998715478514;0,834018003231507;strategy
2000-09-21;11290,72761358039;11597,663195326391;0,377907208112771;-1,5205435134260759;1,8984507215388469;strategy
2000-09-22;11500,380887325025;11808,483616967234;1,8568623823009167;1,8177836180464313;0,03907876425448542;strategy
2000-09-25;11629,009509430733;11724,6634493269;1,1184727129122551;-0,7098300709830085;1,8283027838952637;strategy
2000-09-26;11553,478977726714;11574,8031496063;-0,6495009883925706;-1,278162911611791;0,6286619232192203;strategy
2000-09-27;11621,064801205324;11635,763271526543;0,584982442162274;0,5266622778143493;0,05832016434792475;strategy
2000-09-28;11790,50372177059;11785,623571247144;1,458032662787434;1,2879283999126967;0,17010426287473734;strategy
2000-09-29;11713,896024606476;11673,863347726696;-0,6497406639434877;-0,9482758620689813;0,29853519812549356;strategy
2000-10-02;11541,656924887608;11691,643383286768;-1,4703826921210417;0,1523063533507507;-1,6226890454717924;spy
2000-10-03;11466,983385482385;11582,42316484633;-0,6469915012306648;-0,9341733651966222;0,28718186396595735;strategy
2000-10-04;11380,80253468004;11678,943357886716;-0,7515564286196819;0,8333333333333304;-1,5848897619530122;spy
2000-10-05;11293,350425362034;11719,583439166878;-0,7684177723980223;0,3479773814702103;-1,1163951538682326;spy
2000-10-06;11231,002629678078;11465,582931165864;-0,552075277359132;-2,167316861725166;1,615241584366034;strategy
2000-10-09;11240,199074093167;11379,222758445518;0,0818844471711433;-0,7532122286220688;0,8350966757932121;strategy
2000-10-10;11228,182076204954;11191,262382524765;-0,10691089907749474;-1,651785714285725;1,5448748152082303;strategy
2000-10-11;11168,301525191782;11097,282194564388;-0,5333058424486392;-0,8397639582387706;0,3064581157901314;strategy
2000-10-12;11075,793855502801;10820,42164084328;-0,82830562445253;-2,494850080109867;1,6665444556573372;strategy
2000-10-13;11120,708160736032;11181,102362204725;0,4055177066239368;3,3333333333333437;-2,927815626709407;spy
2000-10-16;11235,493867589335;11231,902463804929;1,0321798323831288;0,45433893684689863;0,5778408955362302;strategy
2000-10-17;11244,12754965057;10952,50190500381;0,07684292442309282;-2,4875621890547372;2,56440511347783;strategy
2000-10-18;11158,2273857021;10911,861823723648;-0,7639557944283504;-0,37105751391465214;-0,39289828051369824;spy
2000-10-19;11216,061979448301;11323,342646685292;0,5183134538045975;3,77094972067038;-3,2526362668657827;spy
2000-10-20;11181,172439354035;11371,602743205487;-0,31106764707786727;0,4262000897263585;-0,7372677368042257;spy
2000-10-23;11150,167953550941;11422,40284480569;-0,27729190271647;0,4467277194549979;-0,7240196221714679;spy
2000-10-24;11139,956411793795;11346,202692405384;-0,09158195463677687;-0,667111407605081;0,5755294529683042;strategy
2000-10-25;10935,683963815816;11079,502159004318;-1,8336916270311199;-2,3505708529214187;0,5168792258902988;strategy
2000-10-26;10948,550952381049;11109,98221996444;0,11766057438937771;0,27510316368639653;-0,15744258929701882;spy
2000-10-27;10901,121177282028;11320,802641605283;-0,4332059585355985;1,897576588934613;-2,3307825474702115;spy
2000-10-30;10940,011286451563;11422,40284480569;0,3567532966295417;0,8974646623289173;-0,5407113656993756;spy
2000-10-31;10984,76158893821;11619,253238506477;0,4090517031007712;1,72337113631309;-1,3143194332123187;spy
2000-11-01;10982,51315262825;11579,88315976632;-0,020468685567331946;-0,3388348453382872;0,3183661597709553;strategy
2000-11-02;11030,157070065392;11598,933197866396;0,43381616552620184;0,16450976091249014;0,2693064046137117;strategy
2000-11-03;11046,469867219268;11605,283210566422;0,14789270044166525;0,054746523595761154;0,0931461768459041;strategy
2000-11-06;11061,502384653617;11686,563373126746;0,1360843564961689;0,700372072663602;-0,5642877161674331;spy
2000-11-07;11077,186553547566;11684,023368046737;0,14179058457475247;-0,02173440556400008;0,16352499013875255;strategy
2000-11-08;11127,112434472147;11424,9428498857;0,45070903774380167;-2,2173913043478377;2,6681003420916394;strategy
2000-11-09;11110,930802848241;11381,762763525527;-0,14542525492754477;-0,3779457536682962;0,23252049874075142;strategy
2000-11-10;11052,434042758578;11104,902209804419;-0,5264793843794635;-2,4324927471546576;1,906013362775194;strategy
2000-11-13;10941,328107773403;11018,542037084073;-1,0052621400438944;-0,7776761207685334;-0,22758601927536093;spy
2000-11-14;11026,976426830279;11308,102616205233;0,7827963681669159;2,627939142461977;-1,845142774295061;spy
2000-11-15;11068,326764089628;11343,662687325375;0,374992524321871;0,3144654088050425;0,060527115516828545;strategy
2000-11-16;11046,304446212574;11165,862331724664;-0,19896700148485102;-1,5673981191222652;1,3684311176374142;strategy
2000-11-17;11063,071427731797;11106,172212344425;0,15178815323138029;-0,5345768880800739;0,6863650413114541;strategy
2000-11-20;10954,188249332778;10947,42189484379;-0,9842038814472542;-1,4293882218410547;0,4451843403938005;strategy
2000-11-21;10950,635786374321;11003,302006604012;-0,032430179923848;0,5104408352668122;-0,5428710151906602;spy
2000-11-22;10898,135093204362;10740,411480822962;-0,47943054809004293;-2,3891966759002514;1,9097661278102085;strategy
2000-11-24;10945,579192564306;10960,121920243842;0,4353414502039632;2,0456426628828295;-1,6103012126788663;spy
2000-11-27;10957,049218596507;11056,642113284228;0,10479140327259717;0,8806488991888628;-0,7758574959162656;spy
2000-11-28;10957,049218596507;10866,141732283466;0,0;-1,7229496898690577;1,7229496898690577;strategy
2000-11-29;10957,049218596507;10845,821691643383;0,0;-0,18700327255728455;0,18700327255728455;strategy
2000-11-30;10957,049218596507;10751,841503683008;0,0;-0,8665105386416738;0,8665105386416738;strategy
2000-12-01;10957,049218596507;10746,761493522987;0,0;-0,04724781478857576;0,04724781478857576;strategy
2000-12-04;10957,049218596507;10838,201676403352;0,0;0,8508626802174346;-0,8508626802174346;spy
2000-12-05;10957,049218596507;11193,802387604774;0,0;3,2809936723693367;-3,2809936723693367;spy
2000-12-06;10957,049218596507;11014,732029464058;0,0;-1,5997277059223936;1,5997277059223936;strategy
2000-12-07;10957,049218596507;10863,601727203453;0,0;-1,3720742534301889;1,3720742534301889;strategy
2000-12-08;10957,049218596507;10889,001778003556;0,0;0,23380874444705046;-0,23380874444705046;spy
2000-12-11;10957,049218596507;11267,462534925071;0,0;3,4756239794728305;-3,4756239794728305;spy
2000-12-12;10957,049218596507;11219,202438404876;0,0;-0,4283137962128203;0,4283137962128203;strategy
2000-12-13;10957,049218596507;11065,532131064261;0,0;-1,3697079465700757;1,3697079465700757;strategy
2000-12-14;10957,049218596507;10924,561849123696;0,0;-1,2739584528865033;1,2739584528865033;strategy
2000-12-15;10957,049218596507;10645,16129032258;0,0;-2,5575447570332366;2,5575447570332366;strategy
2000-12-18;10957,049218596507;10787,40157480315;0,0;1,3361966117871882;-1,3361966117871882;spy
2000-12-19;10957,049218596507;10567,69113538227;0,0;-2,036731810689907;2,036731810689907;strategy
2000-12-20;10957,049218596507;10261,620523241047;0,0;-2,8962865040259578;2,8962865040259578;strategy
2000-12-21;10957,049218596507;10332,74066548133;0,0;0,6930693069306715;-0,6930693069306715;spy
2000-12-22;10957,049218596507;10642,62128524257;0,0;2,9990167158308934;-2,9990167158308934;spy
2000-12-26;10957,049218596507;10756,921513843028;0,0;1,0739856801909253;-1,0739856801909253;spy
2000-12-27;10957,049218596507;10835,661671323342;0,0;0,731995277449804;-0,731995277449804;spy
2000-12-28;10957,049218596507;10868,681737363475;0,0;0,30473511486170946;-0,30473511486170946;spy
2000-12-29;10957,049218596507;10662,941325882652;0,0;-1,8929656461790123;1,8929656461790123;strategy
2001-01-02;10957,049218596507;10469,900939801879;0,0;-1,8103858980466958;1,8103858980466958;strategy
2001-01-03;10957,049218596507;10972,821945643891;0,0;4,8034934497816595;-4,8034934497816595;spy
2001-01-04;10957,049218596507;10854,71170942342;0,0;-1,0763888888888795;1,0763888888888795;strategy
2001-01-05;10957,049218596507;10500,381000762003;0,0;-3,264303264303259;3,264303264303259;strategy
2001-01-08;10957,049218596507;10581,661163322327;0,0;0,7740686985969969;-0,7740686985969969;spy
2001-01-09;10957,049218596507;10553,721107442216;0,0;-0,2640422467594772;0,2640422467594772;strategy
2001-01-10;10957,049218596507;10739,141478282956;0,0;1,7569193742478895;-1,7569193742478895;spy
2001-01-11;10957,049218596507;10749,301498602998;0,0;0,09460737937558861;-0,09460737937558861;spy
2001-01-12;10957,049218596507;10728,981457962916;0,0;-0,1890359168241984;0,1890359168241984;strategy
2001-01-16;10957,049218596507;10797,56159512319;0,0;0,6392045454545414;-0,6392045454545414;spy
2001-01-17;10957,049218596507;10847,091694183388;0,0;0,4587155963302614;-0,4587155963302614;spy
2001-01-18;10957,049218596507;10955,04191008382;0,0;0,9951996253366291;-0,9951996253366291;spy
2001-01-19;10957,049218596507;10892,811785623571;0,0;-0,5680500811500178;0,5680500811500178;strategy
2001-01-22;10957,049218596507;10965,20193040386;0,0;0,6645680307799884;-0,6645680307799884;spy
2001-01-23;10957,049218596507;11051,562103124206;0,0;0,7875839703497922;-0,7875839703497922;spy
2001-01-24;10957,049218596507;11084,58216916434;0,0;0,2987818892208782;-0,2987818892208782;spy
2001-01-25;10957,049218596507;11056,642113284228;0,0;-0,25206232813932417;0,25206232813932417;strategy
2001-01-26;10957,049218596507;11043,942087884176;0,0;-0,11486331265795346;0,11486331265795346;strategy
2001-01-29;10957,049218596507;11102,870701835154;0,0;0,5335831488615606;-0,5335831488615606;spy
2001-01-30;10957,049218596507;11200,406648860173;0,0;0,8784750326678692;-0,8784750326678692;spy
2001-01-31;10957,049218596507;11137,008221282067;0,0;-0,566036837462125;0,566036837462125;strategy
2001-02-01;10957,049218596507;11210,972226631951;0,0;0,6641281381883468;-0,6641281381883468;spy
2001-02-02;10957,049218596507;10956,566161179198;0,0;-2,2692596173631063;2,2692596173631063;strategy
2001-02-05;10957,049218596507;11037,032728362332;0,0;0,7344141038297058;-0,7344141038297058;spy
2001-02-06;10957,049218596507;11004,521159432943;0,0;-0,2945680214016422;0,2945680214016422;strategy
2001-02-07;10957,049218596507;10947,625293688088;0,0;-0,5170226393365951;0,5170226393365951;strategy
2001-02-08;10957,049218596507;10820,014843154686;0,0;-1,1656450336035573;1,1656450336035573;strategy
2001-02-09;10957,049218596507;10715,976334296418;0,0;-0,9615375798129211;0,9615375798129211;strategy
2001-02-12;10957,049218596507;10838,710173514097;0,0;1,1453351088959618;-1,1453351088959618;spy
2001-02-13;10957,049218596507;10750,113853743333;0,0;-0,8174064842813245;0,8174064842813245;strategy
2001-02-14;10957,049218596507;10733,858069278638;0,0;-0,15121499814658712;0,15121499814658712;strategy
2001-02-15;10957,049218596507;10837,896578136906;0,0;0,9692554921704843;-0,9692554921704843;spy
2001-02-16;10957,049218596507;10598,932701771653;0,0;-2,2048916470314928;2,2048916470314928;strategy
2001-02-20;10957,049218596507;10435,560021510668;0,0;-1,5414069025429078;1,5414069025429078;strategy
2001-02-21;10957,049218596507;10210,414244070676;0,0;-2,15748629662329;2,15748629662329;strategy
2001-02-22;10957,049218596507;10225,857053276608;0,0;0,1512456677739582;-0,1512456677739582;spy
2001-02-23;10957,049218596507;10156,769039124016;0,0;-0,6756207699036287;0,6756207699036287;strategy
2001-02-26;10957,049218596507;10372,974569191327;0,0;2,128684124198199;-2,128684124198199;spy
2001-02-27;10957,049218596507;10277,063952565404;0,0;-0,9246201847518787;0,9246201847518787;strategy
2001-02-28;10957,049218596507;10074,675901304929;0,0;-1,9693178148410206;1,9693178148410206;strategy
2001-03-01;10957,049218596507;10127,508130992825;0,0;0,5244062459721643;-0,5244062459721643;spy
2001-03-02;10957,049218596507;10047,040943691263;0,0;-0,7945408313750013;0,7945408313750013;strategy
2001-03-05;10957,049218596507;10138,887304141796;0,0;0,914163294101078;-0,914163294101078;spy
2001-03-06;10957,049218596507;10247,803044434211;0,0;1,0742376064079906;-1,0742376064079906;spy
2001-03-07;10957,049218596507;10320,955314762192;0,0;0,7138336871892914;-0,7138336871892914;spy
2001-03-08;10957,049218596507;10332,334487911163;0,0;0,11025309965924102;-0,11025309965924102;spy
2001-03-09;10957,049218596507;10026,72090305118;0,0;-2,9578367330011512;2,9578367330011512;strategy
2001-03-12;10957,049218596507;9597,561743951612;0,0;-4,280154631300981;4,280154631300981;strategy
2001-03-13;10957,049218596507;9755,244837638113;0,0;1,6429495104407499;-1,6429495104407499;spy
2001-03-14;10957,049218596507;9562,611249245936;0,0;-1,9746668750839413;1,9746668750839413;strategy
2001-03-15;10957,049218596507;9565,049554903797;0,0;0,025498324613515422;-0,025498324613515422;spy
2001-03-16;10957,049218596507;9348,031669696153;0,0;-2,2688631560343953;2,2688631560343953;strategy
2001-03-19;10957,049218596507;9538,226952430468;0,0;2,0346024645046867;-2,0346024645046867;spy
2001-03-20;10957,049218596507;9282,194316341758;0,0;-2,684279136632095;2,684279136632095;strategy
2001-03-21;10957,049218596507;9124,51122265526;0,0;-1,6987695830595784;1,6987695830595784;strategy
2001-03-22;10957,049218596507;9031,851886945962;0,0;-1,0154991697443827;1,0154991697443827;strategy
2001-03-23;10957,049218596507;9304,953282758128;0,0;3,023758573885482;-3,023758573885482;spy
2001-03-26;10957,049218596507;9423,62224568199;0,0;1,2753310985854638;-1,2753310985854638;spy
2001-03-27;10957,049218596507;9616,255834074169;0,0;2,0441565182692356;-2,0441565182692356;spy
2001-03-28;10957,049218596507;9350,469975354014;0,0;-2,763922500671956;2,763922500671956;strategy
2001-03-29;10957,049218596507;9386,233445318452;0,0;0,3824777798196566;-0,3824777798196566;spy
2001-03-30;10957,049218596507;9484,582367602234;0,0;1,0477996616718999;-1,0477996616718999;spy
2001-04-02;10957,049218596507;9282,194316341758;0,0;-2,1338636053370164;2,1338636053370164;strategy
2001-04-03;10957,049218596507;8972,517095424815;0,0;-3,3362501404623823;3,3362501404623823;strategy
2001-04-04;10957,049218596507;9009,905895788354;0,0;0,41670358457832624;-0,41670358457832624;spy
2001-04-05;10957,049218596507;9351,282950612775;0,0;3,788908105954758;-3,788908105954758;spy
2001-04-06;10957,049218596507;9209,042666132205;0,0;-1,5210777519168994;1,5210777519168994;strategy
2001-04-09;10957,049218596507;9311,45522447295;0,0;1,1120869134137346;-1,1120869134137346;spy
2001-04-10;10957,049218596507;9481,33108668561;0,0;1,8243750103225764;-1,8243750103225764;spy
2001-04-11;10957,049218596507;9487,83364851886;0,0;0,06858279469199591;-0,06858279469199591;spy
2001-04-12;10957,049218596507;9660,147196270955;0,0;1,8161527081473894;-1,8161527081473894;spy
2001-04-16;10957,049218596507;9558,54699307055;0,0;-1,0517459116940353;1,0517459116940353;strategy
2001-04-17;10957,049218596507;9693,472360577534;0,0;1,4115677582042352;-1,4115677582042352;spy
2001-04-18;10957,049218596507;10078,740157480315;0,0;3,974507612665512;-3,974507612665512;spy
2001-04-19;10957,049218596507;10212,852549728537;0,0;1,3306463918378197;-1,3306463918378197;spy
2001-04-20;10957,049218596507;10119,380238760477;0,0;-0,9152419513835497;0,9152419513835497;strategy
2001-04-23;10957,049218596507;9935,686897740981;0,0;-1,815262760024483;1,815262760024483;strategy
2001-04-24;10957,049218596507;9882,04231291275;0,0;-0,5399182299155147;0,5399182299155147;strategy
2001-04-25;10957,049218596507;10011,277473726823;0,0;1,3077778532196938;-1,3077778532196938;spy
2001-04-26;10957,049218596507;10055,981811182373;0,0;0,4465397904799939;-0,4465397904799939;spy
2001-04-27;10957,049218596507;10223,418747618744;0,0;1,6650481233983383;-1,6650481233983383;spy
2001-04-30;10957,049218596507;10294,945687547624;0,0;0,699638170896022;-0,699638170896022;spy
2001-05-01;10957,049218596507;10326,644901336676;0,0;0,3079104518967313;-0,3079104518967313;spy
2001-05-02;10957,049218596507;10307,950191095693;0,0;-0,18103372798810025;0,18103372798810025;strategy
2001-05-03;10957,049218596507;10177,089079764097;0,0;-1,269516333563947;1,269516333563947;strategy
2001-05-04;10957,049218596507;10350,215602774955;0,0;1,70113990016163;-1,70113990016163;spy
2001-05-07;10957,049218596507;10260,807547982282;0,0;-0,8638279454652342;0,8638279454652342;strategy
2001-05-08;10957,049218596507;10255,930936666562;0,0;-0,04752658397416676;0,04752658397416676;strategy
2001-05-09;10957,049218596507;10212,852549728537;0,0;-0,4200339023736288;0,4200339023736288;strategy
2001-05-10;10957,049218596507;10242,925813000063;0,0;0,2944648728168131;-0,2944648728168131;spy
2001-05-11;10957,049218596507;10172,212468448373;0,0;-0,6903627522318101;0,6903627522318101;strategy
2001-05-14;10957,049218596507;10192,532509088456;0,0;0,1997602852192637;-0,1997602852192637;spy
2001-05-15;10957,049218596507;10239,675152201866;0,0;0,4625213907473391;-0,4625213907473391;spy
2001-05-16;10957,049218596507;10481,076714106553;0,0;2,357511916310928;-2,357511916310928;spy
2001-05-17;10957,049218596507;10497,332498571248;0,0;0,15509651258267532;-0,15509651258267532;spy
2001-05-18;10957,049218596507;10545,288737061848;0,0;0,45684214058312467;-0,45684214058312467;spy
2001-05-21;10957,049218596507;10700,53290497206;0,0;1,4721661187388824;-1,4721661187388824;spy
2001-05-22;10957,049218596507;10686,715426165227;0,0;-0,1291288847905303;0,1291288847905303;strategy
2001-05-23;10957,049218596507;10505,461010922021;0,0;-1,6960722543376106;1,6960722543376106;strategy
2001-05-24;10957,049218596507;10536,34786957074;0,0;0,29400764627660614;-0,29400764627660614;spy
2001-05-25;10957,049218596507;10411,989320072391;0,0;-1,1802813559098624;1,1802813559098624;strategy
2001-05-29;10957,049218596507;10329,083206994539;0,0;-0,7962562247160965;0,7962562247160965;strategy
2001-05-30;10957,049218596507;10184,404616856109;0,0;-1,4006914964191375;1,4006914964191375;strategy
2001-05-31;10957,049218596507;10237,236226425579;0,0;0,5187501042724474;-0,5187501042724474;spy
2001-06-01;10957,049218596507;10300,635274122109;0,0;0,6192984736727691;-0,6192984736727691;spy
2001-06-04;10957,049218596507;10350,215602774955;0,0;0,481332726898942;-0,481332726898942;spy
2001-06-05;10957,049218596507;10468,885185817247;0,0;1,1465421358998196;-1,1465421358998196;spy
2001-06-06;10957,049218596507;10381,915436682437;0,0;-0,8307450849937004;0,8307450849937004;strategy
2001-06-07;10957,049218596507;10419,304237045973;0,0;0,3601339328138886;-0,3601339328138886;spy
2001-06-08;10957,049218596507;10322,58064516129;0,0;-0,9283114273675008;0,9283114273675008;strategy
2001-06-11;10957,049218596507;10249,428374833311;0,0;-0,7086626188022915;0,7086626188022915;strategy
2001-06-12;10957,049218596507;10231,54663985109;0,0;-0,1744656807020295;0,1744656807020295;strategy
2001-06-13;10957,049218596507;10143,764535575945;0,0;-0,8579553743442991;0,8579553743442991;strategy
2001-06-14;10957,049218596507;9916,179832359665;0,0;-2,2435921340455134;2,2435921340455134;strategy
2001-06-15;10957,049218596507;9903,987683951931;0,0;-0,12295207039254574;0,12295207039254574;strategy
2001-06-18;10957,049218596507;9856,032685698185;0,0;-0,4841988882059223;0,4841988882059223;strategy
2001-06-19;10957,049218596507;9899,111072636208;0,0;0,4370763400626032;-0,4370763400626032;spy
2001-06-20;10957,049218596507;9951,130327065342;0,0;0,5254941988976247;-0,5254941988976247;spy
2001-06-21;10957,049218596507;10064,109703414719;0,0;1,1353421434155297;-1,1353421434155297;spy
2001-06-22;10957,049218596507;9985,267846512255;0,0;-0,7833962389709681;0,7833962389709681;strategy
2001-06-25;10957,049218596507;9893,421486061721;0,0;-0,919818695525676;0,919818695525676;strategy
2001-06-26;10957,049218596507;9879,604007254888;0,0;-0,13966329875160222;0,13966329875160222;strategy
2001-06-27;10957,049218596507;9873,914420680405;0,0;-0,05758921683809426;0,05758921683809426;strategy
2001-06-28;10957,049218596507;9928,371980767399;0,0;0,5515295937033482;-0,5515295937033482;spy
2001-06-29;10957,049218596507;9964,947805872174;0,0;0,36839700582962376;-0,36839700582962376;spy
2001-07-02;10957,049218596507;10089,306355370521;0,0;1,2479598681396586;-1,2479598681396586;spy
2001-07-03;10957,049218596507;10086,868049712662;0,0;-0,024167227874505315;0,024167227874505315;strategy
2001-07-05;10957,049218596507;9890,170205145097;0,0;-1,9500388385983558;1,9500388385983558;strategy
2001-07-06;10957,049218596507;9676,403600854075;0,0;-2,161404706461123;2,161404706461123;strategy
2001-07-09;10957,049218596507;9729,235210423547;0,0;0,5459839393719523;-0,5459839393719523;spy
2001-07-10;10957,049218596507;9612,19219801721;0,0;-1,2030032153086512;1,2030032153086512;strategy
2001-07-11;10957,049218596507;9621,945420648652;0,0;0,10146720363595207;-0,10146720363595207;spy
2001-07-12;10957,049218596507;9850,343099123696;0,0;2,3737162131984624;-2,3737162131984624;spy
2001-07-13;10957,049218596507;9935,686897740981;0,0;0,8664043247882169;-0,8664043247882169;spy
2001-07-16;10957,049218596507;9811,328348242634;0,0;-1,2516351489157973;1,2516351489157973;strategy
2001-07-17;10957,049218596507;9903,174708693168;0,0;0,9361256416108521;-0,9361256416108521;spy
2001-07-18;10957,049218596507;9835,712645058104;0,0;-0,6812165352979682;0,6812165352979682;strategy
2001-07-19;10957,049218596507;9921,869418934151;0,0;0,8759586314199375;-0,8759586314199375;spy
2001-07-20;10957,049218596507;9862,534627413004;0,0;-0,598020282426992;0,598020282426992;strategy
2001-07-23;10957,049218596507;9668,275088503304;0,0;-1,9696715524805786;1,9696715524805786;strategy
2001-07-24;10957,049218596507;9574,80339765367;0,0;-0,966787663714519;0,966787663714519;strategy
2001-07-25;10957,049218596507;9680,467236911038;0,0;1,1035614504968372;-1,1035614504968372;spy
2001-07-26;10957,049218596507;9782,067440111443;0,0;1,0495382166370026;-1,0495382166370026;spy
2001-07-27;10957,049218596507;9819,456240474981;0,0;0,3822177734148946;-0,3822177734148946;spy
2001-07-30;10957,049218596507;9822,707521391605;0,0;0,03311060039374869;-0,03311060039374869;spy
2001-07-31;10957,049218596507;9863,347602671769;0,0;0,4137360416327063;-0,4137360416327063;spy
2001-08-01;10957,049218596507;9925,120699850775;0,0;0,626289366120214;-0,626289366120214;spy
2001-08-02;10957,049218596507;9965,760781130937;0,0;0,4094668720832084;-0,4094668720832084;spy
2001-08-03;10957,049218596507;9911,303221043941;0,0;-0,5464465913139871;0,5464465913139871;strategy
2001-08-06;10957,049218596507;9778,003804054482;0,0;-1,3449232055218974;1,3449232055218974;strategy
2001-08-07;10957,049218596507;9816,204959558358;0,0;0,3906846046432877;-0,3906846046432877;spy
2001-08-08;10957,049218596507;9634,137569056387;0,0;-1,85476353898546;1,85476353898546;strategy
2001-08-09;10957,049218596507;9662,585501928816;0,0;0,2952826100781403;-0,2952826100781403;spy
2001-08-10;10957,049218596507;9695,910666235395;0,0;0,3448886874007684;-0,3448886874007684;spy
2001-08-13;10957,049218596507;9698,348971893256;0,0;0,025147773549027974;-0,025147773549027974;spy
2001-08-14;10957,049218596507;9694,28471571787;0,0;-0,04190668109762541;0,04190668109762541;strategy
2001-08-15;10957,049218596507;9610,56624749968;0,0;-0,8635858206480274;0,8635858206480274;strategy
2001-08-16;10957,049218596507;9643,891411806262;0,0;0,3467554715129495;-0,3467554715129495;spy
2001-08-17;10957,049218596507;9489,458978917957;0,0;-1,6013497694431278;1,6013497694431278;strategy
2001-08-20;10957,049218596507;9577,24170331153;0,0;0,9250551015457686;-0,9250551015457686;spy
2001-08-21;10957,049218596507;9413,86840293212;0,0;-1,70584919374982;1,70584919374982;strategy
2001-08-22;10957,049218596507;9511,404349957138;0,0;1,0360878530513595;-1,0360878530513595;spy
2001-08-23;10957,049218596507;9477,266830510223;0,0;-0,3589114518832148;0,3589114518832148;strategy
2001-08-24;10957,049218596507;9673,964675077788;0,0;2,075470154900927;-2,075470154900927;spy
2001-08-27;10957,049218596507;9616,255834074169;0,0;-0,5965376445118742;0,5965376445118742;strategy
2001-08-28;10957,049218596507;9475,641500111124;0,0;-1,4622565829082168;1,4622565829082168;strategy
2001-08-29;10957,049218596507;9391,110056634176;0,0;-0,8920920391084497;0,8920920391084497;strategy
2001-08-30;10957,049218596507;9210,667996531305;0,0;-1,9214135391310894;1,9214135391310894;strategy
2001-08-31;10957,049218596507;9278,1306802848;0,0;0,7324407282826906;-0,7324407282826906;spy
2001-09-04;10957,049218596507;9218,795888763654;0,0;-0,6395123496937383;0,6395123496937383;strategy
2001-09-05;10957,049218596507;9241,554235061596;0,0;0,24686896827470495;-0,24686896827470495;spy
2001-09-06;10957,049218596507;9003,403333955106;0,0;-2,576957241704725;2,576957241704725;strategy
2001-09-07;10957,049218596507;8836,779372777495;0,0;-1,8506775160145428;1,8506775160145428;strategy
2001-09-10;10957,049218596507;8944,88213781115;0,0;1,2233276454391762;-1,2233276454391762;spy
2001-09-17;10957,049218596507;8477,52120308928;0,0;-5,224897628849423;5,224897628849423;strategy
2001-09-18;10957,049218596507;8457,201162449199;0,0;-0,2396931857000406;0,2396931857000406;strategy
2001-09-19;10957,049218596507;8286,512324977775;0,0;-2,018266258455559;2,018266258455559;strategy
2001-09-20;10957,049218596507;8023,164771915481;0,0;-3,178026445076221;3,178026445076221;strategy
2001-09-21;10957,049218596507;7906,93411464948;0,0;-1,4486883987832044;1,4486883987832044;strategy
2001-09-24;10957,049218596507;8184,91212177737;0,0;3,515623161863335;-3,515623161863335;spy
2001-09-25;10957,049218596507;8270,25654051308;0,0;1,0427041544971205;-1,0427041544971205;spy
2001-09-26;10957,049218596507;8240,99563238189;0,0;-0,3538089536624711;0,3538089536624711;strategy
2001-09-27;10957,049218596507;8312,521952192343;0,0;0,8679329901523092;-0,8679329901523092;spy
2001-09-28;10957,049218596507;8488,90037623825;0,0;2,121840099314154;-2,121840099314154;spy
2001-10-01;10957,049218596507;8475,082277312991;0,0;-0,1627784319855885;0,1627784319855885;strategy
2001-10-02;10957,049218596507;8581,559711947548;0,0;1,2563587131134701;-1,2563587131134701;spy
2001-10-03;10957,049218596507;8725,425326827217;0,0;1,6764506652488187;-1,6764506652488187;spy
2001-10-04;10957,049218596507;8732,740863919227;0,0;0,08384161021375292;-0,08384161021375292;spy
2001-10-05;10957,049218596507;8715,67210419577;0,0;-0,19545707343704422;0,19545707343704422;strategy
2001-10-08;10957,049218596507;8658,775618332487;0,0;-0,6528066359436813;0,6528066359436813;strategy
2001-10-09;10957,049218596507;8612,445950477839;0,0;-0,5350602659867865;0,5350602659867865;strategy
2001-10-10;10957,049218596507;8804,26718372968;0,0;2,2272561634038235;-2,2272561634038235;spy
2001-10-11;10957,049218596507;8940,817881635763;0,0;1,5509604042733827;-1,5509604042733827;spy
2001-10-12;10957,049218596507;8900,177800355601;0,0;-0,4545454545454519;0,4545454545454519;strategy
2001-10-15;10957,049218596507;8883,922015890907;0,0;-0,18264561483305464;0,18264561483305464;strategy
2001-10-16;10957,049218596507;8940,004906376998;0,0;0,6312852632629484;-0,6312852632629484;spy
2001-10-17;10957,049218596507;8749,809623642685;0,0;-2,127462845111483;2,127462845111483;strategy
2001-10-18;10957,049218596507;8731,114913401703;0,0;-0,21365847995671317;0,21365847995671317;strategy
2001-10-19;10957,049218596507;8725,425326827217;0,0;-0,06516449080006259;0,06516449080006259;strategy
2001-10-22;10957,049218596507;8897,73949469774;0,0;1,9748512125904671;-1,9748512125904671;spy
2001-10-23;10957,049218596507;8852,222802101855;0,0;-0,5115534414444234;0,5115534414444234;strategy
2001-10-24;10957,049218596507;8828,65148054515;0,0;-0,26627573755947376;0,26627573755947376;strategy
2001-10-25;10957,049218596507;8987,147549490412;0,0;1,7952466386800259;-1,7952466386800259;spy
2001-10-26;10957,049218596507;8966,82750885033;0,0;-0,22610111304151026;0,22610111304151026;strategy
2001-10-29;10957,049218596507;8733,553219059564;0,0;-2,601525339486266;2,601525339486266;strategy
2001-10-30;10957,049218596507;8628,70235506096;0,0;-1,2005521849890899;1,2005521849890899;strategy
2001-10-31;10957,049218596507;8599,441446929768;0,0;-0,33911133942439164;0,33911133942439164;strategy
2001-11-01;10957,049218596507;8819,71061305404;0,0;2,5614357337465643;-2,5614357337465643;spy
2001-11-02;10957,049218596507;8879,85775971552;0,0;0,6819628137510136;-0,6819628137510136;spy
2001-11-05;10957,049218596507;8996,088416981522;0,0;1,3089247644629598;-1,3089247644629598;spy
2001-11-06;10957,049218596507;9135,89039580423;0,0;1,554030733610956;-1,554030733610956;spy
2001-11-07;10957,049218596507;9123,698247396494;0,0;-0,13345331302720975;0,13345331302720975;strategy
2001-11-08;10957,049218596507;9152,146180268923;0,0;0,31180264955108505;-0,31180264955108505;spy
2001-11-09;10957,049218596507;9161,900023018796;0,0;0,1065743767391103;-0,1065743767391103;spy
2001-11-12;10957,049218596507;9105,816512414276;0,0;-0,6121384261300933;0,6121384261300933;strategy
2001-11-13;10957,049218596507;9310,642869332612;0,0;2,2494013210027752;-2,2494013210027752;spy
2001-11-14;10957,049218596507;9319,583736823723;0,0;0,09602846566652001;-0,09602846566652001;spy
2001-11-15;10957,049218596507;9336,652496547182;0,0;0,1831493788291949;-0,1831493788291949;spy
2001-11-16;10957,049218596507;9295,199440008255;0,0;-0,44398200055379977;0,44398200055379977;strategy
2001-11-19;10957,049218596507;9409,804146756731;0,0;1,2329451077208287;-1,2329451077208287;spy
2001-11-20;10957,049218596507;9330,962909972694;0,0;-0,8378626755075613;0,8378626755075613;strategy
2001-11-21;10957,049218596507;9269,189812793687;0,0;-0,6620227491525466;0,6620227491525466;strategy
2001-11-23;10957,049218596507;9402,489229783148;0,0;1,4380913508263315;-1,4380913508263315;spy
2001-11-26;10957,049218596507;9422,809270423228;0,0;0,2161134157507405;-0,2161134157507405;spy
2001-11-27;10957,049218596507;9382,169189143066;0,0;-0,43129474569463255;0,43129474569463255;strategy
2001-11-28;10957,049218596507;9212,293326930405;0,0;-1,8106245878537264;1,8106245878537264;strategy
2001-11-29;10957,049218596507;9336,652496547182;0,0;1,349926290918635;-1,349926290918635;spy
2001-11-30;10957,049218596507;9270,00278805245;0,0;-0,7138501568884514;0,7138501568884514;strategy
2001-12-03;10957,049218596507;9214,732252706694;0,0;-0,596229975432061;0,596229975432061;strategy
2001-12-04;10957,049218596507;9370,790015994095;0,0;1,693568071297591;-1,693568071297591;spy
2001-12-05;10957,049218596507;9542,291208605855;0,0;1,8301679188098552;-1,8301679188098552;spy
2001-12-06;10957,049218596507;9537,413977171705;0,0;-0,051111743789067354;0,051111743789067354;strategy
2001-12-07;10957,049218596507;9474,015549593601;0,0;-0,6647339386740669;0,6647339386740669;strategy
2001-12-10;10957,049218596507;9296,824770407353;0,0;-1,8702817011298833;1,8702817011298833;strategy
2001-12-11;10957,049218596507;9278,1306802848;0,0;-0,2010803751196666;0,2010803751196666;strategy
2001-12-12;10957,049218596507;9288,696878175007;0,0;0,11388283108213493;-0,11388283108213493;spy
2001-12-13;10957,049218596507;9108,254818072137;0,0;-1,9425982187753599;1,9425982187753599;strategy
2001-12-14;10957,049218596507;9195,224567206946;0,0;0,9548453668890344;-0,9548453668890344;spy
2001-12-17;10957,049218596507;9290,322828692531;0,0;1,034213583262944;-1,034213583262944;spy
2001-12-18;10957,049218596507;9345,59336403829;0,0;0,594925885406905;-0,594925885406905;spy
2001-12-19;10957,049218596507;9411,430097274257;0,0;0,7044681987695478;-0,7044681987695478;spy
2001-12-20;10957,049218596507;9318,770761564962;0,0;-0,9845404444552064;0,9845404444552064;strategy
2001-12-21;10957,049218596507;9343,154438262003;0,0;0,2616619436289991;-0,2616619436289991;spy
2001-12-24;10957,049218596507;9325,273323398209;0,0;-0,19138198969042008;0,19138198969042008;strategy
2001-12-26;10957,049218596507;9376,479602568581;0,0;0,5491129041964804;-0,5491129041964804;spy
2001-12-27;10957,049218596507;9433,375468313438;0,0;0,60679346787329;-0,60679346787329;spy
2001-12-28;10957,049218596507;9428,498856997714;0,0;-0,051695295412590436;0,051695295412590436;strategy
2001-12-31;10957,049218596507;9290,322828692531;0,0;-1,4655146105536199;1,4655146105536199;strategy
2002-01-02;10957,049218596507;9390,297081375413;0,0;1,0761117188965441;-1,0761117188965441;spy
2002-01-03;10957,049218596507;9496,773895891542;0,0;1,133902512278473;-1,133902512278473;spy
2002-01-04;10957,049218596507;9560,172943588075;0,0;0,6675851019677381;-0,6675851019677381;spy
2002-01-07;10957,049218596507;9492,710259834583;0,0;-0,705663842605897;0,705663842605897;strategy
2002-01-08;10957,049218596507;9470,764268676974;0,0;-0,23118783315726477;0,23118783315726477;strategy
2002-01-09;10957,049218596507;9393,548362292036;0,0;-0,8153080806827417;0,8153080806827417;strategy
2002-01-10;10957,049218596507;9435,001418830961;0,0;0,441292842067309;-0,441292842067309;spy
2002-01-11;10957,049218596507;9342,342083121664;0,0;-0,9820807819314381;0,9820807819314381;strategy
2002-01-14;10957,049218596507;9283,820266859284;0,0;-0,6264148298327554;0,6264148298327554;strategy
2002-01-15;10957,049218596507;9359,410842845124;0,0;0,8142184339315239;-0,8142184339315239;spy
2002-01-16;10957,049218596507;9170,027915251143;0,0;-2,0234492402772974;2,0234492402772974;strategy
2002-01-17;10957,049218596507;9239,115929403735;0,0;0,753411165059692;-0,753411165059692;spy
2002-01-18;10957,049218596507;9196,850517724473;0,0;-0,45746164462284744;0,45746164462284744;strategy
2002-01-22;10957,049218596507;9133,45209014637;0,0;-0,6893493316643573;0,6893493316643573;strategy
2002-01-23;10957,049218596507;9203,35307955772;0,0;0,7653293488752544;-0,7653293488752544;spy
2002-01-24;10957,049218596507;9231,801012430149;0,0;0,30910400401367166;-0,30910400401367166;spy
2002-01-25;10957,049218596507;9229,362706772286;0,0;-0,026412025720434773;0,026412025720434773;strategy
2002-01-28;10957,049218596507;9254,559358728093;0,0;0,2730053282803402;-0,2730053282803402;spy
2002-01-29;10957,049218596507;8963,576227933707;0,0;-3,1442137817178306;3,1442137817178306;strategy
2002-01-30;10957,049218596507;9092,812008866207;0,0;1,441788161847235;-1,441788161847235;spy
2002-01-31;10957,049218596507;9199,288823382334;0,0;1,1709998448478087;-1,1709998448478087;spy
2002-02-01;10957,049218596507;9156,210436444311;0,0;-0,4682795351367619;0,4682795351367619;strategy
2002-02-04;10957,049218596507;8928,62573322803;0,0;-2,4855774645636153;2,4855774645636153;strategy
2002-02-05;10957,049218596507;8873,355197882272;0,0;-0,6190262308797045;0,6190262308797045;strategy
2002-02-06;10957,049218596507;8835,153422259971;0,0;-0,4305223308475048;0,4305223308475048;strategy
2002-02-07;10957,049218596507;8779,88288691421;0,0;-0,6255752753144939;0,6255752753144939;strategy
2002-02-08;10957,049218596507;8948,132798609347;0,0;1,916311571147511;-1,916311571147511;spy
2002-02-11;10957,049218596507;9057,861514160526;0,0;1,226275000838517;-1,226275000838517;spy
2002-02-12;10957,049218596507;9029,412961169674;0,0;-0,31407582183032856;0,31407582183032856;strategy
2002-02-13;10957,049218596507;9125,323577795592;0,0;1,062202128071621;-1,062202128071621;spy
2002-02-14;10957,049218596507;9108,254818072137;0,0;-0,18704826823882081;0,18704826823882081;strategy
2002-02-15;10957,049218596507;9013,157176704979;0,0;-1,0440819154342251;1,0440819154342251;strategy
2002-02-19;10957,049218596507;8840,03065369412;0,0;-1,9208199703685813;1,9208199703685813;strategy
2002-02-20;10957,049218596507;8988,77287988951;0,0;1,6825985341264893;-1,6825985341264893;spy
2002-02-21;10957,049218596507;8802,64185333058;0,0;-2,0707056351969677;2,0707056351969677;strategy
2002-02-22;10957,049218596507;8911,556973504572;0,0;1,2373003694655882;-1,2373003694655882;spy
2002-02-25;10957,049218596507;9058,673869300865;0,0;1,6508551337739652;-1,6508551337739652;spy
2002-02-26;10957,049218596507;9039,97977917831;0,0;-0,20636674189041804;0,20636674189041804;strategy
2002-02-27;10957,049218596507;9074,930273883985;0,0;0,3866213814568198;-0,3866213814568198;spy
2002-02-28;10957,049218596507;9034,290192603823;0,0;-0,44782802791463183;0,44782802791463183;strategy
2002-03-01;10957,049218596507;9244,805515978218;0,0;2,330181108713325;-2,330181108713325;spy
2002-03-04;10957,049218596507;9408,178816357633;0,0;1,7671902356090508;-1,7671902356090508;spy
2002-03-05;10957,049218596507;9378,104932967677;0,0;-0,3196568005028544;0,3196568005028544;strategy
2002-03-06;10957,049218596507;9489,458978917957;0,0;1,1873832372980564;-1,1873832372980564;spy
2002-03-07;10957,049218596507;9469,138938277876;0,0;-0,21413276231263545;0,21413276231263545;strategy
2002-03-08;10957,049218596507;9508,966044299275;0,0;0,42059902469486765;-0,42059902469486765;spy
2002-03-11;10957,049218596507;9529,286084939356;0,0;0,21369348197708415;-0,21369348197708415;spy
2002-03-12;10957,049218596507;9523,596498364872;0,0;-0,05970632557119604;0,05970632557119604;strategy
2002-03-13;10957,049218596507;9431,75013791434;0,0;-0,9644083563000727;0,9644083563000727;strategy
2002-03-14;10957,049218596507;9418,745014247841;0,0;-0,1378866432669823;0,1378866432669823;strategy
2002-03-15;10957,049218596507;9481,33108668561;0,0;0,6644841997855755;-0,6644841997855755;spy
2002-03-18;10957,049218596507;9482,95641708471;0,0;0,017142428465377613;-0,017142428465377613;spy
2002-03-19;10957,049218596507;9546,354844662816;0,0;0,6685512912817604;-0,6685512912817604;spy
2002-03-20;10957,049218596507;9366,725759818706;0,0;-1,881651036097165;1,881651036097165;strategy
2002-03-21;10957,049218596507;9370,790015994095;0,0;0,043390361579964676;-0,043390361579964676;spy
2002-03-22;10957,049218596507;9350,469975354014;0,0;-0,21684447741757706;0,21684447741757706;strategy
2002-03-25;10957,049218596507;9234,239318088012;0,0;-1,2430461524646663;1,2430461524646663;strategy
2002-03-26;10957,049218596507;9287,883902916243;0,0;0,5809312817261825;-0,5809312817261825;spy
2002-03-27;10957,049218596507;9312,268199731712;0,0;0,2625387770815335;-0,2625387770815335;spy
2002-03-28;10957,049218596507;9308,203943556324;0,0;-0,04364410569173138;0,04364410569173138;strategy
2002-04-01;10943,900759534186;9312,268199731712;-0,1200000000000423;0,04366316208834764;-0,16366316208838994;spy
2002-04-02;10854,187197832052;9261,06192056134;-0,8197585456353518;-0,5498797722755411;-0,2698787733598107;spy
2002-04-03;10852,95287408472;9196,03754246571;-0,011371867140630432;-0,702126588218388;0,6907547210777576;strategy
2002-04-04;10799,506189259999;9157,83576684341;-0,49246214781181186;-0,41541561184251785;-0,077046535969294;spy
2002-04-05;10836,703310262532;9159,461717360933;0,3444335356696637;0,017754746415210576;0,32667878925445315;strategy
2002-04-08;10900,929467767937;9178,968782742253;0,5926724730442867;0,2129717442275636;0,3797007288167231;strategy
2002-04-09;10886,742472533584;9114,757379905384;-0,13014482183654197;-0,6995492016226845;0,5694043797861426;strategy
2002-04-10;10974,336475160724;9217,983533623317;0,8045933193343568;1,132516746364609;-0,32792342703025223;spy
2002-04-11;10901,876410057686;8988,77287988951;-0,6602683020248579;-2,4865595918862726;1,8262912898614148;strategy
2002-04-12;10975,560577672124;9056,235563643004;0,675885185659042;0,7505216190791586;-0,07463643342011661;spy
2002-04-15;11012,521477156943;8987,147549490412;0,3367563708774002;-0,7628778388887314;1,0996342097661316;strategy
2002-04-16;11102,746911891982;9200,914153781434;0,8192986040680417;2,3785812251757577;-1,559282621107716;spy
2002-04-17;11138,260394980387;9181,407088400114;0,3198621329498774;-0,21201225286188174;0,5318743858117592;strategy
2002-04-18;11134,893782551982;9141,579982378715;-0,030225657409854723;-0,43377998206524104;0,4035543246553863;strategy
2002-04-19;11127,273377284142;9174,904526566865;-0,06843716174267378;0,3645381241796919;-0,43297528592236567;spy
2002-04-22;11125,692508366525;9022,09804419609;-0,014207154475454065;-1,6654830786337782;1,6512759241583241;strategy
2002-04-23;11152,042418731678;8983,083293315023;0,2368383841755417;-0,4324354566969557;0,6692738408724974;strategy
2002-04-24;11105,649755605871;8892,862883382017;-0,4160014944695978;-1,004336784900417;0,5883352904308192;strategy
2002-04-25;11110,79245214296;8897,73949469774;0,04630702975747525;0,054837360922732614;-0,008530331165257365;spy
2002-04-26;11098,240683924429;8728,67660774384;-0,11296915384383377;-1,9000655959263146;1,7870964420824809;strategy
2002-04-29;11053,691175468975;8685,598220805818;-0,4014105453667316;-0,4935271275808839;0,09211658221415231;strategy
2002-04-30;11103,084716391702;8766,878383366142;0,44685110284556906;0,9358038501668497;-0,4889527473212807;spy
2002-05-01;11117,368564995408;8874,168173141034;0,12864756928872012;1,2238083509685582;-1,095160781679838;spy
2002-05-02;11127,770019896463;8840,03065369412;0,09356040361749862;-0,38468416172497966;0,4782445653424783;strategy
2002-05-03;11137,765349584753;8744,120037068198;0,08982329496762809;-1,0849579643238294;1,1747812592914575;strategy
2002-05-06;11067,502261731555;8572,61884445644;-0,6308544456435139;-1,9613316363994104;1,3304771907558965;strategy
2002-05-07;11048,675889291098;8542,544961066485;-0,17010497938232394;-0,3508132571343858;0,18070827775206189;strategy
2002-05-08;11083,053151438318;8860,350694334202;0,31114372882039554;3,7202699513569693;-3,4091262225365737;spy
2002-05-09;11061,766818051792;8757,937515875032;-0,19206199858171624;-1,1558591978154897;0,9637971992337735;strategy
2002-05-10;11014,460712027236;8592,93888509652;-0,4276541605212403;-1,8839895863544065;1,4563354258331662;strategy
2002-05-13;11031,820320854558;8767,691358624907;0,15760743336590277;2,033675275306268;-1,8760678419403654;spy
2002-05-14;11047,530884591486;8958,699616617983;0,14241134536272515;2,178546782502555;-2,03613543713983;spy
2002-05-15;11035,404236771037;8923,749121912306;-0,10976794676684776;-0,39012910580064064;0,2803611590337929;strategy
2002-05-16;11035,239137106098;8970,078789766954;-0,0014960907765204645;0,5191726842800337;-0,5206687750565542;spy
2002-05-17;11044,472803770303;9013,970151963742;0,08367436853411458;0,4893085470649261;-0,4056341785308115;spy
2002-05-20;11046,430013867928;8916,433584820295;0,01772117268428186;-1,0820600190494023;1,0997811917336842;strategy
2002-05-21;11010,852307359259;8835,153422259971;-0,3220742490017581;-0,9115770536181511;0,589502804616393;strategy
2002-05-22;11008,308775875768;8854,661107759715;-0,02310022342040252;0,22079622806090438;-0,2438964514813069;spy
2002-05-23;11067,458218854637;8948,94577386811;0,5373163506141143;1,0648026498243812;-0,5274862992102669;spy
2002-05-24;11048,369613915025;8834,341067119632;-0,17247505761613935;-1,2806503653551737;1,1081753077390344;strategy
2002-05-28;11052,915681550116;8786,38544874746;0,041146954654425194;-0,5428318649667863;0,5839788196212115;strategy
2002-05-29;11026,639638726701;8721,361690770254;-0,23772951482182725;-0,7400512799774273;0,5023217651556;strategy
2002-05-30;11018,272020447523;8696,977393954789;-0,07588547874359808;-0,27959277094621315;0,20370729220261508;strategy
2002-05-31;11059,323723194057;8714,859128937009;0,3725784103927543;0,20560861747955794;0,16696979291319636;strategy
2002-06-03;11011,31991646098;8483,210789663768;-0,43405734323882506;-2,6580847245604944;2,2240273813216693;strategy
2002-06-04;11011,31991646098;8504,343185444182;0,0;0,24910846027972333;-0,24910846027972333;spy
2002-06-05;11011,31991646098;8583,99801760541;0,0;0,9366370855960149;-0,9366370855960149;spy
2002-06-06;11011,31991646098;8409,245544077025;0,0;-2,0357934982041748;2,0357934982041748;strategy
2002-06-07;11011,31991646098;8399,491701327153;0,0;-0,11598951057792961;0,11598951057792961;strategy
2002-06-10;11011,31991646098;8432,003890374966;0,0;0,38707329209786145;-0,38707329209786145;spy
2002-06-11;11011,31991646098;8287,325300236538;0,0;-1,715826890255323;1,715826890255323;strategy
2002-06-12;11011,31991646098;8337,719224266571;0,0;0,6080842998716918;-0,6080842998716918;spy
2002-06-13;11011,31991646098;8254,000756048386;0,0;-1,0040931574491707;1,0040931574491707;strategy
2002-06-14;11011,31991646098;8241,808607640653;0,0;-0,1477119855943787;0,1477119855943787;strategy
2002-06-17;11011,31991646098;8462,890749023687;0,0;2,6824469228523107;-2,6824469228523107;spy
2002-06-18;11011,31991646098;8531,978763176277;0,0;0,816364244812684;-0,816364244812684;spy
2002-06-19;11011,31991646098;8332,841992832422;0,0;-2,3340045242883467;2,3340045242883467;strategy
2002-06-20;11011,31991646098;8226,365178316293;0,0;-1,2777971142104438;1,2777971142104438;strategy
2002-06-21;11011,31991646098;8069,494439770129;0,0;-1,906926511840934;1,906926511840934;strategy
2002-06-24;11011,31991646098;8111,760471567817;0,0;0,5237754621823854;-0,5237754621823854;spy
2002-06-25;11011,31991646098;7929,692460947423;0,0;-2,244494413494491;2,244494413494491;strategy
2002-06-26;11011,31991646098;7942,697584613919;0,0;0,1640053978202216;-0,1640053978202216;spy
2002-06-27;11011,31991646098;8081,686588177864;0,0;1,7498967080552763;-1,7498967080552763;spy
2002-06-28;11011,31991646098;8043,484812555563;0,0;-0,4726955840898883;0,4726955840898883;strategy
2002-07-01;11011,31991646098;7886,614074009398;0,0;-1,9502832690290628;1,9502832690290628;strategy
2002-07-02;11011,31991646098;7719,177137573026;0,0;-2,1230522359166226;2,1230522359166226;strategy
2002-07-03;11011,31991646098;7763,068499769813;0,0;0,5686015674280398;-0,5686015674280398;spy
2002-07-05;11011,31991646098;8071,932745427992;0,0;3,9786360981786784;-3,9786360981786784;spy
2002-07-08;11011,31991646098;7971,145517486348;0,0;-1,2486133262040733;1,2486133262040733;strategy
2002-07-09;11011,31991646098;7770,383416743396;0,0;-2,5186104092885797;2,5186104092885797;strategy
2002-07-10;11011,31991646098;7487,528798299785;0,0;-3,640162953016246;3,640162953016246;strategy
2002-07-11;11011,31991646098;7548,488920220029;0,0;0,8141554251395622;-0,8141554251395622;spy
2002-07-12;11011,31991646098;7465,582807142177;0,0;-1,0983140328360563;1,0983140328360563;strategy
2002-07-15;11011,31991646098;7505,409913163577;0,0;0,5334761806311761;-0,5334761806311761;spy
2002-07-16;11011,31991646098;7360,731323025147;0,0;-1,9276574072880637;1,9276574072880637;strategy
2002-07-17;11011,31991646098;7375,361777090741;0,0;0,1987635932292342;-0,1987635932292342;spy
2002-07-18;11011,31991646098;7136,398520843916;0,0;-3,2400208080516135;3,2400208080516135;strategy
2002-07-19;11011,31991646098;6885,24249607093;0,0;-3,5193665830097864;3,5193665830097864;strategy
2002-07-22;11011,31991646098;6681,229114411353;0,0;-2,963052961112078;2,963052961112078;strategy
2002-07-23;11011,31991646098;6498,348748650622;0,0;-2,7372263789945506;2,7372263789945506;strategy
2002-07-24;11011,31991646098;6886,055471329693;0,0;5,966234464710407;-5,966234464710407;spy
2002-07-25;11011,31991646098;6827,53365506731;0,0;-0,8498597855628787;0,8498597855628787;strategy
2002-07-26;11011,31991646098;6957,581791140145;0,0;1,9047600882393878;-1,9047600882393878;spy
2002-07-29;11011,31991646098;7296,519920188278;0,0;4,871493274857941;-4,871493274857941;spy
2002-07-30;11011,31991646098;7391,618181673863;0,0;1,303337241942737;-1,303337241942737;spy
2002-07-31;11011,31991646098;7409,499916656084;0,0;0,24191908378812244;-0,24191908378812244;spy
2002-08-01;11011,31991646098;7216,052732886716;0,0;-2,6107994594144146;2,6107994594144146;strategy
2002-08-02;11011,31991646098;7054,305383024828;0,0;-2,2414934570077927;2,2414934570077927;strategy
2002-08-05;11011,31991646098;6808,838944826328;0,0;-3,47966844176012;3,47966844176012;strategy
2002-08-06;11011,31991646098;7038,048978441707;0,0;3,366360042772687;-3,366360042772687;spy
2002-08-07;11011,31991646098;7160,782197540958;0,0;1,7438528699529554;-1,7438528699529554;spy
2002-08-08;11011,31991646098;7392,4305368141995;0,0;3,23495859646159;-3,23495859646159;spy
2002-08-09;11011,31991646098;7420,066114546292;0,0;0,3738361502954701;-0,3738361502954701;spy
2002-08-12;11011,31991646098;7365,608554459298;0,0;-0,7339228417417409;0,7339228417417409;strategy
2002-08-13;11011,31991646098;7231,496162211074;0,0;-1,8207917411933283;1,8207917411933283;strategy
2002-08-14;11011,31991646098;7495,656690532131;0,0;3,6529166633794796;-3,6529166633794796;spy
2002-08-15;11011,31991646098;7599,695199390399;0,0;1,3879839105982672;-1,3879839105982672;spy
2002-08-16;11011,31991646098;7576,936853092457;0,0;-0,2994639350768602;0,2994639350768602;strategy
2002-08-19;11011,31991646098;7754,127632278703;0,0;2,338554255126568;-2,338554255126568;spy
2002-08-20;11011,31991646098;7672,0344944596145;0,0;-1,0587024319454352;1,0587024319454352;strategy
2002-08-21;11011,31991646098;7782,575565151131;0,0;1,440831252405661;-1,440831252405661;spy
2002-08-22;11011,31991646098;7858,16614113697;0,0;0,9712796920895883;-0,9712796920895883;spy
2002-08-23;11011,31991646098;7689,103254183071;0,0;-2,1514292764677756;2,1514292764677756;strategy
2002-08-26;11011,31991646098;7742,7484591297325;0,0;0,697678301009641;-0,697678301009641;spy
2002-08-27;11011,31991646098;7653,340404337059;0,0;-1,1547327833858478;1,1547327833858478;strategy
2002-08-28;11011,31991646098;7485,902847782258;0,0;-2,1877709301930004;2,1877709301930004;strategy
2002-08-29;11011,31991646098;7489,154128698883;0,0;0,04343204798054057;-0,04343204798054057;spy
2002-08-30;11011,31991646098;7459,893220567692;0,0;-0,3907104544565554;0,3907104544565554;strategy
2002-09-03;11011,31991646098;7175,4126516065535;0,0;-3,8134670369918466;3,8134670369918466;strategy
2002-09-04;11011,31991646098;7277,825830065723;0,0;1,4272792859688632;-1,4272792859688632;spy
2002-09-05;11011,31991646098;7216,052732886716;0,0;-0,8487850440692557;0,8487850440692557;strategy
2002-09-06;11011,31991646098;7315,214630429261;0,0;1,3741847685039943;-1,3741847685039943;spy
2002-09-09;11011,31991646098;7368,859835375921;0,0;0,7333374023437589;-0,7333374023437589;spy
2002-09-10;11011,31991646098;7453,390658734444;0,0;1,14713572040972;-1,14713572040972;spy
2002-09-11;11011,31991646098;7407,060990879793;0,0;-0,6215918361981654;0,6215918361981654;strategy
2002-09-12;11011,31991646098;7270,510292973711;0,0;-1,8435206362444556;1,8435206362444556;strategy
2002-09-13;11011,31991646098;7288,392027955932;0,0;0,24594882974722232;-0,24594882974722232;spy
2002-09-16;11011,31991646098;7306,273762938152;0,0;0,2453454055933335;-0,2453454055933335;spy
2002-09-17;11011,31991646098;7138,836826501778;0,0;-2,291687142708987;2,291687142708987;strategy
2002-09-18;11011,31991646098;7067,309886572898;0,0;-1,0019410958287733;1,0019410958287733;strategy
2002-09-19;11011,31991646098;6884,429520812167;0,0;-2,587694167878274;2,587694167878274;strategy
2002-09-20;11011,31991646098;6855,981587939737;0,0;-0,4132213538744045;0,4132213538744045;strategy
2002-09-23;11011,31991646098;6799,898697453645;0,0;-0,8180140183682405;0,8180140183682405;strategy
2002-09-24;11011,31991646098;6690,169981902464;0,0;-1,6136816213493055;1,6136816213493055;strategy
2002-09-25;11011,31991646098;6855,981587939737;0,0;2,478436369865178;-2,478436369865178;spy
2002-09-26;11011,31991646098;6968,148609148781;0,0;1,6360461265875426;-1,6360461265875426;spy
2002-09-27;11011,31991646098;6725,933451866903;0,0;-3,4760331742044626;3,4760331742044626;strategy
2002-09-30;11011,31991646098;6647,904570223203;0,0;-1,1601197395439744;1,1601197395439744;strategy
2002-10-01;11011,31991646098;6967,3356338900185;0,0;4,804988704223989;-4,804988704223989;spy
2002-10-02;11011,31991646098;6758,44564091472;0,0;-2,998133059059638;2,998133059059638;strategy
2002-10-03;11011,31991646098;6690,169981902464;0,0;-1,010227242177164;1,010227242177164;strategy
2002-10-04;11011,31991646098;6567,43738292164;0,0;-1,8345213845511799;1,8345213845511799;strategy
2002-10-07;11011,31991646098;6431,699040155892;0,0;-2,0668387812684763;2,0668387812684763;strategy
2002-10-08;11011,31991646098;6532,4868882159635;0,0;1,5670485734921469;-1,5670485734921469;spy
2002-10-09;11011,31991646098;6347,980571937707;0,0;-2,824442198438848;2,824442198438848;strategy
2002-10-10;11011,31991646098;6553,619283996381;0,0;3,2394351200086158;-3,2394351200086158;spy
2002-10-11;11011,31991646098;6840,538778733808;0,0;4,378031165741825;-4,378031165741825;spy
2002-10-14;11011,31991646098;6878,739934237681;0,0;0,5584524368553501;-0,5584524368553501;spy
2002-10-15;11011,31991646098;7209,550171053467;0,0;4,809169120775136;-4,809169120775136;spy
2002-10-16;11011,31991646098;7034,79831764351;0,0;-2,4238939914946522;2,4238939914946522;strategy
2002-10-17;11011,31991646098;7174,599676347791;0,0;1,9872831087943688;-1,9872831087943688;spy
2002-10-18;11011,31991646098;7204,673559737745;0,0;0,4191715879158675;-0,4191715879158675;spy
2002-10-21;11011,31991646098;7329,032109236095;0,0;1,7260816672292956;-1,7260816672292956;spy
2002-10-22;11011,31991646098;7276,199879548197;0,0;-0,7208623035136918;0,7208623035136918;strategy
2002-10-23;11011,31991646098;7331,470414893955;0,0;0,759607161165432;-0,759607161165432;spy
2002-10-24;11011,31991646098;7181,915213439803;0,0;-2,0399073172324256;2,0399073172324256;strategy
2002-10-25;11011,31991646098;7331,470414893955;0,0;2,082386062902608;-2,082386062902608;spy
2002-10-28;11011,31991646098;7283,515416640208;0,0;-0,6540979577074557;0,6540979577074557;strategy
2002-10-29;11011,31991646098;7198,983973163259;0,0;-1,160585769940503;1,160585769940503;strategy
2002-10-30;11011,31991646098;7268,8849625746125;0,0;0,9709840954214233;-0,9709840954214233;spy
2002-10-31;11011,31991646098;7194,919716987872;0,0;-1,0175597215744459;1,0175597215744459;strategy
2002-11-01;11011,31991646098;7337,16000146844;0,0;1,9769544355682678;-1,9769544355682678;spy
2002-11-04;11011,31991646098;7407,060990879793;0,0;0,9526981747346897;-0,9526981747346897;spy
2002-11-05;11011,31991646098;7465,582807142177;0,0;0,7900814686748303;-0,7900814686748303;spy
2002-11-06;11011,31991646098;7562,30639902686;0,0;1,295593316467536;-1,295593316467536;spy
2002-11-07;11011,31991646098;7376,987727608269;0,0;-2,4505575632645438;2,4505575632645438;strategy
2002-11-08;11011,31991646098;7286,766697556833;0,0;-1,2230063730997554;1,2230063730997554;strategy
2002-11-11;11011,31991646098;7173,7873212074555;0,0;-1,5504733586057862;1,5504733586057862;strategy
2002-11-12;11011,31991646098;7230,683186952311;0,0;0,7931077852929569;-0,7931077852929569;spy
2002-11-13;11011,31991646098;7237,998724044323;0,0;0,10117352541751945;-0,10117352541751945;spy
2002-11-14;11011,31991646098;7374,549421950406;0,0;1,8865808507601223;-1,8865808507601223;spy
2002-11-15;11011,31991646098;7429,006982037402;0,0;0,7384527104110639;-0,7384527104110639;spy
2002-11-18;11011,31991646098;7354,229381310325;0,0;-1,006562531276134;1,006562531276134;strategy
2002-11-19;11011,31991646098;7344,475538560452;0,0;-0,13262902534235677;0,13262902534235677;strategy
2002-11-20;11011,31991646098;7507,848838939867;0,0;2,2244379400770287;-2,2244379400770287;spy
2002-11-21;11011,31991646098;7647,650197644146;0,0;1,8620694383082226;-1,8620694383082226;spy
2002-11-22;11011,31991646098;7593,192637557151;0,0;-0,7120822563742579;0,7120822563742579;strategy
2002-11-25;11011,31991646098;7598,069868991301;0,0;0,06423163044786406;-0,06423163044786406;spy
2002-11-26;11011,31991646098;7453,390658734444;0,0;-1,9041574077557688;1,9041574077557688;strategy
2002-11-27;11011,31991646098;7663,0936269685035;0,0;2,8135244459287057;-2,8135244459287057;spy
2002-11-29;11011,31991646098;7638,709950271463;0,0;-0,31819625185353084;0,31819625185353084;strategy
2002-12-02;11011,31991646098;7650,901478560769;0,0;0,1596019271404847;-0,1596019271404847;spy
2002-12-03;11011,31991646098;7548,488920220029;0,0;-1,3385685154581828;1,3385685154581828;strategy
2002-12-04;11011,31991646098;7514,350780654687;0,0;-0,45225130388543144;0,45225130388543144;strategy
2002-12-05;11011,31991646098;7431,445287695263;0,0;-1,10329548592355;1,10329548592355;strategy
2002-12-06;11011,31991646098;7480,213261207772;0,0;0,6562380751595986;-0,6562380751595986;spy
2002-12-09;11011,31991646098;7274,574549149099;0,0;-2,7491022632350814;2,7491022632350814;strategy
2002-12-10;11011,31991646098;7372,1104961741175;0,0;1,3407787131197502;-1,3407787131197502;spy
2002-12-11;11011,31991646098;7378,613058007366;0,0;0,08820488836436269;-0,08820488836436269;spy
2002-12-12;11011,31991646098;7377,800082748603;0,0;-0,011017995555151483;0,011017995555151483;strategy
2002-12-13;11011,31991646098;7261,569425482601;0,0;-1,575410772349095;1,575410772349095;strategy
2002-12-16;11011,31991646098;7449,327022677483;0,0;2,5856338512167287;-2,5856338512167287;spy
2002-12-17;11011,31991646098;7384,302644581851;0,0;-0,8728892945320088;0,8728892945320088;strategy
2002-12-18;11011,31991646098;7298,958845964567;0,0;-1,1557462190407874;1,1557462190407874;strategy
2002-12-19;11011,31991646098;7246,939591535433;0,0;-0,7126941736066206;0,7126941736066206;strategy
2002-12-20;11011,31991646098;7314,401655170498;0,0;0,9309041807642915;-0,9309041807642915;spy
2002-12-23;11011,31991646098;7316,83996082836;0,0;0,03333568175243329;-0,03333568175243329;spy
2002-12-24;11011,31991646098;7262,382400741364;0,0;-0,744277042801833;0,744277042801833;strategy
2002-12-26;11011,31991646098;7265,633681657988;0,0;0,04476879262502731;-0,04476879262502731;spy
2002-12-27;11011,31991646098;7102,260381278575;0,0;-2,2485760710982072;2,2485760710982072;strategy
2002-12-30;11011,31991646098;7161,595172799721;0,0;0,8354353168682938;-0,8354353168682938;spy
2002-12-31;11011,31991646098;7171,349015549594;0,0;0,1361965108963359;-0,1361965108963359;spy
2003-01-02;11011,31991646098;7402,184379564072;0,0;3,218855525145403;-3,218855525145403;spy
2003-01-03;11011,31991646098;7424,9427258620135;0,0;0,307454463857626;-0,307454463857626;spy
2003-01-06;11011,31991646098;7555,803837193612;0,0;1,762452804865311;-1,762452804865311;spy
2003-01-07;11011,31991646098;7537,1097470710565;0,0;-0,24741365082208144;0,24741365082208144;strategy
2003-01-08;11011,31991646098;7428,194006778639;0,0;-1,445059763588319;1,445059763588319;strategy
2003-01-09;11011,31991646098;7543,611688785878;0,0;1,553778507964565;-1,553778507964565;spy
2003-01-10;11011,31991646098;7563,93172942596;0,0;0,26936753213702147;-0,26936753213702147;spy
2003-01-13;11011,31991646098;7561,493423768097;0,0;-0,032235955387815984;0,032235955387815984;strategy
2003-01-14;11011,31991646098;7585,877720583565;0,0;0,32247990507827673;-0,32247990507827673;spy
2003-01-15;11011,31991646098;7510,287144597727;0,0;-0,996464466870195;0,996464466870195;strategy
2003-01-16;11011,31991646098;7479,400285949009;0,0;-0,4112606888930337;0,4112606888930337;strategy
2003-01-17;11011,31991646098;7368,859835375921;0,0;-1,4779320045318678;1,4779320045318678;strategy
2003-01-21;11011,31991646098;7254,254508509017;0,0;-1,5552653928456395;1,5552653928456395;strategy
2003-01-22;11011,31991646098;7166,471784115443;0,0;-1,210086085215334;1,210086085215334;strategy
2003-01-23;11011,31991646098;7210,36314631223;0,0;0,6124542664644572;-0,6124542664644572;spy
2003-01-24;11011,31991646098;7020,98021871825;0,0;-2,6265379947033707;2,6265379947033707;strategy
2003-01-27;11011,31991646098;6925,06960209233;0,0;-1,3660573543594179;1,3660573543594179;strategy
2003-01-28;11011,31991646098;6976,276501381128;0,0;0,739442377204802;-0,739442377204802;spy
2003-01-29;11011,31991646098;7029,1087310690245;0,0;0,7573127251684575;-0,7573127251684575;spy
2003-01-30;11011,31991646098;6862,484149772987;0,0;-2,3704937236146084;2,3704937236146084;strategy
2003-01-31;11011,31991646098;6994,970591503683;0,0;1,9305901309087714;-1,9305901309087714;spy
2003-02-03;11011,31991646098;7008,7886904289435;0,0;0,19754334552948283;-0,19754334552948283;spy
2003-02-04;11011,31991646098;6939,700056157924;0,0;-0,9857428626057096;0,9857428626057096;strategy
2003-02-05;11011,31991646098;6896,621669219901;0,0;-0,6207528652451999;0,6207528652451999;strategy
2003-02-06;11011,31991646098;6864,109480172086;0,0;-0,4714219600144176;0,4714219600144176;strategy
2003-02-07;11011,31991646098;6780,391011953899;0,0;-1,2196552001394911;1,2196552001394911;strategy
2003-02-10;11011,31991646098;6828,346630326073;0,0;0,7072692162978234;-0,7072692162978234;spy
2003-02-11;11011,31991646098;6781,203987212662;0,0;-0,6903961627261479;0,6903961627261479;strategy
2003-02-12;11011,31991646098;6673,101222179006;0,0;-1,5941529739778582;1,5941529739778582;strategy
2003-02-13;11011,31991646098;6693,421262819088;0,0;0,3045067048068395;-0,3045067048068395;spy
2003-02-14;11011,31991646098;6839,725803475044;0,0;2,1857960960660616;-2,1857960960660616;spy
2003-02-18;11011,31991646098;6960,020096798006;0,0;1,7587590026173938;-1,7587590026173938;spy
2003-02-19;11011,31991646098;6923,444271693231;0,0;-0,5255132111127492;0,5255132111127492;strategy
2003-02-20;11011,31991646098;6854,35625754064;0,0;-0,9978850329605327;0,9978850329605327;strategy
2003-02-21;11011,31991646098;6923,444271693231;0,0;1,0079431467628241;-1,0079431467628241;spy
2003-02-24;11011,31991646098;6811,2778706026165;0,0;-1,6200953844491939;1,6200953844491939;strategy
2003-02-25;11011,31991646098;6865,735430689611;0,0;0,7995204588852944;-0,7995204588852944;spy
2003-02-26;11011,31991646098;6765,760557888303;0,0;-1,456142227013646;1,456142227013646;strategy
2003-02-27;11011,31991646098;6855,1686126809755;0,0;1,3214782584705986;-1,3214782584705986;spy
2003-02-28;11011,31991646098;6900,685925395288;0,0;0,6639853121936712;-0,6639853121936712;spy
2003-03-03;11011,31991646098;6834,8485720408935;0,0;-0,9540696977978103;0,9540696977978103;strategy
2003-03-04;11011,31991646098;6725,933451866903;0,0;-1,593526455282801;1,593526455282801;strategy
2003-03-05;11011,31991646098;6782,82931761176;0,0;0,8459177622262226;-0,8459177622262226;spy
2003-03-06;11011,31991646098;6725,933451866903;0,0;-0,8388220177843242;0,8388220177843242;strategy
2003-03-07;11011,31991646098;6772,263119721552;0,0;0,6888213834733925;-0,6888213834733925;spy
2003-03-10;11011,31991646098;6609,702794600901;0,0;-2,4003840702417234;2,4003840702417234;strategy
2003-03-11;11011,31991646098;6544,67841650527;0,0;-0,9837715872602515;0,9837715872602515;strategy
2003-03-12;11011,31991646098;6588,569778702057;0,0;0,6706419995533341;-0,6706419995533341;spy
2003-03-13;11011,31991646098;6816,154481918338;0,0;3,4542353023559347;-3,4542353023559347;spy
2003-03-14;11011,31991646098;6838,099852957519;0,0;0,32196117469749375;-0,32196117469749375;spy
2003-03-17;11011,31991646098;7053,492407766065;0,0;3,149888996069383;-3,149888996069383;spy
2003-03-18;11011,31991646098;7094,945464304991;0,0;0,5876954867532813;-0,5876954867532813;spy
2003-03-19;11011,31991646098;7149,403024391986;0,0;0,7675543154062714;-0,7675543154062714;spy
2003-03-20;11011,31991646098;7164,8464537163445;0,0;0,21601005386979732;-0,21601005386979732;spy
2003-03-21;11011,31991646098;7288,392027955932;0,0;1,7243296843508116;-1,7243296843508116;spy
2003-03-24;11011,31991646098;7046,177490792481;0,0;-3,3232918349396345;3,3232918349396345;strategy
2003-03-25;11011,31991646098;7113,6395544275465;0,0;0,9574278213005716;-0,9574278213005716;spy
2003-03-26;11011,31991646098;7077,876704581534;0,0;-0,5027363218558567;0,5027363218558567;strategy
2003-03-27;11011,31991646098;7083,566291156019;0,0;0,0803854999452458;-0,0803854999452458;spy
2003-03-28;11011,31991646098;7047,80282119158;0,0;-0,5048794419993063;0,5048794419993063;strategy
2003-03-31;11011,31991646098;6887,68080172879;0,0;-2,2719423843886366;2,2719423843886366;strategy
2003-04-01;11011,31991646098;6993,345261104584;0,0;1,5341079590864837;-1,5341079590864837;spy
2003-04-02;11011,31991646098;7162,408148058484;0,0;2,4174823441678095;-2,4174823441678095;spy
2003-04-03;11011,31991646098;7128,270008493141;0,0;-0,47662935230236014;0,47662935230236014;strategy
2003-04-04;11011,31991646098;7170,53604029083;0,0;0,5929353370078605;-0,5929353370078605;spy
2003-04-07;11011,31991646098;7156,718561483998;0,0;-0,1926979897903358;0,1926979897903358;strategy
2003-04-08;11011,31991646098;7168,097734632969;0,0;0,1589998691608585;-0,1589998691608585;spy
2003-04-09;11011,31991646098;7073,812448406147;0,0;-1,315345991604977;1,315345991604977;strategy
2003-04-10;11011,31991646098;7112,8271992872105;0,0;0,5515378187592956;-0,5515378187592956;spy
2003-04-11;11011,31991646098;7083,566291156019;0,0;-0,4113822438161274;0,4113822438161274;strategy
2003-04-14;11011,31991646098;7229,870211693548;0,0;2,065399186285477;-2,065399186285477;spy
2003-04-15;11011,31991646098;7297,332895447041;0,0;0,9331105784496474;-0,9331105784496474;spy
2003-04-16;11011,31991646098;7172,974345948692;0,0;-1,7041644019822444;1,7041644019822444;strategy
2003-04-17;11011,31991646098;7279,4511604648205;0,0;1,4844164969900708;-1,4844164969900708;spy
2003-04-21;11011,31991646098;7286,766697556833;0,0;0,10049572324550837;-0,10049572324550837;spy
2003-04-22;11011,31991646098;7424,1297506032515;0,0;1,8851029372530137;-1,8851029372530137;spy
2003-04-23;11011,31991646098;7492,405409615507;0,0;0,9196452824212553;-0,9196452824212553;spy
2003-04-24;11011,31991646098;7425,755701120777;0,0;-0,8895635627137022;0,8895635627137022;strategy
2003-04-25;11011,31991646098;7333,909340670244;0,0;-1,2368621342696562;1,2368621342696562;strategy
2003-04-28;11011,31991646098;7460,706195826454;0,0;1,7289122249310784;-1,7289122249310784;spy
2003-04-29;11011,31991646098;7486,715823041021;0,0;0,34862151828358723;-0,34862151828358723;spy
2003-04-30;11011,31991646098;7470,460038576328;0,0;-0,21712837576477462;0,21712837576477462;strategy
2003-05-01;11011,31991646098;7469,647063317564;0,0;-0,010882532729783456;0,010882532729783456;strategy
2003-05-02;11011,31991646098;7576,123877833694;0,0;1,425459778936844;-1,425459778936844;spy
2003-05-05;11011,31991646098;7561,493423768097;0,0;-0,19311265630703733;0,19311265630703733;strategy
2003-05-06;11011,31991646098;7633,020363696977;0,0;0,9459366810271819;-0,9459366810271819;spy
2003-05-07;11011,31991646098;7590,754331899288;0,0;-0,5537261763208234;0,5537261763208234;strategy
2003-05-08;11011,31991646098;7514,350780654687;0,0;-1,0065343693646422;1,0065343693646422;strategy
2003-05-09;11011,31991646098;7618,389909631383;0,0;1,3845391573219956;-1,3845391573219956;spy
2003-05-12;11011,31991646098;7711,861600481013;0,0;1,2269218556464345;-1,2269218556464345;spy
2003-05-13;11011,31991646098;7698,044121674181;0,0;-0,17917176840893667;0,17917176840893667;strategy
2003-05-14;11011,31991646098;7681,788337209488;0,0;-0,21116772270665107;0,21116772270665107;strategy
2003-05-15;11011,31991646098;7730,556310721997;0,0;0,6348518257953462;-0,6348518257953462;spy
2003-05-16;11011,31991646098;7711,04924534068;0,0;-0,25233714880599223;0,25233714880599223;strategy
2003-05-19;11011,31991646098;7530,607185237807;0,0;-2,3400454900726064;2,3400454900726064;strategy
2003-05-20;11011,31991646098;7515,16375591345;0,0;-0,2050754865375426;0,2050754865375426;strategy
2003-05-21;11011,31991646098;7530,607185237807;0,0;0,20549691032620832;-0,20549691032620832;spy
2003-05-22;11011,31991646098;7605,384785964885;0,0;0,9929823570357543;-0,9929823570357543;spy
2003-05-23;11011,31991646098;7620,828215289243;0,0;0,20305914505283074;-0,20305914505283074;spy
2003-05-27;11011,31991646098;7754,127632278703;0,0;1,749146066854368;-1,749146066854368;spy
2003-05-28;11011,31991646098;7776,0730033178825;0,0;0,28301534459951316;-0,28301534459951316;spy
2003-05-29;11011,31991646098;7755,752962677801;0,0;-0,2613149417631577;0,2613149417631577;strategy
2003-05-30;11011,31991646098;7880,11151217615;0,0;1,603436185974294;-1,603436185974294;spy
2003-06-02;10990,178182221378;7912,623701223965;-0,19199999999996997;0,41258539295514485;-0,6045853929551148;spy
2003-06-03;10911,270670470847;7945,13589027178;-0,7179820967614381;0,4108901203375259;-1,128872217098964;spy
2003-06-04;11134,300307386507;8059,741217138684;2,0440299177917565;1,44245898937021;0,6015709284215465;strategy
2003-06-05;11323,436188193617;8099,568323160083;1,6986777398274144;0,49414869470880696;1,2045290451186075;strategy
2003-06-06;11088,391012819575;8067,869109371032;-2,075740715694685;-0,3913691757918669;-1,684371539902818;spy
2003-06-09;10901,42874968648;7985,775971551942;-1,6861081370321718;-1,0175318501850383;-0,6685762868471334;spy
2003-06-10;11028,62136958206;8067,056134112268;1,1667518342422634;1,0178117048346147;0,14894012940764867;strategy
2003-06-11;11257,752399574669;8152,400552847979;2,0776035581797414;1,0579375836350602;1,0196659745446812;strategy
2003-06-12;11278,875724797;8177,597204803785;0,18763359214695186;0,3090703381472437;-0,12143674600029186;spy
2003-06-13;11077,48148381245;8092,252786068074;-1,7855879069735514;-1,0436368605386548;-0,7419510464348966;spy
2003-06-16;11170,856373754967;8262,941623539497;0,8429252631021455;2,109287017890571;-1,2663617547884254;spy
2003-06-17;11218,33784028262;8262,941623539497;0,425047686041391;0,0;0,425047686041391;strategy
2003-06-18;11226,105329077076;8255,626086447484;0,06923921266273059;-0,08853429475008667;0,15777350741281726;strategy
2003-06-19;11148,04278802545;8129,64158643161;-0,6953661912420639;-1,5260441630549515;0,8306779718128876;strategy
2003-06-20;11041,140479189871;8082,499563436626;-0,9589334277619321;-0,5798782454772056;-0,37905518228472657;spy
2003-06-23;10713,436907495314;7999,593450358778;-2,968022844308582;-1,0257484386747895;-1,9422744056337926;spy
2003-06-24;10673,598361978344;8007,721342591123;-0,37185588397966596;0,10160381627870585;-0,4734597002583718;spy
2003-06-25;10713,34521525764;7927,25415528956;0,3723847565866967;-1,0048699731043054;1,377254729691002;strategy
2003-06-26;10857,425124645262;8030,480309007492;1,3448638729799178;1,3021678338527076;0,042696039127210206;strategy
2003-06-27;10891,319467208377;7937,820973298197;0,31217661806552943;-1,1538455004411419;1,4660221185066713;strategy
2003-06-30;10905,589260557881;7935,382047521906;0,13101987681536365;-0,030725381493168502;0,16174525830853215;strategy
2003-07-01;10880,223701448958;8008,534317849886;-0,23259228367110696;0,9218493815407847;-1,1544416652118916;spy
2003-07-02;11242,863438135268;8109,321545791529;3,3330172856465667;1,2584977967441846;2,074519488902382;strategy
2003-07-03;11308,319426459677;8025,603077573342;0,5822003325450575;-1,0323732724796808;1,6145736050247383;strategy
2003-07-07;11624,9707383032;8184,91212177737;2,8001624282261606;1,9850102561039806;0,8151521721221799;strategy
2003-07-08;11840,704975857756;8221,488567000571;1,8557830588229463;0,446876456081724;1,4089066027412223;strategy
2003-07-09;11948,58661216767;8175,158899145922;0,9111082197375664;-0,56351921525023;1,4746274349877964;strategy
2003-07-10;11651,392968153665;8071,120390287655;-2,4872702827576476;-1,2726175740649714;-1,2146527086926762;spy
2003-07-11;11593,137419749093;8147,523321413829;-0,49998784320295364;0,9466211310404038;-1,4466089742433574;spy
2003-07-14;11821,292547605795;8187,351047553657;1,968018833866636;0,4888323060720845;1,4791865277945515;strategy
2003-07-15;11681,145476082967;8169,469312571439;-1,185547781331342;-0,2184068434143982;-0,9671409379169438;spy
2003-07-16;11495,739482788444;8121,513694199265;-1,5872244179660377;-0,5870102027114354;-1,0002142152546023;spy
2003-07-17;11046,313702146437;8006,096012192024;-3,909498656566568;-1,4211351030495312;-2,4883635535170368;spy
2003-07-18;11049,801687210762;8088,189150011113;0,03157600950303152;1,025382879421799;-0,9938068699187674;spy
2003-07-21;10880,903982356267;7988,214277209804;-1,5285134487977303;-1,2360600246492992;-0,2924534241484311;spy
2003-07-22;11143,98746235411;8060,553572279021;2,417845800536811;0,9055752957904506;1,5122705047463603;strategy
2003-07-23;11362,958183762654;8066,243158853505;1,9649225391562553;0,07058555623338236;1,894336982922873;strategy
2003-07-24;11471,778497402393;8005,2830369332605;0,9576759139643842;-0,7557436680213914;1,7134195819857756;strategy
2003-07-25;11563,279872903764;8146,710966273495;0,7976215328956204;1,7666824356832977;-0,9690609027876773;spy
2003-07-28;11748,594957286641;8116,637082883541;1,6026169600644735;-0,36915368072412136;1,9717706407885949;strategy
2003-07-29;11511,022835980844;8079,248282520003;-2,022132196824533;-0,4606439832376297;-1,5614882135869035;spy
2003-07-30;11469,658370340856;8059,741217138684;-0,35934656919185404;-0,24144653932128834;-0,11790002987056569;spy
2003-07-31;11395,458637434673;8078,435307261239;-0,6469219091830514;0,23194404905708677;-0,8788659582401381;spy
2003-08-01;10993,808346406156;8006,908987450788;-3,5246522655005275;-0,8853981877673833;-2,639254077733144;spy
2003-08-04;10857,35810840112;8006,908987450788;-1,2411553276680642;0,0;-1,2411553276680642;spy
2003-08-05;10683,878922138483;7837,033125238127;-1,5978029326342624;-2,1216160003680318;0,5238130677337693;strategy
2003-08-06;10437,47708072975;7882,550437952438;-2,3062957115524196;0,580797758372742;-2,8870934699251616;spy
2003-08-07;10429,570297834427;7965,455930911862;-0,07575377492249347;1,0517597522783362;-1,1275135272008296;spy
2003-08-08;10499,3178535997;7988,214277209804;0,668748124548868;0,2857130400988339;0,3830350844500341;strategy
2003-08-11;10663,361624197558;8018,288160599759;1,5624231296285096;0,376478175801509;1,1859449538270006;strategy
2003-08-12;10674,117418826663;8091,440430927735;0,1008668280056968;0,9123178022889089;-0,8114509742832121;spy
2003-08-13;10761,740548920017;8049,987374388812;0,8208934439751125;-0,5123075043657055;1,333200948340818;strategy
2003-08-14;10676,796062004752;8071,932745427992;-0,789319223308993;0,27261373240161646;-1,0619329557106094;spy
2003-08-15;10644,604912826466;8097,130017502223;-0,30150570443922;0,31215909335349235;-0,6136647977927123;spy
2003-08-18;10756,338478186426;8167,031006913577;1,0496732032329703;0,8632810546485015;0,18639214858446884;strategy
2003-08-19;10698,883162681204;8197,917245443865;-0,5341531007204692;0,37818196727970044;-0,9123350680001696;spy
2003-08-20;10767,155219825621;8164,592081137289;0,6381232144169635;-0,4065076934644196;1,0446309078813831;strategy
2003-08-21;10822,696643757707;8190,6017083518545;0,5158412115190414;0,3185661568402942;0,19727505467874717;strategy
2003-08-22;10775,223762605141;8109,321545791529;-0,4386418904196776;-0,9923588700137209;0,5537169795940433;strategy
2003-08-25;10680,281239173368;8122,326669458026;-0,8811188103700074;0,1603725242988574;-1,0414913346688648;spy
2003-08-26;10603,817678099267;8136,957123523622;-0,7159320935636648;0,18012639310125422;-0,896058486664919;spy
2003-08-27;10741,507867920935;8139,3954291814825;1,298496390654158;0,02996581671559362;1,2685305739385644;strategy
2003-08-28;10767,95440907157;8189,7893532115195;0,24620883283636985;0,6191359600169255;-0,37292712718055565;spy
2003-08-29;10881,030883735926;8245,059888557276;1,0501202955418787;0,6748712691136971;0,3752490264281816;strategy
2003-09-02;10930,971177213949;8355,600959248792;0,45896656311001927;1,340694575729251;-0,8817280126192317;spy
2003-09-03;10878,413344954646;8401,11765184468;-0,4808157610813324;0,5447446906317932;-1,0255604517131256;spy
2003-09-04;11141,548711787336;8405,181908020066;2,4188763424284776;0,04837756526947512;2,3704987771590025;strategy
2003-09-05;11196,386145406172;8358,039264906654;0,492188608939248;-0,5608759409291175;1,0530645498683655;strategy
2003-09-08;11261,464075452554;8427,127279059245;0,5812404931486048;0,8266055226932689;-0,2453650295446641;spy
2003-09-09;11132,026460749676;8371,856743713488;-1,1493853182466984;-0,65586448994428;-0,4935208283024184;spy
2003-09-10;10853,087952095562;8287,325300236538;-2,505729838476578;-1,0097096267255856;-1,4960202117509924;spy
2003-09-11;10938,581283420019;8311,709597052008;0,7877327789272082;0,29423602829701245;0,4934967506301957;strategy
2003-09-12;11008,338957702119;8327,152406257937;0,6377214053145508;0,18579582245519255;0,45192558285935824;strategy
2003-09-15;10922,723210957747;8297,891498126746;-0,77773537927327;-0,35139152862389;-0,42634385064937996;spy
2003-09-16;11099,011185503765;8418,999386826898;1,6139562556081621;1,4595019557376965;0,15445429987046566;strategy
2003-09-17;11182,94470325609;8402,742982243775;0,7562251839330347;-0,19309188463130234;0,9493170685643371;strategy
2003-09-18;11229,489451263156;8501,904879786322;0,4162119123553909;1,180113419535611;-0,7639015071802202;spy
2003-09-19;11330,44582225548;8426,314303800484;0,8990290380562982;-0,8891016431571419;1,78813068121344;strategy
2003-09-22;11279,62762243248;8335,28091860871;-0,44851015238237535;-1,080346423236489;0,6318362708541136;strategy
2003-09-23;11404,1855984365;8366,980132397763;1,1042738304259725;0,38030168507316997;0,7239721453528025;strategy
2003-09-24;11137,60160000905;8218,237286083948;-2,33759785936839;-1,7777363392781131;-0,5598615200902768;spy
2003-09-25;10989,77618263396;8150,774602330455;-1,327264366997738;-0,8208899476257248;-0,5063744193720132;spy
2003-09-26;10690,970552257044;8123,951999857127;-2,718941909381989;-0,32908040992397636;-2,3898614994580125;spy
2003-09-29;10713,165183819265;8203,606832018351;0,20760165275672815;0,9804936336726966;-0,7728919809159684;spy
2003-09-30;10678,844790125138;8123,951999857127;-0,3203571783431669;-0,9709733022593814;0,6506161239162145;strategy
2003-10-01;10825,362268940984;8297,07914298641;1,3720349129086706;2,1310704830891147;-0,7590355701804441;spy
2003-10-02;11397,617470513145;8327,152406257937;5,286245276188284;0,36245602522604337;4,9237892509622405;strategy
2003-10-03;11724,164108624453;8403,55595750254;2,865042970218279;0,9175231521784566;1,9475198180398223;strategy
2003-10-06;12085,455400799437;8441,757733124841;3,0815953173942257;0,45459060206762825;2,6270047153265974;strategy
2003-10-07;12167,92121995462;8474,269922172658;0,6823559098131149;0,38513530091299764;0,29722060890011726;strategy
2003-10-08;12185,156964664655;8453,136906273812;0,1416490491553235;-0,24937860243927634;0,39102765159459985;strategy
2003-10-09;12416,812659439756;8475,895252571756;1,9011301655520008;0,26922959547777126;1,6319005700742295;strategy
2003-10-10;12457,010133923439;8499,46657412846;0,3237342431281931;0,2780983112026236;0,04563593192556947;strategy
2003-10-13;12752,912454924155;8526,289176601791;2,375387976886234;0,3155798336212712;2,059808143264963;strategy
2003-10-14;12984,32294546377;8556,362439873317;1,8145697412849549;0,35271221335131386;1,461857527933641;strategy
2003-10-15;12786,589518424262;8533,604093575374;-1,5228628236529484;-0,26598156001302886;-1,2568812636399196;spy
2003-10-16;13215,900733341674;8567,742233140716;3,3575115107810083;0,4000436297606491;2,957467881020359;strategy
2003-10-17;13162,47886524549;8474,269922172658;-0,40422419306925805;-1,0909794952338792;0,6867553021646211;strategy
2003-10-20;13190,81895984179;8537,668349750762;0,2153097063740006;0,7481284896557749;-0,5328187832817743;spy
2003-10-21;13542,178987697587;8523,037895685165;2,663671064893536;-0,17136357921450074;2,8350346441080365;strategy
2003-10-22;13323,265433436534;8415,748105910274;-1,616531242571273;-1,258820987164777;-0,3577102554064959;spy
2003-10-23;13402,63618598024;8400,304676585916;0,5957304756873949;-0,183506316135007;0,7792367918224019;strategy
2003-10-24;13335,043230526002;8418,999386826898;-0,5043258245340021;0,22254800225387505;-0,7268738267878772;spy
2003-10-27;13615,581264175691;8423,063022883858;2,1037654606735234;0,04826744688115614;2,0554980137923673;strategy
2003-10-28;14018,508271765897;8537,668349750762;2,9593081615278294;1,3606134319017027;1,5986947296261267;strategy
2003-10-29;14595,29561359938;8549,047522899733;4,114470175083951;0,13328197679760567;3,981188198286345;strategy
2003-10-30;14518,383563061017;8566,929257881953;-0,5269646643312864;0,2091664005179794;-0,7361310648492658;spy
2003-10-31;14213,85098961705;8558,801365649606;-2,097565284187597;-0,09487521126509968;-2,0026900729224972;spy
2003-11-03;14173,473068385225;8614,884256135698;-0,28407446554294946;0,6552657094155423;-0,9393401749584918;spy
2003-11-04;14242,703084834537;8596,190166013146;0,4884477933904119;-0,21699757729464197;0,7054453706850539;strategy
2003-11-05;14163,076674172427;8602,692107727966;-0,559068107983618;0,07563748113119662;-0,6347055891148146;spy
2003-11-06;14058,053218027353;8648,20942044228;-0,7415299553987009;0,5291054491352032;-1,2706354045339041;spy
2003-11-07;14188,302233129269;8583,99801760541;0,9265081948536924;-0,742482052817639;1,6689902476713314;strategy
2003-11-10;14002,843905171669;8549,047522899733;-1,3071213518736635;-0,4071586996408416;-0,8999626522328219;spy
2003-11-11;13707,191021882138;8546,609217241872;-2,1113774122722195;-0,028521372133327727;-2,082856040138892;spy
2003-11-12;14125,671624820348;8642,519833867791;3,053000445314802;1,122206645793855;1,9307937995209468;strategy
2003-11-13;14172,480904463227;8644,958139525654;0,3313773736650427;0,02821290207870586;0,30316447158633686;strategy
2003-11-14;13927,921939569698;8571,805869197677;-1,7255903644683102;-0,8461842052596813;-0,8794061592086289;spy
2003-11-17;13695,766663472785;8528,727482259652;-1,6668335528026823;-0,5025590592622309;-1,1642744935404514;spy
2003-11-18;13726,778001057017;8440,131782607315;0,22643009585538998;-1,038791541136963;1,265221636992353;strategy
2003-11-19;13810,872337177603;8511,658722536195;0,612629825543265;0,8474623592521935;-0,23483253370892854;spy
2003-11-20;13783,263048736288;8435,255171291592;-0,19990980849916573;-0,8976341008869348;0,6977242923877691;strategy
2003-11-21;13887,577314074748;8470,20566599727;0,7568183598442246;0,4143383216743457;0,34248003816987893;strategy
2003-11-24;14397,720042661878;8582,372067087885;3,673374535025009;1,3242464883809646;2,3491280466440445;strategy
2003-11-25;14563,314693145547;8614,884256135698;1,1501449534578656;0,3788252104857115;0,7713197429721541;strategy
2003-11-26;14777,17775038932;8645,771114784418;1,4685053626179778;0,35852900318100733;1,1099763594369705;strategy
2003-11-28;14948,387721699773;8652,27305649924;1,1586107591210482;0,07520372247309393;1,0834070366479542;strategy
2003-12-01;15187,635812181661;8745,745367467296;1,6004942802934075;1,0803208631729788;0,5201734171204286;strategy
2003-12-02;15252,417316362593;8723,799996428117;0,4265410692095406;-0,2509262517613631;0,6774673209709037;strategy
2003-12-03;14919,541865957137;8709,982517621285;-2,182443893981001;-0,15838830340549892;-2,024055590575502;spy
2003-12-04;14614,390545784549;8745,745367467296;-2,0453129386557856;0,4105961151317894;-2,455909053787575;spy
2003-12-05;14425,404545476491;8684,785245547053;-1,2931500613453162;-0,697026032189374;-0,5961240291559422;spy
2003-12-08;14376,927296886328;8743,307061809437;-0,3360546904410011;0,673842986415707;-1,009897676856708;spy
2003-12-09;14127,123851959723;8675,844378055943;-1,7375301395640141;-0,7715922965598421;-0,9659378430041721;spy
2003-12-10;13886,762183719975;8675,032022915608;-1,7014196998521025;-0,00936341299977439;-1,6920562868523281;spy
2003-12-11;14300,786451415326;8772,567969940628;2,9814312524249154;1,1243295329328218;1,8571017194920936;strategy
2003-12-12;14260,595200091935;8789,636729664084;-0,28104224519354126;0,19456970617888203;-0,4756119513724233;spy
2003-12-15;14101,54025041814;8745,745367467296;-1,11534580038265;-0,4993535403876148;-0,6159922599950352;spy
2003-12-16;13978,991077771378;8791,262680181611;-0,8690481356682156;0,5204509255852807;-1,3894990612534963;spy
2003-12-17;13938,29770194391;8818,897637795275;-0,2911038114344011;0,3143457159568319;-0,605449527391233;spy
2003-12-18;14139,371127708582;8918,059535337821;1,4425967220992097;1,1244250882056495;0,3181716338935603;strategy
2003-12-19;13998,082740388425;8851,409826843092;-0,9992551015460482;-0,7473566220390193;-0,2518984795070289;spy
2003-12-22;13955,341451907681;8913,182924022098;-0,3053367327042755;0,6978899224807211;-1,0032266551849967;spy
2003-12-23;14084,511629138353;8918,872510596584;0,9255966804954996;0,06383338727573573;0,8617632932197639;strategy
2003-12-24;14113,753151060551;8909,931643105476;0,20761473803396768;-0,10024661167076232;0,30786134970473;strategy
2003-12-26;14214,75664248518;8916,433584820295;0,715638783983108;0,07297409200497373;0,6426646919781343;strategy
2003-12-29;14315,070927067463;9035,103167862586;0,7057052547946085;1,33090861848979;-0,6252033636951815;spy
2003-12-30;14193,015340012658;9036,728498261684;-0,8526369703416359;0,017989062979140158;-0,870626033320776;spy
2003-12-31;14044,420346460796;9044,856390494031;-1,046958591899394;0,08994286188757084;-1,1369014537869648;spy
2004-01-02;14066,997376331215;9040,792754437072;0,16075444420964313;-0,04492759068269736;0,2056820348923405;strategy
2004-01-05;14298,515270037766;9139,141676720852;1,6458231100269893;1,0878351595385416;0,5579879504884477;strategy
2004-01-06;14438,236853016442;9148,082544211962;0,9771754643047359;0,09783049445315495;0,879344969851581;strategy
2004-01-07;14617,87437407855;9178,968782742253;1,2441790704145195;0,3376252715366235;0,906553798877896;strategy
2004-01-08;14756,428296910131;9215,544607847027;0,9478390584425567;0,39847422919163655;0,5493648292509201;strategy
2004-01-09;14923,443201063816;9135,077420545467;1,1318111726850377;-0,8731680082481708;2,0049791809332085;strategy
2004-01-12;15111,444697146693;9202,540104298958;1,2597729193586815;0,7385014997438599;0,5212714196148216;strategy
2004-01-13;14893,010853369728;9148,8948993523;-1,4454861739209512;-0,5829391052759036;-0,8625470686450476;spy
2004-01-14;15196,03800726627;9225,298450596902;2,0346937021668676;0,8351123505638824;1,1995813516029852;strategy
2004-01-15;15251,229639146852;9248,056796894844;0,3631975114446906;0,24669495973292932;0,11650255171176127;strategy
2004-01-16;15501,98958749952;9284,633242118047;1,6441949553301471;0,3955041153670624;1,2486908399630847;strategy
2004-01-20;15669,737692847404;9282,194316341758;1,0821069411835582;-0,026268412684571363;1,1083753538681296;strategy
2004-01-21;15490,014434066608;9355,346586669735;-1,1469449093767015;0,7880924255075028;-1,9350373348842043;spy
2004-01-22;15421,946017108367;9330,962909972694;-0,4394341738542362;-0,260638945560665;-0,1787952282935712;spy
2004-01-23;15353,012078285465;9300,889026582741;-0,44698599480526013;-0,3223020354931383;-0,12468395931212184;spy
2004-01-26;15604,242275676977;9417,932659107506;1,6363577134602902;1,2584133859703472;0,377944327489943;strategy
2004-01-27;15410,571670679976;9321,209067222822;-1,241140720423728;-1,027015114523544;-0,21412560590018392;spy
2004-01-28;15111,408805338802;9214,732252706694;-1,9412833717931344;-1,1423069019076637;-0,7989764698854707;spy
2004-01-29;14952,668847912319;9223,673120197804;-1,0504643178629425;0,09702796832196103;-1,1474922861849035;spy
2004-01-30;15111,211868539944;9223,673120197804;1,0602991495378467;0,0;1,0602991495378467;strategy
2004-02-02;15080,31410457634;9263,500226219203;-0,20446913346460205;0,43179225350242767;-0,6362613869670297;spy
2004-02-03;14772,723281287077;9248,056796894844;-2,0396844598609576;-0,16671267822339075;-1,8729717816375668;spy
2004-02-04;14388,272984797028;9172,466220909004;-2,6024334793913084;-0,8173671252886372;-1,7850663541026712;spy
2004-02-05;14588,985839462663;9199,288823382334;1,394975302996504;0,29242519762229247;1,1025501053742115;strategy
2004-02-06;15074,223476632467;9302,514356981841;3,326054617568097;1,1221034101802863;2,203951207387811;strategy
2004-02-09;15157,808709989546;9304,953282758128;0,5544911383770446;0,026217920044979692;0,5282732183320649;strategy
2004-02-10;15160,246972660036;9335,026546029654;0,016085851966729514;0,32319628436234815;-0,30711043239561864;spy
2004-02-11;15474,83713944848;9434,1884435722;2,075099220717025;1,0622561923481877;1,0128430283688372;strategy
2004-02-12;15644,590806647435;9400,050924125286;1,0969657752728068;-0,36184903080003217;1,458814806072839;strategy
2004-02-13;15339,030450327451;9357,784892327596;-1,9531374140520863;-0,44963620025944007;-1,5035012137926462;spy
2004-02-17;15569,479599907552;9442,316335804548;1,5023710287711323;0,9033274909563183;0,599043537814814;strategy
2004-02-18;15549,202163874106;9400,863899384049;-0,13023836733481176;-0,4390070714249905;0,30876870409017876;strategy
2004-02-19;15092,830841513525;9365,913404678373;-2,935014398493585;-0,3717796053612221;-2,563234793132363;spy
2004-02-20;15123,391413659208;9337,464851687515;0,2024840301106723;-0,3037456333585986;0,5062296634692709;strategy
2004-02-23;14766,30601789363;9313,89353013081;-2,361146293172467;-0,25243812888297024;-2,1087081642894967;spy
2004-02-24;14554,290541113736;9297,637745666116;-1,4358057900396792;-0,17453264214484232;-1,261273147894837;spy
2004-02-25;14799,929601499614;9336,652496547182;1,6877432788082958;0,4196200362748259;1,2681232425334699;strategy
2004-02-26;14980,601083077257;9342,342083121664;1,2207590606332142;0,06093818503565274;1,1598208755975614;strategy
2004-02-27;15014,835264129135;9348,844024836486;0,22852341412755717;0,06959648508877425;0,15892692903878292;strategy
2004-03-01;15177,555522652416;9441,50398066421;1,0837298955388652;0,9911381084288129;0,09259178711005234;strategy
2004-03-02;15115,763962626324;9386,233445318452;-0,40712458560185905;-0,585399693300459;0,1782751076986;strategy
2004-03-03;15003,262760076337;9403,30220504191;-0,7442640863415617;0,18184887285082052;-0,9261129591923822;spy
2004-03-04;15155,374454188903;9427,68588173895;1,0138574291808977;0,2593097208336559;0,7545477083472418;strategy
2004-03-05;15213,59140099919;9459,385095528003;0,38413400464807346;0,3362353623857395;0,04789864226233398;strategy
2004-03-08;15082,759540161824;9343,967413520764;-0,8599669689352551;-1,2201393731375187;0,3601724042022636;strategy
2004-03-09;14843,764416771164;9306,578613157226;-1,5845583346619785;-0,4001383856437335;-1,184419949018245;spy
2004-03-10;14571,68523399152;9150,520849869823;-1,8329527142874613;-1,6768542960221233;-0,156098418265338;spy
2004-03-11;14395,097688327185;9031,851886945962;-1,2118539676688078;-1,2968547350564075;0,08500076738759965;strategy
2004-03-12;14567,915252964141;9150,520849869823;1,2005306832831852;1,313894032024332;-0,11336334874114673;spy
2004-03-15;14297,52128358056;9038,353828660784;-1,8560924105359922;-1,2257993074857088;-0,6302931030502834;spy
2004-03-16;14212,269658093554;9086,309447032956;-0,5962685684889335;0,5305791218319422;-1,1268476903208757;spy
2004-03-17;14463,250386376798;9187,909650233363;1,765944035126843;1,1181679844018966;0,6477760507249464;strategy
2004-03-18;14557,921130897215;9190,347955891224;0,6545606415663707;0,026538198030712223;0,6280224435356585;strategy
2004-03-19;14484,65200433794;9026,974655511813;-0,5032938831065037;-1,7776617508228898;1,274367867716386;strategy
2004-03-22;14301,517245158995;8912,369948763335;-1,2643366172973902;-1,2695804643530373;0,005243847055647066;strategy
2004-03-23;14241,441935145325;8896,926519438977;-0,4200624939567521;-0,1732808379044104;-0,2467816560523417;spy
2004-03-24;14265,862859591274;8904,242056530986;0,17147789217664133;0,08222544129172782;0,08925245088491351;strategy
2004-03-25;14614,230108822017;9022,09804419609;2,441964097506566;1,3235937086712557;1,1183703888353103;strategy
2004-03-26;14710,599397450866;9024,53634985395;0,6594209062759537;0,02702592729446618;0,6323949789814876;strategy
2004-03-29;15065,848275103803;9151,33320501016;2,414917761369373;1,4050234853147048;1,009894276054668;strategy
2004-03-30;15231,351796147213;9182,220063658877;1,0985343674070114;0,3375121193468056;0,7610222480602058;strategy
2004-03-31;15107,940782548954;9192,786261549085;-0,8102433405121401;0,11507236612664506;-0,9253157066387852;spy
2004-04-01;15254,891175020639;9248,056796894844;0,9726698998014705;0,6012381205569906;0,3714317792444799;strategy
2004-04-02;15381,177885833924;9317,957786306199;0,8278440623691541;0,755845156950441;0,07199890541871312;strategy
2004-04-05;15354,7290984604;9369,164065476569;-0,17195553923008422;0,5495440132345708;-0,721499552464655;spy
2004-04-06;15360,144643049454;9339,090802205043;0,035269554769268296;-0,32098128564468364;0,35625084041395194;strategy
2004-04-07;15326,792788331517;9317,144811047434;-0,21713242611312022;-0,23499066046587247;0,017858234352752245;strategy
2004-04-08;15403,721099852955;9296,01241526702;0,5019204773226038;-0,22681192799920424;0,728732405321808;strategy
2004-04-12;15484,710807147236;9332,588240371793;0,525780146039212;0,39345714561120904;0,13232300042800293;strategy
2004-04-13;15243,726743758663;9201,727129040195;-1,5562709978241385;-1,402195274891771;-0,1540757229323675;spy
2004-04-14;15270,3921406515;9216,357583105791;0,17492701975752034;0,1589968259265495;0,01593019383097083;strategy
2004-04-15;15247,722305634132;9181,407088400114;-0,14845614184993972;-0,379222424808523;0,23076628295858326;strategy
2004-04-16;15232,455775830033;9252,12105307023;-0,10012334628142217;0,770186573683862;-0,8703099199652842;spy
2004-04-19;15309,276031670142;9252,12105307023;0,5043195724356186;0,0;0,5043195724356186;strategy
2004-04-20;14789,557130693476;9096,875644923166;-3,394797375797054;-1,6779439790786888;-1,7168533967183652;spy
2004-04-21;14960,045938127903;9157,83576684341;1,1527647915880124;0,6701215263315685;0,48264326525644385;strategy
2004-04-22;15025,011261753483;9286,258572517145;0,43425885117107654;1,4023270229271745;-0,9680681717560979;spy
2004-04-23;14968,655030137095;9295,199440008255;-0,3750827911846222;0,09628062175190966;-0,47136341293653183;spy
2004-04-26;14909,34382835222;9282,194316341758;-0,39623601229009653;-0,13991226062907147;-0,25632375166102506;spy
2004-04-27;14822,906993417797;9290,322828692531;-0,5797494237811507;0,08757102118044369;-0,6673204449615944;spy
2004-04-28;14559,29410126069;9170,027915251143;-1,7784156122288675;-1,2948410476099514;-0,483574564618916;spy
2004-04-29;14440,576417098986;9089,56072794958;-0,8154082425701148;-0,8775020975425152;0,062093854972400386;strategy
2004-04-30;14253,423594072341;9018,846763279464;-1,2960204469749437;-0,7779689996753825;-0,5180514472995612;spy
2004-05-03;14366,76522666706;9115,570355164147;0,7951888319789768;1,0724607527261343;-0,27727192074715745;spy
2004-05-04;14425,326617195265;9108,254818072137;0,40761709128167567;-0,08025320201566766;0,4878702932973433;strategy
2004-05-05;14460,957807758488;9166,77663433452;0,247004393791328;0,6425140428248266;-0,3955096490334986;spy
2004-05-06;14351,912816776621;9087,934777432056;-0,7540647890097785;-0,8600826664321493;0,10601787742237079;strategy
2004-05-07;14244,466944955353;8937,56660071914;-0,7486519267011493;-1,6545912838890953;0,9059393571879459;strategy
2004-05-10;14066,50110736402;8845,720240268603;-1,249368181196553;-1,0276439276340144;-0,22172425356253855;spy
2004-05-11;14161,362757404571;8920,497840995682;0,6743798569133208;0,8453534443319421;-0,17097358741862134;spy
2004-05-12;14222,944086877866;8977,39370674054;0,43485454421463565;0,637810431200192;-0,20295588698555633;spy
2004-05-13;14273,856751252053;8940,004906376998;0,35796150264810755;-0,4164772269647621;0,7744387296128696;strategy
2004-05-14;14254,055276553416;8944,069162552387;-0,13872546883237913;0,045461453522133155;-0,18418692235451228;spy
2004-05-17;14196,088812236758;8867,665611307786;-0,40666647625541286;-0,8542370352466855;0,4475705589912726;strategy
2004-05-18;14260,730348026484;8912,369948763335;0,4553475020105946;0,5041274605409374;-0,04877995853034278;spy
2004-05-19;14296,41225063943;8881,483090114618;0,2502109060486202;-0,3465616758088319;0,5967725818574521;strategy
2004-05-20;14272,048638017111;8909,931643105476;-0,17041766979843942;0,3203130907553309;-0,4907307605537703;spy
2004-05-21;14317,010788796943;8925,374452311406;0,31503641782766323;0,17332129835001542;0,1417151194776478;strategy
2004-05-24;14349,641160158255;8962,763252674942;0,2279132972844211;0,4189045575992978;-0,19099126031487668;spy
2004-05-25;14502,472014764851;9091,18605834868;1,0650500099677052;1,4328483532733083;-0,3677983433056031;spy
2004-05-26;14517,92278319467;9122,885272137732;0,10653886050659978;0,3486807286266158;-0,24214186812001603;spy
2004-05-27;14541,181838704177;9174,092171426531;0,16020925208688475;0,5613015812573119;-0,40109232917042714;spy
2004-05-28;14552,568417059163;9173,279196167767;0,07830572838776195;-0,008861642586244223;0,08716737097400618;strategy
2004-06-01;14593,64585312623;9161,087047760033;0,2822693210561722;-0,13290937893645216;0,41517869999262436;strategy
2004-06-02;14593,64585312623;9195,224567206946;0,0;0,3726361213351792;-0,3726361213351792;spy
2004-06-03;14593,64585312623;9110,693123729998;0,0;-0,9192972162791246;0,9192972162791246;strategy
2004-06-04;14593,64585312623;9183,033038917642;0,0;0,7940111054693055;-0,7940111054693055;spy
2004-06-07;14593,64585312623;9322,834397621922;0,0;1,5223876263082525;-1,5223876263082525;spy
2004-06-08;14593,64585312623;9335,839521288417;0,0;0,1394975295261336;-0,1394975295261336;spy
2004-06-09;14593,64585312623;9248,869772153606;0,0;-0,931568595802168;0,931568595802168;strategy
2004-06-10;14593,64585312623;9294,386464749492;0,0;0,49213248447854685;-0,49213248447854685;spy
2004-06-14;14593,64585312623;9202,540104298958;0,0;-0,9881917520739747;0,9881917520739747;strategy
2004-06-15;14593,64585312623;9267,563862276162;0,0;0,706584891130535;-0,706584891130535;spy
2004-06-16;14593,64585312623;9265,938531877064;0,0;-0,01753783867315395;0,01753783867315395;strategy
2004-06-17;14593,64585312623;9252,12105307023;0,0;-0,14912120082922753;0,14912120082922753;strategy
2004-06-18;14593,64585312623;9235,86464848711;0,0;-0,17570462480844817;0,17570462480844817;strategy
2004-06-21;14593,64585312623;9200,914153781434;0,0;-0,3784214693033694;0,3784214693033694;strategy
2004-06-22;14593,64585312623;9247,24382163608;0,0;0,5035333128894148;-0,5035333128894148;spy
2004-06-23;14593,64585312623;9326,898653797307;0,0;0,8613899849256201;-0,8613899849256201;spy
2004-06-24;14593,64585312623;9297,637745666116;0,0;-0,31372602209286393;0,31372602209286393;strategy
2004-06-25;14593,64585312623;9252,933408210567;0,0;-0,48081393014464124;0,48081393014464124;strategy
2004-06-28;14565,626053088228;9221,234194421515;-0,19200000000000328;-0,3425855606063677;0,1505855606063644;strategy
2004-06-29;14603,400803693417;9259,435970043816;0,25934175755650823;0,41428050537326566;-0,15493874781675743;spy
2004-06-30;14782,017929490903;9309,016918815087;1,2231200677058185;0,5354640275247347;0,6876560401810838;strategy
2004-07-01;14711,032645772339;9179,781758001014;-0,4802137573987397;-1,3882793633435808;0,9080656059448411;strategy
2004-07-02;14604,639532328485;9174,904526566865;-0,7232198854132066;-0,053130145821811414;-0,6700897395913952;spy
2004-07-06;14462,759388783006;9094,437339265303;-0,9714730940905247;-0,8770356908735177;-0,094437403217007;spy
2004-07-07;14553,496653451106;9121,259941738634;0,6273855647385806;0,29493416110002446;0,3324514036385562;strategy
2004-07-08;14320,303833360007;9057,861514160526;-1,6023147264461746;-0,6950621732420781;-0,9072525532040965;spy
2004-07-09;14318,129091609477;9081,432835717234;-0,015186421851354215;0,26023053587049816;-0,2754169577218524;spy
2004-07-12;14260,667247446716;9085,496471774193;-0,4013222942404804;0,04474663999030071;-0,4460689342307811;spy
2004-07-13;14272,643923449643;9091,999033607442;0,08398398051865374;0,07157079256427945;0,012413187954374294;strategy
2004-07-14;14319,728928305143;9064,36345587535;0,32989686499598214;-0,303954912774862;0,6338517777708441;strategy
2004-07-15;14307,377334013312;9005,842259731393;-0,0862557828690158;-0,6456183760595313;0,5593625931905155;strategy
2004-07-16;14312,17464305354;8998,526722639383;0,03353031745954027;-0,08123101516801512;0,11476133262755539;strategy
2004-07-19;14156,679499581827;8960,324947017081;-1,0864536476794862;-0,4245336686747758;-0,6619199790047103;spy
2004-07-20;14243,489870889349;9074,117298625222;0,6132113912028947;1,2699578673876388;-0,6567464761847441;spy
2004-07-21;14021,226567320715;8906,680362188848;-1,5604553770413587;-1,8452145914153117;0,284759214373953;strategy
2004-07-22;13947,529588912828;8931,064038885888;-0,5256100673792119;0,2737684042256161;-0,799378471604828;spy
2004-07-23;13868,935337028044;8856,286438158813;-0,5634994454305375;-0,8372753840023228;0,2737759385717853;strategy
2004-07-26;13667,807000150216;8839,217678435358;-1,4502074744039195;-0,1927304389107376;-1,257477035493182;spy
2004-07-27;13873,771834959094;8922,12317139478;1,5069340297723999;0,9379279476472657;0,5690060821251341;strategy
2004-07-28;13903,532262515404;8948,94577386811;0,21450855549836056;0,3006302643223657;-0,08612170882400516;spy
2004-07-29;13962,37634415713;8987,147549490412;0,4232311655101739;0,4268857649563085;-0,0036545994461345543;spy
2004-07-30;13957,350037626318;9009,09292052959;-0,035998933182423976;0,244186166059146;-0,28018509924157;spy
2004-08-02;13949,77188911396;9027,787630770574;-0,05429503804038616;0,2075093508957293;-0,26180438893611546;spy
2004-08-03;13949,77188911396;8957,88664135922;0,0;-0,7742870376469702;0,7742870376469702;strategy
2004-08-04;13949,77188911396;8957,073666100458;0,0;-0,00907552519150423;0,00907552519150423;strategy
2004-08-05;13949,77188911396;8810,769745562928;0,0;-1,6333897206990855;1,6333897206990855;strategy
2004-08-06;13949,77188911396;8684,785245547053;0,0;-1,4298920940400306;1,4298920940400306;strategy
2004-08-09;13949,77188911396;8696,977393954789;0,0;0,14038514555079207;-0,14038514555079207;spy
2004-08-10;13949,77188911396;8809,1437950454;0,0;1,289717059269102;-1,289717059269102;spy
2004-08-11;13949,77188911396;8791,262680181611;0,0;-0,20298357343020434;0,20298357343020434;strategy
2004-08-12;13949,77188911396;8695,352063555689;0,0;-1,090976576574565;1,090976576574565;strategy
2004-08-13;13949,77188911396;8712,420823279146;0,0;0,19629751157514974;-0,19629751157514974;spy
2004-08-16;13949,77188911396;8802,64185333058;0,0;1,035544906306285;-1,035544906306285;spy
2004-08-17;13949,77188911396;8852,222802101855;0,0;0,5632507785434226;-0,5632507785434226;spy
2004-08-18;13949,77188911396;8943,256187293624;0,0;1,028367532391461;-1,028367532391461;spy
2004-08-19;13949,77188911396;8917,246560079057;0,0;-0,2908294995677463;0,2908294995677463;strategy
2004-08-20;13949,77188911396;8979,832632516827;0,0;0,7018542328744992;-0,7018542328744992;spy
2004-08-23;13949,77188911396;8957,073666100458;0,0;-0,25344532963740285;0,25344532963740285;strategy
2004-08-24;13949,77188911396;8969,265814508191;0,0;0,13611754086468864;-0,13611754086468864;spy
2004-08-25;13949,77188911396;9030,225936428435;0,0;0,6796556505398454;-0,6796556505398454;spy
2004-08-26;13949,77188911396;9030,225936428435;0,0;0,0;0,0;tie
2004-08-27;13949,77188911396;9058,673869300865;0,0;0,3150301340486994;-0,3150301340486994;spy
2004-08-30;13949,77188911396;8983,896268573786;0,0;-0,8254806587142283;0,8254806587142283;strategy
2004-08-31;13949,77188911396;9031,038911687197;0,0;0,5247460756901079;-0,5247460756901079;spy
2004-09-01;13949,77188911396;9048,107671410655;0,0;0,1890010649978402;-0,1890010649978402;spy
2004-09-02;13949,77188911396;9150,520849869823;0,0;1,1318740025913154;-1,1318740025913154;spy
2004-09-03;13949,77188911396;9113,132049506286;0,0;-0,4085975102069539;0,4085975102069539;strategy
2004-09-07;13949,77188911396;9173,279196167767;0,0;0,6600052137370138;-0,6600052137370138;spy
2004-09-08;13949,77188911396;9150,520849869823;0,0;-0,2480939019871009;0,2480939019871009;strategy
2004-09-09;13949,77188911396;9142,392957637478;0,0;-0,08882436711196151;0,08882436711196151;strategy
2004-09-10;13949,77188911396;9189,534980632463;0,0;0,5156420557880681;-0,5156420557880681;spy
2004-09-13;13949,77188911396;9219,608864022415;0,0;0,3272622984006768;-0,3272622984006768;spy
2004-09-14;13949,77188911396;9238,303574263398;0,0;0,20277118603084787;-0,20277118603084787;spy
2004-09-15;13949,77188911396;9168,402584852043;0,0;-0,7566431309541488;0,7566431309541488;strategy
2004-09-16;13949,77188911396;9196,03754246571;0,0;0,30141518501081155;-0,30141518501081155;spy
2004-09-17;13949,77188911396;9196,850517724473;0,0;0,008840495213391364;-0,008840495213391364;spy
2004-09-20;13949,77188911396;9141,579982378715;0,0;-0,6009724224530943;0,6009724224530943;strategy
2004-09-21;13949,77188911396;9181,407088400114;0,0;0,4356698305781892;-0,4356698305781892;spy
2004-09-22;13949,77188911396;9066,802381651638;0,0;-1,2482259597580536;1,2482259597580536;strategy
2004-09-23;13949,77188911396;9018,033788020703;0,0;-0,5378808490370091;0,5378808490370091;strategy
2004-09-24;13949,77188911396;9059,486844559626;0,0;0,45966845449156857;-0,45966845449156857;spy
2004-09-27;13949,77188911396;9001,778003556006;0,0;-0,6369990044002849;0,6369990044002849;strategy
2004-09-28;13949,77188911396;9044,856390494031;0,0;0,47855420252540526;-0,47855420252540526;spy
2004-09-29;13949,77188911396;9090,373083089917;0,0;0,503232894263772;-0,503232894263772;spy
2004-09-30;13949,77188911396;9083,871141375095;0,0;-0,07152557607251753;0,07152557607251753;strategy
2004-10-01;13949,77188911396;9237,490599004635;0,0;1,6911232583412206;-1,6911232583412206;spy
2004-10-04;13949,77188911396;9252,933408210567;0,0;0,16717537128096982;-0,16717537128096982;spy
2004-10-05;13949,77188911396;9257,810639644717;0,0;0,05271011061012132;-0,05271011061012132;spy
2004-10-06;13949,77188911396;9321,209067222822;0,0;0,6848101570215093;-0,6848101570215093;spy
2004-10-07;13949,77188911396;9221,234194421515;0,0;-1,0725526278866582;1,0725526278866582;strategy
2004-10-08;13949,77188911396;9144,83126329534;0,0;-0,8285542858503248;0,8285542858503248;strategy
2004-10-11;13949,77188911396;9182,220063658877;0,0;0,4088517249476675;-0,4088517249476675;spy
2004-10-12;13949,77188911396;9146,456593694438;0,0;-0,3894860906893505;0,3894860906893505;strategy
2004-10-13;13949,77188911396;9065,989406392875;0,0;-0,8797635070726395;0,8797635070726395;strategy
2004-10-14;13949,77188911396;8992,837136064898;0,0;-0,8068867836575455;0,8068867836575455;strategy
2004-10-15;13949,77188911396;9043,231060094933;0,0;0,5603784797562517;-0,5603784797562517;spy
2004-10-18;13949,77188911396;9077,368579541846;0,0;0,37749250483658514;-0,37749250483658514;spy
2004-10-19;13949,77188911396;9000,965028297243;0,0;-0,8416927281855391;0,8416927281855391;strategy
2004-10-20;13949,77188911396;8983,083293315023;0,0;-0,19866464235782644;0,19866464235782644;strategy
2004-10-21;13949,77188911396;9041,605109577406;0,0;0,6514669223420588;-0,6514669223420588;spy
2004-10-22;13949,77188911396;8940,004906376998;0,0;-1,1236965336252736;1,1236965336252736;strategy
2004-10-25;13949,77188911396;8929,438708486792;0,0;-0,11819006813597044;0,11819006813597044;strategy
2004-10-26;13949,77188911396;9065,989406392875;0,0;1,5292192752977884;-1,5292192752977884;spy
2004-10-27;13949,77188911396;9174,904526566865;0,0;1,2013594467382482;-1,2013594467382482;spy
2004-10-28;13949,77188911396;9202,540104298958;0,0;0,3012083412102129;-0,3012083412102129;spy
2004-10-29;13949,77188911396;9200,914153781434;0,0;-0,017668496948619605;0,017668496948619605;strategy
2004-11-01;13949,77188911396;9226,111425855664;0,0;0,2738561805174067;-0,2738561805174067;spy
2004-11-02;13949,77188911396;9229,362706772286;0,0;0,03523999187253768;-0,03523999187253768;spy
2004-11-03;13949,77188911396;9345,59336403829;0,0;1,2593573463172802;-1,2593573463172802;spy
2004-11-04;13949,77188911396;9473,203194453263;0,0;1,3654545564331322;-1,3654545564331322;spy
2004-11-05;13949,77188911396;9532,537365855982;0,0;0,6263369441654065;-0,6263369441654065;spy
2004-11-08;13949,77188911396;9518,71988704915;0,0;-0,1449506912642562;0,1449506912642562;strategy
2004-11-09;13949,77188911396;9500,025176808165;0,0;-0,19639941570736008;0,19639941570736008;strategy
2004-11-10;13949,77188911396;9507,340713900177;0,0;0,07700544952102817;-0,07700544952102817;spy
2004-11-11;13949,77188911396;9579,680008969393;0,0;0,7608783280844467;-0,7608783280844467;spy
2004-11-12;13949,77188911396;9655,270584955233;0,0;0,7890720349225111;-0,7890720349225111;spy
2004-11-15;13949,77188911396;9650,39397363951;0,0;-0,050507246511788395;0,050507246511788395;strategy
2004-11-16;13949,77188911396;9581,30533936849;0,0;-0,7159151684349774;0,7159151684349774;strategy
2004-11-17;13949,77188911396;9638,201825231774;0,0;0,593828125166862;-0,593828125166862;spy
2004-11-18;13949,77188911396;9651,206328779845;0,0;0,13492665731511533;-0,13492665731511533;spy
2004-11-19;13949,77188911396;9543,916539004955;0,0;-1,1116723248880578;1,1116723248880578;strategy
2004-11-22;13949,77188911396;9589,433851719266;0,0;0,4769248822355854;-0,4769248822355854;spy
2004-11-23;13949,77188911396;9604,064305784861;0,0;0,15256848622999808;-0,15256848622999808;spy
2004-11-24;13949,77188911396;9626,822652082803;0,0;0,23696578420693282;-0,23696578420693282;spy
2004-11-26;13949,77188911396;9619,507114990793;0,0;-0,07599118999483956;0,07599118999483956;strategy
2004-11-29;13949,77188911396;9575,615752794007;0,0;-0,4562745437173832;0,4562745437173832;strategy
2004-11-30;13949,77188911396;9582,118314627254;0,0;0,06790750590999206;-0,06790750590999206;spy
2004-12-01;13949,77188911396;9691,034054919674;0,0;1,1366561830713051;-1,1366561830713051;spy
2004-12-02;13949,77188911396;9699,161947152019;0,0;0,0838702267093927;-0,0838702267093927;spy
2004-12-03;13949,77188911396;9692,65938531877;0,0;-0,06704251221579804;0,06704251221579804;strategy
2004-12-06;13949,77188911396;9689,408104402146;0,0;-0,03354374467701149;0,03354374467701149;strategy
2004-12-07;13949,77188911396;9599,187074350712;0,0;-0,931130457911511;0,931130457911511;strategy
2004-12-08;13949,77188911396;9655,270584955233;0,0;0,5842527098401717;-0,5842527098401717;spy
2004-12-09;13949,77188911396;9689,408104402146;0,0;0,35356357076212763;-0,35356357076212763;spy
2004-12-10;13949,77188911396;9699,161947152019;0,0;0,10066500084191521;-0,10066500084191521;spy
2004-12-13;13949,77188911396;9783,69339062897;0,0;0,871533478227704;-0,871533478227704;spy
2004-12-14;13949,77188911396;9817,830910075883;0,0;0,3489226213856167;-0,3489226213856167;spy
2004-12-15;13949,77188911396;9825,145827049466;0,0;0,07450644689832586;-0,07450644689832586;spy
2004-12-16;13949,77188911396;9819,456240474981;0,0;-0,05790841860912055;0,05790841860912055;strategy
2004-12-17;13949,77188911396;9708,102814643127;0,0;-1,1340080662803342;1,1340080662803342;strategy
2004-12-20;13949,77188911396;9710,54112030099;0,0;0,025116191128349286;-0,025116191128349286;spy
2004-12-21;13949,77188911396;9785,318721028067;0,0;0,7700662589311902;-0,7700662589311902;spy
2004-12-22;13949,77188911396;9808,890042584773;0,0;0,24088455602424563;-0,24088455602424563;spy
2004-12-23;13949,77188911396;9816,204959558358;0,0;0,07457436001245821;-0,07457436001245821;spy
2004-12-27;13949,77188911396;9795,884918918275;0,0;-0,2070050566771897;0,2070050566771897;strategy
2004-12-28;13949,77188911396;9849,530123864935;0,0;0,5476300037279724;-0,5476300037279724;spy
2004-12-29;13949,77188911396;9864,16057793053;0,0;0,14853961439385;-0,14853961439385;spy
2004-12-30;13949,77188911396;9845,465867689547;0,0;-0,1895215522221827;0,1895215522221827;strategy
2004-12-31;13949,77188911396;9824,333471909133;0,0;-0,214640892207707;0,214640892207707;strategy
2005-01-03;13949,77188911396;9778,003804054482;0,0;-0,4715807742797118;0,4715807742797118;strategy
2005-01-04;13949,77188911396;9658,521865871855;0,0;-1,2219461208747284;1,2219461208747284;strategy
2005-01-05;13949,77188911396;9591,872157377129;0,0;-0,6900611648479105;0,6900611648479105;strategy
2005-01-06;13949,77188911396;9640,640130889637;0,0;0,5084301866450591;-0,5084301866450591;spy
2005-01-07;13949,77188911396;9626,822652082803;0,0;-0,14332532507422835;0,14332532507422835;strategy
2005-01-10;13949,77188911396;9672,33934467869;0,0;0,47281116772250886;-0,47281116772250886;spy
2005-01-11;13949,77188911396;9605,689636183959;0,0;-0,689075373801884;0,689075373801884;strategy
2005-01-12;13949,77188911396;9637,388849973013;0,0;0,33000455968976716;-0,33000455968976716;spy
2005-01-13;13949,77188911396;9560,172943588075;0,0;-0,8012119007230201;0,8012119007230201;strategy
2005-01-14;13949,77188911396;9610,56624749968;0,0;0,5271170742303655;-0,5271170742303655;spy
2005-01-18;13949,77188911396;9710,54112030099;0,0;1,0402599620737085;-1,0402599620737085;spy
2005-01-19;13949,77188911396;9608,940917100585;0,0;-1,0462877602979148;1,0462877602979148;strategy
2005-01-20;13949,77188911396;9550,419100838202;0,0;-0,6090350306789172;0,6090350306789172;strategy
2005-01-21;13949,77188911396;9491,897284575818;0,0;-0,6127669963431059;0,6127669963431059;strategy
2005-01-24;13949,77188911396;9473,203194453263;0,0;-0,1969478763000576;0,1969478763000576;strategy
2005-01-25;13949,77188911396;9500,025176808165;0,0;0,2831353007460846;-0,2831353007460846;spy
2005-01-26;13949,77188911396;9528,473729799021;0,0;0,2994576589155251;-0,2994576589155251;spy
2005-01-27;13949,77188911396;9544,729514263716;0,0;0,17060218588689224;-0,17060218588689224;spy
2005-01-28;13949,77188911396;9544,729514263716;0,0;0,0;0,0;tie
2005-01-31;13949,77188911396;9604,064305784861;0,0;0,6216497956539779;-0,6216497956539779;spy
2005-02-01;13949,77188911396;9665,024427705106;0,0;0,6347325463400555;-0,6347325463400555;spy
2005-02-02;13949,77188911396;9694,28471571787;0,0;0,302744066832239;-0,302744066832239;spy
2005-02-03;13949,77188911396;9669,088063762065;0,0;-0,2599124401097108;0,2599124401097108;strategy
2005-02-04;13949,77188911396;9772,314217479998;0,0;1,0675893428337302;-1,0675893428337302;spy
2005-02-07;13949,77188911396;9759,3090938135;0,0;-0,13308130885963942;0,13308130885963942;strategy
2005-02-08;13949,77188911396;9770,688266962472;0,0;0,11659814275362113;-0,11659814275362113;spy
2005-02-09;13949,77188911396;9697,535996634495;0,0;-0,7486910679089576;0,7486910679089576;strategy
2005-02-10;13949,77188911396;9732,486491340169;0,0;0,3604059290710948;-0,3604059290710948;spy
2005-02-11;13949,77188911396;9816,204959558358;0,0;0,8601960895880056;-0,8601960895880056;spy
2005-02-14;13949,77188911396;9808,890042584773;0,0;-0,0745187881031506;0,0745187881031506;strategy
2005-02-15;13949,77188911396;9845,465867689547;0,0;0,37288444407044263;-0,37288444407044263;spy
2005-02-16;13949,77188911396;9851,968429522796;0,0;0,06604625845678669;-0,06604625845678669;spy
2005-02-17;13949,77188911396;9772,314217479998;0,0;-0,8085106302625156;0,8085106302625156;strategy
2005-02-18;13949,77188911396;9785,318721028067;0,0;0,13307496319354684;-0,13307496319354684;spy
2005-02-22;13949,77188911396;9639,827155630874;0,0;-1,4868352226947934;1,4868352226947934;strategy
2005-02-23;13949,77188911396;9708,915169783466;0,0;0,716693494989018;-0,716693494989018;spy
2005-02-24;13949,77188911396;9773,126572620333;0,0;0,6613653710427769;-0,6613653710427769;spy
2005-02-25;13949,77188911396;9869,850164505016;0,0;0,9896893401100337;-0,9896893401100337;spy
2005-02-28;13949,77188911396;9804,825786409385;0,0;-0,6588182901649198;0,6588182901649198;strategy
2005-03-01;13949,77188911396;9853,594380040322;0,0;0,4973937803008699;-0,4973937803008699;spy
2005-03-02;13949,77188911396;9848,717148606172;0,0;-0,04949697791527541;0,04949697791527541;strategy
2005-03-03;13949,77188911396;9852,78140478156;0,0;0,041266858556920916;-0,041266858556920916;spy
2005-03-04;13949,77188911396;9975,51462388081;0,0;1,2456707812444678;-1,2456707812444678;spy
2005-03-07;13949,77188911396;9980,391235196534;0,0;0,04888581190638508;-0,04888581190638508;spy
2005-03-08;13949,77188911396;9943,002434832993;0,0;-0,37462259226558325;0,37462259226558325;strategy
2005-03-09;13949,77188911396;9832,461364141478;0,0;-1,1117473963826119;1,1117473963826119;strategy
2005-03-10;13949,77188911396;9854,406735180657;0,0;0,22319305641222975;-0,22319305641222975;spy
2005-03-11;13949,77188911396;9785,318721028067;0,0;-0,7010875033800157;0,7010875033800157;strategy
2005-03-14;13949,77188911396;9846,27884294831;0,0;0,6229753333352628;-0,6229753333352628;spy
2005-03-15;13949,77188911396;9764,998680387986;0,0;-0,8254911714036584;0,8254911714036584;strategy
2005-03-16;13949,77188911396;9682,093187428563;0,0;-0,8490066990580303;0,8490066990580303;strategy
2005-03-17;13949,77188911396;9701,600252809882;0,0;0,20147570369026813;-0,20147570369026813;spy
2005-03-18;13949,77188911396;9634,95054431515;0,0;-0,6869970598451292;0,6869970598451292;strategy
2005-03-21;13949,77188911396;9599,187074350712;0,0;-0,3711847798278489;0,3711847798278489;strategy
2005-03-22;13949,77188911396;9501,651127325693;0,0;-1,016085490047769;1,016085490047769;strategy
2005-03-23;13949,77188911396;9509,779019558038;0,0;0,08554189291343217;-0,08554189291343217;spy
2005-03-24;13949,77188911396;9521,15819270701;0,0;0,11965759799010822;-0,11965759799010822;spy
2005-03-28;13949,77188911396;9534,975671513845;0,0;0,1451239284882222;-0,1451239284882222;spy
2005-03-29;13949,77188911396;9471,577243935739;0,0;-0,6649039259482459;0,6649039259482459;strategy
2005-03-30;13949,77188911396;9605,689636183959;0,0;1,4159457162647993;-1,4159457162647993;spy
2005-03-31;13949,77188911396;9587,80790120174;0,0;-0,18615774254103767;0,18615774254103767;strategy
2005-04-01;13949,77188911396;9544,729514263716;0,0;-0,44930381774362926;0,44930381774362926;strategy
2005-04-04;13949,77188911396;9560,985298728408;0,0;0,17031163052236842;-0,17031163052236842;spy
2005-04-05;13949,77188911396;9606,502611442722;0,0;0,47607345155491476;-0,47607345155491476;spy
2005-04-06;13949,77188911396;9639,827155630874;0,0;0,3468956969673531;-0,3468956969673531;spy
2005-04-07;13949,77188911396;9691,846410060007;0,0;0,5396284973714138;-0,5396284973714138;spy
2005-04-08;13949,77188911396;9591,059182118364;0,0;-1,0399177171960372;1,0399177171960372;strategy
2005-04-11;13949,77188911396;9598,374099091949;0,0;0,07626808295815302;-0,07626808295815302;spy
2005-04-12;13949,77188911396;9647,95504786322;0,0;0,5165557026576284;-0,5165557026576284;spy
2005-04-13;13949,77188911396;9534,163316373506;0,0;-1,1794388647666576;1,1794388647666576;strategy
2005-04-14;13949,77188911396;9409,804146756731;0,0;-1,3043532556570203;1,3043532556570203;strategy
2005-04-15;13949,77188911396;9278,1306802848;0,0;-1,3993220732156808;1,3993220732156808;strategy
2005-04-18;13949,77188911396;9306,578613157226;0,0;0,30661276341876764;-0,30661276341876764;spy
2005-04-19;13949,77188911396;9380,543858743968;0,0;0,7947630236763148;-0,7947630236763148;spy
2005-04-20;13949,77188911396;9249,68274741237;0,0;-1,395026912108277;1,395026912108277;strategy
2005-04-21;13949,77188911396;9429,311832256479;0,0;1,9420026583545358;-1,9420026583545358;spy
2005-04-22;13949,77188911396;9393,548362292036;0,0;-0,37927974597361525;0,37927974597361525;strategy
2005-04-25;13949,77188911396;9455,321459471043;0,0;0,6576119565954164;-0,6576119565954164;spy
2005-04-26;13949,77188911396;9363,474478902084;0,0;-0,9713787200429702;0,9713787200429702;strategy
2005-04-27;13949,77188911396;9400,050924125286;0,0;0,3906289839911148;-0,3906289839911148;spy
2005-04-28;13949,77188911396;9282,194316341758;0,0;-1,2537869074841668;1,2537869074841668;strategy
2005-04-29;13949,77188911396;9408,178816357633;0,0;1,3572706595257555;-1,3572706595257555;spy
2005-05-02;13949,77188911396;9461,01104604553;0,0;0,5615563938478729;-0,5615563938478729;spy
2005-05-03;13949,77188911396;9477,266830510223;0,0;0,171818681804492;-0,171818681804492;spy
2005-05-04;13949,77188911396;9550,419100838202;0,0;0,7718709585392114;-0,7718709585392114;spy
2005-05-05;13949,77188911396;9547,167819921577;0,0;-0,034043332363709045;0,034043332363709045;strategy
2005-05-06;13949,77188911396;9517,093936531623;0,0;-0,3150031921215435;0,3150031921215435;strategy
2005-05-09;13949,77188911396;9576,428728052768;0,0;0,623454931902967;-0,623454931902967;spy
2005-05-10;13949,77188911396;9477,266830510223;0,0;-1,0354788863207842;1,0354788863207842;strategy
2005-05-11;13949,77188911396;9529,286084939356;0,0;0,5488845609123105;-0,5488845609123105;spy
2005-05-12;13949,77188911396;9424,434600822327;0,0;-1,1003078633848862;1,1003078633848862;strategy
2005-05-13;13949,77188911396;9405,740510699772;0,0;-0,19835768313277713;0,19835768313277713;strategy
2005-05-16;13949,77188911396;9493,523235093344;0,0;0,9332888175440424;-0,9332888175440424;spy
2005-05-17;13949,77188911396;9556,92166267145;0,0;0,6678071566070365;-0,6678071566070365;spy
2005-05-18;13949,77188911396;9655,270584955233;0,0;1,029085784682393;-1,029085784682393;spy
2005-05-19;13949,77188911396;9695,910666235395;0,0;0,4209108478377299;-0,4209108478377299;spy
2005-05-20;13949,77188911396;9682,093187428563;0,0;-0,14250831389102103;0,14250831389102103;strategy
2005-05-23;13949,77188911396;9735,737772256794;0,0;0,5540597863474828;-0,5540597863474828;spy
2005-05-24;13949,77188911396;9712,979425958853;0,0;-0,23376088007213136;0,23376088007213136;strategy
2005-05-25;13949,77188911396;9705,664508985268;0,0;-0,07531074300470841;0,07531074300470841;strategy
2005-05-26;13949,77188911396;9757,683763414401;0,0;0,5359679842732445;-0,5359679842732445;spy
2005-05-27;13949,77188911396;9773,939547879096;0,0;0,16659470483808558;-0,16659470483808558;spy
2005-05-31;13922,988327086858;9711,354095559753;-0,19200000000002548;-0,64032984870388;0,4483298487038545;strategy
2005-06-01;14010,480201952369;9794,259588519177;0,6283986800110775;0,8536965303049815;-0,22529785029390403;spy
2005-06-02;14038,078786655919;9815,392604418023;0,19698528748288702;0,21576940766014907;-0,018784120177262054;spy
2005-06-03;13995,452956237363;9765,811655646748;-0,3036443310111214;-0,5051346468704421;0,20149031585932065;strategy
2005-06-06;14031,88226843615;9756,87078815564;0,26029391340671726;-0,09155273321228563;0,3518466466190029;strategy
2005-06-07;14017,315238156752;9764,18570512922;-0,10381380060581202;0,074971957017822;-0,17878575762363402;spy
2005-06-08;13907,458908868313;9746,30459026543;-0,7837187608465634;-0,18312960654156551;-0,6005891543049979;spy
2005-06-09;14091,611579152293;9792,634258120079;1,3241288109544724;0,4753562483664098;0,8487725625880627;strategy
2005-06-10;14039,353387836427;9769,875291703709;-0,37084609536910396;-0,23240903128285417;-0,13843706408624978;spy
2005-06-13;14093,368878358304;9800,762150352424;0,3847434353257073;0,3161438373214809;0,06859959800422644;strategy
2005-06-14;14050,46352220315;9823,520496650368;-0,3044364802019639;0,23220996437633978;-0,5366464445783037;spy
2005-06-15;14088,041003667737;9842,214586772923;0,2674465607857446;0,1902992937097281;0,07714726707601649;strategy
2005-06-16;14196,390586892774;9867,411858847156;0,7690890677904072;0,25601222013686975;0,5130768476535374;strategy
2005-06-17;14196,304685060082;9864,16057793053;-0,0006050962895520762;-0,032949682886807;0,03234458659725492;strategy
2005-06-20;14178,687842686566;9867,411858847156;-0,1240945637920543;0,032960543281301824;-0,15705510707335613;spy
2005-06-21;14131,988040778331;9873,10144542164;-0,3293661756741617;0,0576603739245396;-0,3870265495987013;spy
2005-06-22;14144,118885702337;9881,229337653987;0,08583962064645512;0,08232359686850543;0,003516023777949684;strategy
2005-06-23;14046,932410694546;9742,240334090044;-0,6871157955695151;-1,4065962727360715;0,7194804771665564;strategy
2005-06-24;14051,395998050539;9670,71401427959;0,03177624285140013;-0,7341875929725128;0,7659638358239129;strategy
2005-06-27;14038,671084032218;9684,531493086424;-0,09055978509243667;0,14287961350558653;-0,2334393985980232;spy
2005-06-28;14218,919318544857;9765,811655646748;1,2839408618787074;0,8392782099820639;0,44466265189664345;strategy
2005-06-29;14382,704939024476;9739,802028432181;1,1518851525235352;-0,266333492101789;1,4182186446253242;strategy
2005-06-30;14326,949028727302;9686,969798744285;-0,38765941826347516;-0,5424363814959476;0,15477696323247248;strategy
2005-07-01;14375,933866218485;9715,417731616713;0,3419069712118139;0,2936721540735654;0,04823481713824851;strategy
2005-07-05;14530,198228912006;9793,446613260412;1,0730736808411523;0,8031448960734933;0,269928784767659;strategy
2005-07-06;14598,42035143915;9711,354095559753;0,46951955818053115;-0,8382392935037286;1,3077588516842598;strategy
2005-07-07;14699,82716975471;9749,555251063628;0,694642405646051;0,39336590065581767;0,3012765049902333;strategy
2005-07-08;14794,084479496061;9860,909297013906;0,641213727568779;1,1421448782305221;-0,5009311506617431;spy
2005-07-11;14921,267031747197;9911,303221043941;0,859685183137926;0,5110474349996785;0,34863774813824744;strategy
2005-07-12;14966,463416144741;9937,31284825851;0,30289910569512024;0,2624238874999296;0,04047521819519062;strategy
2005-07-13;14874,559851799611;9951,130327065342;-0,6140633347353819;0,13904643053734844;-0,7531097652727303;spy
2005-07-14;14713,68139319;9990,145077946407;-1,0815678595702982;0,392063510362739;-1,4736313699330372;spy
2005-07-15;14765,453753153959;9984,454871253492;0,35186544128869013;-0,05695819879008024;0,40882364007877037;strategy
2005-07-18;14718,942674215843;9944,627765232093;-0,3149993201406409;-0,3988911416292429;0,08389182148860197;strategy
2005-07-19;14830,004261446222;9999,085325319089;0,7545486770930365;0,5476078277900642;0,2069408493029723;strategy
2005-07-20;14851,28679521283;10033,22346488443;0,14350996393128757;0,3414126238016735;-0,1979026598703859;spy
2005-07-21;14638,651305628366;9974,701648622047;-1,4317647522166688;-0,5832803033561929;-0,8484844488604759;spy
2005-07-22;14660,503511876355;10041,351357116777;0,14927745590598285;0,6681874891359518;-0,518910033229969;spy
2005-07-25;14629,863017627564;10012,903424244349;-0,20900028586310349;-0,2833078124715338;0,07430752660843032;strategy
2005-07-26;14763,440107989207;10025,094952533655;0,9130440264594197;0,12175817315671633;0,7912858533027034;strategy
2005-07-27;15074,568762991395;10061,671397756858;2,1074265396573866;0,36484886573526776;1,7425776739221188;strategy
2005-07-28;15380,07364940705;10125,069825334962;2,026624384544129;0,6300983710543218;1,3965260134898072;strategy
2005-07-29;15424,413613934728;10057,607141581471;0,2882948777646943;-0,6662935161660388;0,9545883939307331;strategy
2005-08-01;15429,97391955691;10050,292224607887;0,036048732621885016;-0,07273019188970276;0,10877892451158777;strategy
2005-08-02;15510,742888026314;10110,439371269369;0,523454990206007;0,598461669743422;-0,07500667953741491;spy
2005-08-03;15579,88273736275;10137,261973742698;0,44575459625346703;0,2652961111615948;0,18045848509187223;strategy
2005-08-04;15388,596958553047;10055,981811182373;-1,2277741882547821;-0,8017960152440939;-0,4259781730106882;spy
2005-08-05;15269,936038206406;9987,706152170116;-0,7710964207213733;-0,6789556732922253;-0,09214074742914802;spy
2005-08-08;15111,95423104168;9969,012062047563;-1,034593771509229;-0,18717100641263418;-0,8474227650965949;spy
2005-08-09;15315,735452589895;10029,159208709041;1,3484769635526472;0,6033410962603014;0,7451358672923458;strategy
2005-08-10;15314,352997409354;10024,28259739332;-0,009026371504128328;-0,04862432846302056;0,03959795695889223;strategy
2005-08-11;15428,694409440968;10064,109703414719;0,746629074378502;0,39730629732801503;0,349322777050487;strategy
2005-08-12;15471,994612578945;10002,336606235713;0,2806472277490979;-0,613795944196105;0,8944431719452028;strategy
2005-08-15;15470,58199326344;10064,109703414719;-0,009130169385895837;0,6175866661045415;-0,6267168354904373;spy
2005-08-16;15182,056472899287;9933,248592083122;-1,8649946103500792;-1,3002750882891934;-0,5647195220608858;spy
2005-08-17;15102,923106819668;9932,43561682436;-0,5212295595189986;-0,008184384506504383;-0,5130451750124942;spy
2005-08-18;14950,323767319709;9931,623261684023;-1,0103960565822745;-0,008178811035641775;-1,0022172455466327;spy
2005-08-19;15029,055707317373;9954,381607981966;0,5266236452334594;0,2291503181131027;0,2974733271203567;strategy
2005-08-22;15155,061228688624;9954,381607981966;0,8384127640827188;0,0;0,8384127640827188;strategy
2005-08-23;15139,827479909603;9935,686897740981;-0,10051921631424321;-0,18780383329883854;0,08728461698459533;strategy
2005-08-24;15176,311858851208;9847,091818207075;0,24098279184501248;-0,8916855014226566;1,132668293267669;strategy
2005-08-25;15165,921414624288;9882,854668053085;-0,06846488345493285;0,3631818460338332;-0,43164672948876603;spy
2005-08-26;15003,988663112155;9815,392604418023;-1,067740937626005;-0,6826171779408807;-0,38512375968512425;spy
2005-08-29;15068,45960088657;9890,98318040386;0,42969199205620257;0,7701227962273682;-0,34043080417116567;spy
2005-08-30;15259,137982665776;9838,963925974725;1,2654138965072947;-0,5259260225231821;1,7913399190304768;strategy
2005-08-31;15535,650193208563;9963,322475473075;1,8121089858214923;1,2639394801524206;0,5481695056690716;strategy
2005-09-01;15567,70045538594;9956,006938381064;0,20630138924850883;-0,07342467444990675;0,2797260636984156;strategy
2005-09-02;15502,57811164662;9938,125203398844;-0,4183170399889691;-0,17960749819573296;-0,2387095417932361;spy
2005-09-06;15676,672484601295;10054,355860664848;1,123002714134902;1,16954309678301;-0,046540382648108114;spy
2005-09-07;15793,19097610124;10071,425240506731;0,7432603546090322;0,1697709935716718;0,5734893610373604;strategy
2005-09-08;15892,660247830318;10038,100076200151;0,6298237758259218;-0,3308882656701595;0,9607120414960812;strategy
2005-09-09;16022,137035485051;10127,508130992825;0,8146954986495203;0,8906870235798392;-0,07599152493031891;spy
2005-09-12;16018,28789493478;10107,188090352744;-0,02402388983284709;-0,20064205703174132;0,17661816719889423;strategy
2005-09-13;15948,42811937854;10051,10519986665;-0,43612510909065705;-0,5548812388247226;0,11875612973406557;strategy
2005-09-14;15713,762087621031;10014,528754643447;-1,471405394945291;-0,363904709938645;-1,107500685006646;spy
2005-09-15;15626,870472291004;10009,652143327725;-0,5529650687436494;-0,048695364856388146;-0,5042697038872612;spy
2005-09-16;15732,44659412374;10038,100076200151;0,6756063027459014;0,2842050099751914;0,39140129277071;strategy
2005-09-19;15723,778563871663;10004,774911893575;-0,055096517888797436;-0,3319867709387414;0,27689025304994397;strategy
2005-09-20;15660,227417203405;9920,244088535052;-0,40417223131263835;-0,8449047989878777;0,4407325676752394;strategy
2005-09-21;15684,122949487002;9827,584752825755;0,1525873899975938;-0,9340429013877216;1,0866302913853154;strategy
2005-09-22;15673,538187358497;9862,534627413004;-0,06748711523490991;0,35563035543602073;-0,42311747067093064;spy
2005-09-23;15713,943091140305;9870,663139763778;0,2577905722295437;0,08241808680884422;0,1753724854206995;strategy
2005-09-26;15733,61615772976;9882,04231291275;0,12519497159531046;0,11528276254442194;0,00991220905088852;strategy
2005-09-27;15809,858827547401;9879,604007254888;0,4845845294133788;-0,024674106633570947;0,5092586360469498;strategy
2005-09-28;15763,179387564305;9889,357229886336;-0,29525526124092316;0,09872078500603454;-0,3939760462469577;spy
2005-09-29;15911,775690792256;9969,825037306324;0,9426797702066336;0,8136808646856064;0,12899890552102722;strategy
2005-09-30;15962,149703596267;10000,711275836613;0,3165832260516366;0,30979719718966514;0,006786028861971438;strategy
2005-10-03;16130,106936183623;9964,947805872174;1,052221885561666;-0,3576092637615602;1,4098311493232263;strategy
2005-10-04;15876,566471599457;9852,78140478156;-1,571846148244782;-1,1256095192442195;-0,4462366290005626;spy
2005-10-05;15519,38169574392;9723,545623849059;-2,249760844036919;-1,3116680013806281;-0,9380928426562907;spy
2005-10-06;15366,975438143822;9688,595129143385;-0,9820382060832578;-0,35944187498797575;-0,622596331095282;spy
2005-10-07;15521,684881650006;9721,92029344996;1,00676573688121;0,3439628125891492;0,6628029242920608;strategy
2005-10-10;15445,455271137493;9639,827155630874;-0,49111685421878715;-0,8444127841121696;0,35329592989338243;strategy
2005-10-11;15463,57410547468;9626,009676824042;0,11730851580040724;-0,1433374124219733;0,26064592822238053;strategy
2005-10-12;15094,841749198657;9550,419100838202;-2,384522192353178;-0,7852742571808791;-1,5992479351722988;spy
2005-10-13;15073,799575288951;9544,729514263716;-0,13939976489533157;-0,05957420836104621;-0,07982555653428536;spy
2005-10-14;15227,536955965545;9645,51674220536;1,0198980018854664;1,0559464025777565;-0,036048400692290095;spy
2005-10-17;15337,156160569139;9681,280212169799;0,7198748223076867;0,370778164822938;0,3490966574847487;strategy
2005-10-18;15160,213480740902;9576,428728052768;-1,1536863677710008;-1,08303325406518;-0,07065311370582084;spy
2005-10-19;15339,474623300677;9735,737772256794;1,1824447115306391;1,6635538020280283;-0,48110909049738915;spy
2005-10-20;15110,143541969355;9564,236579645036;-1,4950386956732342;-1,761563392765908;0,2665246970926738;strategy
2005-10-21;15335,496675681432;9601,625380008572;1,4914029975039211;0,3909229979014661;1,100479999602455;strategy
2005-10-24;15583,132087249025;9750,368226322391;1,6147857275486066;1,549142363161904;0,06564336438670271;strategy
2005-10-25;15566,312706145483;9730,861160941073;-0,10793325121914998;-0,20006490963753176;0,09213165841838178;strategy
2005-10-26;15600,602550534502;9702,413228068644;0,2202823818095334;-0,2923475363785455;0,5126299181880789;strategy
2005-10-27;15526,250052227617;9599,187074350712;-0,4766001701923872;-1,063922462293243;0,5873222921008558;strategy
2005-10-28;15597,790299561446;9737,363722774318;0,4607696455562582;1,4394619810339737;-0,9786923354777155;spy
2005-10-31;15826,17522516747;9764,18570512922;1,464213335477682;0,275454251464069;1,188759084013613;strategy
2005-11-01;15800,620451406414;9793,446613260412;-0,16147157097323728;0,2996758666298227;-0,46114743760306;spy
2005-11-02;15977,733342000553;9895,859791719584;1,1209236443520343;1,0457317275871292;0,07519191676490511;strategy
2005-11-03;16065,297947442248;9938,125203398844;0,5480414747661033;0,42710196555761915;0,12093950920848417;strategy
2005-11-04;16185,502835747453;9925,120699850775;0,7482269466676295;-0,1308546962521806;0,8790816429198101;strategy
2005-11-07;16247,50847924958;9934,874542600648;0,38309371127587255;0,09827429856867909;0,28481941270719346;strategy
2005-11-08;16262,133108188265;9934,874542600648;0,09001151750351877;0,0;0,09001151750351877;strategy
2005-11-09;16206,415255823547;9947,879046148717;-0,3426232708466981;0,13089751151165174;-0,4735207823583498;spy
2005-11-10;16354,90355627564;10025,094952533655;0,9162316163578099;0,7762047168720976;0,14002689948571234;strategy
2005-11-11;16396,2367628307;10059,233092098999;0,2527266908840975;0,34052684515188947;-0,08780015426779197;spy
2005-11-14;16426,22446308762;10053,543505524509;0,1828937986849466;-0,05656083840982484;0,23945463709477144;strategy
2005-11-15;16334,488268456622;10016,967060301307;-0,5584740110981867;-0,36381645141438934;-0,1946575596837974;spy
2005-11-16;16329,343375858502;10037,287100941388;-0,031497115266576614;0,2028562190307337;-0,2343533342973103;spy
2005-11-17;16491,498977161664;10130,759411909448;0,9930319766739304;0,9312507456252117;0,06178123104871869;strategy
2005-11-18;16513,470262394527;10170,586517930846;0,1332279452783025;0,39313050880054323;-0,2599025635222407;spy
2005-11-21;16607,81066133564;10221,79341721965;0,571293601175693;0,5034802978031383;0,06781330337255476;strategy
2005-11-22;16836,02676235661;10265,684779416433;1,3741492221625462;0,42939003367887807;0,9447591884836681;strategy
2005-11-23;16830,664755986665;10325,01895081915;-0,031848407261592104;0,5779855185275906;-0,6098339257891827;spy
2005-11-25;16930,659721336153;10333,146843051498;0,594123683165404;0,07872036139655592;0,5154033217688481;strategy
2005-11-28;16681,41526725583;10259,995192841949;-1,4721485056262917;-0,7079319719407673;-0,7642165336855244;spy
2005-11-29;16479,379827073113;10248,61539957455;-1,2111408831077752;-0,11091421636667542;-1,1002266667410998;spy
2005-11-30;16553,52078701325;10193,34548434722;0,4499013962790954;-0,5392915342459337;0,9891929305250291;strategy
2005-12-01;16801,74728027454;10297,383993205485;1,4995389588420949;1,020651257411287;0,47888770143080794;strategy
2005-12-02;16879,936916693936;10310,388496753556;0,46536610219813923;0,12628939113712434;0,3390767110610149;strategy
2005-12-05;16691,101357942047;10288,443125714375;-1,1186982491927067;-0,21284717880505344;-0,9058510703876532;spy
2005-12-06;16697,531135132285;10307,950191095693;0,03852218647739658;0,1896017224662705;-0,15107953598887391;spy
2005-12-07;16489,60148901569;10247,803044434211;-1,245271797571923;-0,5835024960970325;-0,6617693014748904;spy
2005-12-08;16573,09608276045;10241,300482600966;0,5063469471980664;-0,0634532280241018;0,5698001752221682;strategy
2005-12-09;16666,311544000273;10268,123085074294;0,5624504967227439;0,2619062151227647;0,30054428159997926;strategy
2005-12-12;16714,398041509492;10277,876307705743;0,28852513276418357;0,09498544720043522;0,19353968556374834;strategy
2005-12-13;16552,350178919492;10347,777297117096;-0,9695106110765184;0,6801112147939214;-1,6496218258704398;spy
2005-12-14;16526,8780920719;10388,417378397258;-0,15388803748263014;0,3927421330519376;-0,5466301705345677;spy
2005-12-15;16560,28273309434;10358,344115125728;0,20212311627363366;-0,289488400168314;0,49161151644194767;strategy
2005-12-16;16608,952636542614;10270,561390732155;0,2938953653913723;-0,8474590476810762;1,1413544130724484;strategy
2005-12-19;16366,56463511494;10217,72916104426;-1,4593816162397633;-0,5144044972611561;-0,9449771189786071;spy
2005-12-20;16422,392547733965;10227,483003794132;0,34110953559089996;0,09545998524855825;0,2456495503423417;strategy
2005-12-21;16626,202819327933;10243,738788258826;1,2410510283539011;0,15894218018903672;1,0821088481648644;strategy
2005-12-22;16837,031058650035;10297,383993205485;1,2680480420761642;0,5236877477600821;0,7443602943160821;strategy
2005-12-23;16939,50388173911;10303,073579779973;0,6086157513882418;0,0552527377656542;0,5533630136225876;strategy
2005-12-27;17088,61354397885;10198,22209566294;0,8802481069146273;-1,017671894751937;1,8979200016665643;strategy
2005-12-28;17083,255085011402;10220,980441960883;-0,0313568971154754;0,2231599398842432;-0,2545168369997186;spy
2005-12-29;16936,025319411696;10175,463749364997;-0,8618367217901213;-0,4453260903330092;-0,4165106314571121;spy
2005-12-30;16795,305533876715;10120,193214019242;-0,8308902642799598;-0,5431746081273614;-0,2877156561525984;spy
2006-01-03;17012,664125386487;10298,196348345822;1,2941627710871373;1,7588906709804508;-0,46472789989331353;spy
2006-01-04;17186,390060259713;10346,964941976757;1,0211565548631008;0,4735644182854326;0,5475921365776681;strategy
2006-01-05;17318,013119859632;10353,466883691577;0,7658563499281401;0,06283911998621328;0,7030172299419268;strategy
2006-01-06;17579,703695875043;10439,624277686054;1,5110889118989945;0,83215984522238;0,6789290666766146;strategy
2006-01-09;17703,73623300054;10466,446880159387;0,7055439572317912;0,2569307262394904;0,44861323099230077;strategy
2006-01-10;17837,92946814889;10477,012457931165;0,7579938685383647;0,10094713031800762;0,6570467382203571;strategy
2006-01-11;17916,92250696743;10510,337622237745;0,44283748828353175;0,31807888403676543;0,12475860424676632;strategy
2006-01-12;17848,5687476674;10468,885185817247;-0,3815039065634629;-0,3943968111242424;0,012892904560779517;strategy
2006-01-13;17796,810499539555;10459,130722948947;-0,2899854260561274;-0,09317575553809965;-0,19680967051802778;spy
2006-01-17;17634,95972477837;10430,683410194944;-0,9094369733575136;-0,2719854403538946;-0,637451533003619;spy
2006-01-18;17553,443713901044;10389,230353656021;-0,46224098126400603;-0,39741457878403885;-0,06482640247996718;spy
2006-01-19;17837,300788606277;10429,05745967742;1,6171019164771483;0,38334991780584193;1,2337519986713064;strategy
2006-01-20;17343,298212930633;10238,862176943105;-2,769491760721965;-1,823705387276664;-0,9457863734453009;spy
2006-01-23;17422,22467643196;10275,43800204788;0,4550833557280587;0,35722548533898557;0,09785787038907312;strategy
2006-01-24;17761,409856290054;10286,004820056514;1,9468534366734902;0,10283569426945416;1,844017742404036;strategy
2006-01-25;17869,496335625965;10294,945687547624;0,6085467325536165;0,0869226453567018;0,5216240871969147;strategy
2006-01-26;18189,858785791166;10351,841553292483;1,7927894784952825;0,5526582409626224;1,24013123753266;strategy
2006-01-27;18224,841197493406;10447,751549799976;0,19231821485918843;0,9265017824484412;-0,7341835675892527;spy
2006-01-30;18327,740015900683;10439,624277686054;0,5646074898113751;-0,07778967632587896;0,6423971661372541;strategy
2006-01-31;18298,28115629125;10363,220726441454;-0,1607337270382203;-0,7318611207867698;0,5711273937485495;strategy
2006-02-01;18113,389995364883;10435,560021510668;-1,0104291181622704;0,6980387369791563;-1,7084678551414267;spy
2006-02-02;17916,7327505828;10314,452752928944;-1,0857009363371861;-1,160524862413581;0,07482392607639499;strategy
2006-02-03;17790,491401392126;10263,245853640145;-0,7046002803528295;-0,49645774250368646;-0,20814253784914305;spy
2006-02-06;17871,74455200387;10290,068456113475;0,4567223511621865;0,26134619452593544;0,19537615663625107;strategy
2006-02-07;17454,266913108862;10199,035070921705;-2,335964671385138;-0,8846722991204703;-1,4512923722646676;spy
2006-02-08;17467,615463011778;10291,694406631002;0,07647728758455319;0,9085108058259017;-0,8320335182413485;spy
2006-02-09;17522,32637813447;10274,625646907545;0,3132134162132427;-0,1658498498795291;0,47906326609277183;strategy
2006-02-10;17564,673285993376;10293,3197370301;0,24167400461021504;0,18194424561037703;0,05972975899983801;strategy
2006-02-13;17438,223196817653;10274,625646907545;-0,7199114217317004;-0,18161380973432673;-0,5382976119973737;spy
2006-02-14;17737,38336978966;10383,540767081533;1,71554274535608;1,060039790420686;0,6555029549353941;strategy
2006-02-15;17975,036636826993;10420,11659218631;1,3398440011287427;0,3522481003852995;0,9875959007434432;strategy
2006-02-16;18290,582242624736;10498,146093948437;1,7554657171115817;0,7488352080497584;1,0066305090618233;strategy
2006-02-17;18138,823904163834;10469,69754095758;-0,8297075317112768;-0,27098644595215937;-0,5587210857591174;spy
2006-02-21;18058,291290381574;10443,688533861443;-0,44397924698840185;-0,24842176189321385;-0,195557485095188;spy
2006-02-22;18264,96927169523;10507,086961439547;1,1445046377324797;0,6070501563939512;0,5374544813385285;strategy
2006-02-23;18130,590056606736;10491,64353211519;-0,7357210028091199;-0,14698107459312215;-0,5887399282159977;spy
2006-02-24;18386,13014850521;10518,46613458852;1,4094416734405035;0,2556568224151512;1,1537848510253523;strategy
2006-02-27;18586,727666639905;10522,530390763906;1,0910263144797927;0,038639247618266204;1,0523870668615265;strategy
2006-02-28;18275,963160904357;10422,554897844171;-1,671969974000953;-0,9501088541163827;-0,7218611198845704;spy
2006-03-01;18593,11848278528;10515,214233553466;1,73536857723251;0,88902708229881;0,8463414949337;strategy
2006-03-02;18634,216501813775;10514,401878413131;0,2210388701956889;-0,007725521537571556;0,22876439173326046;strategy
2006-03-03;18609,96681468077;10465,633284782194;-0,1301352655779464;-0,46382660844515033;0,3336913428672039;strategy
2006-03-06;18564,287322532757;10417,67828652845;-0,24545713919263967;-0,4582140129396173;0,2127568737469776;strategy
2006-03-07;18125,055673935687;10401,422502063755;-2,366003288819729;-0,1560403769207963;-2,209962911898933;spy
2006-03-08;18025,469008247215;10423,368493221362;-0,549441985062038;0,21099028669637754;-0,7604322717584155;spy
2006-03-09;17909,518862476954;10353,466883691577;-0,64325730285969;-0,6706239885430842;0,027366685683394287;strategy
2006-03-10;18201,60285198593;10451,815805975362;1,6308868582781022;0,9499129459592082;0,680973912318894;strategy
2006-03-13;18097,249108806904;10471,323491475108;-0,5733217235186494;0,18664398475711774;-0,7599657082757671;spy
2006-03-14;18468,380544054653;10581,050966789433;2,0507615992705786;1,0478854502361301;1,0028761490344484;strategy
2006-03-15;18698,04772284347;10628,193609902844;1,2435696689320652;0,44553838046312855;0,7980312884689367;strategy
2006-03-16;18520,756296007097;10650,139601060453;-0,9481814864541915;0,2064884397397604;-1,154669926193952;spy
2006-03-17;18675,806900403528;10616,814436753873;0,8371720998772592;-0,3129082392803739;1,150080339157633;strategy
2006-03-20;18724,29249064765;10599,746297148844;0,25961711053605896;-0,16076516837236765;0,4203822789084266;strategy
2006-03-21;18600,256999855737;10533,095968535687;-0,6624308547512059;-0,6287917346765703;-0,03363912007463554;spy
2006-03-22;18634,60588411394;10597,307991490983;0,18466886913695024;0,6096215504644675;-0,4249526813275173;spy
2006-03-23;18712,371043532006;10575,362000333374;0,4173158257366971;-0,207090245704189;0,6244060714408861;strategy
2006-03-24;18886,02882712559;10583,490512684151;0,9280373031808065;0,07686273387634834;0,8511745693044581;strategy
2006-03-27;19052,956429018835;10568,047083359792;0,8838681938973414;-0,14591999970000602;1,0297881935973474;strategy
2006-03-28;18926,280735177905;10503,02270526416;-0,6648610902610153;-0,6152922823178697;-0,049568807943145554;spy
2006-03-29;19353,67319332836;10568,859438500127;2,258195702212462;0,6268360555192309;1,6313596466932312;strategy
2006-03-30;19282,924331936025;10550,165348377572;-0,36555779714583236;-0,17687897385082474;-0,18867882329500762;spy
2006-03-31;19378,134203996902;10552,603654035433;0,493752246401713;0,023111539746967225;0,4706407066547458;strategy
2006-04-03;19445,76570422744;10544,47514168466;0,34900935001569433;-0,07702850042761167;0,426037850443306;strategy
2006-04-04;19396,91710873487;10611,937825438152;-0,25120427879037344;0,6397917662757546;-0,8909960450661281;spy
2006-04-05;19508,6471083578;10648,513650542925;0,5760193694523519;0,344666786655079;0,2313525827972729;strategy
2006-04-06;19650,397241207946;10637,134477393955;0,726601552956585;-0,10686161019656248;0,8334631631531475;strategy
2006-04-07;19524,95938438852;10529,0317123603;-0,6383476897676932;-1,0162771304940699;0,3779294407263767;strategy
2006-04-10;19340,754174869584;10545,288737061848;-0,9434345336780559;0,1544018970183636;-1,0978364306964195;spy
2006-04-11;19151,734557654865;10455,880062150749;-0,9773125468929278;-0,8478542137672185;-0,1294583331257093;spy
2006-04-12;19325,320365303643;10475,387747650495;0,906371206880574;0,1865714352478287;0,7197997716327453;strategy
2006-04-13;19313,579476130577;10461,570268843663;-0,060753917405409474;-0,13190422292416182;0,07115030551875234;strategy
2006-04-17;19300,789622569213;10457,506012668277;-0,06622207746197484;-0,03884938944099803;-0,02737268802097681;spy
2006-04-18;19641,25089038486;10623,316998587123;1,7639758500736846;1,5855691186596577;0,17840673141402696;strategy
2006-04-19;19795,209938417836;10643,637039227202;0,7838556153688891;0,19127773973779405;0,5925778756310951;strategy
2006-04-20;19610,85946317813;10658,268113411226;-0,9312883056719956;0,13746310711368892;-1,0687514127856845;spy
2006-04-21;19532,87257962559;10659,892823691896;-0,39767193120205935;0,015243661196939762;-0,4129155923989991;spy
2006-04-24;19474,67814158983;10640,386378429008;-0,2979307718233959;-0,18298913118089954;-0,11494164064249635;spy
2006-04-25;19320,355577208615;10596,49439611379;-0,7924267772705607;-0,412503651222651;-0,3799231260479097;spy
2006-04-26;19303,099971699918;10598,932701771653;-0,08931308453273834;0,023010493534125764;-0,1123235780668641;spy
2006-04-27;19148,930465587728;10650,139601060453;-0,7986774473437763;0,48313260145751435;-1,2818100488012907;spy
2006-04-28;19176,630123787345;10685,903071024892;0,14465381369155317;0,33580282798244543;-0,19114901429089226;spy
2006-05-01;19148,0804546673;10598,932701771653;-0,1488774040890095;-0,8138794510410774;0,6650020469520679;strategy
2006-05-02;19309,38040576192;10678,588154051307;0,8423818328761268;0,7515422026062923;0,09083963026983444;strategy
2006-05-03;19483,849154427608;10638,76042791148;0,9035440029635966;-0,3729680887142095;1,276512091677806;strategy
2006-05-04;19525,815753611172;10676,962203533782;0,21539172701934284;0,3590810779240394;-0,1436893509046966;spy
2006-05-05;19708,239054768354;10771,247489760604;0,9342672462913315;0,8830722112664002;0,05119503502493128;strategy
2006-05-08;19756,298835452853;10758,242366094106;0,2438562905135555;-0,12073925215125847;0,364595542664814;strategy
2006-05-09;19739,218892847763;10779,374761874522;-0,08645314968834805;0,19642981689107497;-0,282882966579423;spy
2006-05-10;19679,701652170566;10773,685795418467;-0,30151770949133905;-0,05277640477049372;-0,24874130472084532;spy
2006-05-11;19293,16520864753;10643,637039227202;-1,964137720961856;-1,2070962404209795;-0,7570414805408765;spy
2006-05-12;18801,745400646527;10504,648655781688;-2,5471186437606375;-1,3058354294990693;-1,2412832142615682;spy
2006-05-15;18610,962126585975;10525,781051562104;-1,0147104430740295;0,20117184755898965;-1,2158822906330191;spy
2006-05-16;18677,326294220045;10510,337622237745;0,35658644181144616;-0,1467200319739459;0,5033064737853921;strategy
2006-05-17;18075,970175972237;10310,388496753556;-3,2197120121733147;-1,902404400988389;-1,3173076111849258;spy
2006-05-18;17765,071883973113;10258,369242324421;-1,719953556973619;-0,5045324377981886;-1,2154211191754305;spy
2006-05-19;17858,23121476009;10330,708537393639;0,5243960249382562;0,7051734380037367;-0,18077741306548045;spy
2006-05-22;17456,073250883474;10251,866680491174;-2,2519473459623907;-0,7631795691175003;-1,4887677768448904;spy
2006-05-23;17539,00588104203;10173,837798847473;0,4750932753696979;-0,7611187706155542;1,2362120459852521;strategy
2006-05-24;17439,968058624032;10255,117961407797;-0,5646718125857375;0,7989134893573002;-1,3635853019430377;spy
2006-05-25;17867,132677713096;10381,915436682437;2,4493428981817056;1,236431172725716;1,2129117254559896;strategy
2006-05-26;18112,982295563605;10434,747666370333;1,3759880910112265;0,508887112499723;0,8671009785115036;strategy
2006-05-30;17737,38009386274;10249,428374833311;-2,0736629428101505;-1,7759824910215993;-0,2976804517885512;spy
2006-05-31;17897,61281731206;10364,033701700217;0,9033618414974409;1,1181631079866916;-0,2148012664892507;spy
2006-06-01;18131,70368643156;10463,194979124333;1,3079446488699853;0,9567826608654295;0,3511619880045558;strategy
2006-06-02;18234,604191487502;10485,14097028194;0,5675170234165305;0,20974464493295208;0,35777237848357846;strategy
2006-06-05;17871,039586378876;10332,334487911163;-1,993816818235894;-1,457362211951918;-0,5364546062839759;spy
2006-06-06;17714,746850233365;10307,137215836932;-0,8745587260890808;-0,24386814135480828;-0,6306905847342725;spy
2006-06-07;17513,990354058948;10229,921309451995;-1,1332732997636485;-0,7491498829208854;-0,3841234168427632;spy
2006-06-08;17406,05472686895;10220,980441960883;-0,6162823263459294;-0,0873991814858921;-0,5288831448600373;spy
2006-06-09;17367,179552747468;10188,468252913068;-0,22334282369843583;-0,3180926647148308;0,09474984101639494;strategy
2006-06-12;16918,158739562165;10077,92718222155;-2,585456157815036;-1,0849626062279905;-1,5004935515870454;spy
2006-06-13;16646,468322792673;9960,884169815214;-1,605910081303108;-1,1613798183897628;-0,4445302629133452;spy
2006-06-14;16777,728561802818;10038,100076200151;0,7885170383583384;0,7751912889312429;0,013325749427095523;strategy
2006-06-15;17146,0662876639;10251,054325350839;2,1953968590221473;2,1214597138316194;0,07393714519052796;strategy
2006-06-16;17066,492779468233;10131,572387168213;-0,4640919197478999;-1,1655575552569908;0,7014656355090909;strategy
2006-06-19;16943,595701713355;10051,917555006987;-0,7201074019304587;-0,7862040472820464;0,06609664535158766;strategy
2006-06-20;16987,580486482613;10086,0550744539;0,25959533940491664;0,3396120119380397;-0,08001667253312306;spy
2006-06-21;17167,51938614726;10160,833295299406;1,059237952148795;0,7414020674436417;0,3178358847051532;strategy
2006-06-22;17163,44806286756;10116,128957843854;-0,023715268281498947;-0,4399672365083873;0,41625196822688837;strategy
2006-06-23;17226,387198281234;10114,503627444754;0,36670449424345275;-0,016066722813368184;0,38277121705682093;strategy
2006-06-26;17322,61847260813;10159,207344781875;0,5586271411367028;0,4419763834561552;0,11665075768054756;strategy
2006-06-27;17215,425410352884;10071,425240506731;-0,6188040360338598;-0,8640645012549353;0,24526046522107547;strategy
2006-06-28;17299,97507099672;10139,700279400558;0,49112733858431845;0,6779084118028189;-0,18678107321850046;spy
2006-06-29;17626,077530128867;10344,52601620047;1,8849880291380128;2,0200373892315993;-0,13504936009358648;spy
2006-06-30;17796,73965472321;10345,338991459232;0,9682365478230981;0,007858989938136496;0,9603775578849616;strategy
2006-07-03;17806,192152248044;10387,605023256921;0,05311364726474643;0,4085514436267701;-0,35543779636202366;spy
2006-07-05;17806,192152248044;10328,270231735776;0,0;-0,5712076208933659;0,5712076208933659;strategy
2006-07-06;17806,192152248044;10358,344115125728;0,0;0,2911802529870222;-0,2911802529870222;spy
2006-07-07;17806,192152248044;10290,881431372238;0,0;-0,6512883044209605;0,6512883044209605;strategy
2006-07-10;17806,192152248044;10310,388496753556;0,0;0,18955679852505902;-0,18955679852505902;spy
2006-07-11;17806,192152248044;10355,90580946787;0,0;0,44147039394921705;-0,44147039394921705;spy
2006-07-12;17806,192152248044;10245,364738776352;0,0;-1,0674205880711551;1,0674205880711551;strategy
2006-07-13;17806,192152248044;10078,740157480315;0,0;-1,626341136156928;1,626341136156928;strategy
2006-07-14;17806,192152248044;10039,725406599251;0,0;-0,3870994813980566;0,3870994813980566;strategy
2006-07-17;17806,192152248044;10025,094952533655;0,0;-0,14572563962734764;0,14572563962734764;strategy
2006-07-18;17806,192152248044;10076,301851822453;0,0;0,5107871748970982;-0,5107871748970982;spy
2006-07-19;17806,192152248044;10216,103830645161;0,0;1,387433414347572;-1,387433414347572;spy
2006-07-20;17806,192152248044;10146,202841233806;0,0;-0,6842235608615632;0,6842235608615632;strategy
2006-07-21;17806,192152248044;10074,675901304929;0,0;-0,7049626451207325;0,7049626451207325;strategy
2006-07-24;17806,192152248044;10258,369242324421;0,0;1,8233176215197044;-1,8233176215197044;spy
2006-07-25;17806,192152248044;10294,945687547624;0,0;0,35655223904687006;-0,35655223904687006;spy
2006-07-26;17806,192152248044;10308,763166354458;0,0;0,13421614087334444;-0,13421614087334444;spy
2006-07-27;17806,192152248044;10299,009323604585;0,0;-0,09461700295635422;0,09461700295635422;strategy
2006-07-28;17806,192152248044;10402,235477322516;0,0;1,0022920697949411;-1,0022920697949411;spy
2006-07-31;17806,192152248044;10391,668659313882;0,0;-0,10158218424943799;0,10158218424943799;strategy
2006-08-01;17806,192152248044;10340,462380143512;0,0;-0,49276281653259923;0,49276281653259923;strategy
2006-08-02;17806,192152248044;10410,363369554865;0,0;0,6759948137868843;-0,6759948137868843;spy
2006-08-03;17806,192152248044;10437,998327168529;0,0;0,2654562250389958;-0,2654562250389958;spy
2006-08-04;17806,192152248044;10420,11659218631;0,0;-0,17131383261170807;0,17131383261170807;strategy
2006-08-07;17806,192152248044;10395,732915489269;0,0;-0,23400579524538445;0,23400579524538445;strategy
2006-08-08;17806,192152248044;10355,90580946787;0,0;-0,3831101312929852;0,3831101312929852;strategy
2006-08-09;17806,192152248044;10320,955314762192;0,0;-0,33749336222934634;0,33749336222934634;strategy
2006-08-10;17806,192152248044;10352,654528551246;0,0;0,30713449309982543;-0,30713449309982543;spy
2006-08-11;17806,192152248044;10323,393620420055;0,0;-0,2826415973844587;0,2826415973844587;strategy
2006-08-14;17806,192152248044;10331,5215126524;0,0;0,07873275524696854;-0,07873275524696854;spy
2006-08-15;17806,192152248044;10455,067707010414;0,0;1,1958180042185962;-1,1958180042185962;spy
2006-08-16;17806,192152248044;10542,036836026798;0,0;0,8318370712995904;-0,8318370712995904;spy
2006-08-17;17806,192152248044;10568,859438500127;0,0;0,2544347253811807;-0,2544347253811807;spy
2006-08-18;17806,192152248044;10622,504643446786;0,0;0,5075779960819649;-0,5075779960819649;spy
2006-08-21;17806,192152248044;10576,987950850902;0,0;-0,42849303552870976;0,42849303552870976;strategy
2006-08-22;17806,192152248044;10576,174355473711;0,0;-0,007692127295322315;0,007692127295322315;strategy
2006-08-23;17806,192152248044;10546,91344734252;0,0;-0,27666817081213324;0,27666817081213324;strategy
2006-08-24;17806,192152248044;10537,972579851408;0,0;-0,08477236051809278;0,08477236051809278;strategy
2006-08-25;17806,192152248044;10550,977703517907;0,0;0,12341200897945104;-0,12341200897945104;spy
2006-08-28;17806,192152248044;10601,371007429514;0,0;0,4776173860627564;-0,4776173860627564;spy
2006-08-29;17806,192152248044;10613,563775955678;0,0;0,11501124258002093;-0,11501124258002093;spy
2006-08-30;17806,192152248044;10620,066337788925;0,0;0,06126652621598616;-0,06126652621598616;spy
2006-08-31;17806,192152248044;10618,4403872714;0,0;-0,01531017289166936;0,01531017289166936;strategy
2006-09-01;17806,192152248044;10681,838814849505;0,0;0,5970596930044758;-0,5970596930044758;spy
2006-09-05;17806,192152248044;10702,158855489586;0,0;0,1902298002459446;-0,1902298002459446;spy
2006-09-06;17806,192152248044;10607,873569262765;0,0;-0,8809931482044675;0,8809931482044675;strategy
2006-09-07;17806,192152248044;10559,106215868682;0,0;-0,4597278905679181;0,4597278905679181;strategy
2006-09-08;17806,192152248044;10589,179479140208;0,0;0,2848087959029133;-0,2848087959029133;spy
2006-09-11;17806,192152248044;10599,746297148844;0,0;0,09978882716503712;-0,09978882716503712;spy
2006-09-12;17806,192152248044;10703,784806007112;0,0;0,9815188584867629;-0,9815188584867629;spy
2006-09-13;17806,192152248044;10746,863192945135;0,0;0,40245938907372825;-0,40245938907372825;spy
2006-09-14;17806,192152248044;10747,675548085472;0,0;0,0075589976884726795;-0,0075589976884726795;spy
2006-09-15;17806,192152248044;10725,730797164719;0,0;-0,2041813676135984;0,2041813676135984;strategy
2006-09-18;17806,192152248044;10740,360631111887;0,0;0,13639941393117638;-0,13639941393117638;spy
2006-09-19;17806,192152248044;10713,538028638557;0,0;-0,24973651625470605;0,24973651625470605;strategy
2006-09-20;17806,192152248044;10770,433894383414;0,0;0,5310651401317479;-0,5310651401317479;spy
2006-09-21;17806,192152248044;10718,414639954279;0,0;-0,4829819758353615;0,4829819758353615;strategy
2006-09-22;17806,192152248044;10685,903071024892;0,0;-0,30332441896954165;0,30332441896954165;strategy
2006-09-25;17806,192152248044;10767,995588725551;0,0;0,7682319140930094;-0,7682319140930094;spy
2006-09-26;17806,192152248044;10857,404263636652;0,0;0,8303186435618004;-0,8303186435618004;spy
2006-09-27;17806,192152248044;10870,40938730315;0,0;0,11978114980994992;-0,11978114980994992;spy
2006-09-28;17806,192152248044;10866,345131127762;0,0;-0,037388253106052094;0,037388253106052094;strategy
2006-09-29;17806,192152248044;10857,404263636652;0,0;-0,08228035630396535;0,08228035630396535;strategy
2006-10-02;17806,192152248044;10816,764182356488;0,0;-0,37430752593670125;0,37430752593670125;strategy
2006-10-03;17806,192152248044;10839,522528654432;0,0;0,2103988393781009;-0,2103988393781009;spy
2006-10-04;17806,192152248044;10966,319383810644;0,0;1,169764210748414;-1,169764210748414;spy
2006-10-05;17806,192152248044;10987,45177959106;0,0;0,19270272040055048;-0,19270272040055048;spy
2006-10-06;17806,192152248044;10973,634300784228;0,0;-0,12575690054447142;0,12575690054447142;strategy
2006-10-09;17806,192152248044;10980,136862617475;0,0;0,05925622865692315;-0,05925622865692315;spy
2006-10-10;17806,192152248044;10994,7679368015;0,0;0,13325038082026008;-0,13325038082026008;spy
2006-10-11;17806,192152248044;10981,762813135001;0,0;-0,11828465813241706;0,11828465813241706;strategy
2006-10-12;17806,192152248044;11076,860454502159;0,0;0,8659597096143168;-0,8659597096143168;spy
2006-10-13;17806,192152248044;11105,309007493017;0,0;0,25682866645933;-0,25682866645933;spy
2006-10-16;17806,192152248044;11122,377147098045;0,0;0,1536935135574513;-0,1536935135574513;spy
2006-10-17;17806,192152248044;11087,427272510795;0,0;-0,3142302596380486;0,3142302596380486;strategy
2006-10-18;17806,192152248044;11102,057106457964;0,0;0,1319497624434618;-0,1319497624434618;spy
2006-10-19;17806,192152248044;11119,938841440182;0,0;0,16106686185046737;-0,16106686185046737;spy
2006-10-20;17806,192152248044;11122,377147098045;0,0;0,021927329750925928;-0,021927329750925928;spy
2006-10-23;17806,192152248044;11173,584046386843;0,0;0,4603952789189458;-0,4603952789189458;spy
2006-10-24;17806,192152248044;11206,90921069342;0,0;0,29824955151569466;-0,29824955151569466;spy
2006-10-25;17806,192152248044;11245,110986315723;0,0;0,34087699743166056;-0,34087699743166056;spy
2006-10-26;17806,192152248044;11280,060860902971;0,0;0,3108006193071722;-0,3108006193071722;spy
2006-10-27;17806,192152248044;11209,347516351283;0,0;-0,6268879700532692;0,6268879700532692;strategy
2006-10-30;17772,004263315728;11201,219004000508;-0,19200000000000328;-0,07251548173449196;-0,11948451826551132;spy
2006-10-31;17840,723429728;11199,59305348298;0,3866708863789814;-0,014515835436723634;0,401186721815705;strategy
2006-11-01;17362,79477188355;11124,00309761557;-2,6788636667506416;-0,6749348436718594;-2,003928823078782;spy
2006-11-02;17408,903725463002;11117,500535782321;0,2655618187350717;-0,05845523213350301;0,3240170508685747;strategy
2006-11-03;17458,051037513833;11097,992850282577;0,2823113553034773;-0,17546826678314087;0,45777962208661815;strategy
2006-11-06;17800,33838661129;11223,164995158115;1,9606274970897397;1,1278809291389136;0,8327465679508261;strategy
2006-11-07;17930,90660955645;11266,24338209614;0,7335153979059594;0,38383456856072584;0,3496808293452336;strategy
2006-11-08;18038,837741955467;11290,62767891161;0,6019279155773161;0,2164368014117235;0,38549111416559256;strategy
2006-11-09;18015,172536884984;11231,292267272034;-0,13119029844944619;-0,5255280160411324;0,39433771759168623;strategy
2006-11-10;18198,056459598887;11236,170118824613;1,0151660903577664;0,04343090213041467;0,9717351882273517;strategy
2006-11-13;18332,20791472811;11263,805076438279;0,7371746286591208;0,24594641520572225;0,4912282134533985;strategy
2006-11-14;18478,381053236164;11348,335899796799;0,7973569751552834;0,7504641884769736;0,04689278667830976;strategy
2006-11-15;18449,18474145024;11380,848708963043;-0,15800254200738495;0,2864984739024745;-0,44450101590985946;spy
2006-11-16;18479,101628086195;11410,109617094235;0,16215831244152934;0,2571065557540164;-0,09494824331248708;spy
2006-11-17;18447,06376383195;11413,36027789243;-0,17337349455101014;0,02848930384793391;-0,20186279839894405;spy
2006-11-20;18578,410913748023;11419,862839725678;0,7120219867922772;0,056973246046054804;0,6550487407462224;strategy
2006-11-21;18617,229529548484;11431,242012874653;0,2089447584116888;0,09964369369999115;0,10930106471169765;strategy
2006-11-22;18608,658778552406;11454,000359172594;-0,04603666180552635;0,19908900775882366;-0,24512566956435;spy
2006-11-24;18635,34967919742;11407,671311436374;0,1434326942239217;-0,4044791887850785;0,5479118830090002;strategy
2006-11-27;18237,026274455042;11250,79995277178;-2,13746139245794;-1,3751391881998476;-0,7623222042580924;spy
2006-11-28;18237,026274455042;11299,56854640272;0,0;0,43346778749651094;-0,43346778749651094;spy
2006-11-29;18237,026274455042;11417,424534067817;0,0;1,0430131662205744;-1,0430131662205744;spy
2006-11-30;18237,026274455042;11422,30114538354;0,0;0,042712008309520044;-0,042712008309520044;spy
2006-12-01;18237,026274455042;11397,104493427736;0,0;-0,22059173221841144;0,22059173221841144;strategy
2006-12-04;18237,026274455042;11484,073622444119;0,0;0,7630809129330673;-0,7630809129330673;spy
2006-12-05;18237,026274455042;11533,654571215393;0,0;0,4317365980166965;-0,4317365980166965;spy
2006-12-06;18237,026274455042;11523,901348583948;0,0;-0,08456315880819298;0,08456315880819298;strategy
2006-12-07;18237,026274455042;11473,50804467234;0,0;-0,4372937808756916;0,4372937808756916;strategy
2006-12-08;18237,026274455042;11494,640440452757;0,0;0,18418425906128189;-0,18418425906128189;spy
2006-12-11;18237,026274455042;11527,965604759334;0,0;0,2899191538805912;-0,2899191538805912;spy
2006-12-12;18237,026274455042;11519,024737268224;0,0;-0,07755806876643678;0,07755806876643678;strategy
2006-12-13;18237,026274455042;11531,216265557532;0,0;0,1058381986963175;-0,1058381986963175;spy
2006-12-14;18237,026274455042;11632,816468757937;0,0;0,8810883506180867;-0,8810883506180867;spy
2006-12-15;18237,026274455042;11569,418041179833;0,0;-0,544996370813311;0,544996370813311;strategy
2006-12-18;18237,026274455042;11537,71882739078;0,0;-0,27399142874969806;0,27399142874969806;strategy
2006-12-19;18237,026274455042;11559,664818548388;0,0;0,19021083357924073;-0,19021083357924073;spy
2006-12-20;18237,026274455042;11553,162256715139;0,0;-0,05625216591761406;0,05625216591761406;strategy
2006-12-21;18237,026274455042;11510,896224917451;0,0;-0,3658395066088671;0,3658395066088671;strategy
2006-12-22;18237,026274455042;11440,18288036576;0,0;-0,6143165846514864;0,6143165846514864;strategy
2006-12-26;18237,026274455042;11507,645564119253;0,0;0,5896993471081302;-0,5896993471081302;spy
2006-12-27;18237,026274455042;11583,235519986665;0,0;0,6568672579132961;-0,6568672579132961;spy
2006-12-28;18237,026274455042;11558,852463408051;0,0;-0,21050298542700796;0,21050298542700796;strategy
2006-12-29;18237,026274455042;11510,896224917451;0,0;-0,414887538727704;0,414887538727704;strategy
2007-01-03;18202,01118400808;11490,576184277368;-0,1920000000000477;-0,17652874496510984;-0,015471255034937847;spy
2007-01-04;18270,90786717254;11514,960481092838;0,37851137694604464;0,21221126272878976;0,16630011421725488;strategy
2007-01-05;18105,327790245407;11423,113500523876;-0,9062498597819157;-0,7976317480183459;-0,10861811176356984;spy
2007-01-08;18160,327389565544;11475,946350330201;0,3037757722882617;0,46250831530214587;-0,15873254301388418;spy
2007-01-09;18140,953606377334;11466,193127698756;-0,10668190486115003;-0,0849883951502095;-0,02169350971094053;spy
2007-01-10;18385,94268768785;11504,3936630842;1,3504752099933182;0,3331579623681913;1,0173172476251269;strategy
2007-01-11;18677,45491059368;11554,788207232665;1,585516869369119;0,4380460685222687;1,1474708008468504;strategy
2007-01-12;18828,852212570342;11642,57093162624;0,8105885020276205;0,7597086404286246;0,050879861598995824;strategy
2007-01-16;19001,927070383095;11619,812585328295;0,9192002563874091;-0,19547526428311812;1,1146755206705272;strategy
2007-01-17;18904,369290722236;11624,689196644018;-0,5134099257380842;0,041968072031384196;-0,5553779977694684;spy
2007-01-18;18668,53964602935;11585,673825644526;-1,247487504429079;-0,33562506781475987;-0,9118624366143191;spy
2007-01-19;18772,741786890467;11608,433412179324;0,5581697488763249;0,1964459458924095;0,3617238029839154;strategy
2007-01-22;18620,23325021841;11572,669942214883;-0,8123935139754401;-0,3080817944557279;-0,5043117195197122;spy
2007-01-23;18764,718454569676;11606,8074616618;0,7759580796313115;0,29498395458760207;0,4809741250437094;strategy
2007-01-24;19042,96446686038;11700,27915251143;1,4828147460051122;0,8053178374705983;0,6774969085345139;strategy
2007-01-25;18749,347905585335;11562,915479346582;-1,5418637249783873;-1,1740204774119634;-0,36784324756642395;spy
2007-01-26;18755,832341634316;11552,349901574804;0,034584861732978034;-0,09137468651959635;0,12595954825257438;strategy
2007-01-29;18941,509103232474;11545,847339741555;0,989968124133811;-0,05628778463819817;1,0462559087720091;strategy
2007-01-30;18941,509103232474;11605,993866284607;0,0;0,5209364438417907;-0,5209364438417907;spy
2007-01-31;18941,509103232474;11684,023368046737;0,0;0,6723207220435068;-0,6723207220435068;spy
2007-02-01;18941,509103232474;11753,92435745809;0,0;0,5982612941576093;-0,5982612941576093;spy
2007-02-02;18941,509103232474;11770,180141922783;0,0;0,1383009110006661;-0,1383009110006661;spy
2007-02-05;18941,509103232474;11773,432042957837;0,0;0,027628303015259092;-0,027628303015259092;spy
2007-02-06;18941,509103232474;11776,682703756032;0,0;0,027610137692524184;-0,027610137692524184;spy
2007-02-07;18941,509103232474;11802,692951089026;0,0;0,22086225796589254;-0,22086225796589254;spy
2007-02-08;18941,509103232474;11787,249521764668;0,0;-0,13084665837157505;0,13084665837157505;strategy
2007-02-09;18941,509103232474;11699,466797371095;0,0;-0,7447261062174526;0,7447261062174526;strategy
2007-02-12;18941,509103232474;11659,639071231268;0,0;-0,34042342979918594;0,34042342979918594;strategy
2007-02-13;18941,509103232474;11757,988613633477;0,0;0,843504175398313;-0,843504175398313;spy
2007-02-14;18941,509103232474;11835,204520018415;0,0;0,6567101646569373;-0,6567101646569373;spy
2007-02-15;18941,509103232474;11850,647949342774;0,0;0,13048721970319033;-0,13048721970319033;spy
2007-02-16;18941,509103232474;11844,95774264986;0,0;-0,048015996401529204;0,048015996401529204;strategy
2007-02-20;18941,509103232474;11870,154394605663;0,0;0,2127204883566325;-0,2127204883566325;spy
2007-02-21;18941,509103232474;11865,277783289943;0,0;-0,04108296449737425;0,04108296449737425;strategy
2007-02-22;18941,509103232474;11856,33691579883;0,0;-0,07535320836485893;0,07535320836485893;strategy
2007-02-23;18941,509103232474;11810,00786806261;0,0;-0,39075346850582227;0,39075346850582227;strategy
2007-02-26;18941,509103232474;11799,441050053976;0,0;-0,08947342056569996;0,08947342056569996;strategy
2007-02-27;18941,509103232474;11338,582677165354;0,0;-3,905764442007309;3,905764442007309;strategy
2007-02-28;18941,509103232474;11454,81271431293;0,0;1,0250843553987643;-1,0250843553987643;spy
2007-03-01;18941,509103232474;11420,675194866015;0,0;-0,2980190099857283;0,2980190099857283;strategy
2007-03-02;18941,509103232474;11271,119993411863;0,0;-1,3095127818833485;1,3095127818833485;strategy
2007-03-05;18941,509103232474;11163,8308237554;0,0;-0,9518944853676992;0,9518944853676992;strategy
2007-03-06;18941,509103232474;11354,838461630048;0,0;1,7109506663985474;-1,7109506663985474;spy
2007-03-07;18941,509103232474;11343,459288481077;0,0;-0,10021431117160917;0,10021431117160917;strategy
2007-03-08;18941,509103232474;11439,370525225426;0,0;0,8455201742711971;-0,8455201742711971;spy
2007-03-09;18941,509103232474;11442,621186023624;0,0;0,028416430703326334;-0,028416430703326334;spy
2007-03-12;18941,509103232474;11459,690565865505;0,0;0,14917368638167616;-0,14917368638167616;spy
2007-03-13;18941,509103232474;11236,982473964947;0,0;-1,9434040615715187;1,9434040615715187;strategy
2007-03-14;18941,509103232474;11320,700942183135;0,0;0,7450262418060793;-0,7450262418060793;spy
2007-03-15;18941,509103232474;11336,144371507493;0,0;0,13641760703007044;-0,13641760703007044;spy
2007-03-16;18941,509103232474;11259,74082026289;0,0;-0,6739818119874785;0,6739818119874785;strategy
2007-03-19;18941,509103232474;11395,478542910212;0,0;1,20551373973945;-1,20551373973945;spy
2007-03-20;18941,509103232474;11458,064615347981;0,0;0,5492184659213528;-0,5492184659213528;spy
2007-03-21;18941,509103232474;11646,633947564771;0,0;1,6457345856140781;-1,6457345856140781;spy
2007-03-22;18941,509103232474;11637,69308007366;0,0;-0,07676782434619112;0,07676782434619112;strategy
2007-03-23;18941,509103232474;11654,762459915544;0,0;0,14667322573671537;-0,14667322573671537;spy
2007-03-26;18941,509103232474;11639,319030591187;0,0;-0,13250745673687447;0,13250745673687447;strategy
2007-03-27;18941,509103232474;11611,684072977521;0,0;-0,23742761531867496;0,23742761531867496;strategy
2007-03-28;18941,509103232474;11527,153249619;0,0;-0,7279807375679459;0,7279807375679459;strategy
2007-03-29;18941,509103232474;11539,344777908305;0,0;0,1057635656028788;-0,1057635656028788;spy
2007-03-30;18941,509103232474;11541,783083566166;0,0;0,021130364893240383;-0,021130364893240383;spy
2007-04-02;18905,141405754268;11554,788207232665;-0,19200000000000328;0,11267863528829913;-0,3046786352883024;spy
2007-04-03;19024,429615987337;11679,146756731014;0,6309829039245374;1,076251223890945;-0,4452683199664076;spy
2007-04-04;19061,826279144454;11692,15188039751;0,1965717969578007;0,11135337141818802;0,08521842553961267;strategy
2007-04-05;19185,215318075916;11723,851094186564;0,6473096392996869;0,27111530976773324;0,37619432953195364;strategy
2007-04-09;19186,01654180035;11740,106878651257;0,004176256096943831;0,1386556715374354;-0,13447941544049158;spy
2007-04-10;19120,26281983006;11753,92435745809;-0,3427169044029177;0,1176946594239281;-0,4604115638268458;spy
2007-04-11;19084,532477111774;11705,969359204342;-0,18687160869581554;-0,40799138054108397;0,22111977184526843;strategy
2007-04-12;19220,91505719436;11757,988613633477;0,7146236369486747;0,4443822876422754;0,2702413493063993;strategy
2007-04-13;19319,73831148445;11811,633818580136;0,5141443786418343;0,45624474312262464;0,057899635519209625;strategy
2007-04-16;19440,106994725327;11923,799599552325;0,623034749747764;0,9496212183258468;-0,3265864685780828;spy
2007-04-17;19424,174128535582;11955,498813341377;-0,08195873713076063;0,26584826023277053;-0,34780699736353116;spy
2007-04-18;19341,103265834863;11970,1298875254;-0,42766741149978804;0,12237945411106566;-0,5500468656108537;spy
2007-04-19;19145,830151516966;11966,877986490348;-1,0096275875990934;-0,027166798235334078;-0,9824607893637594;spy
2007-04-20;19303,667247358717;12079,857362839726;0,8243941087571205;0,9441006791990558;-0,11970657044193533;spy
2007-04-23;19457,457037314813;12034,340670243842;0,7966869092044693;-0,3767982620051735;1,1734851712096428;strategy
2007-04-24;19128,993950856777;12039,217281559562;-1,6881090156237843;0,04052246358439149;-1,7286314792081758;spy
2007-04-25;19311,910964051916;12149,75835225108;0,9562291339788143;0,9181748954795621;0,03805423849925216;strategy
2007-04-26;19788,563865239183;12163,575831057911;2,4681809173340286;0,11372636727604579;2,3544545500579828;strategy
2007-04-27;19633,958203735798;12153,822608426468;-0,7812879325465705;-0,0801838436896185;-0,701104088856952;spy
2007-04-30;19300,741599344376;12053,034760366396;-1,6971443095362249;-0,8292687108185537;-0,8678755987176712;spy
2007-05-01;19307,794622166548;12083,921619015113;0,0365427555509612;0,25625794053363293;-0,21971518498267173;spy
2007-05-02;19410,215242880902;12154,634963566801;0,5304625552458031;0,5851853957775877;-0,054722840531784556;spy
2007-05-03;19626,90158552433;12220,472937039624;1,1163520853943343;0,5416696895478079;0,5746823958465264;strategy
2007-05-04;19588,62467123119;12266,801984775844;-0,1950227045585784;0,37911010461633143;-0,5741328091749098;spy
2007-05-07;19615,918366000333;12269,240290433705;0,13933441079825304;0,01987727250254423;0,11945713829570881;strategy
2007-05-08;19572,056784997185;12252,98450596901;-0,22360197562389938;-0,13249218435610333;-0,09110979126779606;spy
2007-05-09;19641,960453642645;12286,30967027559;0,3571605652556986;0,2719758952632656;0,08518466999243302;strategy
2007-05-10;19360,63989420065;12157,886864601855;-1,4322427748795552;-1,0452512521675228;-0,3869915227120324;spy
2007-05-11;19575,34350583116;12261,925373460123;1,1089696043301789;0,8557285490226052;0,2532410553075737;strategy
2007-05-14;19511,385923955284;12235,102770986792;-0,3267252084584005;-0,21874706994535753;-0,10797813851304294;spy
2007-05-15;19378,441973798723;12238,354672021846;-0,6813660017525369;0,026578452963743615;-0,7079444547162805;spy
2007-05-16;19497,17874316114;12322,07314024003;0,6127260876956031;0,6840663672672775;-0,07134027957167444;spy
2007-05-17;19354,335630277044;12297,688843424561;-0,7326347815024281;-0,1978911871236777;-0,5347435943787504;spy
2007-05-18;19425,302231133806;12404,978013081027;0,36667030174750703;0,8724336013252731;-0,5057632995777661;spy
2007-05-21;19660,90005603554;12398,475451247778;1,2128399450286542;-0,05241897104849569;1,26525891607715;strategy
2007-05-22;19696,266384479113;12388,72222861633;0,17988153310770638;-0,07866469284709687;0,25854622595480325;strategy
2007-05-23;19637,489927922677;12390,348179133858;-0,2984142040379445;0,013124440822243066;-0,31153864486018756;spy
2007-05-24;19337,333057370008;12278,181157924817;-1,5284889853762529;-0,9052773948510784;-0,6232115905251745;spy
2007-05-25;19505,36481411001;12329,388057213615;0,8689500058849164;0,4170560657980493;0,4518939400868671;strategy
2007-05-29;19569,951764855596;12374,092394669166;0,33112403362414167;0,36258358685852254;-0,03145955323438088;spy
2007-05-30;19838,38498428135;12474,87900249238;1,371660097332561;0,8144969716456396;0,5571631256869214;strategy
2007-05-31;19886,61517162193;12461,875119062737;0,24311549240925157;-0,1042405575801153;0,34735604998936687;strategy
2007-06-01;20011,689777059713;12523,647596123317;0,6289386321321588;0,4956916713608095;0,13324696077134934;strategy
2007-06-04;20246,011084638485;12525,273546640843;1,1709221469512476;0,012983042720149385;1,1579391042310982;strategy
2007-06-05;20444,58262924264;12475,692597869569;0,9807934203632795;-0,3958472330895413;1,3766406534528208;strategy
2007-06-06;20185,693812724243;12341,579585502923;-1,2662954348997002;-1,074994524869488;-0,1913009100302121;spy
2007-06-07;19729,04017796098;12118,872733839216;-2,262263754716265;-1,8045246973516282;-0,4577390573646367;spy
2007-06-08;20014,038609237723;12276,55520740729;1,4445630841946056;1,301131524615995;0,14343155957861065;strategy
2007-06-11;19989,877588137475;12297,688843424561;-0,12072036819743559;0,17214630374911;-0,2928666719465456;spy
2007-06-12;19891,2532841112;12163,575831057911;-0,49337122546864176;-1,0905546080583917;0,5971833825897499;strategy
2007-06-13;20137,104920896767;12345,64384167831;1,235978614690647;1,4968296588862895;-0,2608510441956424;spy
2007-06-14;20355,627645856766;12424,485698580771;1,085174486692142;0,6386208602284116;0,4465536264637304;strategy
2007-06-15;20699,830225438564;12441,555078422656;1,6909455486716851;0,13738500132713938;1,5535605473445457;strategy
2007-06-18;20893,31493426712;12426,924004238634;0,9347164045373502;-0,11759843598166952;1,0523148405190197;strategy
2007-06-19;21070,4587617443;12457,81086288735;0,8478493146467869;0,24854790001276328;0,5993014146340236;strategy
2007-06-20;20806,523863263807;12284,683719758064;-1,2526300516991884;-1,3897075901597056;0,13707753846051718;strategy
2007-06-21;21039,613135778956;12352,958758651894;1,12027013280529;0,5557736808805114;0,5644964519247786;strategy
2007-06-22;20850,242971084743;12236,728721504318;-0,9000648608513573;-0,9409084853146621;0,040843624463304806;strategy
2007-06-25;20670,158801129917;12178,206905241936;-0,8637029803660656;-0,47824723089218146;-0,38545574947388417;spy
2007-06-26;20584,66971707244;12053,034760366396;-0,4135869727948327;-1,0278372329317276;0,6142502601368949;strategy
2007-06-27;20692,882912987527;12224,535952978154;0,5256979946845375;1,4228880611520278;-0,8971900664674903;spy
2007-06-28;20915,75574585256;12222,911242697484;1,077050664241419;-0,013290568140333914;1,090341232381753;strategy
2007-06-29;20835,478254182104;12226,974258636017;-0,383813488003526;0,03324098373831408;-0,41705447174184007;spy
2007-07-02;21102,365673989007;12337,515329327533;1,2809277356200521;0,9040754347989122;0,37685230082113996;strategy
2007-07-03;21141,545708020414;12382,219666783083;0,18566654865479482;0,3623447368635402;-0,17667818820874537;spy
2007-07-05;21248,7865534039;12369,214543116586;0,5072516781154945;-0,10503063276599;0,6122823108814845;strategy
2007-07-06;21350,11272479889;12434,238921212218;0,47685627195854785;0,5256952886456112;-0,048839016687063364;spy
2007-07-09;21699,056554379007;12443,993384080519;1,6343886989168332;0,07844841111794842;1,5559402877988848;strategy
2007-07-10;21298,349443927586;12266,801984775844;-1,8466568325089527;-1,4239110696679935;-0,4227457628409592;spy
2007-07-11;21453,069874813133;12353,772354029083;0,7264432922038377;0,7089897543073986;0,01745353789643911;strategy
2007-07-12;21827,112512540076;12548,84424807912;1,7435389895694486;1,5790471805676054;0,16449180900184324;strategy
2007-07-13;22270,142941147067;12586,233668561086;2,029725316862052;0,29795110802885993;1,7317742088331922;strategy
2007-07-16;22142,073424981467;12584,60771804356;-0,5750727173330139;-0,012918483482371457;-0,5621542338506424;spy
2007-07-17;22085,941201639445;12578,105156210313;-0,25350933611615334;-0,051670755091748344;-0,201838581024405;spy
2007-07-18;21927,452200358;12555,34680991237;-0,7176013004584147;-0,180936206330784;-0,5366650941276307;spy
2007-07-19;22172,186185164686;12604,115403543308;1,1161077108752915;0,38842888507417683;0,7276788258011146;strategy
2007-07-20;21878,538405480132;12476,504953009906;-1,324397049674031;-1,012450667482212;-0,3119463821918189;spy
2007-07-23;21743,419924042464;12514,706728632207;-0,617584588757647;0,30618972032776526;-0,9237743090854122;spy
2007-07-24;21015,31037107449;12297,688843424561;-3,348643201076551;-1,734102843266272;-1,614540357810279;spy
2007-07-25;21281,201176666407;12322,885495380368;1,265224262202147;0,20488932738997878;1,0603349348121682;strategy
2007-07-26;20860,793372117223;12031,090009445645;-1,9754890762939459;-2,3679152585172725;0,3924261822233266;strategy
2007-07-27;20672,880444966766;11794,564438738253;-0,9007947291286844;-1,9659529645418283;1,065158235413144;strategy
2007-07-30;21211,757743030437;11979,07075501651;2,6066870531090913;1,564333445601962;1,0423536075071294;strategy
2007-07-31;21127,92458273535;11844,145387509527;-0,3952202420500983;-1,1263425207709066;0,7311222787208083;strategy
2007-08-01;21008,088548862506;11901,853608394717;-0,5671926430993124;0,4872299266610369;-1,0544225697603493;spy
2007-08-02;21239,120935440038;11996,952489998728;1,0997306396542283;0,7990258049967558;0,30070483465747255;strategy
2007-08-03;20791,09424638872;11688,087624222124;-2,1094408304994094;-2,5745277063828453;0,4650868758834359;strategy
2007-08-06;20782,61972333699;11883,973113649354;-0,04076035128935951;1,6759413149956215;-1,716701666284981;spy
2007-08-07;20991,689059740762;12010,769968805564;1,0059816288175094;1,0669567655835266;-0,06097513676601718;spy
2007-08-08;21140,57315238475;12178,206905241936;0,7092525628608293;1,3940566414246458;-0,6848040785638165;spy
2007-08-09;20684,82016858751;11817,322785036195;-2,155821322875673;-2,963360066172005;0,8075387432963321;strategy
2007-08-10;20789,915014308637;11762,052869808866;0,5080771544764273;-0,4677025095507714;0,9757796640271987;strategy
2007-08-13;20884,00363731943;11804,3176613697;0,4525685792656553;0,35933175975870757;0,09323681950694773;strategy
2007-08-14;20637,40871939772;11623,875601266827;-1,1807837338289273;-1,5286106768659713;0,347826943037044;strategy
2007-08-15;20262,208509054166;11463,75358180404;-1,8180587274549298;-1,377526953620678;-0,4405317738342518;spy
2007-08-16;19949,832179419725;11549,911595916941;-1,5416697024653314;0,7515689647207502;-2,2932386671860816;spy
2007-08-17;20151,745365552473;11762,052869808866;1,0121046849759452;1,8367350445082087;-0,8246303595322635;spy
2007-08-20;20290,01159472701;11756,362663115951;0,6861253289300207;-0,04837766634699925;0,7345029952770199;strategy
2007-08-21;20488,30248749802;11779,93336455423;0,977283289589348;0,20049314667902607;0,7767901429103219;strategy
2007-08-22;20747,640212746053;11919,735343376937;1,2657843440484262;1,186780726989256;0,07900361705917014;strategy
2007-08-23;20670,474079932;11909,169765605156;-0,37192727473001064;-0,08863936545077111;-0,2832879092792395;spy
2007-08-24;20918,126086677745;12056,286661401447;1,198095436941049;1,2353245330432694;-0,03722909610222036;spy
2007-08-27;20830,952078669572;11944,119640192406;-0,416739088611251;-0,9303612659455673;0,5136221773343164;strategy
2007-08-28;20344,51348166754;11681,585062388875;-2,33517217631225;-2,1980236778614715;-0,1371484984507787;spy
2007-08-29;20656,160696796243;11910,794475885827;1,531848944972447;1,9621430848022259;-0,4302941398297788;spy
2007-08-30;20737,976195636224;11879,095262096775;0,39608279602836305;-0,26613853385875075;0,6622213298871138;strategy
2007-08-31;21006,273819925937;11996,13889462154;1,2937502761053876;0,9852907981824366;0,30845947792295103;strategy
2007-09-04;21264,71051699013;12117,24678332169;1,2302833871423946;1,0095572397419428;0,22072614740045182;strategy
2007-09-05;21190,54881246335;12012,394679086234;-0,3487548277110397;-0,8653129387426239;0,5165581110315842;strategy
2007-09-06;21346,065748610326;12040,030876936753;0,7338976329650748;0,2300640179483393;0,5038336150167355;strategy
2007-09-07;21052,209866290934;11872,59394050038;-1,376627832876054;-1,3906686631269927;0,014040830250938718;strategy
2007-09-10;21017,42063054473;11849,834353965583;-0,1652521800189266;-0,19169851718044972;0,026446337161523115;strategy
2007-09-11;21201,58241294358;11988,01162250762;0,8762339853026768;1,1660691990668548;-0,289835213764178;spy
2007-09-12;21185,034654732604;12018,897240919481;-0,07804963746891325;0,25763754144076945;-0,3356871789096827;spy
2007-09-13;21269,22852978629;12103,429304514859;0,397421464849379;0,7033262861053435;-0,3059048212559645;spy
2007-09-14;21224,21925186483;12102,615709137668;-0,211616880501464;-0,006722023624228246;-0,20489485687723574;spy
2007-09-17;21215,916165183655;12037,592571278892;-0,03912081091249631;-0,5372651616929569;0,4981443507804606;strategy
2007-09-18;21716,443550915716;12391,974129651384;2,359207030396604;2,943957076749948;-0,5847500463533439;spy
2007-09-19;21820,905129078754;12465,125779860935;0,48102525589939216;0,5903147427859246;-0,1092894868865324;spy
2007-09-20;21799,08221548966;12377,34305546736;-0,10000920429287241;-0,7042265432684158;0,6042173389755434;strategy
2007-09-21;22001,023116694654;12352,146403511557;0,9263734097094245;-0,20357076508978889;1,1299441747992134;strategy
2007-09-24;22020,87316957175;12329,388057213615;0,09022331721488808;-0,18424608610104753;0,2744694033159356;strategy
2007-09-25;22198,872700510794;12305,003760398145;0,8083218570324568;-0,19777378003121848;1,0060956370636753;strategy
2007-09-26;22287,974718631303;12370,028138493775;0,4013808238039873;0,5284385064952213;-0,12705768269123396;spy
2007-09-27;22377,856070487844;12443,179788703326;0,4032728544931752;0,5913620356441607;-0,1880891811509855;spy
2007-09-28;22274,626242467333;12401,727352282829;-0,4613034765052926;-0,33313378995077914;-0,12816968655451344;spy
2007-10-01;22498,330189118147;12541,529331105536;1,004299440159917;1,1272782802870918;-0,12297884012717475;spy
2007-10-02;22436,244708356375;12524,459951263654;-0,27595594979666904;-0,1361028578831025;-0,13985309191356654;spy
2007-10-03;21956,083188427365;12499,263299307848;-2,140115363201467;-0,20117954829073081;-1,938935814910736;spy
2007-10-04;22264,03683592431;12518,770984807594;1,4025891815679703;0,1560706821883251;1,2465184993796452;strategy
2007-10-05;22640,14978664686;12667,513831121412;1,6893295384584839;1,1881585380412174;0,5011710004172665;strategy
2007-10-08;22928,173411043983;12600,051147367918;1,27218073692692;-0,5325645162332693;1,8047452531601893;strategy
2007-10-09;23235,229440756844;12718,719490173356;1,3392084236634405;0,9418084213906441;0,39740000227279637;strategy
2007-10-10;23330,048428469614;12697,587094392939;0,40808285519422505;-0,16615191330184853;0,5742347684960736;strategy
2007-10-11;22840,394698527907;12636,626972472695;-2,098811459577521;-0,4800921739466779;-1,618719285630843;spy
2007-10-12;23290,560577093856;12706,527961884049;1,9709198746681977;0,5531617698585567;1,417758104809641;strategy
2007-10-15;23233,54586149404;12599,23755199073;-0,24479752392001508;-0,8443723589572238;0,5995748350372088;strategy
2007-10-16;23150,996266028324;12499,263299307848;-0,35530347351124814;-0,7934944656002973;0,4381909920890492;strategy
2007-10-17;23266,671944048354;12537,465074930149;0,49965745184699095;0,30563221773571847;0,19402523411127248;strategy
2007-10-18;23503,94892477784;12491,948382334263;1,0198148721058509;-0,3630454188614296;1,3828602909672805;strategy
2007-10-19;22982,812898217486;12165,201781575439;-2,2172275315445966;-2,615657628083856;0,39843009653925954;strategy
2007-10-22;23185,019772875126;12235,915126127129;0,8798177818926778;0,5812755581151796;0,2985422237774982;strategy
2007-10-23;24030,575241544353;12335,077023669672;3,6469905005579006;0,8104166833488691;2,8365738172090316;strategy
2007-10-24;23897,77750840333;12312,31867737173;-0,5526198678400318;-0,18450104733250816;-0,36811882050752365;spy
2007-10-25;23398,96253471546;12341,579585502923;-2,087286039517555;0,23765554562009683;-2,324941585137652;spy
2007-10-26;23660,348474054117;12486,258175641351;1,1170834559474763;1,1722858418251159;-0,05520238587763959;spy
2007-10-29;23824,987297160194;12527,711852298704;0,6958427653194432;0,3319943899463995;0,3638483753730437;strategy
2007-10-30;23549,299683521167;12440,741483045465;-1,1571364559421538;-0,6942238956212932;-0,4629125603208606;spy
2007-10-31;23706,051665768435;12569,976643859538;0,6656333069511966;1,0388059344388578;-0,3731726274876612;spy
2007-11-01;23026,571691887253;12275,742852266956;-2,8662722222205894;-2,3407664145208673;-0,5255058076997221;spy
2007-11-02;23158,05397638437;12289,560331073788;0,571002432565515;0,11255920699153599;0,458443225573979;strategy
2007-11-05;22899,743861152387;12196,088640224156;-1,1154223731208002;-0,7605779892165154;-0,35484438390428474;spy
2007-11-06;23521,985937845624;12360,274915862332;2,7172447013646295;1,3462207473359245;1,371023954028705;strategy
2007-11-07;23043,3021161784;12022,149141954535;-2,035048498592318;-2,735584574044303;0,7005360754519852;strategy
2007-11-08;22791,94423795831;11961,189020034291;-1,0908066775881853;-0,5070650946053079;-0,5837415829828774;spy
2007-11-09;22126,645998687753;11797,002744396115;-2,9190060853279465;-1,3726584820553667;-1,5463476032725798;spy
2007-11-12;20891,072104109764;11679,95911187135;-5,584099346332316;-0,9921472009520649;-4,591952145380251;spy
2007-11-13;21662,49868586697;12035,966620761366;3,69261365770428;3,0480201641132076;0,6445934935910724;strategy
2007-11-14;21622,702920693537;12002,641456454789;-0,18370810196238763;-0,27687983322497445;0,09317173126258682;strategy
2007-11-15;21216,993502748624;11829,514313325502;-1,876312223466925;-1,4424086877658282;-0,43390353570109674;spy
2007-11-16;21501,898224036653;11849,834353965583;1,3428138216242447;0,17177409065045612;1,1710397309737886;strategy
2007-11-19;20990,0716823816;11684,83572318707;-2,3803784034420294;-1,3924129726192835;-0,9879654308227459;spy
2007-11-20;21241,2349215947;11756,362663115951;1,1965811409015759;0,6121347498873719;0,5844463910142039;strategy
2007-11-21;21011,01110766612;11515,772836233173;-1,0838532447777993;-2,0464648274044595;0,9626115826266601;strategy
2007-11-23;21233,818643418;11714,910226695454;1,0604322400771249;1,7292577171695855;-0,6688254770924607;spy
2007-11-26;21212,059887195035;11456,438664830455;-0,10247217699445033;-2,2063469276615066;2,1038747506670563;strategy
2007-11-27;21598,76809143911;11588,113371539244;1,8230582333850442;1,1493511252585797;0,6737071081264645;strategy
2007-11-28;22369,12362100179;11958,750714376429;3,566664201871861;3,1984269652338915;0,36823723663796937;strategy
2007-11-29;22413,189525687383;11962,813730314962;0,19699432768220948;0,033975254067697414;0,16301907361451207;strategy
2007-11-30;22586,1313944437;12083,109263874778;0,7716075775743958;1,0055789237524815;-0,23397134617808568;spy
2007-12-03;22712,525234509547;12003,453811595124;0,5596081854767787;-0,6592297606527686;1,2188379461295473;strategy
2007-12-04;22662,954008551602;11896,164641938658;-0,21825501764386468;-0,8938191568898746;0,6755641392460099;strategy
2007-12-05;23024,379355070687;12095,300792164086;1,5947848033522227;1,6739525403287825;-0,07916773697655977;spy
2007-12-06;23238,373204978183;12268,427935293372;0,9294228808837346;1,431358724385312;-0,5019358435015775;spy
2007-12-07;23425,71913968525;12265,98962963551;0,8061921247866533;-0,019874638142092227;0,8260667629287455;strategy
2007-12-10;23568,462636353484;12361,087271002667;0,6093452065102811;0,7752953022020836;-0,16595009569180252;spy
2007-12-11;23128,144291877634;12022,149141954535;-1,8682522965951742;-2,741976669343904;0,8737243727487298;strategy
2007-12-12;23187,16668936529;12140,81748475997;0,2551972901188915;0,9870809403895064;-0,731883650270615;spy
2007-12-13;23110,846720038397;12115,620832804167;-0,32914745621722696;-0,20753669995806634;-0,12161075625916062;spy
2007-12-14;22968,277085770496;11962,001375174625;-0,6168948978588662;-1,267945404940396;0,6510505070815298;strategy
2007-12-17;22583,685198176834;11791,313777940055;-1,6744481362597652;-1,426915044407262;-0,24753309185250316;spy
2007-12-18;22587,94683942546;11857,150511176022;0,018870442140994648;0,5583494297229041;-0,5394789875819095;spy
2007-12-19;22744,27341747569;11857,150511176022;0,6920796261897344;0,0;0,6920796261897344;strategy
2007-12-20;23031,845735201478;11931,928111903098;1,2643724090338537;0,6306540568629337;0,63371835217092;strategy
2007-12-21;23208,56377526367;12040,030876936753;0,7672769351354969;0,9059957788868367;-0,1387188437513398;spy
2007-12-24;23371,954970736355;12129,438311610998;0,7040125233722216;0,7425847623489856;-0,038572238976763984;spy
2007-12-26;23536,43454889895;12155,448558943994;0,7037476255988606;0,21443900916744418;0,48930861643141643;strategy
2007-12-27;23398,327436418327;12002,641456454789;-0,5867800927693345;-1,2571078866256191;0,6703277938562846;strategy
2007-12-28;23365,165494458015;11972,568193183262;-0,14172783097605723;-0,2505553746700806;0,10882754369402337;strategy
2007-12-31;23201,49979807055;11883,973113649354;-0,700468808689958;-0,7399839207794301;0,039515112089472115;strategy
2008-01-02;23196,530864153363;11779,93336455423;-0,021416434111720672;-0,8754626764985618;0,8540462423868411;strategy
2008-01-03;23231,89071988359;11774,24439809817;0,1524359652626872;-0,048293706594115804;0,20072967185680302;strategy
2008-01-04;22981,949309266332;11485,699572961645;-1,0758547964558884;-2,4506440955407105;1,374789299084822;strategy
2008-01-07;22918,53463140057;11475,946350330201;-0,27593254607082285;-0,08491622621231709;-0,19101631985850576;spy
2008-01-08;22780,433707709213;11290,62767891161;-0,6025730960222186;-1,614844351492284;1,0122712554700652;strategy
2008-01-09;22833,707610260793;11409,296021717044;0,2338581575536569;1,0510340627658987;-0,8171759052122418;spy
2008-01-10;22813,409177097943;11484,073622444119;-0,08889679025989583;0,6554094186419501;-0,744306208901846;spy
2008-01-11;22762,75394986082;11391,414286734824;-0,2220414618608335;-0,8068507635496602;0,5848093016888267;strategy
2008-01-14;22900,674554167803;11483,261267303784;0,6059047363547343;0,8062825059037326;-0,20037776954899833;spy
2008-01-15;22720,26038290532;11230,4799121317;-0,7878116028230742;-2,2013028292914294;1,4134912264683552;strategy
2008-01-16;22547,72120820198;11133,756320247016;-0,7594066784250342;-0,8612596491107904;0,10185297068575627;strategy
2008-01-17;22403,251904184675;10845,211495110489;-0,6407268507681918;-2,59162152320328;1,9508946724350884;strategy
2008-01-18;22411,088914782664;10733,858069278638;0,03498157602970231;-1,0267519990924456;1,061733575122148;strategy
2008-01-22;22402,72342326328;10624,942949104649;-0,037327465663061776;-1,0146875379852038;0,9773600723221421;strategy
2008-01-23;22365,898568964898;10880,162609934594;-0,16437668582803822;2,4020802940071473;-2,5664569798351855;spy
2008-01-24;22453,47100498206;10972,009590503556;0,3915444566071624;0,84416918994481;-0,45262473333764763;spy
2008-01-25;22448,87959536479;10813,512281321438;-0,020448551657126224;-1,4445604323869654;1,4241118807298392;strategy
2008-01-28;22467,16787935993;10992,329631143639;0,08146635522476853;1,6536472625187537;-1,5721809072939852;spy
2008-01-29;22467,16787935993;11046,787191230631;0,0;0,49541418347482935;-0,49541418347482935;spy
2008-01-30;22467,16787935993;10965,507028670307;0,0;-0,7357810117393004;0,7357810117393004;strategy
2008-01-31;22467,16787935993;11165,455534036068;0,0;1,823431464162839;-1,823431464162839;spy
2008-02-01;22467,16787935993;11345,085238998603;0,0;1,6087987132720638;-1,6087987132720638;spy
2008-02-04;22467,16787935993;11202,032599377699;0,0;-1,26092168200872;1,26092168200872;strategy
2008-02-05;22467,16787935993;10902,108601092203;0,0;-2,677406940434701;2,677406940434701;strategy
2008-02-06;22467,16787935993;10814,32587669863;0,0;-0,8051903315729136;0,8051903315729136;strategy
2008-02-07;22467,16787935993;10885,851576390653;0,0;0,6613976729343607;-0,6613976729343607;spy
2008-02-08;22467,16787935993;10815,951827216155;0,0;-0,6421155817161517;0,6421155817161517;strategy
2008-02-11;22467,16787935993;10871,221742443484;0,0;0,5110037110950705;-0,5110037110950705;spy
2008-02-12;22467,16787935993;10972,009590503556;0,0;0,927106910776887;-0,927106910776887;spy
2008-02-13;22467,16787935993;11084,175371475743;0,0;1,0222902199180428;-1,0222902199180428;spy
2008-02-14;22467,16787935993;10986,639424450725;0,0;-0,8799567289057841;0,8799567289057841;strategy
2008-02-15;22467,16787935993;10984,201118792862;0,0;-0,022193371090672986;0,022193371090672986;strategy
2008-02-19;22467,16787935993;11015,08797744158;0,0;0,28119349158559626;-0,28119349158559626;spy
2008-02-20;22467,16787935993;11047,599546370968;0,0;0,295154872988479;-0,295154872988479;spy
2008-02-21;22467,16787935993;10955,752565802006;0,0;-0,8313749985546237;0,8313749985546237;strategy
2008-02-22;22467,16787935993;11023,215249555498;0,0;0,615774072555042;-0,615774072555042;spy
2008-02-25;22467,16787935993;11162,204873237872;0,0;1,260880972890166;-1,260880972890166;spy
2008-02-26;22467,16787935993;11245,923341456059;0,0;0,7500173054421078;-0,7500173054421078;spy
2008-02-27;22467,16787935993;11234,544168307086;0,0;-0,10118487209516136;0,10118487209516136;strategy
2008-02-28;22467,16787935993;11124,815452755905;0,0;-0,976708212699251;0,976708212699251;strategy
2008-02-29;22467,16787935993;10876,911949136398;0,0;-2,228383065519479;2,228383065519479;strategy
2008-03-03;22467,16787935993;10850,901701803405;0,0;-0,23913264587067662;0,23913264587067662;strategy
2008-03-04;22467,16787935993;10809,449265382907;0,0;-0,38201835718046917;0,38201835718046917;strategy
2008-03-05;22467,16787935993;10877,724304276735;0,0;0,6316236583160384;-0,6316236583160384;spy
2008-03-06;22467,16787935993;10652,577906718312;0,0;-2,069793196265357;2,069793196265357;strategy
2008-03-07;22467,16787935993;10542,850431403987;0,0;-1,0300556003924877;1,0300556003924877;strategy
2008-03-10;22467,16787935993;10403,860807721614;0,0;-1,318330603157991;1,318330603157991;strategy
2008-03-11;22467,16787935993;10777,750051593854;0,0;3,5937547683716042;-3,5937547683716042;spy
2008-03-12;22467,16787935993;10676,962203533782;0,0;-0,9351473876977434;0,9351473876977434;strategy
2008-03-13;22467,16787935993;10700,53290497206;0,0;0,22076224481226703;-0,22076224481226703;spy
2008-03-14;22467,16787935993;10534,721919053214;0,0;-1,5495582079075865;1,5495582079075865;strategy
2008-03-17;22467,16787935993;10428,245104537084;0,0;-1,0107225927203256;1,0107225927203256;strategy
2008-03-18;22467,16787935993;10861,468519812039;0,0;4,154327127260071;-4,154327127260071;spy
2008-03-19;22467,16787935993;10592,43138017526;0,0;-2,476986782643964;2,476986782643964;strategy
2008-03-20;22467,16787935993;10735,484019796164;0,0;1,3505175014741244;-1,3505175014741244;spy
2008-03-24;22467,16787935993;10950,06359934595;0,0;1,9987881231447124;-1,9987881231447124;spy
2008-03-25;22467,16787935993;10960,630417354585;0,0;0,09650006059569449;-0,09650006059569449;spy
2008-03-26;22467,16787935993;10826,517404987935;0,0;-1,223588491354488;1,223588491354488;strategy
2008-03-27;22467,16787935993;10792,37988554102;0,0;-0,3153139478738298;0,3153139478738298;strategy
2008-03-28;22467,16787935993;10689,15373182309;0,0;-0,9564725742857494;0,9564725742857494;strategy
2008-03-31;22467,16787935993;10726,543152305056;0,0;0,34978840626693763;-0,34978840626693763;spy
2008-04-01;22467,16787935993;11103,68305697549;0,0;3,5159500998174664;-3,5159500998174664;spy
2008-04-02;22467,16787935993;11110,997973949074;0,0;0,06587829404036682;-0,06587829404036682;spy
2008-04-03;22467,16787935993;11138,632931562737;0,0;0,24871715104670677;-0,24871715104670677;spy
2008-04-04;22467,16787935993;11126,441403273431;0,0;-0,10945264436140745;0,10945264436140745;strategy
2008-04-07;22467,16787935993;11132,131609966345;0,0;0,051141299240931026;-0,051141299240931026;spy
2008-04-08;22467,16787935993;11120,752436817374;0,0;-0,10221917551517246;0,10221917551517246;strategy
2008-04-09;22467,16787935993;11040,284629397383;0,0;-0,7235824003561708;0,7235824003561708;strategy
2008-04-10;22467,16787935993;11055,728058721743;0,0;0,1398825287822536;-0,1398825287822536;spy
2008-04-11;22467,16787935993;10841,148479171958;0,0;-1,9408905357481743;1,9408905357481743;strategy
2008-04-14;22467,16787935993;10804,571413830328;0,0;-0,3373910560481752;0,3373910560481752;strategy
2008-04-15;22467,16787935993;10829,769306022987;0,0;0,23321510153011538;-0,23321510153011538;spy
2008-04-16;22467,16787935993;11123,190742475235;0,0;2,709396923986751;-2,709396923986751;spy
2008-04-17;22467,16787935993;11139,44652693993;0,0;0,14614317816756817;-0,14614317816756817;spy
2008-04-18;22467,16787935993;11255,676564087502;0,0;1,0434094446836184;-1,0434094446836184;spy
2008-04-21;22467,16787935993;11261,366770780416;0,0;0,05055410628154178;-0,05055410628154178;spy
2008-04-22;22467,16787935993;11211,785822009144;0,0;-0,44027470004722735;0,44027470004722735;strategy
2008-04-23;22467,16787935993;11193,904087026925;0,0;-0,15949051530324;0,15949051530324;strategy
2008-04-24;22467,16787935993;11242,67268065786;0,0;0,43567099781973706;-0,43567099781973706;spy
2008-04-25;22467,16787935993;11346,71118951613;0,0;0,9253894675530283;-0,9253894675530283;spy
2008-04-28;22467,16787935993;11349,149495173991;0,0;0,02148909597798898;-0,02148909597798898;spy
2008-04-29;22467,16787935993;11304,44515771844;0,0;-0,3939003312500189;0,3939003312500189;strategy
2008-04-30;22467,16787935993;11237,794829105283;0,0;-0,5895939843420739;0,5895939843420739;strategy
2008-05-01;22467,16787935993;11470,256143637287;0,0;2,068566992609089;-2,068566992609089;spy
2008-05-02;22467,16787935993;11501,95535742634;0,0;0,27636012127449927;-0,27636012127449927;spy
2008-05-05;22467,16787935993;11446,68544219901;0,0;-0,4805262541002997;0,4805262541002997;strategy
2008-05-06;22467,16787935993;11545,847339741555;0,0;0,8662935488467083;-0,8662935488467083;spy
2008-05-07;22467,16787935993;11340,20862768288;0,0;-1,781062108372533;1,781062108372533;strategy
2008-05-08;22467,16787935993;11310,94771955169;0,0;-0,2580279524995621;0,2580279524995621;strategy
2008-05-09;22467,16787935993;11289,814083534417;0,0;-0,18684231013412766;0,18684231013412766;strategy
2008-05-12;22467,16787935993;11416,612178927484;0,0;1,1231194283171986;-1,1231194283171986;spy
2008-05-13;22467,16787935993;11418,236889208154;0,0;0,014231106874840194;-0,014231106874840194;spy
2008-05-14;22467,16787935993;11441,808830883287;0,0;0,20644116866599393;-0,20644116866599393;spy
2008-05-15;22467,16787935993;11584,861470504191;0,0;1,2502624518142769;-1,2502624518142769;spy
2008-05-16;22467,16787935993;11595,428288512829;0,0;0,09121229490349769;-0,09121229490349769;spy
2008-05-19;22467,16787935993;11627,127502301879;0,0;0,27337682576549227;-0,27337682576549227;spy
2008-05-20;22467,16787935993;11532,842216075056;0,0;-0,8109078205958964;0,8109078205958964;strategy
2008-05-21;22467,16787935993;11337,770322025019;0,0;-1,6914468298034668;1,6914468298034668;strategy
2008-05-22;22467,16787935993;11339,39503230569;0,0;0,014330068739498714;-0,014330068739498714;spy
2008-05-23;22467,16787935993;11187,401525193676;0,0;-1,340402258488993;1,340402258488993;strategy
2008-05-27;22467,16787935993;11270,307638271526;0,0;0,741066751659436;-0,741066751659436;spy
2008-05-28;22467,16787935993;11322,326892700661;0,0;0,46156019958576433;-0,46156019958576433;spy
2008-05-29;22467,16787935993;11379,222758445518;0,0;0,5025103610242665;-0,5025103610242665;spy
2008-05-30;22467,16787935993;11407,671311436374;0,0;0,25000435965401024;-0,25000435965401024;spy
2008-06-02;22440,20727790471;11289,814083534417;-0,11999999999996458;-1,0331401097067316;0,9131401097067671;strategy
2008-06-03;22455,472399093444;11223,97735029845;0,068025758406276;-0,5831516156850292;0,6511773740913052;strategy
2008-06-04;22365,01419769599;11218,288383842391;-0,4028336602756366;-0,05068583335930965;-0,35214782691632696;spy
2008-06-05;22779,51219437541;11442,621186023624;1,8533321419582194;1,999706145050939;-0,14637400309271964;spy
2008-06-06;22507,868661289707;11077,672809642494;-1,1924905624308146;-3,1893774201569247;1,99688685772611;strategy
2008-06-09;22685,12933913114;11104,495412115824;0,7875498142847048;0,24213210603207802;0,5454177082526268;strategy
2008-06-10;22597,91489092691;11049,225496888494;-0,38445647322710164;-0,49772558928726784;0,11326911606016621;strategy
2008-06-11;22466,00211588022;10886,665171767845;-0,5837387019262286;-1,4712372841555799;0,8874985822293513;strategy
2008-06-12;22455,749319301314;10928,11760818834;-0,045636942995108676;0,38076339968637907;-0,42640034268148774;spy
2008-06-13;22691,67961981481;11066,293636493523;1,0506454144939559;1,264408320437993;-0,21376290594403713;spy
2008-06-16;22778,03833609697;11072,79619832677;0,38057436791392174;0,05876006951237578;0,32181429840154596;strategy
2008-06-17;22872,62321139624;11019,152233616967;0,415245921986962;-0,48446628790936863;0,8997122098963306;strategy
2008-06-18;22824,687370727566;10911,861823723648;-0,2095773634079201;-0,9736720903628204;0,7640947269549003;strategy
2008-06-19;22806,078224884222;10925,67930253048;-0,08153078086498011;0,12662805880470085;-0,20815883966968096;spy
2008-06-20;22708,91072775496;10694,843938516002;-0,4260596502876246;-2,1127781405867796;1,686718490299155;strategy
2008-06-23;22824,633861209375;10684,277120507366;0,509593502047534;-0,09880291913920702;0,608396421186741;strategy
2008-06-24;22649,79180970629;10663,14472472695;-0,7660234664277787;-0,1977896636530918;-0,5682338027746869;spy
2008-06-25;22675,35178477258;10713,538028638557;0,1128486092986325;0,4725932659879417;-0,3597446566893092;spy
2008-06-26;22394,740670619238;10422,554897844171;-1,237516034224373;-2,716032089647258;1,478516055422885;strategy
2008-06-27;22430,672334968487;10365,659032099315;0,16044688740866064;-0,5458917348242998;0,7063386222329604;strategy
2008-06-30;22472,06806036865;10402,235477322516;0,18454964158889364;0,35286174385955604;-0,1683121022706624;spy
2008-07-01;22465,826891650635;10434,747666370333;-0,02777300558741702;0,31255001983656605;-0,34032302542398307;spy
2008-07-02;22215,86114326996;10255,930936666562;-1,1126487780139138;-1,713666064777697;0,6010172867637831;strategy
2008-07-03;22186,45614885912;10266,497134556772;-0,13236036281109032;0,10302524417782344;-0,23538560698891375;spy
2008-07-07;22152,72422555207;10161,64565043974;-0,1520383565573935;-1,0212975540031533;0,8692591974457597;strategy
2008-07-08;22169,71193022356;10342,087710542606;0,07668449486630813;1,7757169095446557;-1,6990324146783475;spy
2008-07-09;22153,97468147083;10142,951560317184;-0,0709853551650097;-1,9254927612190387;1,854507406054029;strategy
2008-07-10;22191,41417334541;10184,404616856109;0,1689967259278946;0,40868830233897757;-0,23969157641108296;spy
2008-07-11;22223,965178978564;10065,735033813819;0,14668288095065485;-1,1652088414268347;1,3118917223774895;strategy
2008-07-14;22273,839962898455;9974,701648622047;0,22441892577778066;-0,9043888487622942;1,1288077745400749;strategy
2008-07-15;22240,502945243046;9834,086694540576;-0,14966892871161042;-1,4097158896065443;1,2600469608949338;strategy
2008-07-16;22301,972876833057;10075,48887656369;0,27638732694736934;2,454749378578591;-2,178362051631222;spy
2008-07-17;22293,37352334;10176,276104505336;-0,03855871200519889;1,0003209688026482;-1,038879680807847;spy
2008-07-18;22262,567054913885;10239,675152201866;-0,13818666068580177;0,6230083288371269;-0,7611949895229286;spy
2008-07-21;22289,12880717346;10245,364738776352;0,11931127346660464;0,05556413157563611;0,06374714189096853;strategy
2008-07-22;22315,02482594985;10361,595396042356;0,11618228330241287;1,134470662875442;-1,018288379573029;spy
2008-07-23;22239,28146416598;10417,67828652845;-0,339427638439338;0,5412572904315072;-0,8806849288708452;spy
2008-07-24;22198,496068016913;10201,473376579566;-0,18339349773859315;-2,0753655853288033;1,8919720875902102;strategy
2008-07-25;22229,197906029847;10199,035070921705;0,138305937117833;-0,02390150488907894;0,16220744200691195;strategy
2008-07-28;22190,191095443646;10049,479249349124;-0,1754755648453732;-1,4663722649506106;1,2908967001052374;strategy
2008-07-29;22306,857814899686;10264,058828898907;0,5257580655986027;2,135230833614399;-1,609472768015796;spy
2008-07-30;22422,507060079013;10446,939194659639;0,5184470450252388;1,7817548477588874;-1,2633078027336486;spy
2008-07-31;22323,403400744257;10308,763166354458;-0,4419829552030796;-1,3226460471389978;0,8806630919359182;strategy
2008-08-01;22280,509791127457;10254,305606267462;-0,19214637144159274;-0,5282647317452538;0,33611836030366105;strategy
2008-08-04;22196,833712507516;10159,207344781875;-0,37555728932765486;-0,9273983547697595;0,5518410654421047;strategy
2008-08-05;22283,645405752723;10433,121715852807;0,3910994440449844;2,6962179407788556;-2,305118496733871;spy
2008-08-06;22284,601836349946;10479,450763589026;0,004292074208711583;0,4440573875968745;-0,43976531338816294;spy
2008-08-07;22236,434171032273;10323,393620420055;-0,21614774933561565;-1,4891729222221595;1,2730251728865438;strategy
2008-08-08;22314,375470403767;10515,214233553466;0,3505116817382081;1,8581158501404405;-1,5076041684022323;spy
2008-08-11;22275,593884839127;10624,130593964313;-0,1737964193354924;1,0357978258141554;-1,2095942451496478;spy
2008-08-12;22238,282111295288;10513,589523272798;-0,16750069038219406;-1,0404716857896568;0,8729709954074627;strategy
2008-08-13;22251,559044868223;10450,191095694692;0,05970305397910991;-0,6030141032020264;0,6627171571811363;strategy
2008-08-14;22269,300426668404;10529,0317123603;0,0797309607133867;0,7544418656429075;-0,6747109049295208;spy
2008-08-15;22282,681957407018;10580,238611649098;0,060089587379175136;0,4863400613437596;-0,4262504739645845;spy
2008-08-18;22224,165222502506;10435,560021510668;-0,2626108249283665;-1,3674416565533365;1,10483083162497;strategy
2008-08-19;22178,492127256704;10321,767669902527;-0,2055109597527527;-1,090428797051446;0,8849178372986932;strategy
2008-08-20;22207,333940718574;10369,723288274701;0,13004406835406268;0,46460664399576856;-0,3345625756417059;spy
2008-08-21;22199,718263482002;10387,605023256921;-0,034293523287853844;0,17244177578430442;-0,20673529907215826;spy
2008-08-22;22247,04053773491;10537,972579851408;0,21316610279127346;1,4475671365808296;-1,2344010337895561;spy
2008-08-25;22166,148865503776;10324,205975560388;-0,36360644056869784;-2,028536349579635;1,664929909010937;strategy
2008-08-26;22192,756647181854;10354,279858950344;0,12003790933430292;0,29129487983043933;-0,17125697049613642;spy
2008-08-27;22216,17374271749;10455,067707010414;0,10551684005695172;0,9733931227766446;-0,8678762827196929;spy
2008-08-28;22277,28489686244;10581,864562166626;0,27507506401718285;1,2127789002379208;-0,9377038362207379;spy
2008-08-29;22256,026478933738;10468,071590440055;-0,09542643112534499;-1,0753584215528078;0,9799319904274628;strategy
2008-09-02;22190,248878704242;10403,047832462851;-0,2955496134575353;-0,6211627176545775;0,32561310419704226;strategy
2008-09-03;22150,82923944948;10394,106964971741;-0,17764397087314254;-0,08594469270063465;-0,09169927817250789;spy
2008-09-04;21960,535841860496;10081,178463138176;-0,8590802426939437;-3,010633841734911;2,1515535990409673;strategy
2008-09-05;21965,041830400092;10112,87767692723;0,02051857282556746;0,3144395658202237;-0,29392099299465624;spy
2008-09-08;22026,846103399104;10321,767669902527;0,28137562166383745;2,0655840963238914;-1,784208474660054;spy
2008-09-09;21898,983238756213;10015,34172990221;-0,5804864847317348;-2,9687351023587882;2,3882486176270534;strategy
2008-09-10;21912,681238581332;10055,981811182373;0,06255084848358905;0,4057782787264097;-0,34322743024282065;spy
2008-09-11;21961,82003592489;10201,473376579566;0,22424821868463063;1,4468161153136094;-1,2225678966289788;spy
2008-09-12;21942,071885002828;10248,61539957455;-0,08992037494961469;0,46210994485573753;-0,5520303198053522;spy
2008-09-15;21836,6934316942;9760,934424212599;-0,48025753384143277;-4,758505967373861;4,278248433532427;strategy
2008-09-16;21891,392250846005;9924,307724592012;0,25049039280102825;1,6737465213797043;-1,423256128578676;spy
2008-09-17;21778,65566107574;9478,079805768986;-0,5149813610685672;-4,496312802930246;3,981331441861679;strategy
2008-09-18;21844,538924152697;9759,3090938135;0,30251299300676493;2,967154674867145;-2,66464168186038;spy
2008-09-19;21903,310457800995;10088,494000230188;0,2690445142942144;3,373034947989928;-3,1039904336957136;spy
2008-09-22;21808,9549717808;9860,096321755145;-0,4307818500859928;-2,263942254114748;1,8331604040287552;strategy
2008-09-23;21814,636420834802;9635,763519573913;0,02605099172039438;-2,2751583236186868;2,301209315339081;strategy
2008-09-24;21785,279489923334;9666,649758104204;-0,13457446800915207;0,3205375315360248;-0,4551119995451769;spy
2008-09-25;21814,42320877672;9817,830910075883;0,13377711709812168;1,563945687024959;-1,4301685699268374;spy
2008-09-26;21838,001128083895;9822,707521391605;0,10808408309272988;0,049670964598869105;0,05841311849386077;strategy
2008-09-29;21720,427988198535;9052,984282726376;-0,5383878276943532;-7,836161638620998;7,297773810926644;strategy
2008-09-30;21720,427988198535;9427,68588173895;0,0;4,138984309599714;-4,138984309599714;spy
2008-10-01;21720,427988198535;9433,375468313438;0,0;0,06034976818127813;-0,06034976818127813;spy
2008-10-02;21720,427988198535;9091,18605834868;0,0;-3,627433373283684;3,627433373283684;strategy
2008-10-03;21720,427988198535;8968,452839249429;0,0;-1,3500242796872675;1,3500242796872675;strategy
2008-10-06;21720,427988198535;8511,658722536195;0,0;-5,093343577769915;5,093343577769915;strategy
2008-10-07;21720,427988198535;8130,454561690373;0,0;-4,478611904827812;4,478611904827812;strategy
2008-10-08;21720,427988198535;7925,628824890464;0,0;-2,5192409015483697;2,5192409015483697;strategy
2008-10-09;21720,427988198535;7372,1104961741175;0,0;-6,983904254739004;6,983904254739004;strategy
2008-10-10;21720,427988198535;7193,294386588774;0,0;-2,4255755482523456;2,4255755482523456;strategy
2008-10-13;21720,427988198535;8237,744351465266;0,0;14,519772287142473;-14,519772287142473;spy
2008-10-14;21720,427988198535;8115,824107624777;0,0;-1,4800197558789585;1,4800197558789585;strategy
2008-10-15;21720,427988198535;7316,83996082836;0,0;-9,844769134976394;9,844769134976394;strategy
2008-10-16;21720,427988198535;7621,6405704295785;0,0;4,165741101800879;-4,165741101800879;spy
2008-10-17;21720,427988198535;7576,123877833694;0,0;-0,597203347170161;0,597203347170161;strategy
2008-10-20;21720,427988198535;8031,29266414783;0,0;6,0079374843100775;-6,0079374843100775;spy
2008-10-21;21720,427988198535;7791,51643264224;0,0;-2,9855247658445494;2,9855247658445494;strategy
2008-10-22;21720,427988198535;7367,233884858395;0,0;-5,4454425072676615;5,4454425072676615;strategy
2008-10-23;21720,427988198535;7452,578303594106;0,0;1,158432324391323;-1,158432324391323;spy
2008-10-24;21720,427988198535;7074,62542366491;0,0;-5,0714378907890545;5,0714378907890545;strategy
2008-10-27;21720,427988198535;6823,4693988919225;0,0;-3,550096432425387;3,550096432425387;strategy
2008-10-28;21720,427988198535;7620,828215289243;0,0;11,685533704112538;-11,685533704112538;spy
2008-10-29;21720,427988198535;7565,557679943484;0,0;-0,7252562816581154;0,7252562816581154;strategy
2008-10-30;21720,427988198535;7827,279902606679;0,0;3,4593910156422103;-3,4593910156422103;spy
2008-10-31;21720,427988198535;7870,358289544703;0,0;0,5503621625141841;-0,5503621625141841;spy
2008-11-03;21720,427988198535;7893,116635842646;0,0;0,2891653144708295;-0,2891653144708295;spy
2008-11-04;21720,427988198535;8161,341420339091;0,0;3,3982113387053703;-3,3982113387053703;spy
2008-11-05;21720,427988198535;7818,3390351155695;0,0;-4,202769710978105;4,202769710978105;strategy
2008-11-06;21720,427988198535;7385,115619840614;0,0;-5,541118303122438;5,541118303122438;strategy
2008-11-07;21720,427988198535;7628,956107521591;0,0;3,3017829406202237;-3,3017829406202237;spy
2008-11-10;21720,427988198535;7528,9812347202815;0,0;-1,3104659588058398;1,3104659588058398;strategy
2008-11-11;21720,427988198535;7296,519920188278;0,0;-3,087553379200847;3,087553379200847;strategy
2008-11-12;21720,427988198535;6975,463526122365;0,0;-4,400130439959504;4,400130439959504;strategy
2008-11-13;21720,427988198535;7410,31227179642;0,0;6,2339763378532975;-6,2339763378532975;spy
2008-11-14;21720,427988198535;7040,4879042179955;0,0;-4,990671836947714;4,990671836947714;strategy
2008-11-17;21720,427988198535;6947,0155932499365;0,0;-1,3276396783816535;1,3276396783816535;strategy
2008-11-18;21720,427988198535;7077,876704581534;0,0;1,8837025709104172;-1,8837025709104172;spy
2008-11-19;21720,427988198535;6624,333248666498;0,0;-6,407902748877447;6,407902748877447;strategy
2008-11-20;21720,427988198535;6132,588017129159;0,0;-7,423316627923704;7,423316627923704;strategy
2008-11-21;21720,427988198535;6463,398253944945;0,0;5,3943006752090294;-5,3943006752090294;spy
2008-11-24;21720,427988198535;6911,252123285496;0,0;6,929077425597319;-6,929077425597319;spy
2008-11-25;21720,427988198535;6962,459022574296;0,0;0,7409207242819793;-0,7409207242819793;spy
2008-11-26;21720,427988198535;7231,496162211074;0,0;3,8641109235182824;-3,8641109235182824;spy
2008-11-28;21720,427988198535;7322,529547402845;0,0;1,2588457927624308;-1,2588457927624308;spy
2008-12-01;21720,427988198535;6673,91419743777;0,0;-8,857804475437403;8,857804475437403;strategy
2008-12-02;21720,427988198535;6930,759188666815;0,0;3,848491059828918;-3,848491059828918;spy
2008-12-03;21720,427988198535;7097,383769962853;0,0;2,404131737378812;-2,404131737378812;spy
2008-12-04;21720,427988198535;6933,198114443105;0,0;-2,3133264431128175;2,3133264431128175;strategy
2008-12-05;21720,427988198535;7146,964718734124;0,0;3,0832323087047753;-3,0832323087047753;spy
2008-12-08;21720,427988198535;7396,494792989586;0,0;3,4914132652897445;-3,4914132652897445;spy
2008-12-09;21720,427988198535;7274,574549149099;0,0;-1,6483516483516425;1,6483516483516425;strategy
2008-12-10;21720,427988198535;7324,15549792037;0,0;0,6815649277670977;-0,6815649277670977;spy
2008-12-11;21720,427988198535;7147,777693992888;0,0;-2,408165746584201;2,408165746584201;strategy
2008-12-12;21720,427988198535;7233,121492610173;0,0;1,1939906677429057;-1,1939906677429057;spy
2008-12-15;21720,427988198535;7132,33426466853;0,0;-1,3934126233689614;1,3934126233689614;strategy
2008-12-16;21720,427988198535;7468,021112800037;0,0;4,706549576544683;-4,706549576544683;spy
2008-12-17;21720,427988198535;7395,681817730821;0,0;-0,9686541317515562;0,9686541317515562;strategy
2008-12-18;21720,427988198535;7257,5057894256415;0,0;-1,8683338698253449;1,8683338698253449;strategy
2008-12-19;21720,427988198535;7168,097734632969;0,0;-1,2319391453044615;1,2319391453044615;strategy
2008-12-22;21720,427988198535;7076,250754064008;0,0;-1,2813299144234347;1,2813299144234347;strategy
2008-12-23;21720,427988198535;7003,099103854458;0,0;-1,033762832210794;1,033762832210794;strategy
2008-12-24;21720,427988198535;7043,73918513462;0,0;0,5803156670707965;-0,5803156670707965;spy
2008-12-26;21720,427988198535;7084,379266414783;0,0;0,5769674346536302;-0,5769674346536302;spy
2008-12-29;21720,427988198535;7064,059225774701;0,0;-0,2868288085085213;0,2868288085085213;strategy
2008-12-30;21720,427988198535;7231,496162211074;0,0;2,370265184434528;-2,370265184434528;spy
2008-12-31;21720,427988198535;7334,721695810577;0,0;1,4274436615056008;-1,4274436615056008;spy
2009-01-02;21720,427988198535;7555,803837193612;0,0;3,0141858212467953;-3,0141858212467953;spy
2009-01-05;21720,427988198535;7546,862969702502;0,0;-0,1183311224558059;0,1183311224558059;strategy
2009-01-06;21720,427988198535;7597,256893732538;0,0;0,6677466416489475;-0,6677466416489475;spy
2009-01-07;21720,427988198535;7369,672190516258;0,0;-2,9956167916873944;2,9956167916873944;strategy
2009-01-08;21720,427988198535;7399,746073906211;0,0;0,4080762700497509;-0,4080762700497509;spy
2009-01-09;21720,427988198535;7241,249384842519;0,0;-2,141920648096285;2,141920648096285;strategy
2009-01-12;21720,427988198535;7067,309886572898;0,0;-2,4020647408403595;2,4020647408403595;strategy
2009-01-13;21720,427988198535;7080,315010239396;0,0;0,18401801923537686;-0,18401801923537686;spy
2009-01-14;21720,427988198535;6857,607538457264;0,0;-3,1454458094033466;3,1454458094033466;strategy
2009-01-15;21720,427988198535;6860,045844115126;0,0;0,03555621467381531;-0,03555621467381531;spy
2009-01-16;21720,427988198535;6913,690428943358;0,0;0,7819858066145491;-0,7819858066145491;spy
2009-01-20;21720,427988198535;6548,742672680657;0,0;-5,278624491702577;5,278624491702577;strategy
2009-01-21;21720,427988198535;6831,597911242698;0,0;4,3192297010237635;-4,3192297010237635;spy
2009-01-22;21720,427988198535;6725,933451866903;0,0;-1,5467019685380445;1,5467019685380445;strategy
2009-01-23;21720,427988198535;6755,194359998095;0,0;0,4350460548055324;-0,4350460548055324;spy
2009-01-26;21720,427988198535;6801,5240278527435;0,0;0,6858376737314487;-0,6858376737314487;spy
2009-01-27;21720,427988198535;6870,612042005334;0,0;1,0157725514115645;-1,0157725514115645;spy
2009-01-28;21720,427988198535;7103,073356537338;0,0;3,3834149433964456;-3,3834149433964456;spy
2009-01-29;21720,427988198535;6872,237992522861;0,0;-3,2497955804162926;3,2497955804162926;strategy
2009-01-30;21720,427988198535;6732,436013700152;0,0;-2,034300601562633;2,034300601562633;strategy
2009-02-02;21720,427988198535;6712,115973060071;0,0;-0,3018230043142056;0,3018230043142056;strategy
2009-02-03;21720,427988198535;6806,400639168466;0,0;1,40469363888851;-1,40469363888851;spy
2009-02-04;21720,427988198535;6773,076094980315;0,0;-0,4896059746524406;0,4896059746524406;strategy
2009-02-05;21720,427988198535;6873,863322921959;0,0;1,48805692610392;-1,48805692610392;spy
2009-02-06;21720,427988198535;7069,748812349187;0,0;2,849714639713863;-2,849714639713863;spy
2009-02-09;21720,427988198535;7079,502034980633;0,0;0,1379571310144545;-0,1379571310144545;spy
2009-02-10;21720,427988198535;6755,194359998095;0,0;-4,580939074246981;4,580939074246981;strategy
2009-02-11;21720,427988198535;6795,021466019494;0,0;0,5895774999049808;-0,5895774999049808;spy
2009-02-12;21720,427988198535;6799,898697453645;0,0;0,07177654196590666;-0,07177654196590666;spy
2009-02-13;21720,427988198535;6726,746427125667;0,0;-1,075784707724703;1,075784707724703;strategy
2009-02-17;21720,427988198535;6439,0145772479045;0,0;-4,2774297053547405;4,2774297053547405;strategy
2009-02-18;21720,427988198535;6423,571147923546;0,0;-0,23984150274992677;0,23984150274992677;strategy
2009-02-19;21720,427988198535;6354,483133770955;0,0;-1,0755390196763748;1,0755390196763748;strategy
2009-02-20;21720,427988198535;6292,710036591949;0,0;-0,9721183592527383;0,9721183592527383;strategy
2009-02-23;21720,427988198535;6067,564259151956;0,0;-3,577882599560056;3,577882599560056;strategy
2009-02-24;21720,427988198535;6297,587268026098;0,0;3,7910271576800936;-3,7910271576800936;spy
2009-02-25;21720,427988198535;6248,006319254826;0,0;-0,7873007020165135;0,7873007020165135;strategy
2009-02-26;21720,427988198535;6146,406116054419;0,0;-1,6261219660950066;1,6261219660950066;strategy
2009-02-27;21720,427988198535;6009,042442889573;0,0;-2,2348616503886976;2,2348616503886976;strategy
2009-03-02;21720,427988198535;5738,379352735268;0,0;-4,504263245379092;4,504263245379092;strategy
2009-03-03;21720,427988198535;5695,300965797244;0,0;-0,7507065024812243;0,7507065024812243;strategy
2009-03-04;21720,427988198535;5830,226333304229;0,0;2,3690647485931082;-2,3690647485931082;spy
2009-03-05;21720,427988198535;5592,075432197739;0,0;-4,0847625373665375;4,0847625373665375;strategy
2009-03-06;21720,427988198535;5601,828654829185;0,0;0,17441149980361725;-0,17441149980361725;spy
2009-03-09;21720,427988198535;5535,991921593219;0,0;-1,1752721707974922;1,1752721707974922;strategy
2009-03-10;21720,427988198535;5865,989183150241;0,0;5,960941891368421;-5,960941891368421;spy
2009-03-11;21720,427988198535;5904,190958772543;0,0;0,6512418354270855;-0,6512418354270855;spy
2009-03-12;21720,427988198535;6136,652273304547;0,0;3,937225542927414;-3,937225542927414;spy
2009-03-13;21720,427988198535;6184,607271558293;0,0;0,7814521031663801;-0,7814521031663801;spy
2009-03-16;21720,427988198535;6165,913181435738;0,0;-0,30226802287876;0,30226802287876;strategy
2009-03-17;21720,427988198535;6354,483133770955;0,0;3,0582647985210265;-3,0582647985210265;spy
2009-03-18;21720,427988198535;6496,723418251524;0,0;2,2384241406611327;-2,2384241406611327;spy
2009-03-19;21720,427988198535;6416,256230949962;0,0;-1,2385810834351085;1,2385810834351085;strategy
2009-03-20;21720,427988198535;6235,001195588329;0,0;-2,824934491975495;2,824934491975495;strategy
2009-03-23;21720,427988198535;6682,85506492888;0,0;7,182899494188333;-7,182899494188333;spy
2009-03-24;21720,427988198535;6551,180978338519;0,0;-1,970326833532221;1,970326833532221;strategy
2009-03-25;21720,427988198535;6620,268992491109;0,0;1,054588697534542;-1,054588697534542;spy
2009-03-26;21720,427988198535;6755,194359998095;0,0;2,0380647321131873;-2,0380647321131873;spy
2009-03-27;21720,427988198535;6633,274116157607;0,0;-1,8048369498064654;1,8048369498064654;strategy
2009-03-30;21720,427988198535;6404,064082542228;0,0;-3,4554584900548524;3,4554584900548524;strategy
2009-03-31;21720,427988198535;6463,398253944945;0,0;0,9265080835850092;-0,9265080835850092;spy
2009-04-01;21720,427988198535;6588,569778702057;0,0;1,9366209513813182;-1,9366209513813182;spy
2009-04-02;21720,427988198535;6781,203987212662;0,0;2,9237636540377254;-2,9237636540377254;spy
2009-04-03;21720,427988198535;6848,666670966155;0,0;0,9948481697454881;-0,9948481697454881;spy
2009-04-06;21720,427988198535;6795,021466019494;0,0;-0,7832941435751417;0,7832941435751417;strategy
2009-04-07;21720,427988198535;6636,525397074232;0,0;-2,3325322773131485;2,3325322773131485;strategy
2009-04-08;21720,427988198535;6708,0517168846845;0,0;1,0777675896785466;-1,0777675896785466;spy
2009-04-09;21720,427988198535;6974,650550863601;0,0;3,9743109509407404;-3,9743109509407404;spy
2009-04-13;21720,427988198535;6976,276501381128;0,0;0,023312286481869116;-0,023312286481869116;spy
2009-04-14;21720,427988198535;6855,981587939737;0,0;-1,7243426836303755;1,7243426836303755;strategy
2009-04-15;21720,427988198535;6929,133858267716;0,0;1,0669846380080727;-1,0669846380080727;spy
2009-04-16;21720,427988198535;7030,7340614681225;0,0;1,4662756598240456;-1,4662756598240456;spy
2009-04-17;21720,427988198535;7077,876704581534;0,0;0,6705223480401035;-0,6705223480401035;spy
2009-04-20;21720,427988198535;6781,203987212662;0,0;-4,19154966597306;4,19154966597306;strategy
2009-04-21;21720,427988198535;6913,690428943358;0,0;1,9537303697179098;-1,9537303697179098;spy
2009-04-22;21720,427988198535;6871,425017264097;0,0;-0,6113292475798726;0,6113292475798726;strategy
2009-04-23;21720,427988198535;6938,88770101759;0,0;0,9817859262670758;-0,9817859262670758;spy
2009-04-24;21720,427988198535;7043,73918513462;0,0;1,5110704861480029;-1,5110704861480029;spy
2009-04-27;21720,427988198535;6977,088856521463;0,0;-0,9462350445033296;0,9462350445033296;strategy
2009-04-28;21720,427988198535;6955,143485482284;0,0;-0,3145347793394815;0,3145347793394815;strategy
2009-04-29;21720,427988198535;7103,073356537338;0,0;2,1269132889038644;-2,1269132889038644;spy
2009-04-30;21720,427988198535;7105,511662195199;0,0;0,03432747397458247;-0,03432747397458247;spy
2009-05-01;21720,427988198535;7143,713437817501;0,0;0,537635816229165;-0,537635816229165;spy
2009-05-04;21720,427988198535;7386,740950239712;0,0;3,401977340463702;-3,401977340463702;spy
2009-05-05;21720,427988198535;7361,544298283909;0,0;-0,3411064788319984;0,3411064788319984;strategy
2009-05-06;21720,427988198535;7489,154128698883;0,0;1,7334654964274554;-1,7334654964274554;spy
2009-05-07;21720,427988198535;7385,115619840614;0,0;-1,3891890468589407;1,3891890468589407;strategy
2009-05-08;21720,427988198535;7557,429787711138;0,0;2,3332629675774985;-2,3332629675774985;spy
2009-05-11;21720,427988198535;7416,001858370903;0,0;-1,8713760274717384;1,8713760274717384;strategy
2009-05-12;21720,427988198535;7394,056487331725;0,0;-0,29591916855316036;0,29591916855316036;strategy
2009-05-13;21720,427988198535;7207,924840654368;0,0;-2,5173143726485936;2,5173143726485936;strategy
2009-05-14;21720,427988198535;7269,697937833376;0,0;0,8570163888307114;-0,8570163888307114;spy
2009-05-15;21720,427988198535;7210,36314631223;0,0;-0,8161933553298417;0,8161933553298417;strategy
2009-05-18;21720,427988198535;7415,189503230569;0,0;2,8407217883761993;-2,8407217883761993;spy
2009-05-19;21720,427988198535;7406,24863573946;0,0;-0,12057503705352746;0,12057503705352746;strategy
2009-05-20;21720,427988198535;7356,667686968188;0,0;-0,6694475328848037;0,6694475328848037;strategy
2009-05-21;21720,427988198535;7251,003227592393;0,0;-1,4363087184564804;1,4363087184564804;strategy
2009-05-22;21720,427988198535;7235,559798268034;0,0;-0,21298334643670147;0,21298334643670147;strategy
2009-05-26;21720,427988198535;7420,879089805054;0,0;2,561229493001771;-2,561229493001771;spy
2009-05-27;21720,427988198535;7288,392027955932;0,0;-1,7853283990455493;1,7853283990455493;strategy
2009-05-28;21720,427988198535;7389,992231156338;0,0;1,3940002515054228;-1,3940002515054228;spy
2009-05-29;21720,427988198535;7520,853342487935;0,0;1,7707882124677221;-1,7707882124677221;spy
2009-06-01;21720,427988198535;7702,920732989903;0,0;2,4208342087114643;-2,4208342087114643;spy
2009-06-02;21720,427988198535;7709,423294823152;0,0;0,08441683432363067;-0,08441683432363067;spy
2009-06-03;21720,427988198535;7611,887347798133;0,0;-1,2651523115939645;1,2651523115939645;strategy
2009-06-04;21720,427988198535;7683,4136676085855;0,0;0,9396660321193906;-0,9396660321193906;spy
2009-06-05;21720,427988198535;7685,03961812611;0,0;0,0211618245205214;-0,0211618245205214;spy
2009-06-08;21720,427988198535;7653,340404337059;0,0;-0,41247951037604036;0,41247951037604036;strategy
2009-06-09;21720,427988198535;7692,354535099695;0,0;0,5097660459546072;-0,5097660459546072;spy
2009-06-10;21720,427988198535;7672,8474697183765;0,0;-0,2535903057029998;0,2535903057029998;strategy
2009-06-11;21720,427988198535;7706,984989165291;0,0;0,4449133073691547;-0,4449133073691547;spy
2009-06-12;21720,427988198535;7728,118005064134;0,0;0,2742060082970399;-0,2742060082970399;spy
2009-06-15;21720,427988198535;7550,927225877889;0,0;-2,29280633486878;2,29280633486878;strategy
2009-06-16;21720,427988198535;7448,514047418719;0,0;-1,3562993708665094;1,3562993708665094;strategy
2009-06-17;21720,427988198535;7441,199130445135;0,0;-0,0982063929398036;0,0982063929398036;strategy
2009-06-18;21720,427988198535;7495,656690532131;0,0;0,7318384998485916;-0,7318384998485916;spy
2009-06-19;21720,427988198535;7481,026236466536;0,0;-0,19518575449265496;0,19518575449265496;strategy
2009-06-22;21720,427988198535;7256,692814166879;0,0;-2,998698510187492;2,998698510187492;strategy
2009-06-23;21720,427988198535;7262,382400741364;0,0;0,07840467717439292;-0,07840467717439292;spy
2009-06-24;21720,427988198535;7324,968473179136;0,0;0,8617843151771165;-0,8617843151771165;spy
2009-06-25;21720,427988198535;7484,277517383159;0,0;2,174876858342034;-2,174876858342034;spy
2009-06-26;21720,427988198535;7464,769831883414;0,0;-0,26064887966054107;0,26064887966054107;strategy
2009-06-29;21720,427988198535;7534,670821294769;0,0;0,9364118517465103;-0,9364118517465103;spy
2009-06-30;21720,427988198535;7473,710699374525;0,0;-0,809061515308096;0,809061515308096;strategy
2009-07-01;21720,427988198535;7504,59755802324;0,0;0,41327340448567007;-0,41327340448567007;spy
2009-07-02;21720,427988198535;7299,7712011049025;0,0;-2,7293449826547356;2,7293449826547356;strategy
2009-07-06;21720,427988198535;7298,958845964567;0,0;-0,01112850140031485;0,01112850140031485;strategy
2009-07-07;21720,427988198535;7157,530916624333;0,0;-1,9376452494786478;1,9376452494786478;strategy
2009-07-08;21720,427988198535;7152,654305308611;0,0;-0,06813259170694863;0,06813259170694863;strategy
2009-07-09;21720,427988198535;7166,471784115443;0,0;0,1931797374378652;-0,1931797374378652;spy
2009-07-10;21720,427988198535;7149,403024391986;0,0;-0,2381752170055318;0,2381752170055318;strategy
2009-07-13;21720,427988198535;7323,342522661608;0,0;2,432923387815511;-2,432923387815511;spy
2009-07-14;21720,427988198535;7364,795579200534;0,0;0,5660401163901874;-0,5660401163901874;spy
2009-07-15;21720,427988198535;7580,188134009081;0,0;2,924623670707893;-2,924623670707893;spy
2009-07-16;21720,427988198535;7567,995985601346;0,0;-0,16084229299052621;0,16084229299052621;strategy
2009-07-17;21720,427988198535;7650,901478560769;0,0;1,0954748538074988;-1,0954748538074988;spy
2009-07-20;21720,427988198535;7732,181641121093;0,0;1,0623605961740168;-1,0623605961740168;spy
2009-07-21;21720,427988198535;7767,945111085534;0,0;0,462527545579694;-0,462527545579694;spy
2009-07-22;21720,427988198535;7766,319780686435;0,0;-0,020923556691720968;0,020923556691720968;strategy
2009-07-23;21720,427988198535;7937,820973298197;0,0;2,208268490801246;-2,208268490801246;spy
2009-07-24;21720,427988198535;7970,332542227586;0,0;0,40957800684537915;-0,40957800684537915;spy
2009-07-27;21720,427988198535;7993,90386378429;0,0;0,29573824469457666;-0,29573824469457666;spy
2009-07-28;21720,427988198535;7956,515063420751;0,0;-0,4677164124142763;0,4677164124142763;strategy
2009-07-29;21720,427988198535;7937,007998039434;0,0;-0,24517097279183053;0,24517097279183053;strategy
2009-07-30;21720,427988198535;8019,913490998858;0,0;1,0445433969564322;-1,0445433969564322;spy
2009-07-31;21720,427988198535;8031,29266414783;0,0;0,1418864824632271;-0,1418864824632271;spy
2009-08-03;21678,724766461186;8163,779725996951;-0,19200000000003659;1,649635586566922;-1,8416355865669587;spy
2009-08-04;21872,23996868704;8184,91212177737;0,8926503025917798;0,2588555361571654;0,6337947664346144;strategy
2009-08-05;21776,592903210127;8161,341420339091;-0,43729890314776476;-0,28797745275193076;-0,149321450395834;spy
2009-08-06;21539,05936400513;8119,075388541402;-1,0907745773673372;-0,517880941634874;-0,5728936357324632;spy
2009-08-07;22168,24253147307;8225,552203057532;2,921126483914138;1,3114401507639872;1,609686333150151;strategy
2009-08-10;21838,432960353428;8208,483443334073;-1,4877569597653073;-0,20750898300924137;-1,280247976756066;spy
2009-08-11;21510,5844999017;8106,070884993333;-1,5012453551356941;-1,2476428690845087;-0,2536024860511854;spy
2009-08-12;21812,06886650683;8193,040634128143;1,4015628752743092;1,0728964793019102;0,328666395972399;strategy
2009-08-13;21904,285773615964;8255,626086447484;0,4227792772593775;0,7638855354706875;-0,34110625821131;spy
2009-08-14;21510,42469141545;8192,22765886938;-1,7981005464917987;-0,7679420908146439;-1,0301584556771548;spy
2009-08-17;20833,2558547909;7990,652582867667;-3,1480960805706504;-2,4605648719182804;-0,6875312086523699;spy
2009-08-18;21256,15594523497;8054,051010445771;2,02992798337287;0,7934073834474198;1,2365205999254503;strategy
2009-08-19;21600,528424276745;8124,764975115888;1,6201070406569595;0,8779925105813602;0,7421145300755994;strategy
2009-08-20;21955,768612224485;8208,483443334073;1,6445902663588807;1,0304109531118044;0,6141793132470763;strategy
2009-08-21;22376,47354688096;8369,418438055625;1,9161476060657545;1,9605935229392912;-0,04444591687353672;spy
2009-08-24;22334,88848563203;8368,605462796862;-0,18584278332243187;-0,009713640974939874;-0,176129142347492;spy
2009-08-25;22410,071109460834;8384,861867379985;0,3366151744037982;0,19425464201163756;0,14236053239216062;strategy
2009-08-26;22456,28638330144;8385,674222520322;0,2062254671788999;0,009688354479608918;0,19653711269929097;strategy
2009-08-27;22440,913292266396;8404,368932761303;-0,06845785083359202;0,22293628091079043;-0,29139413174438245;spy
2009-08-28;22387,804216525205;8402,742982243775;-0,2366618285517541;-0,019346491456240233;-0,21731533709551387;spy
2009-08-31;22160,343397943703;8327,9653815167;-1,0160032506162597;-0,8899189334374613;-0,12608431717879842;spy
2009-09-01;21092,660561144938;8144,272040497207;-4,817988681970686;-2,205740929557498;-2,6122477524131877;spy
2009-09-02;20978,458447121266;8113,385801966917;-0,5414305781511808;-0,37923878741659145;-0,16219179073458934;spy
2009-09-03;21437,697327287588;8180,8484857204085;2,1890973606277564;0,831498530947905;1,3575988296798513;strategy
2009-09-04;21869,22073515414;8295,453192468885;2,0129186510963404;1,4008902248772603;0,61202842621908;strategy
2009-09-08;22178,30419317364;8366,980132397763;1,413326344649568;0,8622427041576675;0,5510836404919006;strategy
2009-09-09;22505,453029217675;8431,191535234633;1,4750849893416573;0,7674382133195046;0,7076467760221528;strategy
2009-09-10;22855,830793953883;8517,348309110681;1,5568571949266197;1,0218813499372148;0,5349758449894049;strategy
2009-09-11;22743,113832025476;8515,722358593155;-0,49316501747214136;-0,019089867626831403;-0,47407514984530996;spy
2009-09-14;22841,386174029194;8557,17541513208;0,432097129397202;0,4867826215247062;-0,054685492127504176;spy
2009-09-15;22956,97954913467;8592,93888509652;0,506069877829507;0,4179354545098768;0,08813442331963017;strategy
2009-09-16;23342,70397712023;8722,987021169354;1,6802054780769238;1,5134302455983573;0,16677523247856652;strategy
2009-09-17;22930,2894918673;8709,982517621285;-1,7667811135212208;-0,1490831468224041;-1,6176979666988167;spy
2009-09-18;22892,38869108075;8674,219047656845;-0,16528705754017547;-0,41060323476065363;0,24531617722047816;strategy
2009-09-21;22796,51493259857;8652,27305649924;-0,4188018986394981;-0,2530025012860704;-0,16579939735342775;spy
2009-09-22;23039,78859431124;8702,666980529273;1,0671528627597127;0,5824356640268036;0,4847171987329091;strategy
2009-09-23;22854,727141814445;8630,327685460059;-0,8032254798661209;-0,8312313366817481;0,028005856815627173;strategy
2009-09-24;22406,106171976193;8535,230044092901;-1,962924199683247;-1,1019007021873972;-0,8610234974958497;spy
2009-09-25;22070,412328229177;8489,71273137859;-1,498224819477445;-0,5332874741415305;-0,9649373453359145;spy
2009-09-28;22644,62170221814;8641,70685860903;2,6017156609916325;1,7903329834549009;0,8113826775367317;strategy
2009-09-29;22476,668349089454;8615,697231394463;-0,7416920244343705;-0,3009778929107809;-0,4407141315235896;spy
2009-09-30;22280,572196448145;8582,372067087885;-0,8724431468031701;-0,3867959076503391;-0,48564723915283103;spy
2009-10-01;21253,254149076405;8369,418438055625;-4,610824346492814;-2,48129103897633;-2,129533307516484;spy
2009-10-02;21122,71040927945;8330,40368717456;-0,6142294204985466;-0,46615844541439966;-0,1480709750841469;spy
2009-10-05;21677,22489754058;8454,762236672912;2,6252051820846;1,4928274087102622;1,1323777733743379;strategy
2009-10-06;21941,599628140488;8575,870125373063;1,2195967511962502;1,4324221700149131;-0,2128254188186629;spy
2009-10-07;21912,07286498928;8599,441446929768;-0,13456978366034322;0,2748563260883019;-0,40942610974864513;spy
2009-10-08;22027,216968112814;8665,278180165735;0,5254824764092003;0,76559313348743;-0,24011065707822965;spy
2009-10-09;22159,25287838966;8718,110409853633;0,5994216630633931;0,6097003303232373;-0,010278667259844276;spy
2009-10-12;22269,68230465919;8752,247929300545;0,4983445374966644;0,3915701664930715;0,10677437100359288;strategy
2009-10-13;22178,43600014442;8734,366194318325;-0,4097333013847293;-0,2043101969535832;-0,2054231044311461;spy
2009-10-14;22487,635434025513;8884,734371031243;1,3941444467909347;1,7215694117648894;-0,3274249649739547;spy
2009-10-15;22501,191320321544;8917,246560079057;0,06028151041403973;0,36593315781976443;-0,3056516474057247;spy
2009-10-16;22110,840566190654;8850,596851584329;-1,7348003871170636;-0,7474247576949034;-0,9873756294221603;spy
2009-10-19;22528,31606083997;8923,749121912306;1,8881032288192268;0,8265235842810137;1,061579644538213;strategy
2009-10-20;22497,333243069123;8876,606478798894;-0,1375283340626754;-0,5282829276055279;0,39075459354285247;strategy
2009-10-21;22343,267084341373;8796,952266756096;-0,6848196497921122;-0,8973498175574912;0,21253016776537903;strategy
2009-10-22;22591,738928854014;8886,360321548767;1,1120658566838415;1,0163526194241879;0,09571323725965364;strategy
2009-10-23;22237,705611366113;8784,76011834836;-1,5670919295005303;-1,143327521325399;-0,4237644081751313;spy
2009-10-26;21982,72816229212;8689,662476981204;-1,1465996246648347;-1,0825297456731886;-0,06406987899164607;spy
2009-10-27;21865,21014193911;8649,834750841377;-0,5345925195699319;-0,45833455839430215;-0,07625796117562977;spy
2009-10-28;21209,48750947191;8486,462070580392;-2,9989313078197966;-1,8887375882538526;-1,110193719565944;spy
2009-10-29;21591,576856780564;8668,529461082358;1,8015020265719217;2,145386251511461;-0,3438842249395391;spy
2009-10-30;20976,983378453646;8417,373436309374;-2,846450180103044;-2,897331385912205;0,05088120580916122;strategy
2009-11-02;21120,44492110706;8479,14653348838;0,6838997775093336;0,733876162753333;-0,04997638524399939;spy
2009-11-03;21419,571824826315;8505,96913596171;1,4162907307900374;0,3163361119824293;1,0999546188076081;strategy
2009-11-04;21297,613601979636;8527,91450700089;-0,5693775013061786;0,2579996551645092;-0,8273771564706878;spy
2009-11-05;21944,424264413134;8684,785245547053;3,0370100355909146;1,839497082403696;1,1975129531872186;strategy
2009-11-06;21918,758564845095;8707,543591844995;-0,11695772583862896;0,26204846354274114;-0,3790061893813701;spy
2009-11-09;22588,532731106254;8905,867386930086;3,055712139351696;2,277608983443158;0,7781031559085383;strategy
2009-11-10;22560,426761698163;8907,492717329185;-0,1244258303213619;0,01825010780516223;-0,14267593812652413;spy
2009-11-11;22739,406022590658;8953,010030043497;0,7933327803725465;0,5110002798628166;0,2823325005097299;strategy
2009-11-12;22360,744655296217;8861,9760247333;-1,6652210128895062;-1,0167977585718746;-0,6484232543176316;spy
2009-11-13;22718,283679445678;8909,931643105476;1,598958485780022;0,5411391120708764;1,0578193737091457;strategy
2009-11-16;23217,17071521825;9039,166803919545;2,1959715038858185;1,4504618664956004;0,7455096373902181;strategy
2009-11-17;23298,759709457318;9049,733001809753;0,3514166098868676;0,11689349382983938;0,23452311605702825;strategy
2009-11-18;23172,110714498715;9044,043415235268;-0,543586854141398;-0,06287021477149324;-0,4807166393699047;spy
2009-11-19;22692,907573761513;8926,187427570168;-2,068016792433869;-1,3031338114384061;-0,7648829809954627;spy
2009-11-20;22540,177012499487;8894,488213781115;-0,6730321390751137;-0,355126015964502;-0,3179061231106117;spy
2009-11-23;22859,6244177659;9007,467590130493;1,4172355660262426;1,2702178431618805;0,1470177228643621;strategy
2009-11-24;22786,219130111258;9021,285068937324;-0,3211132707744424;0,15340026115633343;-0,47451353193077583;spy
2009-11-25;23027,341354633863;9052,984282726376;1,0581932138270744;0,35138246432540043;0,706810749501674;strategy
2009-11-27;22507,480757979236;8905,867386930086;-2,2575797555110078;-1,62506518515666;-0,6325145703543478;spy
2009-11-30;22613,620933453858;8935,94127032004;0,4715773240725474;0,3376861801702713;0,13389114390227608;strategy
2009-12-01;23021,78825334489;9046,482341011555;1,8049622441808966;1,2370389122706937;0,5679233319102028;strategy
2009-12-02;23268,04845731751;9042,41808483617;1,0696832116716237;-0,04492637051818349;1,1146095821898072;strategy
2009-12-03;23085,652413288473;8971,704120166052;-0,7838905972867405;-0,7820249407479052;-0,001865656538835303;spy
2009-12-04;23164,437790766297;9022,911019454852;0,3412742081851272;0,5707600095025356;-0,22948580131740837;spy
2009-12-07;23203,151570452497;9009,09292052959;0,16712591963545798;-0,15314457712668483;0,3202704967621428;strategy
2009-12-08;22957,51831286329;8909,118667846711;-1,0586202345978069;-1,1097038687997274;0,051083634201920525;strategy
2009-12-09;23018,2979671307;8942,443212034861;0,26474836451881867;0,37404984073698966;-0,10930147621817099;spy
2009-12-10;23000,571587502487;8992,837136064898;-0,0770099494477261;0,5635364165602619;-0,640546366007988;spy
2009-12-11;23041,6002986279;9031,038911687197;0,17838126747993233;0,4248022625595649;-0,24642099507963255;spy
2009-12-14;23498,74415909745;9092,812008866207;1,9839935357995442;0,6840087589376598;1,2999847768618844;strategy
2009-12-15;23367,722769140557;9050,545977068517;-0,557567626039146;-0,46482905130422747;-0,09273857473491853;spy
2009-12-16;23606,450849510267;9064,36345587535;1,0216146550872995;0,1526701134035635;0,868944541683736;strategy
2009-12-17;23263,815952324243;8955,44833570136;-1,4514460448557087;-1,2015749446078638;-0,24987110024784487;spy
2009-12-18;23312,890815976178;8957,88664135922;0,21094932900305174;0,027227064089463404;0,18372226491358834;strategy
2009-12-21;23743,710444272223;9048,920646669418;1,8479888731808725;1,0162442209291411;0,8317446522517313;strategy
2009-12-22;24016,486964011776;9081,432835717234;1,1488369535998855;0,3592935590587043;0,7895433945411812;strategy
2009-12-23;24364,55547492796;9099,313950581027;1,4492898625754869;0,1968975071143575;1,2523923554611294;strategy
2009-12-24;24473,48252390756;9142,392957637478;0,447071768215479;0,47343137395210455;-0,026359605736625547;spy
2009-12-28;24389,26973334976;9161,900023018796;-0,3440981089452122;0,2133693604257303;-0,5574674693709425;spy
2009-12-29;24365,565058540273;9148,8948993523;-0,09719304869990619;-0,1419478889075454;0,0447548402076392;strategy
2009-12-30;24303,48143113212;9145,643618435675;-0,2548006880160214;-0,03553741683988143;-0,21926327117613997;spy
2009-12-31;24099,008387353744;9057,861514160526;-0,8413323184078947;-0,9598242391404721;0,11849192073257742;strategy
2010-01-04;24573,347634803096;9211,480971790066;1,9682936319415756;1,695979314647067;0,2723143172945086;strategy
2010-01-05;24887,878678498924;9235,86464848711;1,2799682337556684;0,26470962456219826;1,01525860919347;strategy
2010-01-06;24852,40817038578;9242,367210320357;-0,14252121914989369;0,07040555574093776;-0,21292677489083145;spy
2010-01-07;24965,95541471851;9281,381961201421;0,45688628463793624;0,42212941763988265;0,03475686699805358;strategy
2010-01-08;25035,35005521153;9312,268199731712;0,2779570793117081;0,3327762897745501;-0,054819210462841994;spy
2010-01-11;24929,249674698516;9325,273323398209;-0,4238022647137907;0,1396558108890389;-0,5634580756028296;spy
2010-01-12;24547,183651145162;9238,303574263398;-1,5326013760499357;-0,9326241292745063;-0,5999772467754294;spy
2010-01-13;25161,4736260455;9316,3324559071;2,5024865729216916;0,8446234854316836;1,657863087490008;strategy
2010-01-14;25025,450246738495;9341,529107862903;-0,5406017999128654;0,27045677121393386;-0,8110585711267992;spy
2010-01-15;24707,940743526113;9236,677623745873;-1,268746416475619;-1,1224231376507299;-0,14632327882488916;spy
2010-01-19;24945,387902219878;9352,095305753113;0,9610155745414684;1,2495584095142842;-0,28854283497281585;spy
2010-01-20;24683,7601753391;9256,997664385954;-1,0488019986151342;-1,0168591984799247;-0,03194280013520956;spy
2010-01-21;24452,98259973217;9078,993909940946;-0,934936873343517;-1,9229102231475559;0,9879733498040388;strategy
2010-01-22;23655,815032382845;8876,606478798894;-3,260001368332288;-2,2291834662478305;-1,0308179020844577;spy
2010-01-25;23716,166898564723;8922,12317139478;0,2551248650670468;0,5127713243185728;-0,25764645925152596;spy
2010-01-26;23664,544064636073;8884,734371031243;-0,21766938202721908;-0,41905720920115686;0,20138782717393777;strategy
2010-01-27;24029,350013775645;8927,00040282893;1,541571847499612;0,4757151990440356;1,0658566484555765;strategy
2010-01-28;23636,703244486664;8824,587224369761;-1,6340299220073962;-1,1472294593681598;-0,4868004626392364;spy
2010-01-29;23252,039701419744;8728,67660774384;-1,6273992996745146;-1,086856690147009;-0,5405426095275057;spy
2010-02-01;23624,017084310995;8864,414330391162;1,5997623764100855;1,5550779201385367;0,04468445627154871;strategy
2010-02-02;23762,798012650157;8971,704120166052;0,5874569419920039;1,2103426777678061;-0,6228857357758022;spy
2010-02-03;23635,63183705369;8927,00040282893;-0,5351481569164096;-0,49827453890994855;-0,03687361800646105;spy
2010-02-04;22840,89931925946;8651,460701358901;-3,3624339864201325;-3,0865877566524036;-0,2758462297677289;spy
2010-02-05;22849,527996800585;8669,342436341123;0,03777731086904712;0,2066903566863898;-0,16891304581734268;spy
2010-02-08;22853,38681591846;8606,756363903352;0,01688795986689584;-0,7219241009031485;0,7388120607700444;strategy
2010-02-09;23212,262230898406;8714,859128937009;1,5703379891595537;1,2560221349710687;0,31431585418848496;strategy
2010-02-10;23259,50647992825;8697,790369213551;0,2035314290347756;-0,19585812542605163;0,39938955446082725;strategy
2010-02-11;23610,03904686794;8788,82375440532;1,5070507503767594;1,0466265721232881;0,46042417825347126;strategy
2010-02-12;23712,223354045454;8781,508837431737;0,43280024643190806;-0,08322976063682708;0,5160300070687351;strategy
2010-02-16;23889,052278138734;8919,684865736917;0,7457289915545173;1,573488461529493;-0,8277594699749757;spy
2010-02-17;23965,48824751158;8961,950897534609;0,31996233455773293;0,473851177859963;-0,15388884330223007;spy
2010-02-18;23886,276216823608;9014,783127222505;-0,33052542001182905;0,5895170626568635;-0,9200424826686926;spy
2010-02-19;23827,862805739504;9033,47721734506;-0,24454800134549037;0,20737149034792957;-0,45191949169341994;spy
2010-02-22;23820,856477167115;9035,103167862586;-0,02940393198294089;0,017999165530668826;-0,047403097513609715;spy
2010-02-23;23686,689467194363;8925,374452311406;-0,5632333585543159;-1,2144710858585483;0,6512377273042325;strategy
2010-02-24;23891,84065771196;9007,467590130493;0,8661032636144705;0,9197724785409589;-0,05366921492648835;spy
2010-02-25;23819,48464872598;8995,27544172276;-0,3028481983560649;-0,13535600639952294;-0,16749219195654197;spy
2010-02-26;23955,40502662641;9000,965028297243;0,5706268624401156;0,06325083218789995;0,5073760302522157;strategy
2010-03-01;24389,159493049014;9094,437339265303;1,8106747347435226;1,0384698826648275;0,772204852078695;strategy
2010-03-02;24557,602745005363;9119,63399122111;0,6906480397750325;0,2770556441905381;0,41359239558449445;strategy
2010-03-03;24625,843457101666;9127,762503571881;0,2778801856389679;0,08913200199258675;0,18874818364638113;strategy
2010-03-04;24620,17576168579;9155,397461185546;-0,023015233674117397;0,3027571938122975;-0,3257724274864149;spy
2010-03-05;24979,408441045376;9286,258572517145;1,459098760450872;1,4293329359690299;0,029765824481842174;strategy
2010-03-08;24894,70642629684;9287,883902916243;-0,3390873524825144;0,01750253222441156;-0,356589884706926;spy
2010-03-09;25075,791623575566;9303,327332240602;0,7274044295916715;0,1662750039275407;0,5611294256641308;strategy
2010-03-10;25379,62671686183;9344,780388779527;1,2116670047640943;0,4455723748993501;0,7660946298647442;strategy
2010-03-11;25434,41984541427;9383,794519542165;0,21589414676472796;0,41749649686237955;-0,2016023500976516;spy
2010-03-12;25511,808082838103;9384,607494800926;0,30426578586884023;0,008663608917136578;0,29560217695170365;strategy
2010-03-15;25441,875853012454;9387,045800458787;-0,27411710529717803;0,02598196737808589;-0,3000990726752639;spy
2010-03-16;25579,644942217026;9461,824021304292;0,5415052333425319;0,7966108021103979;-0,25510556876786605;spy
2010-03-17;25798,713318890106;9517,906911790385;0,8564168000296357;0,5927281078132118;0,2636886922164239;strategy
2010-03-18;25529,88893113225;9513,030300474664;-1,0420069576145163;-0,05123617367680522;-0,9907707839377111;spy
2010-03-19;25098,931332279368;9426,060551339853;-1,6880512093703337;-0,9142170936896066;-0,7738341156807271;spy
2010-03-22;25561,01693641104;9476,45385525146;1,8410568880970368;0,5346168066408641;1,3064400814561727;strategy
2010-03-23;25929,969258518147;9543,104183864618;1,4434180104217376;0,7033256282488187;0,7400923821729188;strategy
2010-03-24;25811,166295807823;9496,773895891542;-0,4581685443815098;-0,4854844616640652;0,027315917282555446;strategy
2010-03-25;25839,905256268372;9481,33108668561;0,1113431300669987;-0,16261110746894625;0,27395423753594494;strategy
2010-03-26;25878,042646858557;9475,641500111124;0,14759106201032157;-0,060008310251669084;0,20759937226199066;strategy
2010-03-29;26026,17407589279;9535,788646772606;0,5724213034798975;0,6347554058559135;-0,062334102376016;spy
2010-03-30;26009,884742212133;9542,291208605855;-0,06258827606838713;0,06819112790896753;-0,13077940397735466;spy
2010-03-31;25762,066250769825;9509,779019558038;-0,9527858116192167;-0,34071679785349085;-0,6120690137657259;spy
2010-04-01;25881,661093979314;9574,80339765367;0,46422845918236977;0,683763292100692;-0,2195348329183222;spy
2010-04-05;26465,3381759252;9652,832279297372;2,2551762803263875;0,8149397789496415;1,440236501376746;strategy
2010-04-06;26565,343237544475;9675,590625595314;0,3778718448806728;0,23576858728553418;0,14210325759513864;strategy
2010-04-07;26171,400921622644;9620,320090249556;-1,4829182231874127;-0,5712368111105204;-0,9116814120768924;spy
2010-04-08;26460,93530251775;9653,644634437707;1,1063006591133462;0,3463974574185569;0,7599032016947893;strategy
2010-04-09;26644,436772161098;9717,043682134237;0,6934806632699964;0,6567369122990607;0,03674375097093563;strategy
2010-04-12;26895,748090582918;9732,486491340169;0,943203718550345;0,15892497462293154;0,7842787439274135;strategy
2010-04-13;26990,6641563299;9739,802028432181;0,3529036092519755;0,07516616743852289;0,2777374418134526;strategy
2010-04-14;27597,935038061318;9850,343099123696;2,2499293763728945;1,1349416586582173;1,1149877177146772;strategy
2010-04-15;27780,197928727073;9858,470991356045;0,6604222033800289;0,08251379825614524;0,5779084051238836;strategy
2010-04-16;27100,81803249176;9701,600252809882;-2,445554556444607;-1,5912278758410836;-0,8543266806035232;spy
2010-04-19;26656,125875942947;9738,176077914657;-1,6408809358288035;0,3770081651651491;-2,0178891009939526;spy
2010-04-20;27204,91084789915;9825,145827049466;2,0587574297564304;0,8930804746080545;1,1656769551483759;strategy
2010-04-21;27231,895709006312;9807,264712185675;0,09919113963663406;-0,18199337881136257;0,28118451844799663;strategy
2010-04-22;27963,418472333677;9836,525000198439;2,686271903888904;0,2983531990974786;2,387918704791425;strategy
2010-04-23;28317,097756144845;9900,736403035307;1,2647927296910888;0,6527854383084897;0,6120072913825991;strategy
2010-04-26;28455,59450166754;9863,347602671769;0,4890923028743055;-0,37763655996412293;0,8667288628384284;strategy
2010-04-27;27342,42432414792;9630,073932999429;-3,9119554415016244;-2,3650557505359715;-1,546899690965653;spy
2010-04-28;27056,616427249228;9703,225583208978;-1,0452909863090554;0,7596167040720303;-1,8049076903810857;spy
2010-04-29;27724,2546230302;9823,520496650368;2,467559820630716;1,2397414901860637;1,2278183304446522;strategy
2010-04-30;26845,59481403847;9656,895915354333;-3,1692819913067605;-1,6961799118030085;-1,473102079503752;spy
2010-05-03;27595,858328250044;9782,067440111443;2,7947360429474877;1,2961879868466752;1,4985480561008124;strategy
2010-05-04;26372,158110830114;9552,0444312373;-4,434361862798886;-2,3514764162321344;-2,0828854465667512;spy
2010-05-05;25951,908926231936;9495,148565492444;-1,5935335395459993;-0,5956407149740106;-0,9978928245719887;spy
2010-05-06;24714,24646172062;9179,781758001014;-4,769061374365025;-3,321346741614395;-1,44771463275063;spy
2010-05-07;24115,89728635081;9043,231060094933;-2,4210698727820112;-1,4875157330081934;-0,9335541397738178;spy
2010-05-10;25560,449433690694;9441,50398066421;5,990041051292239;4,404099794892291;1,5859412563999475;strategy
2010-05-11;25712,31994116291;9414,68137819088;0,594162117008934;-0,28409247645567737;0,8782545934646113;strategy
2010-05-12;26461,30072077661;9546,354844662816;2,9129257154841826;1,3985971609932202;1,5143285544909624;strategy
2010-05-13;26163,54067574747;9427,68588173895;-1,12526609395035;-1,243081415418068;0,117815321467718;strategy
2010-05-14;25455,377257870347;9256,997664385954;-2,706680363539493;-1,8104996230688175;-0,8961807404706756;spy
2010-05-17;25455,247333054635;9261,874275701679;-0,0005104022399504693;0,05268026948399562;-0,05319067172394609;spy
2010-05-18;25038,67706035018;9135,89039580423;-1,636480947342922;-1,3602417410044643;-0,2762392063384578;spy
2010-05-19;24870,36384520661;9083,871141375095;-0,6722128918308479;-0,5693944670464246;-0,10281842478442327;spy
2010-05-20;23847,619599142632;8740,868756151574;-4,112301100335925;-3,7759494810666983;-0,33635161926922663;spy
2010-05-21;24384,291495157817;8868,478586566549;2,2504212371555976;1,4599215933218002;0,7904996438337974;strategy
2010-05-24;24217,245433381147;8754,686234958408;-0,6850560403194095;-1,2831101805952039;0,5980541402757944;strategy
2010-05-25;24310,69102328125;8763,627102449516;0,3858638264915948;0,10212664681694683;0,28373717967464795;strategy
2010-05-26;24481,641196899334;8710,794872761622;0,7031892818446517;-0,6028580297891439;1,3060473116337956;strategy
2010-05-27;25224,9629282355;9002,590978814771;3,0362414241668967;3,3498218051900785;-0,31358038102318186;spy
2010-05-28;25058,629504257704;8889,611602465393;-0,6594000730586358;-1,2549651163231257;0,5955650432644899;strategy
2010-06-01;24507,81901222589;8740,055780892812;-2,198087057946352;-1,6823662074404333;-0,5157208505059185;spy
2010-06-02;24891,272567512697;8967,640484109092;1,5646172150019622;2,603927353802682;-1,0393101388007198;spy
2010-06-03;25043,29789582334;8998,526722639383;0,6107575572856128;0,34441878646922497;0,2663387708163878;strategy
2010-06-04;24448,94825487823;8682,346939889192;-2,3732882283217016;-3,513683878436613;1,1403956501149115;strategy
2010-06-07;24086,08373153131;8574,244174855536;-1,4841723233412152;-1,245086907746118;-0,23908541559509722;spy
2010-06-08;24193,58857942657;8666,0911554245;0,44633593860061715;1,0711962325298696;-0,6248602939292525;spy
2010-06-09;24316,20848810701;8619,76148756985;0,5068281138942421;-0,5346085913907173;1,0414367052849594;strategy
2010-06-10;24668,249681908394;8871,729867483173;1,4477635112133624;2,923147934854997;-1,4753844236416347;spy
2010-06-11;24970,3155740794;8914,808254421196;1,2245128700498764;0,48556919091862216;0,7389436791312542;strategy
2010-06-14;25098,96723470487;8900,990775614364;0,5152184010001726;-0,1549946831439608;0,6702130841441334;strategy
2010-06-15;25377,531240975804;9103,378206756413;1,1098624244815891;2,2737629579003826;-1,1639005334187935;spy
2010-06-16;25470,207755031668;9100,126925839788;0,3651912125566481;-0,035715103149425165;0,40090631570607327;strategy
2010-06-17;25460,126878544077;9114,757379905384;-0,039579090145425155;0,16077197807047305;-0,2003510682158982;spy
2010-06-18;25457,84014950678;9081,432835717234;-0,008981608961355914;-0,36561087475150966;0,35662926579015375;strategy
2010-06-21;25298,29157550685;9055,423208502667;-0,6267168505377785;-0,28640444393611686;-0,3403124066016616;spy
2010-06-22;24914,352089066742;8905,867386930086;-1,5176498590593668;-1,651560817523745;0,13391095846437828;strategy
2010-06-23;25022,004921571293;8878,232429316422;0,4320916398696584;-0,3103005739140019;0,7423922137836603;strategy
2010-06-24;24748,96211687803;8731,114913401703;-1,0912107385043224;-1,6570586215892358;0,5658478830849134;strategy
2010-06-25;24825,768922328476;8767,691358624907;0,31034354122698726;0,4189206714833249;-0,10857713025633764;spy
2010-06-28;24791,505300084635;8740,055780892812;-0,1380163585306904;-0,3151978850727821;0,17718152654209174;strategy
2010-06-29;24516,99239925862;8470,20566599727;-1,107286134920893;-3,0875102134414134;1,9802240785205205;strategy
2010-06-30;24470,72056968332;8389,738478695708;-0,18873371097793967;-0,9500027564217084;0,7612690454437687;strategy
2010-07-01;24441,15261456361;8352,34967833217;-0,12082993239006523;-0,445649175578966;0,32481924318890076;strategy
2010-07-02;24325,42703057183;8306,832365617858;-0,4734866060400966;-0,5449641653820336;0,071477559341937;strategy
2010-07-06;24294,694163232514;8361,29054582328;-0,12634050494033655;0,6555829925113832;-0,7819234974517197;spy
2010-07-07;24570,43534943277;8624,638098885573;1,134985212604822;3,1496041384884377;-2,0146189258836156;spy
2010-07-08;24612,42365504909;8709,982517621285;0,1708895468036209;0,9895420278184242;-0,8186524810148033;spy
2010-07-09;24705,625490637198;8775,006275598489;0,37867800788073946;0,7465429218216357;-0,36786491394089627;spy
2010-07-12;24685,89127807836;8780,695862172975;-0,07987740511291586;0,06483854707100001;-0,14471595218391586;spy
2010-07-13;24795,115743418315;8913,182924022098;0,44245704604941594;1,5088446739155659;-1,06638762786615;spy
2010-07-14;24813,93906509854;8912,369948763335;0,07591544187577348;-0,00912104313007811;0,08503648500585159;strategy
2010-07-15;24770,091783645345;8914,808254421196;-0,17670423602703655;0,027358667468679876;-0,20406290349571643;spy
2010-07-16;24569,925135763417;8669,342436341123;-0,8080981274929733;-2,7534615560389275;1,9453634285459542;strategy
2010-07-19;24611,681501078354;8720,548715511493;0,16994909461143237;0,5906593210082134;-0,420710226396781;spy
2010-07-20;24730,64695424726;8817,272307396177;0,48336987118775543;1,1091457090611545;-0,6257758378733991;spy
2010-07-21;24633,158696359736;8702,666980529273;-0,3942001924489902;-1,299782096678237;0,9055819042292468;strategy
2010-07-22;24826,81766039334;8896,926519438977;0,7861718686618113;2,2321839884753336;-1,4460121198135223;spy
2010-07-23;24945,013889064598;8974,143045942343;0,47608288056917303;0,867901137934024;-0,391818257364851;spy
2010-07-26;25044,60835226149;9067,614736791975;0,39925599416303914;1,0415667587547084;-0,6423107645916692;spy
2010-07-27;24977,96245434849;9066,802381651638;-0,26610876471135914;-0,008958862544528046;-0,2571499021668311;spy
2010-07-28;24927,588437567738;9008,280565389256;-0,2016738429838627;-0,645451547293141;0,4437777043092783;strategy
2010-07-29;24829,169627431733;8964,389203192468;-0,3948188184448753;-0,4872335167426134;0,09241469829773807;strategy
2010-07-30;24857,821065887736;8962,763252674942;0,11539426765343475;-0,018137884028357476;0,13353215168179222;strategy
2010-08-02;24936,788424516126;9165,151303935421;0,3176761085337265;2,258098820138721;-1,9404227116049944;spy
2010-08-03;24936,788424516126;9121,259941738634;0,0;-0,4788940274007336;0,4788940274007336;strategy
2010-08-04;24936,788424516126;9182,220063658877;0,0;0,6683300586719509;-0,6683300586719509;spy
2010-08-05;24936,788424516126;9172,466220909004;0,0;-0,10622532113422345;0,10622532113422345;strategy
2010-08-06;24936,788424516126;9135,077420545467;0,0;-0,4076199297230132;0,4076199297230132;strategy
2010-08-09;24936,788424516126;9183,845394057975;0,0;0,5338539704417222;-0,5338539704417222;spy
2010-08-10;24936,788424516126;9134,264445286703;0,0;-0,5398713354141549;0,5398713354141549;strategy
2010-08-11;24936,788424516126;8883,922015890907;0,0;-2,740696099782536;2,740696099782536;strategy
2010-08-12;24936,788424516126;8829,463835685483;0,0;-0,6129970536437934;0,6129970536437934;strategy
2010-08-13;24936,788424516126;8803,454208470917;0,0;-0,294577651583372;0,294577651583372;strategy
2010-08-16;24936,788424516126;8799,390572413959;0,0;-0,04615956374315333;0,04615956374315333;strategy
2010-08-17;24936,788424516126;8907,492717329185;0,0;1,2285185437060475;-1,2285185437060475;spy
2010-08-18;24936,788424516126;8923,749121912306;0,0;0,18250258629450844;-0,18250258629450844;spy
2010-08-19;24936,788424516126;8768,503713765238;0,0;-1,7396881739521586;1,7396881739521586;strategy
2010-08-20;24936,788424516126;8740,055780892812;0,0;-0,32443315075258994;0,32443315075258994;strategy
2010-08-23;24936,788424516126;8706,731236704662;0,0;-0,38128525748087894;0,38128525748087894;strategy
2010-08-24;24936,788424516126;8577,495455772161;0,0;-1,4843203197508315;1,4843203197508315;strategy
2010-08-25;24936,788424516126;8610,820620078739;0,0;0,3885185888865994;-0,3885185888865994;spy
2010-08-26;24936,788424516126;8553,111779075121;0,0;-0,6701897943275248;0,6701897943275248;strategy
2010-08-27;24936,788424516126;8685,598220805818;0,0;1,548985271709169;-1,548985271709169;spy
2010-08-30;24936,788424516126;8559,613720789943;0,0;-1,4504988236053395;1,4504988236053395;strategy
2010-08-31;24936,788424516126;8559,613720789943;0,0;0,0;0,0;tie
2010-09-01;24936,788424516126;8815,646356878651;0,0;2,991170448110836;-2,991170448110836;spy
2010-09-02;24936,788424516126;8897,73949469774;0,0;0,9312208600000593;-0,9312208600000593;spy
2010-09-03;24936,788424516126;9013,157176704979;0,0;1,297157351887157;-1,297157351887157;spy
2010-09-07;24936,788424516126;8911,556973504572;0,0;-1,1272432202003357;1,1272432202003357;strategy
2010-09-08;24936,788424516126;8974,143045942343;0,0;0,7023023319477018;-0,7023023319477018;spy
2010-09-09;24936,788424516126;9015,59548236284;0,0;0,4619096910789766;-0,4619096910789766;spy
2010-09-10;24936,788424516126;9061,112795077153;0,0;0,5048730591712847;-0,5048730591712847;spy
2010-09-13;24936,788424516126;9161,900023018796;0,0;1,112305190554519;-1,112305190554519;spy
2010-09-14;24936,788424516126;9156,210436444311;0,0;-0,06210050928507904;0,06210050928507904;strategy
2010-09-15;24936,788424516126;9191,160931149987;0,0;0,38171353692968424;-0,38171353692968424;spy
2010-09-16;24936,788424516126;9188,722625492124;0,0;-0,026528810409565118;0,026528810409565118;strategy
2010-09-17;24936,788424516126;9143,205312777813;0,0;-0,49536061288903976;0,49536061288903976;strategy
2010-09-20;24936,788424516126;9283,007291600521;0,0;1,5290259164073783;-1,5290259164073783;spy
2010-09-21;24936,788424516126;9264,313201477966;0,0;-0,20137967724608297;0,20137967724608297;strategy
2010-09-22;24936,788424516126;9218,795888763654;0,0;-0,491318802855778;0,491318802855778;strategy
2010-09-23;24936,788424516126;9144,018288036576;0,0;-0,81114281766691;0,81114281766691;strategy
2010-09-24;24936,788424516126;9332,588240371793;0,0;2,062221950954868;-2,062221950954868;spy
2010-09-27;24888,90979074107;9287,883902916243;-0,19199999999994777;-0,4790132844623374;0,2870132844623896;strategy
2010-09-28;25059,337997343973;9320,396091964061;0,6847556121815535;0,35004947722925284;0,3347061349523006;strategy
2010-09-29;25075,861367978898;9304,140307499365;0,06593697980639135;-0,17441087593597082;0,24034785574236217;strategy
2010-09-30;24923,722076706166;9276,504729767272;-0,6067161125201004;-0,29702451616963055;-0,30969159635046983;spy
2010-10-01;24991,721433296058;9315,519480648336;0,2728298621715197;0,42057598220017756;-0,14774612002865783;spy
2010-10-04;24767,048834244408;9245,618491236983;-0,8989880895212021;-0,7503713513407617;-0,1486167381804404;spy
2010-10-05;25140,13343438849;9431,75013791434;1,5063748718750603;2,0131876180460306;-0,5068127461709704;spy
2010-10-06;24764,539833362487;9430,937162655575;-1,4940000298973688;-0,008619558903455449;-1,4853804709939133;spy
2010-10-07;24809,17415804092;9419,557989506604;0,18023482357747422;-0,12065792564104338;0,3008927492185176;strategy
2010-10-08;24939,214210359838;9472,390219194502;0,5241611489787079;0,5608780130315294;-0,036716864052821485;spy
2010-10-11;24949,28678345067;9481,33108668561;0,04038849422387525;0,09438871588072217;-0,054000221656846925;spy
2010-10-12;25308,399838835132;9510,591994816803;1,4393720289538336;0,30861603569865004;1,1307559932551836;strategy
2010-10-13;25467,35891830363;9584,556620285117;0,6280882255723652;0,777707901975222;-0,14961967640285678;spy
2010-10-14;25289,9450139696;9547,167819921577;-0,6966325204869395;-0,39009420930760097;-0,3065383111793385;spy
2010-10-15;25339,336653495513;9566,674885302897;0,19530149036952604;0,20432305945869977;-0,009021569089173731;spy
2010-10-18;25402,652001096758;9613,817528416306;0,24986979125403153;0,49277981826092443;-0,2429100270068929;spy
2010-10-19;24973,251589957566;9487,83364851886;-1,6903763084289425;-1,3104459235373067;-0,3799303848916358;spy
2010-10-20;25423,525098371305;9580,492984228158;1,8030231537602637;0,9766121450049292;0,8264110087553345;strategy
2010-10-21;25363,259137694105;9601,625380008572;-0,23704801141467557;0,2205773316175108;-0,4576253430321864;spy
2010-10-22;25568,984990565586;9619,507114990793;0,8111175766277512;0,18623654094493958;0,6248810356828116;strategy
2010-10-25;25738,19991517647;9647,95504786322;0,6617975827875711;0,2957317098720713;0,36606587291549975;strategy
2010-10-26;25742,36863176684;9649,580998380747;0,01619661283271956;0,01685279947365448;-0,0006561866409349193;spy
2010-10-27;25733,44657398353;9621,945420648652;-0,03465903977577511;-0,2863914789329458;0,2517324391571707;strategy
2010-10-28;25766,784028883514;9623,57137116618;0,12954912512064265;0,016898355233219142;0,11265076988742351;strategy
2010-10-29;25827,100405184487;9630,886288139764;0,23408577583201584;0,0760104195361544;0,15807535629586145;strategy
2010-11-01;25785,579530386618;9634,137569056387;-0,16076475541766388;0,03375889631909157;-0,19452365173675545;spy
2010-11-02;26158,20994523998;9710,54112030099;1,4451116540322273;0,7930502413625584;0,6520614126696689;strategy
2010-11-03;26314,645939955128;9749,555251063628;0,5980378437310252;0,40177092377555734;0,19626691995546786;strategy
2010-11-04;26692,41343062081;9937,31284825851;1,4355788465772124;1,9258067917959476;-0,49022794521873525;spy
2010-11-05;26572,429269135573;9974,701648622047;-0,4495066053022967;0,3762465863202502;-0,8257531916225469;spy
2010-11-08;26770,314298752273;9956,006938381064;0,7447005601650014;-0,18742124726673914;0,9321218074317406;strategy
2010-11-09;26531,320513677223;9884,480618570613;-0,8927567394537039;-0,7184237641971958;-0,17433297525650815;spy
2010-11-10;26616,66531977099;9924,307724592012;0,3216756815770605;0,40292563219328503;-0,08124995061622453;spy
2010-11-11;26623,684299308785;9886,918924228474;0,02637061951025199;-0,37673963163082913;0,4031102511410811;strategy
2010-11-12;26145,184918826148;9769,875291703709;-1,797269585618777;-1,183823124491723;-0,613446461127054;spy
2010-11-15;25826,505334945614;9756,057812896875;-1,2188844135925914;-0,14142942867005903;-1,0774549849225323;spy
2010-11-16;25367,355892043728;9604,064305784861;-1,7778225778019352;-1,5579397952222962;-0,219882782579639;spy
2010-11-17;25645,899629173466;9608,940917100585;1,0980400886680508;0,050776537520547116;1,0472635511475037;strategy
2010-11-18;26098,11077677043;9750,368226322391;1,7632883000234134;1,4718303551030765;0,29145794492033694;strategy
2010-11-19;26352,98344780343;9777,19082879572;0,9765943336398797;0,2750932257195915;0,7015011079202882;strategy
2010-11-22;26780,13670968532;9769,062936563372;1,6208914741207225;-0,08313116082800942;1,704022634948732;strategy
2010-11-23;26578,822636867866;9627,635007223142;-0,751729070690843;-1,447712336982676;0,695983266291833;strategy
2010-11-24;27254,75856202905;9769,875291703709;2,543137197595735;1,4774166695543878;1,0657205280413473;strategy
2010-11-26;27207,925657657375;9656,083560213994;-0,17183386257150213;-1,1647204093418018;0,9928865467702996;strategy
2010-11-29;27108,44526473005;9685,344468345185;-0,3656301997404521;0,30303080900992985;-0,6686610087503819;spy
2010-11-30;27040,784323691278;9630,886288139764;-0,24959358745225702;-0,5622740665900738;0,3126804791378168;strategy
2010-12-01;27633,23167873731;9835,712645058104;2,190939981452278;2,1267653961461352;0,06417458530614262;strategy
2010-12-02;27562,12116911528;9961,69652495555;-0,2573369284083693;1,2808820717301828;-1,538219000138552;spy
2010-12-03;27658,570875934038;9988,519127428879;0,34993571876040797;0,2692573740440185;0,08067834471638946;strategy
2010-12-06;27625,039927207974;9977,952929538673;-0,1212316748991471;-0,10578342750720005;-0,015448247391947056;spy
2010-12-07;27466,785254889302;9983,642516113156;-0,572866764122959;0,05702158162761428;-0,6298883457505733;spy
2010-12-08;27549,885937479765;10020,218341217933;0,30254972258054735;0,36635751977041053;-0,06380779718986318;spy
2010-12-09;27896,725987594895;10059,233092098999;1,2589527626438501;0,3893602868969337;0,8695924757469164;strategy
2010-12-10;28132,663110480702;10117,754908361378;0,8457520176049504;0,5817721463114767;0,2639798712934738;strategy
2010-12-13;27676,374938634868;10124,2568500762;-1,6219160271245148;0,06426269240273896;-1,6861787195272537;spy
2010-12-14;27257,52864898523;10133,197717567311;-1,5133712076755734;0,08831134594380341;-1,6016825536193768;spy
2010-12-15;27101,639024087664;10086,868049712662;-0,5719140091718034;-0,45720678847832597;-0,11470722069347739;spy
2010-12-16;27649,233555694904;10145,389865975045;2,0205218257115076;0,5801782671683631;1,4403435585431446;strategy
2010-12-17;27763,09207489811;10103,124454295783;0,41179629436691734;-0,4165972154604791;0,8283935098273965;strategy
2010-12-20;27877,26429187429;10127,508130992825;0,41123739628197153;0,24134788012706299;0,16988951615490855;strategy
2010-12-21;28236,000644525688;10191,719533829693;1,2868420261595181;0,6340296349934826;0,6528123911660355;strategy
2010-12-22;28057,791576879128;10223,418747618744;-0,631141321641493;0,3110291024378098;-0,9421704240793027;spy
2010-12-23;28045,34534556132;10208,78829355315;-0,04435926927358613;-0,1431072562590674;0,09874798698548126;strategy
2010-12-27;28066,40744227376;10212,852549728537;0,07510015103371348;0,039811347424589805;0,035288803609123676;strategy
2010-12-28;27860,363964376505;10227,483003794132;-0,7341284356433553;0,14325531475516406;-0,8773837503985193;spy
2010-12-29;27963,89609077046;10234,797920767718;0,3716108178857036;0,07152216210843942;0,3000886557772642;strategy
2010-12-30;28016,22540798654;10218,542136303022;0,18713171099700165;-0,15882858255277243;0,3459602935497741;strategy
2010-12-31;27878,885416714384;10220,980441960883;-0,4902158990804151;0,023861580500783575;-0,5140774795811986;spy
2011-01-03;28315,576963850675;10326,644901336676;1,5663881127560453;1,0337996435449748;0,5325884692110705;strategy
2011-01-04;28374,383521827018;10320,955314762192;0,20768271136208938;-0,05509617720803606;0,26277888857012544;strategy
2011-01-05;28827,313724260683;10374,599899590425;1,5962644689187622;0,519763754344571;1,0765007145741912;strategy
2011-01-06;28591,682257074557;10354,279858950344;-0,8173896098678801;-0,1958633666526599;-0,6215262432152202;spy
2011-01-07;28701,616378311955;10333,95981831026;0,38449686258037463;-0,19624774409122692;0,5807446066716015;strategy
2011-01-10;28963,320988711603;10320,955314762192;0,9118114009683431;-0,12584240481589015;1,0376538057842333;strategy
2011-01-11;28872,965185360503;10357,531139866967;-0,3119663086505686;0,3543841048556873;-0,6663504135062559;spy
2011-01-12;29097,787970994978;10451,003450835025;0,7786619219437352;0,9024574457543899;-0,12379552381065473;spy
2011-01-13;29020,500671456626;10433,934070993142;-0,2656122850829501;-0,16332766439302038;-0,10228462068992972;spy
2011-01-14;29223,42006908851;10509,525267097408;0,6992277629154442;0,7244745422957388;-0,025246779380294626;spy
2011-01-18;29140,498389481414;10527,40700207963;-0,28375077048155006;0,17014788515905543;-0,4538986556406055;spy
2011-01-19;28504,540807059006;10424,180848361697;-2,1823840276251616;-0,9805468117414007;-1,201837215883761;spy
2011-01-20;27746,00500014227;10410,363369554865;-2,6611051623356974;-0,13255217851485535;-2,528552983820842;spy
2011-01-21;27582,92088597657;10433,934070993142;-0,5877751199311887;0,22641574171378132;-0,81419086164497;spy
2011-01-24;27699,40894784188;10493,269482632715;0,4223195300702587;0,5686772720227218;-0,1463577419524631;spy
2011-01-25;27763,64395004934;10498,958449088774;0,23190026302877254;0,054215385066336275;0,17768487796243626;strategy
2011-01-26;28410,236703110302;10539,598530368936;2,3289189064096716;0,38708679034431537;1,9418321160653562;strategy
2011-01-27;28853,32014647736;10565,608777701931;1,559590819313894;0,24678594026186218;1,312804879052032;strategy
2011-01-28;28350,30102607734;10381,102461423672;-1,7433665098033124;-1,7462913889793819;0,002924879176069428;strategy
2011-01-31;28456,89160508394;10459,130722948947;0,3759768861309576;0,7516375241958029;-0,3756606380648453;spy
2011-02-01;29084,224920113982;10626,568899622176;2,2045040046396513;1,6008804279101785;0,6036235767294729;strategy
2011-02-02;29199,077154062732;10606,248858982093;0,3948952886460466;-0,19121920567235495;0,5861144943184016;strategy
2011-02-03;29307,628119462945;10629,81956042037;0,3717616307784777;0,2222340975746251;0,1495275332038526;strategy
2011-02-04;29764,1411251485;10659,892823691896;1,557659336418249;0,282914146384039;1,27474519003421;strategy
2011-02-07;29865,89542397424;10726,543152305056;0,341868755419128;0,6252438904922775;-0,2833751350731495;spy
2011-02-08;29948,47645671226;10775,311745935991;0,27650613372109945;0,4546534045356099;-0,17814727081451043;spy
2011-02-09;29922,82989077386;10750,927449120525;-0,08563562816114034;-0,2262978314725994;0,14066220331145907;strategy
2011-02-10;30040,89581790298;10754,991705295912;0,3945680524204853;0,03780377269422264;0,3567642797262627;strategy
2011-02-11;30449,008836529174;10819,20248801435;1,3585247959981839;0,5970323778754727;0,7614924181227112;strategy
2011-02-14;30832,68243367025;10845,211495110489;1,2600528286516477;0,24039671246518513;1,0196561161864626;strategy
2011-02-15;30371,77788944042;10811,073975663576;-1,494857105674685;-0,31477043543414185;-1,1800866702405433;spy
2011-02-16;30782,22057216807;10879,35025479426;1,3513949832694827;0,6315402085341315;0,7198547747353512;strategy
2011-02-17;31052,40227689194;10911,861823723648;0,8777199945352754;0,2988374137054661;0,5788825808298093;strategy
2011-02-18;30910,608102437447;10934,62017002159;-0,45662867945005514;0,2085651987313808;-0,6651938781814359;spy
2011-02-22;29622,86469035354;10715,163979156083;-4,1660241940771225;-2,0069850388326205;-2,159039155244502;spy
2011-02-23;29032,319314120563;10649,327245920118;-1,9935458045868382;-0,6144258115324708;-1,3791199930543674;spy
2011-02-24;29333,62188010442;10642,011088709678;1,0378177600069094;-0,06870065161386218;1,1065184116207716;strategy
2011-02-25;30144,298805017097;10755,804060436245;2,763644149454736;1,0692807099899726;1,6943634394647633;strategy
2011-02-28;29948,015371589598;10822,453148812547;-0,6511461245030881;0,6196569591804035;-1,2708030836834916;spy
2011-03-01;29216,086263476405;10642,011088709678;-2,443998705862638;-1,6672935204405714;-0,7767051854220663;spy
2011-03-02;29344,10286919994;10664,770675244476;0,4381716447886097;0,2138654653249139;0,2243061794636958;strategy
2011-03-03;30125,752359545044;10848,463396145542;2,6637361988174346;1,7224254181804621;0,9413107806369725;strategy
2011-03-04;30091,216285688603;10767,183233585218;-0,1146397057383286;-0,749232030309499;0,6345923245711704;strategy
2011-03-07;29532,547000907645;10682,65116998984;-1,856585920213072;-0,7850898583364296;-1,0714960618766423;spy
2011-03-08;29526,53773035626;10776,124101076328;-0,02034795898639974;0,8749975038881308;-0,8953454628745305;spy
2011-03-09;29124,650038602147;10760,680671751968;-1,3611067285445144;-0,14331153928356377;-1,2177951892609507;spy
2011-03-10;28686,74767872723;10561,544521526543;-1,5035454822444727;-1,8505906484910462;0,34704516624657344;strategy
2011-03-11;29226,08063181671;10634,696171736094;1,8800770276562906;0,6926226562834037;1,187454371372887;strategy
2011-03-14;29293,13530884914;10570,485389017653;0,2294343804671195;-0,6037857751789333;0,8332201556460528;strategy
2011-03-15;29183,334099689957;10449,3775003175;-0,3748359743725116;-1,1457173842364887;0,7708814098639771;strategy
2011-03-16;28736,270061891064;10255,930936666562;-1,5319155661643324;-1,8512735676843861;0,31935800152005367;strategy
2011-03-17;28951,185694391595;10391,668659313882;0,747889799329049;1,3235046480474688;-0,5756148487184198;spy
2011-03-18;28906,405434378878;10384,353742340298;-0,15467504676809352;-0,07039213059423233;-0,08428291617386119;spy
2011-03-21;29467,978998694347;10545,288737061848;1,9427305328236333;1,549783440690855;0,39294709213277823;strategy
2011-03-22;29283,29553550195;10508,711671720219;-0,6267259224006505;-0,3468569353921813;-0,2798689870084692;spy
2011-03-23;29565,6986062088;10538,7861752286;0,9643828180625258;0,2861863989409352;0,6781964191215906;strategy
2011-03-24;29870,080997249916;10639,572783051815;1,0295119188463708;0,9563398113163535;0,07317210753001735;strategy
2011-03-25;30114,256635291607;10672,08559221806;0,8174589083443484;0,30558378451093215;0,5118751238334163;strategy
2011-03-28;30245,303431928136;10646,075344885065;0,43516530467151426;-0,24372225192760277;0,678887556599117;strategy
2011-03-29;30564,516966465668;10717,602284813946;1,0554152159722108;0,6718620487994764;0,38355316717273436;strategy
2011-03-30;30618,727683096986;10791,567530400685;0,17736487277320023;0,6901286651730176;-0,5127637923998174;spy
2011-03-31;30572,63232476631;10776,936456216661;-0,15054628921149504;-0,13557876687336767;-0,01496752233812737;spy
2011-04-01;30562,347732063885;10822,453148812547;-0,03363986650928297;0,4223527973910457;-0,45599266390032867;spy
2011-04-04;30744,66454659593;10831,394016303657;0,5965406065345347;0,08261405587226545;0,5139265506622692;strategy
2011-04-05;30991,61905567276;10829,769306022987;0,8032434658786114;-0,015000010877863623;0,818243476756475;strategy
2011-04-06;30632,295023124785;10863,9068254699;-1,1594232360125911;0,31521926720938787;-1,474642503221979;spy
2011-04-07;30406,926080347916;10836,271867856236;-0,7357233358020854;-0,25437403005772463;-0,48134930574436074;spy
2011-04-08;30127,73534765552;10798,88244737427;-0,9181813773436187;-0,3450395203988488;-0,5731418569447699;spy
2011-04-11;29850,407187100594;10766,370878444883;-0,9205078222930818;-0,30106419889117664;-0,6194436234019052;spy
2011-04-12;29523,1613867554;10685,903071024892;-1,096285884122239;-0,7473995492863206;-0,34888633483591835;spy
2011-04-13;29964,59667418543;10685,090715884558;1,4952168626089835;-0,007602119679861463;1,502818982288845;strategy
2011-04-14;29960,97283499792;10693,217987998476;-0,012093735907459102;0,07606179797645662;-0,08815553388391573;spy
2011-04-15;30233,125758608774;10732,232118761114;0,9083581000846053;0,3648492979982709;0,5435088020863343;strategy
2011-04-18;29994,12239876857;10611,937825438152;-0,7905347324933754;-1,1208692841508272;0,33033455165745185;strategy
2011-04-19;30294,368972390323;10672,897947358395;1,0010180315663364;0,5744485401536492;0,4265694914126872;strategy
2011-04-20;30870,340411022426;10818,390132874016;1,9012491699597067;1,363192885692599;0,5380562842671077;strategy
2011-04-21;31193,789216227102;10873,660048101347;1,0477655927927154;0,5108885383914963;0,5368770544012191;strategy
2011-04-25;30985,14844337681;10862,280874952376;-0,6688535701900422;-0,10464896914776922;-0,564204601042273;spy
2011-04-26;30992,396815455664;10955,752565802006;0,023393052617137755;0,860516238952802;-0,8371231863356643;spy
2011-04-27;31583,37888976716;11027,279505730887;1,9068614726073019;0,6528710784519776;1,2539903941553243;strategy
2011-04-28;31401,14511409545;11063,042975695327;-0,5769926527106062;0,3243181597587519;-0,9013108124693581;spy
2011-04-29;31133,552052361905;11089,051982791465;-0,8521761253013183;0,23509812945026187;-1,0872742547515801;spy
2011-05-02;30760,32796742855;11071,983843186437;-1,1987841422836931;-0,1539188348247844;-1,0448653074589087;spy
2011-05-03;30417,872144634326;11032,15611704661;-1,1133035485084708;-0,359716259560261;-0,7535872889482098;spy
2011-05-04;29929,42111985831;10959,00446683706;-1,605802741406348;-0,66307664098878;-0,942726100417568;spy
2011-05-05;29747,070341425744;10859,842569294513;-0,6092693129690185;-0,904844028877072;0,2955747159080535;strategy
2011-05-06;29927,210807453626;10907,797567548261;0,6055738059590254;0,4415809708820051;0,16399283507702034;strategy
2011-05-09;30426,852820911907;10950,06359934595;1,6695241553678075;0,38748456355142125;1,2820395918163863;strategy
2011-05-10;30660,150594388888;11043,535290195581;0,766749603878325;0,8536177895369867;-0,08686818565866172;spy
2011-05-11;30318,832334810933;10927,305253048005;-1,1132308646925493;-1,0524712792901014;-0,06075958540244786;spy
2011-05-12;30471,427842210167;10979,32450747714;0,5033027186341466;0,4760483323610343;0,027254386273112274;strategy
2011-05-13;30217,279691084575;10894,792443881763;-0,8340539617691878;-0,7699204403495807;-0,06413352141960704;spy
2011-05-16;29859,79037870729;10825,7050498476;-1,1830625259187766;-0,6341322644743075;-0,5489302614444691;spy
2011-05-17;29767,335105342238;10824,079099330072;-0,3096313543814455;-0,015019349871814303;-0,2946120045096312;spy
2011-05-18;30359,294161893697;10920,802691214758;1,9886195873987544;0,8935964990377077;1,0950230883610468;strategy
2011-05-19;30332,936945257723;10946,811698310896;-0,08681761998622362;0,2381602143316952;-0,3249778343179188;spy
2011-05-20;30209,614219447834;10859,842569294513;-0,40656374960476027;-0,794469946256604;0,3879061966518438;strategy
2011-05-23;29854,900926051614;10733,858069278638;-1,174173529061051;-1,1600950862039938;-0,014078442857057283;spy
2011-05-24;29839,302154559824;10724,91720178753;-0,05224861248217527;-0,08329593547261593;0,031047322990440662;strategy
2011-05-25;30288,7993784449;10760,680671751968;1,5063932177662664;0,33346150176785105;1,1729317159984154;strategy
2011-05-26;30502,946067084195;10810,26162052324;0,707016101772906;0,46076033927322513;0,24625576249968084;strategy
2011-05-27;30512,581976861453;10851,71405694374;0,031590095448708055;0,38345451641801365;-0,3518644209693056;spy
2011-05-31;30840,77205702439;10964,693433293116;1,0755893434774455;1,0411201009953297;0,0344692424821158;strategy
2011-06-01;30332,81464078387;10718,414639954279;-1,647032101859558;-2,246107425046995;0,5990753231874368;strategy
2011-06-02;30297,27893538109;10707,035466805308;-0,1171526804340739;-0,10616470374782416;-0,010987976686249734;spy
2011-06-03;29997,480395299528;10600,55865228918;-0,9895229889158808;-0,9944565407131956;0,004933551797314806;strategy
2011-06-06;29416,157798683456;10488,391631080136;-1,937904747183905;-1,0581236790272563;-0,8797810681566487;spy
2011-06-07;29531,489259828973;10481,890309483744;0,3920684065363611;-0,06198587757847429;0,4540542841148354;strategy
2011-06-08;29612,508280328075;10437,998327168529;0,27434789958022954;-0,41874109553983185;0,6930889951200614;strategy
2011-06-09;29939,56240808838;10517,652539211329;1,1044458803159518;0,7631176931258254;0,34132818719012636;strategy
2011-06-10;29519,221325575825;10371,3486186738;-1,4039653512069927;-1,3910320767118733;-0,012933274495119385;spy
2011-06-13;29481,54932370397;10379,476510906146;-0,12761854879693724;0,07836871106341459;-0,20598725986035182;spy
2011-06-14;29966,61009648363;10511,151217614935;1,645302855198505;1,2686064328045088;0,37669642239399614;strategy
2011-06-15;29546,053118730568;10324,205975560388;-1,4034185928905263;-1,778542028215313;0,37512343532478676;strategy
2011-06-16;29331,875523810668;10346,964941976757;-0,7248940968840323;0,22044277758739295;-0,9453368744714252;spy
2011-06-17;29118,709455428507;10326,644901336676;-0,7267386233421047;-0,19638648390161162;-0,5303521394404931;spy
2011-06-20;29507,427328768837;10379,476510906146;1,334941968961001;0,5116047862034234;0,8233371827575775;strategy
2011-06-21;30085,43514357757;10521,716795386716;1,9588553362129169;1,3703994062813418;0,588455929931575;strategy
2011-06-22;30033,121342512164;10458,31836780861;-0,17388414299394084;-0,6025483180264191;0,4286641750324782;strategy
2011-06-23;30251,144241092006;10428,245104537084;0,7259415233382027;-0,2875535264263318;1,0134950497645345;strategy
2011-06-24;30127,777949547504;10307,137215836932;-0,40780702561632465;-1,161344861825886;0,7535378362095613;strategy
2011-06-27;30309,198299783413;10398,984196405892;0,6021697004661819;0,8911007842976826;-0,2889310838315007;spy
2011-06-28;30631,59661044214;10534,721919053214;1,063697915959172;1,3052979029839928;-0,24159998702482088;spy
2011-06-29;30683,502898352293;10624,942949104649;0,16945341952061543;0,8564158669272404;-0,6869624474066249;spy
2011-06-30;30792,51954328268;10726,543152305056;0,35529400046512283;0,9562423411315191;-0,6009483406663962;spy
2011-07-01;31122,361914141213;10885,039221250317;1,0711769473585875;1,4776062212661811;-0,40642927390759365;spy
2011-07-05;31350,64354785376;10876,098353759207;0,733497137339123;-0,08213904708450626;0,8156361844236293;strategy
2011-07-06;31487,08643133202;10889,103477425706;0,43521557466592586;0,11957526719132971;0,31564030747459615;strategy
2011-07-07;31471,59808214521;11002,082853775084;-0,049189527969151214;1,037545254148764;-1,0867347821179152;spy
2011-07-08;31434,121045260537;10924,053352012954;-0,11908209041959772;-0,7092248149663472;0,5901427245467494;strategy
2011-07-11;31030,446980148627;10726,543152305056;-1,2841907191573076;-1,8080303468263725;0,5238396276690649;strategy
2011-07-12;30863,07642155303;10680,21286433198;-0,5393752745575076;-0,43192189054047647;-0,10745338401703108;spy
2011-07-13;31002,86986693625;10715,976334296418;0,45294721586988107;0,3348572768982594;0,11808993897162168;strategy
2011-07-14;30794,30439994362;10642,011088709678;-0,6727295501603225;-0,6902333793890048;0,01750382922868221;strategy
2011-07-15;30825,429667951066;10703,784806007112;0,10107475591332182;0,5804703338729844;-0,4793955779596626;spy
2011-07-18;30667,151442900176;10616,002081613538;-0,5134664034073477;-0,8201092042163349;0,3066428008089872;strategy
2011-07-19;31050,999188441252;10788,315629365634;1,2516576450074535;1,6231491518877483;-0,37149150688029486;spy
2011-07-20;30747,477039702295;10781,813067532385;-0,977495593288169;-0,060274115595482236;-0,9172214776926868;spy
2011-07-21;30708,42780395096;10931,369509223394;-0,1269998045723031;1,3871177394215284;-1,5141175439938315;spy
2011-07-22;30787,674709329338;10938,684426196978;0,2580623986493391;0,06691674787329127;0,19114565077604784;strategy
2011-07-25;30577,02913474664;10877,724304276735;-0,684187995915353;-0,557289337045419;-0,1268986588699339;spy
2011-07-26;30482,845017709093;10837,084222996571;-0,3080224590247038;-0,37360830393712297;0,06558584491241914;strategy
2011-07-27;29949,773222648182;10615,189726473202;-1,7487599820529276;-2,047547956234419;0,2987879741814914;strategy
2011-07-28;29891,376688087003;10584,302867824486;-0,19498155838127973;-0,29096850310349476;0,09598694472221503;strategy
2011-07-29;29832,605103460766;10511,96357275527;-0,19661718909607107;-0,6834582869800765;0,4868410978840054;strategy
2011-08-01;29729,747473418254;10467,25923529972;-0,34478259503586406;-0,42527104613846456;0,0804884511026005;strategy
2011-08-02;29317,48350998471;10199,847426062039;-1,386705231190255;-2,5547452606873744;1,1680400294971194;strategy
2011-08-03;29422,807281487734;10255,117961407797;0,3592524285624732;0,5418760990927529;-0,18262367053027972;spy
2011-08-04;28462,619115184352;9774,75252313786;-3,263414524376518;-4,684153220642173;1,4207386962656554;strategy
2011-08-05;28342,988290311405;9760,122069072262;-0,42030856116515025;-0,14967595374887344;-0,2706326074162768;spy
2011-08-08;27657,659134916954;9124,51122265526;-2,4179848235294177;-6,5123247631412085;4,094339939611791;strategy
2011-08-09;28030,17693458677;9548,793770439104;1,3468883894064643;4,649920827872878;-3,3030324384664134;spy
2011-08-10;27871,849722186478;9126,94952831312;-0,5648455690086207;-4,417775189908468;3,8529296208998476;strategy
2011-08-11;28210,46333170409;9536,601622031367;1,214894644211828;4,488379084900673;-3,2734844406888453;spy
2011-08-12;28391,323121734506;9600,81302486824;0,6411088960285083;0,6733153525940727;-0,03220645656556442;spy
2011-08-15;28496,446324372067;9804,013431269052;0,37026524683905215;2,1164916541388523;-1,7462264072998002;spy
2011-08-16;28343,234623968834;9720,294342932437;-0,5376519537181657;-0,8539266997493078;0,31627474603114214;strategy
2011-08-17;28191,37282864482;9726,796904765686;-0,5357955693440553;0,06689675851201393;-0,6026923278560692;spy
2011-08-18;27841,010499612734;9307,39158841599;-1,24279981383556;-4,3118543592105425;3,0690545453749825;strategy
2011-08-19;27754,592720355027;9155,397461185546;-0,3103974234660356;-1,6330475169822667;1,322650093516231;strategy
2011-08-22;27738,92070885845;9162,712998277559;-0,05646637172622704;0,07990409070743887;-0,1363704624336659;spy
2011-08-23;28107,028852950512;9464,262326962153;1,3270456625030347;3,2910484999506107;-1,964002837447576;spy
2011-08-24;28129,73300323731;9597,561743951612;0,08077748240691296;1,4084501505173819;-1,327672668110469;spy
2011-08-25;28056,732279586897;9451,257203295656;-0,25951445625883585;-1,5243928047470656;1,2648783484882298;strategy
2011-08-26;28214,075718395296;9588,620876460503;0,5608045770992165;1,4533904877432446;-0,8925859106440281;spy
2011-08-29;28385,000370584712;9864,16057793053;0,6058134028398277;2,873611388124231;-2,2677979852844032;spy
2011-08-30;28385,000370584712;9890,170205145097;0,0;0,2636780596694699;-0,2636780596694699;spy
2011-08-31;28385,000370584712;9934,061567341883;0,0;0,44378773354125656;-0,44378773354125656;spy
2011-09-01;28385,000370584712;9830,023058483615;0,0;-1,04729075970591;1,04729075970591;strategy
2011-09-02;28385,000370584712;9578,86703371063;0,0;-2,5549891722403406;2,5549891722403406;strategy
2011-09-06;28385,000370584712;9508,966044299275;0,0;-0,7297417237900339;0,7297417237900339;strategy
2011-09-07;28385,000370584712;9777,19082879572;0,0;2,8207565706604543;-2,8207565706604543;spy
2011-09-08;28385,000370584712;9675,590625595314;0,0;-1,0391553666025732;1,0391553666025732;strategy
2011-09-09;28385,000370584712;9421,996295164467;0,0;-2,6209700290543703;2,6209700290543703;strategy
2011-09-12;28385,000370584712;9482,95641708471;0,0;0,6469979398264991;-0,6469979398264991;spy
2011-09-13;28385,000370584712;9569,926166219519;0,0;0,9171164066316129;-0,9171164066316129;spy
2011-09-14;28385,000370584712;9702,413228068644;0,0;1,3844104912406285;-1,3844104912406285;spy
2011-09-15;28385,000370584712;9869,850164505016;0,0;1,7257246470598009;-1,7257246470598009;spy
2011-09-16;28385,000370584712;9877,1650814786;0,0;0,07411375909120999;-0,07411375909120999;spy
2011-09-19;28385,000370584712;9778,81615919482;0,0;-0,9957201431026297;0,9957201431026297;strategy
2011-09-20;28385,000370584712;9767,436986045848;0,0;-0,11636554940519517;0,11636554940519517;strategy
2011-09-21;28385,000370584712;9479,705136168084;0,0;-2,9458275521902944;2,9458275521902944;strategy
2011-09-22;28385,000370584712;9173,279196167767;0,0;-3,2324416803979017;3,2324416803979017;strategy
2011-09-23;28385,000370584712;9228,549731513525;0,0;0,6025166591337117;-0,6025166591337117;spy
2011-09-26;28385,000370584712;9448,005922379032;0,0;2,378013851039995;-2,378013851039995;spy
2011-09-27;28385,000370584712;9553,670381754826;0,0;1,1183784202073;-1,1183784202073;spy
2011-09-28;28385,000370584712;9358,59786758636;0,0;-2,0418593731369006;2,0418593731369006;strategy
2011-09-29;28385,000370584712;9432,5631131731;0,0;0,7903453768744573;-0,7903453768744573;spy
2011-09-30;28385,000370584712;9196,850517724473;0,0;-2,4989241272018847;2,4989241272018847;strategy
2011-10-03;28385,000370584712;8935,128295061277;0,0;-2,8457809785947585;2,8457809785947585;strategy
2011-10-04;28385,000370584712;9131,013164370079;0,0;2,1923005785722705;-2,1923005785722705;spy
2011-10-05;28385,000370584712;9300,076051323978;0,0;1,8515238551357616;-1,8515238551357616;spy
2011-10-06;28385,000370584712;9468,325963019111;0,0;1,8091240412080323;-1,8091240412080323;spy
2011-10-07;28385,000370584712;9404,92753544101;0,0;-0,6695843365101761;0,6695843365101761;strategy
2011-10-10;28385,000370584712;9719,481987792098;0,0;3,3445707174854844;-3,3445707174854844;spy
2011-10-11;28385,000370584712;9729,235210423547;0,0;0,10034714446407467;-0,10034714446407467;spy
2011-10-12;28385,000370584712;9814,579629159258;0,0;0,8771955543255494;-0,8771955543255494;spy
2011-10-13;28385,000370584712;9795,072563777941;0,0;-0,1987559948401718;0,1987559948401718;strategy
2011-10-14;28385,000370584712;9962,509500214313;0,0;1,709399653204735;-1,709399653204735;spy
2011-10-17;28385,000370584712;9772,314217479998;0,0;-1,9091101768106133;1,9091101768106133;strategy
2011-10-18;28385,000370584712;9963,322475473075;0,0;1,954585717796653;-1,954585717796653;spy
2011-10-19;28385,000370584712;9845,465867689547;0,0;-1,1829046793743525;1,1829046793743525;strategy
2011-10-20;28385,000370584712;9888,544874746;0,0;0,43755173838779804;-0,43755173838779804;spy
2011-10-21;28385,000370584712;10076,301851822453;0,0;1,8987321133158819;-1,8987321133158819;spy
2011-10-24;28385,000370584712;10199,847426062039;0,0;1,2261003695243744;-1,2261003695243744;spy
2011-10-25;28385,000370584712;10001,524251095376;0,0;-1,9443739370053614;1,9443739370053614;strategy
2011-10-26;28385,000370584712;10103,124454295783;0,0;1,0158471913846556;-1,0158471913846556;spy
2011-10-27;28385,000370584712;10455,067707010414;0,0;3,4835090303672045;-3,4835090303672045;spy
2011-10-28;28385,000370584712;10452,629401352553;0,0;-0,023321758655148184;0,023321758655148184;strategy
2011-10-31;28385,000370584712;10200,660401320802;0,0;-2,410580059397749;2,410580059397749;strategy
2011-11-01;28385,000370584712;9916,179832359665;0,0;-2,7888446215139306;2,7888446215139306;strategy
2011-11-02;28385,000370584712;10077,92718222155;0,0;1,6311457899750081;-1,6311457899750081;spy
2011-11-03;28385,000370584712;10261,620523241047;0,0;1,8227293936351252;-1,8227293936351252;spy
2011-11-04;28385,000370584712;10199,035070921705;0,0;-0,6098983311417006;0,6098983311417006;strategy
2011-11-07;28385,000370584712;10262,43349849981;0,0;0,6216120166000705;-0,6216120166000705;spy
2011-11-08;28385,000370584712;10394,106964971741;0,0;1,2830627988106302;-1,2830627988106302;spy
2011-11-09;28385,000370584712;10010,465118586486;0,0;-3,690955343043245;3,690955343043245;strategy
2011-11-10;28385,000370584712;10104,749784694883;0,0;0,9418609923862453;-0,9418609923862453;spy
2011-11-11;28385,000370584712;10294,945687547624;0,0;1,88224257804801;-1,88224257804801;spy
2011-11-14;28385,000370584712;10197,409120404178;0,0;-0,9474218718941163;0,9474218718941163;strategy
2011-11-15;28385,000370584712;10247,803044434211;0,0;0,4941836052179127;-0,4941836052179127;spy
2011-11-16;28385,000370584712;10085,242719313563;0,0;-1,5862943932059448;1,5862943932059448;strategy
2011-11-17;28385,000370584712;9925,120699850775;0,0;-1,5876863246548245;1,5876863246548245;strategy
2011-11-18;28385,000370584712;9914,554501960567;0,0;-0,10645913747292512;0,10645913747292512;strategy
2011-11-21;28385,000370584712;9725,98454962535;0,0;-1,9019508370036076;1,9019508370036076;strategy
2011-11-22;28385,000370584712;9687,782774003046;0,0;-0,3927805501580228;0,3927805501580228;strategy
2011-11-23;28385,000370584712;9474,015549593601;0,0;-2,2065650045651752;2,2065650045651752;strategy
2011-11-25;28385,000370584712;9456,13381461138;0,0;-0,18874504573711537;0,18874504573711537;strategy
2011-11-28;28385,000370584712;9730,048185682308;0,0;2,8966845905636696;-2,8966845905636696;spy
2011-11-29;28385,000370584712;9757,683763414401;0,0;0,28402303056174194;-0,28402303056174194;spy
2011-11-30;28385,000370584712;10159,207344781875;0,0;4,114947677162406;-4,114947677162406;spy
2011-12-01;28385,000370584712;10157,582014382779;0,0;-0,015998594614086148;0,015998594614086148;strategy
2011-12-02;28385,000370584712;10148,641146891669;0,0;-0,08802161260869079;0,08802161260869079;strategy
2011-12-05;28385,000370584712;10259,182217583184;0,0;1,0892204098217784;-1,0892204098217784;spy
2011-12-06;28385,000370584712;10262,43349849981;0,0;0,03169142381596046;-0,03169142381596046;spy
2011-12-07;28385,000370584712;10300,635274122109;0,0;0,372248703271838;-0,372248703271838;spy
2011-12-08;28385,000370584712;10074,675901304929;0,0;-2,193645020951762;2,193645020951762;strategy
2011-12-09;28385,000370584712;10245,364738776352;0,0;1,6942365108669755;-1,6942365108669755;spy
2011-12-12;28385,000370584712;10095,808917203773;0,0;-1,4597413111760216;1,4597413111760216;strategy
2011-12-13;28385,000370584712;10001,524251095376;0,0;-0,9338990751670329;0,9338990751670329;strategy
2011-12-14;28385,000370584712;9895,04681646082;0,0;-1,0646120727337616;1,0646120727337616;strategy
2011-12-15;28385,000370584712;9930,81028642526;0,0;0,3614280015830307;-0,3614280015830307;spy
2011-12-16;28385,000370584712;9882,854668053085;0,0;-0,48289733656201594;0,48289733656201594;strategy
2011-12-19;28385,000370584712;9777,19082879572;0,0;-1,0691631396637868;1,0691631396637868;strategy
2011-12-20;28385,000370584712;10073,050570905829;0,0;3,0260199201466387;-3,0260199201466387;spy
2011-12-21;28385,000370584712;10092,557636287149;0,0;0,19365598578113818;-0,19365598578113818;spy
2011-12-22;28385,000370584712;10181,96569107982;0,0;0,8858810423951535;-0,8858810423951535;spy
2011-12-23;28385,000370584712;10272,999696390018;0,0;0,894071027856147;-0,894071027856147;spy
2011-12-27;28385,000370584712;10281,127588622363;0,0;0,0791189766626843;-0,0791189766626843;spy
2011-12-28;28385,000370584712;10146,202841233806;0,0;-1,31235359376215;1,31235359376215;strategy
2011-12-29;28385,000370584712;10251,054325350839;0,0;1,03340614964762;-1,03340614964762;spy
2011-12-30;28385,000370584712;10200,660401320802;0,0;-0,4915974731049211;0,4915974731049211;strategy
2012-01-03;28385,000370584712;10363,220726441454;0,0;1,593625498007989;-1,593625498007989;spy
2012-01-04;28385,000370584712;10379,476510906146;0,0;0,15686035156248224;-0,15686035156248224;spy
2012-01-05;28385,000370584712;10407,111468519812;0,0;0,2662461597618071;-0,2662461597618071;spy
2012-01-06;28385,000370584712;10380,289486164911;0,0;-0,257727443739153;0,257727443739153;strategy
2012-01-09;28385,000370584712;10405,486758239142;0,0;0,24274151609946504;-0,24274151609946504;spy
2012-01-10;28385,000370584712;10495,707788290576;0,0;0,8670524709475602;-0,8670524709475602;spy
2012-01-11;28385,000370584712;10501,396754746635;0,0;0,054202790043422766;-0,054202790043422766;spy
2012-01-12;28385,000370584712;10526,593406702437;0,0;0,23993619652942222;-0,23993619652942222;spy
2012-01-13;28385,000370584712;10472,135846615442;0,0;-0,5173331768691836;0,5173331768691836;strategy
2012-01-17;28385,000370584712;10512,775927895605;0,0;0,3880782476031186;-0,3880782476031186;spy
2012-01-18;28385,000370584712;10629,007205280037;0,0;1,1056192786913055;-1,1056192786913055;spy
2012-01-19;28385,000370584712;10685,090715884558;0,0;0,527645804743293;-0,527645804743293;spy
2012-01-20;28385,000370584712;10724,91720178753;0,0;0,3727295065802716;-0,3727295065802716;spy
2012-01-23;28385,000370584712;10697,282244173863;0,0;-0,25767059170452855;0,25767059170452855;strategy
2012-01-24;28385,000370584712;10685,090715884558;0,0;-0,1139684642418759;0,1139684642418759;strategy
2012-01-25;28385,000370584712;10774,498150558802;0,0;0,8367494207730974;-0,8367494207730974;spy
2012-01-26;28385,000370584712;10719,228235331471;0,0;-0,5129697407249001;0,5129697407249001;strategy
2012-01-27;28385,000370584712;10714,351624015748;0,0;-0,045494052450989475;0,045494052450989475;strategy
2012-01-30;28330,5011698732;10677,774558674118;-0,19199999999995887;-0,3413838431402971;0,14938384314033826;strategy
2012-01-31;28345,850130011808;10673,711542735584;0,054178216073808017;-0,03805114929340547;0,09222936536721349;strategy
2012-02-01;28689,48304305602;10767,183233585218;1,212286495088688;0,8757187270368894;0,33656776805179867;strategy
2012-02-02;28747,194605492852;10784,251373190245;0,20115929712019032;0,15852000690197432;0,042639290218216;strategy
2012-02-03;29225,54454175339;10935,432525161925;1,663988235461189;1,401869696282465;0,26211853917872396;strategy
2012-02-06;29272,013171578696;10928,11760818834;0,15900004791671307;-0,06689188522496226;0,22589193314167533;strategy
2012-02-07;29416,98350503461;10955,752565802006;0,49525235113199173;0,25287939427882655;0,24237295685316518;strategy
2012-02-08;29592,70971466268;10988,265374968249;0,597363117119043;0,29676472675852494;0,30059839036051805;strategy
2012-02-09;29630,392122072233;11002,082853775084;0,12733679265228837;0,1257475892265214;0,0015892034257669607;strategy
2012-02-10;29479,380230744715;10920,802691214758;-0,5096520177842234;-0,7387706822480133;0,22911866446378992;strategy
2012-02-13;30080,908748714563;11002,082853775084;2,0405059850698626;0,7442691243356281;1,2962368607342345;strategy
2012-02-14;29982,455883872102;10988,265374968249;-0,3272935191715787;-0,12558966325266763;-0,20170385591891105;spy
2012-02-15;29753,239527093123;10937,05847567945;-0,7645016060951693;-0,4660144030144142;-0,29848720308075505;spy
2012-02-16;29930,337393193822;11058,166364379606;0,5952221301463112;1,1073168253553867;-0,5120946952090755;spy
2012-02-17;29767,484393604427;11087,427272510795;-0,5441067952225209;0,2646090424669678;-0,8087158376894887;spy
2012-02-21;29506,115864435757;11092,303883826518;-0,8780336480996853;0,043983254147828;-0,9220169022475133;spy
2012-02-22;29552,270785389108;11056,540413862078;0,15642492954819343;-0,3224169689092893;0,4788418984574827;strategy
2012-02-23;29887,191501146266;11105,309007493017;1,1333163471239693;0,44108366455926085;0,6922326825647085;strategy
2012-02-24;29909,850761700727;11129,692064071627;0,07581595799521779;0,21956216222491776;-0,14374620422969997;spy
2012-02-27;30189,02798858921;11148,387394431038;0,9333955863329413;0,16797706757549768;0,7654185187574436;strategy
2012-02-28;30198,213100628443;11180,898963360427;0,03042533215280585;0,29162575517989175;-0,2612004230270859;spy
2012-02-29;30033,83908986619;11137,008221282067;-0,5443170104619033;-0,39255110185852926;-0,15176590860337402;spy
2012-03-01;30450,777508844443;11194,716442167259;1,388228849900619;0,518166277141785;0,870062572758834;strategy
2012-03-02;30201,728218360357;11160,578922720346;-0,8178749800780927;-0,3049431365525823;-0,5129318435255104;spy
2012-03-05;30211,302330653874;11115,06223012446;0,03170054449963544;-0,40783451208991073;0,43953505658954617;strategy
2012-03-06;29621,599040901085;10952,50190500381;-1,9519293915193026;-1,4625228519195566;-0,489406539599746;spy
2012-03-07;30085,342655913413;11028,905456248413;1,5655590178369483;0,6975899379638273;0,867969079873121;strategy
2012-03-08;30540,42093377696;11138,632931562737;1,5126245463390031;0,9949081144054794;0,5177164319335237;strategy
2012-03-09;30829,287863776397;11181,712558737618;0,9458511741727627;0,38675865736457204;0,5590925168081906;strategy
2012-03-12;30909,829758873642;11182,524913877955;0,26125123438831555;0,00726503329493422;0,2539862010933813;strategy
2012-03-13;31442,920550159222;11384,09936976124;1,7246642749060737;1,8025844559766968;-0,07792018107062315;spy
2012-03-14;31394,555713241865;11371,907841471933;-0,15381788991325474;-0,10709260252672603;-0,0467252873865287;spy
2012-03-15;31713,99869612167;11437,7445747079;1,017510761412277;0,5789418464672069;0,43856891494507;strategy
2012-03-16;31519,299788618024;11403,607055260985;-0,6139210301709941;-0,2984637331594375;-0,31545729701155656;spy
2012-03-19;31762,666019449876;11448,311392716534;0,772118138613398;0,3920192728398497;0,38009886577354823;strategy
2012-03-20;31696,15175485031;11414,986228409958;-0,20941020680957934;-0,29109239924918207;0,08168219243960273;strategy
2012-03-21;32035,36091545941;11396,292138287401;1,0701903601189944;-0,163767960368022;1,2339583204870164;strategy
2012-03-22;31765,193682487403;11314,198380349884;-0,8433406874514993;-0,7203549798597386;-0,12298570759176064;spy
2012-03-23;31936,330223391145;11350,774205454662;0,5387549108447409;0,32327367680153873;0,21548123404320219;strategy
2012-03-26;32672,054273290436;11510,083869777114;2,303721325377661;1,4035136409100257;0,9002076844676354;strategy
2012-03-27;32716,38005360495;11474,320399812674;0,1356687888179442;-0,31071424299824457;0,44638303181618877;strategy
2012-03-28;32613,41324778971;11417,424534067817;-0,31472554618368065;-0,4958539047400623;0,18112835855638165;strategy
2012-03-29;32453,716160618747;11397,916848568073;-0,48966689244581696;-0,17085889590543468;-0,3188079965403823;spy
2012-03-30;32466,12424573865;11445,059491681484;0,03823317199944665;0,4136075367082048;-0,3753743647087582;spy
2012-04-02;32845,313682251886;11528,77795989967;1,1679541224050016;0,7314812848201679;0,4364728375848337;strategy
2012-04-03;33056,47321746062;11481,635316786258;0,6428909075173017;-0,4089127510078394;1,0518036585251411;strategy
2012-04-04;32596,930586708528;11367,843585296547;-1,3901744076841083;-0,9910759952752257;-0,39909841240888255;spy
2012-04-05;32373,27392009821;11362,153378603633;-0,6861279960559075;-0,05005528665326109;-0,6360727094026464;spy
2012-04-09;31769,11323874592;11234,544168307086;-1,8662328772908299;-1,1231076191670741;-0,7431252581237557;spy
2012-04-10;30749,507771499782;11045,973595853442;-3,209423755657792;-1,6784888610399173;-1,5309348946178747;spy
2012-04-11;31133,413156772316;11135,382270764543;1,2484927827962178;0,8094232177475513;0,43906956504866645;strategy
2012-04-12;31649,48143628261;11280,873216043308;1,657602643538092;1,3065644424327116;0,3510382011053803;strategy
2012-04-13;31504,028461868707;11146,761443913514;-0,4595745895765502;-1,1888421185255793;0,7292675289490291;strategy
2012-04-16;31266,04929490843;11139,44652693993;-0,7553928134883425;-0,06562369716432981;-0,6897691163240127;spy
2012-04-17;31716,573707450443;11304,44515771844;1,440938086844823;1,4812103130929621;-0,0402722262481392;spy
2012-04-18;31989,977123833996;11266,24338209614;0,8620206548960452;-0,3379358746874672;1,1999565295835124;strategy
2012-04-19;31838,603048570767;11193,904087026925;-0,4731921960345775;-0,642088872180524;0,1688966761459465;strategy
2012-04-20;31702,351883784264;11212,598177149479;-0,4279432881481915;0,16700241468228239;-0,5949457028304739;spy
2012-04-23;31297,400096447593;11118,312890922656;-1,2773556637727057;-0,8408870516645295;-0,4364686121081762;spy
2012-04-24;30865,821936907196;11160,578922720346;-1,3789585020175021;0,380147889453597;-1,7591063914710992;spy
2012-04-25;31423,88055466979;11313,386025209551;1,8080147643672717;1,3691682442935393;0,43884652007373237;strategy
2012-04-26;32142,978643721828;11392,227882112014;2,288380926731759;0,6968900091164576;1,5914909176153014;strategy
2012-04-27;32463,321984486578;11410,92197223457;0,9966199595734082;0,1640951209544328;0,8325248386189754;strategy
2012-04-30;32059,20359345498;11368,65594043688;-1,24484607959936;-0,37039979679585056;-0,8744462828035093;spy
2012-05-01;32191,44434967322;11439,370525225426;0,41248921181946674;0,6220135885810718;-0,20952437676160507;spy
2012-05-02;32531,06002721106;11405,233005778513;1,0549873868622717;-0,29842131061000865;1,3534086974722803;strategy
2012-05-03;32288,589184611832;11318,262636525275;-0,7453518034653994;-0,7625479392588841;0,017196135793484668;strategy
2012-05-04;31627,656005231333;11135,382270764543;-2,04695589392766;-1,6157989228007152;-0,43115697112694473;spy
2012-05-07;31749,01696108458;11143,510783115316;0,3837178317393386;0,0729971558508069;0,3107206758885317;strategy
2012-05-08;31612,217354489716;11098,806445659766;-0,4308782434509495;-0,4011692394401134;-0,029709004010836093;spy
2012-05-09;31620,803319102102;11032,9697124238;0,02716027324531911;-0,5931875067675674;0,6203477800128865;strategy
2012-05-10;31816,229842123845;11055,728058721743;0,6180314935379405;0,2062757978236407;0,4117556957142998;strategy
2012-05-11;31890,95056389694;11022,402894415165;0,23485096173829767;-0,3014289437074935;0,5362799054457912;strategy
2012-05-14;31469,7244517553;10900,482650574677;-1,3208327274461973;-1,1061131135232105;-0,21471961392298677;spy
2012-05-15;31459,925844556466;10837,896578136906;-0,031136615809446155;-0,5741587271318793;0,5430221113224332;strategy
2012-05-16;31171,256005753607;10796,444141716409;-0,9175795271393117;-0,38247676679364906;-0,5351027603456626;spy
2012-05-17;30080,41608093119;10636,32212225362;-3,4995058416031344;-1,4830995961354843;-2,01640624546765;spy
2012-05-18;29646,65830306098;10545,288737061848;-1,4419939428470308;-0,855872773929145;-0,5861211689178858;spy
2012-05-21;30347,052881226995;10726,543152305056;2,362473945651078;1,7188188940354232;0,6436550516156547;strategy
2012-05-22;30470,36678377796;10745,237242427609;0,406345561902155;0,1742787947348834;0,2320667671672716;strategy
2012-05-23;30893,429943692412;10750,927449120525;1,3884413105905935;0,05295561712168606;1,3354856934689074;strategy
2012-05-24;30983,47922797652;10772,059844900941;0,29148360815951513;0,1965634674815364;0,09492014067797871;strategy
2012-05-25;30988,379593593254;10737,10997031369;0,015816059844908636;-0,3244493169409557;0,3402653767858643;strategy
2012-05-29;31269,99546749807;10867,157486268097;0,9087789603656304;1,2111966470862878;-0,3024176867206574;spy
2012-05-30;30943,782761892064;10709,473772463169;-1,0432131528291033;-1,4510115824140746;0,40779842958497126;strategy
2012-05-31;30984,92323152128;10685,903071024892;0,13295229592900082;-0,22009205997481907;0,3530443559038199;strategy
2012-06-01;30190,677720439176;10416,865931388113;-2,5633289621131206;-2,5176827625011944;-0,045646199611926175;spy
2012-06-04;29951,74321120057;10411,989320072391;-0,791418170373992;-0,046814573095610434;-0,7446035972783815;spy
2012-06-05;30157,55463395977;10490,831176974852;0,6871433869739985;0,7572218380061946;-0,07007845103219612;spy
2012-06-06;30547,776175647305;10726,543152305056;1,2939429155443216;2,246837942140756;-0,9528950265964342;spy
2012-06-07;30336,432877564912;10733,045714138303;-0,6918451178481333;0,060621224759160874;-0,7524663426072942;spy
2012-06-08;30580,875974773502;10818,390132874016;0,8057740281961934;0,7951556436891938;0,01061838450699959;strategy
2012-06-11;30311,083326739616;10681,026459709168;-0,882226683946008;-1,269723789563093;0,38749710561708506;strategy
2012-06-12;30554,904763680806;10803,759058689991;0,8043969735852308;1,1490712006359427;-0,34467422705071193;spy
2012-06-13;30165,924259447187;10734,671664655829;-1,273054219092129;-0,6394755164277011;-0,633578702664428;spy
2012-06-14;30321,79875808786;10848,463396145542;0,5167237618846077;1,0600392358936839;-0,5433154740090762;spy
2012-06-15;30563,269156018112;10902,920956232538;0,7963590809923149;0,5019840884225468;0,29437499256976807;strategy
2012-06-18;30905,488114110998;10924,053352012954;1,1197066529301525;0,19382325034957848;0,925883402580574;strategy
2012-06-19;30965,270303350488;11029,717811388748;0,19343551222603672;0,9672642193414793;-0,7738287071154426;spy
2012-06-20;30857,967781806525;11011,836076406527;-0,34652538309136727;-0,16212323187232425;-0,18440215121904302;spy
2012-06-21;30480,227275332058;10764,744927927357;-1,2241263233710997;-2,243868749631839;1,019742426260739;strategy
2012-06-22;30589,98847682084;10847,651041005207;0,3601062436224378;0,7701632842480377;-0,4100570406255999;spy
2012-06-25;30561,571621052914;10673,711542735584;-0,09289593485612979;-1,603476159143713;1,5105802242875832;strategy
2012-06-26;30721,95237766014;10727,35550744539;0,5247791527080548;0,5025802364531318;0,022198916254922985;strategy
2012-06-27;30632,831916522373;10824,079099330072;-0,2900872315737768;0,9016536444378165;-1,1917408760115933;spy
2012-06-28;30436,24869829911;10793,192240681357;-0,641740269913571;-0,2853532237271472;-0,3563870461864238;spy
2012-06-29;30815,17910032586;11062,230620554992;1,244997061835429;2,492667358036882;-1,247670296201453;spy
2012-07-02;30986,108169286224;11095,554544624714;0,5546911423226497;0,3012405473431512;0,2534505949794985;strategy
2012-07-03;31026,322411401907;11168,70743507112;0,12978151982165897;0,65929909273299;-0,5295175729113311;spy
2012-07-05;31191,608117429118;11118,312890922656;0,5327273527154119;-0,45121196379643846;0,9839393165118504;strategy
2012-07-06;31045,030358034204;11012,649671783718;-0,4699269074011303;-0,9503529912816666;0,4804260838805363;strategy
2012-07-09;30957,641013905446;10998,832192976886;-0,2814922166959444;-0,1254691579106071;-0,1560230587853373;spy
2012-07-10;30617,34212963358;10902,920956232538;-1,0992403591701727;-0,8720129106578378;-0,2272274485123349;spy
2012-07-11;30423,50289394899;10904,546906750063;-0,6331027522372024;0,014912980879655535;-0,6480157331168579;spy
2012-07-12;30586,60334130625;10851,71405694374;0,5361001588995329;-0,4845029349511032;1,020603093850636;strategy
2012-07-13;30801,011722953997;11033,782067564136;0,7009878777817669;1,677781128999567;-0,9767932512178001;spy
2012-07-16;30747,80662894776;11007,77182023114;-0,1727381375806747;-0,2357328355202637;0,062994697939589;strategy
2012-07-17;30795,950856649735;11083,363016335408;0,15657776270989743;0,6867075130076561;-0,5301297502977587;spy
2012-07-18;30734,624669125827;11165,455534036068;-0,19913717816141263;0,7406823865614198;-0,9398195647228325;spy
2012-07-19;30754,61159537022;11194,716442167259;0,06503065015293075;0,26206640689216965;-0,1970357567392389;spy
2012-07-20;30550,373652830418;11092,303883826518;-0,6640888372348996;-0,9148294096577692;0,2507405724228695;strategy
2012-07-23;30476,996679650896;10980,136862617475;-0,24018355393412572;-1,0112148241141483;0,7710312701800226;strategy
2012-07-24;30356,99784028395;10885,851576390653;-0,3937357759633442;-0,8586895355359614;0,4649537595726172;strategy
2012-07-25;30142,462250548277;10888,291122285369;-0,7067088480369632;0,022410243953796538;-0,7291190919907597;spy
2012-07-26;30608,494715159333;11067,919587011049;1,5460995214569007;1,6497397314995554;-0,10364021004265478;spy
2012-07-27;30852,90207888052;11271,932348552196;0,7984952085871244;1,8432801208690508;-1,0447849122819264;spy
2012-07-30;30624,76969230276;11271,932348552196;-0,7394195398361614;0,0;-0,7394195398361614;spy
2012-07-31;30624,76969230276;11193,091731886589;0,0;-0,6994418900654109;0,6994418900654109;strategy
2012-08-01;30624,76969230276;11183,337269018288;0,0;-0,08714717168369912;0,08714717168369912;strategy
2012-08-02;30624,76969230276;11106,12136263335;0,0;-0,6904549556852935;0,6904549556852935;strategy
2012-08-03;30624,76969230276;11326,391148876048;0,0;1,983318739733897;-1,983318739733897;spy
2012-08-06;30624,76969230276;11348,335899796799;0,0;0,19374883519653885;-0,19374883519653885;spy
2012-08-07;30624,76969230276;11405,233005778513;0,0;0,5013695971294974;-0,5013695971294974;spy
2012-08-08;30624,76969230276;11419,050484585345;0,0;0,12115034212656361;-0,12115034212656361;spy
2012-08-09;30624,76969230276;11428,80370721679;0,0;0,08541185315373845;-0,08541185315373845;spy
2012-08-10;30624,76969230276;11447,497797339345;0,0;0,1635699641140187;-0,1635699641140187;spy
2012-08-13;30624,76969230276;11441,808830883287;0,0;-0,04969615680887607;0,04969615680887607;strategy
2012-08-14;30624,76969230276;11443,433541163957;0,0;0,014199767752498538;-0,014199767752498538;spy
2012-08-15;30624,76969230276;11456,438664830455;0,0;0,1136470415082691;-0,1136470415082691;spy
2012-08-16;30624,76969230276;11540,970728425833;0,0;0,7378563798790205;-0,7378563798790205;spy
2012-08-17;30624,76969230276;11556,412917513335;0,0;0,13380320816054336;-0,13380320816054336;spy
2012-08-20;30624,76969230276;11557,226512890526;0,0;0,007040206879049826;-0,007040206879049826;spy
2012-08-21;30624,76969230276;11522,275398066422;0,0;-0,30241784034534813;0,30241784034534813;strategy
2012-08-22;30624,76969230276;11527,153249619;0,0;0,04233409968135149;-0,04233409968135149;spy
2012-08-23;30624,76969230276;11432,867963392177;0,0;-0,8179407715425246;0,8179407715425246;strategy
2012-08-24;30624,76969230276;11501,95535742634;0,0;0,604287517842228;-0,604287517842228;spy
2012-08-27;30624,76969230276;11504,3936630842;0,0;0,021199053396481204;-0,021199053396481204;spy
2012-08-28;30624,76969230276;11493,014489935229;0,0;-0,0989115418180142;0,0989115418180142;strategy
2012-08-29;30624,76969230276;11501,95535742634;0,0;0,077793928641956;-0,077793928641956;spy
2012-08-30;30624,76969230276;11419,050484585345;0,0;-0,7207893811504551;0,7207893811504551;strategy
2012-08-31;30624,76969230276;11473,50804467234;0,0;0,4769009486428777;-0,4769009486428777;spy
2012-09-04;30624,76969230276;11462,941226663703;0,0;-0,09209753431553835;0,09209753431553835;strategy
2012-09-05;30624,76969230276;11453,188004032258;0,0;-0,08508481757507624;0,08508481757507624;strategy
2012-09-06;30624,76969230276;11685,649318564261;0,0;2,0296647051472716;-2,0296647051472716;spy
2012-09-07;30624,76969230276;11731,166011160149;0,0;0,38950931484464935;-0,38950931484464935;spy
2012-09-10;30624,76969230276;11664,51568254699;0,0;-0,5681475187526375;0,5681475187526375;strategy
2012-09-11;30624,76969230276;11697,028491713232;0,0;0,2787326113752764;-0,2787326113752764;spy
2012-09-12;30624,76969230276;11736,04262247587;0,0;0,3335388196265221;-0,3335388196265221;spy
2012-09-13;30624,76969230276;11914,858732061213;0,0;1,5236491152723852;-1,5236491152723852;spy
2012-09-14;30624,76969230276;11967,691581867539;0,0;0,44341985913907145;-0,44341985913907145;spy
2012-09-17;30624,76969230276;11927,051500587375;0,0;-0,3395816227562132;0,3395816227562132;strategy
2012-09-18;30624,76969230276;11917,297037719074;0,0;-0,08178436110399812;0,08178436110399812;strategy
2012-09-19;30624,76969230276;11923,799599552325;0,0;0,05456406610215847;-0,05456406610215847;spy
2012-09-20;30624,76969230276;11924,613194929514;0,0;0,006823289593183013;-0,006823289593183013;spy
2012-09-21;30624,76969230276;11856,33691579883;0,0;-0,5725659861211652;0,5725659861211652;strategy
2012-09-24;30624,76969230276;11838,455180816612;0,0;-0,1508200644871227;0,1508200644871227;strategy
2012-09-25;30624,76969230276;11712,471921037593;0,0;-1,0641866515080922;1,0641866515080922;strategy
2012-09-26;30624,76969230276;11646,633947564771;0,0;-0,5621185170533116;0,5621185170533116;strategy
2012-09-27;30624,76969230276;11756,362663115951;0,0;0,9421496034407673;-0,9421496034407673;spy
2012-09-28;30624,76969230276;11701,905103028956;0,0;-0,4632177625640055;0,4632177625640055;strategy
2012-10-01;30624,76969230276;11732,791961677673;0,0;0,2639472665072473;-0,2639472665072473;spy
2012-10-02;30624,76969230276;11744,98348996698;0,0;0,10390986501020993;-0,10390986501020993;spy
2012-10-03;30624,76969230276;11792,938488220725;0,0;0,4083019639381291;-0,4083019639381291;spy
2012-10-04;30624,76969230276;11877,470551816103;0,0;0,7168023786422006;-0,7168023786422006;spy
2012-10-05;30624,76969230276;11878,28290695644;0,0;0,0068394624662904135;-0,0068394624662904135;spy
2012-10-08;30624,76969230276;11837,642825676276;0,0;-0,34213767762985015;0,34213767762985015;strategy
2012-10-09;30624,76969230276;11720,599193151511;0,0;-0,9887410377925288;0,9887410377925288;strategy
2012-10-10;30624,76969230276;11645,821592424434;0,0;-0,6380015176252307;0,6380015176252307;strategy
2012-10-11;30624,76969230276;11652,324154257683;0,0;0,0558360076328146;-0,0558360076328146;spy
2012-10-12;30624,76969230276;11614,122378635384;0,0;-0,32784683224196254;0,32784683224196254;strategy
2012-10-15;30624,76969230276;11710,845970520066;0,0;0,8328101662042897;-0,8328101662042897;spy
2012-10-16;30624,76969230276;11829,514313325502;0,0;1,0133199864823084;-1,0133199864823084;spy
2012-10-17;30624,76969230276;11883,159518272161;0,0;0,4534861155392367;-0,4534861155392367;spy
2012-10-18;30624,76969230276;11852,2738998603;0,0;-0,25991082897077744;0,25991082897077744;strategy
2012-10-19;30624,76969230276;11654,762459915544;0,0;-1,6664434319821453;1,6664434319821453;strategy
2012-10-22;30624,76969230276;11656,388410433072;0,0;0,013950953724872761;-0,013950953724872761;spy
2012-10-23;30624,76969230276;11494,640440452757;0,0;-1,3876336673505407;1,3876336673505407;strategy
2012-10-24;30624,76969230276;11462,128871523368;0,0;-0,2828411127587027;0,2828411127587027;strategy
2012-10-25;30624,76969230276;11495,452795593092;0,0;0,2907306700460799;-0,2907306700460799;spy
2012-10-26;30624,76969230276;11488,951473996698;0,0;-0,05655559386826825;0,05655559386826825;strategy
2012-10-31;30624,76969230276;11488,951473996698;0,0;0,0;0,0;tie
2012-11-01;30624,76969230276;11609,24576731966;0,0;1,047043271052428;-1,047043271052428;spy
2012-11-02;30624,76969230276;11506,019613601728;0,0;-0,8891719219909833;0,8891719219909833;strategy
2012-11-05;30624,76969230276;11529,591555276862;0,0;0,2048661697679366;-0,2048661697679366;spy
2012-11-06;30624,76969230276;11619,812585328295;0,0;0,7825171396478536;-0,7825171396478536;spy
2012-11-07;30624,76969230276;11356,464412147574;0,0;-2,26637195089735;2,26637195089735;strategy
2012-11-08;30624,76969230276;11219,913094123063;0,0;-1,2024104780220757;1,2024104780220757;strategy
2012-11-09;30624,76969230276;11229,667556991362;0,0;0,08693884512713801;-0,08693884512713801;spy
2012-11-12;30624,76969230276;11238,608424482474;0,0;0,07961827405607025;-0,07961827405607025;spy
2012-11-13;30624,76969230276;11199,59305348298;0,0;-0,34715482136117304;0,34715482136117304;strategy
2012-11-14;30624,76969230276;11048,411901511303;0,0;-1,349880761289457;1,349880761289457;strategy
2012-11-15;30624,76969230276;11029,717811388748;0,0;-0,1692016037164401;0,1692016037164401;strategy
2012-11-16;30624,76969230276;11084,175371475743;0,0;0,4937348445194667;-0,4937348445194667;spy
2012-11-19;30624,76969230276;11308,509413893828;0,0;2,023912784665871;-2,023912784665871;spy
2012-11-20;30624,76969230276;11313,386025209551;0,0;0,043123378486398245;-0,043123378486398245;spy
2012-11-21;30624,76969230276;11334,518420989967;0,0;0,18679107858006194;-0,18679107858006194;spy
2012-11-23;30624,76969230276;11488,951473996698;0,0;1,3625021131973503;-1,3625021131973503;spy
2012-11-26;30624,76969230276;11464,567177181229;0,0;-0,2122412725883538;0,2122412725883538;strategy
2012-11-27;30624,76969230276;11406,045360918846;0,0;-0,5104581390465657;0,5104581390465657;strategy
2012-11-28;30624,76969230276;11497,892341487808;0,0;0,8052482491754942;-0,8052482491754942;spy
2012-11-29;30624,76969230276;11551,536306197611;0,0;0,4665547660090752;-0,4665547660090752;spy
2012-11-30;30624,76969230276;11553,974611855474;0,0;0,021108063838704005;-0,021108063838704005;spy
2012-12-03;30624,76969230276;11497,078746110617;0,0;-0,49243544023782615;0,49243544023782615;strategy
2012-12-04;30624,76969230276;11480,822961645923;0,0;-0,14139056384382398;0,14139056384382398;strategy
2012-12-05;30624,76969230276;11501,143002286006;0,0;0,17699115044249591;-0,17699115044249591;spy
2012-12-06;30624,76969230276;11540,15713304864;0,0;0,3392195954339483;-0,3392195954339483;spy
2012-12-07;30624,76969230276;11575,108247872746;0,0;0,30286515531068314;-0,30286515531068314;spy
2012-12-10;30624,76969230276;11579,984859188467;0,0;0,04213015732805747;-0,04213015732805747;spy
2012-12-11;30624,76969230276;11658,826716090933;0,0;0,6808459411750123;-0,6808459411750123;spy
2012-12-12;30624,76969230276;11664,51568254699;0,0;0,04879535989847916;-0,04879535989847916;spy
2012-12-13;30624,76969230276;11592,989982854966;0,0;-0,6131904799017374;0,6131904799017374;strategy
2012-12-14;30624,76969230276;11549,911595916941;0,0;-0,3715899608447315;0,3715899608447315;strategy
2012-12-17;30624,76969230276;11685,649318564261;0,0;1,1752273731281626;-1,1752273731281626;spy
2012-12-18;30624,76969230276;11815,69683451867;0,0;1,1128822405085392;-1,1128822405085392;spy
2012-12-19;30624,76969230276;11727,914110125095;0,0;-0,742933113662203;0,742933113662203;strategy
2012-12-20;30624,76969230276;11795,376793878588;0,0;0,5752317344756896;-0,5752317344756896;spy
2012-12-21;30624,76969230276;11605,993866284607;0,0;-1,6055691217279677;1,6055691217279677;strategy
2012-12-24;30624,76969230276;11570,231636557022;0,0;-0,3081358661706224;0,3081358661706224;strategy
2012-12-26;30624,76969230276;11521,463042926085;0,0;-0,42150058151687597;0,42150058151687597;strategy
2012-12-27;30624,76969230276;11506,019613601728;0,0;-0,13404052303791492;0,13404052303791492;strategy
2012-12-28;30624,76969230276;11381,661064103379;0,0;-1,0808129455241011;1,0808129455241011;strategy
2012-12-31;30624,76969230276;11575,108247872746;0,0;1,6996392941227123;-1,6996392941227123;spy
2013-01-02;30624,76969230276;11871,78034512319;0,0;2,5630179078883986;-2,5630179078883986;spy
2013-01-03;30624,76969230276;11844,95774264986;0,0;-0,22593580485464893;0,22593580485464893;strategy
2013-01-04;30624,76969230276;11896,976997078995;0,0;0,4391679190363984;-0,4391679190363984;spy
2013-01-07;30624,76969230276;11864,465428149606;0,0;-0,27327588291858884;0,27327588291858884;strategy
2013-01-08;30624,76969230276;11830,327908702691;0,0;-0,2877290987415293;0,2877290987415293;strategy
2013-01-09;30624,76969230276;11860,40117197422;0,0;0,2542048158226118;-0,2542048158226118;spy
2013-01-10;30624,76969230276;11954,68645820104;0,0;0,7949586599955261;-0,7949586599955261;spy
2013-01-11;30624,76969230276;11953,874103060707;0,0;-0,0067952860426157;0,0067952860426157;strategy
2013-01-14;30624,76969230276;11945,74559070993;0,0;-0,06799897908156272;0,06799897908156272;strategy
2013-01-15;30624,76969230276;11953,874103060707;0,0;0,06804524915631216;-0,06804524915631216;spy
2013-01-16;30624,76969230276;11952,248152543181;0,0;-0,01360187085381881;0,01360187085381881;strategy
2013-01-17;30624,76969230276;12029,464058928119;0,0;0,6460366735985712;-0,6460366735985712;spy
2013-01-18;30624,76969230276;12056,286661401447;0,0;0,22297421017207775;-0,22297421017207775;spy
2013-01-22;30624,76969230276;12121,311039497077;0,0;0,5393400134040105;-0,5393400134040105;spy
2013-01-23;30624,76969230276;12140,81748475997;0,0;0,16092686013362556;-0,16092686013362556;spy
2013-01-24;30624,76969230276;12144,069385795023;0,0;0,02678486056755247;-0,02678486056755247;spy
2013-01-25;30624,76969230276;12212,34442468885;0,0;0,5622088998741059;-0,5622088998741059;spy
2013-01-28;30565,970134493553;12197,714590741682;-0,19199999999995887;-0,11979545809068792;-0,07220454190927095;spy
2013-01-29;31033,727668939457;12245,669588995426;1,5303212441408531;0,39314740394191805;1,137173840198935;strategy
2013-01-30;30835,35826763358;12197,714590741682;-0,6392058454016136;-0,3916078080110852;-0,24759803739052844;spy
2013-01-31;30433,160508518256;12167,6400872333;-1,3043395040993944;-0,24655851130677142;-1,057780992792623;spy
2013-02-01;30621,94830886447;12292,812232108838;0,6203358349632149;1,0287298438985903;-0,4083940089353755;spy
2013-02-04;30416,06159969858;12154,634963566801;-0,6723501296822754;-1,1240492893978882;0,4516991597156128;strategy
2013-02-05;30677,727385650305;12277,36880278448;0,8602881904812953;1,0097698498191976;-0,14948165933790225;spy
2013-02-06;30729,541210813608;12286,30967027559;0,16889720842729883;0,07282397095607074;0,09607323747122809;strategy
2013-02-07;30676,57480410958;12270,053885810896;-0,1723631548569582;-0,13230811285851463;-0,040055041998443564;spy
2013-02-08;31035,426259949803;12338,328924704725;1,169789841700819;0,5564363411050932;0,6133535005957258;strategy
2013-02-11;30938,95714905289;12335,890619046862;-0,3108354629606125;-0,019762041300264155;-0,29107342166034833;spy
2013-02-12;31094,603217639946;12356,210659686943;0,503074708811968;0,16472293138452;0,33835177742744804;strategy
2013-02-13;31283,68354378761;12366,776237458726;0,6080808454902442;0,08550823600192992;0,5225726094883143;strategy
2013-02-14;31374,330993242304;12378,155410607696;0,2897595141819309;0,09201406195500361;0,1977454522269273;strategy
2013-02-15;31412,551727615864;12363,525576660528;0,12182167129490828;-0,11819074378910388;0,24001241508401217;strategy
2013-02-19;31593,19164090689;12456,184912369825;0,5750564769694266;0,7494572250832388;-0,17440074811381212;spy
2013-02-20;30913,31222490086;12300,939504222759;-2,1519807929937795;-1,246331916547716;-0,9056488764460635;spy
2013-02-21;30332,339958379955;12226,161903495682;-1,879359488540755;-0,6079015403775201;-1,2714579481632349;spy
2013-02-22;30515,10939177055;12345,64384167831;0,6025563264864475;0,9772644851731016;-0,3747081586866541;spy
2013-02-25;30055,0688185034;12110,744221488443;-1,5075829070801738;-1,9026923439736443;0,39510943689347044;strategy
2013-02-26;30137,679482514977;12193,650334566295;0,27486433157231094;0,6845666258127103;-0,4097022942403994;spy
2013-02-27;30328,30003506346;12347,269792195833;0,6324991035194794;1,2598315796711113;-0,6273324761516319;spy
2013-02-28;30424,860622343935;12322,885495380368;0,3183844368752409;-0,19748735733366996;0,5158717942089108;strategy
2013-03-01;30630,87721648672;12363,525576660528;0,6771324171374715;0,329793547910473;0,3473388692269985;strategy
2013-03-04;30917,967115364278;12429,362309896494;0,9372565364306196;0,5325077610568663;0,4047487753737533;strategy
2013-03-05;31152,51076830223;12540,715735728347;0,758599852515518;0,8958900952077853;-0,1372902426922673;spy
2013-03-06;31109,090057526024;12557,78511557023;-0,13938109547300126;0,1361116877344859;-0,27549278320748716;spy
2013-03-07;31075,45340988342;12580,543461868174;-0,10812482004586288;0,18122898336367932;-0,2893538034095422;spy
2013-03-08;31236,04218813136;12634,188666814835;0,5167705073511941;0,42641405046817127;0,09035645688302285;strategy
2013-03-11;31144,2461312105;12682,14366506858;-0,29387864303672684;0,3795653169222035;-0,6734439599589304;spy
2013-03-12;31176,466966320164;12653,695112077725;0,10345678291237004;-0,22431975021077744;0,3277765331231475;strategy
2013-03-13;31315,062902841608;12671,576847059945;0,44455305558248615;0,14131630977225473;0,3032367458102314;strategy
2013-03-14;31377,92515525261;12739,039530813436;0,20074126182036967;0,5323937546821034;-0,3316524928617337;spy
2013-03-15;31312,851088358322;12665,887880603885;-0,20738804931274002;-0,5742320685371172;0,36684401922437715;strategy
2013-03-18;31323,955105752597;12595,986891192531;0,03546153418907405;-0,5518838479408705;0,5873453821299446;strategy
2013-03-19;31147,482428548232;12566,725983061342;-0,563379294244859;-0,23230341841375957;-0,33107587583109943;spy
2013-03-20;31483,246019582526;12654,508707454914;1,077979871421486;0,6985329712121846;0,3794469002093015;strategy
2013-03-21;31230,434427464475;12546,40594242126;-0,8030035783502143;-0,8542628365332705;0,05125925818305621;strategy
2013-03-22;31420,276538791273;12647,19379048133;0,6078753459793251;0,8033204769765323;-0,19544513099720717;spy
2013-03-25;31262,34991933689;12594,360940675007;-0,5026264465222252;-0,41774365666861213;-0,08488278985361308;spy
2013-03-26;31592,21075714683;12695,148788735078;1,0551376932989465;0,800261708671246;0,25487598462770045;strategy
2013-03-27;31657,275563453026;12695,148788735078;0,20595205193569832;0,0;0,20595205193569832;strategy
2013-03-28;31792,646731011933;12734,162919497714;0,42761471146679497;0,307315269886832;0,12029944157996297;strategy
2013-04-01;31371,088516462696;12683,769615586107;-1,3259613712438445;-0,3957331489331639;-0,9302282223106806;spy
2013-04-02;30968,567972749683;12746,355688023876;-1,2830939656485962;0,4934343206680625;-1,7765282863166587;spy
2013-04-03;30350,50281474177;12617,11928697295;-1,9957821703340373;-1,0139086356451887;-0,9818735346888485;spy
2013-04-04;30510,026606108175;12668,326186261747;0,5256051022947794;0,4058525414883718;0,11975256080640762;strategy
2013-04-05;30357,4610460648;12611,430320516893;-0,5000505637475561;-0,4491190462600825;-0,0509315174874736;spy
2013-04-08;30711,351268818617;12696,774739252603;1,1657438091308814;0,6767227552046062;0,48902105392627515;strategy
2013-04-09;30809,081502721667;12740,665481330961;0,31822186216299286;0,34568418342233453;-0,02746232125934167;spy
2013-04-10;31144,330729339323;12896,723244618364;1,0881506694317977;1,2248792146381637;-0,13672854520636601;spy
2013-04-11;31296,466764690394;12938,989276416052;0,4884870915134343;0,3277269039275055;0,1607601875859288;strategy
2013-04-12;31209,835341220663;12907,290062626998;-0,2768089577685817;-0,24498987603948086;-0,03181908172910086;spy
2013-04-15;30189,899334175338;12608,17841948184;-3,2679954760871044;-2,317385304691;-0,9506101713961046;spy
2013-04-16;30726,848315517178;12794,310686277624;1,7785716189321787;1,4762819862080834;0,30228963272409537;strategy
2013-04-17;30150,508432181126;12607,366064341502;-1,875688249630858;-1,4611543092870716;-0,41453394034378643;spy
2013-04-18;29853,816061403668;12528,52420743904;-0,9840377035260306;-0,6253634303953204;-0,3586742731307102;spy
2013-04-19;30238,292858586607;12637,439327613029;1,2878648290461259;0,869337189046715;0,4185276399994109;strategy
2013-04-22;30427,52146741539;12693,522838217552;0,6257913094291911;0,4437885646816131;0,18200274474757805;strategy
2013-04-23;31262,17142230229;12824,38394954915;2,7430757243264825;1,0309282379640239;1,7121474863624586;strategy
2013-04-24;31264,424740466857;12832,512461899923;0,007207810788734115;0,06338325788397547;-0,05617544709524136;spy
2013-04-25;31234,375235866115;12884,531716329057;-0,09611404927546419;0,4053707688465469;-0,5014848181220111;spy
2013-04-26;31199,367444427568;12861,773370031115;-0,11208097224352231;-0,1766330884117373;0,06455211616821499;strategy
2013-04-29;31299,93899734203;12947,930143907162;0,32235125629902495;0,6698669879909414;-0,3475157316919164;spy
2013-04-30;31503,06603585314;12978,815762319025;0,6489694389767209;0,23853711032257863;0,41043232865414225;strategy
2013-05-01;31260,813532485605;12865,02403082931;-0,7689807179143471;-0,8767497248869383;0,10776900697259117;strategy
2013-05-02;31845,39728240016;12984,50596901194;1,8700209107068488;0,9287346677029573;0,9412862430038915;strategy
2013-05-03;32409,372370404166;13116,17943548387;1,7709783395156276;1,014081450508586;0,7568968890070416;strategy
2013-05-06;32630,914311678465;13149,504599790449;0,6835736858533226;0,25407676427804393;0,42949692157527863;strategy
2013-05-07;32342,975566716003;13216,154928403606;-0,8824109009394565;0,5068657005848021;-1,3892766015242586;spy
2013-05-08;32432,794338637672;13276,301454946659;0,2777072002432046;0,45509852804304085;-0,17739132779983624;spy
2013-05-09;32222,241289491452;13238,91327470155;-0,649197990613426;-0,28161593326263556;-0,3675820573507904;spy
2013-05-10;32495,470267773246;13281,991661639573;0,8479514997949522;0,3253921681044769;0,5225593316904753;strategy
2013-05-13;32782,03735152863;13292,557239411353;0,8818677846295975;0,07954814338797522;0,8023196412416223;strategy
2013-05-14;33365,11056028735;13429,9209125762;1,7786362772585163;1,033387862777646;0,7452484144808702;strategy
2013-05-15;33406,52771731421;13502,260207645415;0,12413313287849004;0,5386427480855271;-0,4145096152070371;spy
2013-05-16;33126,77912357236;13438,861780067311;-0,837406976591748;-0,4695393704692963;-0,36786760612245173;spy
2013-05-17;33644,406100873675;13568,910536258572;1,5625635543087713;0,967706628132392;0,5948569261763792;strategy
2013-05-20;33717,087897784935;13568,096940881382;0,21602936515907611;-0,005996025804844152;0,22202539096392027;strategy
2013-05-21;33616,38088455459;13587,604626381126;-0,29868241746039415;0,14377613592195804;-0,4424585533823522;spy
2013-05-22;33229,438871457955;13486,816778321056;-1,1510519660800744;-0,7417631792463575;-0,40928878683371694;spy
2013-05-23;33242,628071556035;13447,80264755842;0,039691311517775496;-0,28927604937399876;0,32896736089177425;strategy
2013-05-24;33341,647859698656;13436,423474409448;0,2978699154876585;-0,08461734193456749;0,382487257422226;strategy
2013-05-28;33522,20848126842;13516,89128182944;0,5415467835589993;0,5988781729992843;-0,05733138944028493;spy
2013-05-29;33275,77994309059;13429,108557435864;-0,7351202362324449;-0,6494298323726277;-0,08569040385981719;spy
2013-05-30;33615,51172588204;13478,689506207138;1,02095813643579;0,3692050634576116;0,6517530729781784;strategy
2013-05-31;33210,89814877083;13285,242322437769;-1,203651398826333;-1,4352076563547533;0,23155625752842024;strategy
2013-06-03;32808,66017724764;13358,395212884176;-1,211162581997427;0,5506327146389767;-1,7617952966364037;spy
2013-06-04;32596,412522424027;13294,18318992888;-0,6469257009489415;-0,48068665383819154;-0,16623904711075;spy
2013-06-05;32160,20108032468;13108,052163369952;-1,3382191730432424;-1,4000937394930357;0,06187456644979328;strategy
2013-06-06;32724,84817818566;13226,720506175387;1,7557324857848222;0,9053087470695997;0,8504237387152225;strategy
2013-06-07;33256,607660152265;13394,971037988951;1,6249410205700254;1,2720502541428091;0,3528907664272163;strategy
2013-06-10;33312,567028857884;13394,971037988951;0,16826541443271115;0,0;0,16826541443271115;strategy
2013-06-11;32849,57603899738;13256,795009683769;-1,3898388240672799;-1,0315515271612563;-0,35828729690602357;spy
2013-06-12;32007,17732264928;13147,066294132588;-2,5644127502529868;-0,8277167706902455;-1,7366959795627412;spy
2013-06-13;32390,71826130081;13347,016039735205;1,1982966657297922;1,5208696839982716;-0,3225730182684794;spy
2013-06-14;32251,344765267568;13263,296331280164;-0,430288377395327;-0,6272541233621087;0,19696574596678174;strategy
2013-06-17;32471,47335145824;13365,71012985776;0,6825407988188426;0,7721594694077849;-0,08961867058894235;spy
2013-06-18;32835,17596298393;13471,374589233554;1,1200680905024463;0,7905637511900654;0,3295043393123809;strategy
2013-06-19;32308,910335422428;13285,242322437769;-1,6027495273811754;-1,3816872625941445;-0,22106226478703084;spy
2013-06-20;31302,56673128302;12956,057416021084;-3,114755631470756;-2,4778238772560246;-0,6369317542147312;spy
2013-06-21;31116,77916582968;12929,236053784607;-0,5935218253769192;-0,20701793281118208;-0,38650389256573714;spy
2013-06-24;30878,88439239506;12765,862133286768;-0,7645224853344179;-1,2636007248859604;0,4990782395515425;strategy
2013-06-25;31160,330987330737;12888,595972504445;0,9114532486315996;0,9614222520675009;-0,04996900343590127;spy
2013-06-26;31471,762278938033;13016,20518280099;0,9994479575134108;0,9900939603411985;0,009353997172212303;strategy
2013-06-27;31730,43043954807;13092,608734045592;0,8219055492267202;0,586987913693604;0,23491763553311618;strategy
2013-06-28;31558,047505084305;13038,963529098932;-0,5432732303842558;-0,4097365623335514;-0,1335366680507044;spy
2013-07-01;32088,419779211203;13115,367080343536;1,680624487435245;0,5859633787156149;1,09466110871963;strategy
2013-07-02;31908,41888332123;13103,17555205423;-0,5609528207636716;-0,09295605845129895;-0,46799676231237264;spy
2013-07-03;31826,435740672878;13108,864518510289;-0,2569326388378479;0,04341670027587785;-0,30034933911372574;spy
2013-07-05;32395,6999785988;13250,292447850521;1,788652183877537;1,0788724617645462;0,7097797221129909;strategy
2013-07-08;32496,818322848034;13325,882403717933;0,3121350806311707;0,5704776416438628;-0,25834256101269215;spy
2013-07-09;32624,39317035869;13421,793640462281;0,3925764246925034;0,7197364785208382;-0,3271600538283348;spy
2013-07-10;32535,733968992277;13426,670251778003;-0,27175739607921967;0,03633352923129163;-0,3080909253105113;spy
2013-07-11;33025,65358655551;13609,550617538735;1,5057893515792342;1,3620679016565163;0,14372144992271796;strategy
2013-07-12;33298,499994601705;13615,239583994793;0,8261650517562114;0,04180128070303546;0,7843637710531759;strategy
2013-07-15;33519,24986967111;13667,258838423926;0,6629424001237227;0,38206639044591206;0,2808760096778107;strategy
2013-07-16;33284,16819320704;13616,053179371984;-0,7013333454003567;-0,3746593201848447;-0,32667402521551203;spy
2013-07-17;33378,86169482714;13651,003053959232;0,28450012952230264;0,2566813901710985;0,027818739351204158;strategy
2013-07-18;33587,53523783096;13725,78065468631;0,6251667444853615;0,547780997714975;0,07738574677038645;strategy
2013-07-19;33482,64772758722;13750,164951501778;-0,3122810575442503;0,17765326016006;-0,4899343177043103;spy
2013-07-22;33609,66095474025;13776,987553975108;0,37934045176595266;0,1950711323677634;0,18426931939818925;strategy
2013-07-23;33286,98470179865;13747,726645843917;-0,9600699435085791;-0,21238974062038896;-0,7476802028881901;spy
2013-07-24;33278,29587342525;13697,33334193231;-0,026102779964098932;-0,3665573604261452;0,34045458046204624;strategy
2013-07-25;33700,46554908683;13730,65726600203;1,2686036486583063;0,2432876767896497;1,0253159718686566;strategy
2013-07-26;33909,38056446814;13745,288340186054;0,6199172978100576;0,10655771170002826;0,5133595861100293;strategy
2013-07-29;33505,653411634776;13703,022308388367;-1,1906060981143662;-0,30749469019225595;-0,8831114079221103;spy
2013-07-30;33644,675639473884;13703,022308388367;0,4149217033052599;0,0;0,4149217033052599;strategy
2013-07-31;33648,78305338559;13712,776771256667;0,012208213732600726;0,07118475507648103;-0,05897654134388031;spy
2013-08-01;34172,04608027846;13871,272840201931;1,5550726635869205;1,1558276750883056;0,3992449884986149;strategy
2013-08-02;34314,19839886892;13894,843541640208;0,4159900705287267;0,16992457512596815;0,24606549540275857;strategy
2013-08-05;34182,79604943856;13874,523501000127;-0,3829387121416339;-0,14624159371917633;-0,23669711842245755;spy
2013-08-06;33764,25008901767;13795,681644097664;-1,22443453664689;-0,5682491142616874;-0,6561854223852026;spy
2013-08-07;33361,02361245641;13750,977306642113;-1,1942408775499902;-0,3240458761577525;-0,8701950013922377;spy
2013-08-08;34060,97046250594;13801,371850790576;2,0980976428678355;0,3664797274017806;1,731617915466055;strategy
2013-08-09;33972,37683510048;13761,544124650749;-0,26010306283840157;-0,2885780237675828;0,028474960929181226;strategy
2013-08-12;33969,531015490924;13745,288340186054;-0,008376863424552905;-0,11812471273173752;0,10974784930718462;strategy
2013-08-13;33822,67903891926;13785,928421466218;-0,432304986797416;0,2956655420705001;-0,7279705288679161;spy
2013-08-14;33756,713813243725;13715,215076914528;-0,1950325271384612;-0,5129385732308145;0,3179060460923533;strategy
2013-08-15;33267,047146810226;13523,393843662689;-1,4505756370200573;-1,3986017147825325;-0,05197392223752484;spy
2013-08-16;33361,762231286;13478,689506207138;0,2847114264689088;-0,3305704024622491;0,6152818289311579;strategy
2013-08-19;33217,83281292151;13392,53273233109;-0,431420310973607;-0,6392073490258166;0,20778703805220955;strategy
2013-08-20;33744,631243152544;13458,369465567057;1,5858904257779027;0,49159284917803525;1,0942975765998675;strategy
2013-08-21;33595,46904591413;13375,463352489205;-0,44203238187314753;-0,6160190005926491;0,1739866187195016;strategy
2013-08-22;33928,43779031567;13497,383596329693;0,9911120572434484;0,9115216469700815;0,07959041027336689;strategy
2013-08-23;33950,950512265765;13542,900288925579;0,06635354710178287;0,3372260428922136;-0,2708724957904307;spy
2013-08-26;34136,40834859956;13492,50698501397;0,546252265505176;-0,3721012695693915;0,9183535350745675;strategy
2013-08-27;33391,03569160598;13275,489099806324;-2,1835122470467927;-1,608432631894774;-0,5750796151520188;spy
2013-08-28;33669,25369930718;13322,631742919735;0,8332116747463925;0,35511040504037084;0,4781012697060216;strategy
2013-08-29;33931,13324683404;13343,764138700151;0,7778002739996959;0,15862028004824946;0,6191799939514464;strategy
2013-08-30;33673,39983404598;13301,498106902463;-0,7595779690385274;-0,31674744366251284;-0,4428305253760145;spy
2013-09-03;33914,03210977052;13361,645873682373;0,7146064160745702;0,4521879136959672;0,262418502378603;strategy
2013-09-04;34075,57798395025;13472,186944373889;0,4763393325124321;0,8273013050678291;-0,35096197255539696;spy
2013-09-05;34118,07310452685;13489,256324215772;0,12470843663052733;0,12670088317778827;-0,00199244654726094;spy
2013-09-06;34009,85100627463;13495,757645812168;-0,31719874073973253;0,048196293703184345;-0,3653950344429169;spy
2013-09-09;34402,336964936905;13624,994046863094;1,1540361014515055;0,9576076011636792;0,19642850028782632;strategy
2013-09-10;34741,94872980831;13725,78065468631;0,9871764386749193;0,7397185457590716;0,24745789291584774;strategy
2013-09-11;34795,03343852094;13768,859041624333;0,1527971534512229;0,313850177427355;-0,16105302397613208;spy
2013-09-12;34614,42041215263;13732,283216519558;-0,5190770305981696;-0,26564165552283026;-0,2534353750753393;spy
2013-09-13;34727,059566084514;13763,170075168277;0,32541106449479607;0,22492150913084874;0,10048955536394732;strategy
2013-09-16;34763,02583499857;13842,824287211075;0,1035684257851166;0,578749020812519;-0,4751805950274024;spy
2013-09-17;34950,67291287823;13904,598004508509;0,5397892541642468;0,44625082292277796;0,09353843124146888;strategy
2013-09-18;35181,173777252065;14065,532379111633;0,6595033662110117;1,1574183917502756;-0,4979150255392639;spy
2013-09-19;35270,86487317487;14041,9604374365;0,2549406011598032;-0,16758655868681638;0,4225271598466196;strategy
2013-09-20;35175,357019275965;13876,149451517653;-0,2707839862796879;-1,1808250468843928;0,9100410606047049;strategy
2013-09-23;35069,93288713599;13811,937428562358;-0,2997101979155592;-0,46275101878693325;0,16304082087137406;strategy
2013-09-24;35160,144005335664;13779,42585963297;0,2572320810821038;-0,2353874617340601;0,49261954281616394;strategy
2013-09-25;35095,01947504681;13739,598133493142;-0,18522259260079776;-0,28903763150613937;0,1038150389053416;strategy
2013-09-26;35349,55247045745;13792,430983299466;0,7252681412290407;0,3845298042417511;0,3407383369872896;strategy
2013-09-27;35167,218468875784;13729,032555721362;-0,5158028570065976;-0,459661010121204;-0,05614184688539359;spy
2013-09-30;35147,42118484526;13655,879665274955;-0,05629471107601036;-0,5328335419812369;0,47653883090522653;strategy
2013-10-01;35728,51875021292;13763,98243030861;1,6533149396980917;0,7916206621865873;0,8616942775115044;strategy
2013-10-02;35831,68991929361;13750,977306642113;0,28876419367394046;-0,09448663373661237;0,38325082741055283;strategy
2013-10-03;35312,11205666073;13624,180451485903;-1,4500512362190188;-0,9220934070988784;-0,5279578291201403;spy
2013-10-04;35497,74593638964;13727,406605203836;0,5256946382336203;0,7576687205921084;-0,23197408235848815;spy
2013-10-07;35136,630974192114;13608,737022161544;-1,0172898381903717;-0,864471975335146;-0,1528178628552257;spy
2013-10-08;34143,369448453595;13450,240953216282;-2,826854761539521;-1,1646640587378077;-1,6621907028017135;spy
2013-10-09;33809,208223654336;13459,995416084583;-0,9787001991814148;0,07252258827354918;-1,051222787454964;spy
2013-10-10;34641,886821796;13750,164951501778;2,462875180729851;2,1557922305860844;0,30708295014376663;strategy
2013-10-11;34627,9589048294;13838,760031035687;-0,04020542252286541;0,6443201215868388;-0,6845255441097042;spy
2013-10-14;35000,99769165767;13894,031186499873;1,077276277973871;0,3993938426581023;0,6778824353157686;strategy
2013-10-15;34851,8343693131;13793,243338439803;-0,4261687728407848;-0,7254039285445102;0,2992351557037254;strategy
2013-10-16;35454,592019070915;13985,878167068835;1,7294861537863193;1,3965883433100013;0,33289781047631806;strategy
2013-10-17;35864,46334167372;14079,349857918467;1,1560458018592845;0,6683290797550479;0,48771672210423667;strategy
2013-10-18;36613,105395449486;14174,447499285623;2,0874202037922673;0,67544057308635;1,4119796307059174;strategy
2013-10-21;36650,82894119104;14175,259854425958;0,10303290402196019;0,005731123843633057;0,09730178017832714;strategy
2013-10-22;36519,84734443924;14257,353612363475;-0,35737690124818533;0,579134060190678;-0,9365109614388634;spy
2013-10-23;36339,48163629417;14189,078573469647;-0,4938840692403135;-0,4788759593829628;-0,015008109857350682;spy
2013-10-24;36535,802773539035;14236,219976346203;0,5402419858647312;0,33223723889090895;0,2080047469738222;strategy
2013-10-25;36350,54081291331;14301,244354441833;-0,5070696318732693;0,45675311426536247;-0,9638227461386317;spy
2013-10-28;36165,047406642305;14324,002700739777;-0,5102906370105686;0,15913542719712126;-0,6694260642076899;spy
2013-10-29;36484,54162738519;14400,40625198438;0,8834337119773883;0,533395258579894;0,3500384533974943;strategy
2013-10-30;36603,709675742255;14328,879312055498;0,3266261354579303;-0,4967008477210433;0,8233269831789736;strategy
2013-10-31;36505,61348105703;14288,239230775336;-0,2679952265882912;-0,28362358559311796;0,01562835900482673;strategy
2013-11-01;36618,117701914416;14322,377990459105;0,30818334532514147;0,2389290879889261;0,06925425733621537;strategy
2013-11-04;37013,8049354469;14372,771294370714;1,080577753213663;0,3518501183614742;0,7287276348521887;strategy
2013-11-05;37241,3185515296;14327,254601774828;0,6146723269317755;-0,3166869608070111;0,9313592877387866;strategy
2013-11-06;36576,15321915601;14400,40625198438;-1,786095010178601;0,5105768847053938;-2,296671894883995;spy
2013-11-07;36229,0547410463;14218,338241363983;-0,9489748034189893;-1,264325515784026;0,31535071236503676;strategy
2013-11-08;36794,75516402515;14410,159474615824;1,5614551001186694;1,3491114783990454;0,21234362171962395;strategy
2013-11-11;37042,74756174284;14412,59902051054;0,6739884437664712;0,01692934695840531;0,6570590968080658;strategy
2013-11-12;36967,39572324327;14383,33811237935;-0,2034186000214322;-0,20302311949115248;-0,00039548053027971264;spy
2013-11-13;37537,08749906999;14498,755794386589;1,5410654840057436;0,8024401644838086;0,738625319521935;strategy
2013-11-14;37306,59258438615;14571,095089455803;-0,6140458145282301;0,49893450234690384;-1,112980316875134;spy
2013-11-15;37443,41124924715;14634,493517033909;0,36674125237119437;0,4350972057274083;-0,06835595335621392;spy
2013-11-18;36891,39992283281;14583,28661774511;-1,474254903592509;-0,3499055107660243;-1,1243493928264847;spy
2013-11-19;36343,13771334678;14551,587403956059;-1,4861518148751474;-0,21736673371337556;-1,2687850811617718;spy
2013-11-20;36404,76314200267;14506,070711360173;0,16956551506903672;-0,31279537642409094;0,48236089149312766;strategy
2013-11-21;37061,73708027434;14623,114343884938;1,8046373099834145;0,8068596579575704;0,9977776520258441;strategy
2013-11-22;37256,289158064305;14696,265994094487;0,5249405265829177;0,5002467223416129;0,02469380424130474;strategy
2013-11-25;37209,640530821955;14681,63616014732;-0,1252100740479989;-0,09954796649057629;-0,025662107557422598;spy
2013-11-26;37393,371097551506;14685,699176085851;0,4937714100660573;0,02767413586750589;0,4660972741985514;strategy
2013-11-27;37626,416865152794;14721,462646050291;0,6232274886190936;0,243525824243207;0,3797016643758866;strategy
2013-11-29;37565,95069478914;14711,709423418846;-0,16070137791848182;-0,06625172284808745;-0,09444965507039438;spy
2013-12-02;37484,51009439837;14673,507647796547;-0,21679366257079113;-0,25966918270889927;0,042875520138108136;strategy
2013-12-03;37272,951704567036;14610,10922021844;-0,5643888350109427;-0,4320604800149841;-0,13232835499595863;spy
2013-12-04;37142,686037985186;14608,483269700913;-0,34949114739922793;-0,011128941563809391;-0,33836220583541854;spy
2013-12-05;37137,04914384051;14544,272486982474;-0,015176323378751633;-0,4395444861248321;0,42436816274608047;strategy
2013-12-06;37114,11532195011;14706,832812103123;-0,06175456160120163;1,1176930662303297;-1,1794476278315313;spy
2013-12-09;37049,77559549481;14744,220992348235;-0,1733564868707682;0,25422319491075207;-0,4275796817815203;spy
2013-12-10;36944,11931997915;14691,389382778765;-0,28517386088703356;-0,35832079291872043;0,07314693203168687;strategy
2013-12-11;36336,195544841474;14526,390752000254;-1,6455224439709926;-1,123097526581951;-0,5224249173890416;spy
2013-12-12;36495,36247530038;14478,435753746508;0,43803961331747576;-0,3301232843894386;0,7681628977069144;strategy
2013-12-13;36441,96255686256;14476,80980322898;-0,14631973712813107;-0,011230153209795812;-0,13508958391833525;spy
2013-12-16;36743,938643520974;14567,030833280416;0,8286493522055016;0,6232107161573186;0,20543863604818302;strategy
2013-12-17;36627,38759434293;14520,700545307342;-0,31719802906484684;-0,3180489456178437;0,0008509165529968499;strategy
2013-12-18;37074,42397823425;14768,605289163703;1,2204975927913697;1,707250577083741;-0,48675298429237124;spy
2013-12-19;36816,738479677675;14751,537149558675;-0,6950492304556244;-0,11557042300772702;-0,5794788074478974;spy
2013-12-20;37030,280845627545;14757,22611601473;0,5800143488205567;0,03856524508853987;0,5414491037320168;strategy
2013-12-23;37177,19027846696;14836,067972917195;0,39672783863522465;0,5342593268046869;-0,13753148816946226;spy
2013-12-24;37152,232610731495;14868,579541846582;-0,06713166742436938;0,21913871646270788;-0,28627038388707726;spy
2013-12-26;37360,38097541107;14944,170737950853;0,560258025030369;0,5083955457313438;0,05186247929902521;strategy
2013-12-27;36997,027811193155;14943,358382810515;-0,9725627917366753;-0,005435933211572763;-0,9671268585251025;spy
2013-12-30;37018,73461349949;14940,920077152656;0,05867174632814276;-0,0163169857497647;0,07498873207790746;strategy
2013-12-31;37165,79138146302;15011,633421704342;0,39724958051350345;0,4732864119915803;-0,07603683147807683;spy
2014-01-02;36813,205325930685;14867,767186706249;-0,9486843745999063;-0,9583649624036683;0,00968058780376202;strategy
2014-01-03;36928,96509561216;14865,328881048388;0,31445175353947974;-0,01639994511106746;0,3308516986505472;strategy
2014-01-06;36841,51585446181;14822,250494110365;-0,23680393134207778;-0,2897910115728597;0,05298708023078191;strategy
2014-01-07;36905,21053074794;14913,283879302131;0,17288831582757958;0,6141670944499245;-0,4412787786223449;spy
2014-01-08;37097,25787688518;14916,535780337183;0,5203800313704487;0,021805398873708803;0,49857463249673994;strategy
2014-01-09;37113,065121091735;14926,289002968631;0,04261027663827743;0,06538530644832896;-0,022775029810051528;spy
2014-01-10;37384,89623691782;14966,929084248795;0,7324404894587966;0,2722718371062083;0,4601686523525883;strategy
2014-01-13;36945,30277211907;14767,792934023368;-1,1758584590229493;-1,330507742132614;0,15464928310966464;strategy
2014-01-14;37503,92996517052;14928,727308626492;1,5120384761686756;1,089765920487351;0,4222725556813245;strategy
2014-01-15;37700,23168784795;15009,19511604648;0,5234164069198188;0,5390131774561269;-0,015596770536308036;spy
2014-01-16;37275,0738498409;14989,687430546737;-1,1277326928048836;-0,1299715630912579;-0,9977611297136257;spy
2014-01-17;37420,980260561264;14926,289002968631;0,39143158054666394;-0,422946961848647;0,8143785423953109;strategy
2014-01-21;37539,57359261017;14970,17974504699;0,3169166901111131;0,2940499280807751;0,022866762030337995;strategy
2014-01-22;38313,61489743744;14979,93420791529;2,0619341957033965;0,06515929023183098;1,9967749054715656;strategy
2014-01-23;38214,73634043575;14857,200368697611;-0,2580768149034629;-0,8193216172660334;0,5612448023625705;strategy
2014-01-24;37336,66216919423;14540,208230807086;-2,297737091312646;-2,133592669036022;-0,16414442227662418;spy
2014-01-27;37082,028330742716;14468,681290878207;-0,6819941142505392;-0,4919251416037551;-0,19006897264678413;spy
2014-01-28;37632,86516844477;14554,83930499111;1,4854549831768038;0,5954793832332328;0,889975599943571;strategy
2014-01-29;37083,9743722934;14415,037326168404;-1,458541074920905;-0,9605188754970739;-0,49802219942383097;spy
2014-01-30;37789,47641332734;14567,843188420753;1,9024445275235724;1,060044860063969;0,8423996674596035;strategy
2014-01-31;37947,91933779704;14482,498769685038;0,4192779035536276;-0,5858411408735553;1,005119044427183;strategy
2014-02-03;37255,180623643595;14156,565764303405;-1,825498541796089;-2,2505301782858145;0,42503163648972553;strategy
2014-02-04;37535,00203705018;14255,72766184595;0,7510939652484172;0,7004657711023876;0,05062819414602959;strategy
2014-02-05;37369,57519408529;14237,845926863729;-0,440726878878539;-0,12543544185457112;-0,3152914370239679;spy
2014-02-06;37719,20092631266;14425,602903940182;0,9355892605455773;1,3187175787749972;-0,38312831822941984;spy
2014-02-07;38397,05494033725;14604,419013525527;1,7971059762077912;1,239574600632487;0,5575313755753042;strategy
2014-02-10;38393,078878792985;14631,241615998857;-0,010355121116556454;0,18366086626582234;-0,1940159873823788;spy
2014-02-11;38716,166844119405;14791,363635461643;0,8415265843784159;1,0943843568798517;-0,2528577725014358;spy
2014-02-12;38804,513619878264;14798,679792672085;0,2281909159927098;0,04946235783767072;0,17872855815503907;strategy
2014-02-13;39165,19691420921;14875,082103679835;0,9294879916912135;0,516277884771732;0,41321010691948157;strategy
2014-02-14;39272,30964597948;14957,175861617347;0,2734895780171831;0,5518877634779651;-0,278398185460782;spy
2014-02-18;39591,58434127436;14975,05759659957;0,8129766193355703;0,1195528831623216;0,6934237361732487;strategy
2014-02-19;39339,361770172836;14875,89569905702;-0,6370610706745161;-0,6621804083415839;0,025119337667067754;strategy
2014-02-20;40001,41418571352;14963,678423450594;1,6829261730490375;0,5901004293754175;1,09282574367362;strategy
2014-02-21;39921,113675917055;14946,609043608712;-0,2007441772524654;-0,1140720841416254;-0,08667209311084001;spy
2014-02-24;40330,21445210954;15029,51515668656;1,0247729547667506;0,5546817531385084;0,47009120162824214;strategy
2014-02-25;40390,34336800546;15023,824949993652;0,1490914856585146;-0,03786021460829847;0,18695170026681307;strategy
2014-02-26;40300,61476633047;15024,638545370839;-0,222153599580599;0,0054153677901291886;-0,22756896737072818;spy
2014-02-27;40654,740521939835;15103,480402273304;0,878710554820672;0,5247504401811875;0,3539601146394844;strategy
2014-02-28;40187,48216856507;15141,68093765875;-1,1493330110485034;0,25292538122336783;-1,4022583922718712;spy
2014-03-03;40044,99905021101;15035,204123142617;-0,3545460194704919;-0,7032033956765993;0,34865737620610737;strategy
2014-03-04;41132,594752670935;15246,533041894209;2,715933895007039;1,4055606895706063;1,3103732054364325;strategy
2014-03-05;41181,658066052805;15260,35052070104;0,1192808615086971;0,0906270216898708;0,0286538398188263;strategy
2014-03-06;41424,69210494033;15295,300395288292;0,5901511748208854;0,2290240616677819;0,36112711315310353;strategy
2014-03-07;41090,89627255394;15301,802957121541;-0,8057895313760999;0,04251346273167478;-0,8483029941077747;spy
2014-03-10;40970,83227209454;15293,675685007618;-0,2921912427098605;-0,053113166707852155;-0,23907807600200837;spy
2014-03-11;40470,235815557055;15218,084488903349;-1,2218361912028963;-0,4942644113891559;-0,7275717798137404;spy
2014-03-12;40672,1841018565;15222,14874507874;0,4990044713844233;0,02670675260316724;0,47229771878125604;strategy
2014-03-13;40164,20058696604;15051,459907607314;-1,2489703371186156;-1,1213189434021942;-0,12765139371642142;spy
2014-03-14;40260,8809445105;15009,19511604648;0,24071276443089484;-0,2808019409430984;0,5215147053739932;strategy
2014-03-17;40465,356153611414;15144,932838693803;0,5078756457980393;0,9043637689952089;-0,39648812319716953;spy
2014-03-18;40860,441414470086;15253,035603727456;0,9763543396452024;0,7137883421804325;0,26256599746476983;strategy
2014-03-19;40713,59885457565;15171,75544116713;-0,3593758530529123;-0,5328785998536811;0,17350274680076883;strategy
2014-03-20;40910,428322074295;15260,35052070104;0,48344895326424275;0,5839474533943179;-0,10049850013007511;spy
2014-03-21;40016,77079529141;15134,366020685165;-2,1844247626727653;-0,825567537554095;-1,3588572251186704;spy
2014-03-24;39464,553441219294;15071,779948247397;-1,379964807497902;-0,4135361359189349;-0,9664286715789672;spy
2014-03-25;39618,80218229407;15143,306888176274;0,39085388690518474;0,4745752669855996;-0,08372138008041485;spy
2014-03-26;39043,60510191162;15034,391768002286;-1,451828547808831;-0,7192294323707271;-0,732599115438104;spy
2014-03-27;38959,65281086805;15002,692554213232;-0,21502187317087307;-0,2108446705274769;-0,004177202643396161;spy
2014-03-28;38917,314893544135;15076,657799799978;-0,10867118741906268;0,49301313960454785;-0,6016843270236105;spy
2014-03-31;39431,01489136205;15200,202753921134;1,3199780077919332;0,8194452362167093;0,5005327715752239;strategy
2014-04-01;39886,440585248565;15300,990601981204;1,1549935885273976;0,6630691030359515;0,4919244854914462;strategy
2014-04-02;39868,412989820135;15352,197501270002;-0,045197303053146065;0,3346639483731595;-0,37986125142630556;spy
2014-04-03;39356,81137587175;15331,877460629921;-1,2832254298133616;-0,13235916642161394;-1,1508662633917477;spy
2014-04-04;38289,46771461124;15150,621805149862;-2,7119668081517;-1,1822143501048599;-1,5297524580468402;spy
2014-04-07;36955,4263635182;14983,18486871349;-3,4840947934723254;-1,1051489410121684;-2,378945852460157;spy
2014-04-08;37272,60310442571;15044,95858601092;0,8582683846955153;0,41228695927273407;0,4459814254227812;strategy
2014-04-09;37832,78612978156;15206,705315754383;1,5029350748226422;1,0750892321754746;0,42784584264716763;strategy
2014-04-10;36827,027120861254;14887,274872205991;-2,658432306492453;-2,100589423650212;-0,557842882842241;spy
2014-04-11;36590,60363879106;14753,161859839347;-0,6419836206009388;-0,9008566948476848;0,258873074246746;strategy
2014-04-14;36655,21013021799;14869,393137223775;0,1765657983254343;0,7878397762369094;-0,6112739779114751;spy
2014-04-15;36723,67839505189;14971,805695564515;0,18678999408452412;0,6887473980653702;-0,5019574039808461;spy
2014-04-16;37350,24787838257;15128,677054229109;1,7061729944108928;1,047778483466888;0,6583945109440048;strategy
2014-04-17;37648,872878309194;15149,809450009527;0,7995261528089159;0,13968436040157073;0,6598417924073452;strategy
2014-04-21;37923,028556801495;15202,641059578995;0,7281909325106195;0,34872788165289936;0,37946305085772014;strategy
2014-04-22;38381,470825939425;15271,729693850013;1,2088756794602196;0,4544515258911863;0,7544241535690333;strategy
2014-04-23;38592,775712252376;15235,966223885573;0,5505387932401629;-0,2341808732958528;0,7847196665360157;strategy
2014-04-24;38708,181285608924;15266,853082534291;0,2990341358626525;0,202723333688537;0,09631080217411547;strategy
2014-04-25;37765,73203009321;15141,68093765875;-2,4347546803138;-0,8198948676511608;-1,614859812662639;spy
2014-04-28;37208,59826354732;15189,637176149354;-1,4752362435393684;0,31671674160913543;-1,7919529851485039;spy
2014-04-29;37375,59835550986;15260,35052070104;0,44882123959544273;0,4655367585917114;-0,016715518996268663;spy
2014-04-30;37434,77465182026;15305,867213296924;0,1583286928212635;0,29826767435086055;-0,13993898152959705;spy
2014-05-01;37433,13182705727;15307,493163814452;-0,004388499138230362;0,010623053858171971;-0,015011552996402333;spy
2014-05-02;37460,00899735087;15285,547172656843;0,07180048524333404;-0,14336763650816264;0,2151681217514967;strategy
2014-05-05;37436,25721901153;15314,808080788036;-0,06340569309799537;0,19142859461083184;-0,2548342877088272;spy
2014-05-06;37217,99970667921;15181,508663798577;-0,5830110394195009;-0,8703956085266196;0,2873845691071186;strategy
2014-05-07;37184,25777231381;15270,917338709678;-0,09066025748650786;0,5889314223711084;-0,6795916798576163;spy
2014-05-08;36886,113726219555;15254,660314008128;-0,8018017945116584;-0,10645742060525487;-0,6953443739064036;spy
2014-05-09;36750,092964443655;15277,419900542925;-0,3687587225520428;0,1491975964479364;-0,5179563189999792;spy
2014-05-12;37500,77188223443;15426,161506619888;2,042658554679222;0,9736042279735679;1,069054326705654;strategy
2014-05-13;37431,20538551306;15439,980225663576;-0,18550683953876268;0,08957976381718247;-0,27508660335594515;spy
2014-05-14;37327,57627423431;15366,827335217167;-0,27685218846534854;-0,47378875735097914;0,1969365688856306;strategy
2014-05-15;37093,099983490174;15231,901967710188;-0,6281583594431872;-0,8780300875624647;0,2498717281192775;strategy
2014-05-16;36324,11973417705;15284,73481751651;-2,0731086095672424;0,346856550930541;-2,4199651604977834;spy
2014-05-19;36477,99653032288;15340,818328121033;0,4236215420274858;0,3669249828282872;0,05669655919919858;strategy
2014-05-20;36304,57076794852;15244,094736236346;-0,475425678135033;-0,6304982551509908;0,15507257701595778;strategy
2014-05-21;36530,948576650175;15372,517541910085;0,6235518115573324;0,8424429780567344;-0,218891166499402;spy
2014-05-22;36654,12872301539;15409,905722155198;0,33719394421625193;0,24321442563446372;0,09397951858178821;strategy
2014-05-23;36896,64497561206;15471,679439452626;0,6616342034189149;0,4008701831875294;0,26076402023138545;strategy
2014-05-27;36979,12050890776;15566,777080819786;0,2235312542650414;0,6146562287521418;-0,3911249744871004;spy
2014-05-28;37068,89530578039;15555,397907670816;0,24277158471359694;-0,07309909488579791;0,31587067959939485;strategy
2014-05-29;37336,35870254874;15635,864474853948;0,7215305300092067;0,5172903172309784;0,20424021277822835;strategy
2014-05-30;37286,50443117034;15661,061126809755;-0,13352740628935766;0,16114652308689692;-0,2946739293762546;spy
2014-06-02;37291,930822671464;15678,942861791977;0,014553232017622264;0,11417958743300538;-0,09962635541538312;spy
2014-06-03;37357,57011149179;15670,815589678055;0,1760147232184206;-0,05183558729413562;0,22785031051255622;strategy
2014-06-04;37618,36078366875;15702,514803467107;0,6980932416071006;0,2022818379021185;0,4958114037049821;strategy
2014-06-05;37907,716423944854;15804,927361807848;0,769187264538429;0,6522048195625851;0,11698244497584387;strategy
2014-06-06;38070,16133948653;15880,518557912115;0,42852730490265944;0,47827613739581665;-0,0497488324931572;spy
2014-06-09;37997,50566540913;15896,77434237681;-0,19084677217282575;0,10236305826798464;-0,2932098304408104;spy
2014-06-10;38057,75993389814;15898,400292894332;0,15857427332093277;0,010228178890270279;0,1483460944306625;strategy
2014-06-11;37974,5688771045;15843,129137430149;-0,21859157485393244;-0,34765230743929454;0,1290607325853621;strategy
2014-06-12;37687,29919950491;15730,962116221108;-0,7564791019202155;-0,7079852738436698;-0,048493828076545675;spy
2014-06-13;37964,43995571338;15778,918354711708;0,7353691086786851;0,3048525458029694;0,4305165628757157;strategy
2014-06-16;38337,63757596662;15791,922238141351;0,9830189005516354;0,0824130218391117;0,9006058787125237;strategy
2014-06-17;38524,903775054176;15835,814220456565;0,4884656721908964;0,27793945317944324;0,2105262190114532;strategy
2014-06-18;38846,266559546355;15952,044257604142;0,8341689478800651;0,7339694412266562;0,10019950665340893;strategy
2014-06-19;39274,9909645113;15969,925992586357;1,1036437808193522;0,11209682403989785;0,9915469567794544;strategy
2014-06-20;39326,76825858163;15926,035250508;0,1318327332452185;-0,2748337224526387;0,4066664556978572;strategy
2014-06-23;39300,10607817534;15921,15863919228;-0,06779652025048488;-0,030620372484524427;-0,037176147765960454;spy
2014-06-24;38687,51323897122;15825,24740244793;-1,558756197720057;-0,60241367426771;-0,956342523452347;spy
2014-06-25;38786,905317802215;15896,77434237681;0,256909970452357;0,451979916079015;-0,19506994562665803;spy
2014-06-26;38726,12391342156;15885,395169227839;-0,15670599106230032;-0,07158164860299188;-0,08512434245930844;spy
2014-06-27;38654,188730087866;15916,282027876556;-0,1857536362134149;0,19443557002942757;-0,38018920624284247;spy
2014-06-30;38914,96395858687;15908,15351552578;0,674636403107387;-0,051070421701115976;0,725706824808503;strategy
2014-07-01;39391,07021093217;16014,63033004191;1,2234528929590427;0,6693222718287872;0,5541306211302555;strategy
2014-07-02;39224,560520827225;16030,886114506602;-0,42270923133927996;0,10150583641133082;-0,5242150677506108;spy
2014-07-03;39464,75589942803;16109,727971409067;0,6123596425593458;0,49181222010628023;0,1205474224530656;strategy
2014-07-07;38775,221929103165;16053,644460804548;-1,7472145832653219;-0,348134435938674;-1,3990801473266479;spy
2014-07-08;38146,03111497596;15950,41954732347;-1,6226620579441797;-0,6429998729142405;-0,9796621850299392;spy
2014-07-09;38352,54749049423;16021,945247015494;0,5413836498371571;0,4484251933299488;0,09295845650720835;strategy
2014-07-10;38170,87407351681;15958,546819437392;-0,47369321952459575;-0,3956974424807247;-0,07799577704387106;spy
2014-07-11;38233,5586820433;15980,492810595;0,16422104562174855;0,1375187315356241;0,026702314086124446;strategy
2014-07-14;38493,69803377357;16060,960618014984;0,6803953403700547;0,5035377092165394;0,17685763115351527;strategy
2014-07-15;38187,70865233723;16030,886114506602;-0,7949077305274166;-0,18725220877914284;-0,6076555217482738;spy
2014-07-16;38439,26922085923;16090,221526146177;0,6587474802749238;0,3701318268731324;0,2886156534017914;strategy
2014-07-17;37988,04130018868;15907,341160385446;-1,1738722660879497;-1,1365932126139788;-0,03727905347397087;spy
2014-07-18;38889,40997864699;16069,901485506096;2,372769554859455;1,0219201529761524;1,3508494018833028;strategy
2014-07-21;39059,510087637376;16039,826981997716;0,4373944194159485;-0,18714802661052854;0,624542446026477;strategy
2014-07-22;39185,069867594044;16109,727971409067;0,32145764162159196;0,4357964053465446;-0,11433876372495266;spy
2014-07-23;38993,16136567614;16145,491441373508;-0,4897490359628276;0,22199921704395553;-0,7117482530067831;spy
2014-07-24;39076,74703109011;16146,303796513846;0,21435980691615342;0,005031467411753532;0,20932833950439989;strategy
2014-07-25;38444,76145997727;16070,713840646431;-1,6172931964117176;-0,4681564079311862;-1,1491367884805315;spy
2014-07-28;38270,12587711301;16077,216402479678;-0,45425066051213436;0,040462184180034555;-0,4947128446921689;spy
2014-07-29;38228,97575694683;16008,127768208662;-0,10752543719954044;-0,42973007603704927;0,3222046388375088;strategy
2014-07-30;38255,30077413362;16010,566073866521;0,06886142426143493;0,015231672892457304;0,05362975136897763;strategy
2014-07-31;37478,56141212748;15694,386291116336;-2,0304097635832297;-1,974819511636594;-0,05559025194663558;spy
2014-08-01;37476,87083105884;15646,431292862586;-0,004510794985024269;-0,3055551033613546;0,30104430837633034;strategy
2014-08-04;37928,19662407168;15759,410669211964;1,2042782201517221;0,7220776050121724;0,4822006151395497;strategy
2014-08-05;37513,39936274484;15606,60356672276;-1,0936382381638965;-0,9696244719844205;-0,12401376617947601;spy
2014-08-06;37375,42155783123;15611,481418275336;-0,3678093887984013;0,03125504874728069;-0,399064437545682;spy
2014-08-07;37055,842505313114;15526,94935467996;-0,8550513658384551;-0,5414736842105139;-0,3135776816279412;spy
2014-08-08;37310,56338154844;15706,579059642496;0,6873973414551315;1,1568898748832046;-0,46949253342807307;spy
2014-08-11;37797,912235361386;15752,09575223838;1,3061953764385015;0,2897938018396218;1,0164015745988797;strategy
2014-08-12;37849,76979580607;15730,149761080771;0,13719689098639076;-0,13932108782724884;0,2765179788136396;strategy
2014-08-13;38360,22012900871;15836,626575596903;1,3486220284996353;0,6768963813655215;0,6717256471341138;strategy
2014-08-14;38511,591557176056;15911,40417632398;0,3946052125307631;0,47218137252982295;-0,07757615999905987;spy
2014-08-15;38745,304355622065;15908,15351552578;0,6068635156223801;-0,020429754421280588;0,6272932700436606;strategy
2014-08-18;39122,44693269107;16041,452932515243;0,9733891198980382;0,8379314221437895;0,13545769775424876;strategy
2014-08-19;39357,440643763264;16125,171400733427;0,6006620993735279;0,5218883137978692;0,07877378557565873;strategy
2014-08-20;39467,46814353989;16168,24978767145;0,27955959019927423;0,26714994754142296;0,012409642657851272;strategy
2014-08-21;39386,1513847573;16215,392430784861;-0,20603490066006813;0,29157542549447246;-0,4976103261545406;spy
2014-08-22;39474,54635542182;16190,195778829057;0,22443160236957915;-0,1553872474154172;0,37981884978499636;strategy
2014-08-25;39544,774041837394;16272,288296529718;0,17790625326825626;0,5070508029804577;-0,3291445497122014;spy
2014-08-26;39611,03882831117;16282,855114538355;0,16756901026584448;0,06493750489222627;0,1026315053736182;strategy
2014-08-27;39596,83637255808;16276,352552705104;-0,03585479243461975;-0,03993502237482627;0,0040802299402065145;strategy
2014-08-28;39540,19707213989;16267,411685213994;-0,14303996381246353;-0,054931640625;-0,08810832318746353;spy
2014-08-29;40096,964253847094;16313,74197318707;1,408104215291095;0,28480429996855516;1,1232999153225398;strategy
2014-09-02;40648,876971841164;16305,613460836299;1,3764451455726245;-0,04982616719163557;1,4262713127642601;strategy
2014-09-03;40694,099170750735;16296,672593345187;0,11125079529477055;-0,05483306416276257;0,16608385945753312;strategy
2014-09-04;40461,18776645238;16273,101891906908;-0,5723468734891268;-0,14463505542784416;-0,42771181806128267;spy
2014-09-05;40666,41243954914;16346,253542116463;0,5072136643178737;0,4495249319733885;0,05768873234448524;strategy
2014-09-08;40739,155164174095;16303,987510318773;0,17887667060154655;-0,2585670881024238;0,43744375870397034;strategy
2014-09-09;40257,191586447676;16200,762596837694;-1,1830475516346861;-0,633126794385408;-0,5499207572492781;spy
2014-09-10;40518,717669930455;16261,722718757937;0,6496381719057087;0,37627933596251495;0,27335883594319377;strategy
2014-09-11;40634,988511803094;16280,416808880493;0,2869558775768555;0,1149576243911099;0,17199825318574558;strategy
2014-09-12;40267,92640605074;16185,319167513335;-0,9033153919699832;-0,5841228912228158;-0,31919250074716743;spy
2014-09-15;39950,379196890106;16173,12639898717;-0,7885859479293211;-0,07533227117719754;-0,7132536767521236;spy
2014-09-16;40436,73218644895;16295,046642827658;1,217392673951645;0,753844623684663;0,463548050266982;strategy
2014-09-17;40533,28429022226;16316,992633985268;0,23877326023309386;0,13467890972420626;0,1040943505088876;strategy
2014-09-18;40941,46242857895;16403,963003238507;1,0070196518843444;0,5330048937577825;0,4740147581265619;strategy
2014-09-19;40901,10498328551;16312,928377809882;-0,09857353132862734;-0,5549550764693434;0,45638154514071605;strategy
2014-09-22;40481,71145969735;16186,943877794009;-1,0253843356054837;-0,7722984929379506;-0,2530858426675331;spy
2014-09-23;40293,26849475527;16094,284542084712;-0,4655014774503474;-0,5724325506336725;0,10693107318332506;strategy
2014-09-24;40807,82845338408;16220,269042100581;1,2770370283954113;0,7827903109730361;0,49424671742237525;strategy
2014-09-25;39999,7797519181;15958,546819437392;-1,9801315877149395;-1,6135504410184298;-0,36658114669650965;spy
2014-09-26;40461,354180497874;16085,343674593601;1,1539424252895891;0,7945388548898036;0,35940357039978554;strategy
2014-09-29;40590,417461249286;16056,082766462407;0,3189791428523714;-0,18191036960815143;0,5008895124605228;strategy
2014-09-30;40227,39220002073;16013,817974901573;-0,8943619798321256;-0,26323227262576854;-0,6311297072063571;spy
2014-10-01;39301,96227148035;15796,800089693928;-2,300496944815389;-1,355191407494305;-0,9453055373210839;spy
2014-10-02;39209,371913949326;15799,238395351791;-0,23558711112552366;0,015435440367772557;-0,2510225514932962;spy
2014-10-03;39759,09741434905;15973,17789362141;1,4020257748738718;1,1009359686653841;0,3010898062084877;strategy
2014-10-06;39164,51973257207;15954,482563262003;-1,4954506526659639;-0,11704202184383838;-1,3784086308221255;spy
2014-10-07;38274,01847107474;15708,203769923168;-2,2737448782161995;-1,5436338493730606;-0,7301110288431389;spy
2014-10-08;38637,13380225813;15982,931116252856;0,9487253904572723;1,7489418290824288;-0,8002164386251565;spy
2014-10-09;37736,43263978476;15665,938978362336;-2,3311800691093953;-1,9833166744250952;-0,34786339468430016;spy
2014-10-10;36364,5284998906;15487,121628540133;-3,6354897480367354;-1,14144035712882;-2,4940493909079153;spy
2014-10-13;35308,12608399129;15232,715563087373;-2,905035372320286;-1,6426943079205447;-1,2623410643997413;spy
2014-10-14;35730,32975135411;15256,286264525654;1,1957691166007534;0,1547373568465904;1,041031759754163;strategy
2014-10-15;35922,219704511255;15153,06011080772;0,5370506079638737;-0,6766139014968364;1,2136645094607101;strategy
2014-10-16;36569,05128744172;15140,056227378078;1,8006448049457058;-0,08581688011893851;1,8864616850646443;strategy
2014-10-17;37078,79508865719;15318,872336963424;1,3939213167133202;1,1810795607349878;0,21284175597833244;strategy
2014-10-20;37429,63226959428;15467,615183277241;0,9461935861136306;0,9709777785334106;-0,024784192419780027;spy
2014-10-21;38193,41750092056;15774,041743395988;2,0405897280127316;1,981084714662673;0,05950501335005853;strategy
2014-10-22;37971,16222291302;15661,874722186943;-0,5819203741120549;-0,7110861187875628;0,1291657446755079;strategy
2014-10-23;38473,85235828265;15843,941492570486;1,3238734501160199;1,1624838891453049;0,161389560970715;strategy
2014-10-24;38530,75497199343;15965,861736410974;0,1478994439675141;0,7695070314268637;-0,6216075874593496;spy
2014-10-27;38367,07664987039;15943,91698549022;-0,42479915652318123;-0,1374479579182908;-0,28735119860489045;spy
2014-10-28;38935,03259836333;16126,79735125095;1,4803211453298548;1,1470228170854302;0,3332983282444246;strategy
2014-10-29;38978,360425066465;16102,413054435487;0,11128236914577094;-0,15120359166398423;0,26248596080975517;strategy
2014-10-30;38849,6639516702;16205,639208153418;-0,3301741581554718;0,6410601527172766;-0,9712343108727484;spy
2014-10-31;39439,18791606431;16390,957879572008;1,5174493275604384;1,143544349212422;0,3739049783480164;strategy
2014-11-03;39456,742014324554;16399,89874706312;0,044509279191062845;0,05454755943368195;-0,010038280242619102;spy
2014-11-04;39456,742014324554;16343,002881318263;0,0;-0,3469281525597445;0,3469281525597445;strategy
2014-11-05;39456,742014324554;16446,227794799343;0,0;0,6316153416277892;-0,6316153416277892;spy
2014-11-06;39456,742014324554;16512,06452803531;0,0;0,40031509995737125;-0,40031509995737125;spy
2014-11-07;39456,742014324554;16527,507957359667;0,0;0,09352815511431967;-0,09352815511431967;spy
2014-11-10;39456,742014324554;16579,527211788794;0,0;0,3147434843978614;-0,3147434843978614;spy
2014-11-11;39456,742014324554;16595,782996253492;0,0;0,09804733426379553;-0,09804733426379553;spy
2014-11-12;39456,742014324554;16577,902501508128;0,0;-0,10774119394909576;0,10774119394909576;strategy
2014-11-13;39456,742014324554;16596,596591630685;0,0;0,11276511079043594;-0,11276511079043594;spy
2014-11-14;39456,742014324554;16600,660847806073;0,0;0,024488491679308666;-0,024488491679308666;spy
2014-11-17;39456,742014324554;16611,226425577854;0,0;0,06364552513087318;-0,06364552513087318;spy
2014-11-18;39456,742014324554;16707,1376623222;0,0;0,57738805243579;-0,57738805243579;spy
2014-11-19;39456,742014324554;16680,31505984887;0,0;-0,1605457680151856;0,1605457680151856;strategy
2014-11-20;39456,742014324554;16709,57596798006;0,0;0,17542179524909773;-0,17542179524909773;spy
2014-11-21;39456,742014324554;16798,983402654307;0,0;0,5350670468572849;-0,5350670468572849;spy
2014-11-24;39456,742014324554;16846,12604576772;0,0;0,28062795220076264;-0,28062795220076264;spy
2014-11-25;39456,742014324554;16833,934517478414;0,0;-0,0723699220591345;0,0723699220591345;strategy
2014-11-26;39456,742014324554;16877,01290441643;0,0;0,25590207026937595;-0,25590207026937595;spy
2014-11-28;39456,742014324554;16841,249434451995;0,0;-0,21190639698496216;0,21190639698496216;strategy
2014-12-01;39380,985069657065;16724,205801927234;-0,19199999999996997;-0,6949818835016219;0,502981883501652;strategy
2014-12-02;39721,69776755238;16832,308566960884;0,865170582433783;0,6463850440132424;0,2187855384205406;strategy
2014-12-03;40154,85760092772;16897,332945056514;1,0904867055535838;0,38630695152097605;0,7041797540326078;strategy
2014-12-04;40628,437012985494;16878,638854933957;1,179382621062608;-0,11063337736992862;1,2900159984325366;strategy
2014-12-05;40845,125859543026;16906,273812547624;0,533342807374737;0,16372740628660676;0,3696154010881303;strategy
2014-12-08;40404,778664854595;16793,294436198248;-1,0780899444469472;-0,6682689373309736;-0,4098210071159736;spy
2014-12-09;40457,02400741832;16781,915263049275;0,1293048601926028;-0,0677602193673521;0,1970650795599549;strategy
2014-12-10;39905,083267751535;16512,878123412494;-1,3642643106066665;-1,6031372785509923;0,23887296794432578;strategy
2014-12-11;40390,87809562586;16596,596591630685;1,2173758030143311;0,5069889548781514;0,7103868481361797;strategy
2014-12-12;40286,31888547495;16328,37180713424;-0,2588683759322197;-1,616143303933204;1,3572749280009844;strategy
2014-12-15;40126,364878108434;16216,2047859252;-0,3970429957158239;-0,686945535868011;0,2899025401521871;strategy
2014-12-16;39577,90070719752;16086,157269970787;-1,3668424054283923;-0,8019602469949483;-0,564882158433444;spy
2014-12-17;40674,881739013836;16401,52345734379;2,771700904330232;1,960481811039605;0,8112190932906271;strategy
2014-12-18;41395,35596763899;16807,11191500508;1,7713001189481048;2,4728706373900344;-0,7015705184419296;spy
2014-12-19;41408,297464621675;16785,97951922466;0,031263161483141566;-0,1257348430074634;0,15699800449060497;strategy
2014-12-22;41875,13284275756;16863,1954256096;1,1273957315794947;0,4600023864946623;0,6673933450848324;strategy
2014-12-23;41571,37817943018;16885,953771907545;-0,7253819694566288;0,13495868205015693;-0,8603406515067857;spy
2014-12-24;41895,71809403575;16887,579722425067;0,7802000530404696;0,009629012014866767;0,7705710410256028;strategy
2014-12-26;42114,31661612949;16942,037282512065;0,5217681711603195;0,32247107627081384;0,19929709488950564;strategy
2014-12-29;41853,038502256226;16964,795628810007;-0,6204021218124023;0,13433063520309485;-0,7547327570154971;spy
2014-12-30;41680,06270792235;16873,762243618236;-0,4132932769613684;-0,5366017203129569;0,12330844335158853;strategy
2014-12-31;41490,58807654151;16706,32406694501;-0,45459296140842875;-0,992299015808118;0,5377060543996892;strategy
2015-01-02;41466,83901892337;16697,3831994539;-0,057239626428851054;-0,053517862189689236;-0,0037217642391618178;spy
2015-01-05;41107,711068511046;16395,83449088773;-0,866060589398765;-1,8059638744832296;0,9399032850844646;strategy
2015-01-06;40679,855864964986;16241,402678117856;-1,0408149527785349;-0,9418966314627131;-0,09891832131582179;spy
2015-01-07;41187,053636523095;16443,789489141476;1,246803266072849;1,246116576472156;0,0006866896006929579;strategy
2015-01-08;42107,82252737883;16735,584975076203;2,2355784392385614;1,7745026845996215;0,4610757546389399;strategy
2015-01-09;41655,582212308305;16601,473202946407;-1,0740054648431974;-0,8013569428826361;-0,2726485219605612;spy
2015-01-12;41523,5134688614;16471,424446755143;-0,3170493279238906;-0,7833567214274861;0,4663073935035955;strategy
2015-01-13;41591,708853782526;16425,095399018923;0,16423317591434117;-0,2812692240794501;0,44550239999379126;strategy
2015-01-14;41443,346307266824;16325,93350147638;-0,35671183176742005;-0,6037218970945224;0,24701006532710235;strategy
2015-01-15;40739,70593721343;16176,378300022223;-1,6978367645230752;-0,9160591119682815;-0,7817776525547937;spy
2015-01-16;41568,17684053218;16388,51957391415;2,033571142107782;1,3114262658634468;0,722144876244335;strategy
2015-01-20;42045,55061736646;16423,469448501397;1,1484116290825908;0,21325827772069594;0,9351533513618948;strategy
2015-01-21;41916,559617784485;16506,375561579247;-0,30678870341324105;0,5048026748417422;-0,8115913782549833;spy
2015-01-22;42741,84901245859;16751,84199977775;1,9688862879002844;1,4871007707461636;0,48178551715412077;strategy
2015-01-23;42934,85431844239;16659,99501920879;0,4515604973653442;-0,5482798880873996;0,9998403854527438;strategy
2015-01-26;43395,846720981026;16699,009149971425;1,073702030335344;0,23417852596987476;0,8395235043654692;strategy
2015-01-27;43003,29058580724;16478,740603965583;-0,9045937914238023;-1,3190515917899215;0,41445780036611923;strategy
2015-01-28;42902,95076806356;16267,411685213994;-0,2333305576778355;-1,282433675184702;1,0491031175068666;strategy
2015-01-29;43190,61489363304;16417,780482045342;0,6704996286260645;0,9243560053749933;-0,2538563767489288;spy
2015-01-30;42347,69199490523;16211,328174609474;-1,9516344020656051;-1,2574921906261638;-0,6941422114394413;spy
2015-02-02;42173,50187100447;16412,090275352428;-0,4113332172193007;1,238406246425816;-1,6497394636451168;spy
2015-02-03;42173,50187100447;16649,428201200153;0,0;1,4461163804598165;-1,4461163804598165;spy
2015-02-04;42173,50187100447;16586,029773622045;0,0;-0,3807844138067007;0,3807844138067007;strategy
2015-02-05;42173,50187100447;16753,46671005842;0,0;1,0095058234048215;-1,0095058234048215;spy
2015-02-06;42173,50187100447;16707,1376623222;0,0;-0,27653409612474755;0,27653409612474755;strategy
2015-02-09;42173,50187100447;16632,360061595125;0,0;-0,4475787668626885;0,4475787668626885;strategy
2015-02-10;42173,50187100447;16809,55022066294;0,0;1,0653338336328755;-1,0653338336328755;spy
2015-02-11;42173,50187100447;16819,303443294386;0,0;0,058021913158978755;-0,058021913158978755;spy
2015-02-12;42173,50187100447;16981,0514132747;0,0;0,9616805507174586;-0,9616805507174586;spy
2015-02-13;42173,50187100447;17050,952402686056;0,0;0,4116411152062849;-0,4116411152062849;spy
2015-02-17;42173,50187100447;17077,775005159387;0,0;0,15730852939983553;-0,15730852939983553;spy
2015-02-18;42173,50187100447;17079,400955676912;0,0;0,00952085688583626;-0,00952085688583626;spy
2015-02-19;42173,50187100447;17067,208187150747;0,0;-0,07138873639541687;0,07138873639541687;strategy
2015-02-20;42173,50187100447;17169,62198572835;0,0;0,6000618112498746;-0,6000618112498746;spy
2015-02-23;42173,50187100447;17167,183680070484;0,0;-0,014201277464886974;0,014201277464886974;strategy
2015-02-24;42173,50187100447;17215,951033464564;0,0;0,284073114745631;-0,284073114745631;spy
2015-02-25;42173,50187100447;17201,3211995174;0,0;-0,08497836639246303;0,08497836639246303;strategy
2015-02-26;42173,50187100447;17181,00115887732;0,0;-0,11813069708069834;0,11813069708069834;strategy
2015-02-27;42173,50187100447;17122,479342614934;0,0;-0,3406193604273633;0,3406193604273633;strategy
2015-03-02;42092,52874741215;17230,58210764859;-0,19199999999996997;0,6313499515494092;-0,8233499515493792;spy
2015-03-03;41802,54562740947;17159,867522860048;-0,6889182679966965;-0,4104016007512201;-0,2785166672454764;spy
2015-03-04;41735,702476989674;17087,52822779083;-0,15990210504301938;-0,421560918071473;0,2616588130284536;strategy
2015-03-05;41899,58317538609;17106,223558150243;0,39266308860326227;0,10940921419522187;0,2832538744080404;strategy
2015-03-06;41388,87119542841;16865,633731267462;-1,2188951327270048;-1,4064461747791857;0,18755104205218087;strategy
2015-03-09;41523,10784872356;16935,534720678817;0,32433030768419524;0,4144581254706292;-0,09012781778643397;spy
2015-03-10;41088,3990946557;16660,80737434912;-1,046908038896266;-1,6221946980761626;0,5752866591798966;strategy
2015-03-11;41289,0990293931;16621,793243586486;0,4884588817272828;-0,23416710778794148;0,7226259895152243;strategy
2015-03-12;41583,57003743499;16833,122162338073;0,7131931065685437;1,2713966276360011;-0,5582035210674574;spy
2015-03-13;41547,50586533741;16729,89600862014;-0,0867269742956589;-0,6132323684366003;0,5265053941409414;strategy
2015-03-16;42223,64189058558;16953,416455661038;1,627380539856338;1,3360540132809406;0,29132652657539726;strategy
2015-03-17;42189,83977861317;16903,02315174943;-0,0800549418735752;-0,2972457147112806;0,21719077283770538;strategy
2015-03-18;42488,19421802936;17106,223558150243;0,7071713023367288;1,2021542216238634;-0,49498291928713467;spy
2015-03-19;42764,043454621;17028,194056388114;0,6492373744483304;-0,4561468608011432;1,1053842352494736;strategy
2015-03-20;42864,08697056472;17102,15930197485;0,23394306960209388;0,43436928978966005;-0,20042622018756617;spy
2015-03-23;42622,57262193622;17068,834137668277;-0,5634421859827654;-0,1948593959285927;-0,3685827900541727;spy
2015-03-24;42463,23811033933;16972,924141160784;-0,37382659420911457;-0,5619012741815421;0,18807467997242755;strategy
2015-03-25;41502,33995088381;16724,205801927234;-2,2628942167779442;-1,4653829662172768;-0,7975112505606674;spy
2015-03-26;41412,89902704978;16684,379316024253;-0,21550814710659116;-0,2381367843392046;0,022628637232613436;strategy
2015-03-27;42090,17637065953;16722,58109164656;1,635426061738321;0,2289673166661732;1,4064587450721477;strategy
2015-03-30;42451,81732605366;16926,593853187707;0,8592051318801808;1,219983688062709;-0,3607785561825283;spy
2015-03-31;42247,81330513289;16778,663362014224;-0,48055427015974983;-0,8739530968637554;0,3933988267040056;strategy
2015-04-01;41970,77148529283;16719,32919061151;-0,6557542229206903;-0,35362871357824677;-0,30212550934244353;spy
2015-04-02;42045,902741344544;16779,476957391416;0,17900851805414675;0,35974988047775547;-0,18074136242360872;spy
2015-04-06;42100,368179454104;16892,456333740793;0,12953803951984977;0,673318820582236;-0,5437807810623863;spy
2015-04-07;42092,4276030455;16847,751996285242;-0,018861061677077906;-0,26464083477462097;0,24577977309754306;strategy
2015-04-08;42435,298991172196;16904,6478620301;0,8145678632749842;0,3377059785626191;0,4768618847123651;strategy
2015-04-09;42514,53073477025;16979,42546275718;0,18671187780374687;0,4423493546709123;-0,2556374768671654;spy
2015-04-10;42657,06572197861;17072,084798466472;0,3352618145959996;0,5457153771930123;-0,21045356259701276;spy
2015-04-13;42420,57935335385;16994,868892081537;-0,5543896764162781;-0,4522933625064507;-0,10209631390982743;spy
2015-04-14;42281,05642038399;17027,381701247778;-0,3289038836732261;0,19130956156649948;-0,5202134452397256;spy
2015-04-15;42236,10203071681;17103,784012255524;-0,10632276833439924;0,44870263877474503;-0,5550254071091443;spy
2015-04-16;42270,29702414447;17098,907400939803;0,08096152765895148;-0,02851188551157291;0,10947341317052439;strategy
2015-04-17;41818,4072908669;16902,20955637224;-1,0690479251173945;-1,1503532942505612;0,08130536913316666;strategy
2015-04-20;42078,65664661296;17056,642609378967;0,6223320604630045;0,913685589399793;-0,29135352893678856;spy
2015-04-21;42586,13704144675;17036,322568738884;1,2060280324434736;-0,11913271037824469;1,3251607428217183;strategy
2015-04-22;42652,0598678534;17120,041036957075;0,15479879366022686;0,49141161703414316;-0,3366128233739163;spy
2015-04-23;42768,66636644349;17163,119423895096;0,27339007530085;0,25162548877672997;0,021764586524120055;strategy
2015-04-24;42505,94895942864;17202,945909798073;-0,6142754248259052;0,23204689613431917;-0,8463223209602244;spy
2015-04-27;42165,87020542455;17131,420210106044;-0,8000733128642579;-0,4157758797072697;-0,38429743315698817;spy
2015-04-28;42056,5863888337;17185,87777019304;-0,2591760019618805;0,31788117633628765;-0,5770571782981682;spy
2015-04-29;41367,790566777374;17115,164425641353;-1,6377834750734843;-0,41146193111144536;-1,226321543962039;spy
2015-04-30;41000,56911573048;16943,66323302959;-0,8876989706619876;-1,0020423312721682;0,11434336061018069;strategy
2015-05-01;41766,25626216888;17127,35595393066;1,867503702880624;1,0841381723344368;0,7833655305461873;strategy
2015-05-04;42057,757468587704;17176,124547561594;0,6979347265147817;0,28474093585790783;0,4131937906568739;strategy
2015-05-05;41472,86247881532;16979,42546275718;-1,3906946660416586;-1,1451889758935185;-0,24550569014814005;spy
2015-05-06;41542,55641175372;16909,524473345824;0,16804707650455164;-0,41168053397728777;0,5797276104818394;strategy
2015-05-07;41970,15910944401;16976,987157099316;1,0293124319362024;0,39896263114809205;0,6303498007881103;strategy
2015-05-08;42351,02673344354;17200,507604140206;0,9074724329882988;1,3166084474972362;-0,40913601450893733;spy
2015-05-11;42475,725022663224;17118,415086439552;0,2944398255195324;-0,4772679945846181;0,7717078201041505;strategy
2015-05-12;42441,8911878067;17067,208187150747;-0,07965451993691142;-0,2991334129370915;0,2194788930001801;strategy
2015-05-13;42306,98880941357;17070,4600881858;-0,31785194914191184;0,019053503065014077;-0,3369054522069259;spy
2015-05-14;42840,203706514585;17248,46384263081;1,2603470776496817;1,0427589738380982;0,21758810381158344;strategy
2015-05-15;42786,023388491565;17267,157932753365;-0,1264707292107925;0,10838118856910661;-0,2348519177798991;spy
2015-05-18;43228,60521396866;17320,803137700022;1,034407478018018;0,3106776758258434;0,7237298021921745;strategy
2015-05-19;43266,51875938138;17315,112931007112;0,08770476221720003;-0,03285186401389417;0,1205566262310942;strategy
2015-05-20;43056,66316357158;17302,921402717806;-0,4850299997022467;-0,07040975324783538;-0,4146202464544113;spy
2015-05-21;43234,85802678253;17353,31470662941;0,41386129374212377;0,2912415929005485;0,12261970084157525;strategy
2015-05-22;43276,16559860732;17311,862270208916;0,0955422862709554;-0,23887330530956152;0,3344155915805169;strategy
2015-05-26;42982,92848044447;17125,73000341313;-0,6775949627392253;-1,0751718324151227;0,39757686967589745;strategy
2015-05-27;43765,40416263815;17288,29032853378;1,8204336229665552;0,9492169098091141;0,8712167131574411;strategy
2015-05-28;43854,71148638733;17268,78388327089;0,20405917746650903;-0,1128303891952509;0,31688956666175994;strategy
2015-05-29;44055,33718052603;17161,49347337757;0,4574780846545501;-0,6212968476446035;1,0787749322991536;strategy
2015-06-01;44034,500256005354;17196,444588201677;-0,04729716273715878;0,20366010031893644;-0,2509572630560952;spy
2015-06-02;43838,060327478895;17179,375208359794;-0,44610459386255075;-0,09926109873662492;-0,3468434951259258;spy
2015-06-03;43868,2146518136;17224,891900955678;0,06878571750084106;0,26494963899348356;-0,1961639214926425;spy
2015-06-04;43501,49292716592;17079,400955676912;-0,8359622737291406;-0,8446552008299912;0,008692927100850678;strategy
2015-06-05;44027,244155126835;17050,14004754572;1,2085820338193276;-0,17132280111655795;1,3799048349358856;strategy
2015-06-08;43529,84356239619;16945,287943310257;-1,1297563639870112;-0,6149633020202439;-0,5147930619667673;spy
2015-06-09;43613,854179556416;16942,849637652398;0,19299544929400891;-0,014389284301430383;0,2073847335954393;strategy
2015-06-10;44195,155516793995;17146,050044053212;1,332836430470885;1,1993283936678312;0,1335080368030539;strategy
2015-06-11;44206,641577525246;17201,3211995174;0,025989411275828544;0,322355034087618;-0,29636562281178946;spy
2015-06-12;43848,109710109355;17069,646492808613;-0,8110362032074603;-0,7654918199683336;-0,045544383239126685;spy
2015-06-15;44337,42837589488;16996,494842599062;1,1159401602954588;-0,4285481262917168;1,5444882865871756;strategy
2015-06-16;44553,7345989534;17089,154178308356;0,4878637101472405;0,5451673216589237;-0,05730361151168317;spy
2015-06-17;44748,50892384486;17116,789135922023;0,43716722435214184;0,16171050553657196;0,2754567188155699;strategy
2015-06-18;45304,629585138464;17294,79289036703;1,2427691439731214;1,0399365969370855;0,20283254703603593;strategy
2015-06-19;45311,347985653025;17134,67087090424;0,014829390673942733;-0,9258394736370357;0,9406688643109784;strategy
2015-06-22;45419,054093111365;17222,453595297815;0,237702280436336;0,5123105372431436;-0,27460825680680756;spy
2015-06-23;45452,96697579886;17234,64512358712;0,07466664236990272;0,07078856808553358;0,0038780742843691485;strategy
2015-06-24;45080,25785902167;17109,47421894844;-0,8199885322681677;-0,7262749174183791;-0,09371361484978857;spy
2015-06-25;45242,374966301446;17057,454964519307;0,35961885530193527;-0,304037714797345;0,6636565700992803;strategy
2015-06-26;44812,61789839744;17054,204303721108;-0,9498994432191266;-0,01905712666374626;-0,9308423165553803;spy
2015-06-29;43835,96746507405;16696,570844313563;-2,1794094590450563;-2,097039844477011;-0,08236961456804526;spy
2015-06-30;43835,96746507405;16731,521959137666;0,0;0,20933109648684223;-0,20933109648684223;spy
2015-07-01;43835,96746507405;16865,633731267462;0,0;0,8015515412006735;-0,8015515412006735;spy
2015-07-02;43835,96746507405;16850,1903019431;0,0;-0,09156744164158237;0,09156744164158237;strategy
2015-07-06;43835,96746507405;16802,23530368936;0,0;-0,28459618196842174;0,28459618196842174;strategy
2015-07-07;43835,96746507405;16907,89976306515;0,0;0,6288714416027075;-0,6288714416027075;spy
2015-07-08;43835,96746507405;16624,23154924435;0,0;-1,6777259020689717;1,6777259020689717;strategy
2015-07-09;43835,96746507405;16654,304812515875;0,0;0,18090017082861287;-0,18090017082861287;spy
2015-07-10;43835,96746507405;16864,007780749933;0,0;1,2591517364115123;-1,2591517364115123;spy
2015-07-13;43835,96746507405;17050,14004754572;0,0;1,1037249817226424;-1,1037249817226424;spy
2015-07-14;43835,96746507405;17124,104052895607;0,0;0,433802919762738;-0,433802919762738;spy
2015-07-15;43835,96746507405;17118,415086439552;0,0;-0,0332219801893352;0,0332219801893352;strategy
2015-07-16;43835,96746507405;17255,778759604393;0,0;0,8024321905458098;-0,8024321905458098;spy
2015-07-17;43835,96746507405;17270,40859355156;0,0;0,08478222948371528;-0,08478222948371528;spy
2015-07-20;43835,96746507405;17279,349461042675;0,0;0,05176986660553329;-0,05176986660553329;spy
2015-07-21;43835,96746507405;17211,074422148846;0,0;-0,395125054029144;0,395125054029144;strategy
2015-07-22;43835,96746507405;17180,187563500127;0,0;-0,17945921266234732;0,17945921266234732;strategy
2015-07-23;43835,96746507405;17083,46397161544;0,0;-0,5629949703819137;0,5629949703819137;strategy
2015-07-24;43835,96746507405;16906,273812547624;0,0;-1,0372027556133978;1,0372027556133978;strategy
2015-07-27;43835,96746507405;16807,924270145417;0,0;-0,5817339970515145;0,5817339970515145;strategy
2015-07-28;43835,96746507405;17014,37657758128;0,0;1,228303412828713;-1,228303412828713;spy
2015-07-29;43835,96746507405;17131,420210106044;0,0;0,6879102034157647;-0,6879102034157647;spy
2015-07-30;43835,96746507405;17135,484466281432;0,0;0,023723988586721312;-0,023723988586721312;spy
2015-07-31;43835,96746507405;17109,47421894844;0,0;-0,1517917242677025;0,1517917242677025;strategy
2015-08-03;43751,802407541094;17051,76475782639;-0,19200000000002548;-0,3372953510057952;0,14529535100576974;strategy
2015-08-04;44266,4752713428;17018,440833756667;1,1763466542649148;-0,1954280072649195;1,3717746615298343;strategy
2015-08-05;44743,24778043716;17074,524344361187;1,0770509876195433;0,3295455274215042;0,7475054601980391;strategy
2015-08-06;44162,14739687914;16934,72236553848;-1,2987443075423988;-0,8187752466959686;-0,4799690608464302;spy
2015-08-07;44033,644411030036;16902,20955637224;-0,2909799306049732;-0,19198902978417864;-0,09899090082079454;spy
2015-08-10;44213,86099147877;17115,164425641353;0,409270190689881;1,2599232577188646;-0,8506530670289836;spy
2015-08-11;43969,34060194096;16960,731372634622;-0,5530401192172185;-0,9023170865677721;0,3492769673505536;strategy
2015-08-12;43768,11399412526;16981,0514132747;-0,457652093620009;0,11980639392039638;-0,5774584875404054;spy
2015-08-13;44017,316550305404;16959,91901749428;0,5693701040295984;-0,12444692184313544;0,6938170258727339;strategy
2015-08-14;44113,68118391314;17021,691494554863;0,2189243714973088;0,36422625011867105;-0,14530187862136223;spy
2015-08-17;44456,10161595905;17116,789135922023;0,7762227564241053;0,5586850249141184;0,2175377315099869;strategy
2015-08-18;44352,217047967206;17067,208187150747;-0,2336789871709155;-0,2896626719974149;0,0559836848264994;strategy
2015-08-19;44218,40020744008;16932,28405988062;-0,30171398282616835;-0,7905459744242505;0,4888319915980821;strategy
2015-08-20;42652,666847505956;16578,714856648465;-3,540909107043355;-2,0881364970122607;-1,4527726100310945;spy
2015-08-21;41737,338903750046;16079,654708137541;-2,146004016650205;-3,0102462876414604;0,8642422709912556;strategy
2015-08-24;40423,09416740224;15402,590805181611;-3,148846502597036;-4,210686829072785;1,0618403264757488;strategy
2015-08-25;40429,3429597974;15221,336389938402;0,015458471262208562;-1,1767787480417513;1,1922372193039599;strategy
2015-08-26;40629,647329401676;15805,740957185038;0,4954430493798956;3,8393775176858824;-3,343934468305987;spy
2015-08-27;40831,73421294822;16196,698340662304;0,49738773735381603;2,4735150635221803;-1,9761273261683643;spy
2015-08-28;40799,57421747972;16197,51069580264;-0,07876225707381668;0,005015560105214867;-0,08377781717903154;spy
2015-08-31;40792,04667024724;16066,649584471044;-0,018450063209862755;-0,8079087817210562;0,7894587185111934;strategy
2015-09-01;40792,04667024724;15587,097121459865;0,0;-2,9847695407179575;2,9847695407179575;strategy
2015-09-02;40792,04667024724;15882,956863569974;0,0;1,8981067469117097;-1,8981067469117097;spy
2015-09-03;40792,04667024724;15894,336036718947;0,0;0,07164392151106647;-0,07164392151106647;spy
2015-09-04;40792,04667024724;15653,746209836172;0,0;-1,5136827755935611;1,5136827755935611;strategy
2015-09-08;40792,04667024724;16047,141898971298;0,0;2,5131088996954043;-2,5131088996954043;spy
2015-09-09;40792,04667024724;15832,562319421515;0,0;-1,3371825394249082;1,3371825394249082;strategy
2015-09-10;40792,04667024724;15918,720333534415;0,0;0,5441823779036126;-0,5441823779036126;spy
2015-09-11;40792,04667024724;15991,059628603634;0,0;0,45442908445869623;-0,45442908445869623;spy
2015-09-14;40792,04667024724;15931,724216964061;0,0;-0,37105365759151354;0,37105365759151354;strategy
2015-09-15;40792,04667024724;16130,86160742634;0,0;1,2499424905324297;-1,2499424905324297;spy
2015-09-16;40792,04667024724;16270,662346012192;0,0;0,8666662822368387;-0,8666662822368387;spy
2015-09-17;40792,04667024724;16234,086520907415;0,0;-0,22479616580416417;0,22479616580416417;strategy
2015-09-18;40792,04667024724;15886,207524368174;0,0;-2,1428923400846567;2,1428923400846567;strategy
2015-09-21;40792,04667024724;15968,30128230569;0,0;0,5167612081838469;-0,5167612081838469;spy
2015-09-22;40792,04667024724;15761,036619729488;0,0;-1,2979756513353813;1,2979756513353813;strategy
2015-09-23;40792,04667024724;15735,839967773683;0,0;-0,15986671793062346;0,15986671793062346;strategy
2015-09-24;40792,04667024724;15678,942861791977;0,0;-0,36157654181937504;0,36157654181937504;strategy
2015-09-25;40792,04667024724;15674,87984585344;0,0;-0,025913838543523138;0,025913838543523138;strategy
2015-09-28;40792,04667024724;15281,48291648146;0,0;-2,5097285162032468;2,5097285162032468;strategy
2015-09-29;40792,04667024724;15290,423783972568;0,0;0,05850785254266633;-0,05850785254266633;spy
2015-09-30;40792,04667024724;15575,717948310896;0,0;1,8658355606688382;-1,8658355606688382;spy
2015-10-01;40792,04667024724;15616,35802959106;0,0;0,26091947360007417;-0,26091947360007417;spy
2015-10-02;40792,04667024724;15849,631699263398;0,0;1,4937776735799435;-1,4937776735799435;spy
2015-10-05;40792,04667024724;16131,673962566674;0,0;1,7794878054887775;-1,7794878054887775;spy
2015-10-06;40792,04667024724;16076,40280710249;0,0;-0,3426250468019698;0,3426250468019698;strategy
2015-10-07;40792,04667024724;16208,077513811275;0,0;0,8190557818731126;-0,8190557818731126;spy
2015-10-08;40792,04667024724;16354,382054467234;0,0;0,9026643692399139;-0,9026643692399139;spy
2015-10-09;40792,04667024724;16364,13527709868;0,0;0,059636754228709066;-0,059636754228709066;spy
2015-10-12;40792,04667024724;16379,578706423035;0,0;0,09437363516524577;-0,09437363516524577;spy
2015-10-13;40792,04667024724;16276,352552705104;0,0;-0,6302125077090825;0,6302125077090825;strategy
2015-10-14;40792,04667024724;16198,323050942978;0,0;-0,4794041018063244;0,4794041018063244;strategy
2015-10-15;40792,04667024724;16447,041390176528;0,0;1,5354573337705624;-1,5354573337705624;spy
2015-10-16;40792,04667024724;16521,818990903605;0,0;0,4546568525798156;-0,4546568525798156;spy
2015-10-19;40792,04667024724;16529,946263017526;0,0;0,04919114607413455;-0,04919114607413455;spy
2015-10-20;40792,04667024724;16508,81386723711;0,0;-0,1278431002990965;0,1278431002990965;strategy
2015-10-21;40792,04667024724;16406,401308896366;0,0;-0,6203507966371147;0,6203507966371147;strategy
2015-10-22;40792,04667024724;16683,565720647068;0,0;1,6893675007230824;-1,6893675007230824;spy
2015-10-23;40792,04667024724;16866,4460864078;0,0;1,0961707396543119;-1,0961707396543119;spy
2015-10-26;40792,04667024724;16824,9936499873;0,0;-0,24576864745623483;0,24576864745623483;strategy
2015-10-27;40792,04667024724;16792,482081057908;0,0;-0,19323376641759982;0,19323376641759982;strategy
2015-10-28;40792,04667024724;16983,489718932564;0,0;1,137459232963045;-1,137459232963045;spy
2015-10-29;40792,04667024724;16973,736496301117;0,0;-0,05742767118452896;0,05742767118452896;strategy
2015-10-30;40792,04667024724;16900,58360585471;0,0;-0,43097694171432277;0,43097694171432277;strategy
2015-11-02;40792,04667024724;17100,53335145733;0,0;1,183093733717877;-1,183093733717877;spy
2015-11-03;40792,04667024724;17150,1143002286;0,0;0,28993802562915505;-0,28993802562915505;spy
2015-11-04;40792,04667024724;17098,09504579947;0,0;-0,3033172462788669;0,3033172462788669;strategy
2015-11-05;40792,04667024724;17081,025665957583;0,0;-0,0998320561218291;0,0998320561218291;strategy
2015-11-06;40792,04667024724;17072,084798466472;0,0;-0,05234385607726377;0,05234385607726377;strategy
2015-11-09;40792,04667024724;16912,776374380872;0,0;-0,9331515510039523;0,9331515510039523;strategy
2015-11-10;40792,04667024724;16951,79050514351;0,0;0,23067845218915917;-0,23067845218915917;spy
2015-11-11;40792,04667024724;16885,141416767212;0,0;-0,3931684287631687;0,3931684287631687;strategy
2015-11-12;40792,04667024724;16649,428201200153;0,0;-1,3959801090738355;1,3959801090738355;strategy
2015-11-13;40792,04667024724;16462,483579264033;0,0;-1,1228290826386655;1,1228290826386655;strategy
2015-11-16;40792,04667024724;16712,826628778257;0,0;1,5206882261043164;-1,5206882261043164;spy
2015-11-17;40792,04667024724;16700,63510048895;0,0;-0,07294713551514453;0,07294713551514453;strategy
2015-11-18;40792,04667024724;16965,60798395034;0,0;1,5866036343350265;-1,5866036343350265;spy
2015-11-19;40792,04667024724;16950,978150003175;0,0;-0,08623229984451308;0,08623229984451308;strategy
2015-11-20;40792,04667024724;17012,75062706375;0,0;0,3644183628457087;-0,3644183628457087;spy
2015-11-23;40792,04667024724;16993,244181800863;0,0;-0,11465779808619292;0,11465779808619292;strategy
2015-11-24;40792,04667024724;17016,002528098805;0,0;0,1339258475572036;-0,1339258475572036;spy
2015-11-25;40792,04667024724;17013,564222440946;0,0;-0,014329485752206939;0,014329485752206939;strategy
2015-11-27;40792,04667024724;17033,070667703832;0,0;0,1146523151049017;-0,1146523151049017;spy
2015-11-30;40713,72594064036;16962,357323152148;-0,19200000000001438;-0,4151532388447343;0,22315323884471994;strategy
2015-12-01;41204,16288766702;17124,104052895607;1,204598536969348;0,9535628018087383;0,2510357351606096;strategy
2015-12-02;41087,15725690543;16949,35219948565;-0,28396555726802886;-1,020502169749482;0,7365366124814532;strategy
2015-12-03;40636,817031388186;16712,014273637924;-1,0960608024093932;-1,4002772675579145;0,3042164651485213;strategy
2015-12-04;41436,524424600466;17037,947279019558;1,9679380710220906;1,9502915689568967;0,017646502065193914;strategy
2015-12-07;41103,66022039502;16934,72236553848;-0,8033111097701773;-0,6058529926793899;-0,19745811709078742;spy
2015-12-08;41221,27506979337;16820,92939381191;0,28614203398849014;-0,6719506187956914;0,9580926527841815;strategy
2015-12-09;40591,61828494453;16690,068282480315;-1,5275043864672933;-0,777965998595398;-0,7495383878718953;spy
2015-12-10;40612,31548817761;16733,14666941834;0,05098885954186727;0,2581079130949071;-0,20711905355303983;spy
2015-12-11;39976,785532631264;16408,83961455423;-1,564870034882293;-1,938111589357061;0,37324155447476803;strategy
2015-12-14;40163,32185635178;16491,744487395226;0,46661161280276975;0,5052451897175292;-0,03863357691475944;spy
2015-12-15;40291,80011030336;16664,87163052451;0,3198895111591993;1,0497806539605747;-0,7298911428013755;spy
2015-12-16;40655,73516178214;16908,712118205487;0,9032484289172249;1,4632005159544104;-0,5599520870371855;spy
2015-12-17;40319,148974449214;16651,054151717683;-0,8278934964367046;-1,5238178087518928;0,6959243123151881;strategy
2015-12-18;39669,12054663185;16257,658462582547;-1,612207708623259;-2,3625872905743583;0,7503795819510994;strategy
2015-12-21;39808,18270938923;16391,770234712345;0,3505551946731744;0,8249144391762275;-0,4743592445030531;spy
2015-12-22;40005,95149580386;16540,51308102616;0,49680435768295617;0,9074239339862622;-0,41061957630330603;spy
2015-12-23;40124,30340370298;16745,339437944498;0,2958357531167133;1,2383313378186322;-0,942495584701919;spy
2015-12-24;40118,35443496981;16717,70324009398;-0,014826347695839903;-0,16503814660153715;0,15021179890569725;strategy
2015-12-28;40139,623213307306;16679,502704708535;0,053015081593055235;-0,2285034902032912;0,28151857179634643;strategy
2015-12-29;40394,65435440284;16857,50521891669;0,6353600773486567;1,0671931733186701;-0,4318330959700134;spy
2015-12-30;40295,36297096108;16738,02328073406;-0,2458032752814865;-0,7087759228367352;0,4629726475552487;strategy
2015-12-31;39922,59329680966;16570,586344297688;-0,9250932282706126;-1,0003387713595657;0,07524554308895315;strategy
2016-01-04;39387,11326460203;16338,938625142873;-1,3412957124967817;-1,3979452165525208;0,0566495040557391;strategy
2016-01-05;39580,61023848568;16366,573582756542;0,4912697525806031;0,1691355739052991;0,32213417867530403;strategy
2016-01-06;39261,85705532406;16160,122515557532;-0,805326601184353;-1,2614189900842954;0,4560923888999424;strategy
2016-01-07;38918,77398417285;15772,41579287846;-0,873833019838488;-2,399157075113889;1,525324055275401;strategy
2016-01-08;38615,91895380654;15599,288649749175;-0,7781720731733999;-1,0976577424965939;0,319485669323194;strategy
2016-01-11;38730,84435233352;15614,732079073534;0,29761145569127123;0,09900085619998222;0,198610599491289;strategy
2016-01-12;38924,17994957219;15740,716579089407;0,49917733649156304;0,8068310066281281;-0,3076536701365651;spy
2016-01-13;38307,55324513353;15348,133245094616;-1,5841739125590504;-2,4940626560566836;0,9098887434976333;strategy
2016-01-14;38305,11056169364;15600,101004889511;-0,006376506022875983;1,641683426715268;-1,648059932738144;spy
2016-01-15;38213,621840857784;15265,22713201676;-0,23884207484143882;-2,1466134915908097;1,907771416749371;strategy
2016-01-19;38199,70435361097;15285,547172656843;-0,03642022550172097;0,13311325448583933;-0,1695334799875603;spy
2016-01-20;38129,06444453152;15089,661683229619;-0,18492265915344142;-1,2815078663171997;1,0965852071637583;strategy
2016-01-21;38227,22638989134;15174,193746824993;0,2574465090865674;0,5601985344000138;-0,30275202531344636;spy
2016-01-22;38453,28253257152;15485,496918259458;0,5913485335675706;2,0515302270975866;-1,460181693530016;spy
2016-01-25;38338,24157978034;15251,40965320993;-0,29917069548934805;-1,5116548489542359;1,2124841534648878;strategy
2016-01-26;38522,19287276906;15459,486670926468;0,47981150258529226;1,3643133483909997;-0,8845018458057075;spy
2016-01-27;38381,85083352179;15291,237379349757;-0,36431477229448284;-1,0883239214735663;0,7240091491790834;strategy
2016-01-28;38474,26445721281;15370,89159139256;0,2407742766023846;0,52091410306907;-0,28013982646668545;spy
2016-01-29;38707,629383243606;15745,593190405132;0,6065481155340002;2,4377349666716785;-1,8311868511376783;spy
2016-02-01;38770,37238166376;15739,90298371222;0,1620946552911784;-0,036138407896757485;0,19823306318793588;strategy
2016-02-02;38770,37238166376;15456,236010128268;0,0;-1,8022155147810803;1,8022155147810803;strategy
2016-02-03;38770,37238166376;15548,895345837565;0,0;0,599494829456404;-0,599494829456404;spy
2016-02-04;38770,37238166376;15573,279642653033;0,0;0,15682333872029108;-0,15682333872029108;spy
2016-02-05;38770,37238166376;15276,606305165737;0,0;-1,9050151560545348;1,9050151560545348;strategy
2016-02-08;38770,37238166376;15070,967593107061;0,0;-1,3461020592586692;1,3461020592586692;strategy
2016-02-09;38770,37238166376;15071,779948247397;0,0;0,005390198972410332;-0,005390198972410332;spy
2016-02-10;38770,37238166376;15058,776064817752;0,0;-0,08627967946915893;0,08627967946915893;strategy
2016-02-11;38770,37238166376;14862,890575390527;0,0;-1,3008061782980973;1,3008061782980973;strategy
2016-02-12;38770,37238166376;15169,31713550927;0,0;2,0616888657319032;-2,0616888657319032;spy
2016-02-16;38770,37238166376;15425,349151479553;0,0;1,6878282237962283;-1,6878282237962283;spy
2016-02-17;38770,37238166376;15677,318151511303;0,0;1,6334735606784;-1,6334735606784;spy
2016-02-18;38770,37238166376;15613,10612855601;0,0;-0,40958550649240477;0,40958550649240477;strategy
2016-02-19;38770,37238166376;15605,791211582422;0,0;-0,04685113207684166;0,04685113207684166;strategy
2016-02-22;38770,37238166376;15831,749964281178;0,0;1,447916030883789;-1,447916030883789;spy
2016-02-23;38770,37238166376;15631,801458915417;0,0;-1,262958964213523;1,262958964213523;strategy
2016-02-24;38770,37238166376;15703,327158607442;0,0;0,4575653028860094;-0,4575653028860094;spy
2016-02-25;38770,37238166376;15893,522441341758;0,0;1,2111782478534394;-1,2111782478534394;spy
2016-02-26;38770,37238166376;15856,946616236984;0,0;-0,2301303895329898;0,2301303895329898;strategy
2016-02-29;38770,37238166376;15732,58806673863;0,0;-0,7842528105065028;0,7842528105065028;strategy
2016-03-01;38770,37238166376;16102,413054435487;0,0;2,3506938980925263;-2,3506938980925263;spy
2016-03-02;38770,37238166376;16174,752349504699;0,0;0,449245059263248;-0,449245059263248;spy
2016-03-03;38770,37238166376;16238,150777082805;0,0;0,39195918557632936;-0,39195918557632936;spy
2016-03-04;38770,37238166376;16290,982386652273;0,0;0,3253548405526052;-0,3253548405526052;spy
2016-03-07;38770,37238166376;16303,987510318773;0,0;0,0798301990502237;-0,0798301990502237;spy
2016-03-08;38770,37238166376;16125,983755873765;0,0;-1,0917804882538684;1,0917804882538684;strategy
2016-03-09;38770,37238166376;16205,639208153418;0,0;0,49395716556293046;-0,49395716556293046;spy
2016-03-10;38770,37238166376;16218,643091583059;0,0;0,08024295285493643;-0,08024295285493643;spy
2016-03-11;38770,37238166376;16480,365314246254;0,0;1,6137122025887685;-1,6137122025887685;spy
2016-03-14;38770,37238166376;16459,232918465837;0,0;-0,12822771448002257;0,12822771448002257;strategy
2016-03-15;38770,37238166376;16432,410315992507;0,0;-0,16296386718750444;0,16296386718750444;strategy
2016-03-16;38770,37238166376;16527,507957359667;0,0;0,5787199780096008;-0,5787199780096008;spy
2016-03-17;38770,37238166376;16632,360061595125;0,0;0,6344096430385804;-0,6344096430385804;spy
2016-03-18;38770,37238166376;16612,040020955043;0,0;-0,12217172166085755;0,12217172166085755;strategy
2016-03-21;38770,37238166376;16635,610722393318;0,0;0,14188926470524166;-0,14188926470524166;spy
2016-03-22;38770,37238166376;16626,669854902208;0,0;-0,0537453517055142;0,0537453517055142;strategy
2016-03-23;38770,37238166376;16516,942379587883;0,0;-0,6599486022871415;0,6599486022871415;strategy
2016-03-24;38770,37238166376;16509,626222377447;0,0;-0,04429486428115803;0,04429486428115803;strategy
2016-03-28;38723,84793480573;16519,38068524575;-0,1200000000000756;0,05908348703305144;-0,17908348703312704;spy
2016-03-29;39062,379482922544;16672,186547498095;0,874219805549159;0,9250096305899902;-0,05078982504083118;spy
2016-03-30;39076,53954775409;16745,339437944498;0,036249877808214315;0,43877202452116126;-0,40252214671294695;spy
2016-03-31;39006,63321344637;16704,699356664336;-0,1788959184123584;-0,2426948789588157;0,06379896054645728;strategy
2016-04-01;39191,09041284673;16818,49108815405;0,47288674823844357;0,681195926129119;-0,20830917789067538;spy
2016-04-04;39111,3016027073;16764,03352806706;-0,20358915584872683;-0,32379575433700847;0,12020659848828164;strategy
2016-04-05;38873,27335503786;16596,596591630685;-0,6085919872658052;-0,9987866950757596;0,39019470780995436;strategy
2016-04-06;39022,769299078864;16777,85100687389;0,3845725639711972;1,0921179787825253;-0,707545414811328;spy
2016-04-07;38839,28792218001;16577,088906130935;-0,4701905584727051;-1,1965900797468176;0,7263995212741126;strategy
2016-04-08;39050,15001653423;16621,793243586486;0,5429092695435456;0,26967544005278565;0,2732338294907599;strategy
2016-04-11;39079,3582116174;16582,77911282385;0,07479662708287371;-0,2347167371829162;0,3095133642657899;strategy
2016-04-12;39164,42569372642;16737,210925593725;0,21767881050751559;0,9312782358081861;-0,7135994253006706;spy
2016-04-13;39058,6419428997;16906,273812547624;-0,2701016265474365;1,01010190828974;-1,2802035348371765;spy
2016-04-14;38911,44556758346;16907,086167687965;-0,3768599418572438;0,004805051363465651;-0,38166499322070946;spy
2016-04-15;38995,48346747132;16888,392077565408;0,2159721867487585;-0,11056955608521601;0,3265417428339745;strategy
2016-04-18;39102,39729667241;17007,0616606077;0,27416977479013394;0,7026695170106345;-0,4284997422205006;spy
2016-04-19;39004,0981580272;17060,705625317503;-0,2513890335147706;0,31542170999507846;-0,5668107435098491;spy
2016-04-20;38888,891243967984;17076,962650019046;-0,29537130583675575;0,0952892867304378;-0,39066059256719354;spy
2016-04-21;38674,03710889678;16985,11566945009;-0,5524820281538112;-0,5378414326440817;-0,014640595509729515;spy
2016-04-22;39326,25222671778;16985,11566945009;1,686441774838543;0,0;1,686441774838543;strategy
2016-04-25;39153,9623600114;16955,8547613189;-0,4381039558845279;-0,17227382315575523;-0,26583013272877265;spy
2016-04-26;39306,41252022909;16981,0514132747;0,3893607467258198;0,14860148491766534;0,24075926180815443;strategy
2016-04-27;39405,54209945182;17016,002528098805;0,25219696448184337;0,20582420942898416;0,046372755052859205;strategy
2016-04-28;39322,13500658533;16861,569475092074;-0,211663356022318;-0,9075753999901792;0,6959120439678612;strategy
2016-04-29;39311,11554748075;16770,536089900306;-0,028023552390366024;-0,5398867841231669;0,5118632317328009;strategy
2016-05-02;39482,1857022664;16903,835506889765;0,4351699319726121;0,794842909462723;-0,35967297749011085;spy
2016-05-03;38859,276459477725;16756,71861109347;-1,577696958030661;-0,8703166552722963;-0,7073803027583647;spy
2016-05-04;38814,600085588914;16663,24568000699;-0,11496964935875376;-0,5578236005264192;0,44285395116766546;strategy
2016-05-05;38835,70307647406;16659,99501920879;0,05436869332315908;-0,01950796897929319;0,07387666230245227;strategy
2016-05-06;39185,261512125675;16720,955141129034;0,900095551156288;0,3659072037534239;0,5341883474028641;strategy
2016-05-09;39036,98241038676;16734,772619935866;-0,37840528815414887;0,08263570286630717;-0,46104099102045604;spy
2016-05-10;39364,81539136087;16942,849637652398;0,8398010315645799;1,243381206558225;-0,4035801749936452;spy
2016-05-11;39570,5764693179;16784,353568707138;0,5227030176856662;-0,9354746830369742;1,4581777007226404;strategy
2016-05-12;39646,055708145264;16789,23018002286;0,19074586615104305;0,029054507793579987;0,16169135835746307;strategy
2016-05-13;40000,080572473395;16642,925639366906;0,892963645448841;-0,8714189935285943;1,7643826389774353;strategy
2016-05-16;40489,27786242486;16807,11191500508;1,222990761393894;0,9865229178805501;0,23646784351334382;strategy
2016-05-17;39958,95871755252;16650,241796577342;-1,3097767430534701;-0,9333555891163359;-0,37642115393713427;spy
2016-05-18;39737,7876092543;16655,118407893064;-0,5534956750538833;0,029288531513849136;-0,5827842065677324;spy
2016-05-19;39808,05534030267;16597,40894677102;0,1768284931695785;-0,34649685285153;0,5233253460211085;strategy
2016-05-20;39906,228103143105;16702,26105100648;0,2466153194402354;0,6317377885411535;-0,3851224691009181;spy
2016-05-23;39977,69752681804;16679,502704708535;0,17909340740049906;-0,13625907431601414;0,3153524817165132;strategy
2016-05-24;40239,315706810885;16895,70699453899;0,6544103241997501;1,2962274335038826;-0,6418171093041325;spy
2016-05-25;40404,498283220484;17010,312321405894;0,41050046082578007;0,6783103358974474;-0,2678098750716673;spy
2016-05-26;40639,97606480256;17015,18893272162;0,5828009048187255;0,0286685583637869;0,5541323464549386;strategy
2016-05-27;40997,76406987929;17088,341823168023;0,8803843892678964;0,42992699484942776;0,45045739441846866;strategy
2016-05-31;41101,31723459185;17055,82901400178;0,2525824689757705;-0,19026310160861204;0,44284557058438256;strategy
2016-06-01;41219,78553393505;17090,78012882588;0,28823479954918074;0,20492181761089245;0,08331298193828829;strategy
2016-06-02;41189,47156633167;17142,799383255013;-0,07354227396070279;0,30437027471550415;-0,37791254867620694;spy
2016-06-03;41358,65306562727;17091,59248396622;0,41073966929425776;-0,29870791895758586;0,7094475882518436;strategy
2016-06-06;41559,54934458543;17178,562853219453;0,48574183167757745;0,5088488350914133;-0,02310700341383587;spy
2016-06-07;41736,79891010443;17205,38421545593;0,4264953983243558;0,1561327479233876;0,2703626504009682;strategy
2016-06-08;41892,749383130315;17261,467726060455;0,37365221362994916;0,32596488344702745;0,047687330182921706;strategy
2016-06-09;42025,57173911923;17237,897024622176;0,3170533277111698;-0,13655096896941776;0,45360429668058755;strategy
2016-06-10;41567,10367221511;17074,524344361187;-1,0909264239166938;-0,947752965617743;-0,14317345829895078;spy
2016-06-13;41413,88079834386;16942,849637652398;-0,3686157089017206;-0,7711764266644106;0,40256071776269;strategy
2016-06-14;41394,285758437414;16909,524473345824;-0,047315150207394296;-0,19669161339019858;0,1493764631828043;strategy
2016-06-15;41559,47010431429;16885,953771907545;0,39905108362259245;-0,13939304724643886;0,5384441308690313;strategy
2016-06-16;41745,06382583102;16936,34707581915;0,44657383997170896;0,2984332694043079;0,14814057056740104;strategy
2016-06-17;41946,41165627696;16785,97951922466;0,4823272789473032;-0,8878393665489814;1,3701666454962846;strategy
2016-06-20;42068,84550981772;16894,082284258315;0,2918815905971206;0,6440062965038518;-0,3521247059067312;spy
2016-06-21;42337,68102230216;16942,037282512065;0,6390370575339421;0,28385678160471883;0,3551802759292233;strategy
2016-06-22;42121,56519501247;16914,402324898398;-0,5104574035971643;-0,1631147255365395;-0,3473426780606248;spy
2016-06-23;42582,42978383304;17134,67087090424;1,0941297805218797;1,3022543851969326;-0,2081246046750529;spy
2016-06-24;41703,966357773344;16519,38068524575;-2,0629715836300466;-3,5909075248319655;1,527935941201919;strategy
2016-06-27;41053,3127008067;16223,520943135634;-1,5601721222023857;-1,7909856776553434;0,23081355545295779;strategy
2016-06-28;41424,02701189456;16516,128784210694;0,9030070576510951;1,803602572466656;-0,9005955148155609;spy
2016-06-29;41798,21726870611;16797,358692373633;0,9033169486494019;1,7027592351531728;-0,7994422865037709;spy
2016-06-30;42153,07056366755;17026,568105870585;0,8489675353381854;1,3645562834888825;-0,5155887481506971;spy
2016-07-01;42224,25657053343;17062,331575835025;0,16887502123565934;0,21004508801811816;-0,041170066782458825;spy
2016-07-05;42220,2956833964;16939,598976854202;-0,009380596507158057;-0,7193190358265378;0,7099384393193797;strategy
2016-07-06;42524,401996622604;17041,199180054606;0,7202846600285584;0,5997792706853744;0,120505389343184;strategy
2016-07-07;42502,48591459409;17030,632362045973;-0,051537660730072155;-0,06200747903352122;0,010469818303449063;strategy
2016-07-08;42932,67735427654;17284,226072358397;1,0121559490587906;1,4890445928336549;-0,4768886437748643;spy
2016-07-11;42961,660336092245;17345,18619427864;0,06750797667833819;0,3526922273814348;-0,2851842507030966;spy
2016-07-12;43065,47856749751;17471,170694294513;0,24165321031144327;0,7263369709886947;-0,4846837606772514;spy
2016-07-13;43020,91427511458;17468,73238863665;-0,10348031385064571;-0,013956166421402738;-0,08952414742924297;spy
2016-07-14;43099,623430753396;17566,268335661673;0,18295556234690924;0,5583458768219973;-0,3753903144750881;spy
2016-07-15;43076,13724281186;17542,697634223394;-0,05449279151885644;-0,13418160868251539;0,07968881716365894;strategy
2016-07-18;43271,53261731938;17589,840277336803;0,4536046800253102;0,2687308650947795;0,18487381493053068;strategy
2016-07-19;43105,48967757719;17571,958542354583;-0,3837232695468096;-0,10165945057079018;-0,2820638189760194;spy
2016-07-20;43038,09308335125;17645,110192564138;-0,15635269365935622;0,4162976485132974;-0,5726503421726536;spy
2016-07-21;42768,97555896483;17578,46110418783;-0,6253007628967744;-0,37771987620907055;-0,24758088668770384;spy
2016-07-22;43290,956083679775;17657,3029610903;1,22046534407938;0,44851398785805685;0,7719513562213232;strategy
2016-07-25;43554,31223366968;17609,346722599697;0,6083398793060857;-0,2715943572825341;0,8799342365886198;strategy
2016-07-26;43807,04206667118;17617,47523495047;0,5802636295703545;0,04616021524717073;0,5341034143231838;strategy
2016-07-27;43619,03316549257;17598,781144827914;-0,4291750648045878;-0,10611106230177247;-0,3230640025028153;spy
2016-07-28;43794,61908851711;17619,101185467993;0,4025442800585699;0,11546277252303394;0,28708150753553596;strategy
2016-07-29;43796,98152893863;17647,548498221997;0,00539436229995971;0,16145723016487423;-0,15606286786491452;spy
2016-08-01;43534,41665345894;17632,91866427483;-0,599504500798087;-0,08290009203625326;-0,5166044087618338;spy
2016-08-02;43183,90691528139;17519,93928792545;-0,8051325023318068;-0,640729867247003;-0,1644026350848038;spy
2016-08-03;43397,17339348102;17571,144946977394;0,4938563771407223;0,2922707562533322;0,20158562088739007;strategy
2016-08-04;43224,73011426995;17589,840277336803;-0,39736062449857723;0,1063979064302556;-0,5037585309288328;spy
2016-08-05;43415,27397781248;17733,705272098043;0,4408214071870642;0,8178868738597744;-0,37706546667271024;spy
2016-08-08;43411,72732409952;17723,139694326263;-0,008169138158087286;-0,05957907616973568;0,05140993801164839;strategy
2016-08-09;43437,068717771035;17733,705272098043;0,05837453433337192;0,05961459399410618;-0,0012400596607342607;spy
2016-08-10;43351,127814434905;17689,814530019685;-0,19785152606527356;-0,2474989936108618;0,04964746754558824;strategy
2016-08-11;43674,918277480705;17771,90704772035;0,7469020516185587;0,464066582277356;0,28283546934120274;strategy
2016-08-12;44024,61305157786;17756,464858632844;0,8006764245680476;-0,08689100751000378;0,8875674320780513;strategy
2016-08-15;44271,09324607823;17807,67051768479;0,5598690764450298;0,28837755408870347;0,27149152235632634;strategy
2016-08-16;43888,911919516046;17715,82477735268;-0,8632751046780074;-0,5157650476568465;-0,3475100570211609;spy
2016-08-17;43695,66624286889;17749,148701422404;-0,4403063739687463;0,18810258335997254;-0,6284089573287188;spy
2016-08-18;44462,01787320631;17788,976427562233;1,753838987321732;0,22439231768134338;1,5294466696403886;strategy
2016-08-19;44740,89437406337;17762,966180229236;0,6272241211641383;-0,14621553656508635;0,7734396577292246;strategy
2016-08-22;44477,65468101066;17762,1538250889;-0,5883648432502331;-0,004573307926691861;-0,5837915353235412;spy
2016-08-23;44697,992077990966;17797,91729505334;0,4953889735431094;0,20134647136049733;0,2940425021826121;strategy
2016-08-24;43692,575841176396;17706,883909861568;-2,249354367105072;-0,511483358881959;-1,737871008223113;spy
2016-08-25;43729,38212914305;17694,691141335406;0,08423922659182015;-0,06885891717723913;0,15309814376905928;strategy
2016-08-26;43639,89186357444;17661,36597702883;-0,20464562088785554;-0,18833425257550607;-0,016311368312349472;spy
2016-08-29;43842,839519914996;17748,33634628207;0,46505077733693945;0,4924328580606874;-0,027382080723747926;spy
2016-08-30;43532,34655035427;17719,075438150874;-0,7081953928182338;-0,16486563901143558;-0,5433297538067983;spy
2016-08-31;43444,1879363226;17668,68213423927;-0,2025128921770647;-0,2844014299025144;0,08188853772544968;strategy
2016-09-01;43605,257110658975;17669,494489379606;0,3707496491186735;0,004597712122311748;0,3661519369963617;strategy
2016-09-02;43941,419257050526;17749,148701422404;0,7709211426926377;0,45080074073808873;0,32012040195454894;strategy
2016-09-06;44146,09212304659;17802,793906369065;0,46578574260143224;0,30224100236628804;0,1635447402351442;strategy
2016-09-07;44022,277116307305;17801,16795585154;-0,2804665164793718;-0,009133119925319733;-0,2713333965540521;spy
2016-09-08;43736,37039594786;17760,527874571377;-0,6494591808689942;-0,2283000833481985;-0,4211590975207957;spy
2016-09-09;42433,5310249723;17335,432971647195;-2,9788465736431347;-2,393481240683226;-0,5853653329599084;spy
2016-09-12;42987,630863562794;17584,150070643893;1,3058065760881643;1,4347325469371563;-0,12892597084899204;spy
2016-09-13;42311,142025641515;17331,368715471803;-1,5736825322343662;-1,4375523079395158;-0,13613022429485033;spy
2016-09-14;42541,539254049865;17324,86615363856;0,5445308667601623;-0,03751903233955023;0,5820498990997125;strategy
2016-09-15;42933,417057852785;17497,993296767843;0,9211650792950943;0,9992985896339679;-0,07813351033887361;spy
2016-09-16;42900,38575176847;17342,74788862078;-0,07693612190198262;-0,8872183542083079;0,8102822323063252;strategy
2016-09-19;43257,62263292052;17345,999789655827;0,8327125150321635;0,01875078307043143;0,813961731961732;strategy
2016-09-20;43171,78250062285;17346,812144796164;-0,1984393202236201;0,00468324195888048;-0,20312256218250058;spy
2016-09-21;43993,5647975456;17541,885279083057;1,9035171802574746;1,1245474537833866;0,778969726474088;strategy
2016-09-22;44232,93446651823;17652,42510953772;0,5441015522933634;0,6301479498698415;-0,08604639757647803;spy
2016-09-23;43837,77007889548;17555,702757889892;-0,8933714038842799;-0,5479267072237337;-0,3454446966605462;spy
2016-09-26;43634,24379394052;17413,462473409323;-0,46427152792825055;-0,8102226748891828;0,3459511469609322;strategy
2016-09-27;44052,31991701835;17521,565238442978;0,9581376614481218;0,620799942565875;0,33733771888224684;strategy
2016-09-28;44276,77768961038;17608,53436745936;0,5095254302494023;0,496354793837539;0,013170636411863335;strategy
2016-09-29;43860,49905875178;17449,224703136904;-0,9401737266808374;-0,9047298372365509;-0,03544388944428656;spy
2016-09-30;44281,42343045399;17580,899409845693;0,9596889701103839;0,7546163737871758;0,20507259632320807;strategy
2016-10-03;43993,25291188264;17538,633378048005;-0,6507706759335208;-0,24040881420445137;-0,4103618617290694;spy
2016-10-04;43445,15368515196;17449,224703136904;-1,245871106254648;-0,5097813095460868;-0,7360897967085611;spy
2016-10-05;43678,14538866359;17526,4418497587;0,5362892837256883;0,44252479944231204;0,09376448428337625;strategy
2016-10-06;43710,80954775874;17538,633378048005;0,0747837592564693;0,06956077219675283;0,005222987059716466;strategy
2016-10-07;43486,61125756098;17478,485611268097;-0,5129126925750516;-0,3429444329179687;-0,16996825965708284;spy
2016-10-10;43768,25489777276;17569,52023669672;0,6476559843756613;0,520838174732563;0,1268178096430983;strategy
2016-10-11;42872,14137538893;17347,6244999365;-2,0474051900785994;-1,2629584289772233;-0,7844467611013761;spy
2016-10-12;42999,102624635016;17370,3840864713;0,2961392763995985;0,13119713615474815;0,16494214024485032;strategy
2016-10-13;42757,90843998927;17313,486980489586;-0,5609284146026905;-0,3275523770716493;-0,2333760375310412;spy
2016-10-14;42876,4752506146;17322,427847980696;0,2772979665077502;0,051641055907380995;0,2256569106003692;strategy
2016-10-17;42685,335905972475;17262,281321437644;-0,44579071279743365;-0,3472176479584199;-0,09857306483901374;spy
2016-10-18;43049,87316664739;17370,3840864713;0,8540105236091389;0,6262368398515461;0,22777368375759277;strategy
2016-10-19;43440,101709004746;17416,71313420752;0,9064568920952976;0,2667128573875521;0,6397440347077454;strategy
2016-10-20;43519,57786719515;17384,20156527813;0,18295573689672828;-0,18666879725734997;0,36962453415407825;strategy
2016-10-21;43243,433695062915;17392,328837392048;-0,6345286091122393;0,04675090819328265;-0,6812795173055219;spy
2016-10-24;43828,30725362233;17466,29408297879;1,3525141474280966;0,42527510995378215;0,9272390374743145;strategy
2016-10-25;43719,984399136585;17407,77226671641;-0,24715272223249096;-0,335055713503718;0,08790299127122703;strategy
2016-10-26;43271,05440398863;17372,82239212916;-1,0268301814783332;-0,2007716671137305;-0,8260585143646026;spy
2016-10-27;42597,999708961215;17326,492104156085;-1,5554386281961596;-0,2666825627254843;-1,2887560654706753;spy
2016-10-28;42480,039410312405;17275,285204867287;-0,2769151121055913;-0,2955410649828849;0,018625952877293628;strategy
2016-10-31;42390,29721650678;17276,098800244476;-0,21125732238337358;0,004709591578611061;-0,21596691396198464;spy
2016-11-01;42178,997619831345;17150,926655368938;-0,4984621730681149;-0,7245394132254335;0,22607724015731856;strategy
2016-11-02;41832,53208939096;17047,70174188786;-0,8214171744031384;-0,6018620192091095;-0,2195551551940289;spy
2016-11-03;41725,872028365775;16969,672240125732;-0,2549691727894099;-0,45771273420629477;0,20274356141688488;strategy
2016-11-04;41694,9626264636;16950,978150003175;-0,07407730599652274;-0,11016176304426972;0,03608445704774699;strategy
2016-11-07;42396,71801760726;17324,86615363856;1,6830699608260558;2,205701643449487;-0,5226316826234312;spy
2016-11-08;42476,63030561981;17402,895655400687;0,18848696726798675;0,45039021410124835;-0,2619032468332616;spy
2016-11-09;42669,69618277725;17587,401971678944;0,4545225828139543;1,0602046919760744;-0,6056821091621201;spy
2016-11-10;42448,282437169066;17631,292713757302;-0,5189016220311204;0,2495578491299444;-0,7684594711610648;spy
2016-11-11;42948,5215252394;17590,65263247714;1,1784672060896062;-0,2304997253460117;1,408966931435618;strategy
2016-11-14;42855,516926078075;17604,470111283976;-0,21654901230224732;0,07855012031403596;-0,2950991326162833;spy
2016-11-15;43405,45256598936;17741,83378444882;1,2832318435450851;0,7802772380907763;0,5029546054543088;strategy
2016-11-16;43694,2804316796;17708,508620142242;0,665418394730799;-0,18783382096493328;0,8532522156957323;strategy
2016-11-17;44185,44672209063;17799,54324557087;1,1240974460696718;0,5140727961985503;0,6100246498711215;strategy
2016-11-18;44290,732664428215;17759,71551943104;0,2382819460891472;-0,22375701213422916;0,4620389582233764;strategy
2016-11-21;44486,229419254756;17893,827291560836;0,4413942670755455;0,7551459480477751;-0,3137516809722296;spy
2016-11-22;44490,870087630334;17928,778406384936;0,010431696361234977;0,19532498137266874;-0,18489328501143376;spy
2016-11-23;44914,91661498696;17938,531629016383;0,9531090907447304;0,05439981693327045;0,8987092738114599;strategy
2016-11-25;44911,6572142955;18005,18195762954;-0,007256833446678268;0,371548407592881;-0,37880524103955926;spy
2016-11-28;44658,134718851485;17920,649894034163;-0,564491517724075;-0,4694874164243412;-0,0950041012997338;spy
2016-11-29;44589,19054175912;17955,601008858266;-0,15438212439101706;0,19503263012654593;-0,349414754517563;spy
2016-11-30;45233,662349925595;17912,522621920245;1,4453543568208715;-0,23991615160511293;1,6852705084259845;strategy
2016-12-01;44634,97597344794;17846,68588868428;-1,3235416841692937;-0,3675458483742511;-0,9559958357950427;spy
2016-12-02;44802,58153819096;17855,625515938533;0,3755027556029855;0,05009124556802913;0,3254115100349564;strategy
2016-12-05;45609,526515771446;17962,915925831854;1,8011126811802614;0,6008773526166911;1,2002353285635703;strategy
2016-12-06;46089,83677504299;18019,811791576707;1,0530919655687532;0,31674070056204595;0,7363512650067072;strategy
2016-12-07;46499,61810352296;18255,525007143762;0,8890926007832256;1,308078121422107;-0,4189855206388815;spy
2016-12-08;47250,53120540104;18300,22810436246;1,61488014849136;0,2448743446228141;1,3700058038685459;strategy
2016-12-09;46978,26116393391;18410,769175053978;-0,5762264138016948;0,6040420374058941;-1,180268451207589;spy
2016-12-12;46641,80915713501;18389,63677927356;-0,7161865902716724;-0,11478279684834503;-0,6014037934233274;spy
2016-12-13;46539,4516257589;18512,36937825438;-0,21945446204985064;0,6674008869993031;-0,8868553490491538;spy
2016-12-14;46299,047919999575;18359,563516002032;-0,5165589566729301;-0,8254257417305233;0,30886678505759324;strategy
2016-12-15;46887,127077226745;18435,153471869442;1,2701754866391912;0,4117197873551026;0,8584556992840886;strategy
2016-12-16;46446,96346250479;18291,28723687135;-0,9387728405644724;-0,7803907638611163;-0,15838207670335613;spy
2016-12-19;46581,52387822693;18331,114963011176;0,2897076701919632;0,21774151607842906;0,07196615411353413;strategy
2016-12-20;47166,64194036572;18401,828307562868;1,256116188187395;0,38575582933377817;0,8703603588536168;strategy
2016-12-21;47129,685953137596;18350,62264851092;-0,07835195745936607;-0,2782639757099803;0,19991201825061422;strategy
2016-12-22;46874,09985550491;18318,92343472187;-0,5423038419709036;-0,17274189762503944;-0,3695619443458642;spy
2016-12-23;47086,55879485858;18345,7460371952;0,4532544411703032;0,14642018985946414;0,3068342513108391;strategy
2016-12-27;47596,29123088062;18391,262729791084;1,0825434031881187;0,2481048876595171;0,8344385155286016;strategy
2016-12-28;46622,92072659067;18239,26798244222;-2,0450553585536935;-0,8264508510481772;-1,2186045075055163;spy
2016-12-29;46544,28274839113;18235,20496650368;-0,1686680649217509;-0,022276200681137226;-0,14639186424061368;spy
2016-12-30;46175,93337372941;18168,554637890527;-0,791395533266559;-0,36550358899493096;-0,425891944271628;spy
2017-01-03;46387,459128565504;18307,5442615729;0,45808658186525797;0,7650009945893599;-0,3069144127241019;spy
2017-01-04;46914,568388210275;18416,45938174689;1,1363184566411721;0,5949193328053104;0,5413991238358618;strategy
2017-01-05;46689,21594358719;18401,828307562868;-0,48034640915447513;-0,07944564088426809;-0,40090076827020704;spy
2017-01-06;46658,03595583742;18467,666281035687;-0,06678199048671951;0,35777952262363577;-0,4245615131103553;spy
2017-01-09;46528,33101291205;18406,70615911544;-0,2779905760459722;-0,33009109539110515;0,052100519345132934;strategy
2017-01-10;46778,804062547686;18406,70615911544;0,538323735631363;0,0;0,538323735631363;strategy
2017-01-11;46863,40317187316;18458,725413544573;0,18084923507739603;0,28261033766419086;-0,10176110258679483;spy
2017-01-12;46379,7017988537;18412,3951255715;-1,0321516157191346;-0,25099397133389045;-0,7811576443852442;spy
2017-01-13;46648,58407756833;18454,66115736919;0,5797412839797067;0,22955205723882433;0,3501892267408824;strategy
2017-01-17;45800,386852118594;18389,63677927356;-1,8182700337470825;-0,3523466377472251;-1,4659233959998574;spy
2017-01-18;46401,222661913795;18430,27686055372;1,3118574996652255;0,22099447513812542;1,0908630245271;strategy
2017-01-19;46172,23707534821;18362,00182165989;-0,4934904156168596;-0,3704504246485718;-0,12303999096828777;spy
2017-01-20;46442,5334717035;18429,464505413387;0,5854089242290694;0,36740375264485703;0,2180051715842124;strategy
2017-01-23;46187,41274867582;18381,508266922785;-0,5493255943565534;-0,260215040304157;-0,2891105540523964;spy
2017-01-24;47456,00397096823;18499,36549482474;2,7466167659039975;0,6411727818550927;2,1054439840489048;strategy
2017-01-25;47783,26910125396;18659,487514287528;0,6896179680150327;0,8655541159375613;-0,17593614792252854;spy
2017-01-26;48306,749419674874;18639,979828787782;1,095530565963676;-0,10454566603079751;1,2000762319944736;strategy
2017-01-27;48194,70584007038;18610,71892065659;-0,23194187344524053;-0,1569792907501033;-0,07496258269513723;spy
2017-01-30;47629,05820381481;18495,301238649354;-1,1736717267921914;-0,6201677780385495;-0,553503948753642;spy
2017-01-31;47373,56440649932;18493,675288131824;-0,5364242060428404;-0,008791154556231362;-0,527633051486609;spy
2017-02-01;48150,09249482274;18500,99020510541;1,6391590923162447;0,03955361419305525;1,5996054781231894;strategy
2017-02-02;47990,608679013625;18513,18297363157;-0,33122224183943505;0,06590332944880206;-0,3971255712882371;spy
2017-02-03;48388,06296379719;18640,792183928123;0,8281917977784881;0,6892883329587818;0,13890346481970628;strategy
2017-02-06;48735,31701537288;18607,46701962154;0,7176440433986686;-0,17877547251083925;0,8964195159095079;strategy
2017-02-07;48480,798993309625;18608,28061499873;-0,5222455452233321;0,004372413377540241;-0,5266179586008723;spy
2017-02-08;48462,80072659416;18632,6649118142;-0,03712452576936087;0,13104003169328582;-0,1681645574626467;spy
2017-02-09;48983,57810437096;18743,20598250571;1,0745919962711126;0,5932649527841782;0,48132704348693434;strategy
2017-02-10;49068,81817111668;18817,169987855603;0,17401764028772693;0,39461768396999997;-0,22060004368227304;spy
2017-02-13;49140,32841868324;18919,583786433195;0,14573460342406364;0,5442571791809847;-0,39852257575692107;spy
2017-02-14;49245,613332184636;18995,17374230061;0,21425358130362504;0,39953286880241023;-0,1852792874987852;spy
2017-02-15;49374,58507984377;19094,335639843153;0,2618948956715439;0,5220373284700264;-0,2601424327984825;spy
2017-02-16;49001,87781440398;19078,07985537846;-0,754856501248724;-0,08513406683170466;-0,6697224344170194;spy
2017-02-17;48976,86139212134;19108,15311864999;-0,051051966574411356;0,15763254740257526;-0,20868451397698662;spy
2017-02-21;49305,99342598063;19221,946090376558;0,6720153650193739;0,5955205143060249;0,07649485071334894;strategy
2017-02-22;49134,619992084896;19204,87671053467;-0,34757120177084655;-0,08880151760717325;-0,2587696841636733;spy
2017-02-23;48358,260056378196;19217,88183420117;-1,5800670399644168;0,06771781908583296;-1,6477848590502497;spy
2017-02-24;48309,54895544664;19242,26613101664;-0,10072963931035961;0,12688337365087676;-0,22761301296123637;spy
2017-02-27;48881,04630262061;19272,339394288167;1,1829904429474958;0,1562875342579817;1,026702908689514;strategy
2017-02-28;48336,12451629199;19220,32013985903;-1,114791575767493;-0,2699166580916068;-0,8448749176758863;spy
2017-03-01;49408,3454372916;19489,35727949581;2,2182600109742268;1,399753686094174;0,8185063248800528;strategy
2017-03-02;48061,516717565006;19366,624680514982;-2,7259134217234027;-0,6297416442252346;-2,096171777498168;spy
2017-03-03;48160,28418743967;19378,81620880429;0,2055021909838528;0,06295122919159901;0,1425509617922538;strategy
2017-03-06;48034,22232904739;19321,107987919102;-0,2617548058928443;-0,29779022755255236;0,03603542165970808;strategy
2017-03-07;47903,43332723112;19263,398526797053;-0,2722829588461595;-0,29868608548812015;0,02640312664196065;strategy
2017-03-08;47561,0201418076;19227,63505683261;-0,7147988393326088;-0,18565503856805554;-0,5291438007645533;spy
2017-03-09;47558,09758482363;19252,019353648084;-0,006144857648682223;0,1268190120282675;-0,13296386967694973;spy
2017-03-10;47663,99428585323;19319,482037401573;0,22266807632649321;0,35041874057073485;-0,12775066424424164;spy
2017-03-13;47737,905294730925;19329,235260033016;0,15506675423471172;0,050483872251660955;0,10458288198305077;strategy
2017-03-14;47159,80329636381;19255,270014446283;-1,2109915481166356;-0,3826599686520993;-0,8283315794645363;spy
2017-03-15;47594,228936370506;19421,894595742317;0,9211778032165663;0,8653453375155218;0,0558324657010445;strategy
2017-03-16;47747,5694127904;19383,692820120013;0,32218291975041335;-0,19669438238366643;0,5188773021340798;strategy
2017-03-17;47817,750372491515;19265,836832454916;0,14698331363085515;-0,6080161750332991;0,7549994886641542;strategy
2017-03-20;48011,84797146694;19244,704436674496;0,40591118876032173;-0,10968843951185692;0,5155996282721786;strategy
2017-03-21;46470,575123000264;18997,612047958468;-3,2101927203107006;-1,2839500317040287;-1,926242688606672;spy
2017-03-22;46954,96705560615;19042,31638541402;1,0423626807367414;0,23531556146476618;0,8070471192719753;strategy
2017-03-23;47132,402549952385;19021,99634477394;0,3778843974826085;-0,10670992031013293;0,4845943177927414;strategy
2017-03-24;47422,95179735171;19008,178865967107;0,6164532925971411;-0,07263947777294;0,6890927703700811;strategy
2017-03-27;47544,27273624207;18988,67118046736;0,25582747233616754;-0,10262785108084982;0,35845532341701736;strategy
2017-03-28;47978,34090486952;19126,848449009398;0,9129767764784136;0,7276826652523827;0,1852941112260309;strategy
2017-03-29;47834,87061821867;19144,728943754762;-0,29903136278788267;0,09348374769126977;-0,39251511047915244;spy
2017-03-30;48211,92767273045;19205,689065675007;0,7882472548554897;0,31841726304582263;0,4698299918096671;strategy
2017-03-31;48054,72181629334;19160,985968456316;-0,3260725385308083;-0,23275966337800158;-0,09331287515280673;spy
2017-04-03;47656,144109385314;19127,660804149735;-0,8294246472422384;-0,17392197020259514;-0,6555026770396433;spy
2017-04-04;47271,59284607076;19139,852332439037;-0,8069290340231738;0,06373768551279912;-0,870666719535973;spy
2017-04-05;46828,58685479391;19082,956466694184;-0,9371505477283049;-0,29726386994336496;-0,6398866777849399;spy
2017-04-06;47051,32817645194;19136,60167164084;0,4756524520987737;0,28111579586886926;0,19453665622990446;strategy
2017-04-07;47077,625619247185;19117,0939861411;0,05589096804370364;-0,10193913127559684;0,15783009931930048;strategy
2017-04-10;46837,470295490944;19128,47315929007;-0,5101262448929833;0,05952355079292815;-0,5696497956859115;spy
2017-04-11;46635,78426413954;19105,714812992122;-0,43060829305894277;-0,11897628267782956;-0,3116320103811132;spy
2017-04-12;46106,2229545892;19021,99634477394;-1,1355256867794261;-0,43818548030065685;-0,6973402064787693;spy
2017-04-13;45751,97530557074;18898,450150415927;-0,7683293627573029;-0,6494912106948969;-0,118838152062406;spy
2017-04-17;46315,748205909906;19065,888327089153;1,2322372893712519;0,8859889321111369;0,34624835726011494;strategy
2017-04-18;46215,8075223356;19008,991221107444;-0,21578121361657265;-0,29842357725796687;0,08264236364139421;strategy
2017-04-19;46210,828823710945;18974,041346520193;-0,010772718019147476;-0,1838597018680499;0,17308698384890242;strategy
2017-04-20;46672,74551774874;19128,47315929007;0,999585391121105;0,8139110163697394;0,1856743747513656;strategy
2017-04-21;46567,266837552175;19067,513037369827;-0,22599630475231836;-0,3186878608271937;0,09269155607487534;strategy
2017-04-24;47296,88069558449;19277,216005603885;1,56679553596637;1,0997919226438668;0,46700361332250306;strategy
2017-04-25;47781,7344894278;19389,38302681293;1,025128479326054;0,5818631755562631;0,4432653037697909;strategy
2017-04-26;47392,2835744132;19377,19025828677;-0,8150623228228904;-0,0628837364721746;-0,7521785863507158;spy
2017-04-27;47826,199597805266;19393,447282988313;0,9155836998458788;0,08389773999659678;0,8316859598492821;strategy
2017-04-28;47691,18220196394;19351,18125119063;-0,2823084354951044;-0,21793975656282383;-0,0643686789322806;spy
2017-05-01;48060,950452540914;19399,948604584708;0,7753388226172886;0,2520122816330961;0,5233265409841925;strategy
2017-05-02;47410,99285939796;19407,264761795148;-1,3523610894561333;0,03771225047839444;-1,3900733399345278;spy
2017-05-03;47205,3947506409;19383,692820120013;-0,4336507133836598;-0,12145937083075653;-0,31219134255290326;spy
2017-05-04;47595,69782325461;19406,45116641796;0,8268187877157995;0,11740975524705544;0,7094090324687441;strategy
2017-05-05;47737,69421535138;19482,85471766256;0,29833871251152555;0,39370181899520684;-0,09536310648368129;spy
2017-05-08;47507,155070506284;19479,604056864362;-0,4829289487780941;-0,01668472534085419;-0,4662442234372399;spy
2017-05-09;47611,17784975958;19461,722321882145;0,21896234177549712;-0,0917972199538375;0,3107595617293346;strategy
2017-05-10;48498,024130561986;19496,672196469393;1,8626850266147743;0,17958263924027218;1,6831023873745021;strategy
2017-05-11;48499,98275663599;19456,84571056642;0,004038568805886378;-0,2042732498225286;0,20831181862841497;strategy
2017-05-12;48449,370545678255;19424,332901400176;-0,10435511124137209;-0,1671021585404664;0,0627470472990943;strategy
2017-05-15;48916,16898064989;19531,623311293497;0,9634767793970322;0,5523505514343219;0,41112622796271037;strategy
2017-05-16;49379,6679668035;19513,74157631128;0,9475373804047393;-0,09155273321228563;1,039090113617025;strategy
2017-05-17;47683,67987454091;19167,48853028956;-3,4345878822084286;-1,7744062289010487;-1,6601816533073799;spy
2017-05-18;48267,949333681354;19244,704436674496;1,225302788454452;0,4028483244579162;0,8224544639965359;strategy
2017-05-19;48471,98812725867;19369,87534131318;0,42272107349490273;0,6504173917067257;-0,227696318211823;spy
2017-05-22;48947,77473553892;19468,22488371539;0,9815702360528755;0,507744839185631;0,47382539686724456;strategy
2017-05-23;49099,17044680091;19511,303270653418;0,309300498500642;0,2212753715109539;0,08802512698968812;strategy
2017-05-24;49433,38663466966;19556,819963249305;0,6806962008266026;0,23328371234097034;0,4474124884856323;strategy
2017-05-25;50367,535921278875;19650,291654098935;1,8897133095753915;0,47794933442799614;1,4117639751473954;strategy
2017-05-26;50592,71225593512;19646,228638160403;0,4470664100149291;-0,020676619004200703;0,4677430290191298;strategy
2017-05-30;50703,180649211674;19629,159258318516;0,21834843073391674;-0,0868837483074536;0,30523217904137034;strategy
2017-05-31;50660,426583716704;19624,282647002794;-0,08432225542370775;-0,024843709562627492;-0,059478545861080256;spy
2017-06-01;51060,39430359515;19780,3404102902;0,7895072087825694;0,795227861800285;-0,005720653017715627;spy
2017-06-02;51300,781928770906;19846,17714352616;0,47079077326832586;0,33283923264391113;0,13795154062441473;strategy
2017-06-05;51194,03919575552;19831,547309578997;-0,20807233145802018;-0,0737161310279677;-0,13435620043005247;spy
2017-06-06;51408,24994155613;19768,14888200089;0,41842907722424716;-0,31968472549535054;0,7381138027195977;strategy
2017-06-07;51791,77653591055;19804,724707105663;0,746040946327553;0,18502402689852815;0,5610169194290249;strategy
2017-06-08;52206,483852278674;19814,47792973711;0,800720392513643;0,0492469487745506;0,7514734437390924;strategy
2017-06-09;50331,49540419295;19784,40466646558;-3,591485788223381;-0,15177418944960497;-3,439711598773776;spy
2017-06-12;49782,18946308165;19780,3404102902;-1,0913761586061277;-0,020542726677397205;-1,0708334319287305;spy
2017-06-13;50203,07986864979;19877,06400217488;0,8454638297503259;0,4889885101995617;0,35647531955076417;strategy
2017-06-14;49954,155009846756;19851,867350219076;-0,49583583209299453;-0,12676244315079632;-0,3690733889421982;spy
2017-06-15;49876,12316338774;19813,665574596773;-0,15620691901131467;-0,1924341672667973;0,036227248255482625;strategy
2017-06-16;49934,58790857556;19721,818594027813;0,11721990700097606;-0,4635537034940018;0,5807736104949779;strategy
2017-06-19;50658,24150206732;19886,004869665987;1,44920309509049;0,8325108298475659;0,6166922652429241;strategy
2017-06-20;50283,18378377111;19751,891857299343;-0,740368609678066;-0,6744090290917049;-0,06595958058636109;spy
2017-06-21;50705,36567324315;19747,015245983617;0,8396085086567195;-0,024689337866756755;0,8642978465234763;strategy
2017-06-22;50577,880225894485;19738,07437849251;-0,2514239778295013;-0,04527705772103818;-0,20614692010846314;spy
2017-06-23;50853,523978313824;19761,64632016764;0,5449887405091669;0,1194237149132249;0,425565025595942;strategy
2017-06-26;50566,093085592474;19774,65020359728;-0,5652133229624767;0,06580364418509177;-0,6310169671475685;spy
2017-06-27;49505,11943384315;19615,341779511684;-2,098191865354182;-0,8056194291447771;-1,2925724362094049;spy
2017-06-28;50270,495125313224;19790,907228298835;1,546053620763188;0,8950414974187693;0,6510121233444188;strategy
2017-06-29;49357,696496425524;19616,967730029206;-1,8157740969375724;-0,8788859260626225;-0,9368881708749499;spy
2017-06-30;49255,82092526896;19653,543555133987;-0,206402604635203;0,18644994276455495;-0,39285254739975795;spy
2017-07-03;48802,59029308067;19686,868719440565;-0,9201564884603886;0,1695631335544734;-1,089719622014862;spy
2017-07-05;49500,149969468395;19732,385412036445;1,4293496968062147;0,23120331244417258;1,1981463843620421;strategy
2017-07-06;49107,76285288517;19551,94335193358;-0,7926988439938998;-0,9144462584477875;0,1217474144538877;strategy
2017-07-07;49836,17237964884;19678,74020708979;1,4832879456264436;0,6485127993359985;0,8347751462904451;strategy
2017-07-10;50046,37232663085;19699,872602870204;0,42178188441264197;0,10738693411278533;0,31439495029985665;strategy
2017-07-11;50378,282269345276;19685,242768923035;0,6632047984381328;-0,07426359673532446;0,7374683951734573;strategy
2017-07-12;50939,3696292208;19833,172019859667;1,1137484935982656;0,7514728300438644;0,3622756635544011;strategy
2017-07-13;50764,83476803355;19866,497184166245;-0,34263255014276295;0,16802740516346226;-0,5106599553062252;spy
2017-07-14;51266,51324342005;19959,156519875538;0,9882401423719545;0,46641003117118274;0,5218301112007717;strategy
2017-07-17;51164,907123289435;19956,71821421768;-0,19819198479166245;-0,012216476459969705;-0,18597550833169274;spy
2017-07-18;51109,58198542247;19967,28503222631;-0,10813102373791184;0,0529486757051334;-0,16107969944304523;spy
2017-07-19;51430,78323033006;20075,387797259973;0,6284560202413747;0,5413994183945725;0,0870566018468022;strategy
2017-07-20;51439,810149367;20084,328664751076;0,01755158772618337;0,04453646216648899;-0,026984874440305617;spy
2017-07-21;51506,83463372028;20066,44692976886;0,13029691236936536;-0,08903327206351008;0,21933018443287544;strategy
2017-07-24;52143,77771199263;20061,570318453138;1,2366185629573812;-0,024302315864832558;1,2609208788222137;strategy
2017-07-25;51924,02953548122;20110,337671847217;-0,4214274188670375;0,2430884154129398;-0,6645158342799773;spy
2017-07-26;51996,79722421404;20111,15002698755;0,14014260715859983;0,004039490303897608;0,13610311685470222;strategy
2017-07-27;51171,08541125564;20092,455936865;-1,5880051407740847;-0,09295385941362477;-1,49505128136046;spy
2017-07-28;51306,02568075573;20068,88523542672;0,263704137630838;-0,11731120134017559;0,3810153389710136;strategy
2017-07-31;50935,26341557408;20057,506062277746;-0,7226485783339842;-0,05670057412499041;-0,6659480042089938;spy
2017-08-01;51255,74334128471;20102,2103997333;0,6291906710992556;0,22288083731221153;0,4063098337870441;strategy
2017-08-02;50646,76949396048;20111,963622364747;-1,188108507703034;0,048518160130184285;-1,2366266678332183;spy
2017-08-03;50967,488470735865;20072,949491602107;0,63324666109974;-0,1939846923711408;0,8272313534708808;strategy
2017-08-04;50815,102821750705;20109,52531670688;-0,2989859880434542;0,18221450275692774;-0,48120049080038196;spy
2017-08-07;51395,43338661102;20146,913496951995;1,1420434725794015;0,18592273888260458;0,956120733696797;strategy
2017-08-08;51271,49398634242;20097,332548180722;-0,24114866263756918;-0,24609699534756668;0,004948332709997505;strategy
2017-08-09;51166,26915606932;20096,52019304039;-0,2052306693094086;-0,004042104286161585;-0,201188565023247;spy
2017-08-10;49609,79245290732;19812,851979219584;-3,04199764578178;-1,4115290164465444;-1,6304686293352355;spy
2017-08-11;49940,12087396962;19842,112887350777;0,6658532614823409;0,14768650248779824;0,5181667589945427;strategy
2017-08-14;50888,222401362626;20038,810731918336;1,8984766372225348;0,9913150161188433;0,9071616211036915;strategy
2017-08-15;50883,2508370898;20036,37242626048;-0,009769577395757345;-0,012167916002980839;0,0023983386072234936;strategy
2017-08-16;51181,95059863107;20071,32354108458;0,5870296347566306;0,1744383368433189;0,4125912979133117;strategy
2017-08-17;50312,118544516845;19758,39441913259;-1,69948984737891;-1,5590856343451698;-0,14040421303374018;spy
2017-08-18;50475,15821537002;19727,508800720727;0,3240564610868413;-0,15631643825246844;0,4803728993393097;strategy
2017-08-21;50293,35244690087;19742,950989808232;-0,3601886054391601;0,07827744112800517;-0,43846604656716526;spy
2017-08-22;51215,02365202859;19949,403297244095;1,8325905120379682;1,0457013621846034;0,7868891498533648;strategy
2017-08-23;51155,629782029064;19877,87635731521;-0,11596962329465388;-0,35854175116488696;0,24257212787023308;strategy
2017-08-24;51266,34015837435;19831,547309578997;0,21641875355071782;-0,23306839676142665;0,4494871503121445;strategy
2017-08-25;50589,10715064418;19877,87635731521;-1,321009078545543;0,2336128745427546;-1,5546219530882976;spy
2017-08-28;50768,27658224746;19878,689952692406;0,3541660284095416;0,004092969302016414;0,3500730591075252;strategy
2017-08-29;50490,26497248011;19901,448298990344;-0,5476089173855558;0,11448614748807984;-0,6620950648736357;spy
2017-08-30;50775,25846541014;19995,732344980315;0,5644523614311892;0,4737546965099648;0,09069766492122433;strategy
2017-08-31;51083,88927510044;20116,027878540135;0,6078370037260417;0,6016060401509593;0,006230963575082349;strategy
2017-09-01;50716,01253337897;20144,475191294132;-0,7201423911565419;0,14141615295901744;-0,8615585441155593;spy
2017-09-05;50507,62085121997;19999,7966011557;-0,41089918498984357;-0,7182048118134055;0,3073056268235619;strategy
2017-09-06;50581,347846085635;20068,071640049533;0,14597202090125272;0,3413786662704643;-0,1954066453692116;spy
2017-09-07;50827,62409844262;20065,633334391667;0,48689143892799436;-0,012150174175185047;0,4990416131031794;strategy
2017-09-08;50920,69379656937;20042,06263295339;0,18310849617226843;-0,11746801631162818;0,3005765124838966;strategy
2017-09-11;51461,85389267031;20255,82985736284;1,062750830267345;1,0665929366869165;-0,0038421064195715005;spy
2017-09-12;51405,90398969754;20324,104896256667;-0,10872111814989038;0,33706364722947413;-0,4457847653793645;spy
2017-09-13;51312,137021090646;20333,858118888114;-0,18240505725894973;0,0479884485995008;-0,23039350585845053;spy
2017-09-14;51633,401332539834;20327,355557054867;0,626098093160965;-0,03197898694496937;0,6580770801059344;strategy
2017-09-15;51894,89124339537;20254,203906845312;0,506435570981334;-0,3598680113811814;0,8663035823625154;strategy
2017-09-18;51981,44788780366;20297,282293783337;0,16679222623732226;0,2126886207730161;-0,04589639453569383;spy
2017-09-19;51667,55939757606;20317,602334423416;-0,6038471473613027;0,10011212509126732;-0,7039592724525701;spy
2017-09-20;51715,128268577115;20324,917251397;0,09206719178473932;0,03600285532310288;0,056064336461636444;strategy
2017-09-21;51426,918267445595;20270,459691310007;-0,5573030770314125;-0,267934965802874;-0,28936811122853845;spy
2017-09-22;51688,37192422659;20274,523947485395;0,508398452773906;0,020050143101246753;0,4883483096726593;strategy
2017-09-25;50741,91600827477;20233,07027082804;-1,8310809195911437;-0,20446189890686028;-1,6266190206842834;spy
2017-09-26;50580,51696032147;20245,263039354202;-0,3180783475479787;0,060261583452025924;-0,3783399310000046;spy
2017-09-27;51126,76348482129;20324,104896256667;1,0799544119494353;0,38943360108094627;0,690520810868489;strategy
2017-09-28;51107,72175338309;20348,48919307213;-0,037244155781257504;0,11997722379377684;-0,15722137957503435;spy
2017-09-29;51419,09170753906;20420,014892764157;0,6092424852323974;0,3515037357976203;0,25773874943477715;strategy
2017-10-02;51657,96937042912;20508,611212534925;0,4645699777210188;0,4338700056588207;0,0306999720621981;strategy
2017-10-03;51935,7868478059;20552,501954613286;0,5378017772719845;0,2140112834726482;0,32379049379933633;strategy
2017-10-04;52028,19189178141;20576,88625142875;0,1779217175361003;0,11864393381064708;0,059277783725453226;strategy
2017-10-05;52260,86807483451;20698,806495269237;0,4472117415440069;0,5925106566209593;-0,14529891507695236;spy
2017-10-06;52562,55855719778;20675,234553594106;0,5772779777237336;-0,11388068041757737;0,6911586581413109;strategy
2017-10-09;52463,33888641507;20641,09703414719;-0,1887649184252327;-0,16511309392125417;-0,023651824503978514;spy
2017-10-10;52514,96637366381;20695,554594234185;0,09840678909232015;0,26383074502727144;-0,1654239559349513;spy
2017-10-11;52814,82762089005;20728,06740340043;0,571001502871793;0,15710044888239683;0,41390105398939614;strategy
2017-10-12;53009,61576490648;20697,180544751714;0,3688133669859539;-0,1490098331291989;0,5178232001151528;strategy
2017-10-13;53211,19744876361;20722,37719670752;0,3802738068337197;0,12173953791108083;0,25853426892263887;strategy
2017-10-16;53253,9955902538;20750,012154321183;0,08043070545704634;0,13335804744474267;-0,05292734198769633;spy
2017-10-17;53053,23722499359;20764,643228505207;-0,37698272784052467;0,07051115958491838;-0,44749388742544305;spy
2017-10-18;53131,016482276114;20784,963269145286;0,14660605337366572;0,0978588479294773;0,048747205444188424;strategy
2017-10-19;53154,269700455035;20790,65223560135;0,04376580709062328;0,027370587007524705;0,01639522008309857;strategy
2017-10-20;53692,44553008977;20897,94140525781;1,012479021285717;0,5160452324470377;0,4964337888386794;strategy
2017-10-23;53748,919183668724;20816,661242697486;0,1051798870798537;-0,38893860875633957;0,49411849583619327;strategy
2017-10-24;53713,25237814832;20853,238308039112;-0,06635818182413322;0,17571052780838148;-0,2420687096325147;spy
2017-10-25;53151,09590058137;20750,012154321183;-1,0465880442489195;-0,4950125836241659;-0,5515754606247536;spy
2017-10-26;53571,45858651536;20776,834756794513;0,7908824433653594;0,1292654783710212;0,6616169649943382;strategy
2017-10-27;55309,45847944775;20946,709998888746;3,2442646491052773;0,817618487525773;2,4266461615795043;strategy
2017-10-30;55435,00771312032;20868,681737363473;0,2269941473378001;-0,37250843463919603;0,5995025819769961;strategy
2017-10-31;55583,61545354009;20901,193306292862;0,26807561963160254;0,15579119629383076;0,11228442333777178;strategy
2017-11-01;55558,92700801744;20928,828263906526;-0,04441676800115424;0,13221712850883804;-0,17663389650999228;spy
2017-11-02;55593,628264732724;20936,9567762573;0,06245847172368091;0,038838831530729756;0,023619640192951152;strategy
2017-11-03;56038,32439263588;21006,859005905513;0,7999048484217397;0,33387005759826227;0,46603479082347743;strategy
2017-11-06;56281,21404515594;21039,370574834902;0,43343489505189847;0,15476644518939153;0,27866844986250694;strategy
2017-11-07;56306,99722994106;21024,740740887733;0,045811351482982765;-0,06953551150749027;0,11534686299047303;strategy
2017-11-08;56715,68042527567;21060,50173037846;0,725812448612162;0,17009003788179822;0,5557224107303638;strategy
2017-11-09;56148,77542959879;20984,100659607568;-0,9995560159483441;-0,36276947125475356;-0,6367865446935905;spy
2017-11-10;56180,54883134402;20977,596857537465;0,05658788014899496;-0,030993951923907748;0,08758183207290271;strategy
2017-11-13;56571,58820723398;20997,10330280036;0,6960405051646523;0,09298703467019998;0,6030534704944523;strategy
2017-11-14;56444,39774951291;20948,33718964313;-0,22483098274551638;-0,23225162277847877;0,007420640032962389;strategy
2017-11-15;55904,573700624074;20843,485085407672;-0,9563819801647;-0,5005270980996901;-0,4558548820650099;spy
2017-11-16;56610,17572902414;21020,67524447549;1,2621543850394934;0,850098524031706;0,41205586100778735;strategy
2017-11-17;56694,73372765588;20958,90152717805;0,14936890328074437;-0,2938712319133119;0,44324013519405625;strategy
2017-11-20;57161,12405164004;20994,664997142496;0,8226342965548694;0,17063618490724686;0,6519981116476226;strategy
2017-11-21;57785,16479104054;21132,02867030734;1,0917223020959543;0,6542789474542232;0,4374433546417311;strategy
2017-11-22;57486,08079728706;21113,33582042164;-0,5175792001891999;-0,0884574319737097;-0,4291217682154902;spy
2017-11-24;57713,610115872354;21162,101933578866;0,3957989750382085;0,23097303795100999;0,1648259370871985;strategy
2017-11-27;56993,1221606414;21151,537596043945;-1,2483848329439495;-0,049921021872401106;-1,1984638110715484;spy
2017-11-28;57294,389515839815;21366,11593535687;0,5286030029189481;1,014481043463511;-0,48587804054456285;spy
2017-11-29;55577,52907451608;21353,110811690374;-2,9965594464517076;-0,0608679823035807;-2,935691464148127;spy
2017-11-30;56076,44245876559;21540,05667386335;0,8976890346826805;0,8754970824701891;0,022191952212491373;strategy
2017-12-01;55460,9442689759;21495,351096170943;-1,097605630461096;-0,20754623986970477;-0,8900593905913912;spy
2017-12-04;53774,73084200016;21469,343329311658;-3,040361914499512;-0,12099251946584566;-2,9193693950336663;spy
2017-12-05;54080,84162563838;21392,126182689863;0,5692465194063523;-0,35966235872884056;0,9289088781351929;strategy
2017-12-06;54493,808149394805;21396,189198628395;0,7636096468599529;0,01899304400054813;0,7446166028594048;strategy
2017-12-07;55354,80167906827;21463,653122618744;1,5799841466631381;0,31530812970503863;1,2646760169580995;strategy
2017-12-08;55450,023506910584;21580,69675514351;0,1720208996400796;0,5453108650988359;-0,37328996545875626;spy
2017-12-11;55433,200412606886;21645,71989300228;-0,03033920139204893;0,3013023100992829;-0,3316415114913318;spy
2017-12-12;55264,748489646976;21683,92166862459;-0,3038827303963543;0,17648651008672633;-0,4803692404830806;spy
2017-12-13;55249,446253277914;21681,483362966726;-0,02768896409964805;-0,011244763263418278;-0,016444200836229772;spy
2017-12-14;55041,163108558736;21592,888283432818;-0,3769868457402348;-0,40862093266752497;0,031634086927290195;strategy
2017-12-15;55634,27122623638;21661,976917703836;1,077571919234055;0,31996013392996403;0,7576117853040909;strategy
2017-12-18;56183,89328329344;21799,34059086868;0,9879199366556346;0,6341234398259399;0,3537964968296947;strategy
2017-12-19;55858,738824361644;21715,622122650497;-0,5787325155490408;-0,3840412872545884;-0,1946912282944524;spy
2017-12-20;55767,21490033783;21704,24170926467;-0,16384889088096877;-0,05240657311842423;-0,11144231776254454;spy
2017-12-21;55561,65385673232;21748,944806483363;-0,3686055399626187;0,20596479627119635;-0,574570336233815;spy
2017-12-22;55590,1664823428;21743,257080264164;0,051317093051261864;-0,026151734117707548;0,07746882716896941;strategy
2017-12-26;55489,20960303029;21717,246832931167;-0,18160924080803387;-0,11962442994157829;-0,061984810866455575;spy
2017-12-27;55747,9681201885;21727,8136509398;0,4663222255450572;0,04865634253699014;0,41766588300806706;strategy
2017-12-28;55805,01018324267;21772,516748158494;0,10232133112222375;0,20574135040394292;-0,10342001928171918;spy
2017-12-29;55373,19353314778;21690,422990220977;-0,7737954866005259;-0,37705222086674706;-0,3967432657337788;spy
2018-01-02;56245,97375940226;21845,66839836805;1,576178238179482;0,7157325065401565;0,8604457316393255;strategy
2018-01-03;56653,41802708981;21983,84566691008;0,7243972153996747;0,6325156366117746;0,09188157878790015;strategy
2018-01-04;56766,80460159367;22076,503762382526;0,20014074781797841;0,4214826508353475;-0,2213419030173691;spy
2018-01-05;57515,312614437935;22223,62313865253;1,3185664017862475;0,66640704458234;0,6521593572039075;strategy
2018-01-08;58441,437118668866;22264,26321993269;1,6102224992487368;0,18286883748257488;1,427353661766162;strategy
2018-01-09;58433,94896694919;22314,656523844296;-0,012813086208796065;0,22634166427968339;-0,23915475048847945;spy
2018-01-10;58396,08010371703;22280,51776416053;-0,06480627084364254;-0,15298805808320326;0,08818178723956072;strategy
2018-01-11;59667,71435486035;22443,078089281178;2,1776020734350254;0,7296074841767641;1,4479945892582613;strategy
2018-01-12;59455,949656097946;22589,38387017399;-0,3549066711404092;0,6518971252998051;-1,0068037964402143;spy
2018-01-16;58459,23620419865;22512,1667235522;-1,6763897602585343;-0,34182936137423514;-1,3345603988842991;spy
2018-01-17;59130,101036375025;22726,745062865124;1,1475771421868064;0,9531660899100958;0,19441105227671063;strategy
2018-01-18;59163,92636387459;22688,545767716536;0,05720492085539153;-0,16808080102506118;0,2252857218804527;strategy
2018-01-19;59837,72867039699;22791,770681197613;1,1388735466580258;0,4549648731914546;0,6839086734665711;strategy
2018-01-22;60329,21986965035;22977,089352616207;0,821373421375382;0,8130946647838755;0,008278756591506564;strategy
2018-01-23;60304,577717082575;23025,857946247143;-0,0408461316440234;0,21224878783605572;-0,2530949194800791;spy
2018-01-24;60019,44976272459;23016,915838519177;-0,47281311826053996;-0,03883506859480024;-0,4339780496657397;spy
2018-01-25;60126,024276469994;23026,669061150624;0,17756662909562682;0,04237415081964624;0,13519247827598058;strategy
2018-01-26;60696,141243141436;23293,267895129542;0,9482033338009233;1,157782887620118;-0,20957955381919469;spy
2018-01-29;60112,626530772555;23138,836082359667;-0,9613703613074676;-0,662989038142503;-0,2983813231649646;spy
2018-01-30;59575,36270589528;22901,499396748794;-0,8937620195355156;-1,0257071045669863;0,13194508503147073;strategy
2018-01-31;59726,67490379201;22912,87732966091;0,2539845181366518;0,049682043585908;0,2043024745507438;strategy
2018-02-01;59222,10940956438;22886,867082327914;-0,8447908661253778;-0,1135180316237605;-0,7312728345016173;spy
2018-02-02;58126,96630614272;22388,62176943104;-1,8492132656875437;-2,176992207385142;0,32777894169759847;strategy
2018-02-05;55940,34654068983;21452,27270923292;-3,7617992205827733;-4,1822541371286714;0,42045491654589817;strategy
2018-02-06;56335,025159694174;21874,930546736097;0,7055348123688576;1,970224056126546;-1,2646892437576884;spy
2018-02-07;56294,88194800337;21756,26220393066;-0,07125799904590391;-0,5424855752200086;0,4712275761741047;strategy
2018-02-08;54331,34116145858;20940,208677292354;-3,4879561313556184;-3,750890290754405;0,2629341593987866;strategy
2018-02-09;54938,33617338343;21254,76250952502;1,1172096969243261;1,5021523284711513;-0,3849426315468252;spy
2018-02-12;55480,74456540994;21566,878036099824;0,9873040026452395;1,4684498424055947;-0,4811458397603552;spy
2018-02-13;55886,559709889545;21620,52324104648;0,7314522320463146;0,24873885249809824;0,48271337954821636;strategy
2018-02-14;56635,096411430604;21912,318726981204;1,3393859014166454;1,3496226834175395;-0,010236782000894173;spy
2018-02-15;57404,54237431504;22191,92268462662;1,3586027245274357;1,2760126444360864;0,08259008009134927;strategy
2018-02-16;57057,922242780376;22198,424006223013;-0,6038200414079986;0,02929589152225187;-0,6331159329302505;spy
2018-02-20;57393,943750671395;22059,435622777495;0,5889129759426792;-0,6261182478835225;1,2150312238262018;strategy
2018-02-21;57189,20121464151;21949,706907226315;-0,3567319522758794;-0,4974230412217784;0,140691088945899;strategy
2018-02-22;57585,73629278385;21978,15546021717;0,693374045659545;0,12960789458873467;0,5637661510708103;strategy
2018-02-23;57798,57501041506;22328,472762414276;0,3696031887984841;1,5939340443342331;-1,224330855535749;spy
2018-02-26;58573,96791706932;22587,75667941961;1,3415432932637916;1,1612254889272533;0,18031780433653832;strategy
2018-02-27;58057,56045367499;22305,714416116334;-0,8816330560454388;-1,248651060422712;0,36701800437727305;strategy
2018-02-28;57589,87965167109;22079,755663417578;-0,8055467683266926;-1,013008364060719;0,20746159573402645;strategy
2018-03-01;56591,2690480895;21758,70050958852;-1,7340036298419514;-1,454070229413773;-0,2799334004281784;spy
2018-03-02;57208,69689662205;21870,86505032385;1,0910302223614776;0,5154928286544402;0,5755373937070374;strategy
2018-03-05;58385,838029308274;22123,64764573279;2,0576261941665175;1,1557960548304935;0,901830139336024;strategy
2018-03-06;59183,470551904655;22179,73115633731;1,366140402396887;0,2535002884813009;1,1126401139155861;strategy
2018-03-07;59254,188337434876;22171,602643986538;0,11948908178374129;-0,036648380872961184;0,15613746265670247;strategy
2018-03-08;59333,351515406015;22278,89305387986;0,13359929515923685;0,4839091319473132;-0,35030983678807637;spy
2018-03-09;60331,670335697134;22666,598536322075;1,6825592938769063;1,7402367411369024;-0,05767744725999613;spy
2018-03-12;60479,92611307602;22638,149983331215;0,24573458111463164;-0,12550869926633013;0,37124328038096177;strategy
2018-03-13;59828,457089343465;22491,846682912117;-1,0771657070389629;-0,6462688007934592;-0,4308969062455037;spy
2018-03-14;60080,26209660217;22376,42776066802;0,42087832364234856;-0,5131589409765325;0,934037264618881;strategy
2018-03-15;59925,02491125395;22352,044704089407;-0,25838300288806293;-0,10896760126060112;-0,1494154016274618;spy
2018-03-16;60072,84110031358;22287,021566230633;0,24666854837112062;-0,2909046519886327;0,5375732003597533;strategy
2018-03-19;59306,43721694935;21985,470377190755;-1,2757909719709026;-1,3530349407333442;0,07724396876244155;strategy
2018-03-20;60216,888630287845;22022,861037909577;1,5351645724526852;0,17006986922423195;1,3650947032284533;strategy
2018-03-21;60447,38057219154;21980,59376587503;0,3827695969462086;-0,19192452770686597;0,5746941246530746;strategy
2018-03-22;58831,55096667428;21431,14155368936;-2,673117660718971;-2,499715057919405;-0,1734026027995661;spy
2018-03-23;57386,07747576021;20974,34495650241;-2,4569698863333933;-2,1314618077743597;-0,32550807855903363;spy
2018-03-26;59228,12529913451;21548,18270574041;3,2099211244267067;2,735903077917601;0,47401804650910595;strategy
2018-03-27;57422,53461271091;21181,61085931547;-3,0485359401540735;-1,7011729083180938;-1,3473630318359797;spy
2018-03-28;56321,58077930846;21119,023546640845;-1,9172853320179706;-0,29547947552394094;-1,6218058564940296;spy
2018-03-29;57363,91741599269;21388,87428165481;1,8506878220775569;1,277761419309975;0,5729264027675818;strategy
2018-04-02;55884,162885521786;20927,20355362586;-2,5795911386943704;-2,158462020719465;-0,4211291179749055;spy
2018-04-03;56436,83532888495;21195,427097885444;0,9889607624530505;1,2816979754235458;-0,29273721297049526;spy
2018-04-04;56831,487899711225;21422,199445961385;0,6992818936895517;1,069911670232715;-0,3706297765431632;spy
2018-04-05;57224,122121706314;21591,263573152148;0,6908744368754771;0,7892006029410537;-0,09832616606557654;spy
2018-04-06;56441,98465048807;21110,083919386587;-1,366796802150616;-2,228584965096203;0,861788162945587;strategy
2018-04-09;56557,87895579354;21214,122428244857;0,20533350487785818;0,4928379690747109;-0,2875044641968527;spy
2018-04-10;57408,71634763939;21551,434606775463;1,504365806417307;1,5900359756645166;-0,0856701692472095;spy
2018-04-11;57301,81077571503;21438,456470662943;-0,18621836321334184;-0,524225594137484;0,3380072309241422;strategy
2018-04-12;57872,22816054853;21614,833034353567;0,9954613599667539;0,8227111123041198;0,17275024766263414;strategy
2018-04-13;57572,73585074216;21551,434606775463;-0,5175060980467605;-0,2933098186663874;-0,22419627938037312;spy
2018-04-16;57854,73017186826;21728,624765843284;0,48980531662967675;0,8221733833538636;-0,33236806672418684;spy
2018-04-17;58637,02920016763;21961,08732061214;1,352178164128337;1,0698447659434063;0,28233339818493075;strategy
2018-04-18;58836,7253862035;21977,344345313693;0,34056327334417436;0,07402650180392545;0,2665367715402489;strategy
2018-04-19;58686,38827426483;21855,424101473203;-0,2555157700430466;-0,5547542138160444;0,2992384437729978;strategy
2018-04-20;58440,43426514394;21670,102949580898;-0,419098902408932;-0,8479412297463185;0,4288423273373865;strategy
2018-04-23;58151,40327722291;21666,853529019558;-0,4945736484600616;-0,014994947503943479;-0,4795787009561181;spy
2018-04-24;57382,99962690934;21375,05804308484;-1,3213845358991505;-1,3467367818031484;0,025352245903997872;strategy
2018-04-25;57222,80615720918;21427,889652654307;-0,27916538128313073;0,24716475371893143;-0,5263301350020622;spy
2018-04-26;57912,97928983763;21645,71989300228;1,2061154965597565;1,0165734651381708;0,18954203142158565;strategy
2018-04-27;58020,72736241462;21666,039933642365;0,18605168288396978;0,09387555942019787;0,09217612346377191;strategy
2018-04-30;57711,090259531;21499,416592583188;-0,533666358488627;-0,769053050624402;0,235386692135775;strategy
2018-05-01;57880,95231737256;21537,618368205487;0,29433174295907527;0,17768749890394453;0,11664424405513074;strategy
2018-05-02;58082,21179322891;21392,93977806706;0,3477127928939394;-0,6717483227022369;1,0194611155961764;strategy
2018-05-03;58230,34592239704;21345,79589471679;0,2550421628148225;-0,22037122452240876;0,47541338733723126;strategy
2018-05-04;58323,01749885088;21622,14795132715;0,15914653259545553;1,2946439569337498;-1,1354974243382943;spy
2018-05-07;58849,50950160991;21695,302082010414;0,9027173581500625;0,3383296185371476;0,5643877396129149;strategy
2018-05-08;58965,74104722221;21695,302082010414;0,19750639656415103;0,0;0,19750639656415103;strategy
2018-05-09;59931,4979498084;21905,00381000762;1,6378271271326295;0,9665766680939214;0,6712504590387081;strategy
2018-05-10;60413,91048624569;22109,828926689104;0,804939894613188;0,9350608585053433;-0,13012096389215522;spy
2018-05-11;60514,92601503893;22177,292850679452;0,16720574447210979;0,3051309180819084;-0,1379251736097986;spy
2018-05-14;60281,53816798859;22187,859668688085;-0,3856698874461828;0,047647014808260835;-0,43331690225444364;spy
2018-05-15;60021,88544018706;22035,052566198883;-0,43073341472797955;-0,6886969034910817;0,25796348876310216;strategy
2018-05-16;60236,23460751206;22127,71066167132;0,35711835066993824;0,42050317417701155;-0,0633848235070733;spy
2018-05-17;60881,03708547137;22109,017811785627;1,0704561501241328;-0,08447710733163749;1,1549332574557702;strategy
2018-05-18;60940,52170103436;22053,74541608458;0,09770631121064355;-0,24999932684292014;0,3477056380535637;strategy
2018-05-21;61685,789586661456;22219,557642240285;1,222943067805149;0,7518551748347146;0,4710878929704343;strategy
2018-05-22;61394,90589631867;22157,783924942847;-0,4715570511327094;-0,27801506354024896;-0,19354198759246044;spy
2018-05-23;61598,592462550165;22218,744046863096;0,33176460368793403;0,2751183156526116;0,056646288035322456;strategy
2018-05-24;62068,22855972848;22173,22735426721;0,7624136825266525;-0,20485718049537693;0,9672708630220295;strategy
2018-05-25;61857,16149715714;22120,39574469774;-0,340056527258914;-0,23826756802410864;-0,10178895923480535;spy
2018-05-29;61914,462220887304;21865,988439008128;0,09263393654557195;-1,1501028671722313;1,2427368037178033;strategy
2018-05-30;61914,462220887304;22157,783924942847;0,0;1,334471966582429;-1,334471966582429;spy
2018-05-31;61914,462220887304;22022,04744253239;0,0;-0,6125905138810395;0,6125905138810395;strategy
2018-06-01;61914,462220887304;22238,252972599697;0,0;0,9817685237101914;-0,9817685237101914;spy
2018-06-04;61914,462220887304;22343,916191738634;0,0;0,47514172659663956;-0,47514172659663956;spy
2018-06-05;61914,462220887304;22360,173216440184;0,0;0,07275817077920799;-0,07275817077920799;spy
2018-06-06;61914,462220887304;22547,116598139448;0,0;0,8360551588295184;-0,8360551588295184;spy
2018-06-07;61914,462220887304;22544,678292481585;0,0;-0,010814268189240916;0,010814268189240916;strategy
2018-06-08;61914,462220887304;22611,328621094744;0,0;0,29563663649787575;-0,29563663649787575;spy
2018-06-11;61914,462220887304;22641,401884366267;0,0;0,13300086773082587;-0,13300086773082587;spy
2018-06-12;61914,462220887304;22670,664032734312;0,0;0,12924176920445785;-0,12924176920445785;spy
2018-06-13;61914,462220887304;22598,323497428242;0,0;-0,3190931469921554;0,3190931469921554;strategy
2018-06-14;61914,462220887304;22655,220603409954;0,0;0,2517757832265266;-0,2517757832265266;spy
2018-06-15;61914,462220887304;22525,171847218695;0,0;-0,5740343846913798;0,5740343846913798;strategy
2018-06-18;61914,462220887304;22478,84155924561;0,0;-0,20568228419000079;0,20568228419000079;strategy
2018-06-19;61914,462220887304;22392,684785369573;0,0;-0,38327942144599225;0,38327942144599225;strategy
2018-06-20;61914,462220887304;22430,886560991872;0,0;0,17059935415719707;-0,17059935415719707;spy
2018-06-21;61914,462220887304;22290,270986791977;0,0;-0,6268837115178116;0,6268837115178116;strategy
2018-06-22;61914,462220887304;22330,911068072135;0,0;0,18232206016803865;-0,18232206016803865;spy
2018-06-25;61914,462220887304;22026,92405384811;0,0;-1,361283528904711;1,361283528904711;strategy
2018-06-26;61914,462220887304;22075,692647479045;0,0;0,22140446624192567;-0,22140446624192567;spy
2018-06-27;61914,462220887304;21892,812281718314;0,0;-0,8284241345497101;0,8284241345497101;strategy
2018-06-28;61914,462220887304;22017,984426593852;0,0;0,5717499573139051;-0,5717499573139051;spy
2018-06-29;61914,462220887304;22049,68240014605;0,0;0,1439640111376983;-0,1439640111376983;spy
2018-07-02;61914,462220887304;22096,823803022606;0,0;0,21379628976534448;-0,21379628976534448;spy
2018-07-03;61914,462220887304;22018,795541497333;0,0;-0,35311980681403954;0,35311980681403954;strategy
2018-07-05;61914,462220887304;22198,424006223013;0,0;0,8157960520008833;-0,8157960520008833;spy
2018-07-06;61914,462220887304;22386,183463773177;0,0;0,8458233679000227;-0,8458233679000227;spy
2018-07-09;61914,462220887304;22587,75667941961;0,0;0,9004358245014554;-0,9004358245014554;spy
2018-07-10;61914,462220887304;22669,036841979934;0,0;0,3598416775685509;-0,3598416775685509;spy
2018-07-11;61914,462220887304;22503,22461582423;0,0;-0,7314480421534375;0,7314480421534375;strategy
2018-07-12;61914,462220887304;22707,238617602234;0,0;0,9065989664189811;-0,9065989664189811;spy
2018-07-13;61914,462220887304;22725,120352584454;0,0;0,07874905127547294;-0,07874905127547294;spy
2018-07-16;61914,462220887304;22704,800311944375;0,0;-0,08941664697396101;0,08941664697396101;strategy
2018-07-17;61914,462220887304;22796,647292513335;0,0;0,4045267049569423;-0,4045267049569423;spy
2018-07-18;61914,462220887304;22844,602290767074;0,0;0,2103598728287137;-0,2103598728287137;spy
2018-07-19;61914,462220887304;22758,445516891035;0,0;-0,37714280502427755;0,37714280502427755;strategy
2018-07-20;61914,462220887304;22732,43526955804;0,0;-0,11428833007813832;0,11428833007813832;strategy
2018-07-23;61914,462220887304;22774,702541592582;0,0;0,18593376175206622;-0,18593376175206622;spy
2018-07-24;61914,462220887304;22889,305387985776;0,0;0,5032023851196277;-0,5032023851196277;spy
2018-07-25;61914,462220887304;23084,379762509525;0,0;0,852251176770702;-0,852251176770702;spy
2018-07-26;61914,462220887304;23029,920962185675;0,0;-0,23591190616389923;0,23591190616389923;strategy
2018-07-27;61914,462220887304;22873,864439135126;0,0;-0,6776250917525428;0,6776250917525428;strategy
2018-07-30;61914,462220887304;22754,382500952503;0,0;-0,5223513433882276;0,5223513433882276;strategy
2018-07-31;61914,462220887304;22866,547041687834;0,0;0,49293599037740776;-0,49293599037740776;spy
2018-08-01;61914,462220887304;22828,34526606553;0,0;-0,16706403267908732;0,16706403267908732;strategy
2018-08-02;61914,462220887304;22952,70629603759;0,0;0,5447658536903432;-0,5447658536903432;spy
2018-08-03;61914,462220887304;23051,054598202943;0,0;0,4284823797982007;-0,4284823797982007;spy
2018-08-06;61914,462220887304;23135,586661798323;0,0;0,3667166863678739;-0,3667166863678739;spy
2018-08-07;61914,462220887304;23211,987732569214;0,0;0,33023182808260554;-0,33023182808260554;spy
2018-08-08;61914,462220887304;23202,23450993777;0,0;-0,0420180414698379;0,0420180414698379;strategy
2018-08-09;61914,462220887304;23170,53653638557;0,0;-0,1366160381605641;0,1366160381605641;strategy
2018-08-10;61914,462220887304;23015,291128238507;0,0;-0,670012141942744;0,670012141942744;strategy
2018-08-13;61914,462220887304;22929,134354362457;0,0;-0,37434579209097985;0,37434579209097985;strategy
2018-08-14;61914,462220887304;23075,43765478156;0,0;0,6380672648083063;-0,6380672648083063;spy
2018-08-15;61914,462220887304;22903,124107029464;0,0;-0,7467401066449053;0,7467401066449053;strategy
2018-08-16;61914,462220887304;23088,44277844805;0,0;0,8091414540329467;-0,8091414540329467;spy
2018-08-17;61914,462220887304;23169,72294100838;0,0;0,3520383047929121;-0,3520383047929121;spy
2018-08-20;61914,462220887304;23219,30513001651;0,0;0,21399560596546685;-0,21399560596546685;spy
2018-08-21;61914,462220887304;23273,76144986665;0,0;0,23453035973821645;-0,23453035973821645;spy
2018-08-22;61914,462220887304;23259,945211296672;0,0;-0,0593640121290262;0,0593640121290262;strategy
2018-08-23;61914,462220887304;23229,058352647957;0,0;-0,1327899028485846;0,1327899028485846;strategy
2018-08-24;61914,462220887304;23368,860331470663;0,0;0,6018409214025189;-0,6018409214025189;spy
2018-08-27;61914,462220887304;23553,365407512065;0,0;0,7895339071924301;-0,7895339071924301;spy
2018-08-28;61914,462220887304;23564,745820897893;0,0;0,048317568164590874;-0,048317568164590874;spy
2018-08-29;61914,462220887304;23691,5426760541;0,0;0,5380786031808693;-0,5380786031808693;spy
2018-08-30;61914,462220887304;23595,630199072897;0,0;-0,4048384619467882;0,4048384619467882;strategy
2018-08-31;61914,462220887304;23596,443794450086;0,0;0,003448076488421492;-0,003448076488421492;spy
2018-09-04;61795,58645342321;23555,80371316992;-0,19199999999998107;-0,1722296869570039;-0,01977031304297716;spy
2018-09-05;60581,748986921084;23492,405285591823;-1,9642785774304783;-0,26914143261709267;-1,6951371448133856;spy
2018-09-06;60326,74009328103;23421,69194104013;-0,4209335285039528;-0,30100512779362987;-0,11992840071032296;spy
2018-09-07;60358,85331997863;23376,175248444248;0,053232159814942115;-0,19433563002392296;0,24756778983886507;strategy
2018-09-10;60932,63912021417;23416,815329724406;0,9506240902121599;0,17385256932851423;0,7767715208836456;strategy
2018-09-11;61503,91305975997;23494,02999587249;0,9375499695963185;0,3297402531507787;0,6078097164455398;strategy
2018-09-12;61494,96467940633;23499,720202565408;-0,014549286229881275;0,024219798365443523;-0,0387690845953248;spy
2018-09-13;61511,311826118574;23638,708586010922;0,026582902840033285;0,5914469714849657;-0,5648640686449324;spy
2018-09-14;61946,61565355901;23642,774082423162;0,7076809362657865;0,017198470878598826;0,6904824653871877;strategy
2018-09-17;60960,05992281652;23517,601937547624;-1,592590200988342;-0,5294308715177221;-1,0631593294706199;spy
2018-09-18;61379,730316748;23645,212388081025;0,6884350088612656;0,5426167637001322;0,1458182451611334;strategy
2018-09-19;60678,27654007204;23670,40904003683;-1,1428101313839756;0,10656132642101745;-1,249371457804993;spy
2018-09-20;60775,314694610846;23862,22903305182;0,15992239739164305;0,8103788687831237;-0,6504564713914807;spy
2018-09-21;60704,089000461114;23732,99387223775;-0,11719510545956657;-0,5415888039422723;0,4243936984827057;strategy
2018-09-24;61137,887781771045;23654,152015335283;0,7146121265515282;-0,33220358681629314;1,0468157133678213;strategy
2018-09-25;62382,6678713592;23632,20726441453;2,036020763477042;-0,09277335711094237;2,1287941205879846;strategy
2018-09-26;62401,8975243139;23561,49391986284;0,030825313521942732;-0,29922445990970825;0,330049773431651;strategy
2018-09-27;62963,29011278902;23627,330653098805;0,8996402525362157;0,27942512244718554;0,6202151300890302;strategy
2018-09-28;62892,51011797055;23629,768958756667;-0,11241470179159663;0,010319852435558552;-0,12273455422715518;spy
2018-10-01;62223,332698835184;23711,862716694184;-1,064001767269518;0,34741667631539297;-1,4114184435849109;spy
2018-10-02;60846,88003485293;23698,04399765049;-2,2121165875900073;-0,05827766130733769;-2,1538389262826696;spy
2018-10-03;60885,69685699452;23711,049121316995;0,06379426869438376;0,05487846873688529;0,008915799957498471;strategy
2018-10-04;59753,89822824967;23525,730449898398;-1,8588908186485287;-0,7815709480859301;-1,0773198705625986;spy
2018-10-05;59449,61307062121;23394,056983426464;-0,5092306387545542;-0,5596998008302045;0,05046916207565033;strategy
2018-10-08;58507,38026581569;23394,056983426464;-1,5849267238900677;0,0;-1,5849267238900677;spy
2018-10-09;58289,104860092;23359,9182237427;-0,3730732853393981;-0,14592919777851598;-0,2271440875608821;spy
2018-10-10;56737,52768957659;22620,268248348995;-2,6618648103098663;-3,1663209104984658;0,5044561001885994;strategy
2018-10-11;56514,55495674573;22122,02293545212;-0,39298986387069634;-2,2026498864938904;1,809660022623194;strategy
2018-10-12;56691,05425211216;22429,2618507112;0,3123076798561275;1,3888373416641953;-1,0765296618080678;spy
2018-10-15;56556,944083702685;22303,27611045847;-0,2365631935738466;-0,5617025700234146;0,32513937644956803;strategy
2018-10-16;56597,81738374728;22790,957085820424;0,07226928665753363;2,1865889699193897;-2,114319683261856;spy
2018-10-17;56609,84659756784;22795,02258223266;0,02125384754503301;0,017838199584718772;0,0034156479603142387;strategy
2018-10-18;56590,56829498267;22465,83643557912;-0,03405468084415331;-1,4441141502097965;1,4100594693656432;strategy
2018-10-19;56475,836942115995;22453,644907289814;-0,20273935449567348;-0,05426696808847886;-0,14847238640719462;spy
2018-10-22;56486,878658160975;22352,8582994666;0,019551221624736215;-0,4488652432126594;0,46841646483739563;strategy
2018-10-23;56410,35928561869;22239,064087503175;-0,1354639774050148;-0,5090812568079528;0,373617279402938;strategy
2018-10-24;56134,51063997844;21565,25332581915;-0,4890035254758063;-3,029852151299206;2,5408486258233998;strategy
2018-10-25;56147,76086315184;21952,145212884177;0,023604415576672366;1,7940521320091163;-1,770447716432444;spy
2018-10-26;56166,68990813163;21566,06444072263;0,03371291159042222;-1,758738239099067;1,7924511506894891;strategy
2018-10-29;56186,33816742677;21446,582502540004;0,03498204955156847;-0,5540275487492696;0,5890095983008381;strategy
2018-10-30;56186,33816742677;21764,38823580772;0,0;1,481847903879685;-1,481847903879685;spy
2018-10-31;56186,33816742677;21996,850790576584;0,0;1,0680867858551046;-1,0680867858551046;spy
2018-11-01;56186,33816742677;22230,938055626113;0,0;1,0641853567048498;-1,0641853567048498;spy
2018-11-02;56186,33816742677;22099,26458915418;0,0;-0,5922982923278419;0,5922982923278419;strategy
2018-11-05;56186,33816742677;22221,184832994666;0,0;0,5516936699347053;-0,5516936699347053;spy
2018-11-06;56186,33816742677;22361,797926720854;0,0;0,6327884619248714;-0,6327884619248714;spy
2018-11-07;56186,33816742677;22840,539274828552;0,0;2,140889340278118;-2,140889340278118;spy
2018-11-08;56186,33816742677;22799,085598171197;0,0;-0,18149167214733808;0,18149167214733808;strategy
2018-11-09;56186,33816742677;22576,378746507497;0,0;-0,9768236129679031;0,9768236129679031;strategy
2018-11-12;56186,33816742677;22154,53450438151;0,0;-1,8685203985215892;1,8685203985215892;strategy
2018-11-13;56186,33816742677;22113,08082772415;0,0;-0,18711147665577688;0,18711147665577688;strategy
2018-11-14;56186,33816742677;21961,900915989336;0,0;-0,6836673411208749;0,6836673411208749;strategy
2018-11-15;56186,33816742677;22191,10908924943;0,0;1,043662723627059;-1,043662723627059;spy
2018-11-16;56186,33816742677;22248,819790608333;0,0;0,26006226695025614;-0,26006226695025614;spy
2018-11-19;56186,33816742677;21872,492241078235;0,0;-1,6914494929252566;1,6914494929252566;strategy
2018-11-20;56186,33816742677;21467,716138557276;0,0;-1,850617195605897;1,850617195605897;strategy
2018-11-21;56186,33816742677;21540,867788766827;0,0;0,3407518980473423;-0,3407518980473423;spy
2018-11-23;56186,33816742677;21397,002794005588;0,0;-0,6678700049227437;0,6678700049227437;strategy
2018-11-26;56186,33816742677;21742,443484886968;0,0;1,614434947768273;-1,614434947768273;spy
2018-11-27;56186,33816742677;21815,595135096522;0,0;0,33644631644278444;-0,33644631644278444;spy
2018-11-28;56186,33816742677;22317,90594440564;0,0;2,302530855557583;-2,302530855557583;spy
2018-11-29;56186,33816742677;22269,139831248413;0,0;-0,21850667028844306;0,21850667028844306;strategy
2018-11-30;56186,33816742677;22404,87631365888;0,0;0,6095272805283658;-0,6095272805283658;spy
2018-12-03;56118,91456162585;22701,548410909323;-0,12000000000002009;1,3241407499740676;-1,4441407499740877;spy
2018-12-04;54890,872922086026;21965,963931927865;-2,188284732754897;-3,240239236844167;1,0519545040892697;strategy
2018-12-06;55027,79270757905;21932,638767621287;0,2494399855643925;-0,15171273343547176;0,40115271899986427;strategy
2018-12-07;54115,978038169415;21423,013041338585;-1,6570075311853283;-2,3235951299897972;0,6665875988044689;strategy
2018-12-10;54182,44870662793;21463,653122618744;0,12283002334658732;0,18970291994753197;-0,06687289660094464;spy
2018-12-11;54226,60714801261;21468,52973393447;0,08149953063911752;0,02272032299379667;0,05877920764532085;strategy
2018-12-12;54263,74951842494;21576,631258731268;0,06849473416425944;0,5035348304543108;-0,43504009629005136;spy
2018-12-13;54275,05230200664;21569,316341757683;0,020829344971562413;-0,03390203450144291;0,054731379473005326;strategy
2018-12-14;54033,82296370389;21171,044041306835;-0,4444571273012454;-1,846476235687644;1,4020191083863986;strategy
2018-12-17;53661,990381144766;20755,7023610141;-0,6881478343830905;-1,9618384406662304;1,27369060628314;strategy
2018-12-18;53714,607532306305;20732,94401471615;0,09805292496198881;-0,1096486445127276;0,2077015694747164;strategy
2018-12-19;53655,852747602934;20422,453198422023;-0,10938325234534085;-1,4975722505870093;1,3881889982416684;strategy
2018-12-20;53612,05694217578;20090,017631207138;-0,08162353813137013;-1,627794486710199;1,5461709485788289;strategy
2018-12-21;53480,469606299914;19564,134880222886;-0,24544355016595798;-2,6176321028577143;2,3721885526917563;strategy
2018-12-24;52860,31669902221;19047,192996729744;-1,1595876248712944;-2,6422935982500895;1,482705973378795;strategy
2018-12-26;52922,360557888234;20009,54982378715;0,11737322577785037;5,052486354407382;-4,935113128629531;spy
2018-12-27;52946,33199746821;20163,17052165354;0,0452954844176956;0,7677369017256241;-0,7224414173079285;spy
2018-12-28;52947,46009305767;20137,160274320548;0,002130639738218143;-0,1289987966181294;0,13112943635634755;strategy
2018-12-31;52943,29125851651;20313,53807824803;-0,007873530729962663;0,8758822074451444;-0,8837557381751071;spy
2019-01-02;52943,29125851651;20334,670474028448;0,0;0,10403109344623296;-0,10403109344623296;spy
2019-01-03;52943,29125851651;19849,429044561213;0,0;-2,3862763357143546;2,3862763357143546;strategy
2019-01-04;52943,29125851651;20514,300178990987;0,0;3,3495730931966117;-3,3495730931966117;spy
2019-01-07;52943,29125851651;20676,0481489713;0,0;0,7884644787734985;-0,7884644787734985;spy
2019-01-08;52943,29125851651;20870,306447644147;0,0;0,9395330155608672;-0,9395330155608672;spy
2019-01-09;52943,29125851651;20967,84363490602;0,0;0,4673490899932853;-0,4673490899932853;spy
2019-01-10;52943,29125851651;21041,80888049276;0,0;0,3527556141424526;-0,3527556141424526;spy
2019-01-11;52943,29125851651;21049,937392843538;0,0;0,038630292656605114;-0,038630292656605114;spy
2019-01-14;52943,29125851651;20921,51334693294;0,0;-0,6100922939288989;0,6100922939288989;strategy
2019-01-15;52943,29125851651;21161,29081867539;0,0;1,1460809156886187;-1,1460809156886187;spy
2019-01-16;52943,29125851651;21212,497717964186;0,0;0,24198381718569806;-0,24198381718569806;spy
2019-01-17;52943,29125851651;21373,430852330453;0,0;0,7586713102152975;-0,7586713102152975;spy
2019-01-18;52943,29125851651;21657,911421291592;0,0;1,3310009559374114;-1,3310009559374114;spy
2019-01-22;52943,29125851651;21365,30233997968;0,0;-1,3510493953920788;1,3510493953920788;strategy
2019-01-23;52943,29125851651;21410,007917672086;0,0;0,20924383367488808;-0,20924383367488808;spy
2019-01-24;52943,29125851651;21421,3858505842;0,0;0,053143057937510285;-0,053143057937510285;spy
2019-01-25;52943,29125851651;21602,64150606426;0,0;0,846143460298654;-0,846143460298654;spy
2019-01-28;52917,878478712475;21438,456470662943;-0,047999999999903675;-0,7600229599478814;0,7120229599479777;strategy
2019-01-29;52775,389091124336;21410,007917672086;-0,26926511735624326;-0,13269869978645987;-0,13656641756978338;spy
2019-01-30;53048,076959328595;21748,944806483363;0,5166951355553673;1,5830768961627273;-1,06638176060736;spy
2019-01-31;53142,21716433173;21939,95368459487;0,17746205027433515;0,8782443461559097;-0,7007822958815746;spy
2019-02-01;53208,072571203615;21950,5205026035;0,12392295689929167;0,04816244446335105;0,07576051243594062;strategy
2019-02-04;53267,2492448179;22104,95231537338;0,1112174727530224;0,7035451061470743;-0,5923276333940519;spy
2019-02-05;53317,78740695647;22197,61289131953;0,09487661340705777;0,4191846904899599;-0,3243080770829021;spy
2019-02-06;53228,00560898075;22168,350742951487;-0,1683899545389056;-0,13182565400754465;-0,03656430053136095;spy
2019-02-07;53159,227461698094;21957,02430467361;-0,1292142106317229;-0,9532799292480854;0,8240657186163625;strategy
2019-02-08;53260,68745095809;21983,84566691008;0,19086054125427854;0,12215390329901599;0,06870663795526255;strategy
2019-02-11;53332,42416860678;21996,03719519939;0,13468980796529362;0,05545675890392676;0,07923304906136686;strategy
2019-02-12;53477,45186109238;22278,89305387986;0,27193155898388444;1,2859400817079925;-1,014008522724108;spy
2019-02-13;53449,038166432736;22351,231108712218;-0,05313210272891444;0,32469321818375807;-0,3778253209126725;spy
2019-02-14;53493,374829287975;22301,6514001778;0,08295128289714793;-0,22182092920640661;0,30477221210355454;strategy
2019-02-15;53572,7522242651;22544,678292481585;0,14838733811513016;1,089725993573043;-0,9413386554579128;spy
2019-02-19;53570,59821672346;22583,693663481074;-0,00402071473316612;0,1730580072748289;-0,17707872200799502;spy
2019-02-20;53492,11868686432;22629,210356076965;-0,14649739310665932;0,20154671451948492;-0,34804410762614424;spy
2019-02-21;53502,055512992505;22548,743788893826;0,01857624332726182;-0,355587163303428;0,3741634066306898;strategy
2019-02-22;53791,827518811915;22688,545767716536;0,5416091083622732;0,6199989681534568;-0,07838985979118362;spy
2019-02-25;53724,22901377409;22719,43014589154;-0,12566686828808793;0,1361232160544512;-0,26179008434253914;spy
2019-02-26;53824,59544258927;22703,175601663705;0,1868178113630048;-0,07154468278234294;0,25836249414534773;strategy
2019-02-27;53550,884025985346;22693,42237903226;-0,5085248005177734;-0,04295972864134523;-0,46556507187642815;spy
2019-02-28;53598,67927255909;22651,155106997714;0,08925202159231205;-0,1862534056282339;0,27550542722054594;strategy
2019-03-01;54168,008559983165;22792,584276574802;1,0622076796499513;0,624379502541994;0,4378281771079573;strategy
2019-03-04;53287,007185747745;22709,676923260096;-1,6264237834400674;-0,36374705171065;-1,2626767317294174;spy
2019-03-05;53549,728437492115;22678,79006461138;0,49303060092786843;-0,13600747713446992;0,6290380780623384;strategy
2019-03-06;53014,15254651876;22541,42639144653;-1,0001467917779006;-0,6056922471326942;-0,39445454464520635;spy
2019-03-07;52909,5724689378;22352,8582994666;-0,19726822472394545;-0,8365401936209493;0,6392719688970039;strategy
2019-03-08;52965,961201096594;22308,152721774193;0,10657567152314584;-0,19999937857375638;0,3065750500969022;strategy
2019-03-11;53760,65730859892;22631,648661734824;1,500390230784432;1,4501242841361561;0,05026594664827577;strategy
2019-03-12;53936,81908648761;22716,99184023368;0,32767787208678456;0,377096603850835;-0,04941873176405043;spy
2019-03-13;54157,31988411934;22867,360637065027;0,4088131287055541;0,6619221325115276;-0,25310900380597356;spy
2019-03-14;54315,77694877476;22852,730803117858;0,2925866069341643;-0,06397692405066824;0,3565635309848325;strategy
2019-03-15;54616,773463127116;22864,92233140716;0,5541603770783388;0,053348233934635836;0,5008121431437029;strategy
2019-03-18;54575,02736545475;22947,82720424816;-0,076434573163775;0,36258541200955285;-0,43901998517332785;spy
2019-03-19;55025,673277699316;22953,517410941073;0,8257364842473969;0,02479627653750871;0,8009402077098882;strategy
2019-03-20;55039,785252017406;22884,42877667005;0,02564616383131657;-0,30099366922339277;0,32663983305470934;strategy
2019-03-21;55963,42295251637;23142,901578771907;1,6781273696286902;1,129470194009663;0,5486571756190273;strategy
2019-03-22;54417,72920547846;22697,48539497079;-2,761971418991638;-1,92463413580638;-0,8373372831852577;spy
2019-03-25;54326,942289634615;22680,41725536576;-0,16683334120951576;-0,07519837245413274;-0,09163496875538302;spy
2019-03-26;54368,85908826352;22849,478902082803;0,07715655780042852;0,7454080090922854;-0,6682514512918569;spy
2019-03-27;53705,761438972004;22729,996963900176;-1,2196276699774522;-0,5229088098448353;-0,6967188601326169;spy
2019-03-28;54051,536925199485;22816,153737776225;0,6438331325409052;0,3790443703661106;0,26478876217479463;strategy
2019-03-29;54619,88717260782;22960,021213011176;1,051496922640438;0,6305509547682941;0,4209459678721439;strategy
2019-04-01;55010,17096869163;23232,307773209297;0,7145452257168561;1,1859159783520479;-0,4713707526351918;spy
2019-04-02;55354,35337277749;23243,688186595125;0,6256704860665652;0,04898529021275522;0,57668519585381;strategy
2019-04-03;55653,96754118941;23280,265251936755;0,5412657725295755;0,15736343151739884;0,3839023410121767;strategy
2019-04-04;55107,57737957143;23342,036488760477;-0,9817631801606996;0,2653373411137805;-1,2471005212744801;spy
2019-04-05;55395,949133778595;23455,017105346713;0,5232887525084218;0,4840221059573713;0,0392666465510505;strategy
2019-04-08;55331,62488863309;23472,89884032893;-0,11611723628052184;0,07623842226123223;-0,19235565854175407;spy
2019-04-09;55103,735089650196;23352,60330676911;-0,4118617507466449;-0,5124869083197314;0,10062515757308654;strategy
2019-04-10;55674,31943997687;23432,25875904877;1,0354730934270862;0,3410988112686031;0,6943742821584831;strategy
2019-04-11;55722,785703027715;23425,754956978664;0,08705317557244907;-0,02775576241703659;0,11480893798948566;strategy
2019-04-12;55758,638118311836;23584,252266160784;0,06434067290748136;0,6765942419922011;-0,6122535690847197;spy
2019-04-15;55639,05787824217;23568,808836836426;-0,2144604748342882;-0,06548195444175953;-0,14897852039252868;spy
2019-04-16;55176,16775407808;23584,252266160784;-0,8319517652097153;0,0655248614016557;-0,897476626611371;spy
2019-04-17;54475,68618899746;23526,544045275594;-1,2695364567591683;-0,24468963541400823;-1,02484682134516;spy
2019-04-18;54558,65343739303;23572,871852774955;0,15230142876534458;0,1969171817594928;-0,04461575299414822;spy
2019-04-22;55125,988551388065;23593,191893415034;1,039862749996301;0,08620095492390956;0,9536617950723913;strategy
2019-04-23;55295,95444610621;23805,334407543818;0,308322624563373;0,8991683494423475;-0,5908457248789745;spy
2019-04-24;55332,10375025568;23752,502797974343;0,0653742294740578;-0,2219318101775225;0,2873060396515803;strategy
2019-04-25;55305,67369156583;23737,87048355347;-0,047766227738488265;-0,061603253119579815;0,01383702538109155;strategy
2019-04-26;55655,24791940992;23848,41279448184;0,6320766107897446;0,46567913918376114;0,1663974716059835;strategy
2019-04-29;55751,23198512073;23885,80097472695;0,17246184196284542;0,15677429172042956;0,01568755024241586;strategy
2019-04-30;55696,551705531805;23897,992503016256;-0,09807905160466035;0,05104090209160361;-0,14911995369626396;spy
2019-05-01;55010,21716304793;23718,364038290572;-1,2322747485563057;-0,7516466694974966;-0,4806280790588091;spy
2019-05-02;55285,265990505766;23667,157139001778;0,4999958946582783;-0,21589557865848708;0,7158914733167654;strategy
2019-05-03;55762,88480675275;23898,806098393445;0,8639170087903825;0,9787781355874214;-0,11486112679703897;spy
2019-05-06;55612,9758717271;23800,457796228093;-0,26883281872012166;-0,4115197293138584;0,14268691059373673;strategy
2019-05-07;54753,880882847;23402,996610680722;-1,544774354211198;-1,6699728591370255;0,12519850492582751;strategy
2019-05-08;55054,73798634908;23370,485041751333;0,549471742735097;-0,13892053855424358;0,6883922812893406;strategy
2019-05-09;54738,464445072386;23299,77169719964;-0,5744710679671416;-0,3025754254794566;-0,27189564248768505;spy
2019-05-10;54528,72079309065;23416,815329724406;-0,3831741611827644;0,5023381089130252;-0,8855122700957896;spy
2019-05-13;52747,76806304255;22828,34526606553;-3,2660819915543704;-2,513023463578734;-0,7530585279756363;spy
2019-05-14;53752,30558065067;23034,797573501397;1,904417105208167;0,9043682537198894;1,0000488514882777;strategy
2019-05-15;54319,44618889796;23169,72294100838;1,0551000596548343;0,5857458355188472;0,46935422413598715;strategy
2019-05-16;54985,39975245766;23384,30376079502;1,225994759305582;0,9261259633228214;0,2998687959827606;strategy
2019-05-17;54341,11290505823;23233,12136858649;-1,1717416810644088;-0,646512266326249;-0,5252294147381598;spy
2019-05-20;53511,30976181838;23079,503151193803;-1,5270264057521854;-0,6612035247248071;-0,8658228810273783;spy
2019-05-21;54066,399414517495;23287,580168910335;1,0373314635164999;0,9015662787600798;0,13576518475642008;strategy
2019-05-22;54037,463180358696;23216,05322898146;-0,05351980984890092;-0,30714629605169685;0,25362648620279593;strategy
2019-05-23;53223,27467864168;22932,386255397512;-1,5067111847932746;-1,2218570089675418;-0,2848541758257328;spy
2019-05-24;53185,76671374784;22984,40426958979;-0,07047286195805968;0,22683210378962038;-0,29730496574768006;spy
2019-05-28;53578,916574794;22770,63704518034;0,7392012663127279;-0,9300533609752137;1,6692546272879416;strategy
2019-05-29;52704,91457468102;22617,829942691136;-1,6312423915718965;-0,6710708276892463;-0,9601715638826502;spy
2019-05-30;53394,94614805014;22679,60365998857;1,3092357305529267;0,27311955856930137;1,0361161719836254;strategy
2019-05-31;53165,66267794591;22373,98945501016;-0,4294104342169147;-1,3475288614393954;0,9181184272224807;strategy
2019-06-03;52626,05737802334;22317,09482950216;-1,0149507647280953;-0,25428914062199937;-0,760661624106096;spy
2019-06-04;52626,05737802334;22801,523903829057;0,0;2,1706636908962906;-2,1706636908962906;spy
2019-06-05;52626,05737802334;22999,034103536957;0,0;0,8662149097619309;-0,8662149097619309;spy
2019-06-06;52626,05737802334;23148,58930499111;0,0;0,6502673146223659;-0,6502673146223659;spy
2019-06-07;52626,05737802334;23380,23826438278;0,0;1,0007044331713288;-1,0007044331713288;spy
2019-06-10;52626,05737802334;23487,528674276098;0,0;0,4588935693472518;-0,4588935693472518;spy
2019-06-11;52626,05737802334;23481,838467583188;0,0;-0,024226502378443815;0,024226502378443815;strategy
2019-06-12;52626,05737802334;23440,387271399544;0,0;-0,17652449249604407;0,17652449249604407;strategy
2019-06-13;52626,05737802334;23537,108382810515;0,0;0,41262591053254916;-0,41262591053254916;spy
2019-06-14;52626,05737802334;23511,10061595123;0,0;-0,1104968649346949;0,1104968649346949;strategy
2019-06-17;52626,05737802334;23520,040243205487;0,0;0,038023006239829016;-0,038023006239829016;spy
2019-06-18;52626,05737802334;23766,319036544322;0,0;1,0471019215623212;-1,0471019215623212;spy
2019-06-19;52626,05737802334;23819,964241490976;0,0;0,22571945139744365;-0,22571945139744365;spy
2019-06-20;52626,05737802334;24047,54770447041;0,0;0,9554315895362153;-0,9554315895362153;spy
2019-06-21;52626,05737802334;23896,367792735586;0,0;-0,6286708049932255;0,6286708049932255;strategy
2019-06-24;52626,05737802334;23867,10812484125;0,0;-0,12244399713010612;0,12244399713010612;strategy
2019-06-25;52626,05737802334;23633,02085979172;0,0;-0,9807944214485165;0,9807944214485165;strategy
2019-06-26;52626,05737802334;23609,448918116588;0,0;-0,09974155151377673;0,09974155151377673;strategy
2019-06-27;52626,05737802334;23693,167386334775;0,0;0,3545972991938262;-0,3545972991938262;spy
2019-06-28;52626,05737802334;23815,08763017526;0,0;0,5145797598627766;-0,5145797598627766;spy
2019-07-01;52525,01534785756;24031,293160242567;-0,19199999999994777;0,9078510792182026;-1,0998510792181504;spy
2019-07-02;52804,67031081458;24093,877992443486;0,5324224297793112;0,26043056353064475;0,27199186624866645;strategy
2019-07-03;53135,33509807082;24286,51158083566;0,6262036772692658;0,7995125917570789;-0,17330891448781305;spy
2019-07-05;53226,262665442475;24258,876623221997;0,17112448280194315;-0,11378726632551572;0,28491174912745887;strategy
2019-07-08;53009,33810845745;24125,57844646939;-0,40755173503073117;-0,5494820672157896;0,14193033218505846;strategy
2019-07-09;53346,65957760216;24155,651709740916;0,6363434843395854;0,12465302474820028;0,5116904595913851;strategy
2019-07-10;53519,549978524854;24271,068151511303;0,3240885226772239;0,4778030547768042;-0,1537145320995803;spy
2019-07-11;53579,165742517136;24327,96525749301;0,11139063018317241;0,23442357636067612;-0,12303294617750371;spy
2019-07-12;53707,16503744857;24436,880377667007;0,23889751390784308;0,4476951484483349;-0,20879763454049183;spy
2019-07-15;53793,31688845196;24445,00889001778;0,16041034923985897;0,033263298036190214;0,12714705120366876;strategy
2019-07-16;53375,81698314687;24366,167033115315;-0,7761185393546866;-0,32252742168018544;-0,4535911176745011;spy
2019-07-17;53286,39690780518;24200,35480695961;-0,16752919279890977;-0,6805018857925171;0,5129726929936074;strategy
2019-07-18;53376,81838719609;24288,949886493523;0,16968961055361387;0,3660900025665548;-0,1964003920129409;spy
2019-07-19;53015,81056986664;24154,02699946025;-0,6763382086783287;-0,555490820573934;-0,12084738810439477;spy
2019-07-22;53273,30144344595;24213,359930626113;0,48568695038619936;0,24564405416616086;0,2400428962200385;strategy
2019-07-23;53253,34212599429;24386,487073755397;-0,03746589175225301;0,7150066889738182;-0,7524725807260713;spy
2019-07-24;53744,63588740208;24501,0924006223;0,9225594897789069;0,46995422719264823;0,45260526258625866;strategy
2019-07-25;53398,96628454158;24384,048768097535;-0,6431704246442349;-0,4777078124148959;-0,165462612229339;spy
2019-07-26;53820,40756416755;24547,422688595376;0,7892311573603816;0,6700032552083401;0,11922790215204149;strategy
2019-07-29;53138,65927593135;24502,717110902973;-1,2667096350457485;-0,1821192320657472;-1,0845904029800013;spy
2019-07-30;53138,65927593135;24442,57058435992;0,0;-0,24546880360581946;0,24546880360581946;strategy
2019-07-31;53138,65927593135;24175,15815500381;0,0;-1,0940438053893553;1,0940438053893553;strategy
2019-08-01;53138,65927593135;23964,642831629415;0,0;-0,8707919179871904;0,8707919179871904;strategy
2019-08-02;53138,65927593135;23784,200771526543;0,0;-0,7529511763251451;0,7529511763251451;strategy
2019-08-05;53138,65927593135;23068,936333185167;0,0;-3,0073091175620292;3,0073091175620292;strategy
2019-08-06;53138,65927593135;23392,429792672086;0,0;1,4022903128895647;-1,4022903128895647;spy
2019-08-07;53138,65927593135;23406,248511715774;0,0;0,05907346592963769;-0,05907346592963769;spy
2019-08-08;53138,65927593135;23865,48093408687;0,0;1,9620078037761335;-1,9620078037761335;spy
2019-08-09;53138,65927593135;23702,920608966215;0,0;-0,6811525213743841;0,6811525213743841;strategy
2019-08-12;53138,65927593135;23414,377024066547;0,0;-1,2173334656089496;1,2173334656089496;strategy
2019-08-13;53138,65927593135;23778,510564833632;0,0;1,5551707414329652;-1,5551707414329652;spy
2019-08-14;53138,65927593135;23075,43765478156;0,0;-2,9567575653449807;2,9567575653449807;strategy
2019-08-15;53138,65927593135;23136,397776701804;0,0;0,2641775329778495;-0,2641775329778495;spy
2019-08-16;53138,65927593135;23477,775451644655;0,0;1,4755005435055812;-1,4755005435055812;spy
2019-08-19;53138,65927593135;23760,628829851412;0,0;1,2047707790260098;-1,2047707790260098;spy
2019-08-20;53138,65927593135;23578,562059467866;0,0;-0,7662540065219492;0,7662540065219492;strategy
2019-08-21;53138,65927593135;23770,384532956567;0,0;0,8135461060131854;-0,8135461060131854;spy
2019-08-22;53138,65927593135;23763,06713550927;0,0;-0,03078367300768381;0,03078367300768381;strategy
2019-08-23;53138,65927593135;23152,65480140335;0,0;-2,5687438857325717;2,5687438857325717;strategy
2019-08-26;53138,65927593135;23408,686817373633;0,0;1,1058430152673715;-1,1058430152673715;spy
2019-08-27;53138,65927593135;23316,839836804673;0,0;-0,3923628065321094;0,3923628065321094;strategy
2019-08-28;53138,65927593135;23481,027352679703;0,0;0,7041585267308248;-0,7041585267308248;spy
2019-08-29;53138,65927593135;23780,94887049149;0,0;1,2772929962008739;-1,2772929962008739;spy
2019-08-30;53138,65927593135;23770,384532956567;0,0;-0,04442353243537811;0,04442353243537811;strategy
2019-09-03;53138,65927593135;23631,39366903734;0,0;-0,5847228248517466;0,5847228248517466;strategy
2019-09-04;53138,65927593135;23899,61969377064;0,0;1,135041074977905;-1,135041074977905;spy
2019-09-05;53138,65927593135;24206,858609029718;0,0;1,2855389298899844;-1,2855389298899844;spy
2019-09-06;53138,65927593135;24225,55145891542;0,0;0,07722129578073833;-0,07722129578073833;spy
2019-09-09;53138,65927593135;24237,745467678433;0,0;0,050335319646666044;-0,050335319646666044;spy
2019-09-10;53138,65927593135;24232,055260985522;0,0;-0,023476633585817197;0,023476633585817197;strategy
2019-09-11;53138,65927593135;24404,368808737614;0,0;0,7110975354596594;-0,7110975354596594;spy
2019-09-12;53138,65927593135;24488,900872332993;0,0;0,34638086425375914;-0,34638086425375914;spy
2019-09-13;53138,65927593135;24472,643847631447;0,0;-0,06638527709470488;0,06638527709470488;strategy
2019-09-16;53138,65927593135;24397,053891764037;0,0;-0,30887531538495994;0,30887531538495994;strategy
2019-09-17;53138,65927593135;24458,827609061467;0,0;0,25320154462700195;-0,25320154462700195;spy
2019-09-18;53138,65927593135;24473,457443008636;0,0;0,05981412593034641;-0,05981412593034641;spy
2019-09-19;53138,65927593135;24471,830252254258;0,0;-0,006648798021968716;0,006648798021968716;strategy
2019-09-20;53138,65927593135;24244,24678927483;0,0;-0,929981373005262;0,929981373005262;strategy
2019-09-23;53138,65927593135;24238,556582581918;0,0;-0,023470338106890143;0,023470338106890143;strategy
2019-09-24;53138,65927593135;24048,3612998476;0,0;-0,7846807300026959;0,7846807300026959;strategy
2019-09-25;53138,65927593135;24190,60158432817;0,0;0,5914759958362437;-0,5914759958362437;spy
2019-09-26;53138,65927593135;24140,20828041656;0,0;-0,20831769617610796;0,20831769617610796;strategy
2019-09-27;53138,65927593135;24010,1595242253;0,0;-0,5387225937762974;0,5387225937762974;strategy
2019-09-30;53036,63305012157;24121,512950057153;-0,19199999999998107;0,4637762848660021;-0,6557762848659832;spy
2019-10-01;52528,23619292998;23834,594075438148;-0,9585767948563695;-1,189472962218674;0,23089616736230445;strategy
2019-10-02;51909,06924707737;23413,56342868935;-1,1787316512560597;-1,7664687110517052;0,5877370597956455;strategy
2019-10-03;52238,93603186417;23605,38590217805;0,6354704285231882;0,8192792783248581;-0,1838088498016699;spy
2019-10-04;52794,28290514205;23924,81634572644;1,0630899391578907;1,3532100041580675;-0,29012006500017673;spy
2019-10-07;52596,164658691174;23821,588951771653;-0,3752645846271663;-0,4314657737100158;0,056201189082849545;strategy
2019-10-08;52059,33551007972;23451,765204311658;-1,0206621568227714;-1,5524730453905788;0,5318108885678074;strategy
2019-10-09;52607,52302929418;23674,472055975362;1,0530052176872529;0,9496379045393022;0,10336731314795067;strategy
2019-10-10;52742,538314466416;23834,594075438148;0,25664634523290264;0,6763488498674697;-0,41970250463456704;spy
2019-10-11;52855,45207596737;24081,68646415418;0,2140848072721191;1,0366964418775826;-0,8226116346054635;spy
2019-10-14;52809,975421081064;24054,865101917705;-0,08603966686528963;-0,11137659431119662;0,025336927445906987;strategy
2019-10-15;53296,53489417921;24293,015382905767;0,9213400862593923;0,9900295843649376;-0,06868949810554525;spy
2019-10-16;53178,76592813839;24254,000011906275;-0,22096927365851116;-0,16060324494318046;-0,0603660287153307;spy
2019-10-17;53378,563447129156;24325,526951835156;0,3757092055516331;0,2949078085831891;0,08080139696844402;strategy
2019-10-18;53292,27516074902;24219,050137319024;-0,16165344439365015;-0,4377163739431311;0,276062929549481;strategy
2019-10-21;53689,833768772456;24383,235172720346;0,745996688683781;0,677916906197451;0,06807978248632995;strategy
2019-10-22;53235,731445288526;24303,582200914403;-0,8457882835689601;-0,32667105591901446;-0,5191172276499456;spy
2019-10-23;53339,288936788864;24374,295545466088;0,1945262865539199;0,2909585260605141;-0,09643223950659419;spy
2019-10-24;53590,41355209013;24414,12203136906;0,47080607992144863;0,1633954336390353;0,3074106462824133;strategy
2019-10-25;53661,009190181925;24514,0975242888;0,13173184047772235;0,4094986204758344;-0,27776677999811206;spy
2019-10-28;53636,28840273553;24652,272312357123;-0,04606843557261042;0,5636543949105954;-0,6097228304832059;spy
2019-10-29;53495,94050921723;24644,95739538354;-0,26166593121522697;-0,029672384277201758;-0,2319935469380252;spy
2019-10-30;53392,18810851239;24720,549831724664;-0,19394443712409393;0,3067257740737128;-0,5006702111978067;spy
2019-10-31;52477,15494588435;24654,710618014986;-1,713795959754183;-0,2663339373834783;-1,4474620223707046;spy
2019-11-01;53204,14435813216;24883,110156845312;1,3853445618336124;0,9263931034073414;0,45895145842627105;strategy
2019-11-04;52988,8076798432;24983,083169291338;-0,4047366626920401;0,4017705657205495;-0,8065072284125896;spy
2019-11-05;52665,21338521605;24955,448211677674;-0,610684234644987;-0,11061468044757383;-0,5000695541974132;spy
2019-11-06;53191,96754125242;24961,138418370585;1,0001937183534482;0,022801460605492707;0,9773922577479555;strategy
2019-11-07;52835,007641125485;25048,91990252731;-0,6710785793928364;0,3516725987630309;-1,0227511781558674;spy
2019-11-08;53200,68270648218;25110,69361982474;0,6921075281004718;0,24661229920415195;0,4454952288963199;strategy
2019-11-11;53585,002045578454;25062,738621570992;0,7223955023596851;-0,19097440707844804;0,9133699094381331;strategy
2019-11-12;53833,029000217364;25115,57023114046;0,4628663715043668;0,21079743266363415;0,25206893884073267;strategy
2019-11-13;54090,33181473802;25123,698743491237;0,47796458661022445;0,032364434794707186;0,44560015181551726;strategy
2019-11-14;54318,50949397956;25160,273328359155;0,42184558974986963;0,1455780267123119;0,27626756303755773;strategy
2019-11-15;54808,726642224465;25342,34257921641;0,9024863767648883;0,7236378098167906;0,1788485669480977;strategy
2019-11-18;54857,944921388174;25361,035429102107;0,08980007779599841;0,07376133373331317;0,01603874406268524;strategy
2019-11-19;54592,73198621126;25353,720512128522;-0,48345401118645714;-0,028843132190059517;-0,4546108789963976;spy
2019-11-20;54882,81284841644;25259,4352259017;0,5313543610135474;-0,37187948877845933;0,9032338497920067;strategy
2019-11-21;54310,39056263185;25218,79514462154;-1,0429900656979685;-0,16089069655240706;-0,8820993691455614;spy
2019-11-22;54301,582172893315;25274,878655226057;-0,016218608717932792;0,22238774803831074;-0,23860635675624353;spy
2019-11-25;54864,69511088695;25470,764144653287;1,0370101854504155;0,7750204940617067;0,26198969138870876;strategy
2019-11-26;55155,23740977431;25528,47236553848;0,5295614935982851;0,2265665080068091;0,302994985591476;strategy
2019-11-27;55494,19306133791;25642,266577501905;0,6145484408766722;0,4457540989293074;0,16879434194736476;strategy
2019-11-29;55135,88891604001;25547,167695897886;-0,6456606097540063;-0,37086768954915916;-0,27479292020484714;spy
2019-12-02;54454,97000521158;25330,151050927103;-1,2349831012343326;-0,8494743822644146;-0,385508718969918;spy
2019-12-03;54412,63066458997;25160,273328359155;-0,07775110447689748;-0,6706542026788664;0,592903098201969;strategy
2019-12-04;54802,272052956854;25315,518736506223;0,7160862902745979;0,6170259206687012;0,0990603696058967;strategy
2019-12-05;54805,97454850072;25361,035429102107;0,006756098616289563;0,1797975900460047;-0,17304149142971514;spy
2019-12-06;54978,77254434079;25592,684388493777;0,31529043551110636;0,9134049752789197;-0,5981145397678134;spy
2019-12-09;54857,4410828724;25512,21782131064;-0,22068783250942525;-0,314412376449702;0,09372454394027674;strategy
2019-12-10;54989,575428337455;25483,769268319786;0,24086859112775194;-0,11150952531885361;0,35237811644660555;strategy
2019-12-11;55503,40717087155;25556,10980362586;0,9344166390295561;0,2838690561996371;0,650547582829919;strategy
2019-12-12;55718,895912662774;25776,378349631697;0,3882441687369287;0,861901704517587;-0,4736575357806583;spy
2019-12-13;55582,303771821134;25791,821778956055;-0,2451450959397028;0,05991310771003011;-0,3050582036497329;spy
2019-12-16;55970,45591121778;25969,01193802388;0,6983376237698069;0,6870013316096824;0,01133629216012455;strategy
2019-12-17;56086,820103699036;25974,70214471679;0,20790288481093988;0,021911525577067437;0,18599135923387244;strategy
2019-12-18;55931,42171735825;25976,326854997456;-0,27706756427529067;0,006254971747576832;-0,2833225360228675;spy
2019-12-19;56450,66424128063;26082,80366951359;0,9283556683867378;0,4098994253902699;0,5184562429964679;strategy
2019-12-20;56854,25810165288;26068,987430943613;0,7149497101525792;-0,05297068039554764;0,7679203905481269;strategy
2019-12-23;56974,61632402624;26108,813916846586;0,21169605653488244;0,1527734286131066;0,05892262792177583;strategy
2019-12-24;57170,36337983955;26109,627512223775;0,34356888811688524;0,003116171342676388;0,34045271677420885;strategy
2019-12-26;57526,23850358861;26248,615895669293;0,622481829238386;0,5323261826712944;0,09015564656709163;strategy
2019-12-27;57391,959919078;26242,112093599186;-0,23342145776180656;-0,024777695311473114;-0,20864376245033345;spy
2019-12-30;56845,984020253956;26097,433503460757;-0,9513107752268102;-0,5513222015910757;-0,3999885736357345;spy
2019-12-31;56993,1626274684;26160,831931038865;0,2589076603230378;0,24292974084865193;0,01597791947438587;strategy
2020-01-02;57890,66738981378;26405,486014097027;1,5747586569495153;0,9351922893854558;0,6395663675640595;strategy
2020-01-03;57288,59184044637;26205,537508731268;-1,0400217798721578;-0,7572233484322677;-0,28279843143989014;spy
2020-01-06;57387,5520762726;26305,513001651005;0,17273986433781197;0,3815052176908251;-0,20876535335301316;spy
2020-01-07;57660,47821291287;26231,54775606426;0,47558421080156066;-0,28117773480449415;0,7567619456060548;strategy
2020-01-08;57941,858909324576;26371,349734886968;0,4879957730712814;0,5329536027487647;-0,044957829677483296;spy
2020-01-09;58269,79530446464;26550,16460423546;0,5659749295466421;0,6780649119067839;-0,11208998236014178;spy
2020-01-10;58042,366063693975;26473,761052990852;-0,390303826506222;-0,2877705369571104;-0,10253328954911156;spy
2020-01-13;58835,293669647646;26655,83030384811;1,3661186814533544;0,6877347366428976;0,6783839448104567;strategy
2020-01-14;58329,2767604683;26615,190222567944;-0,8600567408069026;-0,15246225991428775;-0,7075944808926149;spy
2020-01-15;57984,22954081678;26675,336749110997;-0,5915506565741913;0,22598570981489097;-0,8175363663890822;spy
2020-01-16;58663,68018420262;26897,232485871224;1,1717852401704532;0,8318385587676724;0,3399466814027807;strategy
2020-01-17;58470,243875355474;26980,950954089407;-0,32973776660406573;0,31125309364878895;-0,6409908602528547;spy
2020-01-21;58439,24424372816;26928,116864046227;-0,05301779088420222;-0,1958199699227836;0,1428021790385814;strategy
2020-01-22;58904,66511974556;26931,36876508128;0,7964183692662052;0,012076228915192111;0,7843421403510131;strategy
2020-01-23;59333,00417331187;26962,255623729998;0,7271733956819126;0,11468729613464124;0,6124860995472714;strategy
2020-01-24;58407,16293738051;26722,47815198755;-1,5604152340356392;-0,8893079091328526;-0,6711073249027866;spy
2020-01-27;57360,06770765814;26294,132588265176;-1,7927513973670983;-1,6029410194896676;-0,1898103778774307;spy
2020-01-28;58179,54758005916;26569,67352997206;1,4286591790260594;1,0479179747874934;0,38074120423856606;strategy
2020-01-29;57957,125723056815;26547,726298577596;-0,3823024864472835;-0,08260256329347682;-0,29969992315380667;spy
2020-01-30;57783,04142232802;26633,883072453646;-0,30036738115800654;0,3245354156022895;-0,624902796760296;spy
2020-01-31;56510,37130161674;26150,267593503937;-2,202497634919409;-1,8157903510881312;-0,38670728383127795;spy
2020-02-03;56988,14776721527;26344,52589217678;0,8454668666897591;0,7428539611621376;0,10261290552762148;strategy
2020-02-04;58416,06968884642;26746,050093662685;2,5056471873132535;1,5241276427948147;0,9815195445184388;strategy
2020-02-05;58622,710320565835;27054,91371920244;0,3537393611382722;1,1548008938072618;-0,8010615326689896;spy
2020-02-06;58666,873540933884;27145,94958486792;0,07533466147600087;0,33648551464744436;-0,2611508531714435;spy
2020-02-07;58067,90658085164;27001,27099472949;-1,0209628090447453;-0,5329656628371593;-0,48799714620758605;spy
2020-02-10;59165,65015775687;27202,844210375923;1,8904479970821342;0,7465323231850007;1,1439156738971334;strategy
2020-02-11;59821,05769464576;27249,988093726188;1,1077500798881479;0,1733049786473595;0,9344451012407884;strategy
2020-02-12;60141,19660243299;27425,553542513335;0,5351608950503017;0,6442771577855;-0,10911626273519826;spy
2020-02-13;60374,52389753532;27396,291394145283;0,38796583420970254;-0,10669665544832396;0,4946624896580265;strategy
2020-02-14;60781,715865960316;27440,183376460503;0,6744433614351397;0,16021140118476218;0,5142319602503775;strategy
2020-02-18;60842,815939831926;27369,470031908815;0,10052377265286072;-0,2576999708112315;0,35822374346409225;strategy
2020-02-19;61638,937012279566;27500,329903003556;1,3084882087557093;0,478123511131856;0,8303646976238532;strategy
2020-02-20;61379,68893930701;27387,351766891035;-0,4205914078643347;-0,4108246574168639;-0,009766750447470773;spy
2020-02-21;59969,98006458578;27105,309503587756;-2,2967025396872898;-1,0298267087080815;-1,2668758309792083;spy
2020-02-24;58379,937498026884;26206,35110410846;-2,6513975239719545;-3,3165398807208146;0,6651423567488601;strategy
2020-02-25;56682,957792857254;25412,24232839091;-2,906785751915175;-3,030214975609702;0,12342922369452669;strategy
2020-02-26;56271,276168173674;25318,770637541274;-0,7262881838100865;-0,36782149973915157;-0,35846668407093496;spy
2020-02-27;54949,56585973411;24181,661957073913;-2,348818790761864;-4,491168614566609;2,142349823804745;strategy
2020-02-28;55258,77248676517;24080,061753873506;0,5627098634779948;-0,42015393061387574;0,9828637940918705;strategy
2020-03-02;56740,21130769928;25122,885148114045;2,680911562573929;4,3306508301324875;-1,6497392675585587;spy
2020-03-03;56740,21130769928;24403,555213360425;0,0;-2,863245724019159;2,863245724019159;strategy
2020-03-04;56740,21130769928;25429,31046799594;0,0;4,203302533861697;-4,203302533861697;spy
2020-03-05;56740,21130769928;24583,997273463297;0,0;-3,3241687602835746;3,3241687602835746;strategy
2020-03-06;56740,21130769928;24177,59646066167;0,0;-1,6531112018968064;1,6531112018968064;strategy
2020-03-09;56740,21130769928;22289,45987188849;0,0;-7,809447030209493;7,809447030209493;strategy
2020-03-10;56740,21130769928;23442,825577057403;0,0;5,174489250964487;-5,174489250964487;spy
2020-03-11;56740,21130769928;22300,024209423416;0,0;-4,874844817138435;4,874844817138435;strategy
2020-03-12;56740,21130769928;20166,42118245174;0,0;-9,567716191402475;9,567716191402475;strategy
2020-03-13;56740,21130769928;21890,373976060455;0,0;8,548630309818428;-8,548630309818428;spy
2020-03-16;56740,21130769928;19495,04748618872;0,0;-10,94237354049451;10,94237354049451;strategy
2020-03-17;56740,21130769928;20547,62534329756;0,0;5,399206428476466;-5,399206428476466;spy
2020-03-18;56740,21130769928;19507,23901447803;0,0;-5,063292285299992;5,063292285299992;strategy
2020-03-19;56740,21130769928;19548,69145089853;0,0;0,21249771118163618;-0,21249771118163618;spy
2020-03-20;56740,21130769928;18596,901441849757;0,0;-4,868816981634971;4,868816981634971;strategy
2020-03-23;56740,21130769928;18121,411994777114;0,0;-2,556820815335503;2,556820815335503;strategy
2020-03-24;56740,21130769928;19763,27103044831;0,0;9,060326182884682;-9,060326182884682;spy
2020-03-25;56740,21130769928;20059,130772558423;0,0;1,4970180880194084;-1,4970180880194084;spy
2020-03-26;56740,21130769928;21230,379452946403;0,0;5,838980231338287;-5,838980231338287;spy
2020-03-27;56740,21130769928;20598,01864720917;0,0;-2,9785657253030062;2,9785657253030062;strategy
2020-03-30;56740,21130769928;21266,954037814325;0,0;3,247571536186511;-3,247571536186511;spy
2020-03-31;56740,21130769928;20949,9618999238;0,0;-1,490538500844485;1,490538500844485;strategy
2020-04-01;56740,21130769928;20007,111518129288;0,0;-4,500487334050673;4,500487334050673;strategy
2020-04-02;56740,21130769928;20468,783486395096;0,0;2,3075393359379692;-2,3075393359379692;spy
2020-04-03;56740,21130769928;20172,923744284988;0,0;-1,4454192761712226;1,4454192761712226;strategy
2020-04-06;56740,21130769928;21527,86266510033;0,0;6,716621437679282;-6,716621437679282;spy
2020-04-07;56740,21130769928;21549,809896494793;0,0;0,10194802770664424;-0,10194802770664424;spy
2020-04-08;56740,21130769928;22273,202847186945;0,0;3,3568414485633857;-3,3568414485633857;spy
2020-04-09;56740,21130769928;22612,142216471933;0,0;1,5217361041894195;-1,5217361041894195;spy
2020-04-13;56740,21130769928;22405,689909036068;0,0;-0,9130152528647795;0,9130152528647795;strategy
2020-04-14;56740,21130769928;23066,49802752731;0,0;2,949287083656116;-2,949287083656116;spy
2020-04-15;56740,21130769928;22576,378746507497;0,0;-2,1248101052656954;2,1248101052656954;strategy
2020-04-16;56740,21130769928;22685,29386668148;0,0;0,4824295401707479;-0,4824295401707479;spy
2020-04-17;56740,21130769928;23298,146986918975;0,0;2,7015436689476147;-2,7015436689476147;spy
2020-04-20;56740,21130769928;22887,680677705106;0,0;-1,7617980925449972;1,7617980925449972;strategy
2020-04-21;56740,21130769928;22192,73628000381;0,0;-3,0363251195576257;3,0363251195576257;strategy
2020-04-22;56740,21130769928;22685,29386668148;0,0;2,2194540612888503;-2,2194540612888503;spy
2020-04-23;56740,21130769928;22683,666675927103;0,0;-0,007172888144801881;0,007172888144801881;strategy
2020-04-24;56740,21130769928;22999,84769891415;0,0;1,3938708741589423;-1,3938708741589423;spy
2020-04-27;56740,21130769928;23331,46967075184;0,0;1,4418442077481552;-1,4418442077481552;spy
2020-04-28;56740,21130769928;23224,18174133223;0,0;-0,45984213996645984;0,45984213996645984;strategy
2020-04-29;56740,21130769928;23832,15576978029;0,0;2,6178490817010847;-2,6178490817010847;spy
2020-04-30;56740,21130769928;23610,262513493777;0,0;-0,9310666581320293;0,9310666581320293;strategy
2020-05-01;56740,21130769928;22985,21786496698;0,0;-2,647343070283825;2,647343070283825;strategy
2020-05-04;56740,21130769928;23048,616292545084;0,0;0,27582260890697263;-0,27582260890697263;spy
2020-05-05;56740,21130769928;23261,569921577342;0,0;0,9239323798415411;-0,9239323798415411;spy
2020-05-06;56740,21130769928;23103,88620777242;0,0;-0,67787219150095;0,67787219150095;strategy
2020-05-07;56740,21130769928;23382,676570040643;0,0;1,206681680134114;-1,206681680134114;spy
2020-05-08;56740,21130769928;23769,570937579374;0,0;1,6546196770067079;-1,6546196770067079;spy
2020-05-11;56740,21130769928;23774,447548895096;0,0;0,02051619412284378;-0,02051619412284378;spy
2020-05-12;56740,21130769928;23300,585292576838;0,0;-1,993157802483958;1,993157802483958;strategy
2020-05-13;56740,21130769928;22888,494273082295;0,0;-1,7685865583206062;1,7685865583206062;strategy
2020-05-14;56740,21130769928;23162,408024034798;0,0;1,1967311946537107;-1,1967311946537107;spy
2020-05-15;56740,21130769928;23268,884838550926;0,0;0,45969665332568077;-0,45969665332568077;spy
2020-05-18;56740,21130769928;23977,64795529591;0,0;3,0459694208066823;-3,0459694208066823;spy
2020-05-19;56740,21130769928;23731,369161957075;0,0;-1,0271182302701187;1,0271182302701187;strategy
2020-05-20;56740,21130769928;24134,518073723648;0,0;1,6988017379665044;-1,6988017379665044;spy
2020-05-21;56740,21130769928;23967,894732664467;0,0;-0,6903943163488746;0,6903943163488746;strategy
2020-05-22;56740,21130769928;24013,41142526035;0,0;0,18990692801170717;-0,18990692801170717;spy
2020-05-26;56740,21130769928;24309,269927133602;0,0;1,2320552737543622;-1,2320552737543622;spy
2020-05-27;56740,21130769928;24670,967642716536;0,0;1,4879003633885945;-1,4879003633885945;spy
2020-05-28;56740,21130769928;24625,45095012065;0,0;-0,18449496288535094;0,18449496288535094;strategy
2020-05-29;56740,21130769928;24735,17966567183;0,0;0,4455906849114788;-0,4455906849114788;spy
2020-06-01;56631,27010198847;24835,152678117858;-0,1920000000000588;0,4041733830006278;-0,5961733830006866;spy
2020-06-02;56684,736247737645;25040,791390176528;0,09441099529092778;0,8280146883890893;-0,7336036930981615;spy
2020-06-03;56739,27958714827;25374,040552768605;0,09622226902890052;1,330825201965502;-1,2346029329366015;spy
2020-06-04;55882,628202703025;25307,39022415545;-1,5098030688413533;-0,2626713253434998;-1,2471317434978535;spy
2020-06-05;56341,044209527376;25956,006814357377;0,8203193399593411;2,5629532893630236;-1,7426339494036824;spy
2020-06-08;56559,49937564681;26269,74953168656;0,3877371624619208;1,2087480157218833;-0,8210108532599625;spy
2020-06-09;56908,23801075416;26073,864042259334;0,6165872027811936;-0,7456694217466753;1,3622566245278689;strategy
2020-06-10;57748,98455531115;25928,371856743714;1,4773722995923944;-0,5580000926591278;2,035372392251522;strategy
2020-06-11;55515,09463218696;24433,62847663195;-3,868275676751687;-5,764894874118342;1,8966191973666553;strategy
2020-06-12;55780,845444202816;24726,237557943867;0,4787000972916955;1,197567039998848;-0,7188669427071526;spy
2020-06-15;57057,59874803059;24957,072921958345;2,2888740635975235;0,9335644514194108;1,3553096121781127;strategy
2020-06-16;57132,87983318273;25437,438980346713;0,1319387545287043;1,9247692222981838;-1,7928304677694795;spy
2020-06-17;57420,315300782735;25331,77576120777;0,5030999110131829;-0,4153846588903054;0,9184845699034883;strategy
2020-06-18;57677,23592404934;25341,528983839216;0,4474385449135587;0,038501930237289095;0,4089366146762696;strategy
2020-06-19;57899,96726758893;25086,310563246127;0,3861685463445008;-1,0071153195051807;1,3932838658496816;strategy
2020-06-22;58447,98445845525;25247,243697612394;0,9464896384718369;0,6415177471415401;0,3049718913302968;strategy
2020-06-23;58280,57898605961;25363,47373475997;-0,2864178704308107;0,46036723271525304;-0,7467851031460637;spy
2020-06-24;57409,49728427066;24716,48433531242;-1,4946346054614645;-2,5508706189596886;1,056236013498224;strategy
2020-06-25;57909,35344903641;24981,458459010664;0,8706854935354169;1,0720542618582574;-0,20136876832284045;spy
2020-06-26;57249,88003901877;24388,111784036068;-1,1388029234310482;-2,3751482562483495;1,2363453328173013;strategy
2020-06-29;57289,32462210517;24746,557598583946;0,06889897945552281;1,4697563211208076;-1,4008573416652847;spy
2020-06-30;58058,86203881442;25063,54973647447;1,343247492940991;1,2809544787298455;0,062293014211145525;strategy
2020-07-01;58384,8551004795;25239,11518526162;0,5614871704635593;0,7004811793744237;-0,13899400891086433;spy
2020-07-02;58627,69869727602;25378,10604918085;0,4159359415701003;0,5506962621272482;-0,13476032055714793;spy
2020-07-06;59452,75310637897;25769,874547561594;1,4072774941467747;1,543726303379489;-0,1364488092327143;spy
2020-07-07;59312,24269740323;25504,08930895987;-0,23633961698010797;-1,0313796371464123;0,7950400201663044;strategy
2020-07-08;60181,93338796332;25699,161203009906;1,466292035182426;0,7648651621585456;0,7014268730238804;strategy
2020-07-09;60654,97572766467;25552,857902590804;0,7860205099292417;-0,5692921230517345;1,3553126329809762;strategy
2020-07-10;60246,396945010536;25813,766529876808;-0,6736113200153881;1,021054585285941;-1,694665905301329;spy
2020-07-13;58933,24455677395;25590,246082835914;-2,179636384620909;-0,8658962913536516;-1,3137400932672572;spy
2020-07-14;59620,58452761738;25921,87053514732;1,1663026124096643;1,295901771471586;-0,12959915906192165;spy
2020-07-15;59933,60686248211;26160,02081613538;0,5250239281363145;0,9187233639839087;-0,39369943584759426;spy
2020-07-16;59644,54431795051;26073,864042259334;-0,48230460281634135;-0,32934520381919796;-0,1529593989971434;spy
2020-07-17;60473,62026743483;26149,453998126744;1,3900281391449942;0,28990699554503063;1,1001211435999636;strategy
2020-07-20;61476,08161027931;26360,782916878332;1,657683694826373;0,8081580547216305;0,8495256401047424;strategy
2020-07-21;60977,720617978535;26416,866427482855;-0,8106583556513502;0,21275358467678362;-1,0234119403281339;spy
2020-07-22;61091,22587407322;26567,232743840486;0,18614217610033457;0,5692057260856531;-0,38306354998531855;spy
2020-07-23;60164,286847913936;26250,240605949963;-1,5173030380336017;-1,1931695745166282;-0,3241334635169735;spy
2020-07-24;59770,92011759615;26081,17895923292;-0,6538209807292472;-0,6440384652273368;-0,00978251550191045;spy
2020-07-27;60835,054349638725;26271,374241967234;1,7803544431789664;0,7292434250445679;1,0511110181343986;strategy
2020-07-28;60488,42590848201;26104,750900908053;-0,5697840576660451;-0,6342391514221113;0,06445509375606617;strategy
2020-07-29;61288,50306236463;26425,80605473711;1,3226946177986587;1,2298725050001957;0,09282211279846297;strategy
2020-07-30;61234,55590866397;26331,520768510287;-0,0880216533364564;-0,35679247032814887;0,2687708169916925;strategy
2020-07-31;61497,00004215774;26539,597786226823;0,4285882858123813;0,7902202821698623;-0,361631996357481;spy
2020-08-03;62266,764790327354;26724,105342741936;1,2517110552415778;0,6952160993595191;0,5564949558820587;strategy
2020-08-04;62979,858071053946;26827,33025622301;1,1452229502011413;0,3862614375942375;0,7589615126069038;strategy
2020-08-05;63655,88051830226;26993,953597282198;1,073394681972184;0,6210955002521557;0,45229918172002836;strategy
2020-08-06;64507,984954077605;27174,395657385063;1,338610712533228;0,6684536203730884;0,6701570921601396;strategy
2020-08-07;63051,274178049214;27193,904583121668;-2,2581867610116824;0,07179157167862549;-2,329978332690308;spy
2020-08-10;61881,50110200401;27275,184745681992;-1,8552726987592694;0,29889110742402636;-2,1541638061832957;spy
2020-08-11;60441,50255550862;27050,037107886714;-2,327025881485545;-0,8254669579494722;-1,5015589235360727;spy
2020-08-12;61938,32166311007;27427,178252794005;2,4764756736925797;1,394235221944795;1,0822404517477846;strategy
2020-08-13;62374,209081756315;27377,596063785877;0,7037443168335766;-0,1807775796370037;0,8845218964705803;strategy
2020-08-14;62066,16946203252;27378,409659163066;-0,4938573558825099;0,002971756085856647;-0,49682911196836654;spy
2020-08-17;63370,13695524408;27465,380028416308;2,1009311586551727;0,31766041320859806;1,7832707454465746;strategy
2020-08-18;63465,823748601535;27524,71544005588;0,15099666491968922;0,2160371040858866;-0,0650404391661974;spy
2020-08-19;63186,18255960649;27410,110113188977;-0,4406169690678752;-0,41637243123000545;-0,02424453783786973;spy
2020-08-20;63919,697576461396;27495,453291687834;1,1608788300558448;0,31135656933312106;0,8495222607227237;strategy
2020-08-21;63834,51120785158;27592,990478949705;-0,1332709193561432;0,35473933172565086;-0,4880102510817941;spy
2020-08-24;63547,46235718416;27872,594436595125;-0,44967658596579696;1,0133151673383356;-1,4629917533041326;spy
2020-08-25;64257,90285616524;27970,129143383285;1,1179683226182568;0,34993049179556923;0,7680378308226876;strategy
2020-08-26;65141,41026301853;28250,546696405894;1,3749396845877948;1,0025608090155957;0,37237887557219906;strategy
2020-08-27;64714,25163637844;28312,317933229617;-0,6557405265181893;0,2186550139632537;-0,874395540481443;spy
2020-08-28;65295,85505231089;28495,198298990348;0,8987253985418997;0,6459392204906322;0,25278617805126746;strategy
2020-08-31;66254,86547280279;28391,973385509267;1,4687156171300675;-0,36225371165337084;1,8309693287834383;strategy
2020-09-01;67959,02046942267;28659,385814865378;2,5721205295019756;0,9418592562241201;1,6302612732778554;strategy
2020-09-02;68324,78943161477;29073,91514001778;0,5382198855509834;1,4463998908776032;-0,9081800053266198;spy
2020-09-03;64479,80943131615;28073,356537338077;-5,627503622454633;-3,44143056709455;-2,1860730553600827;spy
2020-09-04;62919,434549536214;27844,145883604266;-2,41994338311754;-0,8164704260744782;-1,6034729570430617;spy
2020-09-08;60913,78921691393;27083,362272193295;-3,1876404277652037;-2,7322928654060497;-0,4553475623591541;spy
2020-09-09;61944,515330254355;27618,187130905513;1,6921063795095836;1,9747358298320528;-0,2826294503224691;spy
2020-09-10;61243,89785327648;27138,634667894337;-1,1310403725698137;-1,7363647394312287;0,605324366861415;strategy
2020-09-11;60456,644102861166;27152,450906464306;-1,2854403099903267;0,05090985135782766;-1,3363501613481543;spy
2020-09-14;61304,67797571581;27510,083125635;1,402714102707714;1,3171268420765214;0,08558726063119249;strategy
2020-09-15;62202,9652164335;27649,07398955423;1,4652833525583775;0,5052360739314254;0,960047278626952;strategy
2020-09-16;61441,732758028134;27539,345274003048;-1,2237880553711222;-0,3968621719216969;-0,8269258834494253;spy
2020-09-17;60580,218412637194;27297,12949660274;-1,4021647937303205;-0,8795262741012055;-0,522638519629115;spy
2020-09-18;60394,20522477667;26875,28525447676;-0,3070526860657896;-1,5453794955930578;1,2383268095272681;strategy
2020-09-21;61502,601961726126;26576,174851568456;1,8352700111280429;-1,1129571279935635;2,9482271391216064;strategy
2020-09-22;63200,5912432938;26846,8367014859;2,7608413748484217;1,0184379483846984;1,7424034264637234;strategy
2020-09-23;61941,34143491474;26224,232839090677;-1,9924652342752758;-2,3190958000678052;0,32663056579252947;strategy
2020-09-24;61701,413591516;26294,132588265176;-0,387346863727267;0,2665464023424269;-0,6538932660696939;spy
2020-09-25;62813,07410030148;26719,228731426214;1,8016775371550553;1,6166958226671246;0,18498171448793066;strategy
2020-09-28;63645,28223201529;27163,01772447295;1,3248963589728602;1,6609348926481804;-0,3360385336753202;spy
2020-09-29;63877,057076147204;27015,087233299466;0,3641665744948508;-0,5446025646856034;0,9087691391804542;strategy
2020-09-30;64372,113013466995;27219,914830454658;0,7750136903295957;0,7581970599847443;0,01681663034485137;strategy
2020-10-01;65464,691145117584;27394,66668386462;1,6972848652987649;0,6420000007290261;1,0552848645697388;strategy
2020-10-02;64469,337897801764;27134,569171482093;-1,5204428981561824;-0,9494458004693396;-0,5709970976868428;spy
2020-10-05;66052,93402246802;27615,748825247654;2,4563554959670997;1,7733086187020408;0,6830468772650589;strategy
2020-10-06;65401,950994322724;27223,164251016;-0,9855474821510057;-1,4215967009112318;0,43604921876022606;strategy
2020-10-07;66577,22870548302;27697,028987807975;1,7970071126201193;1,7406673685050666;0,056339744115052603;strategy
2020-10-08;66542,11116122798;27942,49418576962;-0,05274708025231334;0,8862510057295214;-0,9389980859818348;spy
2020-10-09;67079,20577561746;28192,02488014351;0,8071499461267839;0,8930151070800418;-0,08586516095325791;spy
2020-10-12;68044,29384667982;28645,567095821694;1,438729126117888;1,6087606959996226;-0,1700315698817345;spy
2020-10-13;68802,81496726556;28458,623714122426;1,1147461127230862;-0,6526084160733414;1,7673545287964276;strategy
2020-10-14;68018,01771142494;28279,80636430023;-1,1406470159891047;-0,6283415235342482;-0,5123054924548565;spy
2020-10-15;67865,9616534104;28244,856489712976;-0,22355261610189636;-0,12358597557928785;-0,09996664052260851;spy
2020-10-16;67512,73069186058;28227,788350107952;-0,5204832480732557;-0,06042919570591332;-0,4600540523673424;spy
2020-10-19;66642,9988296378;27798,629191008382;-1,2882486803746374;-1,5203428401004304;0,23209415972579306;strategy
2020-10-20;66575,44895919267;27909,982616840236;-0,10136079052777136;0,40057164353943797;-0,5019324340672093;spy
2020-10-21;65467,64650344786;27857,151007270768;-1,6639804508473244;-0,18929287880526946;-1,474687572042055;spy
2020-10-22;65588,7258446457;28009,955629286258;0,18494530911763452;0,5485292518808027;-0,3635839427631682;spy
2020-10-23;66203,83441366802;28105,05451089027;0,9378266784436207;0,3395181444149742;0,5983085340286465;strategy
2020-10-26;65377,15543783599;27585,67556197612;-1,2486874561775663;-1,8479912526513598;0,5993037964737935;strategy
2020-10-27;65473,2796406398;27490,57668037211;0,14703026180944434;-0,34474008581140136;0,4917703476208457;strategy
2020-10-28;63294,00701353539;26550,978199612648;-3,3284916214151528;-3,4178929444951267;0,08940132307997395;strategy
2020-10-29;64101,73131368638;26820,82893462662;1,2761465709988373;1,0163495031528136;0,25979706784602374;strategy
2020-10-30;62117,43065394167;26541,224976981204;-3,0955492450498667;-1,0424881286366094;-2,0530611164132573;spy
2020-11-02;62291,15630862636;26838,710669608838;0,279672956295518;1,1208438679286115;-0,8411709116330934;spy
2020-11-03;63068,77029530009;27312,572925927103;1,2483537515678433;1,7655924762989716;-0,5172387247311283;spy
2020-11-04;64597,68052628639;27922,98774050673;2,4241954042034664;2,2349224155303826;0,18927298867308373;strategy
2020-11-05;65540,6104000709;28467,56334137668;1,4596961781016438;1,9502769758408034;-0,49058079773915964;spy
2020-11-06;66819,49430875905;28461,06201978029;1,9512847086434304;-0,022837646898088426;1,9741223555415188;strategy
2020-11-09;64919,38287036982;28818,69423895097;-2,8436483365306686;1,2565666696560118;-4,10021500618668;spy
2020-11-10;63974,523954616016;28776,429447390143;-1,4554342231510198;-0,14665755224850807;-1,3087766709025117;spy
2020-11-11;65476,16063916931;28990,196671799593;2,3472416701663557;0,7428552760524454;1,6043863941139103;strategy
2020-11-12;65728,92704551553;28708,9655233998;0,38604341470047654;-0,9700905157134176;1,3561339304138942;strategy
2020-11-13;65794,42497743215;29106,42670894717;0,09964856397437494;1,384449694724843;-1,284801130750468;spy
2020-11-16;66468,69740794266;29469,749134810776;1,0248169670025842;1,2482549970722623;-0,2234380300696781;spy
2020-11-17;66703,56859393275;29311,25182562865;0,3533560836142202;-0,5378305341422251;0,8911866177564454;strategy
2020-11-18;66228,94933058132;28958,496217773685;-0,7115350398128495;-1,2034818913688516;0,49194685155600215;strategy
2020-11-19;67105,90530088759;29080,41646161417;1,3241278612604157;0,42101717894333923;0,9031106823170765;strategy
2020-11-20;67347,77707244497;28881,27907115189;0,3604329164071052;-0,6847817696322922;1,0452146860393974;strategy
2020-11-23;67977,37396325986;29054,406214281178;0,9348443529734407;0,599444168323604;0,3354001846498367;strategy
2020-11-24;67788,00921621405;29522,580744380237;-0,2785702594927497;1,6113718747035932;-1,889942134196343;spy
2020-11-25;68588,90061586414;29477,064051784353;1,1814646998934641;-0,15417585945479706;1,3356405593482612;strategy
2020-11-27;69669,57037679537;29559,15780972187;1,575575277089758;0,27850045646777843;1,2970748206219795;strategy
2020-11-30;70811,72283432956;29428,295458153414;1,6393849586800346;-0,4427133966767305;2,082098355356765;strategy
2020-12-01;70473,3479653273;29750,164207359667;-0,4778514848366555;1,0937390161246174;-1,571590500961273;spy
2020-12-02;70148,36648006128;29812,75152003429;-0,46114097690649336;0,2103763604072384;-0,6715173373137318;spy
2020-12-03;71092,99793601518;29804,62300768352;1,3466193203834687;-0,027265220203864793;1,3738845405873334;strategy
2020-12-04;72467,14592019924;30061,468619030988;1,9328879412580324;0,8617643352887061;1,0711236059693263;strategy
2020-12-07;73188,87562722983;29999,694901733554;0,9959405712284708;-0,20549134867724472;1,2014319199057155;strategy
2020-12-08;73424,01475382339;30087,47886636398;0,32127714024625664;0,292616191324524;0,028660948921732654;strategy
2020-12-09;72192,05407919381;29817,628131350015;-1,6778715775214725;-0,8968871609766005;-0,780984416544872;spy
2020-12-10;72799,55860496032;29807,874908718568;0,8415116227335373;-0,03270958571380822;0,8742212084473455;strategy
2020-12-11;72349,3113037745;29772,922553657612;-0,6184753174521718;-0,11725879542903161;-0,5012165220231402;spy
2020-12-14;71744,37849645919;29639,624376905;-0,8361279415299072;-0,4477161303609867;-0,38841181116892054;spy
2020-12-15;72563,82655874679;30040,334983013716;1,142177379553222;1,351942254777505;-0,2097648752242831;spy
2020-12-16;72241,00015631756;30087,47886636398;-0,4448861336824206;0,15693527844120592;-0,6018214121236265;spy
2020-12-17;73354,38505690575;30255,726917703836;1,5412091446394882;0,559196242686677;0,9820129019528112;strategy
2020-12-18;73855,27653413908;30007,00981870714;0,6828378110521172;-0,8220496558327905;1,5048874668849077;strategy
2020-12-21;74490,38312748032;29899,719408813817;0,8599339453392751;-0,3575511540188092;1,2174850993580844;strategy
2020-12-22;75778,61143921272;29849,32610490221;1,7293887581807166;-0,16854105960857346;1,89792981778929;strategy
2020-12-23;75261,18773504999;29876,149947612397;-0,6828096930461602;0,08986414840963519;-0,7726738414557954;spy
2020-12-24;75148,14992602369;29992,37998475997;-0,15019402753014832;0,3890395427502469;-0,5392335702803952;spy
2020-12-28;73385,42688182571;30250,039191484633;-2,3456639264349377;0,8590822297383172;-3,204746156173255;spy
2020-12-29;72600,40836496833;30192,32849012573;-1,0697199024562676;-0,19077893087540154;-0,878940971580866;spy
2020-12-30;73685,53702437785;30235,406877063757;1,4946591676929355;0,14267990940850517;1,3519792582844303;strategy
2020-12-31;72837,68364790284;30389,02757493015;-1,1506374394672614;0,5080821253407031;-1,6587195648079645;spy
2021-01-04;72711,40619084035;29975,311845154938;-0,17336830434218076;-1,3613983822125086;1,1880300778703279;strategy
2021-01-05;74244,80790644459;30181,761672117093;2,108887444123453;0,6887328746690624;1,4201545694543904;strategy
2021-01-06;75704,15639820378;30362,20373221997;1,96558996232854;0,5978513184986545;1,3677386438298855;strategy
2021-01-07;78707,49895590708;30813,310122713996;3,967209596664323;1,4857498305214323;2,4814597661428905;strategy
2021-01-08;78586,55298358393;30988,875571501143;-0,15366511949631567;0,5697714659280706;-0,7234365854243863;spy
2021-01-11;78326,75933847066;30779,98495840742;-0,33058282269682326;-0,6740825836411668;0,34349976094434354;strategy
2021-01-12;79893,83549701207;30786,48628000381;2,0006906602246355;0,02112191284424636;1,9795687473803891;strategy
2021-01-13;79342,06409379581;30869,39363331852;-0,6906307599125028;0,26929787492040447;-0,9599286348329072;spy
2021-01-14;80454,4042018432;30761,289628048005;1,4019550924871504;-0,3501980199372423;1,7521531124243928;strategy
2021-01-15;79165,87833579257;30536,958066103638;-1,6015603854550697;-0,7292657904037436;-0,8722945950513261;spy
2021-01-19;80021,8498775069;30776,733057372363;1,0812379774068903;0,785196058984261;0,2960419184226293;strategy
2021-01-20;80052,93474473013;31202,642795910593;0,038845474418303105;1,3838692292137411;-1,345023754795438;spy
2021-01-21;80001,22381324947;31231,088868427738;-0,06459592224263844;0,09116558716901757;-0,155761509411656;spy
2021-01-22;79715,96895683478;31120,549037973076;-0,356563115935038;-0,35394164744095846;-0,002621468494079515;spy
2021-01-25;79324,07262282608;31243,282877190755;-0,49161584452535045;0,3943819855746211;-0,8859978300999716;spy
2021-01-26;77763,44149638184;31194,514283559816;-1,967411751366821;-0,1560930514972969;-1,811318699869524;spy
2021-01-27;74859,36182827679;30432,105961868176;-3,7345050736214858;-2,4440461382450374;-1,2904589353764484;spy
2021-01-28;77178,02080025664;30693,82818453137;3,097353377522416;0,8600200820512827;2,2373332954711334;strategy
2021-01-29;76160,10589906035;30079,35035401321;-1,318918120264756;-2,001958917681801;0,6830407974170449;strategy
2021-02-01;77413,42756636672;30580,036453041655;1,6456406572851634;1,664550906637663;-0,01891024935249952;spy
2021-02-02;78419,73491221353;31012,44503270257;1,2999131771863626;1,4140224467191764;-0,11410926953281386;spy
2021-02-03;78864,5340085856;31036,83056975489;0,5672030093827773;0,07863145594164678;0,48857155344113057;strategy
2021-02-04;80456,0842113584;31389,58617760986;2,018081033230379;1,1365709751263386;0,8815100581040403;strategy
2021-02-05;81285,85918178545;31513,13113173101;1,0313389951308594;0,39358580078787675;0,6377531943429826;strategy
2021-02-08;82931,22130773112;31740,71707518415;2,0241677242606615;0,7221940038321994;1,301973720428462;strategy
2021-02-09;83277,28928867039;31719,583439166876;0,4172951700001315;-0,06658210010572763;0,4838772701058591;strategy
2021-02-10;83120,829711089;31705,764720123192;-0,18787784631059123;-0,04356526014972495;-0,14431258616086629;spy
2021-02-11;83981,49077759933;31756,971619411986;1,0354336807053333;0,16150658954550146;0,8739270911598318;strategy
2021-02-12;84305,24846686433;31913,84421831344;0,3855107670360125;0,4939784585932028;-0,10846769155719027;spy
2021-02-16;84446,17438925222;31886,206780226064;0,1671615053044695;-0,08660015352056627;0,25376165882503576;strategy
2021-02-17;83473,10971244909;31893,524177673353;-1,1522898270297177;0,022948472666328712;-1,1752382996960464;spy
2021-02-18;81614,65946660245;31757,78521478918;-2,2264059075415954;-0,4256003887434856;-1,8008055187981098;spy
2021-02-19;84393,45270560311;31701,701704184656;3,4047722028881067;-0,17659767589336406;3,5813698787814707;strategy
2021-02-22;82286,8980395014;31457,861216503683;-2,4961114856269617;-0,7691716045917674;-1,7269398810351944;spy
2021-02-23;80973,46397064216;31496,062992125986;-1,5961642742064797;0,12143793044092632;-1,717602204647406;spy
2021-02-24;81618,50159109627;31843,128393288036;0,7966037129002901;1,1019326486895187;-0,3053289357892286;spy
2021-02-25;78220,93333472453;31075,843460280674;-4,162742748443671;-2,4095777385022665;-1,7531650099414047;spy
2021-02-26;79551,59389895979;30915,72144081788;1,701156592623465;-0,5152620223082605;2,2164186149317255;strategy
2021-03-01;81860,60430659306;31665,12463884303;2,9025319223219936;2,424019764376961;0,47851215794503243;strategy
2021-03-02;80611,52198863852;31418,03473060071;-1,525865009835925;-0,7803219190213428;-0,7455430908145821;spy
2021-03-03;79654,46591923128;31001,88069516764;-1,1872447583139767;-1,3245705500087857;0,13732579169480896;strategy
2021-03-04;77789,33621364618;30618,238228663962;-2,3415255931491963;-1,2374812685589043;-1,104044324590292;spy
2021-03-05;79501,33624138338;31181,509159893318;2,200815832950731;1,839658203136052;0,361157629814679;strategy
2021-03-08;78365,36442645657;31026,263751746254;-1,428871348121441;-0,4978765054346579;-0,9309948426867831;spy
2021-03-09;79054,06773384246;31469,24162988951;0,8788363487191031;1,4277512809396153;-0,5489149322205122;spy
2021-03-10;80117,08261276848;31665,12463884303;1,3446681611690936;0,6224586256551756;0,722209535513918;strategy
2021-03-11;82863,00850802199;31986,182273145798;3,427391270005975;1,0139155868312377;2,4134756831747373;strategy
2021-03-12;82633,11017462671;32029,26066008382;-0,2774438649219668;0,13467811372471772;-0,41212197864668454;spy
2021-03-15;83848,52585721624;32220,269538195327;1,470857964829131;0,5963574374651559;0,874500527363975;strategy
2021-03-16;82983,64656586805;32179,62945691516;-1,0314782311390602;-0,1261320338490357;-0,9053461972900245;spy
2021-03-17;84714,68053966812;32289,358172466345;2,0859941029779394;0,34098812634899556;1,7450059766289439;strategy
2021-03-18;81226,7765003074;31819,558932086617;-4,117236843887384;-1,4549661776192657;-2,6622706662681184;spy
2021-03-19;82484,12473576736;31656,99860696596;1,5479479669554541;-0,5108817676185096;2,0588297345739637;strategy
2021-03-22;81399,03395775206;31909,778721901195;-1,3155146902404713;0,798496781307656;-2,1140114715481273;spy
2021-03-23;78223,78016100217;31658,623317246635;-3,9008494847714292;-0,7870797439349819;-3,1137697408364473;spy
2021-03-24;77812,3861242936;31497,687702406653;-0,5259194018261915;-0,5083468514321288;-0,01757255039406269;spy
2021-03-25;78701,75222887687;31674,880341948192;1,142962128372016;0,5625576112623598;0,5804045171096561;strategy
2021-03-26;80269,40697241627;32185,31966360808;1,9918930635501209;1,6114956588609175;0,38039740468920336;strategy
2021-03-29;78121,90621708588;32169,062638906526;-2,6753664145897527;-0,05051068273196346;-2,624855731857789;spy
2021-03-30;79415,67754389279;32083,719460407672;1,6560928802886066;-0,2652958199522937;1,9213887002409002;strategy
2021-03-31;79520,37587318802;32213,76573612522;0,131835844676087;0,40533416294836755;-0,27349831827228055;spy
2021-04-01;81452,73944085972;32561,644732664467;2,430023181421137;1,0799078859294209;1,3501152954917162;strategy
2021-04-05;81551,63928408534;33029,00566738634;0,12141991037322164;1,435311202978129;-1,3138912926049073;spy
2021-04-06;81335,39382948184;33009,49922212344;-0,2651638354567054;-0,05905853012752038;-0,20610530532918503;spy
2021-04-07;80902,12440764901;33047,70099774574;-0,5326948102583273;0,11572964304982225;-0,6484244533081496;spy
2021-04-08;80917,90147665524;33204,57111617348;0,019501427337975663;0,47467785561978726;-0,4551764282818116;spy
2021-04-09;80949,18803991686;33445,9732981966;0,03866457568804105;0,7270149076117338;-0,6883503319236928;spy
2021-04-12;80665,18172018681;33458,167306959615;-0,3508451741233043;0,03645882466716266;-0,38730399879046695;spy
2021-04-13;80023,51951805143;33557,32672402845;-0,7954636541465887;0,2963683460576405;-1,0918320002042292;spy
2021-04-14;81292,6156333347;33442,72387763526;1,5859038979121554;-0,3415136352656112;1,9274175331777665;strategy
2021-04-15;81220,73379089899;33801,98080708661;-0,0884235817431911;1,0742454196190687;-1,1626690013622598;spy
2021-04-16;81279,53690328173;33914,961423672845;0,07239913952774568;0,33424259137662116;-0,2618434518488755;spy
2021-04-19;80630,38676318152;33748,33560213995;-0,798663679485101;-0,4913047650308866;-0,30735891445421437;spy
2021-04-20;78685,48843206491;33501,24569389764;-2,412115840184348;-0,7321543531961461;-1,6799614869882018;spy
2021-04-21;80256,5841451099;33818,23783178817;1,9966778428292198;0,9462100030157128;1,050467839813507;strategy
2021-04-22;79233,19085566158;33509,371725774705;-1,2751518150809216;-0,9133122416069117;-0,36183957347400986;spy
2021-04-23;80692,63929829464;33872,6941516383;1,841966008022733;1,084241235069583;0,75772477295315;strategy
2021-04-26;82082,39824710903;33943,40749619;1,7222871390746075;0,20876209088989128;1,5135250481847162;strategy
2021-04-27;82478,71816789499;33936,09257921641;0,48283179981272184;-0,021550331899955477;0,5043821317126773;strategy
2021-04-28;83307,82866840507;33926,33935658496;1,0052417386292811;-0,02873996942542867;1,0339817080547098;strategy
2021-04-29;82935,57673728571;34142,54488665228;-0,44683907511388066;0,6372792767143975;-1,0841183518282782;spy
2021-04-30;81778,86204555567;33918,21084423419;-1,3947147138002713;-0,6570513216365037;-0,7376633921637676;spy
2021-05-03;82334,75339675564;33991,36497491746;0,6797494331607368;0,21567803508037997;0,4640713980803568;strategy
2021-05-04;81926,45801267342;33781,660766446534;-0,4958967717006657;-0,6169337672249031;0,12103699552423741;strategy
2021-05-05;83261,46181663375;33792,22758445517;1,629514855571812;0,03127974696592872;1,5982351086058832;strategy
2021-05-06;83271,42699082007;34062,07831946914;0,011968531381612024;0,7985585867032574;-0,7865900553216454;spy
2021-05-07;85444,88819599715;34309,981823088645;2,6100924215177512;0,7277991122397465;1,8822933092780048;strategy
2021-05-10;84789,77508533162;33970,23133890018;-0,7667083713221001;-0,9902380186043502;0,2235296472822501;strategy
2021-05-11;84080,26892364491;33667,05543957963;-0,8367826910410825;-0,8924752271950998;0,05569253615401726;strategy
2021-05-12;81553,15777091618;32951,791001238256;-3,0055935656243538;-2,1245233032779365;-0,8810702623464173;spy
2021-05-13;82226,90089843015;33347,62499603124;0,826139840478679;1,2012518372009229;-0,3751119967222438;spy
2021-05-14;84001,81002565102;33859,689027971806;2,1585504352320317;1,53553373591524;0,6230166993167918;strategy
2021-05-17;84649,70892213266;33773,53225409576;0,771291590364287;-0,2544523483510863;1,0257439387153733;strategy
2021-05-18;83246,63595043612;33482,550363538234;-1,6575047800662879;-0,8615678347420608;-0,7959369453242271;spy
2021-05-19;81791,18505697508;33394,7663989078;-1,7483600110010378;-0,26217825009540174;-1,486181760905636;spy
2021-05-20;82182,48195634037;33754,02580883286;0,4784096221282397;1,0757955472232794;-0,5973859250950397;spy
2021-05-21;82131,18882783988;33726,39085121921;-0,06241370092441301;-0,08187158998504973;0,019457889060636724;strategy
2021-05-24;83084,34797765275;34070,206831819916;1,1605325131855082;1,0194271368004326;0,1411053763850756;strategy
2021-05-25;82382,64881327472;33994,61439547879;-0,8445624012922037;-0,221872548981783;-0,6226898523104207;spy
2021-05-26;83181,042685415;34062,07831946914;0,9691286741093874;0,19845474111135353;0,7706739329980339;strategy
2021-05-27;84110,68432029903;34079,96005445136;1,1176123848313235;0,052497486543567895;1,0651148982877556;strategy
2021-05-28;83820,04650297342;34140,920176371605;-0,34554209096533395;0,1788738068438045;-0,5244158978091384;spy
2021-06-01;85714,66276440045;34110,846913100075;2,2603378791490103;-0,08808568461591282;2,348423563764923;strategy
2021-06-02;85674,2757367913;34164,489637573024;-0,04711799160915797;0,15726001939970757;-0,20437801100886555;spy
2021-06-03;86083,151390647;34037,692782416816;0,47724436575553586;-0,3711363948395108;0,8483807605950466;strategy
2021-06-04;87210,10737950898;34348,99719408814;1,3091481557730322;0,9145872890425011;0,39456086673053115;strategy
2021-06-07;87491,18512444038;34315,67202978156;0,3222995056160638;-0,09701932233500132;0,4193188279510651;strategy
2021-06-08;87735,99908459805;34322,98694675514;0,27981557205958296;0,02131654879795608;0,2584990232616269;strategy
2021-06-09;86547,81439930473;34271,780047466345;-1,3542727018445833;-0,14919126755555956;-1,2050814342890237;spy
2021-06-10;85932,47412824043;34431,08847155194;-0,7109830275150664;0,46483848771483594;-1,1758215152299023;spy
2021-06-11;86616,95366606249;34487,985577533655;0,7965318638452956;0,16524922245406692;0,6312826413912287;strategy
2021-06-14;84968,13286421332;34565,20272415545;-1,90357745460078;0,2238957866883995;-2,1274732412891795;spy
2021-06-15;85322,39143807105;34501,80429657734;0,4169311033630274;-0,18341691233249025;0,6003480156955177;strategy
2021-06-16;84966,84041669728;34309,16822771146;-0,41671478656554184;-0,5583362168829931;0,14162143031745122;strategy
2021-06-17;82051,81692381667;34297,79029479934;-3,4307777935305594;-0,03316295177021589;-3,3976148417603436;spy
2021-06-18;80540,54267941393;33724,76614093853;-1,841853478766864;-1,670731988666041;-0,1711214901008229;spy
2021-06-21;83077,94096014998;34207,56802451105;3,1504608689265856;1,43159445955785;1,7188664093687356;strategy
2021-06-22;83432,41677647212;34390,44839027178;0,42667862518663835;0,534619607069664;-0,1079409818830257;spy
2021-06-23;83784,52195778082;34348,99719408814;0,4220244299671272;-0,1205311303686396;0,5425555603357668;strategy
2021-06-24;84875,89394752063;34552,19760048895;1,302593801620966;0,5915759498090534;0,7110178518119126;strategy
2021-06-25;85008,32364337175;34674,92895923292;0,15602745336975588;0,35520565193292164;-0,19917819856316576;spy
2021-06-28;83751,34372733916;34744,83118888113;-1,4786551035942064;0,20159300032132066;-1,680248103915527;spy
2021-06-29;83709,71333117946;34763,52651924054;-0,04970713818661654;0,05380751530430494;-0,10351465349092148;spy
2021-06-30;84082,70591658304;34792,78618713487;0,4455786199242029;0,08416772066590639;0,3614108992582965;strategy
2021-07-01;85007,95303266826;34985,41977552705;1,1004012133043473;0,553659564244402;0,5467416490599453;strategy
2021-07-02;84696,16974148367;35252,83220488316;-0,36676955515535514;0,7643539253548548;-1,13112348051021;spy
2021-07-06;82907,31840225331;35188,620181927865;-2,112080563608043;-0,182147132412247;-1,929933431195796;spy
2021-07-07;82335,30396680205;35312,978731426214;-0,6899444421491707;0,3534055863952723;-1,043350028544443;spy
2021-07-08;81898,70505798912;35025,248741903735;-0,5302693835793293;-0,8147995435639044;0,2845301599845751;strategy
2021-07-09;83617,25268930478;35399,13550530226;2,09838193424281;1,067477824793328;1,030904109449482;strategy
2021-07-12;84147,89544121418;35525,93236045847;0,6346091683747446;0,3581919539736189;0,27641721440112565;strategy
2021-07-13;83422,74300969305;35404,825711995174;-0,8617594388058314;-0,34089646750015135;-0,52086297130568;spy
2021-07-14;82264,23750068728;35457,65732156464;-1,388716634348941;0,1492214931355207;-1,5379381274844617;spy
2021-07-15;81995,28150358656;35336,550673101345;-0,32694157907737775;-0,34155287633637066;0,014611297258992906;strategy
2021-07-16;81186,94323821463;35059,38502111379;-0,9858350999582544;-0,7843596692603483;-0,20147543069790608;spy
2021-07-19;80312,8885414367;34541,630782480315;-1,076595154239679;-1,4767921294730924;0,40019697523341335;strategy
2021-07-20;81862,65636991421;35036,62667481585;1,9296626688728002;1,433041466549989;0,49662120232281115;strategy
2021-07-21;83485,42061448417;35320,2936483998;1,9823009862239838;0,8096298088761111;1,1726711773478726;strategy
2021-07-22;83640,84980659508;35394,25889398654;0,1861752518785842;0,20941288405762482;-0,023237632179040624;spy
2021-07-23;84173,38582181084;35758,394915227334;0,6366936926718747;1,0287996771777719;-0,3921059845058972;spy
2021-07-26;84657,39776458265;35846,17639938405;0,5750177898230735;0,2454849675574744;0,3295328222655991;strategy
2021-07-27;83592,74330675484;35682,80495935992;-1,2576035715017198;-0,45575694937142197;-0,8018466221302978;spy
2021-07-28;84641,5188106279;35668,17264493904;1,2546250576134677;-0,04100662612579464;1,2956316837392623;strategy
2021-07-29;85194,69180980838;35816,10313611252;0,6535480541389305;0,41474087457762376;0,2388071795613067;strategy
2021-07-30;84874,72099805971;35642,164878079755;-0,37557599534837616;-0,48564260989462094;0,11006661454624478;strategy
2021-08-02;84473,47728917842;35567,38603711582;-0,47274819187972383;-0,20980443028566498;-0,26294376159405886;spy
2021-08-03;86052,26726079626;35856,743217392686;1,8689771301981128;0,8135463763766948;1,055430753821418;strategy
2021-08-04;86295,47368745795;35680,366653702054;0,28262640184089083;-0,491892313312714;0,7745187151536048;strategy
2021-08-05;86791,639519302;35906,325406400814;0,574961594904777;0,6332859605727048;-0,05832436566792776;spy
2021-08-06;87281,76178946426;35965,658337566674;0,5647113856551256;0,16524367362660275;0,3994677120285228;strategy
2021-08-09;88215,93995716226;35936,39866967234;1,07030168565041;-0,08135446213638486;1,1516561477867948;strategy
2021-08-10;88531,71917518709;35981,10176689104;0,35796163162593597;0,1243950392180837;0,23356659240785227;strategy
2021-08-11;87757,6628777439;36070,51044180214;-0,8743265178342119;0,2484878742467167;-1,1228143920809286;spy
2021-08-12;88354,63774374104;36178,61196659893;0,6802538335926256;0,29969502364324274;0,38055880994938285;strategy
2021-08-13;88508,98878114266;36244,45118030861;0,17469489020971452;0,1819838023926046;-0,007288912182890073;spy
2021-08-16;87592,56847843045;36329,79435880747;-1,0353980034482846;0,2354655008411921;-1,2708635042894767;spy
2021-08-17;86595,94120397877;36091,64407781941;-1,1377988929472838;-0,655523338877162;-0,4822755540701218;spy
2021-08-18;85839,85935228704;35696,6211979299;-0,8731146531576695;-1,094499544098848;0,22138489094117864;strategy
2021-08-19;84820,43943959702;35751,89111315723;-1,1875833911916378;0,15483234371362897;-1,3424157349052668;spy
2021-08-20;85571,83297951697;36036,37168211836;0,8858637668990754;0,7957077516843158;0,09015601521475958;strategy
2021-08-23;87489,42844089931;36353,3663004826;2,240918997073904;0,8796518727259617;1,3612671243479424;strategy
2021-08-24;87964,63366565375;36411,074521367795;0,5431573085146413;0,15874244054374653;0,38441486797089475;strategy
2021-08-25;88627,8900039669;36487,47807261239;0,7540034110005367;0,20983602447590677;0,5441673865246299;strategy
2021-08-26;88336,12416984972;36272,08613792228;-0,3292031820955166;-0,5903174076911322;0,2611142255956156;strategy
2021-08-27;89414,91441859298;36596,39319278638;1,2212333956026944;0,8940954033659576;0,3271379922367368;strategy
2021-08-30;89435,4575090081;36757,32880762636;0,02297501546437708;0,439758131333301;-0,4167831158689239;spy
2021-08-31;89026,56364057057;36702,87000730252;-0,45719436096846033;-0,14815766566951272;-0,3090366952989476;spy
2021-09-01;88796,05350059542;36722,37645256541;-0,2589228771154195;0,05314692082394323;-0,31206979793936274;spy
2021-09-02;89721,89106638083;36835,35706915164;1,0426562096920389;0,3076615064174115;0,7349947032746273;strategy
2021-09-03;90199,99186544486;36826,414961423674;0,5328697304321173;-0,024275881759971973;0,5571456121920892;strategy
2021-09-07;89912,11940220396;36694,74149495174;-0,31914910111114914;-0,3575516829695813;0,03840258185843215;strategy
2021-09-08;89398,83968941374;36650,03839773305;-0,5708682168798163;-0,12182425981892564;-0,4490439570608906;spy
2021-09-09;89889,09557838118;36493,16827930531;0,5483917807777683;-0,4280217028024724;0,9764134835802407;strategy
2021-09-10;89450,92222277893;36205,43580930912;-0,4874599669546953;-0,7884557125706126;0,30099574561591735;strategy
2021-09-13;88011,75937085811;36298,093904781555;-1,6088854269568742;0,25592316015876637;-1,8648085871156406;spy
2021-09-14;87889,41241084003;36102,21089582804;-0,13901206031179392;-0,5396509510041114;0,4006388906923175;strategy
2021-09-15;89383,782904984;36403,75960439421;1,7002849981047952;0,835263827570798;0,8650211705339972;strategy
2021-09-16;89284,27900313976;36346,05138350902;-0,11132209737644283;-0,15852269521697826;0,04720059784053543;strategy
2021-09-17;88111,51867502484;35877,063258032766;-1,3135126824215915;-1,2903413372959749;-0,023171345125616583;spy
2021-09-20;85812,62755594337;35278,84245221615;-2,609069907829298;-1,6674185440266664;-0,9416513638026314;spy
2021-09-21;86300,43834365408;35245,51728790958;0,5684603788558951;-0,09446218183521982;0,6629225606911149;strategy
2021-09-22;87438,19569138363;35589,330788036576;1,3183679823258077;0,975481498309394;0,34288648401641364;strategy
2021-09-23;89097,33004168104;36021,7418481712;1,8974938094026728;1,215001941761673;0,6824918676409997;strategy
2021-09-24;88653,41261234385;36081,07725981077;-0,49823875657050154;0,16472110618543923;-0,6629598627559408;spy
2021-09-27;88051,71533605183;35977,85234632969;-0,6787074051205155;-0,2860915508087203;-0,39261585431179524;spy
2021-09-28;85566,54303050677;35252,83220488316;-2,8224007857885924;-2,015184604315301;-0,8072161814732914;spy
2021-09-29;85815,07517909388;35312,16761652274;0,29045482005565226;0,1683138855191224;0,12214093453652985;strategy
2021-09-30;85186,88014331942;34880,5701517653;-0,7320334270679574;-1,2222344134872443;0,4902009864192869;strategy
2021-10-01;85460,43493439895;35295,096996443994;0,32112314785950336;1,1884176287116022;-0,8672944808520988;spy
2021-10-04;83885,45975846672;34839,93007048514;-1,8429290432949497;-1,289603839322817;-0,5533252039721326;spy
2021-10-05;85060,49940786875;35202,43890097155;1,4007667750589148;1,040498157582448;0,3602686174764669;strategy
2021-10-06;84541,05755356999;35348,742201390654;-0,6106734123532576;0,4156055801436631;-1,0262789924969207;spy
2021-10-07;85376,44063929075;35654,35640636906;0,9881389113111316;0,8645688246479599;0,12357008666317171;strategy
2021-10-08;85028,10020342877;35589,330788036576;-0,40800533877219936;-0,1823777649815228;-0,22562757379067655;spy
2021-10-11;84744,73099958058;35331,67406178563;-0,33326535953435155;-0,7239718211772606;0,390706461642909;strategy
2021-10-12;85191,96354655686;35244,703692532385;0,5277408302570397;-0,24615411401439635;0,773894944271436;strategy
2021-10-13;85757,03681312385;35371,5005476886;0,6632940984605762;0,3597614446197772;0,30353265384079897;strategy
2021-10-14;87013,19990971254;35966,47193294387;1,4647930283855803;1,6820643061300489;-0,21727127774446853;spy
2021-10-15;86924,92641412112;36240,38568389637;-0,1014483959709711;0,7615808174435079;-0,863029213414479;spy
2021-10-18;87770,78739970812;36347,67609378969;0,9730937033610054;0,29605206420579844;0,677041639155207;strategy
2021-10-19;88221,59424646103;36628,093646812296;0,5136183234860647;0,7714868821297793;-0,2578685586437146;spy
2021-10-20;88813,73639414503;36771,95864157353;0,6711986478387111;0,3927722696912994;0,27842637814741167;strategy
2021-10-21;89001,96692841328;36867,868638081025;0,21193853778755933;0,26082373648450563;-0,0488851986969463;spy
2021-10-22;89290,37514357502;36829,666862458726;0,32404701279658;-0,1036180745822679;0,4276650873788479;strategy
2021-10-25;90184,43344813079;37027,17706216663;1,0012930319960756;0,5362801690428354;0,4650128629532402;strategy
2021-10-26;90118,56245289824;37060,5022264732;-0,07304031606566452;0,09000190387353779;-0,16304221993920232;spy
2021-10-27;88921,47159851357;36896,31719107189;-1,3283510320200143;-0,4430189164679854;-0,8853321155520288;spy
2021-10-28;90673,77742120659;37252,32469996191;1,9706217083369948;0,964886297584644;1,0057354107523508;strategy
2021-10-29;91520,68065518141;37327,914655829314;0,9340111971300136;0,20291339259019825;0,7310978045398153;strategy
2021-11-01;91318,5735719718;37392,12667878461;-0,22083214609283086;0,17202145779464662;-0,3928536038874775;spy
2021-11-02;91789,37017189513;37543,30659051943;0,515554045040223;0,4043094767877786;0,11124456825244433;strategy
2021-11-03;91450,2694221962;37772,51724425324;-0,3694335728242737;0,6105233516956465;-0,9799569245199202;spy
2021-11-04;91840,85274979101;37950,52099869825;0,4270991546144298;0,4712520303954415;-0,04415287578101168;spy
2021-11-05;91576,10132648345;38082,19446517018;-0,28827195673895023;0,34696089278047904;-0,6352328495194293;spy
2021-11-08;93191,84406067702;38114,706034099574;1,7643716109219332;0,08537209944434743;1,6789995114775857;strategy
2021-11-09;92776,91201488276;37988,72277432055;-0,44524502114593467;-0,3305371414023539;-0,11470787974358077;spy
2021-11-10;90001,55577848025;37683,10856934214;-2,9914298462071054;-0,8044866546158214;-2,186943191591284;spy
2021-11-11;91175,59716104325;37695,30009763144;1,3044678754805528;0,03235276693500655;1,2721151085455462;strategy
2021-11-12;91544,90897495118;37979,78066659258;0,4050555471061035;0,7546844519723317;-0,3496289048662282;spy
2021-11-15;91528,82790298195;37992,785790259084;-0,01756632034406458;0,034242229518555156;-0,051808549862619735;spy
2021-11-16;92042,63556672675;38143,15458709042;0,5613615682803497;0,3957824984497149;0,16557906983063475;strategy
2021-11-17;91320,90375142849;38050,49649161798;-0,7841277152206727;-0,2429219514628267;-0,541205763757846;spy
2021-11-18;92160,60144908378;38179,731652432056;0,9195021765672884;0,3396411945440603;0,5798609820232281;strategy
2021-11-19;91755,23624813688;38111,45661353823;-0,43984652288848736;-0,17882535035963487;-0,2610211725288525;spy
2021-11-22;92347,67835180006;38004,16620364491;0,6456766151863302;-0,28151747381705006;0,9271940890033803;strategy
2021-11-23;92387,38530427248;38054,55950755652;0,04299723954201973;0,1325994198677405;-0,08960218032572076;spy
2021-11-24;93317,37850814546;38156,159710756925;1,0066235783273925;0,266985624101701;0,7396379542256915;strategy
2021-11-26;91426,22066234385;37305,15630953137;-2,026586983084322;-2,2303172218498757;0,20373023876555374;strategy
2021-11-29;93337,9828590217;37762,76402162179;2,0910436664973497;1,2266607551340236;0,8643829113633261;strategy
2021-11-30;90440,59610678407;37027,990657543814;-3,104188309505096;-1,9457616070086114;-1,1584267024964845;spy
2021-12-01;87724,5313258531;36616,71323342647;-3,003147809556772;-1,1107203410551714;-1,8924274685016007;spy
2021-12-02;89374,32641386225;37177,54585899797;1,8806542059267128;1,5316301657013032;0,34902404022540967;strategy
2021-12-03;87372,41317377715;36854,05239951105;-2,2399198074119275;-0,8701312903057756;-1,369788517106152;spy
2021-12-06;86790,03781874051;37290,5264755842;-0,6665437451960243;1,1843312950815088;-1,8508750402775331;spy
2021-12-07;90349,61841155081;38061,8744245301;4,1013700215736915;2,0684823247291373;2,032887696844554;strategy
2021-12-08;90096,71234849874;38162,66103235332;-0,27991934830322585;0,26479675356783083;-0,5447161018710567;spy
2021-12-09;88634,99613839015;37905,00430610236;-1,6223857364013328;-0,6751539837133502;-0,9472317526879825;spy
2021-12-10;89846,5275742559;38261,82292989586;1,3668770673539887;0,9413496458462456;0,42552742150774314;strategy
2021-12-13;87466,34892431165;37922,88604108459;-2,6491604230081123;-0,8858357047762166;-1,7633247182318956;spy
2021-12-14;86373,84171622877;37661,97493332487;-1,2490600345377079;-0,6880043556733884;-0,5610556788643195;spy
2021-12-15;87833,61722055997;38250,444996983744;1,6900666629222405;1,5625045279773042;0,1275621349449363;strategy
2021-12-16;86018,27426609916;37913,132818453145;-2,0667974426036406;-0,8818516452741898;-1,1849457973294508;spy
2021-12-17;86039,98398415261;37378,307959740916;0,025238495236834524;-1,410658573833068;1,4358970690699024;strategy
2021-12-20;84434,74008114368;36980,849254667264;-1,8656952601299848;-1,0633405490204195;-0,8023547111095652;spy
2021-12-21;86403,26437305303;37637,59187674626;2,331415114226143;1,7758992432984844;0,5555158709276586;strategy
2021-12-22;87437,19449934682;38013,919426276356;1,1966331756051662;0,9998714868965974;0,1967616887085688;strategy
2021-12-23;88042,19090767426;38250,444996983744;0,6919211118238122;0,6222077972414919;0,06971331458232033;strategy
2021-12-27;89715,24950288374;38791,77117729236;1,900291869115267;1,4152153794584565;0,4850764896568105;strategy
2021-12-28;88887,30001642916;38760,07072326645;-0,9228637171966758;-0,08171953242616103;-0,8411441847705148;spy
2021-12-29;88809,24291608989;38809,65291227458;-0,08781580757301066;0,12792079086265673;-0,2157365984356674;spy
2021-12-30;88500,98555060494;38702,36250238126;-0,34710054422624204;-0,27645289726203615;-0,07064764696420589;spy
2021-12-31;88757,2397953434;38604,82531511938;0,2895495944414517;-0,25201869073464556;0,5415682851760972;strategy
2022-01-03;88230,91934070119;38828,34576216027;-0,5929887588390526;0,5789961364061735;-1,171984895245226;spy
2022-01-04;88479,33263045824;38815,34063849378;0,2815490211518945;-0,033493890638958135;0,31504291179085264;strategy
2022-01-05;85927,73935434688;38070,002936880875;-2,8838297037889316;-1,9202142486770768;-0,9636154551118548;spy
2022-01-06;86559,66061539983;38034,239466916435;0,735410085033239;-0,09394133755055156;0,8293514225837906;strategy
2022-01-07;85354,83917692899;37883,87067008509;-1,391897137656395;-0,39535113344948414;-0,9965460042069108;spy
2022-01-10;85081,12332275546;37836,72926720854;-0,3206799483344458;-0,1244366059822255;-0,1962433423522203;spy
2022-01-11;85724,34720310381;38181,35636271272;0,7560124446268413;0,9108268663244656;-0,15481442169762438;spy
2022-01-12;86051,59811472107;38284,5812761938;0,381747919108566;0,2703542338843734;0,11139368522419257;strategy
2022-01-13;84510,1848265256;37757,07381492888;-1,7912663122659378;-1,3778587715492008;-0,413407540716737;spy
2022-01-14;84483,2573760806;37772,51724425324;-0,03186296480155448;0,04090208208415991;-0,07276504688571439;spy
2022-01-18;83648,39930782339;37103,58061341123;-0,9881935121663243;-1,7709612163689936;0,7827677042026693;strategy
2022-01-19;82512,0448444866;36718,31343662687;-1,3584891913532515;-1,0383557878106742;-0,32013340354257735;spy
2022-01-20;81296,4004083194;36311,91262382525;-1,473293309429391;-1,1068068622025362;-0,36648644722685475;spy
2022-01-21;80164,81606046716;35599,08649114173;-1,3919242945182653;-1,9630641328868381;0,5711398383685728;strategy
2022-01-24;80863,41502434989;35750,26640287656;0,8714533360318466;0,4246735706896487;0,4467797653421979;strategy
2022-01-25;80597,33918118794;35313,7923268034;-0,32904353975382605;-1,2208974085799795;0,8918538688261535;strategy
2022-01-26;80086,52833988366;35225,1972472695;-0,6337812718059443;-0,25087953939927354;-0,3829017324066708;spy
2022-01-27;79961,06209403559;35051,25650876302;-0,15666335955480948;-0,49379635062216654;0,33713299106735706;strategy
2022-01-28;80491,50852370111;35921,768835725175;0,6633809203806074;2,4835410015744186;-1,8201600811938112;spy
2022-01-31;80818,00168849855;36568,75823517272;0,4056243581287866;1,8011067394991143;-1,3954823813703277;spy
2022-02-01;80818,00168849855;36815,85062388875;0,0;0,6756925874457753;-0,6756925874457753;spy
2022-02-02;80818,00168849855;37173,482843059435;0,0;0,9714082741813179;-0,9714082741813179;spy
2022-02-03;80818,00168849855;36299,72109553594;0,0;-2,350497399483331;2,350497399483331;strategy
2022-02-04;80818,00168849855;36470,40993300737;0,0;0,4702207959730753;-0,4702207959730753;spy
2022-02-07;80818,00168849855;36353,3663004826;0,0;-0,32092765817486324;0,32092765817486324;strategy
2022-02-08;80818,00168849855;36652,476703390916;0,0;0,8227859847585561;-0,8227859847585561;spy
2022-02-09;80818,00168849855;37188,9262723838;0,0;1,4636106949445171;-1,4636106949445171;spy
2022-02-10;80818,00168849855;36520,80323691898;0,0;-1,7965644680657422;1,7965644680657422;strategy
2022-02-11;80818,00168849855;35800,65970678816;0,0;-1,9718721011120266;1,9718721011120266;strategy
2022-02-14;80818,00168849855;35683,616074263395;0,0;-0,3269314964678527;0,3269314964678527;strategy
2022-02-15;80818,00168849855;36259,08101425578;0,0;1,6126867265771283;-1,6126867265771283;spy
2022-02-16;80818,00168849855;36299,72109553594;0,0;0,11208249118113134;-0,11208249118113134;spy
2022-02-17;80818,00168849855;35524,3076501778;0,0;-2,136141606480557;2,136141606480557;strategy
2022-02-18;80818,00168849855;35294,28588154051;0,0;-0,6475052825867911;0,6475052825867911;strategy
2022-02-22;80818,00168849855;34915,520026352555;0,0;-1,0731648076383382;1,0731648076383382;strategy
2022-02-23;80818,00168849855;34296,16558451867;0,0;-1,7738657232268862;1,7738657232268862;strategy
2022-02-24;80818,00168849855;34812,29263239777;0,0;1,5049118147250962;-1,5049118147250962;spy
2022-02-25;80818,00168849855;35580,391160782325;0,0;2,206400298007738;-2,206400298007738;spy
2022-02-28;80818,00168849855;35489,35777559055;0,0;-0,2558526823957852;0,2558526823957852;strategy
2022-03-01;80818,00168849855;34948,84519065913;0,0;-1,5230272363598085;1,5230272363598085;strategy
2022-03-02;80818,00168849855;35591,771574168146;0,0;1,8396212521518462;-1,8396212521518462;spy
2022-03-03;80818,00168849855;35414,57893462662;0,0;-0,49784720373439173;0,49784720373439173;strategy
2022-03-04;80818,00168849855;35126,84894510414;0,0;-0,8124619808514755;0,8124619808514755;strategy
2022-03-07;80818,00168849855;34091,33798736348;0,0;-2,9479187255280093;2,9479187255280093;strategy
2022-03-08;80818,00168849855;33832,86766573533;0,0;-0,7581700715998729;0,7581700715998729;strategy
2022-03-09;80818,00168849855;34739,954577565404;0,0;2,6810819608671155;-2,6810819608671155;spy
2022-03-10;80818,00168849855;34583,084459137666;0,0;-0,4515553354495272;0,4515553354495272;strategy
2022-03-11;80818,00168849855;34143,35848202947;0,0;-1,2715059514941784;1,2715059514941784;strategy
2022-03-14;80818,00168849855;33893,82778765558;0,0;-0,7308323066848366;0,7308323066848366;strategy
2022-03-15;80818,00168849855;34639,167969742186;0,0;2,1990439874662426;-2,1990439874662426;spy
2022-03-16;80818,00168849855;35407,26401765303;0,0;2,217420604853415;-2,217420604853415;spy
2022-03-17;80818,00168849855;35850,241895796295;0,0;1,2510932161333033;-1,2510932161333033;spy
2022-03-18;80818,00168849855;36130,65696834519;0,0;0,7821846038416069;-0,7821846038416069;spy
2022-03-21;80818,00168849855;36120,092630810264;0,0;-0,02923926222592188;0,02923926222592188;strategy
2022-03-22;80818,00168849855;36542,74798783973;0,0;1,1701391836103525;-1,1701391836103525;spy
2022-03-23;80818,00168849855;36072,13515208281;0,0;-1,287841943122403;1,287841943122403;strategy
2022-03-24;80818,00168849855;36615,899638049275;0,0;1,5074363734608909;-1,5074363734608909;spy
2022-03-25;80818,00168849855;36794,71698787148;0,0;0,48835984255426457;-0,48835984255426457;spy
2022-03-28;80818,00168849855;37056,43921053467;0,0;0,7113038068738531;-0,7113038068738531;spy
2022-03-29;80818,00168849855;37514,858037528575;0,0;1,2370827763277914;-1,2370827763277914;spy
2022-03-30;80818,00168849855;37283,21155861062;0,0;-0,6174792896356474;0,6174792896356474;strategy
2022-03-31;80818,00168849855;36709,37380937262;0,0;-1,5391317572948537;1,5391317572948537;strategy
2022-04-01;80818,00168849855;36813,41231823088;0,0;0,28341128726008247;-0,28341128726008247;spy
2022-04-04;80818,00168849855;37128,77726536703;0,0;0,8566577431344813;-0,8566577431344813;spy
2022-04-05;80818,00168849855;36659,79162036449;0,0;-1,263132479829876;1,263132479829876;strategy
2022-04-06;80818,00168849855;36293,21729346584;0,0;-0,999935653466788;0,999935653466788;strategy
2022-04-07;80818,00168849855;36476,09765922657;0,0;0,5038968143330269;-0,5038968143330269;spy
2022-04-08;80818,00168849855;36378,56295243841;0,0;-0,2673934796955657;0,2673934796955657;strategy
2022-04-11;80818,00168849855;35756,77020494666;0,0;-1,7092284494708787;1,7092284494708787;strategy
2022-04-12;80818,00168849855;35624,283143097535;0,0;-0,37052301169751;0,37052301169751;strategy
2022-04-13;80818,00168849855;36032,30866617983;0,0;1,145357848867623;-1,145357848867623;spy
2022-04-14;80818,00168849855;35583,643061817376;0,0;-1,245175846263702;1,245175846263702;strategy
2022-04-18;80818,00168849855;35598,272895764545;0,0;0,04111392957082405;-0,04111392957082405;spy
2022-04-19;80818,00168849855;36172,92424037973;0,0;1,614267485104759;-1,614267485104759;spy
2022-04-20;80818,00168849855;36146,10039766954;0,0;-0,07415447679025577;0,07415447679025577;strategy
2022-04-21;80818,00168849855;35605,58781273813;0,0;-1,4953551807382892;1,4953551807382892;strategy
2022-04-22;80818,00168849855;34628,60115173355;0,0;-2,7439138658316264;2,7439138658316264;strategy
2022-04-25;80818,00168849855;34829,363252476505;0,0;0,5797580441186945;-0,5797580441186945;spy
2022-04-26;80818,00168849855;33820,676137446026;0,0;-2,8960825603343676;2,8960825603343676;strategy
2022-04-27;80818,00168849855;33915,772538576326;0,0;0,2811782968023202;-0,2811782968023202;spy
2022-04-28;80818,00168849855;34772,46614649479;0,0;2,525944549675385;-2,525944549675385;spy
2022-04-29;80818,00168849855;33487,42697485395;0,0;-3,6955652389653038;3,6955652389653038;strategy
2022-05-02;80818,00168849855;33689,00267097409;0,0;0,6019444141573072;-0,6019444141573072;spy
2022-05-03;80818,00168849855;33843,434483743964;0,0;0,458404228460374;-0,458404228460374;spy
2022-05-04;80818,00168849855;34874,066349695204;0,0;3,045293368337898;-3,045293368337898;spy
2022-05-05;80818,00168849855;33634,54387065024;0,0;-3,554281472701848;3,554281472701848;strategy
2022-05-06;80818,00168849855;33433,78176990729;0,0;-0,596892592077436;0,596892592077436;strategy
2022-05-09;80818,00168849855;32363,323418053085;0,0;-3,201726802014637;3,201726802014637;strategy
2022-05-10;80818,00168849855;32438,099778543306;0,0;0,23105278627999493;-0,23105278627999493;spy
2022-05-11;80818,00168849855;31922,78384556769;0,0;-1,5886131940332726;1,5886131940332726;strategy
2022-05-12;80818,00168849855;31889,458681261112;0,0;-0,10439303936584654;0,10439303936584654;strategy
2022-05-13;80818,00168849855;32651,867002952753;0,0;2,390784770955201;-2,390784770955201;spy
2022-05-16;80818,00168849855;32519,37994110363;0,0;-0,40575646665822473;0,40575646665822473;strategy
2022-05-17;80818,00168849855;33188,31657194565;0,0;2,057039931430249;-2,057039931430249;spy
2022-05-18;80818,00168849855;31850,44331026162;0,0;-4,03115734654329;4,03115734654329;strategy
2022-05-19;80818,00168849855;31655,371416211583;0,0;-0,6124621002910446;0,6124621002910446;strategy
2022-05-20;80818,00168849855;31669,19013525527;0,0;0,04365363104414932;-0,04365363104414932;spy
2022-05-23;80818,00168849855;32261,72321485268;0,0;1,871007995678986;-1,871007995678986;spy
2022-05-24;80818,00168849855;32015,444421513843;0,0;-0,7633776773134482;0,7633776773134482;strategy
2022-05-25;80818,00168849855;32298,2977997206;0,0;0,8834904007038791;-0,8834904007038791;spy
2022-05-26;80818,00168849855;32943,66248888748;0,0;1,9981383946879872;-1,9981383946879872;spy
2022-05-27;80818,00168849855;33752,401098552196;0,0;2,454914082298898;-2,454914082298898;spy
2022-05-31;80818,00168849855;33563,016930721365;0,0;-0,5610983564631633;0,5610983564631633;strategy
2022-06-01;80818,00168849855;33291,54148542672;0,0;-0,8088529283735268;0,8088529283735268;strategy
2022-06-02;80818,00168849855;33925,52824168148;0,0;1,9043478552420945;-1,9043478552420945;spy
2022-06-03;80818,00168849855;33368,75863204851;0,0;-1,6411523666384986;1,6411523666384986;strategy
2022-06-06;80818,00168849855;33470,35883524892;0,0;0,3044770239154948;-0,3044770239154948;spy
2022-06-07;80818,00168849855;33791,41398907798;0,0;0,9592223238758413;-0,9592223238758413;spy
2022-06-08;80818,00168849855;33424,02854727585;0,0;-1,0872153557139552;1,0872153557139552;strategy
2022-06-09;80818,00168849855;32629,10865665482;0,0;-2,3782886898168876;2,3782886898168876;strategy
2022-06-10;80818,00168849855;31683,006373825254;0,0;-2,8995652096570623;2,8995652096570623;strategy
2022-06-13;80818,00168849855;30480,06096012192;0,0;-3,7968158687653575;3,7968158687653575;strategy
2022-06-14;80818,00168849855;30388,21397955296;0,0;-0,3013346354166613;0,3013346354166613;strategy
2022-06-15;80818,00168849855;30821,438635064773;0,0;1,4256338190961726;-1,4256338190961726;spy
2022-06-16;80818,00168849855;29801,37110664846;0,0;-3,309603878307632;3,309603878307632;strategy
2022-06-17;80818,00168849855;29737,159083693165;0,0;-0,21546667341413306;0,21546667341413306;strategy
2022-06-21;80818,00168849855;30485,751166814836;0,0;2,5173624723693777;-2,5173624723693777;spy
2022-06-22;80818,00168849855;30430,481251587502;0,0;-0,18129753446094465;0,18129753446094465;strategy
2022-06-23;80818,00168849855;30728,778059118617;0,0;0,98025662185528;-0,98025662185528;spy
2022-06-24;80818,00168849855;31705,764720123192;0,0;3,1793866294486772;-3,1793866294486772;spy
2022-06-27;80818,00168849855;31584,65807165989;0,0;-0,3819704382857392;0,3819704382857392;strategy
2022-06-28;80818,00168849855;30939,293382493015;0,0;-2,0432853434811937;2,0432853434811937;strategy
2022-06-29;80818,00168849855;30914,096730537214;0,0;-0,0814390026439904;0,0814390026439904;strategy
2022-06-30;80818,00168849855;30662,941325882653;0,0;-0,8124300277758678;0,8124300277758678;strategy
2022-07-01;80818,00168849855;30987,24838074676;0,0;1,0576514869118592;-1,0576514869118592;spy
2022-07-05;80818,00168849855;31045,770197009148;0,0;0,1888577376839562;-0,1888577376839562;spy
2022-07-06;80818,00168849855;31150,622301244603;0,0;0,33773394433473936;-0,33773394433473936;spy
2022-07-07;80818,00168849855;31617,16964058928;0,0;1,4977143468688725;-1,4977143468688725;spy
2022-07-08;80818,00168849855;31591,161873729998;0,0;-0,0822583651697073;0,0822583651697073;strategy
2022-07-11;80818,00168849855;31230,277753524257;0,0;-1,14235785834087;1,14235785834087;strategy
2022-07-12;80818,00168849855;30953,923216440184;0,0;-0,8848929851508869;0,8848929851508869;strategy
2022-07-13;80818,00168849855;30791,36289131953;0,0;-0,5251687289652307;0,5251687289652307;strategy
2022-07-14;80818,00168849855;30716,58653082931;0,0;-0,24284849213771498;0,24284849213771498;strategy
2022-07-15;80818,00168849855;31303,429403733808;0,0;1,910508097361352;-1,910508097361352;spy
2022-07-18;80818,00168849855;31044,959082105666;0,0;-0,8256933075751482;0,8256933075751482;strategy
2022-07-19;80818,00168849855;31883,768474568198;0,0;2,7019181769385003;-2,7019181769385003;spy
2022-07-20;80818,00168849855;32086,968880969012;0,0;0,637316152144618;-0,637316152144618;spy
2022-07-21;80818,00168849855;32413,716721964694;0,0;1,0183194374258298;-1,0183194374258298;spy
2022-07-22;80818,00168849855;32112,97912830201;0,0;-0,9278096561474936;0,9278096561474936;strategy
2022-07-25;80818,00168849855;32151,9944993015;0,0;0,12149408761987779;-0,12149408761987779;spy
2022-07-26;80818,00168849855;31771,603933832866;0,0;-1,183100990754704;1,183100990754704;strategy
2022-07-27;80818,00168849855;32596,597087725426;0,0;2,596636781733408;-2,596636781733408;spy
2022-07-28;80818,00168849855;33005,43620618492;0,0;1,25423864754719;-1,25423864754719;spy
2022-07-29;80818,00168849855;33486,61337947676;0,0;1,457872485871503;-1,457872485871503;spy
2022-08-01;80818,00168849855;33387,451481934215;0,0;-0,2961239956361772;0,2961239956361772;strategy
2022-08-02;80818,00168849855;33167,18293592837;0,0;-0,6597345296781021;0,6597345296781021;strategy
2022-08-03;80818,00168849855;33686,56436531623;0,0;1,5659497835290637;-1,5659497835290637;spy
2022-08-04;80818,00168849855;33663,80601901829;0,0;-0,06755911956809468;0,06755911956809468;strategy
2022-08-05;80818,00168849855;33606,908913036576;0,0;-0,169015666112049;0,169015666112049;strategy
2022-08-08;80818,00168849855;33567,89354203708;0,0;-0,11609330420851993;0,11609330420851993;strategy
2022-08-09;80818,00168849855;33434,595365284484;0,0;-0,39710021299271814;0,39710021299271814;strategy
2022-08-10;80818,00168849855;34136,85467995936;0,0;2,1003972292843676;-2,1003972292843676;spy
2022-08-11;80818,00168849855;34136,85467995936;0,0;0,0;0,0;tie
2022-08-12;80818,00168849855;34714,7579256096;0,0;1,6929012677594724;-1,6929012677594724;spy
2022-08-15;80818,00168849855;34857,80932499365;0,0;0,4120766150540245;-0,4120766150540245;spy
2022-08-16;80818,00168849855;34926,0868443612;0,0;0,19587438421895254;-0,19587438421895254;spy
2022-08-17;80818,00168849855;34678,180860267974;0,0;-0,709801774238128;0,709801774238128;strategy
2022-08-18;80818,00168849855;34778,969948564896;0,0;0,2906412210693654;-0,2906412210693654;spy
2022-08-19;80818,00168849855;34311,60901384303;0,0;-1,3438032679318979;1,3438032679318979;strategy
2022-08-22;80818,00168849855;33597,15569040513;0,0;-2,0822495475209313;2,0822495475209313;strategy
2022-08-23;80818,00168849855;33515,87552784481;0,0;-0,24192572522898637;0,24192572522898637;strategy
2022-08-24;80818,00168849855;33623,16593773813;0,0;0,3201181774415751;-0,3201181774415751;spy
2022-08-25;80818,00168849855;34097,84178943358;0,0;1,411752398850341;-1,411752398850341;spy
2022-08-26;80818,00168849855;32943,66248888748;0,0;-3,3849042636585946;3,3849042636585946;strategy
2022-08-29;80818,00168849855;32725,832248539497;0,0;-0,6612204712255654;0,6612204712255654;strategy
2022-08-30;80818,00168849855;32366,57283861443;0,0;-1,0977854044983082;1,0977854044983082;strategy
2022-08-31;80818,00168849855;32120,294045275597;0,0;-0,7609047598793439;0,7609047598793439;strategy
2022-09-01;80818,00168849855;32221,083133572516;0,0;0,3137863188763079;-0,3137863188763079;spy
2022-09-02;80818,00168849855;31881,330168910335;0,0;-1,0544430280438832;1,0544430280438832;strategy
2022-09-06;80818,00168849855;31761,03711582423;0,0;-0,3773150381391921;0,3773150381391921;strategy
2022-09-07;80818,00168849855;32331,62296402718;0,0;1,7964962734754897;-1,7964962734754897;spy
2022-09-08;80818,00168849855;32542,951882778765;0,0;0,6536291697658125;-0,6536291697658125;spy
2022-09-09;80818,00168849855;33048,514593122934;0,0;1,553524437995768;-1,553524437995768;spy
2022-09-12;80818,00168849855;33403,70850663577;0,0;1,0747651381183276;-1,0747651381183276;spy
2022-09-13;80818,00168849855;31951,23239855855;0,0;-4,348248062901994;4,348248062901994;strategy
2022-09-14;80818,00168849855;32073,152642399036;0,0;0,3815822886568343;-0,3815822886568343;spy
2022-09-15;80818,00168849855;31709,01662115824;0,0;-1,1353296799374468;1,1353296799374468;strategy
2022-09-16;80818,00168849855;31338,379278321056;0,0;-1,1688705054002546;1,1688705054002546;strategy
2022-09-19;80818,00168849855;31581,406170624847;0,0;0,7754928554072116;-0,7754928554072116;spy
2022-09-20;80818,00168849855;31218,89734013843;0,0;-1,1478552554876509;1,1478552554876509;strategy
2022-09-21;80818,00168849855;30674,32173926848;0,0;-1,7443780763191308;1,7443780763191308;strategy
2022-09-22;80818,00168849855;30416,662532543818;0,0;-0,8399833871299944;0,8399833871299944;strategy
2022-09-23;80818,00168849855;29907,03680626112;0,0;-1,6754820675589643;1,6754820675589643;strategy
2022-09-26;80818,00168849855;29611,17582391415;0,0;-0,9892687940419087;0,9892687940419087;strategy
2022-09-27;80818,00168849855;29535,585868046735;0,0;-0,25527509044868113;0,25527509044868113;strategy
2022-09-28;80818,00168849855;30116,73853425832;0,0;1,9676354781243965;-1,9676354781243965;spy
2022-09-29;80818,00168849855;29487,63086979299;0,0;-2,0888970555351105;2,0888970555351105;strategy
2022-09-30;80818,00168849855;29031,647867983236;0,0;-1,5463534653672673;1,5463534653672673;strategy
2022-10-03;80818,00168849855;29798,119205613413;0,0;2,640123430525132;-2,640123430525132;spy
2022-10-04;80818,00168849855;30721,463142145032;0,0;3,098665154536584;-3,098665154536584;spy
2022-10-05;80818,00168849855;30649,93620221615;0,0;-0,23282400189709174;0,23282400189709174;strategy
2022-10-06;80818,00168849855;30333,757659702824;0,0;-1,031579773697755;1,031579773697755;strategy
2022-10-07;80818,00168849855;29487,63086979299;0,0;-2,7893899575583414;2,7893899575583414;strategy
2022-10-10;80818,00168849855;29262,483231997714;0,0;-0,7635324749873829;0,7635324749873829;strategy
2022-10-11;80818,00168849855;29077,16456057912;0,0;-0,6332978303630554;0,6332978303630554;strategy
2022-10-12;80818,00168849855;28981,254564071627;0,0;-0,32984645496528797;0,32984645496528797;strategy
2022-10-13;80818,00168849855;29746,101191421134;0,0;2,639108067798057;-2,639108067798057;spy
2022-10-14;80818,00168849855;29068,22493332487;0,0;-2,278874309389378;2,278874309389378;strategy
2022-10-17;80818,00168849855;29815,189825692156;0,0;2,56969558368505;-2,56969558368505;spy
2022-10-18;80818,00168849855;30165,507127889257;0,0;1,1749625081884485;-1,1749625081884485;spy
2022-10-19;80818,00168849855;29951,739903479807;0,0;-0,7086478722309053;0,7086478722309053;strategy
2022-10-20;80818,00168849855;29700,58449882525;0,0;-0,8385336059404613;0,8385336059404613;strategy
2022-10-21;80818,00168849855;30422,35273923673;0,0;2,430148270112409;-2,430148270112409;spy
2022-10-24;80818,00168849855;30794,614792354587;0,0;1,2236464954195947;-1,2236464954195947;spy
2022-10-25;80818,00168849855;31286,361264128776;0,0;1,596858655612321;-1,596858655612321;spy
2022-10-26;80818,00168849855;31050,64680832487;0,0;-0,753409620933343;0,753409620933343;strategy
2022-10-27;80818,00168849855;30884,837062642877;0,0;-0,5339977189703471;0,5339977189703471;strategy
2022-10-28;80818,00168849855;31619,607946247143;0,0;2,3790667313994485;-2,3790667313994485;spy
2022-10-31;80721,02008647239;31391,210887890524;-0,11999999999995348;-0,7223272936998204;0,6023272936998669;strategy
2022-11-01;81255,54132276069;31253,84721472568;0,6621834507488877;-0,4375864112264427;1,0997698619753304;strategy
2022-11-02;80664,55683826833;30469,494142113286;-0,727315915778437;-2,5096208707478307;1,7823049549693937;strategy
2022-11-03;81102,05353033656;30155,75390525781;0,5423654566719005;-1,0296863984421756;1,572051855114076;strategy
2022-11-04;81388,46970080357;30589,7896756731;0,3531552630290369;1,4393132792465568;-1,08615801621752;spy
2022-11-07;81772,06035265984;30882,398756985018;0,4713083478119273;0,9565580032236065;-0,4852496554116792;spy
2022-11-08;81770,76168190897;31049,022098044195;-0,00158815950737079;0,539541446797398;-0,5411296063047688;spy
2022-11-09;80918,69789768392;30409,347615570234;-1,0420152224331902;-2,060208145860587;1,0181929234273968;strategy
2022-11-10;81670,1187915212;32080,467559372624;0,9286121914460432;5,495415307583706;-4,566803116137663;spy
2022-11-11;81428,38377550116;32390,95837566675;-0,2959895486831843;0,9678500343534235;-1,2638395830366078;spy
2022-11-14;81616,21451252795;32115,41743395987;0,23066985775455073;-0,8506723960161611;1,0813422537707118;strategy
2022-11-15;82087,15329946752;32389,33118491237;0,5770162090368514;0,8529042212070292;-0,2758880121701779;spy
2022-11-16;81662,55879992989;32142,241276670055;-0,5172484152162538;-0,7628743762310708;0,24562596101481704;strategy
2022-11-17;82140,38942324919;32043,890494030988;0,5851281546173093;-0,30598607543417256;0,8911142300514818;strategy
2022-11-18;82462,96530214627;32189,38267954661;0,392712867764633;0,4540403280391958;-0,06132746027456282;spy
2022-11-21;82074,99637157304;32072,339047021844;-0,4704765698780089;-0,3636094351046282;-0,10686713477338072;spy
2022-11-22;83085,00345312065;32503,936511779273;1,2305904674976276;1,345699994392846;-0,11510952689521847;spy
2022-11-23;82975,79051052679;32708,76410893447;-0,131447238436333;0,6301624330362854;-0,7616096714726184;spy
2022-11-25;83222,54141955034;32701,446711487173;0,2973769909335733;-0,02237136634978265;0,31974835728335593;strategy
2022-11-28;82408,53214543495;32179,62945691516;-0,9781115311195854;-1,5957008238070114;0,617589292687426;strategy
2022-11-29;82309,43828066488;32124,359541687834;-0,12024709358393615;-0,17175435565945918;0,05150726207552303;strategy
2022-11-30;83093,43340532554;33136,29607727966;0,9524972360853035;3,1500597989467582;-2,197562562861455;spy
2022-12-01;82813,86616909827;33111,91302070104;-0,3364492532924479;-0,07358413421268972;-0,2628651190797582;spy
2022-12-02;82891,26414628961;33073,71124507874;0,0934601664814183;-0,11537169597666264;0,20883186245808094;strategy
2022-12-05;81795,36346815941;32478,739859823472;-1,3220942995827767;-1,7989253786685255;0,47683107908574884;strategy
2022-12-06;81173,22295061585;32010,565329724406;-0,7606060920381408;-1,4414799715742777;0,6808738795361369;strategy
2022-12-07;81140,38413647554;31956,10900987427;-0,04045523011977359;-0,17011983165310385;0,12966460153333026;strategy
2022-12-08;81173,93681943577;32206,450819151636;0,041351397725453154;0,7833926502128552;-0,742041252487402;spy
2022-12-09;80464,47174681816;31965,86223250571;-0,8740059930760102;-0,7470198687738017;-0,12698612430220857;spy
2022-12-12;81369,94295053947;32426,721845631197;1,1253055964505432;1,441724330078742;-0,3164187336281987;spy
2022-12-13;81426,29090108385;32672,187043592836;0,06924909678089897;0,7569843141412402;-0,6877352173603413;spy
2022-12-14;81492,74375439108;32463,296430499107;0,08161105285755532;-0,6393530155021976;0,7209640683597529;strategy
2022-12-15;80648,50492330242;31669,19013525527;-1,0359681024277312;-2,4461665405543287;1,4101984381265975;strategy
2022-12-16;80273,79307397825;31152,247011525273;-0,4646234293872231;-1,632321892420352;1,1676984630331289;strategy
2022-12-19;80112,80824606947;30888,086483204217;-0,20054468805331682;-0,8479662100243535;0,6474215219710366;strategy
2022-12-20;80457,46893632365;30930,35375523876;0,43021920938728364;0,1368400469142994;0,29337916247298423;strategy
2022-12-21;80952,87194391547;31392,838078644905;0,6157327767592147;1,4952442091866303;-0,8795114324274156;spy
2022-12-22;80211,48330540344;30944,98358918593;-0,9158274693770729;-1,426613574526192;0,5107861051491192;strategy
2022-12-23;80504,16379118903;31122,98734363094;0,3648860159725764;0,5752265272075174;-0,21034051123494102;spy
2022-12-27;80444,56806034475;31000,253504413256;-0,0740281347420102;-0,3943510880320411;0,3203229532900309;strategy
2022-12-28;79816,2780275968;30614,986327628903;-0,7810223212046496;-1,242787181496774;0,46176486029212427;strategy
2022-12-29;79984,4552724626;31166,065730568967;0,21070544633470245;1,8000315173838155;-1,589326071049113;spy
2022-12-30;79978,15040530806;31083,97197263145;-0,007882615607068821;-0,2634075107433187;0,2555248951362499;strategy
2023-01-03;78998,4567400278;30953,112101536706;-1,224951640311045;-0,4209882546862498;-0,8039633856247952;spy
2023-01-04;79042,58418874483;31192,075977901954;0,05585862121617602;0,7720189025948843;-0,7161602813787082;spy
2023-01-05;78886,89667518309;30836,068469011938;-0,19696662901351747;-1,1413395797773451;0,9443729507638277;strategy
2023-01-06;79298,41865012405;31543,204395002544;0,5216607475832191;2,2932103899731215;-1,7715496423899024;spy
2023-01-09;79260,07529379957;31525,32266002032;-0,048353242066090374;-0,05668965891447719;0,008336416848386818;strategy
2023-01-10;79433,89059701956;31746,40480140335;0,21929742379842576;0,7012843096556143;-0,4819868858571885;spy
2023-01-11;79483,49234513822;32147,929002889257;0,06244406228355093;1,2647863718670882;-1,2023423095835373;spy
2023-01-12;79644,92739257113;32264,972635414022;0,2031051261964123;0,3640782972808232;-0,1609731710844109;spy
2023-01-13;79787,81511193291;32390,14478028956;0,17940592582561532;0,38795056884117773;-0,20854464301556241;spy
2023-01-17;79724,17949590046;32330,809368649985;-0,07975605791833429;-0,18318970798698597;0,10343365006865168;strategy
2023-01-18;79425,98818242572;31820,370046990094;-0,3740287016564148;-1,5788015568668268;1,204772855210412;strategy
2023-01-19;79115,84713124817;31588,723568072135;-0,3904780516739814;-0,7279817254666754;0,33750367379269397;strategy
2023-01-20;79213,90966050817;32177,1911512573;0,1239480240884161;1,8629039629190602;-1,7389559388306441;spy
2023-01-23;79361,05400329175;32563,271923418848;0,18575568787628782;1,199858528193709;-1,0141028403174213;spy
2023-01-24;79463,73250362379;32528,322048831604;0,12938147258954036;-0,10732912426441032;0,23671059685395068;strategy
2023-01-25;79535,64856068663;32540,513577120906;0,09050173556794938;0,037479733110745705;0,053022002457203676;strategy
2023-01-26;79855,16642816308;32898,14579629159;0,4017291280810298;1,0990368001509765;-0,6973076720699467;spy
2023-01-27;79734,85572565996;32973,73575215901;-0,15066113801334158;0,22976965430052676;-0,38043079231386834;spy
2023-01-30;79402,78363325124;32560,020022383793;-0,4164704248682205;-1,2546826143232104;0,8382121894549899;strategy
2023-01-31;79996,27387224381;33038,76137049149;0,7474426107449972;1,4703349315466685;-0,7228923208016713;spy
2023-02-01;80845,85916932145;33389,88978759208;1,0620310871409577;1,0627771821197785;-0,0007460949788207216;spy
2023-02-02;80394,37058682967;33875,94605267335;-0,5584560386032944;1,4556989201620407;-2,014154958765335;spy
2023-02-03;80617,94091029461;33515,87552784481;0,27809201295192487;-1,0629091340170205;1,3410011469689453;strategy
2023-02-06;80022,81663444052;33311,04793068961;-0,7382032698109997;-0,6111360480051564;-0,1270672218058433;spy
2023-02-07;80086,09505355975;33746,710891859286;0,07907547094760936;1,3078632712971494;-1,22878780034954;spy
2023-02-08;79947,1436277264;33377,69825930277;-0,17350256088828342;-1,0934773280246723;0,9199747671363889;strategy
2023-02-09;79580,3407926199;33088,34107902591;-0,45880667959135035;-0,866917718618343;0,40811103902699264;strategy
2023-02-10;80072,69338053935;33165,5582256477;0,61868620191321;0,23336663037101246;0,38531957154219754;strategy
2023-02-13;80958,00681605717;33554,88841837059;1,1056371381320096;1,173899109654708;-0,06826197152269842;spy
2023-02-14;81146,35510900102;33539,44746951994;0,2326493701503729;-0,04601698762376483;0,27866635777413773;strategy
2023-02-15;81414,02234762457;33648,36258969393;0,3298573771600921;0,32473737163669636;0,005120005523395754;strategy
2023-02-16;80748,252370644;33185,06467091059;-0,817758363710186;-1,3768810222142491;0,5591226585040632;strategy
2023-02-17;79898,78964946196;33102,159798069595;-1,0519889858208953;-0,24982585890113151;-0,8021631269197638;spy
2023-02-21;78676,16744153877;32438,099778543306;-1,5302136781885856;-2,00609272499801;0,4758790468094243;strategy
2023-02-22;78562,66873447233;32393,39668132461;-0,1442605947357234;-0,13781046831931043;-0,00645012641641296;spy
2023-02-23;79022,58712299951;32565,71022907671;0,5854159436482709;0,5319403502116904;0,05347559343658048;strategy
2023-02-24;79029,96910936503;32217,831232537465;0,009341615649760548;-1,068237093839386;1,0775787094891465;strategy
2023-02-27;79595,82649645858;32327,559948088645;0,71600355342476;0,34058380515806785;0,3754197482666921;strategy
2023-02-28;79713,22935021385;32208,07800990602;0,1474987558053531;-0,36959776232566854;0,5170965181310216;strategy
2023-03-01;80805,19366857622;32084,53057531115;1,3698658645040052;-0,3835914535380569;1,753457318042062;strategy
2023-03-02;81203,76703427079;32334,06126968504;0,4932521631336284;0,7777289862108905;-0,2844768230772621;spy
2023-03-03;82103,62151578488;32852,62910369571;1,1081437652200599;1,6037819365946948;-0,49563817137463495;spy
2023-03-06;81872,0957951092;32875,38744999365;-0,28199209292024685;0,06927404874081944;-0,3512661416610663;spy
2023-03-07;81689,87181391144;32371,44944993015;-0,22257153603810753;-1,5328731891906422;1,3103016531525347;strategy
2023-03-08;81895,2671886014;32424,28353997333;0,25143309706476824;0,16321199989792756;0,08822109716684068;strategy
2023-03-09;80704,49697374298;31826,060253683005;-1,4540159104873829;-1,8449853658379922;0,39096945535060934;strategy
2023-03-10;79576,16942325224;31366,827831311915;-1,398097494936168;-1,4429446142896207;0,04484711935345276;strategy
2023-03-13;78586,63151889978;31322,12225361951;-1,2435103518105728;-0,1425250201672612;-1,1009853316433116;spy
2023-03-14;79099,00447007081;31839,878972726696;0,6519848748674395;1,6530065073970368;-1,0010216325295973;spy
2023-03-15;78060,00727053716;31640,741582264414;-1,3135401722113804;-0,6254338800497861;-0,6881062921615944;spy
2023-03-16;78917,4449490036;32195,884001143004;1,0984340233210377;1,754517723408111;-0,6560837000870734;spy
2023-03-17;78266,22616174998;31698,449803149608;-0,8251899027831522;-1,5450241961852518;0,7198342934020996;strategy
2023-03-20;78745,00511710276;32003,25041275083;0,6117312394279928;0,9615631410812231;-0,3498319016532303;spy
2023-03-21;79475,9359517335;32423,469944596138;0,9282250138199277;1,313052663169123;-0,38482764934919533;spy
2023-03-22;79056,44567477563;31870,7633509017;-0,5278204930013297;-1,7046497325513887;1,176829239550059;strategy
2023-03-23;79261,48236388815;31956,92260525146;0,25935480321996884;0,27033947508923184;-0,010984671869262996;spy
2023-03-24;79230,14774921445;32166,624333248667;-0,039533218076648335;0,6562012575101583;-0,6957344755868067;spy
2023-03-27;79550,7032210475;32226,77085979172;0,4045877496627881;0,18698426642451693;0,21760348323827117;strategy
2023-03-28;79438,4922739312;32154,432804959357;-0,14105588332072871;-0,22446572493124428;0,08340984161051557;strategy
2023-03-29;79818,0909963374;32621,793739681227;0,4778523755174069;1,4534883496678752;-0,9756359741504683;spy
2023-03-30;79903,09568042698;32812,80261779274;0,10649801696394068;0,5855253688247242;-0,4790273518607835;spy
2023-03-31;80644,55320204477;33275,28694119888;0,9279459266299916;1,4094630342711412;-0,4815171076411495;spy
2023-04-03;80698,55424754761;33402,083796355095;0,06696180133523022;0,3810541299922754;-0,31409232865704517;spy
2023-04-04;79595,43678764784;33216,7651249365;-1,3669606230068188;-0,5548117074025694;-0,8121489156042494;spy
2023-04-05;78836,21211984969;33129,79475568326;-0,9538545153331746;-0,26182672793730877;-0,6920277873958658;spy
2023-04-06;78395,09888198259;33259,02991649733;-0,5595312433282595;0,3900874175862601;-0,9496186609145196;spy
2023-04-10;79713,09251046125;33293,16619570739;1,6812194222279198;0,10263762742257487;1,5785817948053449;strategy
2023-04-11;79903,34909833103;33302,10830343536;0,23867671153872116;0,02685868828276039;0,21181802325596077;strategy
2023-04-12;79533,33442291454;33166,36934055119;-0,46307780536349874;-0,407598707106982;-0,05547909825651676;spy
2023-04-13;80111,06430109098;33606,908913036576;0,7263996692310037;1,3282719249790187;-0,601872255748015;spy
2023-04-14;80368,29809809857;33524,81515509906;0,3210964668260985;-0,24427643181926806;0,5653728986453666;strategy
2023-04-17;80876,63373060265;33645,11068865888;0,6325076485800496;0,3588253447581735;0,2736823038218761;strategy
2023-04-18;81823,11775266647;33667,05543957963;1,1702811781416633;0,06522418999841406;1,1050569881432493;strategy
2023-04-19;81236,8513025681;33661,36771336043;-0,7165046580973833;-0,016894041207160537;-0,6996106168902227;spy
2023-04-20;81199,24388053923;33477,6737522225;-0,04629354957247367;-0,5457115192173845;0,4994179696449108;strategy
2023-04-21;81357,97529384367;33503,683999555506;0,19548385639891475;0,07769430912527575;0,117789547273639;strategy
2023-04-24;81203,37023547411;33538,633874142746;-0,19003061200966176;0,10431651214148907;-0,29434712415115083;spy
2023-04-25;79909,84087436032;33006,24732108839;-1,5929503385916144;-1,5873829418699414;-0,005567396721672946;spy
2023-04-26;79262,84537237263;32866,44534226569;-0,8096568519075698;-0,42356217434442733;-0,3860946775631424;spy
2023-04-27;79585,34150820335;33520,75213916053;0,40686923906863015;1,990804877378749;-1,5839356383101189;spy
2023-04-28;80157,44041956853;33806,857418402346;0,7188496028583513;0,8535168842693341;-0,13466728141098283;spy
2023-05-01;80128,4214787675;33772,721139192276;-0,036202429430309824;-0,10097442299232817;0,06477199356201835;strategy
2023-05-02;80128,4214787675;33393,141688627125;0,0;-1,1239232071373118;1,1239232071373118;strategy
2023-05-03;80128,4214787675;33163,93103489332;0,0;-0,6864003868550905;0,6864003868550905;strategy
2023-05-04;80128,4214787675;32929,03265494031;0,0;-0,7082947425800179;0,7082947425800179;strategy
2023-05-05;80128,4214787675;33538,633874142746;0,0;1,8512575986983304;-1,8512575986983304;spy
2023-05-08;80128,4214787675;33547,573501397004;0,0;0,026654714940987922;-0,026654714940987922;spy
2023-05-09;80128,4214787675;33400,45660560072;0,0;-0,4385321513347584;0,4385321513347584;strategy
2023-05-10;80128,4214787675;33556,51560912497;0,0;0,46723613801757935;-0,46723613801757935;spy
2023-05-11;80128,4214787675;33497,99379286258;0,0;-0,1743977740241709;0,1743977740241709;strategy
2023-05-12;80128,4214787675;33454,10181054737;0,0;-0,1310286896183066;0,1310286896183066;strategy
2023-05-15;80128,4214787675;33569,52073279146;0,0;0,34500678839837207;-0,34500678839837207;spy
2023-05-16;80128,4214787675;33345,18669037338;0,0;-0,6682670396272461;0,6682670396272461;strategy
2023-05-17;80128,4214787675;33749,96279289434;0,0;1,213896645052559;-1,213896645052559;spy
2023-05-18;80128,4214787675;34075,083443135634;0,0;0,9633215071565893;-0,9633215071565893;spy
2023-05-19;80128,4214787675;34025,501254127514;0,0;-0,14550863563067562;0,14550863563067562;strategy
2023-05-22;80128,4214787675;34039,319973171194;0,0;0,040612830184261206;-0,040612830184261206;spy
2023-05-23;80128,4214787675;33657,302216948185;0,0;-1,1222837486885906;1,1222837486885906;strategy
2023-05-24;80128,4214787675;33413,461729267205;0,0;-0,7244801918740662;0,7244801918740662;strategy
2023-05-25;80128,4214787675;33702,81890954407;0,0;0,8659898295524826;-0,8659898295524826;spy
2023-05-26;80128,4214787675;34139,29298561722;0,0;1,2950669712364915;-1,2950669712364915;spy
2023-05-30;80128,4214787675;34152,29810928372;0,0;0,03809429700838418;-0,03809429700838418;spy
2023-05-31;80128,4214787675;33962,916421926595;0,0;-0,5545210654671728;0,5545210654671728;strategy
2023-06-01;80128,4214787675;34285,59876651004;0,0;0,9501019894013529;-0,9501019894013529;spy
2023-06-02;80128,4214787675;34781,408254222755;0,0;1,4461158782416161;-1,4461158782416161;spy
2023-06-05;80128,4214787675;34714,7579256096;0,0;-0,19162630830240612;0,19162630830240612;strategy
2023-06-06;80128,4214787675;34790,34788147701;0,0;0,21774588210983215;-0,21774588210983215;spy
2023-06-07;80128,4214787675;34670,052347917204;0,0;-0,3457727240027242;0,3457727240027242;strategy
2023-06-08;80128,4214787675;34879,756556388114;0,0;0,6048569132994341;-0,6048569132994341;spy
2023-06-09;80128,4214787675;34942,341388589026;0,0;0,17943024372815142;-0,17943024372815142;spy
2023-06-12;80128,4214787675;35259,33352647956;0,0;0,9071863112013911;-0,9071863112013911;spy
2023-06-13;80128,4214787675;35491,79608124841;0,0;0,6592936721117271;-0,6592936721117271;spy
2023-06-14;80128,4214787675;35534,06087280925;0,0;0,11908327057916779;-0,11908327057916779;spy
2023-06-15;80128,4214787675;35974,60044529464;0,0;1,2397670338390565;-1,2397670338390565;spy
2023-06-16;80128,4214787675;35719,37954422784;0,0;-0,7094474932526573;0,7094474932526573;strategy
2023-06-20;80128,4214787675;35534,06087280925;0,0;-0,5188182823532284;0,5188182823532284;strategy
2023-06-21;80128,4214787675;35351,99410242571;0,0;-0,5123725403500146;0,5123725403500146;strategy
2023-06-22;80128,4214787675;35479,60455295911;0,0;0,36097101103735874;-0,36097101103735874;spy
2023-06-23;80128,4214787675;35211,3785282258;0,0;-0,756000604045437;0,756000604045437;strategy
2023-06-26;80128,4214787675;35067,51353346457;0,0;-0,40857529802734716;0,40857529802734716;strategy
2023-06-27;80128,4214787675;35451,96959534544;0,0;1,0963311143060928;-1,0963311143060928;spy
2023-06-28;80128,4214787675;35469,85133032766;0,0;0,050439327310503046;-0,050439327310503046;spy
2023-06-29;80128,4214787675;35609,650828676655;0,0;0,39413612717755786;-0,39413612717755786;spy
2023-06-30;80128,4214787675;36029,87036052197;0,0;1,1800720368392748;-1,1800720368392748;spy
2023-07-03;80128,4214787675;36071,32403717932;0,0;0,11505363811348257;-0,11505363811348257;spy
2023-07-05;80128,4214787675;36017,67883223266;0,0;-0,148719811037068;0,148719811037068;strategy
2023-07-06;80128,4214787675;35735,63656892939;0,0;-0,7830661842952225;0,7830661842952225;strategy
2023-07-07;80128,4214787675;35645,4142986411;0,0;-0,2524714233486769;0,2524714233486769;strategy
2023-07-10;80128,4214787675;35735,63656892939;0,0;0,25311045491684947;-0,25311045491684947;spy
2023-07-11;80128,4214787675;35963,220031908815;0,0;0,6368529703967951;-0,6368529703967951;spy
2023-07-12;80128,4214787675;36252,57721218567;0,0;0,8045919692956316;-0,8045919692956316;spy
2023-07-13;80128,4214787675;36540,30968218187;0,0;0,7936883171425491;-0,7936883171425491;spy
2023-07-14;80128,4214787675;36517,55133588392;0,0;-0,06228285007952028;0,06228285007952028;strategy
2023-07-17;80128,4214787675;36644,34819104013;0,0;0,3472216797614447;-0,3472216797614447;spy
2023-07-18;80128,4214787675;36916,63723171197;0,0;0,7430587638025177;-0,7430587638025177;spy
2023-07-19;80128,4214787675;36998,730989649484;0,0;0,2223760453105239;-0,2223760453105239;spy
2023-07-20;80128,4214787675;36753,26331121413;0,0;-0,6634489126235876;0,6634489126235876;strategy
2023-07-21;80128,4214787675;36753,26331121413;0,0;0,0;0,0;tie
2023-07-24;80128,4214787675;36917,45082708916;0,0;0,44672908221712326;-0,44672908221712326;spy
2023-07-25;80128,4214787675;37018,23743491238;0,0;0,273005328280318;-0,273005328280318;spy
2023-07-26;80128,4214787675;37023,92764160528;0,0;0,015371360408256152;-0,015371360408256152;spy
2023-07-27;80128,4214787675;36778,459963169924;0,0;-0,6629974021435725;0,6629974021435725;strategy
2023-07-28;80128,4214787675;37138,53296847219;0,0;0,9790323076682483;-0,9790323076682483;spy
2023-07-31;80128,4214787675;37209,246313023876;0,0;0,19040424836307412;-0,19040424836307412;spy
2023-08-01;80128,4214787675;37102,76949850775;0,0;-0,2861568697747563;0,2861568697747563;strategy
2023-08-02;80128,4214787675;36586,63997015494;0,0;-1,3910808689727827;1,3910808689727827;strategy
2023-08-03;80128,4214787675;36481,78786591948;0,0;-0,28658577098358284;0,28658577098358284;strategy
2023-08-04;80128,4214787675;36316,78923514097;0,0;-0,45227671238298184;0,45227671238298184;strategy
2023-08-07;80128,4214787675;36633,781373031496;0,0;0,8728528720920004;-0,8728528720920004;spy
2023-08-08;80128,4214787675;36474,4729489459;0,0;-0,4348675405997704;0,4348675405997704;strategy
2023-08-09;80128,4214787675;36230,63246126492;0,0;-0,6685236768802394;0,6685236768802394;strategy
2023-08-10;80128,4214787675;36243,63758493142;0,0;0,03589538129207259;-0,03589538129207259;spy
2023-08-11;80128,4214787675;36222,50394891415;0,0;-0,05830991982453959;0,05830991982453959;strategy
2023-08-14;80128,4214787675;36422,452454279904;0,0;0,5520007828496709;-0,5520007828496709;spy
2023-08-15;80128,4214787675;35998,172386969774;0,0;-1,164886048908198;1,164886048908198;strategy
2023-08-16;80128,4214787675;35734,011858648715;0,0;-0,7338164990194795;0,7338164990194795;strategy
2023-08-17;80128,4214787675;35461,722817976886;0,0;-0,7619884432481516;0,7619884432481516;strategy
2023-08-18;80128,4214787675;35478,790957581914;0,0;0,048131162979969666;-0,048131162979969666;spy
2023-08-21;80128,4214787675;35709,62632159639;0,0;0,65062917248353;-0,65062917248353;spy
2023-08-22;80128,4214787675;35612,90272971171;0,0;-0,2708613946659555;0,2708613946659555;strategy
2023-08-23;80128,4214787675;36009,55031988189;0,0;1,1137749516813678;-1,1137749516813678;spy
2023-08-24;80128,4214787675;35510,49141160782;0,0;-1,385907082540061;1,385907082540061;strategy
2023-08-25;80128,4214787675;35760,83322088519;0,0;0,7049798505337934;-0,7049798505337934;spy
2023-08-28;80128,4214787675;35987,60556896114;0,0;0,6341360859106082;-0,6341360859106082;spy
2023-08-29;80128,4214787675;36507,79811325248;0,0;1,445476952598379;-1,445476952598379;spy
2023-08-30;80128,4214787675;36658,16691008382;0,0;0,4118813092065299;-0,4118813092065299;spy
2023-08-31;80128,4214787675;36604,52170513716;0,0;-0,14633902747577254;0,14633902747577254;strategy
2023-09-01;80128,4214787675;36672,796744030995;0,0;0,18652077861804894;-0,18652077861804894;spy
2023-09-05;80128,4214787675;36514,29943484887;0,0;-0,43219313293284545;0,43219313293284545;strategy
2023-09-06;80128,4214787675;36268,834236887225;0,0;-0,6722440297659893;0,6722440297659893;strategy
2023-09-07;80128,4214787675;36157,48081105537;0,0;-0,3070223462506627;0,3070223462506627;strategy
2023-09-08;80128,4214787675;36211,93713090551;0,0;0,15060872225780564;-0,15060872225780564;spy
2023-09-11;80128,4214787675;36450,08989236729;0,0;0,6576636886363119;-0,6576636886363119;spy
2023-09-12;80128,4214787675;36250,13890652781;0,0;-0,5485610225651194;0,5485610225651194;strategy
2023-09-13;80128,4214787675;36292,406178562356;0,0;0,1165989243338661;-0,1165989243338661;spy
2023-09-14;80128,4214787675;36605,33282004064;0,0;0,8622372403159329;-0,8622372403159329;spy
2023-09-15;80128,4214787675;36037,185277495555;0,0;-1,5520895420845227;1,5520895420845227;strategy
2023-09-18;80128,4214787675;36058,31891351283;0,0;0,05864396970667318;-0,05864396970667318;spy
2023-09-19;80128,4214787675;35983,540072548894;0,0;-0,20738304839804655;0,20738304839804655;strategy
2023-09-20;80128,4214787675;35652,73169608839;0,0;-0,9193324942280201;0,9193324942280201;strategy
2023-09-21;80128,4214787675;35063,450517526035;0,0;-1,6528359834682926;1,6528359834682926;strategy
2023-09-22;80128,4214787675;34984,60866062357;0,0;-0,22485481530991613;0,22485481530991613;strategy
2023-09-25;80128,4214787675;35131,725556419864;0,0;0,4205189122549191;-0,4205189122549191;spy
2023-09-26;80128,4214787675;34615,596028067055;0,0;-1,4691266090073762;1,4691266090073762;strategy
2023-09-27;80128,4214787675;34629,41226663704;0,0;0,0399133343212732;-0,0399133343212732;spy
2023-09-28;80128,4214787675;34830,17436737999;0,0;0,5797444646104211;-0,5797444646104211;spy
2023-09-29;80128,4214787675;34745,644784258315;0,0;-0,24269066881513757;0,24269066881513757;strategy
2023-10-02;80128,4214787675;34731,82606521463;0,0;-0,039771082475204;0,039771082475204;strategy
2023-10-03;80128,4214787675;34266,90343615063;0,0;-1,33860692550698;1,33860692550698;strategy
2023-10-04;80128,4214787675;34516,43413052451;0,0;0,7281973839242006;-0,7281973839242006;spy
2023-10-05;80128,4214787675;34503,429006858016;0,0;-0,037678062621748776;0,037678062621748776;strategy
2023-10-06;80128,4214787675;34913,08172069469;0,0;1,1872811648814707;-1,1872811648814707;spy
2023-10-09;80128,4214787675;35136,60216773558;0,0;0,640219757250482;-0,640219757250482;spy
2023-10-10;80128,4214787675;35319,48253349632;0,0;0,5204839241076842;-0,5204839241076842;spy
2023-10-11;80128,4214787675;35464,16112363475;0,0;0,40962828377009153;-0,40962828377009153;spy
2023-10-12;80128,4214787675;35247,955593567436;0,0;-0,6096451268467473;0,6096451268467473;strategy
2023-10-13;80128,4214787675;35072,390144780285;0,0;-0,4980868984616804;0,4980868984616804;strategy
2023-10-16;80128,4214787675;35441,40277733681;0,0;1,0521456651035876;-1,0521456651035876;spy
2023-10-17;80128,4214787675;35439,77558658242;0,0;-0,004591214305504909;0,004591214305504909;strategy
2023-10-18;80128,4214787675;34967,53804054483;0,0;-1,3325071567788949;1,3325071567788949;strategy
2023-10-19;80128,4214787675;34660,299125285754;0,0;-0,8786403975676871;0,8786403975676871;strategy
2023-10-20;80128,4214787675;34234,39186722124;0,0;-1,228804334679856;1,228804334679856;strategy
2023-10-23;80128,4214787675;34175,05645558166;0,0;-0,1733210622514081;0,1733210622514081;strategy
2023-10-24;80128,4214787675;34432,71566230632;0,0;0,7539393740564782;-0,7539393740564782;spy
2023-10-25;80128,4214787675;33938,53088487428;0,0;-1,4352187096675295;1,4352187096675295;strategy
2023-10-26;80128,4214787675;33532,13007207265;0,0;-1,1974614168781095;1,1974614168781095;strategy
2023-10-27;80128,4214787675;33380,13656496063;0,0;-0,4532772203415969;0,4532772203415969;strategy
2023-10-30;80128,4214787675;33779,222460788675;0,0;1,1955789786880944;-1,1955789786880944;spy
2023-10-31;80128,4214787675;33991,36497491746;0,0;0,6280266349382169;-0,6280266349382169;spy
2023-11-01;80128,4214787675;34353,87380540386;0,0;1,066473296244208;-1,066473296244208;spy
2023-11-02;80128,4214787675;35012,24361823723;0,0;1,9164354406221662;-1,9164354406221662;spy
2023-11-03;80128,4214787675;35331,67406178563;0,0;0,9123392577504275;-0,9123392577504275;spy
2023-11-06;80128,4214787675;35412,95422434595;0,0;0,2300489991450272;-0,2300489991450272;spy
2023-11-07;80128,4214787675;35513,74083216917;0,0;0,28460378421049093;-0,28460378421049093;spy
2023-11-08;80128,4214787675;35539,75107950216;0,0;0,07323995367287672;-0,07323995367287672;spy
2023-11-09;80128,4214787675;35262,585427514605;0,0;-0,7798750513686392;0,7798750513686392;strategy
2023-11-10;80128,4214787675;35812,85123507747;0,0;1,5604806082468947;-1,5604806082468947;spy
2023-11-13;80128,4214787675;35778,714955867414;0,0;-0,09531851844463146;0,09531851844463146;strategy
2023-11-14;80128,4214787675;36472,848238665225;0,0;1,9400732632628426;-1,9400732632628426;spy
2023-11-15;80128,4214787675;36550,06290481332;0,0;0,21170451411645086;-0,21170451411645086;spy
2023-11-16;80128,4214787675;36594,768482505715;0,0;0,12231327154981209;-0,12231327154981209;spy
2023-11-17;80128,4214787675;36640,2851751016;0,0;0,12438032670609722;-0,12438032670609722;spy
2023-11-20;80128,4214787675;36922,32743840488;0,0;0,769760011297449;-0,769760011297449;spy
2023-11-21;80128,4214787675;36841,858390748035;0,0;-0,21794142796410787;0,21794142796410787;strategy
2023-11-22;80128,4214787675;36984,0986752286;0,0;0,38608335923759896;-0,38608335923759896;spy
2023-11-24;80128,4214787675;37006,85702152655;0,0;0,06153548988121482;-0,06153548988121482;spy
2023-11-27;80128,4214787675;36940,2091733871;0,0;-0,180095943032077;0,180095943032077;strategy
2023-11-28;80128,4214787675;36976,78375825502;0,0;0,0990102267592663;-0,0990102267592663;spy
2023-11-29;80128,4214787675;36950,77351092202;0,0;-0,07034210304239785;0,07034210304239785;strategy
2023-11-30;80128,4214787675;37096,265696437644;0,0;0,39374598064263466;-0,39374598064263466;spy
2023-12-01;80128,4214787675;37315,723127540004;0,0;0,5915890103284305;-0,5915890103284305;spy
2023-12-04;80128,4214787675;37119,83763811278;0,0;-0,52494089088857;0,52494089088857;strategy
2023-12-05;80128,4214787675;37112,5227211392;0,0;-0,019706220282800224;0,019706220282800224;strategy
2023-12-06;80128,4214787675;36962,967519685044;0,0;-0,4029777295871284;0,4029777295871284;strategy
2023-12-07;80128,4214787675;37245,009782988316;0,0;0,7630400972353346;-0,7630400972353346;spy
2023-12-08;80128,4214787675;37405,131802451106;0,0;0,4299153642213005;-0,4299153642213005;spy
2023-12-11;80128,4214787675;37550,621507493015;0,0;0,3889565362589442;-0,3889565362589442;spy
2023-12-12;80128,4214787675;37722,12394034163;0,0;0,45672328702841547;-0,45672328702841547;spy
2023-12-13;80128,4214787675;38242,31648463297;0,0;1,3790118104538118;-1,3790118104538118;spy
2023-12-14;80128,4214787675;38365,05032385065;0,0;0,3209372509298758;-0,3209372509298758;spy
2023-12-15;80128,4214787675;38147,217603028956;0,0;-0,567789482831127;0,567789482831127;strategy
2023-12-18;80128,4214787675;38361,7984228156;0,0;0,56250713228847;-0,56250713228847;spy
2023-12-19;80128,4214787675;38595,072092487935;0,0;0,6080884610811133;-0,6080884610811133;spy
2023-12-20;80128,4214787675;38060,24971424943;0,0;-1,3857271129248616;1,3857271129248616;strategy
2023-12-21;80128,4214787675;38421,13383445518;0,0;0,9481916774461752;-0,9481916774461752;spy
2023-12-22;80128,4214787675;38498,34850060325;0,0;0,20096925426711376;-0,20096925426711376;spy
2023-12-26;80128,4214787675;38660,9088257239;0,0;0,4222527236930729;-0,4222527236930729;spy
2023-12-27;80128,4214787675;38730,81105537211;0,0;0,18080855254416495;-0,18080855254416495;spy
2023-12-28;80128,4214787675;38745,44088931928;0,0;0,03777311537900285;-0,03777311537900285;spy
2023-12-29;80128,4214787675;38633,273868110235;0,0;-0,2894973411954771;0,2894973411954771;strategy
2024-01-02;79974,57490952827;38417,068338042925;-0,19200000000000328;-0,5596355380219964;0,3676355380219931;strategy
2024-01-03;78756,03898188069;38103,32810118745;-1,52365414761636;-0,8166688673242439;-0,7069852802921162;spy
2024-01-04;78880,1875946649;37980,594261969774;0,15763694364157033;-0,32210792425203527;0,4797448678936056;strategy
2024-01-05;79305,12377704062;38032,61475663577;0,5387109175745142;0,1369659840159132;0,40174493355860097;strategy
2024-01-08;81496,77759270724;38575,56564722505;2,763571521341124;1,4275928543528549;1,335978666988269;strategy
2024-01-09;81943,38279498892;38517,04383096266;0,5480035106586234;-0,15170695563500036;0,6997104662936238;strategy
2024-01-10;82389,50521378794;38734,874071310645;0,5444276323265163;0,5655424681706211;-0,021114835844104896;spy
2024-01-11;82355,67113771575;38717,80593170561;-0,04106600225890489;-0,0440640121189273;0,0029980098600224103;strategy
2024-01-12;81654,22481090638;38744,627293942096;-0,8517280195997734;0,0692739725071112;-0,9210019921068846;spy
2024-01-16;81878,95962519657;38602,38700946153;0,27522741757775027;-0,36712260361014826;0,6423500211878985;strategy
2024-01-17;81289,01461893386;38387,80867014859;-0,7205086739782818;-0,5558680587818166;-0,16464061519646522;spy
2024-01-18;82257,2024664605;38729,18386461773;1,1910438969709558;0,889280233217904;0,30176366375305186;strategy
2024-01-19;85277,22982829886;39211,98822866396;3,6714442885044107;1,246616416534696;2,4248278719697147;strategy
2024-01-22;85708,68951195257;39294,89558197867;0,5059494598058878;0,2114336891851476;0,2945157706207402;strategy
2024-01-23;85925,69632880435;39409,49842837186;0,25319115026429806;0,29164817642559626;-0,0384570261612982;spy
2024-01-24;86299,95535983007;39452,57929578359;0,4355612430460676;0,10931594952934276;0,3262452935167248;strategy
2024-01-25;86955,4014023134;39667,15763509652;0,7594975452193786;0,54388925424671;0,21560829097266865;strategy
2024-01-26;86166,48338072843;39616,76433118491;-0,907267413941204;-0,12704037021049608;-0,780227043730708;spy
2024-01-29;87274,2863428315;39930,504568040385;1,2856541414232092;0,7919380649885843;0,4937160764346249;strategy
2024-01-30;86414,25428442637;39899,62018986538;-0,9854357960909055;-0,07734532410522688;-0,9080904719856786;spy
2024-01-31;85064,17010106295;39248,56529400559;-1,5623396794233857;-1,6317320635176435;0,06939238409425785;strategy
2024-02-01;86790,51404492906;39762,25651670054;2,029460749237999;1,3088152875065928;0,7206454617314062;strategy
2024-02-02;88358,84028209234;40180,84885779147;1,8070249432459828;1,0527378920638375;0,7542870511821453;strategy
2024-02-05;88694,17987740674;40034,54307689866;0,37952014110167465;-0,364118193248264;0,7436383343499386;strategy
2024-02-06;89455,0352025156;40150,77559451994;0,8578413219001657;0,29033057127194617;0,5675107506282195;strategy
2024-02-07;90861,55642204915;40485,64946739268;1,5723220234046709;0,8340408570300273;0,7382811663746436;strategy
2024-02-08;92037,91436110127;40503,53120237491;1,294670689535593;0,0441680823142665;1,2505026072213266;strategy
2024-02-09;92346,97899752497;40737,61846742444;0,33580143419060793;0,5779428560930278;-0,24214142190241983;spy
2024-02-12;92687,1477463922;40719,73673244221;0,36835936871995045;-0,043894895320240046;0,4122542640401905;strategy
2024-02-13;91610,27046367721;40158,901626397004;-1,1618409983458755;-1,3773053340946029;0,21546433574872736;strategy
2024-02-14;94747,50335091;40523,85124301499;3,424542762895433;0,9087639398436709;2,515778823051762;strategy
2024-02-15;97647,0437443829;40803,455200660406;3,0602815809658512;0,689973803251509;2,370307777714342;strategy
2024-02-16;94349,82830557856;40600,25479425959;-3,376666934675132;-0,4979980381600746;-2,8786688965150575;spy
2024-02-20;92744,49907615823;40376,73434721869;-1,701464918644069;-0,5505395179749017;-1,1509254006691672;spy
2024-02-21;89657,10069279248;40413,30893208661;-3,3289288465836675;0,09058331600917402;-3,4195121625928415;spy
2024-02-22;95554,139045944;41249,682499365;6,57732439213885;2,069549832417561;4,507774559721289;strategy
2024-02-23;96164,11158066498;41278,13105235585;0,6383528131917782;0,06896671990452852;0,5693860932872497;strategy
2024-02-26;96905,3556488958;41126,948660147325;0,7708115387818459;-0,366252997299632;1,137064536081478;strategy
2024-02-27;98454,73908572918;41203,35221139193;1,5988625463045025;0,18577490850577583;1,4130876377987267;strategy
2024-02-28;97733,7539539644;41148,89589154178;-0,7323010943505515;-0,13216478011488508;-0,6001363142356664;spy
2024-02-29;99741,11702708437;41296,82390224155;2,0539097209603785;0,3594944833748892;1,6944152375854893;strategy
2024-03-01;103774,56225199386;41684,529384683774;4,043914230291024;0,9388263934291929;3,1050878368618307;strategy
2024-03-04;105830,20820045329;41639,82628746507;1,9808765306740028;-0,10724145835057097;2,088117989024574;strategy
2024-03-05;103956,38894863993;41223,672252032;-1,7705901591577256;-0,999413476319766;-0,7711766828379596;spy
2024-03-06;106664,87116493963;41432,56286512573;2,605402365060838;0,5067249026642129;2,0986774623966253;strategy
2024-03-07;108192,01184993371;41843,84028924308;1,431718492054057;0,9926429737310061;0,43907551832305103;strategy
2024-03-08;107168,14093522326;41592,68488458852;-0,946346127781228;-0,6002207324147801;-0,3461253953664478;spy
2024-03-11;104223,26054994964;41556,921414624085;-2,74790656959667;-0,08598499967883422;-2,6619215699178356;spy
2024-03-12;106020,92734258245;42003,96478917958;1,7248230223724903;1,0757374688447952;0,6490855535276951;strategy
2024-03-13;106078,07219190351;41938,12309499619;0,05389959393244936;-0,15675114126453282;0,2106507351969822;strategy
2024-03-14;104272,09229286628;41855,2207026289;-1,702500678717156;-0,1976778793354672;-1,5048227993816887;spy
2024-03-15;103589,84454720937;41439,06418672213;-0,6542956323737026;-0,9942762430127039;0,3399806106390013;strategy
2024-03-18;103915,34051067125;41685,34298006097;0,3142160941399297;0,5943155285291102;-0,2800994343891805;spy
2024-03-19;103297,11536730485;41916,99441992634;-0,594931547477251;0,5557143669806974;-1,1506459144579484;spy
2024-03-20;106546,93073022133;42304,697421894845;3,1460853009890544;0,9249303470675319;2,2211549539215225;strategy
2024-03-21;108418,67944957121;42444,50188119126;1,7567364038755695;0,3304702971922424;1,426266106683327;strategy
2024-03-22;108100,97479853717;42364,03531400812;-0,29303497575048354;-0,1895806609025108;-0,10345431484797274;spy
2024-03-25;109641,47036128888;42246,99168148336;1,4250524249412866;-0,27628065092764054;1,7013330758689271;strategy
2024-03-26;108872,18779279203;42168,96093948438;-0,7016346697667708;-0,1847012979936835;-0,5169333717730873;spy
2024-03-27;108003,2337754894;42523,34125762001;-0,7981414123471531;0,8403819070718743;-1,6385233194190274;spy
2024-03-28;107841,93335516164;42515,215225742955;-0,14934776921869952;-0,01910957990771678;-0,13023818931098274;spy
2024-04-01;107797,95718617155;42441,2474996825;-0,04077835738094393;-0,17397942282006973;0,1332010654391258;strategy
2024-04-02;106400,52176369647;42171,40172561595;-1,296346850118557;-0,6358101845817976;-0,6605366655367595;spy
2024-04-03;108250,52591808785;42217,7270526416;1,738717182703331;0,10985010013910834;1,6288670825642226;strategy
2024-04-04;105464,41677506694;41702,4136001397;-2,5737603761196715;-1,2206091812080655;-1,353151194911606;spy
2024-04-05;107820,99724429529;42138,074080835664;2,23447921231521;1,0446888874904525;1,1897903248247577;strategy
2024-04-08;107483,25147904754;42161,64354203708;-0,313246745884288;0,05593388334788063;-0,36918062923216866;spy
2024-04-09;105857,41563026527;42210,41461614173;-1,5126411105075288;0,11567640634317922;-1,628317516850708;spy
2024-04-10;105434,65192758093;41787,756778638555;-0,3993708897645498;-1,0013117410638928;0,6019408512993429;strategy
2024-04-11;107659,73212940106;42103,124206248416;2,110387961776028;0,7546885784763369;1,355699383299691;strategy
2024-04-12;104376,35968569142;41521,97154003683;-3,049768356996474;-1,3803077020240195;-1,6694606549724544;spy
2024-04-15;101226,66245181495;41001,778995745495;-3,017634686016224;-1,2528127278102597;-1,7648219582059643;spy
2024-04-16;102183,60849977018;40927,00015478156;0,9453497969576397;-0,18237950351298604;1,1277293004706257;strategy
2024-04-17;100276,86216027345;40684,78437738126;-1,8660002005126075;-0,591823921822443;-1,2741762786901645;spy
2024-04-18;99561,43651499899;40601,06590916307;-0,7134503711643703;-0,20577341013198192;-0,5076769610323884;spy
2024-04-19;95887,42782405537;40246,68559102743;-3,690192527897218;-0,8728350111016692;-2,817357516795549;spy
2024-04-22;97205,0162196626;40617,32293386462;1,3740992177044165;0,9209139520294229;0,4531852656749935;strategy
2024-04-23;100518,02622790723;41099,313702533655;3,4082706192424705;1,186663063574711;2,2216075556677595;strategy
2024-04-24;99561,84980888256;41079,80725727076;-0,9512487012595217;-0,047461729906428385;-0,9037869713530933;spy
2024-04-25;100863,43190628626;40923,74825374651;1,3073100790133907;-0,3798922486342171;1,6872023276476078;strategy
2024-04-26;103551,96697812398;41311,45621666243;2,6655201206475576;0,9473911346339792;1,7181289860135784;strategy
2024-04-29;103673,62862083149;41457,75951708153;0,11748849032795494;0,35414704253415863;-0,2366585522062037;spy
2024-04-30;101202,77631242672;40801,01689500254;-2,383298762929853;-1,5841247325688257;-0,7991740303610273;spy
2024-05-01;100144,18193027841;40668,52983315342;-1,0460131833540665;-0,32471509764097073;-0,7212980857130957;spy
2024-05-02;103622,66969340385;41048,920398622045;3,473479633142551;0,9353437830903033;2,5381358500522477;strategy
2024-05-03;105150,44185811309;41557,73501000127;1,4743609378426337;1,2395322615995186;0,2348286762431151;strategy
2024-05-06;107211,56044194599;41986,894169100844;1,9601616002851596;1,0326817835387248;0,9274798167464349;strategy
2024-05-07;106051,23868950484;42033,22445707391;-1,0822729821840849;0,11034464179815462;-1,1926176239822395;spy
2024-05-08;106599,33049850864;42037,287473012446;0,5168179228990377;0,009666200942270997;0,5071517219567667;strategy
2024-05-09;108305,11367793019;42279,50076993903;1,6001818880517327;0,5761867891264094;1,0239950989253233;strategy
2024-05-10;107953,6391861471;42333,962050736605;-0,32452252700484463;0,12881249732328293;-0,45333502432812756;spy
2024-05-13;107422,83661689088;42339,6472964821;-0,4916949287285699;0,013429514909768514;-0,5051244436383384;spy
2024-05-14;109182,58150876891;42533,90807562865;1,638147853192451;0,4588152985457006;1,1793325546467504;strategy
2024-05-15;113324,89413405726;43060,606902463805;3,7939317499611214;1,2383033929039389;2,5556283570571825;strategy
2024-05-16;110592,42360212195;42972,009342456186;-2,4111829557086906;-0,20575083906342329;-2,2054321166452673;spy
2024-05-17;111381,3195261293;43033,783059753616;0,7133363193536191;0,14375338328989073;0,5695829360637283;strategy
2024-05-20;112438,18751237085;43083,36276828804;0,9488736448248103;0,11521113183468046;0,8336625129901298;strategy
2024-05-21;112782,96638264987;43189,025987426976;0,30663858774946373;0,24525295229904653;0,0613856354504172;strategy
2024-05-22;111685,36029868553;43064,66991840233;-0,9732019995292496;-0,28793441431359534;-0,6852675852156542;spy
2024-05-23;111317,19004375179;42750,11608616968;-0,32964952071526943;-0,7304220207159595;0,4007725000006901;strategy
2024-05-24;114330,70153445289;43032,96946437642;2,707139382081669;0,6616435324680925;2,0454958496135767;strategy
2024-05-28;115126,73041668415;43063,04272764795;0,696251200725273;0,06988423909817243;0,6263669616271006;strategy
2024-05-29;114816,58132915197;42761,491538608076;-0,2693979811722591;-0,7002551838871107;0,4308572027148516;strategy
2024-05-30;113504,9549008018;42477,82456502413;-1,142366732371225;-0,6633701570672113;-0,47899657530401374;spy
2024-05-31;110238,096258593;42864,718932562864;-2,8781639048831686;0,9108149287317735;-3,788978833614942;spy
2024-06-03;109204,32503394037;42899,66880715012;-0,9377622253450735;0,08153529396108805;-1,0192975193061615;spy
2024-06-04;108680,63942921047;42947,62628587757;-0,47954657891722263;0,11178985773303562;-0,5913364366502583;spy
2024-06-05;112043,23114335428;43458,06312706375;3,094011713405531;1,1885100186643571;1,905501694741174;strategy
2024-06-06;111058,98379417091;43457,24953168657;-0,8784531998403899;-0,0018721390661280424;-0,8765810607742619;spy
2024-06-07;109843,70044202394;43404,42040259081;-1,0942683884081816;-0,12156574487586225;-0,9727026435323194;spy
2024-06-10;112842,50584164319;43538,529694246885;2,7300658913999687;0,3089761144421832;2,4210897769577855;strategy
2024-06-11;112739,71690473866;43643,38427895606;-0,09109061885667069;0,24083170801936227;-0,33192232687603296;spy
2024-06-12;114408,36148819144;44001,827613030226;1,4800858377733261;0,8213005017738695;0,6587853359994567;strategy
2024-06-13;114288,00274203799;44090,42517303785;-0,10520100505579943;0,20134972753129698;-0,3065507325870964;spy
2024-06-14;112745,57742231192;44117,24901574803;-1,3495951304770881;0,06083824913210023;-1,4104333796091884;spy
2024-06-17;113481,11605470875;44468,37495237491;0,6523880130940407;0,7958926371441244;-0,14350462405008368;spy
2024-06-18;114628,25755141149;44581,35556896114;1,010865540086603;0,2540695869980292;0,7567959530885737;strategy
2024-06-20;113465,52344488405;44460,24892049784;-1,0143520728350452;-0,2716531314889248;-0,7426989413461205;spy
2024-06-21;112875,47953016721;44257,86210947422;-0,5200204403969955;-0,4552084523537503;-0,06481198804324517;spy
2024-06-24;111186,35130234234;44113,99463423927;-1,496452759142819;-0,3250664817000981;-1,1713862774427208;spy
2024-06-25;113460,87670597789;44283,87235680721;2,045687601934665;0,38508805193553375;1,660599549999131;strategy
2024-06-26;111729,55569112375;44339,14227203455;-1,5259189467931589;0,12480822540092973;-1,6507271721940886;spy
2024-06-27;113163,82501164745;44409,04202120905;1,283697327579758;0,15764795075565718;1,126049376824101;strategy
2024-06-28;111820,32057650475;44234,28768732538;-1,1872207704223703;-0,3935107039692687;-0,7937100664531016;spy
2024-07-01;112370,19164153238;44325,32603346457;0,4917452053371907;0,2058094543823108;0,2859357509548799;strategy
2024-07-02;112515,48220015565;44623,62284099568;0,12929635208485113;0,6729714910746587;-0,5436751389898076;spy
2024-07-03;113915,52852614239;44822,76023145796;1,2443143811055046;0,44626002503618256;0,7980543560693221;strategy
2024-07-05;113483,03935603549;45081,230553086105;-0,37965778301036757;0,5766497205737409;-0,9563075035841084;spy
2024-07-08;114607,38520537458;45133,2510477521;0,9907611355135071;0,11539280101224847;0,8753683345012586;strategy
2024-07-09;114756,41803454238;45177,1405495936;0,13003771868691505;0,0972442729531231;0,03279344573379195;strategy
2024-07-10;115801,31555773404;45624,181443675385;0,9105351500925618;0,9895289711641775;-0,07899382107161568;spy
2024-07-11;113973,41414301455;45230,78327406655;-1,5784806985272626;-0,8622580332635743;-0,7162226652636883;spy
2024-07-12;115199,88567302434;45516,07743840488;1,076103176545029;0,6307522083127459;0,44535096823228315;strategy
2024-07-15;116428,52304243014;45641,252063754124;1,0665265527199264;0,2750118911688748;0,7915146615510515;strategy
2024-07-16;116133,40268897035;45911,91143319786;-0,2534777095405061;0,5930147776526118;-0,8464924871931179;spy
2024-07-17;109812,70904128141;45268,17393478537;-5,442614701144244;-1,4021143496696586;-4,040500351474585;spy
2024-07-18;108383,8030750297;44920,29245777242;-1,3012209412979203;-0,7684901925006371;-0,5327307487972832;spy
2024-07-19;108016,8360787215;44621,9956502413;-0,33858102954198444;-0,6640580263620022;0,32547699682001774;strategy
2024-07-22;109243,03703949478;45082,0441484633;1,1351942949704874;1,030990415193389;0,10420387977709833;strategy
2024-07-23;108922,53574706614;45011,33080391161;-0,29338372596943163;-0,15685478750434578;-0,13652893846508585;spy
2024-07-24;103501,17955536152;43991,2607950216;-4,9772585209490465;-2,2662516096977225;-2,711006911251324;spy
2024-07-25;100365,48317079185;43762,05014128778;-3,029623814956073;-0,5210367913796143;-2,5085870235764585;spy
2024-07-26;102223,9460750293;44252,17190278131;1,8516952696525202;1,1199698366761934;0,7317254329763268;strategy
2024-07-29;100924,54938527003;44278,182150114306;-1,2711274996227817;0,05877733502015481;-1,3299048346429365;spy
2024-07-30;99754,14789308654;44053,84810769622;-1,1596796808233334;-0,5066469116946526;-0,6530327691286808;spy
2024-07-31;101860,57808863491;44769,926141414784;2,1116216618941808;1,625460804168588;0,4861608577255927;strategy
2024-08-01;100949,32654454635;44135,94186563374;-0,8946066880708536;-1,4160940846283276;0,521487396557474;strategy
2024-08-02;97218,11279061067;43314,20061277623;-3,6961254538822375;-1,8618414338119171;-1,8342840200703203;spy
2024-08-05;94777,86917100495;42052,7309023368;-2,510070962662636;-2,912369829277972;0,402298866615336;strategy
2024-08-06;96354,70619657973;42440,438865252734;1,6637185868040083;0,9219566829473003;0,741761903856708;strategy
2024-08-07;94974,61549866079;42156,76693072136;-1,4323023258493772;-0,6684000969736092;-0,763902228875768;spy
2024-08-08;97525,3297135378;43131,320247015494;2,6856799593076186;2,3117363765007726;0,37394358280684603;strategy
2024-08-09;97631,42739178473;43321,5130492761;0,10878986880493713;0,4409621620005133;-0,3321722931955762;spy
2024-08-12;97813,40123799798;43344,27387604776;0,18638859542943198;0,052539316310973305;0,13384927911845867;strategy
2024-08-13;99164,78923971075;44057,09752825755;1,3815980066213873;1,644562449582776;-0,26296444296138866;spy
2024-08-14;99610,60982359655;44196,08839217679;0,44957548672655;0,31547893918815184;0,13409654753839817;strategy
2024-08-15;100939,01600302507;44953,620102552704;1,3335990832513023;1,7140243354884843;-0,38042525223718204;spy
2024-08-16;101165,75534469703;45054,406710375915;0,2246300297450432;0,22420131591913695;0,0004287138259062573;strategy
2024-08-19;101974,66478218067;45485,19057975616;0,7995881953606565;0,9561414761256604;-0,15655328076500385;spy
2024-08-20;101388,5438823771;45411,227814643134;-0,5747710973657338;-0,16260845380726696;-0,4121626435584669;spy
2024-08-21;102495,76449836568;45567,28433769368;1,0920569263457303;0,3436518468241445;0,7484050795215857;strategy
2024-08-22;102015,4311740985;45209,649638049275;-0,4686372423465701;-0,7848497114596897;0,3162124691131196;strategy
2024-08-23;103579,48530493621;45690,018176911355;1,5331544579451961;1,0625354160183287;0,47061904192686743;strategy
2024-08-26;103359,15888559278;45581,10057626365;-0,21271240988965934;-0,23838379802341159;0,02567138813375225;strategy
2024-08-27;103643,14297864783;45643,68788893828;0,2747546478869767;0,13730978823101037;0,1374448596559663;strategy
2024-08-28;102659,18905361174;45378,713765240034;-0,9493671233405165;-0,5805274200081922;-0,3688397033323243;spy
2024-08-29;102595,22196372374;45382,77678117856;-0,06231014532425139;0,008953572284009503;-0,07126371760826089;spy
2024-08-30;103075,37975116514;45816,00143669038;0,4680118413420642;0,9546014727144003;-0,48658963137233613;spy
2024-09-03;100398,96066638056;44873,153535369565;-2,596564855007799;-2,0579008899841766;-0,5386639650236225;spy
2024-09-04;100431,97082688985;44781,306554800605;0,03287898628649977;-0,20468135919300412;0,2375603454795039;strategy
2024-09-05;99948,16669097265;44672,388954152906;-0,4817232320882381;-0,24322113182296823;-0,23850210026526986;spy
2024-09-06;97484,1134774471;43920,5474504699;-2,4653310762008274;-1,6830116348929058;-0,7823194413079215;spy
2024-09-09;98420,0039487163;44412,29144177038;0,9600440911694985;1,1196217256969065;-0,15957763452740803;spy
2024-09-10;98699,11765710996;44605,73862553975;0,2835944901395271;0,43557127427888975;-0,15197678413936266;spy
2024-09-11;101927,86121381618;45063,34633763018;3,2712993118369837;1,0258942597767495;2,245405052060234;strategy
2024-09-12;103940,390647364;45442,928268669035;1,974464498304429;0,8423296578884631;1,132134840415966;strategy
2024-09-13;105648,15665672316;45680,264954279904;1,6430244284467488;0,5222741901835137;1,120750238263235;strategy
2024-09-16;107275,67854726389;45747,72887827025;1,5405113937093429;0,14768724318450221;1,3928241505248407;strategy
2024-09-17;108877,0227453074;45766,421728155954;1,4927374216868738;0,040860716682655784;1,451876705004218;strategy
2024-09-18;109418,23700974368;45630,685245745495;0,49708767818010813;-0,29658530705483077;0,7936729852349389;strategy
2024-09-19;111531,577057119;46409,34563119126;1,9314331003040364;1,7064402632839482;0,2249928370200882;strategy
2024-09-20;114086,17132150894;46187,45237490475;2,290467266576579;-0,4781219240837076;2,7685891906602866;strategy
2024-09-23;115563,23176329896;46302,86881667513;1,294688413749534;0,24988700574679612;1,044801408002738;strategy
2024-09-24;116469,90988999777;46435,35587852426;0,7845731837578862;0,28613143253322093;0,4984417512246653;strategy
2024-09-25;117263,8286329091;46332,94207994666;0,6816513755880438;-0,22055133774685487;0,9022027133348987;strategy
2024-09-26;115724,10630453065;46516,63604108459;-1,3130411537205622;0,39646513450617427;-1,7095062882267364;spy
2024-09-27;115432,88903189424;46449,17211709424;-0,2516478907774511;-0,14503182029491635;-0,10661607048253474;spy
2024-09-30;115996,02384566539;46635,30686436373;0,48784607098897315;0,40072780371684935;0,0871182672721238;strategy
2024-10-01;115664,47599534434;46217,52563817628;-0,2858269096897459;-0,89584749040581;0,6100205807160641;strategy
2024-10-02;116772,84585371362;46237,03208343917;0,9582629833674083;0,04220573255175886;0,9160572508156495;strategy
2024-10-03;118523,8933405437;46152,5025003175;1,4995331097982234;-0,18281792604923908;1,6823510358474625;strategy
2024-10-04;120058,38898152366;46571,905956311915;1,2946719836236298;0,9087339434985742;0,3859380401250556;strategy
2024-10-07;119547,03320415354;46150,87530956312;-0,425922571265569;-0,9040442689714157;0,47812169770584667;strategy
2024-10-08;121784,99561822967;46587,34938563627;1,8720350928778773;0,9457547081078044;0,9262803847700729;strategy
2024-10-09;122392,33017709022;46910,034210693426;0,49869407620986017;0,6926447400689595;-0,19395066385909931;spy
2024-10-10;122314,08935305779;46827,94045275591;-0,0639262476000102;-0,17500255397128184;0,11107630637127164;strategy
2024-10-11;123982,08608830103;47108,358005778515;1,3636995901826099;0,5988252959907792;0,7648742941918307;strategy
2024-10-14;124826,72557701718;47493,625182562864;0,6812592975041554;0,8178318945803342;-0,13657259707617886;spy
2024-10-15;123441,03118908228;47124,61503048006;-1,1100943179671363;-0,7769677523338125;-0,33312656563332377;spy
2024-10-16;124648,68400959304;47329,43766668783;0,9783236650550364;0,4346404444371288;0,5436832206179076;strategy
2024-10-17;124022,9551319846;47333,50068262636;-0,5019939701571774;0,008584543021927793;-0,5105785131791052;spy
2024-10-18;124517,60157173834;47515,57241395733;0,39883458608718225;0,3846572273446869;0,014177358742495372;strategy
2024-10-21;125363,12171665535;47437,541671958345;0,6790366456182362;-0,1642214079190185;0,8432580535372547;strategy
2024-10-22;125489,23122446949;47412,34502000254;0,10059537931670359;-0,053115425183802856;0,15371080450050645;strategy
2024-10-23;124969,26088391428;46979,12036449073;-0,4143545509694868;-0,9137380893711078;0,499383538401621;strategy
2024-10-24;125601,48094116469;47080,72056769113;0,5059004532624201;0,21626672107126765;0,2896337321911524;strategy
2024-10-25;125714,87329561354;47064,463542989586;0,09027947250237478;-0,03453011021394836;0,12480958271632314;strategy
2024-10-28;126469,93770441928;47209,95820897892;0,600616608848048;0,3091391148152267;0,2914774940328213;strategy
2024-10-29;126469,93770441928;47286,361760223524;0,0;0,16183778622806955;-0,16183778622806955;spy
2024-10-30;126469,93770441928;47143,307880365755;0,0;-0,30252672130530733;0,30252672130530733;strategy
2024-10-31;126469,93770441928;46219,15282893066;0,0;-1,9603101542647328;1,9603101542647328;strategy
2024-11-01;126469,93770441928;46414,222242506985;0,0;0,4220532001058652;-0,4220532001058652;spy
2024-11-04;126469,93770441928;46314,24923006097;0,0;-0,21539305759272764;0,21539305759272764;strategy
2024-11-05;126469,93770441928;46874,270740728985;0,0;1,2091775640930225;-1,2091775640930225;spy
2024-11-06;126469,93770441928;48039,82549371349;0,0;2,4865554910313614;-2,4865554910313614;spy
2024-11-07;126469,93770441928;48411,276431927865;0,0;0,7732145868493578;-0,7732145868493578;spy
2024-11-08;126469,93770441928;48620,98064039878;0,0;0,43317223574095287;-0,43317223574095287;spy
2024-11-11;126469,93770441928;48667,31092837186;0,0;0,09528867448342915;-0,09528867448342915;spy
2024-11-12;126469,93770441928;48516,13101663704;0,0;-0,3106395419244068;0,3106395419244068;strategy
2024-11-13;126469,93770441928;48539,70047783846;0,0;0,0485806693723001;-0,0485806693723001;spy
2024-11-14;126469,93770441928;48227,58247078994;0,0;-0,6430159312396766;0,6430159312396766;strategy
2024-11-15;126469,93770441928;47609,855219710436;0,0;-1,2808588351979733;1,2808588351979733;strategy
2024-11-18;126469,93770441928;47804,929594234185;0,0;0,40973528195689113;-0,40973528195689113;spy
2024-11-19;126469,93770441928;47979,67896717044;0,0;0,3655467635231613;-0,3655467635231613;spy
2024-11-20;126469,93770441928;47995,935991871986;0,0;0,0338831460557909;-0,0338831460557909;spy
2024-11-21;126469,93770441928;48253,592718122934;0,0;0,5368302980789608;-0,5368302980789608;spy
2024-11-22;126469,93770441928;48403,1504000508;0,0;0,3099410292649374;-0,3099410292649374;spy
2024-11-25;126469,93770441928;48567,337915925826;0,0;0,3392083253218381;-0,3392083253218381;spy
2024-11-26;126469,93770441928;48820,93162623825;0,0;0,5221486727384983;-0,5221486727384983;spy
2024-11-27;126469,93770441928;48673,00113506478;0,0;-0,30300628489844383;0,30300628489844383;strategy
2024-11-29;126469,93770441928;48975,36095853442;0,0;0,6212064520751737;-0,6212064520751737;spy
2024-12-02;126227,1154240268;49063,144923164844;-0,19200000000000328;0,17924107737510298;-0,37124107737510625;spy
2024-12-03;128538,65234714877;49085,90078898908;1,8312522752001348;0,046380772899645706;1,784871502300489;strategy
2024-12-04;130170,0707461843;49390,701398590296;1,2692045305014554;0,6209534809425099;0,6482510495589455;strategy
2024-12-05;129720,60235451453;49309,42123602997;-0,34529319150957694;-0,164565718361398;-0,18072747314817894;spy
2024-12-06;131574,1146227646;49402,89540735331;1,4288495694651404;0,18956655539699163;1,2392830140681488;strategy
2024-12-09;125664,0499906652;49148,48810166371;-4,491814099638159;-0,5149643631043865;-3,9768497365337723;spy
2024-12-10;123258,16652111427;48995,680999174496;-1,914535994765132;-0,3109090602606779;-1,603626934504454;spy
2024-12-11;125672,07414424769;49374,449334836165;1,9584159745877017;0,7730647435394422;1,1853512310482595;strategy
2024-12-12;125423,60754119634;49120,04202914656;-0,1977102747314885;-0,5152610492206611;0,31755077448917257;strategy
2024-12-13;126060,30762898552;49110,28880651512;0,5076397500207941;-0,019855892276432474;0,5274956422972266;strategy
2024-12-16;127445,62361115293;49319,98805403861;1,09893114511872;0,42699656756175486;0,6719345775569652;strategy
2024-12-17;125349,54880714463;49116,78764763779;-1,644681664710268;-0,4120041679210762;-1,2326774967891918;spy
2024-12-18;119889,56750231981;47652,93608712217;-4,3558045136845465;-2,9803487374158943;-1,3754557762686521;spy
2024-12-19;120178,22011739334;47638,30129222758;0,24076541527930928;-0,030711213403167292;0,2714766286824766;strategy
2024-12-20;122312,29237860587;48048,770081915165;1,7757562552747963;0,8616360754965857;0,9141201797782106;strategy
2024-12-23;122305,83232249711;48336,500071437644;-0,005281608236695767;0,5988290418921238;-0,6041106501288196;spy
2024-12-24;123291,70401488;48873,76075533401;0,8060708746769674;1,1115010046286677;-0,3054301299517004;spy
2024-12-26;123455,10206112302;48877,01513684277;0,1325296357517214;0,0066587499272907635;0,12587088582443062;strategy
2024-12-27;121962,46180547812;48362,51031877063;-1,2090551388519333;-1,0526518786625139;-0,1564032601894194;spy
2024-12-30;121145,01009286568;47810,61483997968;-0,6702486162637689;-1,141163837760406;0,4709152214966372;strategy
2024-12-31;121145,01009286568;47636,679062420626;0,0;-0,36380159121820466;0,36380159121820466;strategy
2025-01-02;121145,01009286568;47519,635429895854;0,0;-0,24570065510108874;0,24570065510108874;strategy
2025-01-03;121145,01009286568;48113,793219773936;0,0;1,2503416419400448;-1,2503416419400448;spy
2025-01-06;121145,01009286568;48390,95639128778;0,0;0,5760576187535671;-0,5760576187535671;spy
2025-01-07;121145,01009286568;47843,942484759966;0,0;-1,1304052395755049;1,1304052395755049;strategy
2025-01-08;121145,01009286568;47913,84223393447;0,0;0,14609947580463967;-0,14609947580463967;spy
2025-01-10;121145,01009286568;47182,32077089154;0,0;-1,5267434815002812;1,5267434815002812;strategy
2025-01-13;121145,01009286568;47255,4749015748;0,0;0,15504563889190415;-0,15504563889190415;spy
2025-01-14;121145,01009286568;47320,49803943358;0,0;0,1375991628360662;-0,1375991628360662;spy
2025-01-15;121145,01009286568;48181,257143764284;0,0;1,8189984044829854;-1,8189984044829854;spy
2025-01-16;121145,01009286568;48088,59656781814;0,0;-0,1923166422778566;0,1923166422778566;strategy
2025-01-17;121145,01009286568;48571,400931864366;0,0;1,0039892999691435;-1,0039892999691435;spy
2025-01-21;121145,01009286568;49016,00103981458;0,0;0,915353684308795;-0,915353684308795;spy
2025-01-22;121145,01009286568;49291,54198152147;0,0;0,5621448830211095;-0,5621448830211095;spy
2025-01-23;121145,01009286568;49560,57912115824;0,0;0,5458079192118381;-0,5458079192118381;spy
2025-01-24;121145,01009286568;49415,8980505461;0,0;-0,29192772396473554;0,29192772396473554;strategy
2025-01-27;121145,01009286568;48716,890636906275;0,0;-1,414539533258774;1,414539533258774;strategy
2025-01-28;121145,01009286568;49135,48545847092;0,0;0,8592396109277312;-0,8592396109277312;spy
2025-01-29;121145,01009286568;48915,214431991364;0,0;-0,44829317228528565;0,44829317228528565;strategy
2025-01-30;121145,01009286568;49177,747769558046;0,0;0,5367110021191612;-0,5367110021191612;spy
2025-01-31;121145,01009286568;48916,02802736856;0,0;-0,5321913956203961;0,5321913956203961;strategy
2025-02-03;120912,4116734874;48586,84436118872;-0,19199999999998107;-0,6729566554252053;0,48095665542522426;strategy
2025-02-04;123696,22840115288;48912,77860680721;2,30234157861553;0,6708281838506247;1,6315133947649052;strategy
2025-02-05;125111,61731385291;49111,09744094488;1,1442458116910803;0,4054540342757651;0,7387917774153152;strategy
2025-02-06;126358,26261952924;49281,78875889002;0,9964264969487324;0,3475616038725038;0,6488648930762286;strategy
2025-02-07;125831,02564521992;48830,68484886969;-0,4172556375651171;-0,9153562023232142;0,49810056475809716;strategy
2025-02-10;126437,86942392736;49162,30434023368;0,4822688010335696;0,6791211149103082;-0,19685231387673863;spy
2025-02-11;124503,71442218631;49199,6950009525;-1,529727612900622;0,0760555495121995;-1,6057831624128216;spy
2025-02-12;125505,19678750451;49041,19769177038;0,8043795078452209;-0,32215099947073833;1,1265305073159593;strategy
2025-02-13;128289,35466459816;49558,95193040386;2,2183606323549876;1,0557536581541571;1,1626069742008305;strategy
2025-02-14;130447,77537437144;49556,516105219715;1,682462832100362;-0,004915005441541442;1,6873778375419035;strategy
2025-02-18;130821,57988970634;49702,005810261624;0,2865549176765292;0,29358340027980656;-0,007028482603277375;spy
2025-02-19;128353,28990702843;49819,04944278638;-1,886760567147161;0,23549076262951996;-2,122251329776681;spy
2025-02-20;124255,82129288281;49611,78602044704;-3,1923362596421034;-0,4160324708269769;-2,7763037888151265;spy
2025-02-21;119274,10998595151;48763,220924879344;-4,009237760530304;-1,7104102948802713;-2,298827465650033;spy
2025-02-24;117255,21337720452;48541,327668592836;-1,692652838897546;-0,45504224716480524;-1,2376105917327407;spy
2025-02-25;115193,64339348227;48299,92300609601;-1,7581904670543547;-0,4973177992678157;-1,260872667786539;spy
2025-02-26;115112,9444514222;48324,30606267462;-0,07005503054055007;0,05048259926943022;-0,12053762980998028;spy
2025-02-27;114514,65951529819;47552,95811372873;-0,5197373231787039;-1,596190430433675;1,076453107254971;strategy
2025-02-28;115214,63000856285;48295,046394780285;0,6112496829902669;1,5605512474676342;-0,9493015644773672;spy
2025-03-03;114408,84596459358;47448,92208534417;-0,6993764975067651;-1,7519898469909312;1,052613349484166;strategy
2025-03-04;114408,84596459358;46887,27338392177;0,0;-1,1836911709231068;1,1836911709231068;strategy
2025-03-05;114408,84596459358;47391,211383985275;0,0;1,0747863198125485;-1,0747863198125485;spy
2025-03-06;114408,84596459358;46549,963685864874;0,0;-1,7751133038238387;1,7751133038238387;strategy
2025-03-07;114408,84596459358;46810,86983267717;0,0;0,5604862520902865;-0,5604862520902865;spy
2025-03-10;114408,84596459358;45564,03491713233;0,0;-2,66355852818283;2,66355852818283;strategy
2025-03-11;114408,84596459358;45185,26658147066;0,0;-0,8312879584754462;0,8312879584754462;strategy
2025-03-12;114408,84596459358;45425,04405321311;0,0;0,5306541044969082;-0,5306541044969082;spy
2025-03-13;114408,84596459358;44819,5058499492;0,0;-1,333049237232553;1,333049237232553;strategy
2025-03-14;114408,84596459358;45745,28809213868;0,0;2,0655788693630495;-2,0655788693630495;spy
2025-03-17;114408,84596459358;46098,04618046736;0,0;0,7711353519474384;-0,7711353519474384;spy
2025-03-18;114408,84596459358;45599,79838709677;0,0;-1,0808436249554187;1,0808436249554187;strategy
2025-03-19;114408,84596459358;46096,41898971298;0,0;1,0890850841058564;-1,0890850841058564;spy
2025-03-20;114408,84596459358;45963,118332486665;0,0;-0,28917790177164227;0,28917790177164227;strategy
2025-03-21;114408,84596459358;45840,38449326899;0,0;-0,26702678945724756;0,26702678945724756;strategy
2025-03-24;114408,84596459358;46661,31711169673;0,0;1,7908502022889516;-1,7908502022889516;spy
2025-03-25;114408,84596459358;46773,48413290576;0,0;0,24038545877418382;-0,24038545877418382;spy
2025-03-26;114408,84596459358;46215,089812992126;0,0;-1,1938266525687302;1,1938266525687302;strategy
2025-03-27;114408,84596459358;46092,35597377444;0,0;-0,26557092004867444;0,26557092004867444;strategy
2025-03-28;114408,84596459358;45164,13294545339;0,0;-2,0138328985595644;2,0138328985595644;strategy
2025-03-31;114408,84596459358;45467,31132524765;0,0;0,6712813022679232;-0,6712813022679232;spy
2025-04-01;114408,84596459358;45595,73041021082;0,0;0,28244266313557365;-0,28244266313557365;spy
2025-04-02;114408,84596459358;45884,27895605792;0,0;0,6328411525621247;-0,6328411525621247;spy
2025-04-03;114408,84596459358;43623,06423831598;0,0;-4,928081620084823;4,928081620084823;strategy
2025-04-04;114408,84596459358;41069,24043926213;0,0;-5,854297133053565;5,854297133053565;strategy
2025-04-07;114408,84596459358;40996,08878905258;0,0;-0,17811785518103695;0,17811785518103695;strategy
2025-04-08;114408,84596459358;40353,97600092075;0,0;-1,5662781672560189;1,5662781672560189;strategy
2025-04-09;114408,84596459358;44591,922386969774;0,0;10,501930183911302;-10,501930183911302;spy
2025-04-10;114408,84596459358;42637,94906496063;0,0;-4,3818997195333225;4,3818997195333225;strategy
2025-04-11;114408,84596459358;43398,73019589789;0,0;1,7842817199724692;-1,7842817199724692;spy
2025-04-14;114408,84596459358;43819,76084264669;0,0;0,9701450822369839;-0,9701450822369839;spy
2025-04-15;114408,84596459358;43697,027003429;0,0;-0,2800878801196949;0,2800878801196949;strategy
2025-04-16;114408,84596459358;42725,72806864364;0,0;-2,222803246337879;2,222803246337879;strategy
2025-04-17;114408,84596459358;42786,68819056388;0,0;0,1426777837987947;-0,1426777837987947;spy
2025-04-21;114408,84596459358;41768,25033337567;0,0;-2,3802680232045126;2,3802680232045126;strategy
2025-04-22;114408,84596459358;42854,96570993142;0,0;2,601773758493775;-2,601773758493775;spy
2025-04-23;114408,84596459358;43519,023248984;0,0;1,5495463082325633;-1,5495463082325633;spy
2025-04-24;114408,84596459358;44435,05226854204;0,0;2,104893334386637;-2,104893334386637;spy
2025-04-25;114408,84596459358;44756,10990284481;0,0;0,722532365580375;-0,722532365580375;spy
2025-04-28;114408,84596459358;44773,175561976124;0,0;0,038130345037501456;-0,038130345037501456;spy
2025-04-29;114408,84596459358;45055,220305753115;0,0;0,6299413437552026;-0,6299413437552026;spy
2025-04-30;114408,84596459358;45073,099560261624;0,0;0,0396829809890642;-0,0396829809890642;spy
2025-05-01;114408,84596459358;45392,53000381;0,0;0,7086942026724996;-0,7086942026724996;spy
2025-05-02;114408,84596459358;46066,345726441454;0,0;1,4844198430334021;-1,4844198430334021;spy
2025-05-05;114408,84596459358;45802,1851981204;0,0;-0,5734349537724004;0,5734349537724004;strategy
2025-05-06;114408,84596459358;45419,35384652019;0,0;-0,8358364343191149;0,8358364343191149;strategy
2025-05-07;114408,84596459358;45610,36520510541;0,0;0,42055058561747405;-0,42055058561747405;spy
2025-05-08;114408,84596459358;45928,16845789941;0,0;0,6967785751437638;-0,6967785751437638;spy
2025-05-09;114408,84596459358;45869,64912211075;0,0;-0,12741491279432138;0,12741491279432138;strategy
2025-05-12;114408,84596459358;47385,52117729236;0,0;3,304738719814848;-3,304738719814848;spy
2025-05-13;114408,84596459358;47698,452779718056;0,0;0,660394978573442;-0,660394978573442;spy
2025-05-14;114408,84596459358;47759,4129016383;0,0;0,12780314322096142;-0,12780314322096142;spy
2025-05-15;114408,84596459358;47992,68657131064;0,0;0,4884349607746863;-0,4884349607746863;spy
2025-05-16;114408,84596459358;48296,67358553468;0,0;0,6334027868441172;-0,6334027868441172;spy
2025-05-19;114408,84596459358;48349,502714630435;0,0;0,10938461217664397;-0,10938461217664397;spy
2025-05-20;114408,84596459358;48186,94238950978;0,0;-0,33621922872738574;0,33621922872738574;strategy
2025-05-21;114408,84596459358;47374,954359283714;0,0;-1,6850789652983478;1,6850789652983478;strategy
2025-05-22;114408,84596459358;47393,652170116846;0,0;0,03946771260470161;-0,03946771260470161;spy
2025-05-23;114408,84596459358;47070,1537496825;0,0;-0,6825775301577686;0,6825775301577686;strategy
2025-05-27;114408,84596459358;48048,770081915165;0,0;2,079059136787431;-2,079059136787431;spy
2025-05-28;114408,84596459358;47770,78835407671;0,0;-0,5785407771406903;0,5785407771406903;strategy
2025-05-29;114408,84596459358;47959,35892653035;0,0;0,3947403401760141;-0,3947403401760141;spy
2025-05-30;114408,84596459358;47905,7162020574;0,0;-0,11185037847383228;0,11185037847383228;strategy
2025-06-02;114408,84596459358;48175,56693707138;0,0;0,5632954820585345;-0,5632954820585345;spy
2025-06-03;114408,84596459358;48450,29428340107;0,0;0,5702628195087822;-0,5702628195087822;spy
2025-06-04;114408,84596459358;48437,286679260855;0,0;-0,026847317096012624;0,026847317096012624;strategy
2025-06-05;114408,84596459358;48203,199414211325;0,0;-0,4832790626766448;0,4832790626766448;strategy
2025-06-06;114408,84596459358;48698,197787020574;0,0;1,0268994150278488;-1,0268994150278488;spy
2025-06-09;114408,84596459358;48742,08728886208;0,0;0,09012551559599569;-0,09012551559599569;spy
2025-06-10;114408,84596459358;49018,44182594615;0,0;0,5669731282665458;-0,5669731282665458;spy
2025-06-11;114408,84596459358;48878,63736664974;0,0;-0,2852078811334535;0,2852078811334535;strategy
2025-06-12;114408,84596459358;49072,898145796295;0,0;0,3974349319302073;-0,3974349319302073;spy
2025-06-13;114408,84596459358;48524,2570485141;0,0;-1,1180124223602594;1,1180124223602594;strategy
2025-06-16;114408,84596459358;48985,92777654305;0,0;0,9514225587573311;-0,9514225587573311;spy
2025-06-17;114408,84596459358;48567,337915925826;0,0;-0,854510427008115;0,854510427008115;strategy
2025-06-18;114408,84596459358;48560,02051847853;0,0;-0,015066498929716676;0,015066498929716676;strategy
2025-06-20;114408,84596459358;48303,177387604774;0,0;-0,5289189092826274;0,5289189092826274;strategy
2025-06-23;114408,84596459358;48780,29154495809;0,0;0,987749011881256;-0,987749011881256;spy
2025-06-24;114408,84596459358;49319,17941960884;0,0;1,104724587703787;-1,104724587703787;spy
2025-06-25;114408,84596459358;49346,8118967488;0,0;0,05602785258218557;-0,05602785258218557;spy
2025-06-26;114408,84596459358;49732,89266891034;0,0;0,7823824018649006;-0,7823824018649006;spy
2025-06-27;114408,84596459358;49979,98257715265;0,0;0,49683397643343064;-0,49683397643343064;spy
2025-06-30;114408,84596459358;50218,9464535179;0,0;0,47811916700124524;-0,47811916700124524;spy
2025-07-01;114408,84596459358;50202,694389763776;0,0;-0,03236241478934421;0,03236241478934421;strategy
2025-07-02;114408,84596459358;50430,27785274321;0,0;0,4533291803274997;-0,4533291803274997;spy
2025-07-03;114408,84596459358;50827,73903829057;0,0;0,7881399874653638;-0,7881399874653638;spy
2025-07-07;114408,84596459358;50448,9707026289;0,0;-0,7452000479036158;0,7452000479036158;strategy
2025-07-08;114408,84596459358;50421,33822548895;0,0;-0,054773123723039774;0,054773123723039774;strategy
2025-07-09;114408,84596459358;50723,69804895859;0,0;0,5996663994070506;-0,5996663994070506;spy
2025-07-10;114408,84596459358;50866,75192881635;0,0;0,2820257303000284;-0,2820257303000284;spy
2025-07-11;114408,84596459358;50687,93457899416;0,0;-0,35154072757079824;0,35154072757079824;strategy
2025-07-14;114408,84596459358;50784,65817087884;0,0;0,19082172648787754;-0,19082172648787754;spy
2025-07-15;114408,84596459358;50567,64152590805;0,0;-0,4273271747553764;0,4273271747553764;strategy
2025-07-16;114408,84596459358;50736,70069215138;0,0;0,33432282214844733;-0,33432282214844733;spy
2025-07-17;114408,84596459358;51047,19150844551;0,0;0,6119649327969823;-0,6119649327969823;spy
2025-07-18;114408,84596459358;51009,805808674115;0,0;-0,07323752525192351;0,07323752525192351;strategy
2025-07-21;114408,84596459358;51106,5294005588;0,0;0,1896176438065167;-0,1896176438065167;spy
2025-07-22;114408,84596459358;51113,84183705867;0,0;0,014308223598114012;-0,014308223598114012;spy
2025-07-23;114408,84596459358;51548,69368332487;0,0;0,8507516372031398;-0,8507516372031398;spy
2025-07-24;114408,84596459358;51565,759342456186;0,0;0,033105900289442936;-0,033105900289442936;spy
2025-07-25;114408,84596459358;51783,58958280416;0,0;0,4224319453948633;-0,4224319453948633;spy
2025-07-28;114408,84596459358;51770,58693961138;0,0;-0,02510958258695739;0,02510958258695739;strategy
2025-07-29;114408,84596459358;51634,03686182372;0,0;-0,2637599568784843;0,2637599568784843;strategy
2025-07-30;114408,84596459358;51569,01372396495;0,0;-0,12593076546150161;0,12593076546150161;strategy
2025-07-31;114408,84596459358;51375,56654019558;0,0;-0,375122907730685;0,375122907730685;strategy
2025-08-01;114408,84596459358;50533,50028575057;0,0;-1,639040328219421;1,639040328219421;strategy
2025-08-04;114408,84596459358;51301,598814135126;0,0;1,519978873502148;-1,519978873502148;spy
2025-08-05;114408,84596459358;51041,50130175261;0,0;-0,5069968936540326;0,5069968936540326;strategy
2025-08-06;114408,84596459358;51432,46364617729;0,0;0,7659695237280495;-0,7659695237280495;spy
2025-08-07;114408,84596459358;51389,38277876556;0,0;-0,08376201402308103;0,08376201402308103;strategy
2025-08-08;114408,84596459358;51790,09338487427;0,0;0,7797536853746401;-0,7797536853746401;spy
2025-08-11;114408,84596459358;51687,67958629667;0,0;-0,19774785462640665;0,19774785462640665;strategy
2025-08-12;114408,84596459358;52237,947874333244;0,0;1,064602420617189;-1,064602420617189;spy
2025-08-13;114408,84596459358;52416,765224155446;0,0;0,34231312120525104;-0,34231312120525104;spy
2025-08-14;114408,84596459358;52421,64183547117;0,0;0,00930353350663271;-0,00930353350663271;spy
2025-08-15;114408,84596459358;52298,90799625349;0,0;-0,2341281862229594;0,2341281862229594;strategy
2025-08-18;114408,84596459358;52287,52758286767;0,0;-0,021760326977837696;0,021760326977837696;strategy
2025-08-19;114408,84596459358;52003,860609283714;0,0;-0,542513648468812;0,542513648468812;strategy
2025-08-20;114408,84596459358;51865,68334074168;0,0;-0,2657057897685555;0,2657057897685555;strategy
2025-08-21;114408,84596459358;51657,606323025146;0,0;-0,4011843753210176;0,4011843753210176;strategy
2025-08-22;114408,84596459358;52450,90150336551;0,0;1,5356793254796441;-1,5356793254796441;spy
2025-08-25;114408,84596459358;52220,06365887732;0,0;-0,44010272058598865;0,44010272058598865;strategy
2025-08-26;114408,84596459358;52438,70749460249;0,0;0,41869699193290977;-0,41869699193290977;spy
2025-08-27;114408,84596459358;52558,19191325883;0,0;0,22785538462908317;-0,22785538462908317;spy
2025-08-28;114408,84596459358;52744,321699580905;0,0;0,3541403909580021;-0,3541403909580021;spy
2025-08-29;114408,84596459358;52429,76786734824;0,0;-0,5963747794962448;0,5963747794962448;strategy
2025-09-02;114408,84596459358;52041,25127000254;0,0;-0,7410229210411123;0,7410229210411123;strategy
2025-09-03;114408,84596459358;52323,29105283211;0,0;0,5419542688669843;-0,5419542688669843;spy
2025-09-04;114408,84596459358;52760,57872428245;0,0;0,8357419089116691;-0,8357419089116691;spy
2025-09-05;114408,84596459358;52607,77162179324;0,0;-0,2896236284437914;0,2896236284437914;strategy
2025-09-08;114408,84596459358;52737,00926308103;0,0;0,24566264128598192;-0,24566264128598192;spy
2025-09-09;114408,84596459358;52858,929506921515;0,0;0,2311853583358836;-0,2311853583358836;spy
2025-09-10;114408,84596459358;53011,73660941072;0,0;0,28908474672986184;-0,28908474672986184;spy
2025-09-11;114408,84596459358;53452,2737014224;0,0;0,8310180352278262;-0,8310180352278262;spy
2025-09-12;114408,84596459358;53434,38948596647;0,0;-0,03345828758534175;0,03345828758534175;strategy
2025-09-15;114408,84596459358;53718,87005492761;0,0;0,5323922883704979;-0,5323922883704979;spy
2025-09-16;114408,84596459358;53644,90728981458;0,0;-0,13768488621856978;0,13768488621856978;strategy
2025-09-17;114408,84596459358;53578,25696120142;0,0;-0,12424353397254562;0,12424353397254562;strategy
2025-09-18;114408,84596459358;53828,6012509525;0,0;0,4672497836806677;-0,4672497836806677;spy
2025-09-19;114408,84596459358;53945,64488347727;0,0;0,21743762573189773;-0,21743762573189773;spy
2025-09-22;114408,84596459358;54200,86578454407;0,0;0,4731075170536503;-0,4731075170536503;spy
2025-09-23;114408,84596459358;53905,8183975743;0,0;-0,5443591771072787;0,5443591771072787;strategy
2025-09-24;114408,84596459358;53734,31348425197;0,0;-0,31815658943793457;0,31815658943793457;strategy
2025-09-25;114408,84596459358;53486,40998063246;0,0;-0,4613504621998499;0,4613504621998499;strategy
2025-09-26;114408,84596459358;53792,83778098806;0,0;0,57290777314567;-0,57290777314567;spy
2025-09-29;114408,84596459358;53944,01769272289;0,0;0,28104096748036156;-0,28104096748036156;spy
2025-09-30;114408,84596459358;54147,218099123704;0,0;0,3766875644270584;-0,3766875644270584;spy
2025-10-01;114408,84596459358;54331,72565563881;0,0;0,34075168215907947;-0,34075168215907947;spy
2025-10-02;114408,84596459358;54394,30800736601;0,0;0,11518565068935338;-0,11518565068935338;spy
2025-10-03;114408,84596459358;54393,49937293625;0,0;-0,0014866158967508092;0,0014866158967508092;strategy
2025-10-06;114408,84596459358;54588,56878651257;0,0;0,3586263355458641;-0,3586263355458641;spy
2025-10-07;114408,84596459358;54386,18197548895;0,0;-0,3707494362329311;0,3707494362329311;strategy
2025-10-08;114408,84596459358;54710,489030353056;0,0;0,5963041402874403;-0,5963041402874403;spy
2025-10-09;114408,84596459358;54551,99172117094;0,0;-0,28970186885769467;0,28970186885769467;strategy
2025-10-10;114408,84596459358;53077,57334264669;0,0;-2,702776437678711;2,702776437678711;strategy
2025-10-13;114408,84596459358;53891,997198056895;0,0;1,5344029580113272;-1,5344029580113272;spy
2025-10-14;114408,84596459358;53826,16046482093;0,0;-0,12216421112397624;0,12216421112397624;strategy
2025-10-15;114408,84596459358;54065,12434118619;0,0;0,44395489907074204;-0,44395489907074204;spy
2025-10-16;114408,84596459358;53696,92778448057;0,0;-0,6810241559458086;0,6810241559458086;strategy
2025-10-17;114408,84596459358;54001,72839408179;0,0;0,5676313751590722;-0,5676313751590722;spy
2025-10-20;114408,84596459358;54563,37213455677;0,0;1,0400477117627371;-1,0400477117627371;spy
2025-10-21;114408,84596459358;54562,55853917958;0,0;-0,0014911017141350236;0,0014911017141350236;strategy
2025-10-22;114408,84596459358;54278,89156559563;0,0;-0,5198930936866963;0,5198930936866963;strategy
2025-10-23;114408,84596459358;54600,762795275594;0,0;0,592995214891201;-0,592995214891201;spy
2025-10-24;114408,84596459358;55046,99009398019;0,0;0,8172546972973871;-0,8172546972973871;spy
2025-10-27;114408,84596459358;55696,4177990856;0,0;1,1797696913067535;-1,1797696913067535;spy
2025-10-28;114408,84596459358;55844,348290259084;0,0;0,2656014462314671;-0,2656014462314671;spy
2025-10-29;114408,84596459358;55871,17213296927;0,0;0,04803322723145875;-0,04803322723145875;spy
2025-10-30;114408,84596459358;55256,694302451106;0,0;-1,099811955002039;1,099811955002039;strategy
2025-10-31;114408,84596459358;55437,947477457456;0,0;0,32802030105936186;-0,32802030105936186;spy
2025-11-03;114189,18098034155;55541,98846678944;-0,19200000000000328;0,18767107020742912;-0,3796710702074324;spy
2025-11-04;110483,38303415994;54883,61617348235;-3,245314411020772;-1,1853596017736279;-2,0599548092471442;spy
2025-11-05;114081,5517522334;55073,81393669038;3,25675103283265;0,34654743340314376;2,910203599429506;strategy
2025-11-06;112842,22083941345;54482,90556737364;-1,0863552377965324;-1,0729388925125427;-0,013416345283989717;spy
2025-11-07;112461,56484000405;54536,54829184658;-0,3373347285951733;0,09845789961882012;-0,43579262821399345;spy
2025-11-10;114937,72566601427;55387,55417354585;2,2017840757711182;1,560432239211762;0,6413518365593562;strategy
2025-11-11;113116,6712826241;55514,351028702054;-1,5843835197172695;0,22892661907205625;-1,8133101387893258;spy
2025-11-12;112949,38908820425;55545,23788735078;-0,14788465088572122;0,05563761095352948;-0,2035222618392507;spy
2025-11-13;109230,92644285009;54623,51866109982;-3,292149409015699;-1,6594027882646967;-1,6327466207510022;spy
2025-11-14;109043,52554661606;54614,57903384557;-0,1715639538515501;-0,016365894166792128;-0,15519805968475797;spy
2025-11-17;109488,07864687672;54105,764422466345;0,40768408581086657;-0,9316461288915279;1,3393302147023944;strategy
2025-11-18;108947,52850422793;53651,411091884685;-0,4937068485713292;-0,8397503213040225;0,3460434727326933;strategy
2025-11-19;110404,80972821316;53858,674514224025;1,3375991580466984;0,3863149507556729;0,9512842072910255;strategy
2025-11-20;107824,86911599644;53037,74685674371;-2,336800922503146;-1,5242255122032589;-0,8125754102998872;spy
2025-11-21;108797,33912341535;53566,06791338582;0,9018976933537814;0,9961227389035265;-0,09422504554974509;spy
2025-11-24;111772,25862038453;54354,48152146304;2,7343678815476835;1,4718526835907575;1,262515197956926;strategy
2025-11-25;111838,60071166544;54865,73691897384;0,05935470223092931;0,9405947461920139;-0,8812400439610846;spy
2025-11-26;112885,03595219635;55244,500293688085;0,9356655339678;0,6903459171132775;0,24531961685452242;strategy
2025-11-28;113620,37766951368;55546,05148272796;0,6514076122797308;0,5458483422545068;0,10555927002522392;strategy
2025-12-01;112505,5202028894;55292,45777241554;-0,9812126041924052;-0,45654678153185246;-0,5246658226605527;spy
2025-12-02;113100,12487820286;55394,87157099314;0,5285115559140241;0,18522200441719594;0,34328955149682816;strategy
2025-12-03;113042,79532471177;55586,69156400812;-0,050689204413190136;0,3462775299860388;-0,3969667343992289;spy
2025-12-04;113923,74239403108;55627,331645288294;0,779304038606643;0,07311117128345757;0,7061928673231854;strategy
2025-12-05;116451,89779072585;55732,99486442723;2,219164630275716;0,18994838690575833;2,029216243369958;strategy
2025-12-08;117639,74835074214;55565,557927990856;1,0200353816053331;-0,30042694967975514;1,3204623312850883;strategy
2025-12-09;119396,24781107035;55517,600449263395;1,49311732212416;-0,08630792259768372;1,5794252447218438;strategy
2025-12-10;122968,4197424808;55885,801966916435;2,9918628071653908;0,6632158354710205;2,3286469716943703;strategy
2025-12-11;123423,1563529978;56015,84824263399;0,36979950744209233;0,23270002601831763;0,1370994814237747;strategy
2025-12-12;117008,46403407112;55413,56442087884;-5,197316701721899;-1,0752025375860397;-4,122114164135859;spy
2025-12-15;115972,72206096773;55329,84347218695;-0,8851855134187514;-0,15108385386656265;-0,7341016595521888;spy
2025-12-16;115278,93038248147;55178,663560452114;-0,5982369527564702;-0,2732339407589879;-0,32500301199748227;spy
2025-12-17;112499,64879751703;54571,50312738126;-2,4109189560860056;-1,100353640145113;-1,3105653159408925;spy
2025-12-18;114640,53988979911;54983,58918592837;1,9030202450990519;0,7551304892321253;1,1478897558669265;strategy
2025-12-19;117355,79234845436;55318,46801974854;2,368492386083787;0,609052335029947;1,75944005105384;strategy
2025-12-22;119491,00826634368;55663,095115252734;1,819438031272802;0,6229874178387496;1,1964506134340525;strategy
2025-12-23;118829,03035222218;55917,502420942335;-0,5539980988744864;0,45704843606493295;-1,0110465349394193;spy
2025-12-24;119293,81563890137;56114,199025273054;0,3911378265913035;0,3517621421107231;0,039375684480580375;strategy
2025-12-26;118962,70157508715;56108,508818580136;-0,27756180154090426;-0,010140404374936463;-0,2674213971659678;spy
2025-12-29;118184,55221051232;55908,55783274066;-0,6541120487951191;-0,3563648189011559;-0,2977472298939632;spy
2025-12-30;117681,75285170095;55840,285274320544;-0,42543576923300686;-0,12211468345215692;-0,30332108578084993;spy
2025-12-31;116483,72883303025;55426,56706407163;-1,0180202024866247;-0,7408955885817692;-0,27712461390485554;spy
2026-01-02;118734,10181569179;55528,16726727204;1,9319204537890933;0,18330596423725698;1,7486144895518363;strategy
2026-01-05;119180,32136219453;55897,99101473203;0,37581414242338074;0,6660110816910869;-0,2901969392677062;spy
2026-01-06;122847,27654428473;56230,429062420626;3,076812631630821;0,5947227112347964;2,4820899203960245;strategy
2026-01-07;120737,70140676746;56049,175887414276;-1,7172339484113786;-0,3223400177244651;-1,3948939306869135;spy
2026-01-08;118992,96803164983;56043,48568072136;-1,4450609501332146;-0,010152168346500012;-1,4349087817867145;spy
2026-01-09;120067,98065591854;56414,123023558546;0,9034253385315827;0,6613388484590477;0,24208649007253502;strategy
2026-01-12;122142,31879893338;56502,71562261874;1,7276364037130953;0,15703975230316747;1,5705966514099279;strategy
2026-01-13;124137,26349684442;56389,739966979934;1,6332952555084823;-0,1999473023444942;1,8332425578529765;strategy
2026-01-14;123548,4695301482;56112,57183451867;-0,47430880149149646;-0,49152227448391317;0,017213472992416712;strategy
2026-01-15;124184,31609663938;56265,378937007874;0,5146535354984882;0,27232240029890775;0,2423311351995805;strategy
2026-01-16;122838,47563537504;56218,235053657605;-1,0837443113323686;-0,08378844014016451;-0,9999558711922041;spy
2026-01-20;123040,11812956157;55073,81393669038;0,164152553296959;-2,0356759970762695;2,1998285503732284;strategy
2026-01-21;125976,50583686912;55709,42540322581;2,3865286801947994;1,1541083159159804;1,232420364278819;strategy
2026-01-22;127485,21636987643;56000,40481330962;1,197612620690558;0,5223163010167342;0,6752963196738238;strategy
2026-01-23;126373,585230678;56020,72485394971;-0,8719686649573788;0,036285524556167736;-0,9082541895135465;spy
2026-01-26;126269,14187268616;56305,20542291085;-0,08264651018738967;0,507813081145958;-0,5904595913333477;spy
2026-01-27;130376,77316219793;56529,53946532893;3,2530761107518957;0,39842504921721034;2,8546510615346854;strategy
2026-01-28;130807,95669460803;56523,849258636015;0,3307211261270204;-0,01006589961060067;0,3407870257376211;strategy
2026-01-29;129902,02922697994;56411,682237426976;-0,6925629682780876;-0,1984419367757395;-0,4941210315023481;spy
2026-01-30;125992,72656957526;56243,43170561341;-3,0094238563232123;-0,2982547677011782;-2,711169088622034;spy
2026-02-02;129359,18916378214;56523,03566325883;2,671949949704322;0,49713175239538554;2,1748181973089364;strategy
2026-02-03;131618,03437310044;56045,11287147574;1,7461807111811556;-0,8455363130712823;2,591717024252438;strategy
2026-02-04;128213,99624753742;55773,63494570739;-2,586300685750653;-0,48439179057577775;-2,1019088951748754;spy
2026-02-05;126536,88589946236;55077,06335725172;-1,3080555923373094;-1,2489262877231289;-0,05912930461418053;spy
2026-02-06;131670,2020454794;56133,70547053594;4,056774520352624;1,9184793975496106;2,1382951228030134;strategy
2026-02-09;134128,00122156163;56404,3698009271;1,8666327976266661;0,4821779145387728;1,3844548830878933;strategy
2026-02-10;131972,68451466737;56255,62571437642;-1,6069103298825382;-0,26371021797717553;-1,3432001119053627;spy
2026-02-11;133285,29697139934;56242,62307118365;0,9946091962584003;-0,02311349847710087;1,0177226947355011;strategy
2026-02-12;130505,0820657283;55373,73793497587;-2,0859126766755165;-1,5448872914552214;-0,5410253852202951;spy
2026-02-13;131864,93005467104;55412,75082550166;1,0419885321077738;0,07045377823617915;0,9715347538715946;strategy
2026-02-17;132119,1170922275;55502,15701993903;0,19276318385113012;0,16134588719285414;0,03141729665827597;strategy
2026-02-18;133549,6464677698;55781,76097758446;1,0827572928327367;0,5037713354905771;0,5789859573421596;strategy
2026-02-19;134333,62729031505;55634,64408178817;0,5870332444005699;-0,2637365569283734;0,8507698013289433;strategy
2026-02-20;135907,25805995188;56036,981878651255;1,1714347340863407;0,7231785221302189;0,44825621195612175;strategy
2026-02-23;136262,77521362048;55464,77132016764;0,26158805551927955;-1,021130223827449;1,2827182793467284;strategy
2026-02-24;137712,20445891182;55867,9177514605;1,0637015450617682;0,7268513358970274;0,33685020916474073;strategy
2026-02-25;140832,20052585716;56339,346663068325;2,265591549568313;0,8438276037153747;1,4217639458529385;strategy
2026-02-26;137847,60801543458;56026,41506064262;-2,1192543319484614;-0,5554405951797126;-1,5638137367687488;spy
2026-02-27;138544,5862233449;55757,37792100584;0,505615017877048;-0,4801969559279695;0,9858119738050175;strategy
2026-03-02;141166,2869736959;55789,07837503175;1,8923155511285206;0,05685427688300049;1,83546127424552;strategy
2026-03-03;141166,2869736959;55297,334383731264;0,0;-0,8814341545397619;0,8814341545397619;strategy
2026-03-04;141166,2869736959;55687,478171831346;0,0;0,7055381465455701;-0,7055381465455701;spy
2026-03-05;141166,2869736959;55376,98735553721;0,0;-0,5575594846225052;0,5575594846225052;strategy
2026-03-06;141166,2869736959;54651,156099187196;0,0;-1,3107091790493297;1,3107091790493297;strategy
2026-03-09;141166,2869736959;55129,8974472949;0,0;0,875994914432976;-0,875994914432976;spy
2026-03-10;141166,2869736959;55041,29988728727;0,0;-0,1607069196751687;0,1607069196751687;strategy
2026-03-11;141166,2869736959;54972,21373348997;0,0;-0,12551693717041124;0,12551693717041124;strategy
2026-03-12;141166,2869736959;54137,46487649225;0,0;-1,51849234423167;1,51849234423167;strategy
2026-03-13;141166,2869736959;53831,03707613666;0,0;-0,5660180081477284;0,5660180081477284;strategy
2026-03-16;141166,2869736959;54378,86953898908;0,0;1,0176888512803295;-1,0176888512803295;spy
2026-03-17;141166,2869736959;54521,91845789941;0,0;0,26305975119207403;-0,26305975119207403;spy
2026-03-18;141166,2869736959;53761,13732696215;0,0;-1,3953675007322475;1,3953675007322475;strategy
2026-03-19;141166,2869736959;53628,65026511303;0,0;-0,2464364937880048;0,2464364937880048;strategy
2026-03-20;141166,2869736959;52715,87562706375;0,0;-1,7020279897722146;1,7020279897722146;strategy
2026-03-23;141166,2869736959;53269,39333566167;0,0;1,050001924493782;-1,050001924493782;spy
2026-03-24;141166,2869736959;53090,57598583947;0,0;-0,33568497522664664;0,33568497522664664;strategy
2026-03-25;141166,2869736959;53386,43696818644;0,0;0,557275894738618;-0,557275894738618;spy
2026-03-26;141166,2869736959;52433,022248857;0,0;-1,7858744158138706;1,7858744158138706;strategy
2026-03-27;141166,2869736959;51538,940460693426;0,0;-1,7051883523327982;1,7051883523327982;strategy
2026-03-30;141166,2869736959;51366,621951993904;0,0;-0,33434623831846144;0,33434623831846144;strategy
2026-03-31;141166,2869736959;52859,74310229871;0,0;2,906792569891481;-2,906792569891481;spy
2026-04-01;141166,2869736959;53258,01292227585;0,0;0,7534463782890022;-0,7534463782890022;spy
2026-04-02;141166,2869736959;53305,9704010033;0,0;0,09004744280911581;-0,09004744280911581;spy
2026-04-06;141166,2869736959;53557,93692056135;0,0;0,4726797348638234;-0,4726797348638234;spy
2026-04-07;141166,2869736959;53581,50638176277;0,0;0,04400741058487867;-0,04400741058487867;spy
2026-04-08;141166,2869736959;54946,20348615698;0,0;2,5469554638327674;-2,5469554638327674;spy
2026-04-09;141166,2869736959;55263,193143573786;0,0;0,576909117108837;-0,576909117108837;spy
2026-04-10;141166,2869736959;55226,62103917958;0,0;-0,06617805145494593;0,06617805145494593;strategy
2026-04-13;141166,2869736959;55766,31754826009;0,0;0,9772397784351794;-0,9772397784351794;spy
2026-04-14;141166,2869736959;56445,82347758446;0,0;1,2184880752370342;-1,2184880752370342;spy
2026-04-15;141166,2869736959;56891,23718091186;0,0;0,7890994867038925;-0,7890994867038925;spy
2026-04-16;141166,2869736959;57031,036679260855;0,0;0,2457311622604319;-0,2457311622604319;spy
2026-04-17;141166,2869736959;57720,29583121667;0,0;1,2085685130224233;-1,2085685130224233;spy
2026-04-20;141166,2869736959;57604,87442849886;0,0;-0,1999667552905815;0,1999667552905815;strategy
2026-04-21;141166,2869736959;57227,73824453899;0,0;-0,6546949154936255;0,6546949154936255;strategy
2026-04-22;141166,2869736959;57807,2662004699;0,0;1,012669683807066;-1,012669683807066;spy
2026-04-23;141166,2869736959;57582,932158051815;0,0;-0,38807239498251933;0,38807239498251933;strategy
2026-04-24;141166,2869736959;58029,15945675642;0,0;0,7749297960024215;-0,7749297960024215;spy
2026-04-27;141166,2869736959;58129,13246920244;0,0;0,17228064887020444;-0,17228064887020444;spy
2026-04-28;141166,2869736959;57846,27909099568;0,0;-0,48659487281462743;0,48659487281462743;strategy
2026-04-29;141166,2869736959;57837,339463741424;0,0;-0,015454109399493099;0,015454109399493099;strategy
2026-04-30;141166,2869736959;58412,79944278638;0,0;0,9949627427204177;-0,9949627427204177;spy
2026-05-01;141166,2869736959;58574,55113347727;0,0;0,27691138283709726;-0,27691138283709726;spy
2026-05-04;141166,2869736959;58359,970313690625;0,0;-0,3663379669741951;0,3663379669741951;strategy
2026-05-05;141166,2869736959;58828,14484378969;0,0;0,8022185884992483;-0,8022185884992483;spy
2026-05-06;141166,2869736959;59645,82308070866;0,0;1,389943944501737;-1,389943944501737;spy
2026-05-07;141166,2869736959;59462,94271494793;0,0;-0,3066105157326193;0,3066105157326193;strategy
2026-05-08;141166,2869736959;59953,87311087122;0,0;0,8256073001242203;-0,8256073001242203;spy
2026-05-11;141166,2869736959;60090,423188658875;0,0;0,22775855954315638;-0,22775855954315638;spy
2026-05-12;141166,2869736959;59999,38980346711;0,0;-0,15149399914519135;0,15149399914519135;strategy
2026-05-13;141166,2869736959;60335,07727171704;0,0;0,5594848036780009;-0,5594848036780009;spy
2026-05-14;141166,2869736959;60811,37783369317;0,0;0,7894256268722977;-0,7894256268722977;spy
2026-05-15;141166,2869736959;60079,85637065025;0,0;-1,2029351892724582;1,2029351892724582;strategy
2026-05-18;141166,2869736959;60037,59405956312;0,0;-0,07034356211905735;0,07034356211905735;strategy
2026-05-19;141166,2869736959;59637,69208788418;0,0;-0,6660859382243034;0,6660859382243034;strategy
2026-05-20;141166,2869736959;60248,920497841;0,0;1,0249028568310337;-1,0249028568310337;spy
2026-05-21;141166,2869736959;60368,39995554991;0,0;0,19830970699830086;-0,19830970699830086;spy
2026-05-22;141166,2869736959;60605,7416021082;0,0;0,393155436839554;-0,393155436839554;spy
