date;strategy_equity;spy_equity;strategy_daily_return_pct;spy_daily_return_pct;excess_daily_return_pct;winner
1999-01-04;10000,0;10000,0;0,0;0,0;0,0;tie
1999-01-05;10000,0;10114,300228600458;0,0;1,1430022860045685;-1,1430022860045685;spy
1999-01-06;10000,0;10358,140716281432;0,0;2,4108488196885824;-2,4108488196885824;spy
1999-01-07;10000,0;10307,340614681229;0,0;-0,49043648847474364;0,49043648847474364;strategy
1999-01-08;10000,0;10383,540767081533;0,0;0,7392804337111869;-0,7392804337111869;spy
1999-01-11;10000,0;10284,480568961138;0,0;-0,9540117416829585;0,9540117416829585;strategy
1999-01-12;10000,0;10099,060198120394;0,0;-1,8029142998271408;1,8029142998271408;strategy
1999-01-13;10000,0;10027,940055880112;0,0;-0,704225352112664;0,704225352112664;strategy
1999-01-14;10000,0;9852,679705359411;0,0;-1,747720364741634;1,747720364741634;strategy
1999-01-15;10000,0;10109,220218440438;0,0;2,6037638566640986;-2,6037638566640986;spy
1999-01-19;10000,0;10175,2603505207;0,0;0,6532663316582754;-0,6532663316582754;spy
1999-01-20;10000,0;10256,540513081027;0,0;0,7988017973040495;-0,7988017973040495;spy
1999-01-21;10000,0;9984,759969519939;0,0;-2,6498266468548914;2,6498266468548914;strategy
1999-01-22;10000,0;9961,899923799847;0,0;-0,22894937674892146;0,22894937674892146;strategy
1999-01-25;10000,0;10063,500127000254;0,0;1,0198878123406585;-1,0198878123406585;spy
1999-01-26;10000,0;10246,380492760985;0,0;1,8172640080767355;-1,8172640080767355;spy
1999-01-27;10000,0;10127,000254000508;0,0;-1,1650966782350003;1,1650966782350003;strategy
1999-01-28;10000,0;10297,180594361189;0,0;1,680461499874597;-1,680461499874597;spy
1999-01-29;10000,0;10375,920751841502;0,0;0,764676862358149;-0,764676862358149;spy
1999-02-01;10000,0;10314,96062992126;0,0;-0,5875152998775945;0,5875152998775945;strategy
1999-02-02;10000,0;10251,460502921005;0,0;-0,615611918246739;0,615611918246739;strategy
1999-02-03;10000,0;10355,600711201423;0,0;1,015857284440047;-1,015857284440047;spy
1999-02-04;10000,0;10200,660401320802;0,0;-1,496198184939923;1,496198184939923;strategy
1999-02-05;10000,0;10083,820167640337;0,0;-1,1454183266932039;1,1454183266932039;strategy
1999-02-08;10000,0;10104,140208280416;0,0;0,201511335012583;-0,201511335012583;spy
1999-02-09;10000,0;9878,079756159512;0,0;-2,2373051784816522;2,2373051784816522;strategy
1999-02-10;10000,0;9941,579883159768;0,0;0,642838776034993;-0,642838776034993;spy
1999-02-11;10000,0;10170,180340360681;0,0;2,2994379151762834;-2,2994379151762834;spy
1999-02-12;10000,0;10048,260096520195;0,0;-1,1988011988011804;1,1988011988011804;strategy
1999-02-16;10000,0;9987,29997459995;0,0;-0,6066734074823166;0,6066734074823166;strategy
1999-02-17;10000,0;9977,139954279908;0,0;-0,10172939979654627;0,10172939979654627;strategy
1999-02-18;10000,0;10055,880111760223;0,0;0,7892057026476662;-0,7892057026476662;spy
1999-02-19;10000,0;10099,060198120394;0,0;0,429401363980797;-0,429401363980797;spy
1999-02-22;10000,0;10368,300736601472;0,0;2,665995975855129;-2,665995975855129;spy
1999-02-23;10000,0;10363,220726441454;0,0;-0,04899559039683865;0,04899559039683865;strategy
1999-02-24;10000,0;10180,340360680722;0,0;-1,764705882352935;1,764705882352935;strategy
1999-02-25;10000,0;10083,820167640337;0,0;-0,948103792415167;0,948103792415167;strategy
1999-02-26;10000,0;10043,180086360173;0,0;-0,4030226700251993;0,4030226700251993;strategy
1999-03-01;10000,0;10071,120142240285;0,0;0,2781992918563514;-0,2781992918563514;spy
1999-03-02;10000,0;9982,21996443993;0,0;-0,8827238335434973;0,8827238335434973;strategy
1999-03-03;10000,0;10035,560071120142;0,0;0,5343511450381699;-0,5343511450381699;spy
1999-03-04;10000,0;10162,56032512065;0,0;1,265502404454577;-1,265502404454577;spy
1999-03-05;10000,0;10367,030734061469;0,0;2,01199700074981;-2,01199700074981;spy
1999-03-08;10000,0;10434,340868681737;0,0;0,6492711013107666;-0,6492711013107666;spy
1999-03-09;10000,0;10408,940817881636;0,0;-0,24342745861732906;0,24342745861732906;strategy
1999-03-10;10000,0;10500,381000762003;0,0;0,8784773060029449;-0,8784773060029449;spy
1999-03-11;10000,0;10617,221234442468;0,0;1,1127237542331692;-1,1127237542331692;spy
1999-03-12;10000,0;10515,621031242063;0,0;-0,9569377990430561;0,9569377990430561;strategy
1999-03-15;10000,0;10665,481330962662;0,0;1,425120772946853;-1,425120772946853;spy
1999-03-16;10000,0;10624,8412496825;0,0;-0,3810431055013108;0,3810431055013108;strategy
1999-03-17;10000,0;10579,121158242317;0,0;-0,4303131723643383;0,4303131723643383;strategy
1999-03-18;10000,0;10749,301498602998;0,0;1,6086434573829633;-1,6086434573829633;spy
1999-03-19;10000,0;10541,021082042163;0,0;-1,937618147448028;1,937618147448028;strategy
1999-03-22;10000,0;10561,341122682246;0,0;0,1927710843373731;-0,1927710843373731;spy
1999-03-23;10000,0;10256,540513081027;0,0;-2,886002886002892;2,886002886002892;strategy
1999-03-24;10000,0;10314,96062992126;0,0;0,5695889053987102;-0,5695889053987102;spy
1999-03-25;10000,0;10525,781051562104;0,0;2,043831568579191;-2,043831568579191;spy
1999-03-26;10000,0;10449,5808991618;0,0;-0,7239382239382253;0,7239382239382253;strategy
1999-03-29;10000,0;10660,40132080264;0,0;2,0175012153621497;-2,0175012153621497;spy
1999-03-30;10000,0;10604,52120904242;0,0;-0,5241839409101501;0,5241839409101501;strategy
1999-03-31;10000,0;10434,340868681737;0,0;-1,6047904191616946;1,6047904191616946;strategy
1999-04-01;10000,0;10513,081026162052;0,0;0,7546251217137367;-0,7546251217137367;spy
1999-04-05;10000,0;10762,001524003048;0,0;2,367721671901424;-2,367721671901424;spy
1999-04-06;10000,0;10736,601473202947;0,0;-0,23601604909133655;0,23601604909133655;strategy
1999-04-07;10000,0;10822,961645923293;0,0;0,8043529690087592;-0,8043529690087592;spy
1999-04-08;10000,0;10960,121920243842;0,0;1,267308143628254;-1,267308143628254;spy
1999-04-09;10000,0;10962,661925323851;0,0;0,02317497103128119;-0,02317497103128119;spy
1999-04-12;10000,0;11079,502159004318;0,0;1,065801668211308;-1,065801668211308;spy
1999-04-13;10000,0;11008,382016764033;0,0;-0,6419073819348919;0,6419073819348919;strategy
1999-04-14;10000,0;10822,961645923293;0,0;-1,684356252884156;1,684356252884156;strategy
1999-04-15;10000,0;10782,321564643129;0,0;-0,3754987092231987;0,3754987092231987;strategy
1999-04-16;10000,0;10690,881381762765;0,0;-0,8480565371024595;0,8480565371024595;strategy
1999-04-19;10000,0;10525,781051562104;0,0;-1,5443098123069654;1,5443098123069654;strategy
1999-04-20;10000,0;10657,861315722632;0,0;1,2548262548262468;-1,2548262548262468;spy
1999-04-21;10000,0;10962,661925323851;0,0;2,8598665395614953;-2,8598665395614953;spy
1999-04-22;10000,0;11066,802133604268;0,0;0,9499536607970205;-0,9499536607970205;spy
1999-04-23;10000,0;11038,862077724156;0,0;-0,2524672940096395;0,2524672940096395;strategy
1999-04-26;10000,0;11102,36220472441;0,0;0,5752416014726203;-0,5752416014726203;spy
1999-04-27;10000,0;11155,702311404622;0,0;0,48043925875085325;-0,48043925875085325;spy
1999-04-28;10000,0;11003,302006604012;0,0;-1,3661202185792476;1,3661202185792476;strategy
1999-04-29;10000,0;10919,481838963678;0,0;-0,7617728531855716;0,7617728531855716;strategy
1999-04-30;10000,0;10830,581661163324;0,0;-0,8141428239125337;0,8141428239125337;strategy
1999-05-03;10000,0;11028,702057404114;0,0;1,8292682926829062;-1,8292682926829062;spy
1999-05-04;10000,0;10871,221742443484;0,0;-1,4279134039613117;1,4279134039613117;strategy
1999-05-05;10000,0;10957,58191516383;0,0;0,7943925233644844;-0,7943925233644844;spy
1999-05-06;10000,0;10890,27178054356;0,0;-0,6142790913305496;0,6142790913305496;strategy
1999-05-07;10000,0;10972,821945643891;0,0;0,7580174927113825;-0,7580174927113825;spy
1999-05-10;10000,0;10918,211836423672;0,0;-0,49768518518519267;0,49768518518519267;strategy
1999-05-11;10000,0;11028,702057404114;0,0;1,011980923577993;-1,011980923577993;spy
1999-05-12;10000,0;11115,06223012446;0,0;0,7830492860432914;-0,7830492860432914;spy
1999-05-13;10000,0;11163,322326644653;0,0;0,43418647166362234;-0,43418647166362234;spy
1999-05-14;10000,0;10873,761747523497;0,0;-2,5938566552900832;2,5938566552900832;strategy
1999-05-17;10000,0;10906,781813563626;0,0;0,303667367437499;-0,303667367437499;spy
1999-05-18;10000,0;10886,461772923545;0,0;-0,18630647414997759;0,18630647414997759;strategy
1999-05-19;10000,0;10965,20193040386;0,0;0,7232851143257113;-0,7232851143257113;spy
1999-05-20;10000,0;10899,161798323596;0,0;-0,6022700949733673;0,6022700949733673;strategy
1999-05-21;10000,0;10838,201676403352;0,0;-0,5593101841062653;0,5593101841062653;strategy
1999-05-24;10000,0;10657,861315722632;0,0;-1,6639325052730136;1,6639325052730136;strategy
1999-05-25;10000,0;10485,14097028194;0,0;-1,620591039084851;1,620591039084851;strategy
1999-05-26;10000,0;10601,981203962407;0,0;1,1143410852713087;-1,1143410852713087;spy
1999-05-27;10000,0;10449,5808991618;0,0;-1,4374700527072126;1,4374700527072126;strategy
1999-05-28;10000,0;10582,931165862332;0,0;1,276130286825472;-1,276130286825472;spy
1999-06-01;10000,0;10546,101092202185;0,0;-0,34801392055682223;0,34801392055682223;strategy
1999-06-02;10000,0;10556,261112522225;0,0;0,09633911368014392;-0,09633911368014392;spy
1999-06-03;10000,0;10614,681229362459;0,0;0,553416746871993;-0,553416746871993;spy
1999-06-04;10000,0;10828,041656083311;0,0;2,010050251256268;-2,010050251256268;spy
1999-06-07;10000,0;10855,981711963424;0,0;0,25803424818204856;-0,25803424818204856;spy
1999-06-08;10000,0;10749,301498602998;0,0;-0,9826860084230282;0,9826860084230282;strategy
1999-06-09;10000,0;10739,141478282956;0,0;-0,0945179584121103;0,0945179584121103;strategy
1999-06-10;10000,0;10640,081280162562;0,0;-0,922421948912;0,922421948912;strategy
1999-06-11;10000,0;10551,181102362203;0,0;-0,8355216042015057;0,8355216042015057;strategy
1999-06-14;10000,0;10561,341122682246;0,0;0,09629272989892801;-0,09629272989892801;spy
1999-06-15;10000,0;10632,461264922531;0,0;0,6734006734006703;-0,6734006734006703;spy
1999-06-16;10000,0;10835,661671323342;0,0;1,9111323459149343;-1,9111323459149343;spy
1999-06-17;10000,0;10937,261874523749;0,0;0,9376465072667761;-0,9376465072667761;spy
1999-06-18;10000,0;10916,94183388367;0,0;-0,18578727357174696;0,18578727357174696;strategy
1999-06-21;10000,0;10942,341884683769;0,0;0,2326663564448328;-0,2326663564448328;spy
1999-06-22;10000,0;10866,141732283466;0,0;-0,6963788300835438;0,6963788300835438;strategy
1999-06-23;10000,0;10812,801625603252;0,0;-0,4908835904628428;0,4908835904628428;strategy
1999-06-24;10000,0;10731,521463042925;0,0;-0,7517030772844824;0,7517030772844824;strategy
1999-06-25;10000,0;10704,85140970282;0,0;-0,24852071005916354;0,24852071005916354;strategy
1999-06-28;10000,0;10835,661671323342;0,0;1,221971764147578;-1,221971764147578;spy
1999-06-29;10000,0;10937,261874523749;0,0;0,9376465072667761;-0,9376465072667761;spy
1999-06-30;10000,0;11135,382270764543;0,0;1,8114259173246827;-1,8114259173246827;spy
1999-07-01;10000,0;11219,202438404876;0,0;0,7527372262773557;-0,7527372262773557;spy
1999-07-02;10000,0;11330,962661925323;0,0;0,9961512338691358;-0,9961512338691358;spy
1999-07-06;10000,0;11328,422656845314;0,0;-0,022416498542920937;0,022416498542920937;strategy
1999-07-07;10000,0;11343,662687325375;0,0;0,1345291479820654;-0,1345291479820654;spy
1999-07-08;10000,0;11352,55270510541;0,0;0,07836990595611049;-0,07836990595611049;spy
1999-07-09;10000,0;11419,862839725678;0,0;0,5929074840586024;-0,5929074840586024;spy
1999-07-12;10000,0;11369,062738125478;0,0;-0,4448398576512136;0,4448398576512136;strategy
1999-07-13;10000,0;11328,422656845314;0,0;-0,3574620196604261;0,3574620196604261;strategy
1999-07-14;10000,0;11391,922783845568;0,0;0,5605381165919354;-0,5605381165919354;spy
1999-07-15;10000,0;11464,312928625857;0,0;0,6354515050167153;-0,6354515050167153;spy
1999-07-16;10000,0;11526,543053086107;0,0;0,5428159964550927;-0,5428159964550927;spy
1999-07-19;10000,0;11450,342900685802;0,0;-0,6610841780520071;0,6610841780520071;strategy
1999-07-20;10000,0;11215,392430784861;0,0;-2,0519077196095914;2,0519077196095914;strategy
1999-07-21;10000,0;11202,69240538481;0,0;-0,11323745895142068;0,11323745895142068;strategy
1999-07-22;10000,0;11055,372110744222;0,0;-1,3150436458451376;1,3150436458451376;strategy
1999-07-23;10000,0;11033,782067564136;0,0;-0,1952900631820742;0,1952900631820742;strategy
1999-07-26;10000,0;10952,50190500381;0,0;-0,7366482504604144;0,7366482504604144;strategy
1999-07-27;10000,0;11043,942087884176;0,0;0,8348794063079756;-0,8348794063079756;spy
1999-07-28;10000,0;11079,502159004318;0,0;0,3219871205151881;-0,3219871205151881;spy
1999-07-29;10000,0;10924,561849123696;0,0;-1,3984410820724547;1,3984410820724547;strategy
1999-07-30;10000,0;10789,94157988316;0,0;-1,232271564752363;1,232271564752363;strategy
1999-08-02;10000,0;10815,341630683262;0,0;0,23540489642186468;-0,23540489642186468;spy
1999-08-03;10000,0;10764,541529083059;0,0;-0,4697040864255597;0,4697040864255597;strategy
1999-08-04;10000,0;10617,221234442468;0,0;-1,3685700802265388;1,3685700802265388;strategy
1999-08-05;10000,0;10713,741427482855;0,0;0,909090909090926;-0,909090909090926;spy
1999-08-06;10000,0;10596,901193802389;0,0;-1,0905642484589806;1,0905642484589806;strategy
1999-08-09;10000,0;10574,041148082297;0,0;-0,2157238734419975;0,2157238734419975;strategy
1999-08-10;10000,0;10457,20091440183;0,0;-1,104972375690605;1,104972375690605;strategy
1999-08-11;10000,0;10584,201168402336;0,0;1,2144765606023622;-1,2144765606023622;spy
1999-08-12;10000,0;10577,851155702312;0,0;-0,05999520038395545;0,05999520038395545;strategy
1999-08-13;10000,0;10822,961645923293;0,0;2,3172049465722155;-2,3172049465722155;spy
1999-08-16;10000,0;10871,221742443484;0,0;0,44590471720251657;-0,44590471720251657;spy
1999-08-17;10000,0;10942,341884683769;0,0;0,6542056074766434;-0,6542056074766434;spy
1999-08-18;10000,0;10863,601727203453;0,0;-0,7195914577530216;0,7195914577530216;strategy
1999-08-19;10000,0;10774,701549403098;0,0;-0,8183306055646433;0,8183306055646433;strategy
1999-08-20;10000,0;10883,921767843536;0,0;1,0136727958510283;-1,0136727958510283;spy
1999-08-23;10000,0;11092,20218440437;0,0;1,9136522753792296;-1,9136522753792296;spy
1999-08-24;10000,0;11132,84226568453;0,0;0,36638424547741355;-0,36638424547741355;spy
1999-08-25;10000,0;11247,14249428499;0,0;1,0266940451745477;-1,0266940451745477;spy
1999-08-26;10000,0;11112,52222504445;0,0;-1,1969286359530429;1,1969286359530429;strategy
1999-08-27;10000,0;10977,901955803913;0,0;-1,2114285714285522;1,2114285714285522;strategy
1999-08-30;10000,0;10774,701549403098;0,0;-1,8509949097640144;1,8509949097640144;strategy
1999-08-31;10000,0;10734,061468122934;0,0;-0,3771805752003865;0,3771805752003865;strategy
1999-09-01;10000,0;10866,141732283466;0,0;1,2304779933743681;-1,2304779933743681;spy
1999-09-02;10000,0;10737,87147574295;0,0;-1,1804581580177942;1,1804581580177942;strategy
1999-09-03;10000,0;11051,562103124206;0,0;2,921348314606753;-2,921348314606753;spy
1999-09-07;10000,0;11010,922021844042;0,0;-0,36773155596415696;0,36773155596415696;strategy
1999-09-08;10000,0;10957,58191516383;0,0;-0,48442906574394096;0,48442906574394096;strategy
1999-09-09;10000,0;10952,50190500381;0,0;-0,046360686138147145;0,046360686138147145;strategy
1999-09-10;10000,0;11043,942087884176;0,0;0,8348794063079756;-0,8348794063079756;spy
1999-09-13;10000,0;10969,011938023876;0,0;-0,678472861085555;0,678472861085555;strategy
1999-09-14;10000,0;10896,621793243587;0,0;-0,6599513720041639;0,6599513720041639;strategy
1999-09-15;10000,0;10723,901447802895;0,0;-1,5850815850815936;1,5850815850815936;strategy
1999-09-16;10000,0;10765,811531623063;0,0;0,3908100426338379;-0,3908100426338379;spy
1999-09-17;10000,0;10871,221742443484;0,0;0,9791199716880916;-0,9791199716880916;spy
1999-09-20;10000,0;10855,981711963424;0,0;-0,14018691588784105;0,14018691588784105;strategy
1999-09-21;10000,0;10627,38125476251;0,0;-2,1057557323350573;2,1057557323350573;strategy
1999-09-22;10000,0;10615,951231902463;0,0;-0,10755258126194933;0,10755258126194933;strategy
1999-09-23;10000,0;10393,700787401574;0,0;-2,0935518602703707;2,0935518602703707;strategy
1999-09-24;10000,0;10383,540767081533;0,0;-0,09775171065494748;0,09775171065494748;strategy
1999-09-27;10000,0;10452,120904241809;0,0;0,6604696673189858;-0,6604696673189858;spy
1999-09-28;10000,0;10431,800863601728;0,0;-0,1944106925880873;0,1944106925880873;strategy
1999-09-29;10000,0;10307,340614681229;0,0;-1,1930849768687746;1,1930849768687746;strategy
1999-09-30;10000,0;10464,82092964186;0,0;1,5278462296698159;-1,5278462296698159;spy
1999-10-01;10000,0;10441,960883921769;0,0;-0,21844660194174637;0,21844660194174637;strategy
1999-10-04;10000,0;10627,38125476251;0,0;1,7757236682072408;-1,7757236682072408;spy
1999-10-05;10000,0;10617,221234442468;0,0;-0,09560229445507717;0,09560229445507717;strategy
1999-10-06;10000,0;10779,78155956312;0,0;1,5311004784689164;-1,5311004784689164;spy
1999-10-07;10000,0;10718,821437642875;0,0;-0,5655042412818223;0,5655042412818223;strategy
1999-10-08;10000,0;10881,381762763525;0,0;1,516587677725112;-1,516587677725112;spy
1999-10-11;10000,0;10863,601727203453;0,0;-0,16339869281046804;0,16339869281046804;strategy
1999-10-12;10000,0;10695,961391922783;0,0;-1,5431377133504731;1,5431377133504731;strategy
1999-10-13;10000,0;10419,100838201675;0,0;-2,588458798385185;2,588458798385185;strategy
1999-10-14;10000,0;10416,560833121666;0,0;-0,024378352023390892;0,024378352023390892;strategy
1999-10-15;10000,0;10149,860299720598;0,0;-2,560351133869798;2,560351133869798;strategy
1999-10-18;10000,0;10223,520447040895;0,0;0,7257257257257566;-0,7257257257257566;spy
1999-10-19;10000,0;10322,58064516129;0,0;0,9689440993788656;-0,9689440993788656;spy
1999-10-20;10000,0;10424,180848361697;0,0;0,9842519685039353;-0,9842519685039353;spy
1999-10-21;10000,0;10485,14097028194;0,0;0,5847953216374213;-0,5847953216374213;spy
1999-10-22;10000,0;10574,041148082297;0,0;0,8478682170542706;-0,8478682170542706;spy
1999-10-25;10000,0;10520,701041402082;0,0;-0,5044439106413723;0,5044439106413723;strategy
1999-10-26;10000,0;10388,620777241555;0,0;-1,2554321583775896;1,2554321583775896;strategy
1999-10-27;10000,0;10576,581153162306;0,0;1,8092909535452284;-1,8092909535452284;spy
1999-10-28;10000,0;10937,261874523749;0,0;3,410182516810756;-3,410182516810756;spy
1999-10-29;10000,0;11135,382270764543;0,0;1,8114259173246827;-1,8114259173246827;spy
1999-11-01;10000,0;11018,542037084073;0,0;-1,0492700729927251;1,0492700729927251;strategy
1999-11-02;10000,0;10939,80187960376;0,0;-0,7146150299677134;0,7146150299677134;strategy
1999-11-03;10000,0;11013,462026924055;0,0;0,6733224982586661;-0,6733224982586661;spy
1999-11-04;10000,0;11097,282194564388;0,0;0,7610701107010787;-0,7610701107010787;spy
1999-11-05;10000,0;11206,502413004826;0,0;0,9842069123369379;-0,9842069123369379;spy
1999-11-08;10000,0;11216,662433324867;0,0;0,09066183136900996;-0,09066183136900996;spy
1999-11-09;10000,0;11111,252222504445;0,0;-0,9397644927536253;0,9397644927536253;strategy
1999-11-10;10000,0;11193,802387604774;0,0;0,7429420505200568;-0,7429420505200568;spy
1999-11-11;10000,0;11257,30251460503;0,0;0,5672793283412858;-0,5672793283412858;spy
1999-11-12;10000,0;11358,902717805435;0,0;0,902527075812265;-0,902527075812265;spy
1999-11-15;10000,0;11385,572771145542;0,0;0,2347942754919563;-0,2347942754919563;spy
1999-11-16;10000,0;11480,822961645923;0,0;0,8365867261572735;-0,8365867261572735;spy
1999-11-17;10000,0;11511,303022606045;0,0;0,26548672566373277;-0,26548672566373277;spy
1999-11-18;10000,0;11592,58318516637;0,0;0,7060900264783676;-0,7060900264783676;spy
1999-11-19;10000,0;11582,42316484633;0,0;-0,08764241893075564;0,08764241893075564;strategy
1999-11-22;10000,0;11579,88315976632;0,0;-0,021929824561406353;0,021929824561406353;strategy
1999-11-23;10000,0;11478,282956565912;0,0;-0,8773853915332364;0,8773853915332364;strategy
1999-11-24;10000,0;11539,243078486157;0,0;0,5310909493250859;-0,5310909493250859;spy
1999-11-26;10000,0;11496,062992125984;0,0;-0,37420206911732423;0,37420206911732423;strategy
1999-11-29;10000,0;11455,422910845822;0,0;-0,35351303579319593;0,35351303579319593;strategy
1999-11-30;10000,0;11320,802641605283;0,0;-1,1751662971175136;1,1751662971175136;strategy
1999-12-01;10000,0;11412,24282448565;0,0;0,8077181960960189;-0,8077181960960189;spy
1999-12-02;10000,0;11480,822961645923;0,0;0,6009347874471382;-0,6009347874471382;spy
1999-12-03;10000,0;11691,643383286768;0,0;1,8362831858407258;-1,8362831858407258;spy
1999-12-06;10000,0;11605,283210566422;0,0;-0,7386487073647641;0,7386487073647641;strategy
1999-12-07;10000,0;11511,303022606045;0,0;-0,8098052090173002;0,8098052090173002;strategy
1999-12-08;10000,0;11437,64287528575;0,0;-0,6398940864960401;0,6398940864960401;strategy
1999-12-09;10000,0;11493,522987045973;0,0;0,4885631801021528;-0,4885631801021528;spy
1999-12-10;10000,0;11531,623063246127;0,0;0,33149171270718814;-0,33149171270718814;spy
1999-12-13;10000,0;11551,94310388621;0,0;0,17621145374451253;-0,17621145374451253;spy
1999-12-14;10000,0;11440,18288036576;0,0;-0,9674582233949125;0,9674582233949125;strategy
1999-12-15;10000,0;11501,143002286006;0,0;0,5328596802842034;-0,5328596802842034;spy
1999-12-16;10000,0;11551,94310388621;0,0;0,4416961130742081;-0,4416961130742081;spy
1999-12-17;10000,0;11597,663195326391;0,0;0,3957783641160839;-0,3957783641160839;spy
1999-12-20;10000,0;11513,843027686054;0,0;-0,7227332457293123;0,7227332457293123;strategy
1999-12-21;10000,0;11689,103378206755;0,0;1,5221707478491053;-1,5221707478491053;spy
1999-12-22;10000,0;11719,583439166878;0,0;0,26075619295957697;-0,26075619295957697;spy
1999-12-23;10000,0;11906,273812547624;0,0;1,5929778933680083;-1,5929778933680083;spy
1999-12-27;10000,0;11889,76377952756;0,0;-0,13866666666665362;0,13866666666665362;strategy
1999-12-28;10000,0;11882,14376428753;0,0;-0,06408886989959228;0,06408886989959228;strategy
1999-12-29;10000,0;11932,943865887732;0,0;0,42753313381784785;-0,42753313381784785;spy
1999-12-30;10000,0;11918,973837947675;0,0;-0,11707109408259919;0,11707109408259919;strategy
1999-12-31;10000,0;11938,023876047751;0,0;0,15982951518380695;-0,15982951518380695;spy
2000-01-03;10000,0;11821,183642367285;0,0;-0,9787234042553106;0,9787234042553106;strategy
2000-01-04;10000,0;11358,902717805435;0,0;-3,9106145251396773;3,9106145251396773;strategy
2000-01-05;10000,0;11379,222758445518;0,0;0,17889087656530744;-0,17889087656530744;spy
2000-01-06;10000,0;11196,342392684786;0,0;-1,6071428571428514;1,6071428571428514;strategy
2000-01-07;10000,0;11846,583693167388;0,0;5,807622504537213;-5,807622504537213;spy
2000-01-10;10000,0;11887,223774447548;0,0;0,34305317324183626;-0,34305317324183626;spy
2000-01-11;10000,0;11744,98348996698;0,0;-1,1965811965811812;1,1965811965811812;strategy
2000-01-12;10000,0;11628,143256286512;0,0;-0,9948096885813218;0,9948096885813218;strategy
2000-01-13;10000,0;11785,623571247144;0,0;1,3543031891655843;-1,3543031891655843;spy
2000-01-14;10000,0;11945,643891287782;0,0;1,3577586206896308;-1,3577586206896308;spy
2000-01-18;10000,0;11851,663703327406;0,0;-0,7867318732723838;0,7867318732723838;strategy
2000-01-19;10000,0;11948,183896367793;0,0;0,8144020574367916;-0,8144020574367916;spy
2000-01-20;10000,0;11765,303530607061;0,0;-1,5306122448979553;1,5306122448979553;strategy
2000-01-21;10000,0;11739,903479806959;0,0;-0,21588946459413227;0,21588946459413227;strategy
2000-01-24;10000,0;11407,16281432563;0,0;-2,8342708784076076;2,8342708784076076;strategy
2000-01-25;10000,0;11536,703073406146;0,0;1,135604542418167;-1,135604542418167;spy
2000-01-26;10000,0;11445,26289052578;0,0;-0,7926023778071278;0,7926023778071278;strategy
2000-01-27;10000,0;11399,542799085599;0,0;-0,3994673768308865;0,3994673768308865;strategy
2000-01-28;10000,0;11043,942087884176;0,0;-3,1194295900178304;3,1194295900178304;strategy
2000-01-31;9988,000000000002;11343,662687325375;-0,11999999999998678;2,7138914443422424;-2,833891444342229;spy
2000-02-01;10170,866665316247;11455,422910845822;1,8308636895899566;0,9852216748768461;0,8456420147131105;strategy
2000-02-02;10219,436338357915;11465,582931165864;0,47753721133023674;0,08869179600887733;0,3888454153213594;strategy
2000-02-03;10353,112434652277;11638,303276606553;1,3080574296707503;1,5064244572441154;-0,1983670275733651;spy
2000-02-04;10432,489001628765;11590,04318008636;0,766692793857926;-0,41466608467917165;1,1813588785370976;strategy
2000-02-07;10604,513711839343;11572,263144526289;1,648932581512641;-0,15340784571554744;1,8023404272281884;strategy
2000-02-08;10731,708820092048;11729,74345948692;1,1994431023338636;1,3608428446005405;-0,16139974226667686;spy
2000-02-09;10706,058131110083;11483,362966725934;-0,2390177502201829;-2,1004763967085283;1,8614586464883454;strategy
2000-02-10;11007,740185549144;11506,223012446024;2,817863033663359;0,1990710019907027;2,6187920316726565;strategy
2000-02-11;10939,851697049126;11272,542545085089;-0,6167341103230473;-2,03090507726269;1,414170966939643;strategy
2000-02-14;11024,60522722952;11338,582677165354;0,7747228438503839;0,5858494817485349;0,18887336210184902;strategy
2000-02-15;11043,822939407943;11466,852933705866;0,17431655630586462;1,1312724014336917;-0,956955845127827;spy
2000-02-16;11077,240992499894;11297,942595885192;0,3025949734552835;-1,4730313434488829;1,7756263169041664;strategy
2000-02-17;11242,986057204995;11239,52247904496;1,4962666680026437;-0,5170863309352347;2,0133529989378784;strategy
2000-02-18;11185,946386611115;10998,221996443994;-0,5073355984225092;-2,1468926553672385;1,6395570569447293;strategy
2000-02-22;11198,667589979577;10970,281940563882;0,11372487341516635;-0,25404157043880105;0,3677664438539674;strategy
2000-02-23;11694,0269698817;11099,8221996444;4,42337783421094;1,1808288955776902;3,2425489386332496;strategy
2000-02-24;11802,787215588167;10876,301752603506;0,9300495542432285;-2,0137299771167183;2,943779531359947;strategy
2000-02-25;12023,886311391245;10836,931673863348;1,8732786736260776;-0,3619803829985946;2,235259056624672;strategy
2000-02-28;11945,458359288144;11064,262128524257;-0,6522679113224683;2,0977381928981575;-2,750006104220626;spy
2000-02-29;12087,736589154869;11170,942341884684;1,1910654709712087;0,9641873278236845;0,2268781431475242;strategy
2000-03-01;12155,175519879464;11252,222504445008;0,5579119815127376;0,7276034561163991;-0,16969147460366152;spy
2000-03-02;12141,575812363211;11259,842519685038;-0,11188408998299426;0,06772009029345494;-0,1796041802764492;spy
2000-03-03;12287,567232642443;11470,662941325882;1,2024091644724955;1,8723212271599454;-0,66991206268745;spy
2000-03-06;12421,242385350488;11358,902717805435;1,0878894916882542;-0,9743135518157642;2,0622030435040184;strategy
2000-03-07;12462,325539589474;11139,192278384558;0,33074915507196323;-1,9342576028622327;2,265006757934196;strategy
2000-03-08;12363,898341573691;11125,222250444502;-0,7897980012085748;-0,12541329380915123;-0,6643847073994236;spy
2000-03-09;12431,11276671174;11450,342900685802;0,5436345663894615;2,9223744292237397;-2,378739862834278;spy
2000-03-10;12393,353109121339;11389,382778765557;-0,30375122725548875;-0,5323868677906018;0,2286356405351131;strategy
2000-03-13;12375,48347274205;11264,92252984506;-0,1441872608804906;-1,0927743086529773;0,9485870477724867;strategy
2000-03-14;12083,086621442533;11104,902209804419;-2,3627105312171603;-1,4205186020293192;-0,9421919291878411;spy
2000-03-15;12000,123970055238;11363,982727965456;-0,6866014784671859;2,3330283623056003;-3,019629840772786;spy
2000-03-16;11995,582025916116;11894,843789687578;-0,037849143479318226;4,671434957532394;-4,709284101011713;spy
2000-03-17;12116,193024327158;11943,103886207773;1,005461828783849;0,4057228272475122;0,5997390015363369;strategy
2000-03-20;12021,133805496498;11882,14376428753;-0,7845634238394683;-0,5104210974053558;-0,2741423264341125;spy
2000-03-21;12092,609302191491;12125,984251968504;0,5945819907795302;2,052159042325763;-1,4575770515462327;spy
2000-03-22;12241,587782349274;12199,644399288798;1,231979603697142;0,6074570590699491;0,6245225446271929;strategy
2000-03-23;12240,2216277586;12407,924815849632;-0,011159946037753166;1,7072662919008996;-1,7184262379386528;spy
2000-03-24;12258,052975641836;12481,584963169928;0,14567830898419842;0,5936540429887449;-0,4479757340045465;spy
2000-03-27;12230,475649736434;12349,504699009398;-0,22497313366324212;-1,0582010582010692;0,8332279245378271;strategy
2000-03-28;12205,558467419072;12278,384556769113;-0,20373028025201245;-0,5758946935417564;0,3721644132897439;strategy
2000-03-29;12063,53751435791;12291,084582169166;-1,1635760333315925;0,10343400910219902;-1,2670100424337916;spy
2000-03-30;11938,980753087126;12085,34417068834;-1,0325061046358663;-1,6738995660260603;0,6413934613901939;strategy
2000-03-31;12027,36922683212;12222,50444500889;0,7403351724320162;1,1349306431273742;-0,39459547069535805;spy
2000-04-03;11771,361371404835;12293,624587249175;-2,128544078086092;0,5818786367414841;-2,710422714827576;spy
2000-04-04;11471,540272343882;12202,184404368807;-2,547038440169569;-0,7438016528925728;-1,803236787276996;spy
2000-04-05;11821,753701805581;12125,984251968504;3,0528893343643615;-0,6244796003330388;3,6773689346974003;strategy
2000-04-06;12105,921820039712;12231,394462788925;2,403772954521366;0,8692919983242398;1,5344809561971262;strategy
2000-04-07;12553,44813780424;12308,864617729236;3,6967553930813413;0,6333714048385453;3,063383988242796;strategy
2000-04-10;12120,747267848328;12260,604521209041;-3,4468686627449396;-0,3920759389187123;-3,0547927238262274;spy
2000-04-11;11904,209872587679;12225,0444500889;-1,7865020239720697;-0,2900352185622346;-1,4964668054098351;spy
2000-04-12;11451,03807133263;11889,76377952756;-3,8068196554446376;-2,7425722002908715;-1,0642474551537662;spy
2000-04-13;11336,4531023128;11724,6634493269;-1,0006513672039086;-1,3885921811578772;0,3879408139539686;strategy
2000-04-14;10799,59716474592;11054,102108204215;-4,735660552041221;-5,719237435008684;0,9835768829674629;strategy
2000-04-17;11291,095968313542;11440,18288036576;4,551084601304067;3,4926470588235503;1,058437542480517;strategy
2000-04-18;11868,798495222065;11742,443484886971;5,1164433331338355;2,6420959147424705;2,474347418391365;strategy
2000-04-19;11678,57953249197;11633,223266446534;-1,6026808678795024;-0,9301319489509075;-0,6725489189285949;spy
2000-04-20;11657,549814919092;11689,103378206755;-0,18007085120558264;0,4803493449781593;-0,6604201961837419;spy
2000-04-24;11565,16389962365;11562,103124206249;-0,7924985675566876;-1,0864841373315781;0,29398556977489054;strategy
2000-04-25;12006,464810729747;12042,16408432817;3,8157774064962124;4,152021089630931;-0,3362436831347182;spy
2000-04-26;11796,730188724869;11906,273812547624;-1,7468474302064885;-1,1284539126766635;-0,618393517529825;spy
2000-04-27;12193,4403967;11866,903733807469;3,3628827787745896;-0,3306666666666569;3,6935494454412465;strategy
2000-04-28;12267,485209410524;11793,243586487171;0,6072511965578231;-0,6207191780822185;1,2279703746400417;strategy
2000-05-01;12349,989545022108;11953,263906527813;0,6725448142239854;1,3568813267284208;-0,6843365125044354;spy
2000-05-02;11960,494497947539;11714,503429006858;-3,1538087190653763;-1,9974500637484072;-1,1563586553169691;spy
2000-05-03;11531,002009146792;11440,18288036576;-3,5909258507200392;-2,341717259323506;-1,2492085913965334;spy
2000-05-04;11860,489472987734;11526,543053086107;2,8574053111739994;0,7548845470692678;2,1025207641047317;strategy
2000-05-05;12256,821497110894;11666,243332486665;3,3416160861303945;1,2119876597620038;2,1296284263683907;strategy
2000-05-08;11878,573721243854;11578,613157226315;-3,0860184751503317;-0,7511430437622479;-2,3348754313880837;spy
2000-05-09;11635,331858455527;11485,902971805943;-2,0477362728600124;-0,800701985302188;-1,2470342875578244;spy
2000-05-10;11216,096386495623;11226,822453644907;-3,6031243204742935;-2,2556390977443552;-1,3474852227299383;spy
2000-05-11;11631,129063028084;11483,362966725934;3,700330865845336;2,2850678733031815;1,4152629925421545;strategy
2000-05-12;11595,259457075143;11607,823215646431;-0,3083931556306041;1,0838310108383098;-1,392224166468914;spy
2000-05-15;11690,513424107441;11808,483616967234;0,8214906047158577;1,7286652078774667;-0,907174603161609;spy
2000-05-16;12008,984682671562;11922,78384556769;2,724185388704914;0,9679500967950005;1,7562352919099133;strategy
2000-05-17;12130,758437681738;11798,323596647193;1,0140220695417312;-1,043885811674472;2,0579078812162033;strategy
2000-05-18;11870,29888211751;11653,543307086613;-2,1471003392101506;-1,2271259418729863;-0,9199743973371644;spy
2000-05-19;11607,289774998786;11470,662941325882;-2,2156906892626282;-1,569311246730598;-0,6463794425320302;spy
2000-05-22;11582,35111812787;11384,302768605536;-0,21485340121888408;-0,7528786536758258;0,5380252524569418;strategy
2000-05-23;11288,889025434035;11216,662433324867;-2,5337005388701206;-1,4725568942436262;-1,0611436446264944;spy
2000-05-24;11282,79760423785;11399,542799085599;-0,053959439077311266;1,6304347826086918;-1,684394221686003;spy
2000-05-25;11319,239963322598;11203,962407924817;0,32299045292685236;-1,7156862745097978;2,03867672743665;strategy
2000-05-26;11358,382223292676;11216,662433324867;0,34580289928396457;0,11335298118340109;0,23244991810056348;strategy
2000-05-30;11812,630088860742;11582,42316484633;3,999230318526692;3,2608695652173836;0,7383607533093084;strategy
2000-05-31;11856,42462903518;11607,823215646431;0,37074334712077217;0,21929824561401912;0,15144510150675305;strategy
2000-06-01;11898,997661419684;11811,023622047243;0,359071420909185;1,7505470459518557;-1,3914756250426707;spy
2000-06-02;11968,421952261984;12016,764033528067;0,5834465458161686;1,74193548387096;-1,1584889380547914;spy
2000-06-05;11953,94160340583;11958,343916687832;-0,12098795408376217;-0,4861551469034109;0,3651671928196487;strategy
2000-06-06;11928,64619907893;11905,00381000762;-0,2116072268555591;-0,44604927782496695;0,23444205096940784;strategy
2000-06-07;11933,42911789102;11987,55397510795;0,040096074041162666;0,6934072967783367;-0,653311222737174;spy
2000-06-08;11942,15506862868;11940,563881127762;0,07312190529189522;-0,3919906769784931;0,4651125822703883;strategy
2000-06-09;11969,233800289356;11915,16383032766;0,2267491211181083;-0,21272069772390045;0,43946981884200875;strategy
2000-06-12;11988,008007594311;11775,463550927101;0,1568538773509598;-1,1724578981027522;1,329311775453712;strategy
2000-06-13;12015,695465850318;11996,443992887986;0,23095962430510486;1,8766177739430567;-1,6456581496379519;spy
2000-06-14;12027,374478578193;12016,764033528067;0,09719797544027742;0,16938386618674528;-0,07218589074646786;spy
2000-06-15;12068,94398698803;12042,16408432817;0,3456241300532792;0,21137180300148106;0,13425232705179813;strategy
2000-06-16;12089,93722199369;11915,16383032766;0,17394425749506226;-1,0546298249314634;1,2285740824265257;strategy
2000-06-19;12171,556175532596;12067,56413512827;0,6750982411259043;1,279044979748467;-0,6039467386225628;spy
2000-06-20;12151,4058911569;12024,384048768097;-0,1655522439784729;-0,3578194064407514;0,19226716246227848;strategy
2000-06-21;12172,697903182767;12019,304038608076;0,1752226221112485;-0,04224757076469743;0,21747019287594593;strategy
2000-06-22;12114,964583016823;11836,423672847344;-0,47428532791279343;-1,5215553677092153;1,0472700397964219;strategy
2000-06-23;12037,187406489396;11734,82346964694;-0,6419926033994106;-0,8583690987124193;0,21637649531300873;strategy
2000-06-26;12145,944513331804;11885,953771907545;0,9035092930743449;1,2878787878787934;-0,3843694948044485;spy
2000-06-27;12105,279876432682;11798,323596647193;-0,334800120768608;-0,7372582540869921;0,4024581333183841;strategy
2000-06-28;12166,691476300744;11831,343662687326;0,5073125156537905;0,2798708288482388;0,22744168680555177;strategy
2000-06-29;12111,086898871668;11719,583439166878;-0,4570229921370794;-0,9446114212108281;0,48758842907374866;strategy
2000-06-30;12114,522828570663;11808,483616967234;0,02837011845167048;0,758560901603822;-0,7301907831521515;spy
2000-07-03;12132,74005151357;11971,043942087885;0,1503750762674949;1,3766401376640092;-1,2262650613965143;spy
2000-07-05;12073,316704316607;11755,14351028702;-0,48977681005826224;-1,8035221727137785;1,3137453626555162;strategy
2000-07-06;12013,435280424383;11846,583693167388;-0,4959815546859203;0,7778738115816974;-1,2738553662676178;spy
2000-07-07;12182,433017283547;12037,084074168148;1,4067394788778165;1,6080617495711769;-0,2013222706933604;spy
2000-07-10;12225,147611314318;12016,764033528067;0,35062449323686184;-0,168811985650974;0,5194364788878358;strategy
2000-07-11;12334,503325157762;12042,16408432817;0,8945144657577453;0,21137180300148106;0,6831426627562642;strategy
2000-07-12;12533,098924273509;12120,904241808483;1,6100818482952972;0,6538704914574867;0,9562113568378106;strategy
2000-07-13;12520,49172714245;12174,244348488697;-0,1005912201542003;0,44006705783739;-0,5406582779915903;spy
2000-07-14;12477,842231079438;12293,624587249175;-0,34063754836843874;0,9805967035259711;-1,3212342518944098;spy
2000-07-17;12800,10757810594;12273,304546609093;2,5827009274393076;-0,16528925619834212;2,7479901836376497;strategy
2000-07-18;12681,564991091698;12172,974345948693;-0,926106177552799;-0,8174668874172175;-0,10863929013558149;spy
2000-07-19;12379,216969344398;12075,1841503683;-2,384153863972538;-0,8033385498174228;-1,5808153141551151;spy
2000-07-20;12487,637688018318;12242,824485648971;0,8758285676905952;1,3883045856121212;-0,512476017921526;spy
2000-07-21;12186,823533534272;12004,064008128016;-2,4088955973848525;-1,9502074688796611;-0,45868812850519136;spy
2000-07-24;11914,364905186922;11935,483870967742;-2,235682067584155;-0,5713076597545497;-1,6643744078296052;spy
2000-07-25;11758,77347968947;11973,583947167894;-1,3059145555439189;0,31921685464990635;-1,6251314101938252;spy
2000-07-26;11842,292978412874;11856,743713487427;0,7102738977637912;-0,9758167161646125;1,6860906139284038;strategy
2000-07-27;11407,362301919464;11816,103632207265;-3,672689717153921;-0,3427592116538092;-3,3299305055001116;spy
2000-07-28;11088,702827441412;11549,403098806197;-2,793454490565561;-2,257093723129844;-0,5363607674357174;spy
2000-07-31;11218,007779798838;11623,063246126492;1,1660962906989703;0,6377831537277334;0,5283131369712368;strategy
2000-08-01;11178,167270754235;11694,183388366777;-0,3551478107935213;0,6118881118881037;-0,967035922681625;spy
2000-08-02;11127,310667543756;11752,603505207011;-0,4549636982400185;0,4995655951346656;-0,9545292933746841;spy
2000-08-03;11177,210131236723;11833,883667767335;0,44844136363078047;0,6915928247244407;-0,24315146109366026;spy
2000-08-04;11202,629023461905;11897,38379476759;0,227417145483777;0,536595836016307;-0,30917869053253;spy
2000-08-07;11285,656517325759;12039,624079248159;0,7411429378761714;1,1955593509820783;-0,45441641310590697;spy
2000-08-08;11291,19118660649;12085,34417068834;0,049041624403800554;0,37974683544304;-0,33070521103923944;spy
2000-08-09;11146,254708108987;11983,743967487935;-1,2836243413310022;-0,8406893652795233;-0,4429349760514789;spy
2000-08-10;11148,67143518598;11925,323850647703;0,021681965290398786;-0,48749470114454185;0,5091766664349406;strategy
2000-08-11;11155,39636784597;11981,203962407924;0,06032048481370289;0,46858359957400175;-0,40826311476029886;spy
2000-08-14;11206,33287404083;12133,604267208535;0,45660866288605995;1,2719949120203689;-0,8153862491343089;spy
2000-08-15;11238,713211868664;12123,444246888494;0,28894677850273;-0,08373456144024072;0,3726813399429707;strategy
2000-08-16;11269,224084970683;12080,26416052832;0,2714801287908797;-0,3561701236119874;0,6276502524028671;strategy
2000-08-17;11298,095983001887;12207,264414528829;0,25620129490289134;1,0513036164844447;-0,7951023215815534;spy
2000-08-18;11341,18001703236;12166,624333248667;0,38133889192739634;-0,33291718684976823;0,7142560787771646;strategy
2000-08-21;11383,780016206358;12232,664465328931;0,37562228189675917;0,542797494780789;-0,1671752128840298;spy
2000-08-22;11343,483215965738;12212,34442468885;-0,35398435478595225;-0,16611295681062677;-0,18787139797532548;spy
2000-08-23;11381,586326566752;12260,604521209041;0,33590308969104754;0,39517470881862415;-0,059271619127576614;spy
2000-08-24;11399,652478656337;12298,704597409196;0,15873140677600261;0,3107520198881497;-0,1520206131121471;spy
2000-08-25;11444,270026033173;12293,624587249175;0,3913939259146293;-0,04130524576622108;0,43269917168085037;strategy
2000-08-28;11509,61710067069;12335,534671069341;0,5710025583883116;0,3409090909090917;0,23009346747921988;strategy
2000-08-29;11418,7733493337;12338,074676149354;-0,7892856082214572;0,02059096056832299;-0,8098765687897802;spy
2000-08-30;11519,905586547455;12219,96443992888;0,885666385695072;-0,9572825527534801;1,842948938448552;strategy
2000-08-31;11686,607860590535;12382,52476504953;1,4470802107766412;1,3302847640823012;0,11679544669433994;strategy
2000-09-01;11859,631456873327;12395,224790449582;1,4805288099574154;0,10256410256410664;1,3779647073933088;strategy
2000-09-05;11578,75057205845;12296,164592329184;-2,3683778525182553;-0,7991803278688647;-1,5691975246493906;spy
2000-09-06;11332,764084005446;12156,464312928625;-2,1244648679678124;-1,1361288989878093;-0,9883359689800031;spy
2000-09-07;11427,140759316224;12260,604521209041;0,8327771990239929;0,856665273714996;-0,02388807469100307;spy
2000-09-08;11335,733291531538;12176,784353568708;-0,799915479383273;-0,6836544437538672;-0,11626103562940582;spy
2000-09-11;11242,765388686475;12159,004318008638;-0,8201313532536503;-0,1460158531497613;-0,674115500103889;spy
2000-09-12;11185,843695518755;12070,10414020828;-0,5062961931501353;-0,731146856068543;0,22485066291840772;strategy
2000-09-13;11169,103631175754;12101,854203708406;-0,14965401626081398;0,2630471380471455;-0,4127011543079595;spy
2000-09-14;11299,646743305133;12162,81432562865;1,1687877240658784;0,5037254696190541;0,6650622544468243;strategy
2000-09-15;11427,367021754304;11866,903733807469;1,1303032860283224;-2,4329121854442692;3,5632154714725917;strategy
2000-09-18;11027,432711229492;11757,68351536703;-3,4997940449751574;-0,9203767123287743;-2,579417332646383;spy
2000-09-19;11203,856267762996;11864,363728727458;1,5998606489237233;0,9073233959818516;0,6925372529418716;strategy
2000-09-20;11214,551690477234;11776,733553467107;0,09546197718559579;-0,7385998715478514;0,8340618487334472;strategy
2000-09-21;11256,951745372215;11597,663195326391;0,3780806943088466;-1,5205435134260759;1,8986242077349225;strategy
2000-09-22;11466,073444091955;11808,483616967234;1,857711603016421;1,8177836180464313;0,039927984969989616;strategy
2000-09-25;11594,375928848238;11724,6634493269;1,1189749078608369;-0,7098300709830085;1,8288049788438454;strategy
2000-09-26;11519,036904500885;11574,8031496063;-0,6497893876280192;-1,278162911611791;0,6283735239837718;strategy
2000-09-27;11586,4513643983;11635,763271526543;0,585243891970455;0,5266622778143493;0,058581614156105744;strategy
2000-09-28;11755,460673267986;11785,623571247144;1,4586805187738694;1,2879283999126967;0,1707521188611727;strategy
2000-09-29;11679,047214609187;11673,863347726696;-0,65002521621772;-0,9482758620689813;0,29825064585126126;strategy
2000-10-02;11507,243592622232;11691,643383286768;-1,47104141998885;0,1523063533507507;-1,6233477733396007;spy
2000-10-03;11432,792679699029;11582,42316484633;-0,6469917172079009;-0,9341733651966222;0,28718164798872126;strategy
2000-10-04;11346,868750063695;11678,943357886716;-0,7515567896889008;0,8333333333333304;-1,5848901230222312;spy
2000-10-05;11259,677381889167;11719,583439166878;-0,7684178789328033;0,3479773814702103;-1,1163952604030136;spy
2000-10-06;11198,349594350253;11465,582931165864;-0,5446673599863283;-2,167316861725166;1,6226495017388376;strategy
2000-10-09;11213,203585422893;11379,222758445518;0,13264446646792383;-0,7532122286220688;0,8858566950899927;strategy
2000-10-10;11204,374029551946;11191,262382524765;-0,07874249141811562;-1,651785714285725;1,5730432228676094;strategy
2000-10-11;11168,294377704897;11097,282194564388;-0,32201398982117935;-0,8397639582387706;0,5177499684175912;strategy
2000-10-12;11035,192558351477;10820,42164084328;-1,1917828707947553;-2,494850080109867;1,3030672093151119;strategy
2000-10-13;11096,021172242716;11181,102362204725;0,5512238555837712;3,3333333333333437;-2,7821094777495725;spy
2000-10-16;11220,233162369506;11231,902463804929;1,1194282004211908;0,45433893684689863;0,6650892635742922;strategy
2000-10-17;11233,027600281093;10952,50190500381;0,11403005380046238;-2,4875621890547372;2,6015922428551996;strategy
2000-10-18;11145,988026662239;10911,861823723648;-0,7748540884621069;-0,37105751391465214;-0,40379657454745477;spy
2000-10-19;11205,743279111157;11323,342646685292;0,536114450383196;3,77094972067038;-3,234835270287184;spy
2000-10-20;11166,856909015396;11371,602743205487;-0,34702178273394724;0,4262000897263585;-0,7732218724603057;spy
2000-10-23;11170,546321817565;11422,40284480569;0,03303895475896823;0,4467277194549979;-0,41368876469602966;spy
2000-10-24;11118,820954058152;11346,202692405384;-0,4630513698187344;-0,667111407605081;0,20406003778634663;strategy
2000-10-25;10914,483001995877;11079,502159004318;-1,837766368453797;-2,3505708529214187;0,5128044844676216;strategy
2000-10-26;10901,183601597888;11109,98221996444;-0,12185094241804473;0,27510316368639653;-0,39695410610444126;spy
2000-10-27;10855,290511082969;11320,802641605283;-0,4209918132944024;1,897576588934613;-2,3185684022290154;spy
2000-10-30;10919,598335532617;11422,40284480569;0,5924099809580641;0,8974646623289173;-0,30505468137085323;spy
2000-10-31;10964,233714266542;11619,253238506477;0,4087639248476771;1,72337113631309;-1,3146072114654128;spy
2000-11-01;10962,003490865212;11579,88315976632;-0,02034089622175994;-0,3388348453382872;0,3184939491165273;strategy
2000-11-02;11009,530471836599;11598,933197866396;0,43356108225098833;0,16450976091249014;0,2690513213384982;strategy
2000-11-03;11025,807713939854;11605,283210566422;0,147846832749976;0,054746523595761154;0,09310030915421486;strategy
2000-11-06;11040,809162363146;11686,563373126746;0,13605759153885177;0,700372072663602;-0,5643144811247502;spy
2000-11-07;11056,454812867967;11684,023368046737;0,14170746251238597;-0,02173440556400008;0,16344186807638605;strategy
2000-11-08;11106,258709950544;11424,9428498857;0,4504508716900224;-2,2173913043478377;2,66784217603786;strategy
2000-11-09;11090,11258206011;11381,762763525527;-0,1453786402073276;-0,3779457536682962;0,2325671134609686;strategy
2000-11-10;11031,748411517523;11104,902209804419;-0,5262721195184228;-2,4324927471546576;1,9062206276362348;strategy
2000-11-13;10920,892796550059;11018,542037084073;-1,0048780196231344;-0,7776761207685334;-0,22720189885460096;spy
2000-11-14;11006,675763502659;11308,102616205233;0,7854940850595904;2,627939142461977;-1,8424450574023865;spy
2000-11-15;11048,34854814118;11343,662687325375;0,3786137207448803;0,3144654088050425;0,06414831193983783;strategy
2000-11-16;11028,971726527274;11165,862331724664;-0,1753820630248537;-1,5673981191222652;1,3920160560974115;strategy
2000-11-17;11052,40440971903;11106,172212344425;0,21246480426997394;-0,5345768880800739;0,7470416923500478;strategy
2000-11-20;10945,705186174575;10947,42189484379;-0,9653937694374393;-1,4293882218410547;0,4639944524036155;strategy
2000-11-21;10941,72196356518;11003,302006604012;-0,0363907353765236;0,5104408352668122;-0,5468315706433358;spy
2000-11-22;10890,615171655576;10740,411480822962;-0,46708180010225364;-2,3891966759002514;1,9221148757979978;strategy
2000-11-24;10936,22937711298;10960,121920243842;0,4188395672644951;2,0456426628828295;-1,6268030956183344;spy
2000-11-27;10943,651832745449;11056,642113284228;0,0678703360776467;0,8806488991888628;-0,8127785631112161;spy
2000-11-28;10943,651832745449;10866,141732283466;0,0;-1,7229496898690577;1,7229496898690577;strategy
2000-11-29;10943,651832745449;10845,821691643383;0,0;-0,18700327255728455;0,18700327255728455;strategy
2000-11-30;10943,651832745449;10751,841503683008;0,0;-0,8665105386416738;0,8665105386416738;strategy
2000-12-01;10943,651832745449;10746,761493522987;0,0;-0,04724781478857576;0,04724781478857576;strategy
2000-12-04;10943,651832745449;10838,201676403352;0,0;0,8508626802174346;-0,8508626802174346;spy
2000-12-05;10943,651832745449;11193,802387604774;0,0;3,2809936723693367;-3,2809936723693367;spy
2000-12-06;10943,651832745449;11014,732029464058;0,0;-1,5997277059223936;1,5997277059223936;strategy
2000-12-07;10943,651832745449;10863,601727203453;0,0;-1,3720742534301889;1,3720742534301889;strategy
2000-12-08;10943,651832745449;10889,001778003556;0,0;0,23380874444705046;-0,23380874444705046;spy
2000-12-11;10943,651832745449;11267,462534925071;0,0;3,4756239794728305;-3,4756239794728305;spy
2000-12-12;10943,651832745449;11219,202438404876;0,0;-0,4283137962128203;0,4283137962128203;strategy
2000-12-13;10943,651832745449;11065,532131064261;0,0;-1,3697079465700757;1,3697079465700757;strategy
2000-12-14;10943,651832745449;10924,561849123696;0,0;-1,2739584528865033;1,2739584528865033;strategy
2000-12-15;10943,651832745449;10645,16129032258;0,0;-2,5575447570332366;2,5575447570332366;strategy
2000-12-18;10943,651832745449;10787,40157480315;0,0;1,3361966117871882;-1,3361966117871882;spy
2000-12-19;10943,651832745449;10567,69113538227;0,0;-2,036731810689907;2,036731810689907;strategy
2000-12-20;10943,651832745449;10261,620523241047;0,0;-2,8962865040259578;2,8962865040259578;strategy
2000-12-21;10943,651832745449;10332,74066548133;0,0;0,6930693069306715;-0,6930693069306715;spy
2000-12-22;10943,651832745449;10642,62128524257;0,0;2,9990167158308934;-2,9990167158308934;spy
2000-12-26;10943,651832745449;10756,921513843028;0,0;1,0739856801909253;-1,0739856801909253;spy
2000-12-27;10943,651832745449;10835,661671323342;0,0;0,731995277449804;-0,731995277449804;spy
2000-12-28;10943,651832745449;10868,681737363475;0,0;0,30473511486170946;-0,30473511486170946;spy
2000-12-29;10943,651832745449;10662,941325882652;0,0;-1,8929656461790123;1,8929656461790123;strategy
2001-01-02;10943,651832745449;10469,900939801879;0,0;-1,8103858980466958;1,8103858980466958;strategy
2001-01-03;10943,651832745449;10972,821945643891;0,0;4,8034934497816595;-4,8034934497816595;spy
2001-01-04;10943,651832745449;10854,71170942342;0,0;-1,0763888888888795;1,0763888888888795;strategy
2001-01-05;10943,651832745449;10500,381000762003;0,0;-3,264303264303259;3,264303264303259;strategy
2001-01-08;10943,651832745449;10581,661163322327;0,0;0,7740686985969969;-0,7740686985969969;spy
2001-01-09;10943,651832745449;10553,721107442216;0,0;-0,2640422467594772;0,2640422467594772;strategy
2001-01-10;10943,651832745449;10739,141478282956;0,0;1,7569193742478895;-1,7569193742478895;spy
2001-01-11;10943,651832745449;10749,301498602998;0,0;0,09460737937558861;-0,09460737937558861;spy
2001-01-12;10943,651832745449;10728,981457962916;0,0;-0,1890359168241984;0,1890359168241984;strategy
2001-01-16;10943,651832745449;10797,56159512319;0,0;0,6392045454545414;-0,6392045454545414;spy
2001-01-17;10943,651832745449;10847,091694183388;0,0;0,4587155963302614;-0,4587155963302614;spy
2001-01-18;10943,651832745449;10955,04191008382;0,0;0,9951996253366291;-0,9951996253366291;spy
2001-01-19;10943,651832745449;10892,811785623571;0,0;-0,5680500811500178;0,5680500811500178;strategy
2001-01-22;10943,651832745449;10965,20193040386;0,0;0,6645680307799884;-0,6645680307799884;spy
2001-01-23;10943,651832745449;11051,562103124206;0,0;0,7875839703497922;-0,7875839703497922;spy
2001-01-24;10943,651832745449;11084,58216916434;0,0;0,2987818892208782;-0,2987818892208782;spy
2001-01-25;10943,651832745449;11056,642113284228;0,0;-0,25206232813932417;0,25206232813932417;strategy
2001-01-26;10943,651832745449;11043,942087884176;0,0;-0,11486331265795346;0,11486331265795346;strategy
2001-01-29;10943,651832745449;11102,870701835154;0,0;0,5335831488615606;-0,5335831488615606;spy
2001-01-30;10943,651832745449;11200,406648860173;0,0;0,8784750326678692;-0,8784750326678692;spy
2001-01-31;10943,651832745449;11137,008221282067;0,0;-0,566036837462125;0,566036837462125;strategy
2001-02-01;10943,651832745449;11210,972226631951;0,0;0,6641281381883468;-0,6641281381883468;spy
2001-02-02;10943,651832745449;10956,566161179198;0,0;-2,2692596173631063;2,2692596173631063;strategy
2001-02-05;10943,651832745449;11037,032728362332;0,0;0,7344141038297058;-0,7344141038297058;spy
2001-02-06;10943,651832745449;11004,521159432943;0,0;-0,2945680214016422;0,2945680214016422;strategy
2001-02-07;10943,651832745449;10947,625293688088;0,0;-0,5170226393365951;0,5170226393365951;strategy
2001-02-08;10943,651832745449;10820,014843154686;0,0;-1,1656450336035573;1,1656450336035573;strategy
2001-02-09;10943,651832745449;10715,976334296418;0,0;-0,9615375798129211;0,9615375798129211;strategy
2001-02-12;10943,651832745449;10838,710173514097;0,0;1,1453351088959618;-1,1453351088959618;spy
2001-02-13;10943,651832745449;10750,113853743333;0,0;-0,8174064842813245;0,8174064842813245;strategy
2001-02-14;10943,651832745449;10733,858069278638;0,0;-0,15121499814658712;0,15121499814658712;strategy
2001-02-15;10943,651832745449;10837,896578136906;0,0;0,9692554921704843;-0,9692554921704843;spy
2001-02-16;10943,651832745449;10598,932701771653;0,0;-2,2048916470314928;2,2048916470314928;strategy
2001-02-20;10943,651832745449;10435,560021510668;0,0;-1,5414069025429078;1,5414069025429078;strategy
2001-02-21;10943,651832745449;10210,414244070676;0,0;-2,15748629662329;2,15748629662329;strategy
2001-02-22;10943,651832745449;10225,857053276608;0,0;0,1512456677739582;-0,1512456677739582;spy
2001-02-23;10943,651832745449;10156,769039124016;0,0;-0,6756207699036287;0,6756207699036287;strategy
2001-02-26;10943,651832745449;10372,974569191327;0,0;2,128684124198199;-2,128684124198199;spy
2001-02-27;10943,651832745449;10277,063952565404;0,0;-0,9246201847518787;0,9246201847518787;strategy
2001-02-28;10943,651832745449;10074,675901304929;0,0;-1,9693178148410206;1,9693178148410206;strategy
2001-03-01;10943,651832745449;10127,508130992825;0,0;0,5244062459721643;-0,5244062459721643;spy
2001-03-02;10943,651832745449;10047,040943691263;0,0;-0,7945408313750013;0,7945408313750013;strategy
2001-03-05;10943,651832745449;10138,887304141796;0,0;0,914163294101078;-0,914163294101078;spy
2001-03-06;10943,651832745449;10247,803044434211;0,0;1,0742376064079906;-1,0742376064079906;spy
2001-03-07;10943,651832745449;10320,955314762192;0,0;0,7138336871892914;-0,7138336871892914;spy
2001-03-08;10943,651832745449;10332,334487911163;0,0;0,11025309965924102;-0,11025309965924102;spy
2001-03-09;10943,651832745449;10026,72090305118;0,0;-2,9578367330011512;2,9578367330011512;strategy
2001-03-12;10943,651832745449;9597,561743951612;0,0;-4,280154631300981;4,280154631300981;strategy
2001-03-13;10943,651832745449;9755,244837638113;0,0;1,6429495104407499;-1,6429495104407499;spy
2001-03-14;10943,651832745449;9562,611249245936;0,0;-1,9746668750839413;1,9746668750839413;strategy
2001-03-15;10943,651832745449;9565,049554903797;0,0;0,025498324613515422;-0,025498324613515422;spy
2001-03-16;10943,651832745449;9348,031669696153;0,0;-2,2688631560343953;2,2688631560343953;strategy
2001-03-19;10943,651832745449;9538,226952430468;0,0;2,0346024645046867;-2,0346024645046867;spy
2001-03-20;10943,651832745449;9282,194316341758;0,0;-2,684279136632095;2,684279136632095;strategy
2001-03-21;10943,651832745449;9124,51122265526;0,0;-1,6987695830595784;1,6987695830595784;strategy
2001-03-22;10943,651832745449;9031,851886945962;0,0;-1,0154991697443827;1,0154991697443827;strategy
2001-03-23;10943,651832745449;9304,953282758128;0,0;3,023758573885482;-3,023758573885482;spy
2001-03-26;10943,651832745449;9423,62224568199;0,0;1,2753310985854638;-1,2753310985854638;spy
2001-03-27;10943,651832745449;9616,255834074169;0,0;2,0441565182692356;-2,0441565182692356;spy
2001-03-28;10943,651832745449;9350,469975354014;0,0;-2,763922500671956;2,763922500671956;strategy
2001-03-29;10943,651832745449;9386,233445318452;0,0;0,3824777798196566;-0,3824777798196566;spy
2001-03-30;10943,651832745449;9484,582367602234;0,0;1,0477996616718999;-1,0477996616718999;spy
2001-04-02;10943,651832745449;9282,194316341758;0,0;-2,1338636053370164;2,1338636053370164;strategy
2001-04-03;10943,651832745449;8972,517095424815;0,0;-3,3362501404623823;3,3362501404623823;strategy
2001-04-04;10943,651832745449;9009,905895788354;0,0;0,41670358457832624;-0,41670358457832624;spy
2001-04-05;10943,651832745449;9351,282950612775;0,0;3,788908105954758;-3,788908105954758;spy
2001-04-06;10943,651832745449;9209,042666132205;0,0;-1,5210777519168994;1,5210777519168994;strategy
2001-04-09;10943,651832745449;9311,45522447295;0,0;1,1120869134137346;-1,1120869134137346;spy
2001-04-10;10943,651832745449;9481,33108668561;0,0;1,8243750103225764;-1,8243750103225764;spy
2001-04-11;10943,651832745449;9487,83364851886;0,0;0,06858279469199591;-0,06858279469199591;spy
2001-04-12;10943,651832745449;9660,147196270955;0,0;1,8161527081473894;-1,8161527081473894;spy
2001-04-16;10943,651832745449;9558,54699307055;0,0;-1,0517459116940353;1,0517459116940353;strategy
2001-04-17;10943,651832745449;9693,472360577534;0,0;1,4115677582042352;-1,4115677582042352;spy
2001-04-18;10943,651832745449;10078,740157480315;0,0;3,974507612665512;-3,974507612665512;spy
2001-04-19;10943,651832745449;10212,852549728537;0,0;1,3306463918378197;-1,3306463918378197;spy
2001-04-20;10943,651832745449;10119,380238760477;0,0;-0,9152419513835497;0,9152419513835497;strategy
2001-04-23;10943,651832745449;9935,686897740981;0,0;-1,815262760024483;1,815262760024483;strategy
2001-04-24;10943,651832745449;9882,04231291275;0,0;-0,5399182299155147;0,5399182299155147;strategy
2001-04-25;10943,651832745449;10011,277473726823;0,0;1,3077778532196938;-1,3077778532196938;spy
2001-04-26;10943,651832745449;10055,981811182373;0,0;0,4465397904799939;-0,4465397904799939;spy
2001-04-27;10943,651832745449;10223,418747618744;0,0;1,6650481233983383;-1,6650481233983383;spy
2001-04-30;10943,651832745449;10294,945687547624;0,0;0,699638170896022;-0,699638170896022;spy
2001-05-01;10943,651832745449;10326,644901336676;0,0;0,3079104518967313;-0,3079104518967313;spy
2001-05-02;10943,651832745449;10307,950191095693;0,0;-0,18103372798810025;0,18103372798810025;strategy
2001-05-03;10943,651832745449;10177,089079764097;0,0;-1,269516333563947;1,269516333563947;strategy
2001-05-04;10943,651832745449;10350,215602774955;0,0;1,70113990016163;-1,70113990016163;spy
2001-05-07;10943,651832745449;10260,807547982282;0,0;-0,8638279454652342;0,8638279454652342;strategy
2001-05-08;10943,651832745449;10255,930936666562;0,0;-0,04752658397416676;0,04752658397416676;strategy
2001-05-09;10943,651832745449;10212,852549728537;0,0;-0,4200339023736288;0,4200339023736288;strategy
2001-05-10;10943,651832745449;10242,925813000063;0,0;0,2944648728168131;-0,2944648728168131;spy
2001-05-11;10943,651832745449;10172,212468448373;0,0;-0,6903627522318101;0,6903627522318101;strategy
2001-05-14;10943,651832745449;10192,532509088456;0,0;0,1997602852192637;-0,1997602852192637;spy
2001-05-15;10943,651832745449;10239,675152201866;0,0;0,4625213907473391;-0,4625213907473391;spy
2001-05-16;10943,651832745449;10481,076714106553;0,0;2,357511916310928;-2,357511916310928;spy
2001-05-17;10943,651832745449;10497,332498571248;0,0;0,15509651258267532;-0,15509651258267532;spy
2001-05-18;10943,651832745449;10545,288737061848;0,0;0,45684214058312467;-0,45684214058312467;spy
2001-05-21;10943,651832745449;10700,53290497206;0,0;1,4721661187388824;-1,4721661187388824;spy
2001-05-22;10943,651832745449;10686,715426165227;0,0;-0,1291288847905303;0,1291288847905303;strategy
2001-05-23;10943,651832745449;10505,461010922021;0,0;-1,6960722543376106;1,6960722543376106;strategy
2001-05-24;10943,651832745449;10536,34786957074;0,0;0,29400764627660614;-0,29400764627660614;spy
2001-05-25;10943,651832745449;10411,989320072391;0,0;-1,1802813559098624;1,1802813559098624;strategy
2001-05-29;10943,651832745449;10329,083206994539;0,0;-0,7962562247160965;0,7962562247160965;strategy
2001-05-30;10943,651832745449;10184,404616856109;0,0;-1,4006914964191375;1,4006914964191375;strategy
2001-05-31;10943,651832745449;10237,236226425579;0,0;0,5187501042724474;-0,5187501042724474;spy
2001-06-01;10943,651832745449;10300,635274122109;0,0;0,6192984736727691;-0,6192984736727691;spy
2001-06-04;10943,651832745449;10350,215602774955;0,0;0,481332726898942;-0,481332726898942;spy
2001-06-05;10943,651832745449;10468,885185817247;0,0;1,1465421358998196;-1,1465421358998196;spy
2001-06-06;10943,651832745449;10381,915436682437;0,0;-0,8307450849937004;0,8307450849937004;strategy
2001-06-07;10943,651832745449;10419,304237045973;0,0;0,3601339328138886;-0,3601339328138886;spy
2001-06-08;10943,651832745449;10322,58064516129;0,0;-0,9283114273675008;0,9283114273675008;strategy
2001-06-11;10943,651832745449;10249,428374833311;0,0;-0,7086626188022915;0,7086626188022915;strategy
2001-06-12;10943,651832745449;10231,54663985109;0,0;-0,1744656807020295;0,1744656807020295;strategy
2001-06-13;10943,651832745449;10143,764535575945;0,0;-0,8579553743442991;0,8579553743442991;strategy
2001-06-14;10943,651832745449;9916,179832359665;0,0;-2,2435921340455134;2,2435921340455134;strategy
2001-06-15;10943,651832745449;9903,987683951931;0,0;-0,12295207039254574;0,12295207039254574;strategy
2001-06-18;10943,651832745449;9856,032685698185;0,0;-0,4841988882059223;0,4841988882059223;strategy
2001-06-19;10943,651832745449;9899,111072636208;0,0;0,4370763400626032;-0,4370763400626032;spy
2001-06-20;10943,651832745449;9951,130327065342;0,0;0,5254941988976247;-0,5254941988976247;spy
2001-06-21;10943,651832745449;10064,109703414719;0,0;1,1353421434155297;-1,1353421434155297;spy
2001-06-22;10943,651832745449;9985,267846512255;0,0;-0,7833962389709681;0,7833962389709681;strategy
2001-06-25;10943,651832745449;9893,421486061721;0,0;-0,919818695525676;0,919818695525676;strategy
2001-06-26;10943,651832745449;9879,604007254888;0,0;-0,13966329875160222;0,13966329875160222;strategy
2001-06-27;10943,651832745449;9873,914420680405;0,0;-0,05758921683809426;0,05758921683809426;strategy
2001-06-28;10943,651832745449;9928,371980767399;0,0;0,5515295937033482;-0,5515295937033482;spy
2001-06-29;10943,651832745449;9964,947805872174;0,0;0,36839700582962376;-0,36839700582962376;spy
2001-07-02;10943,651832745449;10089,306355370521;0,0;1,2479598681396586;-1,2479598681396586;spy
2001-07-03;10943,651832745449;10086,868049712662;0,0;-0,024167227874505315;0,024167227874505315;strategy
2001-07-05;10943,651832745449;9890,170205145097;0,0;-1,9500388385983558;1,9500388385983558;strategy
2001-07-06;10943,651832745449;9676,403600854075;0,0;-2,161404706461123;2,161404706461123;strategy
2001-07-09;10943,651832745449;9729,235210423547;0,0;0,5459839393719523;-0,5459839393719523;spy
2001-07-10;10943,651832745449;9612,19219801721;0,0;-1,2030032153086512;1,2030032153086512;strategy
2001-07-11;10943,651832745449;9621,945420648652;0,0;0,10146720363595207;-0,10146720363595207;spy
2001-07-12;10943,651832745449;9850,343099123696;0,0;2,3737162131984624;-2,3737162131984624;spy
2001-07-13;10943,651832745449;9935,686897740981;0,0;0,8664043247882169;-0,8664043247882169;spy
2001-07-16;10943,651832745449;9811,328348242634;0,0;-1,2516351489157973;1,2516351489157973;strategy
2001-07-17;10943,651832745449;9903,174708693168;0,0;0,9361256416108521;-0,9361256416108521;spy
2001-07-18;10943,651832745449;9835,712645058104;0,0;-0,6812165352979682;0,6812165352979682;strategy
2001-07-19;10943,651832745449;9921,869418934151;0,0;0,8759586314199375;-0,8759586314199375;spy
2001-07-20;10943,651832745449;9862,534627413004;0,0;-0,598020282426992;0,598020282426992;strategy
2001-07-23;10943,651832745449;9668,275088503304;0,0;-1,9696715524805786;1,9696715524805786;strategy
2001-07-24;10943,651832745449;9574,80339765367;0,0;-0,966787663714519;0,966787663714519;strategy
2001-07-25;10943,651832745449;9680,467236911038;0,0;1,1035614504968372;-1,1035614504968372;spy
2001-07-26;10943,651832745449;9782,067440111443;0,0;1,0495382166370026;-1,0495382166370026;spy
2001-07-27;10943,651832745449;9819,456240474981;0,0;0,3822177734148946;-0,3822177734148946;spy
2001-07-30;10943,651832745449;9822,707521391605;0,0;0,03311060039374869;-0,03311060039374869;spy
2001-07-31;10943,651832745449;9863,347602671769;0,0;0,4137360416327063;-0,4137360416327063;spy
2001-08-01;10943,651832745449;9925,120699850775;0,0;0,626289366120214;-0,626289366120214;spy
2001-08-02;10943,651832745449;9965,760781130937;0,0;0,4094668720832084;-0,4094668720832084;spy
2001-08-03;10943,651832745449;9911,303221043941;0,0;-0,5464465913139871;0,5464465913139871;strategy
2001-08-06;10943,651832745449;9778,003804054482;0,0;-1,3449232055218974;1,3449232055218974;strategy
2001-08-07;10943,651832745449;9816,204959558358;0,0;0,3906846046432877;-0,3906846046432877;spy
2001-08-08;10943,651832745449;9634,137569056387;0,0;-1,85476353898546;1,85476353898546;strategy
2001-08-09;10943,651832745449;9662,585501928816;0,0;0,2952826100781403;-0,2952826100781403;spy
2001-08-10;10943,651832745449;9695,910666235395;0,0;0,3448886874007684;-0,3448886874007684;spy
2001-08-13;10943,651832745449;9698,348971893256;0,0;0,025147773549027974;-0,025147773549027974;spy
2001-08-14;10943,651832745449;9694,28471571787;0,0;-0,04190668109762541;0,04190668109762541;strategy
2001-08-15;10943,651832745449;9610,56624749968;0,0;-0,8635858206480274;0,8635858206480274;strategy
2001-08-16;10943,651832745449;9643,891411806262;0,0;0,3467554715129495;-0,3467554715129495;spy
2001-08-17;10943,651832745449;9489,458978917957;0,0;-1,6013497694431278;1,6013497694431278;strategy
2001-08-20;10943,651832745449;9577,24170331153;0,0;0,9250551015457686;-0,9250551015457686;spy
2001-08-21;10943,651832745449;9413,86840293212;0,0;-1,70584919374982;1,70584919374982;strategy
2001-08-22;10943,651832745449;9511,404349957138;0,0;1,0360878530513595;-1,0360878530513595;spy
2001-08-23;10943,651832745449;9477,266830510223;0,0;-0,3589114518832148;0,3589114518832148;strategy
2001-08-24;10943,651832745449;9673,964675077788;0,0;2,075470154900927;-2,075470154900927;spy
2001-08-27;10943,651832745449;9616,255834074169;0,0;-0,5965376445118742;0,5965376445118742;strategy
2001-08-28;10943,651832745449;9475,641500111124;0,0;-1,4622565829082168;1,4622565829082168;strategy
2001-08-29;10943,651832745449;9391,110056634176;0,0;-0,8920920391084497;0,8920920391084497;strategy
2001-08-30;10943,651832745449;9210,667996531305;0,0;-1,9214135391310894;1,9214135391310894;strategy
2001-08-31;10943,651832745449;9278,1306802848;0,0;0,7324407282826906;-0,7324407282826906;spy
2001-09-04;10943,651832745449;9218,795888763654;0,0;-0,6395123496937383;0,6395123496937383;strategy
2001-09-05;10943,651832745449;9241,554235061596;0,0;0,24686896827470495;-0,24686896827470495;spy
2001-09-06;10943,651832745449;9003,403333955106;0,0;-2,576957241704725;2,576957241704725;strategy
2001-09-07;10943,651832745449;8836,779372777495;0,0;-1,8506775160145428;1,8506775160145428;strategy
2001-09-10;10943,651832745449;8944,88213781115;0,0;1,2233276454391762;-1,2233276454391762;spy
2001-09-17;10943,651832745449;8477,52120308928;0,0;-5,224897628849423;5,224897628849423;strategy
2001-09-18;10943,651832745449;8457,201162449199;0,0;-0,2396931857000406;0,2396931857000406;strategy
2001-09-19;10943,651832745449;8286,512324977775;0,0;-2,018266258455559;2,018266258455559;strategy
2001-09-20;10943,651832745449;8023,164771915481;0,0;-3,178026445076221;3,178026445076221;strategy
2001-09-21;10943,651832745449;7906,93411464948;0,0;-1,4486883987832044;1,4486883987832044;strategy
2001-09-24;10943,651832745449;8184,91212177737;0,0;3,515623161863335;-3,515623161863335;spy
2001-09-25;10943,651832745449;8270,25654051308;0,0;1,0427041544971205;-1,0427041544971205;spy
2001-09-26;10943,651832745449;8240,99563238189;0,0;-0,3538089536624711;0,3538089536624711;strategy
2001-09-27;10943,651832745449;8312,521952192343;0,0;0,8679329901523092;-0,8679329901523092;spy
2001-09-28;10943,651832745449;8488,90037623825;0,0;2,121840099314154;-2,121840099314154;spy
2001-10-01;10943,651832745449;8475,082277312991;0,0;-0,1627784319855885;0,1627784319855885;strategy
2001-10-02;10943,651832745449;8581,559711947548;0,0;1,2563587131134701;-1,2563587131134701;spy
2001-10-03;10943,651832745449;8725,425326827217;0,0;1,6764506652488187;-1,6764506652488187;spy
2001-10-04;10943,651832745449;8732,740863919227;0,0;0,08384161021375292;-0,08384161021375292;spy
2001-10-05;10943,651832745449;8715,67210419577;0,0;-0,19545707343704422;0,19545707343704422;strategy
2001-10-08;10943,651832745449;8658,775618332487;0,0;-0,6528066359436813;0,6528066359436813;strategy
2001-10-09;10943,651832745449;8612,445950477839;0,0;-0,5350602659867865;0,5350602659867865;strategy
2001-10-10;10943,651832745449;8804,26718372968;0,0;2,2272561634038235;-2,2272561634038235;spy
2001-10-11;10943,651832745449;8940,817881635763;0,0;1,5509604042733827;-1,5509604042733827;spy
2001-10-12;10943,651832745449;8900,177800355601;0,0;-0,4545454545454519;0,4545454545454519;strategy
2001-10-15;10943,651832745449;8883,922015890907;0,0;-0,18264561483305464;0,18264561483305464;strategy
2001-10-16;10943,651832745449;8940,004906376998;0,0;0,6312852632629484;-0,6312852632629484;spy
2001-10-17;10943,651832745449;8749,809623642685;0,0;-2,127462845111483;2,127462845111483;strategy
2001-10-18;10943,651832745449;8731,114913401703;0,0;-0,21365847995671317;0,21365847995671317;strategy
2001-10-19;10943,651832745449;8725,425326827217;0,0;-0,06516449080006259;0,06516449080006259;strategy
2001-10-22;10943,651832745449;8897,73949469774;0,0;1,9748512125904671;-1,9748512125904671;spy
2001-10-23;10943,651832745449;8852,222802101855;0,0;-0,5115534414444234;0,5115534414444234;strategy
2001-10-24;10943,651832745449;8828,65148054515;0,0;-0,26627573755947376;0,26627573755947376;strategy
2001-10-25;10943,651832745449;8987,147549490412;0,0;1,7952466386800259;-1,7952466386800259;spy
2001-10-26;10943,651832745449;8966,82750885033;0,0;-0,22610111304151026;0,22610111304151026;strategy
2001-10-29;10943,651832745449;8733,553219059564;0,0;-2,601525339486266;2,601525339486266;strategy
2001-10-30;10943,651832745449;8628,70235506096;0,0;-1,2005521849890899;1,2005521849890899;strategy
2001-10-31;10943,651832745449;8599,441446929768;0,0;-0,33911133942439164;0,33911133942439164;strategy
2001-11-01;10943,651832745449;8819,71061305404;0,0;2,5614357337465643;-2,5614357337465643;spy
2001-11-02;10943,651832745449;8879,85775971552;0,0;0,6819628137510136;-0,6819628137510136;spy
2001-11-05;10943,651832745449;8996,088416981522;0,0;1,3089247644629598;-1,3089247644629598;spy
2001-11-06;10943,651832745449;9135,89039580423;0,0;1,554030733610956;-1,554030733610956;spy
2001-11-07;10943,651832745449;9123,698247396494;0,0;-0,13345331302720975;0,13345331302720975;strategy
2001-11-08;10943,651832745449;9152,146180268923;0,0;0,31180264955108505;-0,31180264955108505;spy
2001-11-09;10943,651832745449;9161,900023018796;0,0;0,1065743767391103;-0,1065743767391103;spy
2001-11-12;10943,651832745449;9105,816512414276;0,0;-0,6121384261300933;0,6121384261300933;strategy
2001-11-13;10943,651832745449;9310,642869332612;0,0;2,2494013210027752;-2,2494013210027752;spy
2001-11-14;10943,651832745449;9319,583736823723;0,0;0,09602846566652001;-0,09602846566652001;spy
2001-11-15;10943,651832745449;9336,652496547182;0,0;0,1831493788291949;-0,1831493788291949;spy
2001-11-16;10943,651832745449;9295,199440008255;0,0;-0,44398200055379977;0,44398200055379977;strategy
2001-11-19;10943,651832745449;9409,804146756731;0,0;1,2329451077208287;-1,2329451077208287;spy
2001-11-20;10943,651832745449;9330,962909972694;0,0;-0,8378626755075613;0,8378626755075613;strategy
2001-11-21;10943,651832745449;9269,189812793687;0,0;-0,6620227491525466;0,6620227491525466;strategy
2001-11-23;10943,651832745449;9402,489229783148;0,0;1,4380913508263315;-1,4380913508263315;spy
2001-11-26;10943,651832745449;9422,809270423228;0,0;0,2161134157507405;-0,2161134157507405;spy
2001-11-27;10943,651832745449;9382,169189143066;0,0;-0,43129474569463255;0,43129474569463255;strategy
2001-11-28;10943,651832745449;9212,293326930405;0,0;-1,8106245878537264;1,8106245878537264;strategy
2001-11-29;10943,651832745449;9336,652496547182;0,0;1,349926290918635;-1,349926290918635;spy
2001-11-30;10943,651832745449;9270,00278805245;0,0;-0,7138501568884514;0,7138501568884514;strategy
2001-12-03;10943,651832745449;9214,732252706694;0,0;-0,596229975432061;0,596229975432061;strategy
2001-12-04;10943,651832745449;9370,790015994095;0,0;1,693568071297591;-1,693568071297591;spy
2001-12-05;10943,651832745449;9542,291208605855;0,0;1,8301679188098552;-1,8301679188098552;spy
2001-12-06;10943,651832745449;9537,413977171705;0,0;-0,051111743789067354;0,051111743789067354;strategy
2001-12-07;10943,651832745449;9474,015549593601;0,0;-0,6647339386740669;0,6647339386740669;strategy
2001-12-10;10943,651832745449;9296,824770407353;0,0;-1,8702817011298833;1,8702817011298833;strategy
2001-12-11;10943,651832745449;9278,1306802848;0,0;-0,2010803751196666;0,2010803751196666;strategy
2001-12-12;10943,651832745449;9288,696878175007;0,0;0,11388283108213493;-0,11388283108213493;spy
2001-12-13;10943,651832745449;9108,254818072137;0,0;-1,9425982187753599;1,9425982187753599;strategy
2001-12-14;10943,651832745449;9195,224567206946;0,0;0,9548453668890344;-0,9548453668890344;spy
2001-12-17;10943,651832745449;9290,322828692531;0,0;1,034213583262944;-1,034213583262944;spy
2001-12-18;10943,651832745449;9345,59336403829;0,0;0,594925885406905;-0,594925885406905;spy
2001-12-19;10943,651832745449;9411,430097274257;0,0;0,7044681987695478;-0,7044681987695478;spy
2001-12-20;10943,651832745449;9318,770761564962;0,0;-0,9845404444552064;0,9845404444552064;strategy
2001-12-21;10943,651832745449;9343,154438262003;0,0;0,2616619436289991;-0,2616619436289991;spy
2001-12-24;10943,651832745449;9325,273323398209;0,0;-0,19138198969042008;0,19138198969042008;strategy
2001-12-26;10943,651832745449;9376,479602568581;0,0;0,5491129041964804;-0,5491129041964804;spy
2001-12-27;10943,651832745449;9433,375468313438;0,0;0,60679346787329;-0,60679346787329;spy
2001-12-28;10943,651832745449;9428,498856997714;0,0;-0,051695295412590436;0,051695295412590436;strategy
2001-12-31;10943,651832745449;9290,322828692531;0,0;-1,4655146105536199;1,4655146105536199;strategy
2002-01-02;10943,651832745449;9390,297081375413;0,0;1,0761117188965441;-1,0761117188965441;spy
2002-01-03;10943,651832745449;9496,773895891542;0,0;1,133902512278473;-1,133902512278473;spy
2002-01-04;10943,651832745449;9560,172943588075;0,0;0,6675851019677381;-0,6675851019677381;spy
2002-01-07;10943,651832745449;9492,710259834583;0,0;-0,705663842605897;0,705663842605897;strategy
2002-01-08;10943,651832745449;9470,764268676974;0,0;-0,23118783315726477;0,23118783315726477;strategy
2002-01-09;10943,651832745449;9393,548362292036;0,0;-0,8153080806827417;0,8153080806827417;strategy
2002-01-10;10943,651832745449;9435,001418830961;0,0;0,441292842067309;-0,441292842067309;spy
2002-01-11;10943,651832745449;9342,342083121664;0,0;-0,9820807819314381;0,9820807819314381;strategy
2002-01-14;10943,651832745449;9283,820266859284;0,0;-0,6264148298327554;0,6264148298327554;strategy
2002-01-15;10943,651832745449;9359,410842845124;0,0;0,8142184339315239;-0,8142184339315239;spy
2002-01-16;10943,651832745449;9170,027915251143;0,0;-2,0234492402772974;2,0234492402772974;strategy
2002-01-17;10943,651832745449;9239,115929403735;0,0;0,753411165059692;-0,753411165059692;spy
2002-01-18;10943,651832745449;9196,850517724473;0,0;-0,45746164462284744;0,45746164462284744;strategy
2002-01-22;10943,651832745449;9133,45209014637;0,0;-0,6893493316643573;0,6893493316643573;strategy
2002-01-23;10943,651832745449;9203,35307955772;0,0;0,7653293488752544;-0,7653293488752544;spy
2002-01-24;10943,651832745449;9231,801012430149;0,0;0,30910400401367166;-0,30910400401367166;spy
2002-01-25;10943,651832745449;9229,362706772286;0,0;-0,026412025720434773;0,026412025720434773;strategy
2002-01-28;10943,651832745449;9254,559358728093;0,0;0,2730053282803402;-0,2730053282803402;spy
2002-01-29;10943,651832745449;8963,576227933707;0,0;-3,1442137817178306;3,1442137817178306;strategy
2002-01-30;10943,651832745449;9092,812008866207;0,0;1,441788161847235;-1,441788161847235;spy
2002-01-31;10943,651832745449;9199,288823382334;0,0;1,1709998448478087;-1,1709998448478087;spy
2002-02-01;10943,651832745449;9156,210436444311;0,0;-0,4682795351367619;0,4682795351367619;strategy
2002-02-04;10943,651832745449;8928,62573322803;0,0;-2,4855774645636153;2,4855774645636153;strategy
2002-02-05;10943,651832745449;8873,355197882272;0,0;-0,6190262308797045;0,6190262308797045;strategy
2002-02-06;10943,651832745449;8835,153422259971;0,0;-0,4305223308475048;0,4305223308475048;strategy
2002-02-07;10943,651832745449;8779,88288691421;0,0;-0,6255752753144939;0,6255752753144939;strategy
2002-02-08;10943,651832745449;8948,132798609347;0,0;1,916311571147511;-1,916311571147511;spy
2002-02-11;10943,651832745449;9057,861514160526;0,0;1,226275000838517;-1,226275000838517;spy
2002-02-12;10943,651832745449;9029,412961169674;0,0;-0,31407582183032856;0,31407582183032856;strategy
2002-02-13;10943,651832745449;9125,323577795592;0,0;1,062202128071621;-1,062202128071621;spy
2002-02-14;10943,651832745449;9108,254818072137;0,0;-0,18704826823882081;0,18704826823882081;strategy
2002-02-15;10943,651832745449;9013,157176704979;0,0;-1,0440819154342251;1,0440819154342251;strategy
2002-02-19;10943,651832745449;8840,03065369412;0,0;-1,9208199703685813;1,9208199703685813;strategy
2002-02-20;10943,651832745449;8988,77287988951;0,0;1,6825985341264893;-1,6825985341264893;spy
2002-02-21;10943,651832745449;8802,64185333058;0,0;-2,0707056351969677;2,0707056351969677;strategy
2002-02-22;10943,651832745449;8911,556973504572;0,0;1,2373003694655882;-1,2373003694655882;spy
2002-02-25;10943,651832745449;9058,673869300865;0,0;1,6508551337739652;-1,6508551337739652;spy
2002-02-26;10943,651832745449;9039,97977917831;0,0;-0,20636674189041804;0,20636674189041804;strategy
2002-02-27;10943,651832745449;9074,930273883985;0,0;0,3866213814568198;-0,3866213814568198;spy
2002-02-28;10943,651832745449;9034,290192603823;0,0;-0,44782802791463183;0,44782802791463183;strategy
2002-03-01;10943,651832745449;9244,805515978218;0,0;2,330181108713325;-2,330181108713325;spy
2002-03-04;10943,651832745449;9408,178816357633;0,0;1,7671902356090508;-1,7671902356090508;spy
2002-03-05;10943,651832745449;9378,104932967677;0,0;-0,3196568005028544;0,3196568005028544;strategy
2002-03-06;10943,651832745449;9489,458978917957;0,0;1,1873832372980564;-1,1873832372980564;spy
2002-03-07;10943,651832745449;9469,138938277876;0,0;-0,21413276231263545;0,21413276231263545;strategy
2002-03-08;10943,651832745449;9508,966044299275;0,0;0,42059902469486765;-0,42059902469486765;spy
2002-03-11;10943,651832745449;9529,286084939356;0,0;0,21369348197708415;-0,21369348197708415;spy
2002-03-12;10943,651832745449;9523,596498364872;0,0;-0,05970632557119604;0,05970632557119604;strategy
2002-03-13;10943,651832745449;9431,75013791434;0,0;-0,9644083563000727;0,9644083563000727;strategy
2002-03-14;10943,651832745449;9418,745014247841;0,0;-0,1378866432669823;0,1378866432669823;strategy
2002-03-15;10943,651832745449;9481,33108668561;0,0;0,6644841997855755;-0,6644841997855755;spy
2002-03-18;10943,651832745449;9482,95641708471;0,0;0,017142428465377613;-0,017142428465377613;spy
2002-03-19;10943,651832745449;9546,354844662816;0,0;0,6685512912817604;-0,6685512912817604;spy
2002-03-20;10943,651832745449;9366,725759818706;0,0;-1,881651036097165;1,881651036097165;strategy
2002-03-21;10943,651832745449;9370,790015994095;0,0;0,043390361579964676;-0,043390361579964676;spy
2002-03-22;10943,651832745449;9350,469975354014;0,0;-0,21684447741757706;0,21684447741757706;strategy
2002-03-25;10943,651832745449;9234,239318088012;0,0;-1,2430461524646663;1,2430461524646663;strategy
2002-03-26;10943,651832745449;9287,883902916243;0,0;0,5809312817261825;-0,5809312817261825;spy
2002-03-27;10943,651832745449;9312,268199731712;0,0;0,2625387770815335;-0,2625387770815335;spy
2002-03-28;10943,651832745449;9308,203943556324;0,0;-0,04364410569173138;0,04364410569173138;strategy
2002-04-01;10930,519450546151;9312,268199731712;-0,12000000000003119;0,04366316208834764;-0,16366316208837883;spy
2002-04-02;10840,915583267963;9261,06192056134;-0,819758545635374;-0,5498797722755411;-0,2698787733598329;spy
2002-04-03;10839,682768751007;9196,03754246571;-0,01137186714061933;-0,702126588218388;0,6907547210777687;strategy
2002-04-04;10786,30143417203;9157,83576684341;-0,49246214781180075;-0,41541561184251785;-0,0770465359692829;spy
2002-04-05;10823,453073569734;9159,461717360933;0,3444335356696415;0,017754746415210576;0,32667878925443095;strategy
2002-04-08;10887,600700569648;9178,968782742253;0,5926724730442867;0,2129717442275636;0,3797007288167231;strategy
2002-04-09;10873,43105203562;9114,757379905384;-0,13014482183653087;-0,6995492016226845;0,5694043797861537;strategy
2002-04-10;10960,917951862724;9217,983533623317;0,8045933193343568;1,132516746364609;-0,32792342703025223;spy
2002-04-11;10888,546485015622;8988,77287988951;-0,6602683020248579;-2,4865595918862726;1,8262912898614148;strategy
2002-04-12;10962,14055764144;9056,235563643004;0,6758851856590198;0,7505216190791586;-0,07463643342013881;spy
2002-04-15;10999,056264353832;8987,147549490412;0,3367563708774002;-0,7628778388887314;1,0996342097661316;strategy
2002-04-16;11089,171378788342;9200,914153781434;0,8192986040680417;2,3785812251757577;-1,559282621107716;spy
2002-04-17;11124,641438887003;9181,407088400114;0,3198621329498996;-0,21201225286188174;0,5318743858117814;strategy
2002-04-18;11121,27894287761;9141,579982378715;-0,030225657409854723;-0,43377998206524104;0,4035543246553863;strategy
2002-04-19;11113,667855219617;9174,904526566865;-0,06843716174269598;0,3645381241796919;-0,4329752859223879;spy
2002-04-22;11112,088919259539;9022,09804419609;-0,014207154475442962;-1,6654830786337782;1,6512759241583352;strategy
2002-04-23;11138,406611104063;8983,083293315023;0,2368383841755417;-0,4324354566969557;0,6692738408724974;strategy
2002-04-24;11092,070673141767;8892,862883382017;-0,41600149446962;-1,004336784900417;0,588335290430797;strategy
2002-04-25;11097,207081609098;8897,73949469774;0,04630702975747525;0,054837360922732614;-0,008530331165257365;spy
2002-04-26;11084,670660668708;8728,67660774384;-0,11296915384382267;-1,9000655959263146;1,787096442082492;strategy
2002-04-29;11040,175623717612;8685,598220805818;-0,4014105453667205;-0,4935271275808839;0,09211658221416341;strategy
2002-04-30;11089,508770248283;8766,878383366142;0,44685110284556906;0,9358038501668497;-0,4889527473212807;spy
2002-05-01;11103,775153727267;8874,168173141034;0,12864756928872012;1,2238083509685582;-1,095160781679838;spy
2002-05-02;11114,163890577875;8840,03065369412;0,09356040361749862;-0,38468416172497966;0,4782445653424783;strategy
2002-05-03;11124,146998792492;8744,120037068198;0,08982329496760588;-1,0849579643238294;1,1747812592914353;strategy
2002-05-06;11053,969822910693;8572,61884445644;-0,6308544456434917;-1,9613316363994104;1,3304771907559187;strategy
2002-05-07;11035,1664698225;8542,544961066485;-0,17010497938234614;-0,3508132571343858;0,18070827775203968;strategy
2002-05-08;11069,501698258242;8860,350694334202;0,31114372882037333;3,7202699513569693;-3,409126222536596;spy
2002-05-09;11048,241392063534;8757,937515875032;-0,19206199858168294;-1,1558591978154897;0,9637971992338068;strategy
2002-05-10;11000,993128085942;8592,93888509652;-0,4276541605212625;-1,8839895863544065;1,456335425833144;strategy
2002-05-13;11018,331510999878;8767,691358624907;0,15760743336590277;2,033675275306268;-1,8760678419403654;spy
2002-05-14;11034,02286514122;8958,699616617983;0,14241134536274735;2,178546782502555;-2,0361354371398077;spy
2002-05-15;11022,239310369077;8923,749121912306;-0,10679291602131435;-0,39012910580064064;0,2833361897793263;strategy
2002-05-16;11019,698133069916;8970,078789766954;-0,023055000237293122;0,5191726842800337;-0,5422276845173268;spy
2002-05-17;11028,920509559855;9013,970151963742;0,08368991943856763;0,4893085470649261;-0,4056186276263585;spy
2002-05-20;11030,875326540654;8916,433584820295;0,01772446341510303;-1,0820600190494023;1,0997844824645053;strategy
2002-05-21;10995,341121548887;8835,153422259971;-0,3221340459380495;-0,9115770536181511;0,5894430076801016;strategy
2002-05-22;10992,800700088177;8854,661107759715;-0,023104526113615353;0,22079622806090438;-0,24390075417451973;spy
2002-05-23;11051,877819953894;8948,94577386811;0,5374164553464844;1,0648026498243812;-0,5273861944778968;spy
2002-05-24;11032,812555003055;8834,341067119632;-0,17250701882006725;-1,2806503653551737;1,1081433465351065;strategy
2002-05-28;11037,353064077532;8786,38544874746;0,04115459273725808;-0,5428318649667863;0,5839864577040443;strategy
2002-05-29;11011,109149455546;8721,361690770254;-0,2377736262455854;-0,7400512799774273;0,5022776537318419;strategy
2002-05-30;11002,751762417325;8696,977393954789;-0,07589959308171856;-0,27959277094621315;0,2036931778644946;strategy
2002-05-31;11043,753270490954;8714,859128937009;0,3726477608417822;0,20560861747955794;0,16703914336222425;strategy
2002-06-03;10995,80815889635;8483,210789663768;-0,43413783720352983;-2,6580847245604944;2,2239468873569646;strategy
2002-06-04;10995,80815889635;8504,343185444182;0,0;0,24910846027972333;-0,24910846027972333;spy
2002-06-05;10995,80815889635;8583,99801760541;0,0;0,9366370855960149;-0,9366370855960149;spy
2002-06-06;10995,80815889635;8409,245544077025;0,0;-2,0357934982041748;2,0357934982041748;strategy
2002-06-07;10995,80815889635;8399,491701327153;0,0;-0,11598951057792961;0,11598951057792961;strategy
2002-06-10;10995,80815889635;8432,003890374966;0,0;0,38707329209786145;-0,38707329209786145;spy
2002-06-11;10995,80815889635;8287,325300236538;0,0;-1,715826890255323;1,715826890255323;strategy
2002-06-12;10995,80815889635;8337,719224266571;0,0;0,6080842998716918;-0,6080842998716918;spy
2002-06-13;10995,80815889635;8254,000756048386;0,0;-1,0040931574491707;1,0040931574491707;strategy
2002-06-14;10995,80815889635;8241,808607640653;0,0;-0,1477119855943787;0,1477119855943787;strategy
2002-06-17;10995,80815889635;8462,890749023687;0,0;2,6824469228523107;-2,6824469228523107;spy
2002-06-18;10995,80815889635;8531,978763176277;0,0;0,816364244812684;-0,816364244812684;spy
2002-06-19;10995,80815889635;8332,841992832422;0,0;-2,3340045242883467;2,3340045242883467;strategy
2002-06-20;10995,80815889635;8226,365178316293;0,0;-1,2777971142104438;1,2777971142104438;strategy
2002-06-21;10995,80815889635;8069,494439770129;0,0;-1,906926511840934;1,906926511840934;strategy
2002-06-24;10995,80815889635;8111,760471567817;0,0;0,5237754621823854;-0,5237754621823854;spy
2002-06-25;10995,80815889635;7929,692460947423;0,0;-2,244494413494491;2,244494413494491;strategy
2002-06-26;10995,80815889635;7942,697584613919;0,0;0,1640053978202216;-0,1640053978202216;spy
2002-06-27;10995,80815889635;8081,686588177864;0,0;1,7498967080552763;-1,7498967080552763;spy
2002-06-28;10995,80815889635;8043,484812555563;0,0;-0,4726955840898883;0,4726955840898883;strategy
2002-07-01;10995,80815889635;7886,614074009398;0,0;-1,9502832690290628;1,9502832690290628;strategy
2002-07-02;10995,80815889635;7719,177137573026;0,0;-2,1230522359166226;2,1230522359166226;strategy
2002-07-03;10995,80815889635;7763,068499769813;0,0;0,5686015674280398;-0,5686015674280398;spy
2002-07-05;10995,80815889635;8071,932745427992;0,0;3,9786360981786784;-3,9786360981786784;spy
2002-07-08;10995,80815889635;7971,145517486348;0,0;-1,2486133262040733;1,2486133262040733;strategy
2002-07-09;10995,80815889635;7770,383416743396;0,0;-2,5186104092885797;2,5186104092885797;strategy
2002-07-10;10995,80815889635;7487,528798299785;0,0;-3,640162953016246;3,640162953016246;strategy
2002-07-11;10995,80815889635;7548,488920220029;0,0;0,8141554251395622;-0,8141554251395622;spy
2002-07-12;10995,80815889635;7465,582807142177;0,0;-1,0983140328360563;1,0983140328360563;strategy
2002-07-15;10995,80815889635;7505,409913163577;0,0;0,5334761806311761;-0,5334761806311761;spy
2002-07-16;10995,80815889635;7360,731323025147;0,0;-1,9276574072880637;1,9276574072880637;strategy
2002-07-17;10995,80815889635;7375,361777090741;0,0;0,1987635932292342;-0,1987635932292342;spy
2002-07-18;10995,80815889635;7136,398520843916;0,0;-3,2400208080516135;3,2400208080516135;strategy
2002-07-19;10995,80815889635;6885,24249607093;0,0;-3,5193665830097864;3,5193665830097864;strategy
2002-07-22;10995,80815889635;6681,229114411353;0,0;-2,963052961112078;2,963052961112078;strategy
2002-07-23;10995,80815889635;6498,348748650622;0,0;-2,7372263789945506;2,7372263789945506;strategy
2002-07-24;10995,80815889635;6886,055471329693;0,0;5,966234464710407;-5,966234464710407;spy
2002-07-25;10995,80815889635;6827,53365506731;0,0;-0,8498597855628787;0,8498597855628787;strategy
2002-07-26;10995,80815889635;6957,581791140145;0,0;1,9047600882393878;-1,9047600882393878;spy
2002-07-29;10995,80815889635;7296,519920188278;0,0;4,871493274857941;-4,871493274857941;spy
2002-07-30;10995,80815889635;7391,618181673863;0,0;1,303337241942737;-1,303337241942737;spy
2002-07-31;10995,80815889635;7409,499916656084;0,0;0,24191908378812244;-0,24191908378812244;spy
2002-08-01;10995,80815889635;7216,052732886716;0,0;-2,6107994594144146;2,6107994594144146;strategy
2002-08-02;10995,80815889635;7054,305383024828;0,0;-2,2414934570077927;2,2414934570077927;strategy
2002-08-05;10995,80815889635;6808,838944826328;0,0;-3,47966844176012;3,47966844176012;strategy
2002-08-06;10995,80815889635;7038,048978441707;0,0;3,366360042772687;-3,366360042772687;spy
2002-08-07;10995,80815889635;7160,782197540958;0,0;1,7438528699529554;-1,7438528699529554;spy
2002-08-08;10995,80815889635;7392,4305368141995;0,0;3,23495859646159;-3,23495859646159;spy
2002-08-09;10995,80815889635;7420,066114546292;0,0;0,3738361502954701;-0,3738361502954701;spy
2002-08-12;10995,80815889635;7365,608554459298;0,0;-0,7339228417417409;0,7339228417417409;strategy
2002-08-13;10995,80815889635;7231,496162211074;0,0;-1,8207917411933283;1,8207917411933283;strategy
2002-08-14;10995,80815889635;7495,656690532131;0,0;3,6529166633794796;-3,6529166633794796;spy
2002-08-15;10995,80815889635;7599,695199390399;0,0;1,3879839105982672;-1,3879839105982672;spy
2002-08-16;10995,80815889635;7576,936853092457;0,0;-0,2994639350768602;0,2994639350768602;strategy
2002-08-19;10995,80815889635;7754,127632278703;0,0;2,338554255126568;-2,338554255126568;spy
2002-08-20;10995,80815889635;7672,0344944596145;0,0;-1,0587024319454352;1,0587024319454352;strategy
2002-08-21;10995,80815889635;7782,575565151131;0,0;1,440831252405661;-1,440831252405661;spy
2002-08-22;10995,80815889635;7858,16614113697;0,0;0,9712796920895883;-0,9712796920895883;spy
2002-08-23;10995,80815889635;7689,103254183071;0,0;-2,1514292764677756;2,1514292764677756;strategy
2002-08-26;10995,80815889635;7742,7484591297325;0,0;0,697678301009641;-0,697678301009641;spy
2002-08-27;10995,80815889635;7653,340404337059;0,0;-1,1547327833858478;1,1547327833858478;strategy
2002-08-28;10995,80815889635;7485,902847782258;0,0;-2,1877709301930004;2,1877709301930004;strategy
2002-08-29;10995,80815889635;7489,154128698883;0,0;0,04343204798054057;-0,04343204798054057;spy
2002-08-30;10995,80815889635;7459,893220567692;0,0;-0,3907104544565554;0,3907104544565554;strategy
2002-09-03;10995,80815889635;7175,4126516065535;0,0;-3,8134670369918466;3,8134670369918466;strategy
2002-09-04;10995,80815889635;7277,825830065723;0,0;1,4272792859688632;-1,4272792859688632;spy
2002-09-05;10995,80815889635;7216,052732886716;0,0;-0,8487850440692557;0,8487850440692557;strategy
2002-09-06;10995,80815889635;7315,214630429261;0,0;1,3741847685039943;-1,3741847685039943;spy
2002-09-09;10995,80815889635;7368,859835375921;0,0;0,7333374023437589;-0,7333374023437589;spy
2002-09-10;10995,80815889635;7453,390658734444;0,0;1,14713572040972;-1,14713572040972;spy
2002-09-11;10995,80815889635;7407,060990879793;0,0;-0,6215918361981654;0,6215918361981654;strategy
2002-09-12;10995,80815889635;7270,510292973711;0,0;-1,8435206362444556;1,8435206362444556;strategy
2002-09-13;10995,80815889635;7288,392027955932;0,0;0,24594882974722232;-0,24594882974722232;spy
2002-09-16;10995,80815889635;7306,273762938152;0,0;0,2453454055933335;-0,2453454055933335;spy
2002-09-17;10995,80815889635;7138,836826501778;0,0;-2,291687142708987;2,291687142708987;strategy
2002-09-18;10995,80815889635;7067,309886572898;0,0;-1,0019410958287733;1,0019410958287733;strategy
2002-09-19;10995,80815889635;6884,429520812167;0,0;-2,587694167878274;2,587694167878274;strategy
2002-09-20;10995,80815889635;6855,981587939737;0,0;-0,4132213538744045;0,4132213538744045;strategy
2002-09-23;10995,80815889635;6799,898697453645;0,0;-0,8180140183682405;0,8180140183682405;strategy
2002-09-24;10995,80815889635;6690,169981902464;0,0;-1,6136816213493055;1,6136816213493055;strategy
2002-09-25;10995,80815889635;6855,981587939737;0,0;2,478436369865178;-2,478436369865178;spy
2002-09-26;10995,80815889635;6968,148609148781;0,0;1,6360461265875426;-1,6360461265875426;spy
2002-09-27;10995,80815889635;6725,933451866903;0,0;-3,4760331742044626;3,4760331742044626;strategy
2002-09-30;10995,80815889635;6647,904570223203;0,0;-1,1601197395439744;1,1601197395439744;strategy
2002-10-01;10995,80815889635;6967,3356338900185;0,0;4,804988704223989;-4,804988704223989;spy
2002-10-02;10995,80815889635;6758,44564091472;0,0;-2,998133059059638;2,998133059059638;strategy
2002-10-03;10995,80815889635;6690,169981902464;0,0;-1,010227242177164;1,010227242177164;strategy
2002-10-04;10995,80815889635;6567,43738292164;0,0;-1,8345213845511799;1,8345213845511799;strategy
2002-10-07;10995,80815889635;6431,699040155892;0,0;-2,0668387812684763;2,0668387812684763;strategy
2002-10-08;10995,80815889635;6532,4868882159635;0,0;1,5670485734921469;-1,5670485734921469;spy
2002-10-09;10995,80815889635;6347,980571937707;0,0;-2,824442198438848;2,824442198438848;strategy
2002-10-10;10995,80815889635;6553,619283996381;0,0;3,2394351200086158;-3,2394351200086158;spy
2002-10-11;10995,80815889635;6840,538778733808;0,0;4,378031165741825;-4,378031165741825;spy
2002-10-14;10995,80815889635;6878,739934237681;0,0;0,5584524368553501;-0,5584524368553501;spy
2002-10-15;10995,80815889635;7209,550171053467;0,0;4,809169120775136;-4,809169120775136;spy
2002-10-16;10995,80815889635;7034,79831764351;0,0;-2,4238939914946522;2,4238939914946522;strategy
2002-10-17;10995,80815889635;7174,599676347791;0,0;1,9872831087943688;-1,9872831087943688;spy
2002-10-18;10995,80815889635;7204,673559737745;0,0;0,4191715879158675;-0,4191715879158675;spy
2002-10-21;10995,80815889635;7329,032109236095;0,0;1,7260816672292956;-1,7260816672292956;spy
2002-10-22;10995,80815889635;7276,199879548197;0,0;-0,7208623035136918;0,7208623035136918;strategy
2002-10-23;10995,80815889635;7331,470414893955;0,0;0,759607161165432;-0,759607161165432;spy
2002-10-24;10995,80815889635;7181,915213439803;0,0;-2,0399073172324256;2,0399073172324256;strategy
2002-10-25;10995,80815889635;7331,470414893955;0,0;2,082386062902608;-2,082386062902608;spy
2002-10-28;10995,80815889635;7283,515416640208;0,0;-0,6540979577074557;0,6540979577074557;strategy
2002-10-29;10995,80815889635;7198,983973163259;0,0;-1,160585769940503;1,160585769940503;strategy
2002-10-30;10995,80815889635;7268,8849625746125;0,0;0,9709840954214233;-0,9709840954214233;spy
2002-10-31;10995,80815889635;7194,919716987872;0,0;-1,0175597215744459;1,0175597215744459;strategy
2002-11-01;10995,80815889635;7337,16000146844;0,0;1,9769544355682678;-1,9769544355682678;spy
2002-11-04;10995,80815889635;7407,060990879793;0,0;0,9526981747346897;-0,9526981747346897;spy
2002-11-05;10995,80815889635;7465,582807142177;0,0;0,7900814686748303;-0,7900814686748303;spy
2002-11-06;10995,80815889635;7562,30639902686;0,0;1,295593316467536;-1,295593316467536;spy
2002-11-07;10995,80815889635;7376,987727608269;0,0;-2,4505575632645438;2,4505575632645438;strategy
2002-11-08;10995,80815889635;7286,766697556833;0,0;-1,2230063730997554;1,2230063730997554;strategy
2002-11-11;10995,80815889635;7173,7873212074555;0,0;-1,5504733586057862;1,5504733586057862;strategy
2002-11-12;10995,80815889635;7230,683186952311;0,0;0,7931077852929569;-0,7931077852929569;spy
2002-11-13;10995,80815889635;7237,998724044323;0,0;0,10117352541751945;-0,10117352541751945;spy
2002-11-14;10995,80815889635;7374,549421950406;0,0;1,8865808507601223;-1,8865808507601223;spy
2002-11-15;10995,80815889635;7429,006982037402;0,0;0,7384527104110639;-0,7384527104110639;spy
2002-11-18;10995,80815889635;7354,229381310325;0,0;-1,006562531276134;1,006562531276134;strategy
2002-11-19;10995,80815889635;7344,475538560452;0,0;-0,13262902534235677;0,13262902534235677;strategy
2002-11-20;10995,80815889635;7507,848838939867;0,0;2,2244379400770287;-2,2244379400770287;spy
2002-11-21;10995,80815889635;7647,650197644146;0,0;1,8620694383082226;-1,8620694383082226;spy
2002-11-22;10995,80815889635;7593,192637557151;0,0;-0,7120822563742579;0,7120822563742579;strategy
2002-11-25;10995,80815889635;7598,069868991301;0,0;0,06423163044786406;-0,06423163044786406;spy
2002-11-26;10995,80815889635;7453,390658734444;0,0;-1,9041574077557688;1,9041574077557688;strategy
2002-11-27;10995,80815889635;7663,0936269685035;0,0;2,8135244459287057;-2,8135244459287057;spy
2002-11-29;10995,80815889635;7638,709950271463;0,0;-0,31819625185353084;0,31819625185353084;strategy
2002-12-02;10995,80815889635;7650,901478560769;0,0;0,1596019271404847;-0,1596019271404847;spy
2002-12-03;10995,80815889635;7548,488920220029;0,0;-1,3385685154581828;1,3385685154581828;strategy
2002-12-04;10995,80815889635;7514,350780654687;0,0;-0,45225130388543144;0,45225130388543144;strategy
2002-12-05;10995,80815889635;7431,445287695263;0,0;-1,10329548592355;1,10329548592355;strategy
2002-12-06;10995,80815889635;7480,213261207772;0,0;0,6562380751595986;-0,6562380751595986;spy
2002-12-09;10995,80815889635;7274,574549149099;0,0;-2,7491022632350814;2,7491022632350814;strategy
2002-12-10;10995,80815889635;7372,1104961741175;0,0;1,3407787131197502;-1,3407787131197502;spy
2002-12-11;10995,80815889635;7378,613058007366;0,0;0,08820488836436269;-0,08820488836436269;spy
2002-12-12;10995,80815889635;7377,800082748603;0,0;-0,011017995555151483;0,011017995555151483;strategy
2002-12-13;10995,80815889635;7261,569425482601;0,0;-1,575410772349095;1,575410772349095;strategy
2002-12-16;10995,80815889635;7449,327022677483;0,0;2,5856338512167287;-2,5856338512167287;spy
2002-12-17;10995,80815889635;7384,302644581851;0,0;-0,8728892945320088;0,8728892945320088;strategy
2002-12-18;10995,80815889635;7298,958845964567;0,0;-1,1557462190407874;1,1557462190407874;strategy
2002-12-19;10995,80815889635;7246,939591535433;0,0;-0,7126941736066206;0,7126941736066206;strategy
2002-12-20;10995,80815889635;7314,401655170498;0,0;0,9309041807642915;-0,9309041807642915;spy
2002-12-23;10995,80815889635;7316,83996082836;0,0;0,03333568175243329;-0,03333568175243329;spy
2002-12-24;10995,80815889635;7262,382400741364;0,0;-0,744277042801833;0,744277042801833;strategy
2002-12-26;10995,80815889635;7265,633681657988;0,0;0,04476879262502731;-0,04476879262502731;spy
2002-12-27;10995,80815889635;7102,260381278575;0,0;-2,2485760710982072;2,2485760710982072;strategy
2002-12-30;10995,80815889635;7161,595172799721;0,0;0,8354353168682938;-0,8354353168682938;spy
2002-12-31;10995,80815889635;7171,349015549594;0,0;0,1361965108963359;-0,1361965108963359;spy
2003-01-02;10995,80815889635;7402,184379564072;0,0;3,218855525145403;-3,218855525145403;spy
2003-01-03;10995,80815889635;7424,9427258620135;0,0;0,307454463857626;-0,307454463857626;spy
2003-01-06;10995,80815889635;7555,803837193612;0,0;1,762452804865311;-1,762452804865311;spy
2003-01-07;10995,80815889635;7537,1097470710565;0,0;-0,24741365082208144;0,24741365082208144;strategy
2003-01-08;10995,80815889635;7428,194006778639;0,0;-1,445059763588319;1,445059763588319;strategy
2003-01-09;10995,80815889635;7543,611688785878;0,0;1,553778507964565;-1,553778507964565;spy
2003-01-10;10995,80815889635;7563,93172942596;0,0;0,26936753213702147;-0,26936753213702147;spy
2003-01-13;10995,80815889635;7561,493423768097;0,0;-0,032235955387815984;0,032235955387815984;strategy
2003-01-14;10995,80815889635;7585,877720583565;0,0;0,32247990507827673;-0,32247990507827673;spy
2003-01-15;10995,80815889635;7510,287144597727;0,0;-0,996464466870195;0,996464466870195;strategy
2003-01-16;10995,80815889635;7479,400285949009;0,0;-0,4112606888930337;0,4112606888930337;strategy
2003-01-17;10995,80815889635;7368,859835375921;0,0;-1,4779320045318678;1,4779320045318678;strategy
2003-01-21;10995,80815889635;7254,254508509017;0,0;-1,5552653928456395;1,5552653928456395;strategy
2003-01-22;10995,80815889635;7166,471784115443;0,0;-1,210086085215334;1,210086085215334;strategy
2003-01-23;10995,80815889635;7210,36314631223;0,0;0,6124542664644572;-0,6124542664644572;spy
2003-01-24;10995,80815889635;7020,98021871825;0,0;-2,6265379947033707;2,6265379947033707;strategy
2003-01-27;10995,80815889635;6925,06960209233;0,0;-1,3660573543594179;1,3660573543594179;strategy
2003-01-28;10995,80815889635;6976,276501381128;0,0;0,739442377204802;-0,739442377204802;spy
2003-01-29;10995,80815889635;7029,1087310690245;0,0;0,7573127251684575;-0,7573127251684575;spy
2003-01-30;10995,80815889635;6862,484149772987;0,0;-2,3704937236146084;2,3704937236146084;strategy
2003-01-31;10995,80815889635;6994,970591503683;0,0;1,9305901309087714;-1,9305901309087714;spy
2003-02-03;10995,80815889635;7008,7886904289435;0,0;0,19754334552948283;-0,19754334552948283;spy
2003-02-04;10995,80815889635;6939,700056157924;0,0;-0,9857428626057096;0,9857428626057096;strategy
2003-02-05;10995,80815889635;6896,621669219901;0,0;-0,6207528652451999;0,6207528652451999;strategy
2003-02-06;10995,80815889635;6864,109480172086;0,0;-0,4714219600144176;0,4714219600144176;strategy
2003-02-07;10995,80815889635;6780,391011953899;0,0;-1,2196552001394911;1,2196552001394911;strategy
2003-02-10;10995,80815889635;6828,346630326073;0,0;0,7072692162978234;-0,7072692162978234;spy
2003-02-11;10995,80815889635;6781,203987212662;0,0;-0,6903961627261479;0,6903961627261479;strategy
2003-02-12;10995,80815889635;6673,101222179006;0,0;-1,5941529739778582;1,5941529739778582;strategy
2003-02-13;10995,80815889635;6693,421262819088;0,0;0,3045067048068395;-0,3045067048068395;spy
2003-02-14;10995,80815889635;6839,725803475044;0,0;2,1857960960660616;-2,1857960960660616;spy
2003-02-18;10995,80815889635;6960,020096798006;0,0;1,7587590026173938;-1,7587590026173938;spy
2003-02-19;10995,80815889635;6923,444271693231;0,0;-0,5255132111127492;0,5255132111127492;strategy
2003-02-20;10995,80815889635;6854,35625754064;0,0;-0,9978850329605327;0,9978850329605327;strategy
2003-02-21;10995,80815889635;6923,444271693231;0,0;1,0079431467628241;-1,0079431467628241;spy
2003-02-24;10995,80815889635;6811,2778706026165;0,0;-1,6200953844491939;1,6200953844491939;strategy
2003-02-25;10995,80815889635;6865,735430689611;0,0;0,7995204588852944;-0,7995204588852944;spy
2003-02-26;10995,80815889635;6765,760557888303;0,0;-1,456142227013646;1,456142227013646;strategy
2003-02-27;10995,80815889635;6855,1686126809755;0,0;1,3214782584705986;-1,3214782584705986;spy
2003-02-28;10995,80815889635;6900,685925395288;0,0;0,6639853121936712;-0,6639853121936712;spy
2003-03-03;10995,80815889635;6834,8485720408935;0,0;-0,9540696977978103;0,9540696977978103;strategy
2003-03-04;10995,80815889635;6725,933451866903;0,0;-1,593526455282801;1,593526455282801;strategy
2003-03-05;10995,80815889635;6782,82931761176;0,0;0,8459177622262226;-0,8459177622262226;spy
2003-03-06;10995,80815889635;6725,933451866903;0,0;-0,8388220177843242;0,8388220177843242;strategy
2003-03-07;10995,80815889635;6772,263119721552;0,0;0,6888213834733925;-0,6888213834733925;spy
2003-03-10;10995,80815889635;6609,702794600901;0,0;-2,4003840702417234;2,4003840702417234;strategy
2003-03-11;10995,80815889635;6544,67841650527;0,0;-0,9837715872602515;0,9837715872602515;strategy
2003-03-12;10995,80815889635;6588,569778702057;0,0;0,6706419995533341;-0,6706419995533341;spy
2003-03-13;10995,80815889635;6816,154481918338;0,0;3,4542353023559347;-3,4542353023559347;spy
2003-03-14;10995,80815889635;6838,099852957519;0,0;0,32196117469749375;-0,32196117469749375;spy
2003-03-17;10995,80815889635;7053,492407766065;0,0;3,149888996069383;-3,149888996069383;spy
2003-03-18;10995,80815889635;7094,945464304991;0,0;0,5876954867532813;-0,5876954867532813;spy
2003-03-19;10995,80815889635;7149,403024391986;0,0;0,7675543154062714;-0,7675543154062714;spy
2003-03-20;10995,80815889635;7164,8464537163445;0,0;0,21601005386979732;-0,21601005386979732;spy
2003-03-21;10995,80815889635;7288,392027955932;0,0;1,7243296843508116;-1,7243296843508116;spy
2003-03-24;10995,80815889635;7046,177490792481;0,0;-3,3232918349396345;3,3232918349396345;strategy
2003-03-25;10995,80815889635;7113,6395544275465;0,0;0,9574278213005716;-0,9574278213005716;spy
2003-03-26;10995,80815889635;7077,876704581534;0,0;-0,5027363218558567;0,5027363218558567;strategy
2003-03-27;10995,80815889635;7083,566291156019;0,0;0,0803854999452458;-0,0803854999452458;spy
2003-03-28;10995,80815889635;7047,80282119158;0,0;-0,5048794419993063;0,5048794419993063;strategy
2003-03-31;10995,80815889635;6887,68080172879;0,0;-2,2719423843886366;2,2719423843886366;strategy
2003-04-01;10995,80815889635;6993,345261104584;0,0;1,5341079590864837;-1,5341079590864837;spy
2003-04-02;10995,80815889635;7162,408148058484;0,0;2,4174823441678095;-2,4174823441678095;spy
2003-04-03;10995,80815889635;7128,270008493141;0,0;-0,47662935230236014;0,47662935230236014;strategy
2003-04-04;10995,80815889635;7170,53604029083;0,0;0,5929353370078605;-0,5929353370078605;spy
2003-04-07;10995,80815889635;7156,718561483998;0,0;-0,1926979897903358;0,1926979897903358;strategy
2003-04-08;10995,80815889635;7168,097734632969;0,0;0,1589998691608585;-0,1589998691608585;spy
2003-04-09;10995,80815889635;7073,812448406147;0,0;-1,315345991604977;1,315345991604977;strategy
2003-04-10;10995,80815889635;7112,8271992872105;0,0;0,5515378187592956;-0,5515378187592956;spy
2003-04-11;10995,80815889635;7083,566291156019;0,0;-0,4113822438161274;0,4113822438161274;strategy
2003-04-14;10995,80815889635;7229,870211693548;0,0;2,065399186285477;-2,065399186285477;spy
2003-04-15;10995,80815889635;7297,332895447041;0,0;0,9331105784496474;-0,9331105784496474;spy
2003-04-16;10995,80815889635;7172,974345948692;0,0;-1,7041644019822444;1,7041644019822444;strategy
2003-04-17;10995,80815889635;7279,4511604648205;0,0;1,4844164969900708;-1,4844164969900708;spy
2003-04-21;10995,80815889635;7286,766697556833;0,0;0,10049572324550837;-0,10049572324550837;spy
2003-04-22;10995,80815889635;7424,1297506032515;0,0;1,8851029372530137;-1,8851029372530137;spy
2003-04-23;10995,80815889635;7492,405409615507;0,0;0,9196452824212553;-0,9196452824212553;spy
2003-04-24;10995,80815889635;7425,755701120777;0,0;-0,8895635627137022;0,8895635627137022;strategy
2003-04-25;10995,80815889635;7333,909340670244;0,0;-1,2368621342696562;1,2368621342696562;strategy
2003-04-28;10995,80815889635;7460,706195826454;0,0;1,7289122249310784;-1,7289122249310784;spy
2003-04-29;10995,80815889635;7486,715823041021;0,0;0,34862151828358723;-0,34862151828358723;spy
2003-04-30;10995,80815889635;7470,460038576328;0,0;-0,21712837576477462;0,21712837576477462;strategy
2003-05-01;10995,80815889635;7469,647063317564;0,0;-0,010882532729783456;0,010882532729783456;strategy
2003-05-02;10995,80815889635;7576,123877833694;0,0;1,425459778936844;-1,425459778936844;spy
2003-05-05;10995,80815889635;7561,493423768097;0,0;-0,19311265630703733;0,19311265630703733;strategy
2003-05-06;10995,80815889635;7633,020363696977;0,0;0,9459366810271819;-0,9459366810271819;spy
2003-05-07;10995,80815889635;7590,754331899288;0,0;-0,5537261763208234;0,5537261763208234;strategy
2003-05-08;10995,80815889635;7514,350780654687;0,0;-1,0065343693646422;1,0065343693646422;strategy
2003-05-09;10995,80815889635;7618,389909631383;0,0;1,3845391573219956;-1,3845391573219956;spy
2003-05-12;10995,80815889635;7711,861600481013;0,0;1,2269218556464345;-1,2269218556464345;spy
2003-05-13;10995,80815889635;7698,044121674181;0,0;-0,17917176840893667;0,17917176840893667;strategy
2003-05-14;10995,80815889635;7681,788337209488;0,0;-0,21116772270665107;0,21116772270665107;strategy
2003-05-15;10995,80815889635;7730,556310721997;0,0;0,6348518257953462;-0,6348518257953462;spy
2003-05-16;10995,80815889635;7711,04924534068;0,0;-0,25233714880599223;0,25233714880599223;strategy
2003-05-19;10995,80815889635;7530,607185237807;0,0;-2,3400454900726064;2,3400454900726064;strategy
2003-05-20;10995,80815889635;7515,16375591345;0,0;-0,2050754865375426;0,2050754865375426;strategy
2003-05-21;10995,80815889635;7530,607185237807;0,0;0,20549691032620832;-0,20549691032620832;spy
2003-05-22;10995,80815889635;7605,384785964885;0,0;0,9929823570357543;-0,9929823570357543;spy
2003-05-23;10995,80815889635;7620,828215289243;0,0;0,20305914505283074;-0,20305914505283074;spy
2003-05-27;10995,80815889635;7754,127632278703;0,0;1,749146066854368;-1,749146066854368;spy
2003-05-28;10995,80815889635;7776,0730033178825;0,0;0,28301534459951316;-0,28301534459951316;spy
2003-05-29;10995,80815889635;7755,752962677801;0,0;-0,2613149417631577;0,2613149417631577;strategy
2003-05-30;10995,80815889635;7880,11151217615;0,0;1,603436185974294;-1,603436185974294;spy
2003-06-02;10974,696207231267;7912,623701223965;-0,19200000000002548;0,41258539295514485;-0,6045853929551703;spy
2003-06-03;10895,899853289397;7945,13589027178;-0,7179820967613826;0,4108901203375259;-1,1288722170989085;spy
2003-06-04;11118,615306103256;8059,741217138684;2,0440299177917343;1,44245898937021;0,6015709284215243;strategy
2003-06-05;11307,484749285071;8099,568323160083;1,69867773982737;0,49414869470880696;1,204529045118563;strategy
2003-06-06;11072,770684423198;8067,869109371032;-2,0757407156946517;-0,3913691757918669;-1,6843715399027848;spy
2003-06-09;10887,349340680657;7985,775971551942;-1,6745704307178033;-1,0175318501850383;-0,657038580532765;spy
2003-06-10;11030,60273037979;8067,056134112268;1,3157783884444996;1,0178117048346147;0,2979666836098849;strategy
2003-06-11;11248,584349622119;8152,400552847979;1,9761532943433746;1,0579375836350602;0,9182157107083144;strategy
2003-06-12;11291,33118131177;8177,597204803785;0,38001965723881703;0,3090703381472437;0,07094931909157332;strategy
2003-06-13;11079,394014873846;8092,252786068074;-1,876990082344776;-1,0436368605386548;-0,8333532218061213;spy
2003-06-16;11179,855121035578;8262,941623539497;0,9067382749170738;2,109287017890571;-1,2025487429734971;spy
2003-06-17;11203,811998240553;8262,941623539497;0,21428611503111483;0,0;0,21428611503111483;strategy
2003-06-18;11215,177422079918;8255,626086447484;0,10144247191179456;-0,08853429475008667;0,18997676666188124;strategy
2003-06-19;11133,082463738792;8129,64158643161;-0,7319987482275692;-1,5260441630549515;0,7940454148273823;strategy
2003-06-20;11044,38593963326;8082,499563436626;-0,7966933182649405;-0,5798782454772056;-0,21681507278773493;spy
2003-06-23;10660,32040221566;7999,593450358778;-3,4774729850698405;-1,0257484386747895;-2,451724546395051;spy
2003-06-24;10613,797661242152;8007,721342591123;-0,43641034432547743;0,10160381627870585;-0,5380141606041833;spy
2003-06-25;10667,535083540533;7927,25415528956;0,5062977834466631;-1,0048699731043054;1,5111677565509685;strategy
2003-06-26;10779,807289393431;8030,480309007492;1,0524662442978894;1,3021678338527076;-0,24970158955481825;spy
2003-06-27;10824,188796891018;7937,820973298197;0,41170965589760744;-1,1538455004411419;1,5655551563387493;strategy
2003-06-30;10841,185127014018;7935,382047521906;0,15702174492633336;-0,030725381493168502;0,18774712641950186;strategy
2003-07-01;10815,972334608257;8008,534317849886;-0,232564909743449;0,9218493815407847;-1,1544142912842337;spy
2003-07-02;11176,426903530355;8109,321545791529;3,332613636304682;1,2584977967441846;2,0741158395604975;strategy
2003-07-03;11241,488379377079;8025,603077573342;0,5821312697546599;-1,0323732724796808;1,6145045422343407;strategy
2003-07-07;11556,23163967341;8184,91212177737;2,799836193165839;1,9850102561039806;0,8148259370618582;strategy
2003-07-08;11770,665839076253;8221,488567000571;1,8555720072854553;0,446876456081724;1,4086955512037314;strategy
2003-07-09;11877,897486135957;8175,158899145922;0,9110074869657314;-0,56351921525023;1,4745267022159614;strategy
2003-07-10;11582,494653954138;8071,120390287655;-2,486995973206685;-1,2726175740649714;-1,2143783991417134;spy
2003-07-11;11524,590156963492;8147,523321413829;-0,49993113505023556;0,9466211310404038;-1,4465522660906394;spy
2003-07-14;11751,370457574521;8187,351047553657;1,9677949282560947;0,4888323060720845;1,4789626221840102;strategy
2003-07-15;11612,06808387;8169,469312571439;-1,1854138562599092;-0,2184068434143982;-0,967007012845511;spy
2003-07-16;11427,779239787957;8121,513694199265;-1,5870458453308034;-0,5870102027114354;-1,000035642619368;spy
2003-07-17;10981,061300384896;8006,096012192024;-3,90905293171685;-1,4211351030495312;-2,4879178286673187;spy
2003-07-18;10984,528312807251;8088,189150011113;0,03157265338491477;1,025382879421799;-0,9938102260368842;spy
2003-07-21;10816,648341949629;7988,214277209804;-1,5283311770600605;-1,2360600246492992;-0,2922711524107613;spy
2003-07-22;11078,146796929283;8060,553572279021;2,417555297286489;0,9055752957904506;1,5119800014960383;strategy
2003-07-23;11295,798290813455;8066,243158853505;1,964692270953683;0,07058555623338236;1,8941067147203006;strategy
2003-07-24;11403,963061423417;8005,2830369332605;0,957566413857891;-0,7557436680213914;1,7133100818792824;strategy
2003-07-25;11496,168266218185;8146,710966273495;0,8085365087394214;1,7666824356832977;-0,9581459269438763;spy
2003-07-28;11696,69818030982;8116,637082883541;1,7443195806458256;-0,36915368072412136;2,113473261369947;strategy
2003-07-29;11460,18847489303;8079,248282520003;-2,022021101774951;-0,4606439832376297;-1,5613771185373215;spy
2003-07-30;11419,014606169709;8059,741217138684;-0,35927741339965014;-0,24144653932128834;-0,11783087407836179;spy
2003-07-31;11345,127070440209;8078,435307261239;-0,6470570209234916;0,23194404905708677;-0,8790010699805784;spy
2003-08-01;10945,264735939707;8006,908987450788;-3,5245293597666705;-0,8853981877673833;-2,639131171999287;spy
2003-08-04;10810,776007165516;8006,908987450788;-1,2287389297454432;0,0;-1,2287389297454432;spy
2003-08-05;10648,138086884052;7837,033125238127;-1,5044056057924582;-2,1216160003680318;0,6172103945755736;strategy
2003-08-06;10440,352601053319;7882,550437952438;-1,9513785803235817;0,580797758372742;-2,5321763386963236;spy
2003-08-07;10461,241929241196;7965,455930911862;0,20008259285964058;1,0517597522783362;-0,8516771594186956;spy
2003-08-08;10593,133493250318;7988,214277209804;1,260763921733421;0,2857130400988339;0,9750508816345871;strategy
2003-08-11;10811,426603467386;8018,288160599759;2,060703854588053;0,376478175801509;1,684225678786544;strategy
2003-08-12;10868,132219914023;8091,440430927735;0,5244970763474521;0,9123178022889089;-0,3878207259414568;spy
2003-08-13;10933,712306618638;8049,987374388812;0,6034163495402645;-0,5123075043657055;1,11572385390597;strategy
2003-08-14;10863,288520751606;8071,932745427992;-0,6440976668500853;0,27261373240161646;-0,9167113992517018;spy
2003-08-15;10817,770853467557;8097,130017502223;-0,41900449571140586;0,31215909335349235;-0,7311635890648982;spy
2003-08-18;10935,789794413742;8167,031006913577;1,0909728311388145;0,8632810546485015;0,22769177649031302;strategy
2003-08-19;10909,113440515302;8197,917245443865;-0,243936235058817;0,37818196727970044;-0,6221182023385174;spy
2003-08-20;11042,206933145364;8164,592081137289;1,2200211626342217;-0,4065076934644196;1,6265288560986413;strategy
2003-08-21;11125,577178643343;8190,6017083518545;0,7550143372854867;0,3185661568402942;0,4364481804451925;strategy
2003-08-22;11075,556404992025;8109,321545791529;-0,44960160581455355;-0,9923588700137209;0,5427572641991674;strategy
2003-08-25;10975,812808861823;8122,326669458026;-0,9005741335509354;0,1603725242988574;-1,0609466578497928;spy
2003-08-26;10948,251069836097;8136,957123523622;-0,2511134209894128;0,18012639310125422;-0,43123981409066703;spy
2003-08-27;11168,70272480691;8139,3954291814825;2,0135787311106546;0,02996581671559362;1,983612914395061;strategy
2003-08-28;11187,987333252746;8189,7893532115195;0,17266650318306098;0,6191359600169255;-0,4464694568338645;spy
2003-08-29;11343,837675243905;8245,059888557276;1,393015002152742;0,6748712691136971;0,718143733039045;strategy
2003-09-02;11406,054529859895;8355,600959248792;0,5484639008169978;1,340694575729251;-0,7922306749122532;spy
2003-09-03;11423,649865131698;8401,11765184468;0,15426311723953923;0,5447446906317932;-0,390481573392254;spy
2003-09-04;11609,378358301281;8405,181908020066;1,6258244550761303;0,04837756526947512;1,5774468898066552;strategy
2003-09-05;11638,590834961116;8358,039264906654;0,25162825913884745;-0,5608759409291175;0,812504200067965;strategy
2003-09-08;11724,881792133107;8427,127279059245;0,7414210053057424;0,8266055226932689;-0,08518451738752653;spy
2003-09-09;11569,876665479867;8371,856743713488;-1,3220186727787797;-0,65586448994428;-0,6661541828344997;spy
2003-09-10;11258,651296463922;8287,325300236538;-2,6899627196936615;-1,0097096267255856;-1,680253092968076;spy
2003-09-11;11396,18914326924;8311,709597052008;1,2216192080530375;0,29423602829701245;0,927383179756025;strategy
2003-09-12;11502,827272601011;8327,152406257937;0,9357349899264733;0,18579582245519255;0,7499391674712808;strategy
2003-09-15;11454,153427031331;8297,891498126746;-0,4231468004880612;-0,35139152862389;-0,07175527186417119;spy
2003-09-16;11656,328204028789;8418,999386826898;1,7650783035639606;1,4595019557376965;0,3055763478262641;strategy
2003-09-17;11758,209287991864;8402,742982243775;0,8740409688178019;-0,19309188463130234;1,0671328534491042;strategy
2003-09-18;11856,184997026128;8501,904879786322;0,8332536582277283;1,180113419535611;-0,34685976130788276;spy
2003-09-19;11942,387896254419;8426,314303800484;0,727071138396651;-0,8891016431571419;1,616172781553793;strategy
2003-09-22;11908,252569350443;8335,28091860871;-0,2858333458979456;-1,080346423236489;0,7945130773385434;strategy
2003-09-23;12023,664736783994;8366,980132397763;0,9691780281063211;0,38030168507316997;0,5888763430331512;strategy
2003-09-24;11726,586151139009;8218,237286083948;-2,470782345886058;-1,7777363392781131;-0,6930460066079447;spy
2003-09-25;11473,796036875034;8150,774602330455;-2,1557008238021758;-0,8208899476257248;-1,334810876176451;spy
2003-09-26;11183,550013361268;8123,951999857127;-2,529642522674791;-0,32908040992397636;-2,2005621127508146;spy
2003-09-29;11215,734756266302;8203,606832018351;0,28778646196048197;0,9804936336726966;-0,6927071717122146;spy
2003-09-30;11135,410356569486;8123,951999857127;-0,7161759924104616;-0,9709733022593814;0,2547973098489198;strategy
2003-10-01;11376,240134808462;8297,07914298641;2,1627382424833197;2,1310704830891147;0,031667759394204964;strategy
2003-10-02;11757,207782156831;8327,152406257937;3,348801034734694;0,36245602522604337;2,986345009508651;strategy
2003-10-03;12015,134769419137;8403,55595750254;2,193777570672406;0,9175231521784566;1,2762544184939495;strategy
2003-10-06;12265,639282263603;8441,757733124841;2,084908056812207;0,45459060206762825;1,6303174547445787;strategy
2003-10-07;12405,317257621651;8474,269922172658;1,1387745240480474;0,38513530091299764;0,7536392231350497;strategy
2003-10-08;12490,545383370334;8453,136906273812;0,6870289890919201;-0,24937860243927634;0,9364075915311965;strategy
2003-10-09;12566,622274369647;8475,895252571756;0,6090758142602848;0,26922959547777126;0,33984621878251353;strategy
2003-10-10;12605,059958164153;8499,46657412846;0,3058712433244848;0,2780983112026236;0,02777293212186116;strategy
2003-10-13;12925,00068812208;8526,289176601791;2,5381928449353053;0,3155798336212712;2,222613011314034;strategy
2003-10-14;13106,274143622091;8556,362439873317;1,4025024823913546;0,35271221335131386;1,0497902690400407;strategy
2003-10-15;12950,34199060243;8533,604093575374;-1,189751956283791;-0,26598156001302886;-0,9237703962707622;spy
2003-10-16;13263,483113618317;8567,742233140716;2,41801431377735;0,4000436297606491;2,017970684016701;strategy
2003-10-17;13123,562771511686;8474,269922172658;-1,0549290929693034;-1,0909794952338792;0,03605040226457579;strategy
2003-10-20;13251,051884927201;8537,668349750762;0,9714520030510654;0,7481284896557749;0,22332351339529044;strategy
2003-10-21;13572,031780892863;8523,037895685165;2,4222974806307196;-0,17136357921450074;2,5936610598452203;strategy
2003-10-22;13307,046622620837;8415,748105910274;-1,9524354389228615;-1,258820987164777;-0,6936144517580844;spy
2003-10-23;13304,551109614406;8400,304676585916;-0,018753319780140387;-0,183506316135007;0,16475299635486662;strategy
2003-10-24;13244,724548797054;8418,999386826898;-0,44966989359090936;0,22254800225387505;-0,6722178958447844;spy
2003-10-27;13472,43440609234;8423,063022883858;1,7192494751879783;0,04826744688115614;1,6709820283068222;strategy
2003-10-28;13864,19276267814;8537,668349750762;2,907851281937912;1,3606134319017027;1,5472378500362094;strategy
2003-10-29;14250,419755247005;8549,047522899733;2,7857878145532755;0,13328197679760567;2,65250583775567;strategy
2003-10-30;14445,059653346289;8566,929257881953;1,365853788465543;0,2091664005179794;1,1566873879475636;strategy
2003-10-31;14255,278478484222;8558,801365649606;-1,3138137149755758;-0,09487521126509968;-1,218938503710476;spy
2003-11-03;14523,71123610527;8614,884256135698;1,8830411347361409;0,6552657094155423;1,2277754253205986;strategy
2003-11-04;14636,669822154669;8596,190166013146;0,7777529049778131;-0,21699757729464197;0,9947504822724551;strategy
2003-11-05;14537,427228885945;8602,692107727966;-0,6780408007735939;0,07563748113119662;-0,7536782819047905;spy
2003-11-06;14418,565898093242;8648,20942044228;-0,8176228772896255;0,5291054491352032;-1,3467283264248286;spy
2003-11-07;14579,280567312837;8583,99801760541;1,1146369920246313;-0,742482052817639;1,8571190448422703;strategy
2003-11-10;14368,225537351133;8549,047522899733;-1,4476367951577473;-0,4071586996408416;-1,0404780955169057;spy
2003-11-11;14091,02198715932;8546,609217241872;-1,9292817298225406;-0,028521372133327727;-1,900760357689213;spy
2003-11-12;14533,000445899881;8642,519833867791;3,136596189710872;1,122206645793855;2,0143895439170167;strategy
2003-11-13;14554,35963064951;8644,958139525654;0,1469702339110146;0,02821290207870586;0,11875733183230874;strategy
2003-11-14;14339,788895023568;8571,805869197677;-1,474271222308432;-0,8461842052596813;-0,6280870170487507;spy
2003-11-17;14093,866415512186;8528,727482259652;-1,7149658290766534;-0,5025590592622309;-1,2124067698144225;spy
2003-11-18;14090,275435327523;8440,131782607315;-0,025479028101971224;-1,038791541136963;1,0133125130349918;strategy
2003-11-19;14181,862163566442;8511,658722536195;0,6499995593364449;0,8474623592521935;-0,19746279991574855;spy
2003-11-20;14124,352715775729;8435,255171291592;-0,40551407937425843;-0,8976341008869348;0,4921200215126764;strategy
2003-11-21;14238,257808292738;8470,20566599727;0,8064446903098599;0,4143383216743457;0,3921063686355142;strategy
2003-11-24;14764,701589483102;8582,372067087885;3,6973890224389017;1,3242464883809646;2,373142534057937;strategy
2003-11-25;14969,692540972963;8614,884256135698;1,388385334085429;0,3788252104857115;1,0095601235997176;strategy
2003-11-26;15189,882793560648;8645,771114784418;1,4709069807880892;0,35852900318100733;1,112377977607082;strategy
2003-11-28;15365,729941752103;8652,27305649924;1,157659677703382;0,07520372247309393;1,0824559552302881;strategy
2003-12-01;15649,663011372904;8745,745367467296;1,8478332672585474;1,0803208631729788;0,7675124040855685;strategy
2003-12-02;15696,181775898962;8723,799996428117;0,29725090241401464;-0,2509262517613631;0,5481771541753777;strategy
2003-12-03;15305,49897681478;8709,982517621285;-2,4890308016441542;-0,15838830340549892;-2,3306424982386553;spy
2003-12-04;14979,66561088828;8745,745367467296;-2,128864706861777;0,4105961151317894;-2,5394608219935666;spy
2003-12-05;14791,645028565208;8684,785245547053;-1,2551720926694432;-0,697026032189374;-0,5581460604800692;spy
2003-12-08;14805,180256585849;8743,307061809437;0,0915059007602137;0,673842986415707;-0,5823370856554932;spy
2003-12-09;14513,332213798067;8675,844378055943;-1,9712562611857276;-0,7715922965598421;-1,1996639646258855;spy
2003-12-10;14235,380295734707;8675,032022915608;-1,9151488711813935;-0,00936341299977439;-1,9057854581816192;spy
2003-12-11;14693,245163004665;8772,567969940628;3,2163866209260705;1,1243295329328218;2,0920570879932487;strategy
2003-12-12;14733,165343745617;8789,636729664084;0,2716907007137115;0,19456970617888203;0,07712099453482946;strategy
2003-12-15;14564,113869997132;8745,745367467296;-1,1474212757698332;-0,4993535403876148;-0,6480677353822184;spy
2003-12-16;14411,352593611575;8791,262680181611;-1,0488882313688497;0,5204509255852807;-1,5693391569541304;spy
2003-12-17;14369,822726483471;8818,897637795275;-0,2881746654822215;0,3143457159568319;-0,6025203814390534;spy
2003-12-18;14660,286486445271;8918,059535337821;2,021345464662394;1,1244250882056495;0,8969203764567446;strategy
2003-12-19;14498,459242752855;8851,409826843092;-1,1038477579687123;-0,7473566220390193;-0,35649113592969295;spy
2003-12-22;14427,678661603491;8913,182924022098;-0,48819381400643236;0,6978899224807211;-1,1860837364871535;spy
2003-12-23;14577,093672490813;8918,872510596584;1,0356136589384946;0,06383338727573573;0,9717802716627588;strategy
2003-12-24;14612,93886905811;8909,931643105476;0,24590084534439338;-0,10024661167076232;0,3461474570151557;strategy
2003-12-26;14738,238812001051;8916,433584820295;0,8574588867148014;0,07297409200497373;0,7844847947098277;strategy
2003-12-29;14943,309715195071;9035,103167862586;1,3914206833657516;1,33090861848979;0,06051206487596161;strategy
2003-12-30;14815,990664083738;9036,728498261684;-0,8520137341586964;0,017989062979140158;-0,8700027971378366;spy
2003-12-31;14660,987717062655;9044,856390494031;-1,0461868567238963;0,08994286188757084;-1,1361297186114672;spy
2004-01-02;14684,436603709923;9040,792754437072;0,1599407018121779;-0,04492759068269736;0,20486829249487526;strategy
2004-01-05;14926,04025154119;9139,141676720852;1,6453041703365479;1,0878351595385416;0,5574690107980063;strategy
2004-01-06;15071,963565535014;9148,082544211962;0,9776425062149707;0,09783049445315495;0,8798120117618158;strategy
2004-01-07;15259,525389230443;9178,968782742253;1,2444418597476359;0,3376252715366235;0,9068165882110124;strategy
2004-01-08;15404,021515886652;9215,544607847027;0,946924120970305;0,39847422919163655;0,5484498917786684;strategy
2004-01-09;15580,231413118085;9135,077420545467;1,1439213912399548;-0,8731680082481708;2,0170893994881256;strategy
2004-01-12;15789,344883434635;9202,540104298958;1,3421717866172633;0,7385014997438599;0,6036702868734034;strategy
2004-01-13;15583,674485965208;9148,8948993523;-1,3025898096963195;-0,5829391052759036;-0,7196507044204159;spy
2004-01-14;15923,553805838641;9225,298450596902;2,180996017207182;0,8351123505638824;1,3458836666432994;strategy
2004-01-15;15985,636467446395;9248,056796894844;0,3898794349851187;0,24669495973292932;0,14318447525218936;strategy
2004-01-16;16260,687787969431;9284,633242118047;1,7206153854628203;0,3955041153670624;1,325111270095758;strategy
2004-01-20;16473,46960868776;9282,194316341758;1,3085659320988707;-0,026268412684571363;1,334834344783442;strategy
2004-01-21;16280,104740575274;9355,346586669735;-1,173795640540165;0,7880924255075028;-1,9618880660476679;spy
2004-01-22;16212,301131641923;9330,962909972694;-0,4164814048423282;-0,260638945560665;-0,15584245928166318;spy
2004-01-23;16136,777581320053;9300,889026582741;-0,46584102841803476;-0,3223020354931383;-0,14353899292489647;spy
2004-01-26;16411,96639113033;9417,932659107506;1,7053516938154711;1,2584133859703472;0,4469383078451239;strategy
2004-01-27;16197,466923037178;9321,209067222822;-1,3069699448633676;-1,027015114523544;-0,2799548303398236;spy
2004-01-28;15865,447539560946;9214,732252706694;-2,0498228831324905;-1,1423069019076637;-0,9075159812248268;spy
2004-01-29;15697,35656193692;9223,673120197804;-1,0594783236015592;0,09702796832196103;-1,1565062919235203;spy
2004-01-30;15863,907574492907;9223,673120197804;1,0610131196219452;0,0;1,0610131196219452;strategy
2004-02-02;15819,029479461613;9263,500226219203;-0,28289432991561725;0,43179225350242767;-0,7146865834180449;spy
2004-02-03;15453,996919762758;9248,056796894844;-2,3075534448734003;-0,16671267822339075;-2,1408407666500096;spy
2004-02-04;15068,701654485754;9172,466220909004;-2,4931755019588664;-0,8173671252886372;-1,6758083766702292;spy
2004-02-05;15265,38517795114;9199,288823382334;1,305245322226134;0,29242519762229247;1,0128201246038415;strategy
2004-02-06;15794,978686545155;9302,514356981841;3,4692443225012415;1,1221034101802863;2,3471409123209552;strategy
2004-02-09;15877,468981429638;9304,953282758128;0,5222564494800519;0,026217920044979692;0,4960385294350722;strategy
2004-02-10;15870,310511692807;9335,026546029654;-0,045085710733894224;0,32319628436234815;-0,3682819950962424;spy
2004-02-11;16188,423534605434;9434,1884435722;2,0044536789513234;1,0622561923481877;0,9421974866031357;strategy
2004-02-12;16372,069895827119;9400,050924125286;1,1344301736923912;-0,36184903080003217;1,4962792044924234;strategy
2004-02-13;16046,673308365496;9357,784892327596;-1,9875103730442767;-0,44963620025944007;-1,5378741727848366;spy
2004-02-17;16295,78703613811;9442,316335804548;1,5524322268263946;0,9033274909563183;0,6491047358700763;strategy
2004-02-18;16266,243370310582;9400,863899384049;-0,18129634218961854;-0,4390070714249905;0,25771072923537197;strategy
2004-02-19;15770,150406673774;9365,913404678373;-3,049831189310026;-0,3717796053612221;-2,678051583948804;spy
2004-02-20;15819,029002961974;9337,464851687515;0,3099437546741024;-0,3037456333585986;0,613689388032701;strategy
2004-02-23;15440,102048556326;9313,89353013081;-2,3953869376856063;-0,25243812888297024;-2,142948808802636;spy
2004-02-24;15210,92700197895;9297,637745666116;-1,4842845329432586;-0,17453264214484232;-1,3097518907984163;spy
2004-02-25;15516,28732894539;9336,652496547182;2,007506359912936;0,4196200362748259;1,5878863236381102;strategy
2004-02-26;15713,734435725102;9342,342083121664;1,272515148719755;0,06093818503565274;1,2115769636841023;strategy
2004-02-27;15768,785319424418;9348,844024836486;0,35033609562700185;0,06959648508877425;0,2807396105382276;strategy
2004-03-01;15944,112399927657;9441,50398066421;1,111861674515069;0,9911381084288129;0,120723566086256;strategy
2004-03-02;15879,104620702565;9386,233445318452;-0,40772278565589515;-0,585399693300459;0,1776769076445639;strategy
2004-03-03;15760,992872747753;9403,30220504191;-0,7438186898826915;0,18184887285082052;-0,925667562733512;spy
2004-03-04;15920,771401328038;9427,68588173895;1,0137592845217203;0,2593097208336559;0,7544495636880644;strategy
2004-03-05;15981,97260955651;9459,385095528003;0,38441107334388214;0,3362353623857395;0,04817571095814266;strategy
2004-03-08;15844,552460472038;9343,967413520764;-0,8598447290686817;-1,2201393731375187;0,36029464406883704;strategy
2004-03-09;15595,654000649429;9306,578613157226;-1,5708771859826554;-0,4001383856437335;-1,1707388003389219;spy
2004-03-10;15278,534444345752;9150,520849869823;-2,033384148497208;-1,6768542960221233;-0,35652985247508484;spy
2004-03-11;15065,219222754286;9031,851886945962;-1,3961759380030747;-1,2968547350564075;-0,09932120294666724;spy
2004-03-12;15246,765314650562;9150,520849869823;1,2050677073591531;1,313894032024332;-0,10882632466517883;spy
2004-03-15;14962,714657837718;9038,353828660784;-1,8630224244345128;-1,2257993074857088;-0,6372231169488041;spy
2004-03-16;14873,1572068699;9086,309447032956;-0,5985374513635122;0,5305791218319422;-1,1291165731954544;spy
2004-03-17;15136,814108985674;9187,909650233363;1,7727029873253253;1,1181679844018966;0,6545350029234287;strategy
2004-03-18;15236,266271876382;9190,347955891224;0,6570217628006025;0,026538198030712223;0,6304835647698903;strategy
2004-03-19;15159,296603432893;9026,974655511813;-0,5051740831384821;-1,7776617508228898;1,2724876676844077;strategy
2004-03-22;14966,912303878073;8912,369948763335;-1,2690846058863614;-1,2695804643530373;0,0004958584666758803;strategy
2004-03-23;14903,802896491112;8896,926519438977;-0,4216594986703348;-0,1732808379044104;-0,2483786607659244;spy
2004-03-24;14929,457306455368;8904,242056530986;0,17213331484875471;0,08222544129172782;0,0899078735570269;strategy
2004-03-25;15295,419420882414;9022,09804419609;2,451275400806474;1,3235937086712557;1,1276816921352184;strategy
2004-03-26;15396,655856305402;9024,53634985395;0,6618742032322045;0,02702592729446618;0,6348482759377383;strategy
2004-03-29;15769,824512821133;9151,33320501016;2,4236994058869366;1,4050234853147048;1,0186759205722318;strategy
2004-03-30;15943,059704918498;9182,220063658877;1,0985232711785864;0,3375121193468056;0,7610111518317808;strategy
2004-03-31;15813,797315835593;9192,786261549085;-0,8107752932959733;0,11507236612664506;-0,9258476594226184;spy
2004-04-01;15967,807321977327;9248,056796894844;0,973896421370668;0,6012381205569906;0,37265830081367746;strategy
2004-04-02;16100,12716655813;9317,957786306199;0,8286663404228678;0,755845156950441;0,07282118347242683;strategy
2004-04-05;16072,54681220433;9369,164065476569;-0,1713051957197509;0,5495440132345708;-0,7208492089543217;spy
2004-04-06;16078,138746610308;9339,090802205043;0,034791837729986064;-0,32098128564468364;0,3557731233746697;strategy
2004-04-07;16043,101971692533;9317,144811047434;-0,21791561492253697;-0,23499066046587247;0,0170750455433355;strategy
2004-04-08;16123,58833136534;9296,01241526702;0,5016882633721353;-0,22681192799920424;0,7285001913713396;strategy
2004-04-12;16208,76179877313;9332,588240371793;0,5282537959748312;0,39345714561120904;0,1347966503636222;strategy
2004-04-13;15956,329407951383;9201,727129040195;-1,5573823217073457;-1,402195274891771;-0,15518704681557471;spy
2004-04-14;15984,382538540089;9216,357583105791;0,1758119293697069;0,1589968259265495;0,016815103443157398;strategy
2004-04-15;15960,644411921949;9181,407088400114;-0,1485082489793066;-0,379222424808523;0,23071417582921638;strategy
2004-04-16;15944,817172558014;9252,12105307023;-0,09916416252035987;0,770186573683862;-0,8693507362042219;spy
2004-04-19;16025,405926881675;9252,12105307023;0,5054228809995953;0,0;0,5054228809995953;strategy
2004-04-20;15482,080821129253;9096,875644923166;-3,3903983975908214;-1,6779439790786888;-1,7124544185121326;spy
2004-04-21;15687,424137478738;9157,83576684341;1,326328926466025;0,6701215263315685;0,6562074001344564;strategy
2004-04-22;15743,180149805667;9286,258572517145;0,3554185303992874;1,4023270229271745;-1,046908492527887;spy
2004-04-23;15692,549338406941;9295,199440008255;-0,3216047260905519;0,09628062175190966;-0,41788534784246156;spy
2004-04-26;15616,967636253528;9282,194316341758;-0,481640685165341;-0,13991226062907147;-0,3417284245362695;spy
2004-04-27;15514,60179645125;9290,322828692531;-0,6554783373223128;0,08757102118044369;-0,7430493585027564;spy
2004-04-28;15220,674825293594;9170,027915251143;-1,894518306134596;-1,2948410476099514;-0,5996772585246446;spy
2004-04-29;15081,666394591031;9089,56072794958;-0,9132869094053531;-0,8775020975425152;-0,035784811862837884;spy
2004-04-30;14885,771715902916;9018,846763279464;-1,2988927984666998;-0,7779689996753825;-0,5209237987913173;spy
2004-05-03;15004,610713507742;9115,570355164147;0,7983395142212579;1,0724607527261343;-0,27412123850487635;spy
2004-05-04;15065,806067033202;9108,254818072137;0,40784366015154117;-0,08025320201566766;0,4880968621672088;strategy
2004-05-05;15103,014530747223;9166,77663433452;0,24697293691733346;0,6425140428248266;-0,39554110590749314;spy
2004-05-06;14989,10638793081;9087,934777432056;-0,7542079932752244;-0,8600826664321493;0,10587467315692489;strategy
2004-05-07;14876,825796531299;8937,56660071914;-0,7490812893950705;-1,6545912838890953;0,9055099944940248;strategy
2004-05-10;14690,958810460861;8845,720240268603;-1,249372605504162;-1,0276439276340144;-0,22172867787014772;spy
2004-05-11;14790,032042936698;8920,497840995682;0,6743823446383246;0,8453534443319421;-0,17097109969361757;spy
2004-05-12;14854,347379555882;8977,39370674054;0,4348559653722939;0,637810431200192;-0,2029544658278981;spy
2004-05-13;14907,520410872565;8940,004906376998;0,3579627563434107;-0,4164772269647621;0,7744399833081728;strategy
2004-05-14;14886,839798729678;8944,069162552387;-0,13872603607374412;0,045461453522133155;-0,18418748959587727;spy
2004-05-17;14826,299761527373;8867,665611307786;-0,4066681580564224;-0,8542370352466855;0,44756887719026306;strategy
2004-05-18;14893,811178761862;8912,369948763335;0,45534906430040323;0,5041274605409374;-0,04877839624053415;spy
2004-05-19;14931,077235640081;8881,483090114618;0,25021169149344047;-0,3465616758088319;0,5967733673022724;strategy
2004-05-20;14905,631973361236;8909,931643105476;-0,17041812775643317;0,3203130907553309;-0,49073121851176404;spy
2004-05-21;14952,590327855218;8925,374452311406;0,31503766212599427;0,17332129835001542;0,14171636377597885;strategy
2004-05-24;14986,66938610156;8962,763252674942;0,2279140770870658;0,4189045575992978;-0,190990480512232;spy
2004-05-25;15146,285471636194;9091,18605834868;1,0650537582597375;1,4328483532733083;-0,3677945950135708;spy
2004-05-26;15162,422163891173;9122,885272137732;0,10653894174381673;0,3486807286266158;-0,24214178688279908;spy
2004-05-27;15186,713884093391;9174,092171426531;0,16021002409540852;0,5613015812573119;-0,40109155716190337;spy
2004-05-28;15198,605986886527;9173,279196167767;0,0783059645680817;-0,008861642586244223;0,08716760715432592;strategy
2004-06-01;15241,507111708654;9161,087047760033;0,2822701296365082;-0,13290937893645216;0,4151795085729604;strategy
2004-06-02;15241,507111708654;9195,224567206946;0,0;0,3726361213351792;-0,3726361213351792;spy
2004-06-03;15241,507111708654;9110,693123729998;0,0;-0,9192972162791246;0,9192972162791246;strategy
2004-06-04;15241,507111708654;9183,033038917642;0,0;0,7940111054693055;-0,7940111054693055;spy
2004-06-07;15241,507111708654;9322,834397621922;0,0;1,5223876263082525;-1,5223876263082525;spy
2004-06-08;15241,507111708654;9335,839521288417;0,0;0,1394975295261336;-0,1394975295261336;spy
2004-06-09;15241,507111708654;9248,869772153606;0,0;-0,931568595802168;0,931568595802168;strategy
2004-06-10;15241,507111708654;9294,386464749492;0,0;0,49213248447854685;-0,49213248447854685;spy
2004-06-14;15241,507111708654;9202,540104298958;0,0;-0,9881917520739747;0,9881917520739747;strategy
2004-06-15;15241,507111708654;9267,563862276162;0,0;0,706584891130535;-0,706584891130535;spy
2004-06-16;15241,507111708654;9265,938531877064;0,0;-0,01753783867315395;0,01753783867315395;strategy
2004-06-17;15241,507111708654;9252,12105307023;0,0;-0,14912120082922753;0,14912120082922753;strategy
2004-06-18;15241,507111708654;9235,86464848711;0,0;-0,17570462480844817;0,17570462480844817;strategy
2004-06-21;15241,507111708654;9200,914153781434;0,0;-0,3784214693033694;0,3784214693033694;strategy
2004-06-22;15241,507111708654;9247,24382163608;0,0;0,5035333128894148;-0,5035333128894148;spy
2004-06-23;15241,507111708654;9326,898653797307;0,0;0,8613899849256201;-0,8613899849256201;spy
2004-06-24;15241,507111708654;9297,637745666116;0,0;-0,31372602209286393;0,31372602209286393;strategy
2004-06-25;15241,507111708654;9252,933408210567;0,0;-0,48081393014464124;0,48081393014464124;strategy
2004-06-28;15212,243418054175;9221,234194421515;-0,19199999999999218;-0,3425855606063677;0,1505855606063755;strategy
2004-06-29;15251,695117498337;9259,435970043816;0,25934175755655264;0,41428050537326566;-0,15493874781671302;spy
2004-06-30;15438,241661145767;9309,016918815087;1,2231200677058185;0,5354640275247347;0,6876560401810838;strategy
2004-07-01;15364,105100788478;9179,781758001014;-0,48021375739876193;-1,3882793633435808;0,9080656059448189;strategy
2004-07-02;15252,98883748379;9174,904526566865;-0,7232198854132066;-0,053130145821811414;-0,6700897395913952;spy
2004-07-06;15104,81015488301;9094,437339265303;-0,9714730940904914;-0,8770356908735177;-0,09443740321697369;spy
2004-07-07;15199,575553375917;9121,259941738634;0,6273855647386029;0,29493416110002446;0,3324514036385784;strategy
2004-07-08;14956,030515926861;9057,861514160526;-1,6023147264461746;-0,6950621732420781;-0,9072525532040965;spy
2004-07-09;14953,75923004049;9081,432835717234;-0,015186421851387522;0,26023053587049816;-0,2754169577218857;spy
2004-07-12;14893,746460423296;9085,496471774193;-0,4013222942404693;0,04474663999030071;-0,44606893423077;spy
2004-07-13;14906,254821549119;9091,999033607442;0,08398398051867595;0,07157079256427945;0,012413187954396498;strategy
2004-07-14;14955,430088893725;9064,36345587535;0,32989686499600435;-0,303954912774862;0,6338517777708663;strategy
2004-07-15;14942,530165589116;9005,842259731393;-0,08625578286904911;-0,6456183760595313;0,5593625931904822;strategy
2004-07-16;14947,540443390126;8998,526722639383;0,03353031745954027;-0,08123101516801512;0,11476133262755539;strategy
2004-07-19;14786,902211600132;8960,324947017081;-1,0746800277836255;-0,4245336686747758;-0,6501463591088497;spy
2004-07-20;14885,08583048006;9074,117298625222;0,6639904523268125;1,2699578673876388;-0,6059674150608263;spy
2004-07-21;14625,181313029258;8906,680362188848;-1,7460733543007145;-1,8452145914153117;0,09914123711459721;strategy
2004-07-22;14548,21267669123;8931,064038885888;-0,5262747496296516;0,2737684042256161;-0,8000431538552677;spy
2004-07-23;14466,129360356348;8856,286438158813;-0,5642158123409402;-0,8372753840023228;0,2730595716613826;strategy
2004-07-26;14257,830075970043;8839,217678435358;-1,4399102842059364;-0,1927304389107376;-1,2471798452951988;spy
2004-07-27;14492,358726923754;8922,12317139478;1,644911250197767;0,9379279476472657;0,7069833025505012;strategy
2004-07-28;14518,684358651173;8948,94577386811;0,1816518085390184;0,3006302643223657;-0,11897845578334731;spy
2004-07-29;14575,384690562292;8987,147549490412;0,3905335394755127;0,4268857649563085;-0,03635222548079575;spy
2004-07-30;14583,21425759438;9009,09292052959;0,05371773849067729;0,244186166059146;-0,1904684275684687;spy
2004-08-02;14587,325102467406;9027,787630770574;0,02818888072555481;0,2075093508957293;-0,1793204701701745;spy
2004-08-03;14587,325102467406;8957,88664135922;0,0;-0,7742870376469702;0,7742870376469702;strategy
2004-08-04;14587,325102467406;8957,073666100458;0,0;-0,00907552519150423;0,00907552519150423;strategy
2004-08-05;14587,325102467406;8810,769745562928;0,0;-1,6333897206990855;1,6333897206990855;strategy
2004-08-06;14587,325102467406;8684,785245547053;0,0;-1,4298920940400306;1,4298920940400306;strategy
2004-08-09;14587,325102467406;8696,977393954789;0,0;0,14038514555079207;-0,14038514555079207;spy
2004-08-10;14587,325102467406;8809,1437950454;0,0;1,289717059269102;-1,289717059269102;spy
2004-08-11;14587,325102467406;8791,262680181611;0,0;-0,20298357343020434;0,20298357343020434;strategy
2004-08-12;14587,325102467406;8695,352063555689;0,0;-1,090976576574565;1,090976576574565;strategy
2004-08-13;14587,325102467406;8712,420823279146;0,0;0,19629751157514974;-0,19629751157514974;spy
2004-08-16;14587,325102467406;8802,64185333058;0,0;1,035544906306285;-1,035544906306285;spy
2004-08-17;14587,325102467406;8852,222802101855;0,0;0,5632507785434226;-0,5632507785434226;spy
2004-08-18;14587,325102467406;8943,256187293624;0,0;1,028367532391461;-1,028367532391461;spy
2004-08-19;14587,325102467406;8917,246560079057;0,0;-0,2908294995677463;0,2908294995677463;strategy
2004-08-20;14587,325102467406;8979,832632516827;0,0;0,7018542328744992;-0,7018542328744992;spy
2004-08-23;14587,325102467406;8957,073666100458;0,0;-0,25344532963740285;0,25344532963740285;strategy
2004-08-24;14587,325102467406;8969,265814508191;0,0;0,13611754086468864;-0,13611754086468864;spy
2004-08-25;14587,325102467406;9030,225936428435;0,0;0,6796556505398454;-0,6796556505398454;spy
2004-08-26;14587,325102467406;9030,225936428435;0,0;0,0;0,0;tie
2004-08-27;14587,325102467406;9058,673869300865;0,0;0,3150301340486994;-0,3150301340486994;spy
2004-08-30;14587,325102467406;8983,896268573786;0,0;-0,8254806587142283;0,8254806587142283;strategy
2004-08-31;14587,325102467406;9031,038911687197;0,0;0,5247460756901079;-0,5247460756901079;spy
2004-09-01;14587,325102467406;9048,107671410655;0,0;0,1890010649978402;-0,1890010649978402;spy
2004-09-02;14587,325102467406;9150,520849869823;0,0;1,1318740025913154;-1,1318740025913154;spy
2004-09-03;14587,325102467406;9113,132049506286;0,0;-0,4085975102069539;0,4085975102069539;strategy
2004-09-07;14587,325102467406;9173,279196167767;0,0;0,6600052137370138;-0,6600052137370138;spy
2004-09-08;14587,325102467406;9150,520849869823;0,0;-0,2480939019871009;0,2480939019871009;strategy
2004-09-09;14587,325102467406;9142,392957637478;0,0;-0,08882436711196151;0,08882436711196151;strategy
2004-09-10;14587,325102467406;9189,534980632463;0,0;0,5156420557880681;-0,5156420557880681;spy
2004-09-13;14587,325102467406;9219,608864022415;0,0;0,3272622984006768;-0,3272622984006768;spy
2004-09-14;14587,325102467406;9238,303574263398;0,0;0,20277118603084787;-0,20277118603084787;spy
2004-09-15;14587,325102467406;9168,402584852043;0,0;-0,7566431309541488;0,7566431309541488;strategy
2004-09-16;14587,325102467406;9196,03754246571;0,0;0,30141518501081155;-0,30141518501081155;spy
2004-09-17;14587,325102467406;9196,850517724473;0,0;0,008840495213391364;-0,008840495213391364;spy
2004-09-20;14587,325102467406;9141,579982378715;0,0;-0,6009724224530943;0,6009724224530943;strategy
2004-09-21;14587,325102467406;9181,407088400114;0,0;0,4356698305781892;-0,4356698305781892;spy
2004-09-22;14587,325102467406;9066,802381651638;0,0;-1,2482259597580536;1,2482259597580536;strategy
2004-09-23;14587,325102467406;9018,033788020703;0,0;-0,5378808490370091;0,5378808490370091;strategy
2004-09-24;14587,325102467406;9059,486844559626;0,0;0,45966845449156857;-0,45966845449156857;spy
2004-09-27;14587,325102467406;9001,778003556006;0,0;-0,6369990044002849;0,6369990044002849;strategy
2004-09-28;14587,325102467406;9044,856390494031;0,0;0,47855420252540526;-0,47855420252540526;spy
2004-09-29;14587,325102467406;9090,373083089917;0,0;0,503232894263772;-0,503232894263772;spy
2004-09-30;14587,325102467406;9083,871141375095;0,0;-0,07152557607251753;0,07152557607251753;strategy
2004-10-01;14587,325102467406;9237,490599004635;0,0;1,6911232583412206;-1,6911232583412206;spy
2004-10-04;14587,325102467406;9252,933408210567;0,0;0,16717537128096982;-0,16717537128096982;spy
2004-10-05;14587,325102467406;9257,810639644717;0,0;0,05271011061012132;-0,05271011061012132;spy
2004-10-06;14587,325102467406;9321,209067222822;0,0;0,6848101570215093;-0,6848101570215093;spy
2004-10-07;14587,325102467406;9221,234194421515;0,0;-1,0725526278866582;1,0725526278866582;strategy
2004-10-08;14587,325102467406;9144,83126329534;0,0;-0,8285542858503248;0,8285542858503248;strategy
2004-10-11;14587,325102467406;9182,220063658877;0,0;0,4088517249476675;-0,4088517249476675;spy
2004-10-12;14587,325102467406;9146,456593694438;0,0;-0,3894860906893505;0,3894860906893505;strategy
2004-10-13;14587,325102467406;9065,989406392875;0,0;-0,8797635070726395;0,8797635070726395;strategy
2004-10-14;14587,325102467406;8992,837136064898;0,0;-0,8068867836575455;0,8068867836575455;strategy
2004-10-15;14587,325102467406;9043,231060094933;0,0;0,5603784797562517;-0,5603784797562517;spy
2004-10-18;14587,325102467406;9077,368579541846;0,0;0,37749250483658514;-0,37749250483658514;spy
2004-10-19;14587,325102467406;9000,965028297243;0,0;-0,8416927281855391;0,8416927281855391;strategy
2004-10-20;14587,325102467406;8983,083293315023;0,0;-0,19866464235782644;0,19866464235782644;strategy
2004-10-21;14587,325102467406;9041,605109577406;0,0;0,6514669223420588;-0,6514669223420588;spy
2004-10-22;14587,325102467406;8940,004906376998;0,0;-1,1236965336252736;1,1236965336252736;strategy
2004-10-25;14587,325102467406;8929,438708486792;0,0;-0,11819006813597044;0,11819006813597044;strategy
2004-10-26;14587,325102467406;9065,989406392875;0,0;1,5292192752977884;-1,5292192752977884;spy
2004-10-27;14587,325102467406;9174,904526566865;0,0;1,2013594467382482;-1,2013594467382482;spy
2004-10-28;14587,325102467406;9202,540104298958;0,0;0,3012083412102129;-0,3012083412102129;spy
2004-10-29;14587,325102467406;9200,914153781434;0,0;-0,017668496948619605;0,017668496948619605;strategy
2004-11-01;14587,325102467406;9226,111425855664;0,0;0,2738561805174067;-0,2738561805174067;spy
2004-11-02;14587,325102467406;9229,362706772286;0,0;0,03523999187253768;-0,03523999187253768;spy
2004-11-03;14587,325102467406;9345,59336403829;0,0;1,2593573463172802;-1,2593573463172802;spy
2004-11-04;14587,325102467406;9473,203194453263;0,0;1,3654545564331322;-1,3654545564331322;spy
2004-11-05;14587,325102467406;9532,537365855982;0,0;0,6263369441654065;-0,6263369441654065;spy
2004-11-08;14587,325102467406;9518,71988704915;0,0;-0,1449506912642562;0,1449506912642562;strategy
2004-11-09;14587,325102467406;9500,025176808165;0,0;-0,19639941570736008;0,19639941570736008;strategy
2004-11-10;14587,325102467406;9507,340713900177;0,0;0,07700544952102817;-0,07700544952102817;spy
2004-11-11;14587,325102467406;9579,680008969393;0,0;0,7608783280844467;-0,7608783280844467;spy
2004-11-12;14587,325102467406;9655,270584955233;0,0;0,7890720349225111;-0,7890720349225111;spy
2004-11-15;14587,325102467406;9650,39397363951;0,0;-0,050507246511788395;0,050507246511788395;strategy
2004-11-16;14587,325102467406;9581,30533936849;0,0;-0,7159151684349774;0,7159151684349774;strategy
2004-11-17;14587,325102467406;9638,201825231774;0,0;0,593828125166862;-0,593828125166862;spy
2004-11-18;14587,325102467406;9651,206328779845;0,0;0,13492665731511533;-0,13492665731511533;spy
2004-11-19;14587,325102467406;9543,916539004955;0,0;-1,1116723248880578;1,1116723248880578;strategy
2004-11-22;14587,325102467406;9589,433851719266;0,0;0,4769248822355854;-0,4769248822355854;spy
2004-11-23;14587,325102467406;9604,064305784861;0,0;0,15256848622999808;-0,15256848622999808;spy
2004-11-24;14587,325102467406;9626,822652082803;0,0;0,23696578420693282;-0,23696578420693282;spy
2004-11-26;14587,325102467406;9619,507114990793;0,0;-0,07599118999483956;0,07599118999483956;strategy
2004-11-29;14587,325102467406;9575,615752794007;0,0;-0,4562745437173832;0,4562745437173832;strategy
2004-11-30;14587,325102467406;9582,118314627254;0,0;0,06790750590999206;-0,06790750590999206;spy
2004-12-01;14587,325102467406;9691,034054919674;0,0;1,1366561830713051;-1,1366561830713051;spy
2004-12-02;14587,325102467406;9699,161947152019;0,0;0,0838702267093927;-0,0838702267093927;spy
2004-12-03;14587,325102467406;9692,65938531877;0,0;-0,06704251221579804;0,06704251221579804;strategy
2004-12-06;14587,325102467406;9689,408104402146;0,0;-0,03354374467701149;0,03354374467701149;strategy
2004-12-07;14587,325102467406;9599,187074350712;0,0;-0,931130457911511;0,931130457911511;strategy
2004-12-08;14587,325102467406;9655,270584955233;0,0;0,5842527098401717;-0,5842527098401717;spy
2004-12-09;14587,325102467406;9689,408104402146;0,0;0,35356357076212763;-0,35356357076212763;spy
2004-12-10;14587,325102467406;9699,161947152019;0,0;0,10066500084191521;-0,10066500084191521;spy
2004-12-13;14587,325102467406;9783,69339062897;0,0;0,871533478227704;-0,871533478227704;spy
2004-12-14;14587,325102467406;9817,830910075883;0,0;0,3489226213856167;-0,3489226213856167;spy
2004-12-15;14587,325102467406;9825,145827049466;0,0;0,07450644689832586;-0,07450644689832586;spy
2004-12-16;14587,325102467406;9819,456240474981;0,0;-0,05790841860912055;0,05790841860912055;strategy
2004-12-17;14587,325102467406;9708,102814643127;0,0;-1,1340080662803342;1,1340080662803342;strategy
2004-12-20;14587,325102467406;9710,54112030099;0,0;0,025116191128349286;-0,025116191128349286;spy
2004-12-21;14587,325102467406;9785,318721028067;0,0;0,7700662589311902;-0,7700662589311902;spy
2004-12-22;14587,325102467406;9808,890042584773;0,0;0,24088455602424563;-0,24088455602424563;spy
2004-12-23;14587,325102467406;9816,204959558358;0,0;0,07457436001245821;-0,07457436001245821;spy
2004-12-27;14587,325102467406;9795,884918918275;0,0;-0,2070050566771897;0,2070050566771897;strategy
2004-12-28;14587,325102467406;9849,530123864935;0,0;0,5476300037279724;-0,5476300037279724;spy
2004-12-29;14587,325102467406;9864,16057793053;0,0;0,14853961439385;-0,14853961439385;spy
2004-12-30;14587,325102467406;9845,465867689547;0,0;-0,1895215522221827;0,1895215522221827;strategy
2004-12-31;14587,325102467406;9824,333471909133;0,0;-0,214640892207707;0,214640892207707;strategy
2005-01-03;14587,325102467406;9778,003804054482;0,0;-0,4715807742797118;0,4715807742797118;strategy
2005-01-04;14587,325102467406;9658,521865871855;0,0;-1,2219461208747284;1,2219461208747284;strategy
2005-01-05;14587,325102467406;9591,872157377129;0,0;-0,6900611648479105;0,6900611648479105;strategy
2005-01-06;14587,325102467406;9640,640130889637;0,0;0,5084301866450591;-0,5084301866450591;spy
2005-01-07;14587,325102467406;9626,822652082803;0,0;-0,14332532507422835;0,14332532507422835;strategy
2005-01-10;14587,325102467406;9672,33934467869;0,0;0,47281116772250886;-0,47281116772250886;spy
2005-01-11;14587,325102467406;9605,689636183959;0,0;-0,689075373801884;0,689075373801884;strategy
2005-01-12;14587,325102467406;9637,388849973013;0,0;0,33000455968976716;-0,33000455968976716;spy
2005-01-13;14587,325102467406;9560,172943588075;0,0;-0,8012119007230201;0,8012119007230201;strategy
2005-01-14;14587,325102467406;9610,56624749968;0,0;0,5271170742303655;-0,5271170742303655;spy
2005-01-18;14587,325102467406;9710,54112030099;0,0;1,0402599620737085;-1,0402599620737085;spy
2005-01-19;14587,325102467406;9608,940917100585;0,0;-1,0462877602979148;1,0462877602979148;strategy
2005-01-20;14587,325102467406;9550,419100838202;0,0;-0,6090350306789172;0,6090350306789172;strategy
2005-01-21;14587,325102467406;9491,897284575818;0,0;-0,6127669963431059;0,6127669963431059;strategy
2005-01-24;14587,325102467406;9473,203194453263;0,0;-0,1969478763000576;0,1969478763000576;strategy
2005-01-25;14587,325102467406;9500,025176808165;0,0;0,2831353007460846;-0,2831353007460846;spy
2005-01-26;14587,325102467406;9528,473729799021;0,0;0,2994576589155251;-0,2994576589155251;spy
2005-01-27;14587,325102467406;9544,729514263716;0,0;0,17060218588689224;-0,17060218588689224;spy
2005-01-28;14587,325102467406;9544,729514263716;0,0;0,0;0,0;tie
2005-01-31;14587,325102467406;9604,064305784861;0,0;0,6216497956539779;-0,6216497956539779;spy
2005-02-01;14587,325102467406;9665,024427705106;0,0;0,6347325463400555;-0,6347325463400555;spy
2005-02-02;14587,325102467406;9694,28471571787;0,0;0,302744066832239;-0,302744066832239;spy
2005-02-03;14587,325102467406;9669,088063762065;0,0;-0,2599124401097108;0,2599124401097108;strategy
2005-02-04;14587,325102467406;9772,314217479998;0,0;1,0675893428337302;-1,0675893428337302;spy
2005-02-07;14587,325102467406;9759,3090938135;0,0;-0,13308130885963942;0,13308130885963942;strategy
2005-02-08;14587,325102467406;9770,688266962472;0,0;0,11659814275362113;-0,11659814275362113;spy
2005-02-09;14587,325102467406;9697,535996634495;0,0;-0,7486910679089576;0,7486910679089576;strategy
2005-02-10;14587,325102467406;9732,486491340169;0,0;0,3604059290710948;-0,3604059290710948;spy
2005-02-11;14587,325102467406;9816,204959558358;0,0;0,8601960895880056;-0,8601960895880056;spy
2005-02-14;14587,325102467406;9808,890042584773;0,0;-0,0745187881031506;0,0745187881031506;strategy
2005-02-15;14587,325102467406;9845,465867689547;0,0;0,37288444407044263;-0,37288444407044263;spy
2005-02-16;14587,325102467406;9851,968429522796;0,0;0,06604625845678669;-0,06604625845678669;spy
2005-02-17;14587,325102467406;9772,314217479998;0,0;-0,8085106302625156;0,8085106302625156;strategy
2005-02-18;14587,325102467406;9785,318721028067;0,0;0,13307496319354684;-0,13307496319354684;spy
2005-02-22;14587,325102467406;9639,827155630874;0,0;-1,4868352226947934;1,4868352226947934;strategy
2005-02-23;14587,325102467406;9708,915169783466;0,0;0,716693494989018;-0,716693494989018;spy
2005-02-24;14587,325102467406;9773,126572620333;0,0;0,6613653710427769;-0,6613653710427769;spy
2005-02-25;14587,325102467406;9869,850164505016;0,0;0,9896893401100337;-0,9896893401100337;spy
2005-02-28;14587,325102467406;9804,825786409385;0,0;-0,6588182901649198;0,6588182901649198;strategy
2005-03-01;14587,325102467406;9853,594380040322;0,0;0,4973937803008699;-0,4973937803008699;spy
2005-03-02;14587,325102467406;9848,717148606172;0,0;-0,04949697791527541;0,04949697791527541;strategy
2005-03-03;14587,325102467406;9852,78140478156;0,0;0,041266858556920916;-0,041266858556920916;spy
2005-03-04;14587,325102467406;9975,51462388081;0,0;1,2456707812444678;-1,2456707812444678;spy
2005-03-07;14587,325102467406;9980,391235196534;0,0;0,04888581190638508;-0,04888581190638508;spy
2005-03-08;14587,325102467406;9943,002434832993;0,0;-0,37462259226558325;0,37462259226558325;strategy
2005-03-09;14587,325102467406;9832,461364141478;0,0;-1,1117473963826119;1,1117473963826119;strategy
2005-03-10;14587,325102467406;9854,406735180657;0,0;0,22319305641222975;-0,22319305641222975;spy
2005-03-11;14587,325102467406;9785,318721028067;0,0;-0,7010875033800157;0,7010875033800157;strategy
2005-03-14;14587,325102467406;9846,27884294831;0,0;0,6229753333352628;-0,6229753333352628;spy
2005-03-15;14587,325102467406;9764,998680387986;0,0;-0,8254911714036584;0,8254911714036584;strategy
2005-03-16;14587,325102467406;9682,093187428563;0,0;-0,8490066990580303;0,8490066990580303;strategy
2005-03-17;14587,325102467406;9701,600252809882;0,0;0,20147570369026813;-0,20147570369026813;spy
2005-03-18;14587,325102467406;9634,95054431515;0,0;-0,6869970598451292;0,6869970598451292;strategy
2005-03-21;14587,325102467406;9599,187074350712;0,0;-0,3711847798278489;0,3711847798278489;strategy
2005-03-22;14587,325102467406;9501,651127325693;0,0;-1,016085490047769;1,016085490047769;strategy
2005-03-23;14587,325102467406;9509,779019558038;0,0;0,08554189291343217;-0,08554189291343217;spy
2005-03-24;14587,325102467406;9521,15819270701;0,0;0,11965759799010822;-0,11965759799010822;spy
2005-03-28;14587,325102467406;9534,975671513845;0,0;0,1451239284882222;-0,1451239284882222;spy
2005-03-29;14587,325102467406;9471,577243935739;0,0;-0,6649039259482459;0,6649039259482459;strategy
2005-03-30;14587,325102467406;9605,689636183959;0,0;1,4159457162647993;-1,4159457162647993;spy
2005-03-31;14587,325102467406;9587,80790120174;0,0;-0,18615774254103767;0,18615774254103767;strategy
2005-04-01;14587,325102467406;9544,729514263716;0,0;-0,44930381774362926;0,44930381774362926;strategy
2005-04-04;14587,325102467406;9560,985298728408;0,0;0,17031163052236842;-0,17031163052236842;spy
2005-04-05;14587,325102467406;9606,502611442722;0,0;0,47607345155491476;-0,47607345155491476;spy
2005-04-06;14587,325102467406;9639,827155630874;0,0;0,3468956969673531;-0,3468956969673531;spy
2005-04-07;14587,325102467406;9691,846410060007;0,0;0,5396284973714138;-0,5396284973714138;spy
2005-04-08;14587,325102467406;9591,059182118364;0,0;-1,0399177171960372;1,0399177171960372;strategy
2005-04-11;14587,325102467406;9598,374099091949;0,0;0,07626808295815302;-0,07626808295815302;spy
2005-04-12;14587,325102467406;9647,95504786322;0,0;0,5165557026576284;-0,5165557026576284;spy
2005-04-13;14587,325102467406;9534,163316373506;0,0;-1,1794388647666576;1,1794388647666576;strategy
2005-04-14;14587,325102467406;9409,804146756731;0,0;-1,3043532556570203;1,3043532556570203;strategy
2005-04-15;14587,325102467406;9278,1306802848;0,0;-1,3993220732156808;1,3993220732156808;strategy
2005-04-18;14587,325102467406;9306,578613157226;0,0;0,30661276341876764;-0,30661276341876764;spy
2005-04-19;14587,325102467406;9380,543858743968;0,0;0,7947630236763148;-0,7947630236763148;spy
2005-04-20;14587,325102467406;9249,68274741237;0,0;-1,395026912108277;1,395026912108277;strategy
2005-04-21;14587,325102467406;9429,311832256479;0,0;1,9420026583545358;-1,9420026583545358;spy
2005-04-22;14587,325102467406;9393,548362292036;0,0;-0,37927974597361525;0,37927974597361525;strategy
2005-04-25;14587,325102467406;9455,321459471043;0,0;0,6576119565954164;-0,6576119565954164;spy
2005-04-26;14587,325102467406;9363,474478902084;0,0;-0,9713787200429702;0,9713787200429702;strategy
2005-04-27;14587,325102467406;9400,050924125286;0,0;0,3906289839911148;-0,3906289839911148;spy
2005-04-28;14587,325102467406;9282,194316341758;0,0;-1,2537869074841668;1,2537869074841668;strategy
2005-04-29;14587,325102467406;9408,178816357633;0,0;1,3572706595257555;-1,3572706595257555;spy
2005-05-02;14587,325102467406;9461,01104604553;0,0;0,5615563938478729;-0,5615563938478729;spy
2005-05-03;14587,325102467406;9477,266830510223;0,0;0,171818681804492;-0,171818681804492;spy
2005-05-04;14587,325102467406;9550,419100838202;0,0;0,7718709585392114;-0,7718709585392114;spy
2005-05-05;14587,325102467406;9547,167819921577;0,0;-0,034043332363709045;0,034043332363709045;strategy
2005-05-06;14587,325102467406;9517,093936531623;0,0;-0,3150031921215435;0,3150031921215435;strategy
2005-05-09;14587,325102467406;9576,428728052768;0,0;0,623454931902967;-0,623454931902967;spy
2005-05-10;14587,325102467406;9477,266830510223;0,0;-1,0354788863207842;1,0354788863207842;strategy
2005-05-11;14587,325102467406;9529,286084939356;0,0;0,5488845609123105;-0,5488845609123105;spy
2005-05-12;14587,325102467406;9424,434600822327;0,0;-1,1003078633848862;1,1003078633848862;strategy
2005-05-13;14587,325102467406;9405,740510699772;0,0;-0,19835768313277713;0,19835768313277713;strategy
2005-05-16;14587,325102467406;9493,523235093344;0,0;0,9332888175440424;-0,9332888175440424;spy
2005-05-17;14587,325102467406;9556,92166267145;0,0;0,6678071566070365;-0,6678071566070365;spy
2005-05-18;14587,325102467406;9655,270584955233;0,0;1,029085784682393;-1,029085784682393;spy
2005-05-19;14587,325102467406;9695,910666235395;0,0;0,4209108478377299;-0,4209108478377299;spy
2005-05-20;14587,325102467406;9682,093187428563;0,0;-0,14250831389102103;0,14250831389102103;strategy
2005-05-23;14587,325102467406;9735,737772256794;0,0;0,5540597863474828;-0,5540597863474828;spy
2005-05-24;14587,325102467406;9712,979425958853;0,0;-0,23376088007213136;0,23376088007213136;strategy
2005-05-25;14587,325102467406;9705,664508985268;0,0;-0,07531074300470841;0,07531074300470841;strategy
2005-05-26;14587,325102467406;9757,683763414401;0,0;0,5359679842732445;-0,5359679842732445;spy
2005-05-27;14587,325102467406;9773,939547879096;0,0;0,16659470483808558;-0,16659470483808558;spy
2005-05-31;14559,31743827067;9711,354095559753;-0,19200000000000328;-0,64032984870388;0,4483298487038767;strategy
2005-06-01;14650,807996871388;9794,259588519177;0,6283986800110997;0,8536965303049815;-0,22529785029388183;spy
2005-06-02;14679,667933122593;9815,392604418023;0,19698528748290922;0,21576940766014907;-0,01878412017723985;spy
2005-06-03;14635,093953632408;9765,811655646748;-0,30364433101113253;-0,5051346468704421;0,20149031585930954;strategy
2005-06-06;14673,188212415067;9756,87078815564;0,26029391340671726;-0,09155273321228563;0,3518466466190029;strategy
2005-06-07;14657,955418061718;9764,18570512922;-0,10381380060578982;0,074971957017822;-0,17878575762361182;spy
2005-06-08;14543,078271493838;9746,30459026543;-0,7837187608465968;-0,18312960654156551;-0,6005891543050312;spy
2005-06-09;14735,64736088635;9792,634258120079;1,3241288109544946;0,4753562483664098;0,8487725625880849;strategy
2005-06-10;14682,682469472305;9769,875291703709;-0,3594337603017861;-0,23240903128285417;-0,12702472901893191;spy
2005-06-13;14740,927545951243;9800,762150352424;0,3966923387469512;0,3161438373214809;0,08054850142547032;strategy
2005-06-14;14698,017766000841;9823,520496650368;-0,29109280821468797;0,23220996437633978;-0,5233027725910278;spy
2005-06-15;14759,423490221465;9842,214586772923;0,41778235132268193;0,1902992937097281;0,22748305761295384;strategy
2005-06-16;14889,357568019803;9867,411858847156;0,8803465655987441;0,25601222013686975;0,6243343454618744;strategy
2005-06-17;14895,724531703316;9864,16057793053;0,04276184284262019;-0,032949682886807;0,07571152572942719;strategy
2005-06-20;14865,29988362303;9867,411858847156;-0,2042508775959906;0,032960543281301824;-0,2372114208772924;spy
2005-06-21;14834,878789258513;9873,10144542164;-0,20464500953681908;0,0576603739245396;-0,2623053834613587;spy
2005-06-22;14839,18153772516;9881,229337653987;0,029004271135413262;0,08232359686850543;-0,05331932573309217;spy
2005-06-23;14744,206226853466;9742,240334090044;-0,6400306555334079;-1,4065962727360715;0,7665656172026636;strategy
2005-06-24;14726,762407068865;9670,71401427959;-0,11830965679814343;-0,7341875929725128;0,6158779361743694;strategy
2005-06-27;14698,797232388055;9684,531493086424;-0,1898935686460712;0,14287961350558653;-0,33277318215165774;spy
2005-06-28;14887,521099531219;9765,811655646748;1,283940884137924;0,8392782099820639;0,44466267415586014;strategy
2005-06-29;15059,008227392482;9739,802028432181;1,1518850365670463;-0,266333492101789;1,4182185286688354;strategy
2005-06-30;15000,63060942339;9686,969798744285;-0,3876591146480868;-0,5424363814959476;0,15477726684786086;strategy
2005-07-01;15051,91876970874;9715,417731616713;0,3419066945967719;0,2936721540735654;0,048234540523206526;strategy
2005-07-05;15213,436947050657;9793,446613260412;1,0730736712914357;0,8031448960734933;0,26992877521794245;strategy
2005-07-06;15284,86692931811;9711,354095559753;0,4695190344960132;-0,8382392935037286;1,3077583279997418;strategy
2005-07-07;15391,042055176267;9749,555251063628;0,6946421342700848;0,39336590065581767;0,30127623361426714;strategy
2005-07-08;15489,731529122091;9860,909297013906;0,6412137241391891;1,1421448782305221;-0,500931154091333;spy
2005-07-11;15622,894446319455;9911,303221043941;0,8596851207330891;0,5110474349996785;0,3486376857334106;strategy
2005-07-12;15670,216056632727;9937,31284825851;0,3028991233082312;0,2624238874999296;0,04047523580830159;strategy
2005-07-13;15573,99097197838;9951,130327065342;-0,6140635477302148;0,13904643053734844;-0,7531099782675632;spy
2005-07-14;15405,547715654677;9990,145077946407;-1,0815677023749082;0,392063510362739;-1,4736312127376472;spy
2005-07-15;15459,75445618389;9984,454871253492;0,3518650652980737;-0,05695819879008024;0,40882326408815395;strategy
2005-07-18;15411,056376109203;9944,627765232093;-0,31499905262212247;-0,3988911416292429;0,08389208900712042;strategy
2005-07-19;15527,340283679046;9999,085325319089;0,7545485833801102;0,5476078277900642;0,206940755590046;strategy
2005-07-20;15549,62358553683;10033,22346488443;0,14351010186339774;0,3414126238016735;-0,19790252193827573;spy
2005-07-21;15326,9896514081;9974,701648622047;-1,4317641382381119;-0,5832803033561929;-0,848483834881919;spy
2005-07-22;15349,869360014878;10041,351357116777;0,14927724965663192;0,6681874891359518;-0,5189102394793199;spy
2005-07-25;15317,788071839275;10012,903424244349;-0,2090003987862743;-0,2833078124715338;0,0743074136852595;strategy
2005-07-26;15457,646237402172;10025,094952533655;0,9130441347469542;0,12175817315671633;0,7912859615902379;strategy
2005-07-27;15783,40484807809;10061,671397756858;2,1074270019693753;0,36484886573526776;1,7425781362341075;strategy
2005-07-28;16103,275171705323;10125,069825334962;2,026624335535465;0,6300983710543218;1,3965259644811434;strategy
2005-07-29;16149,699983642393;10057,607141581471;0,2882942223991991;-0,6662935161660388;0,9545877385652379;strategy
2005-08-01;16155,521678138859;10050,292224607887;0,03604831360559668;-0,07273019188970276;0,10877850549529944;strategy
2005-08-02;16240,08855903092;10110,439371269369;0,5234549683808432;0,598461669743422;-0,07500670136257881;spy
2005-08-03;16312,479487729042;10137,261973742698;0,4457545193487622;0,2652961111615948;0,1804584081871674;strategy
2005-08-04;16112,199072927604;10055,981811182373;-1,2277742016601367;-0,8017960152440939;-0,4259781864160428;spy
2005-08-05;15987,958495633657;9987,706152170116;-0,7710963396840187;-0,6789556732922253;-0,09214066639179341;spy
2005-08-08;15822,548068361622;9969,012062047563;-1,0345937995598908;-0,18717100641263418;-0,8474227931472567;spy
2005-08-09;16035,911467984917;10029,159208709041;1,3484768616372822;0,6033410962603014;0,7451357653769808;strategy
2005-08-10;16034,463992279494;10024,28259739332;-0,009026463561567777;-0,04862432846302056;0,039597864901452784;strategy
2005-08-11;16154,18194765391;10064,109703414719;0,7466289826218109;0,39730629732801503;0,34932268529379584;strategy
2005-08-12;16199,518209512962;10002,336606235713;0,2806472157238282;-0,613795944196105;0,8944431599199332;strategy
2005-08-15;16198,039168106709;10064,109703414719;-0,00913015675605422;0,6175866661045415;-0,6267168228605957;spy
2005-08-16;15899,696318374696;9933,248592083122;-1,8418454643537197;-1,3002750882891934;-0,5415703760645263;spy
2005-08-17;15821,345452405116;9932,43561682436;-0,49278215382663193;-0,008184384506504383;-0,48459776932012755;spy
2005-08-18;15645,131514454637;9931,623261684023;-1,1137734049267656;-0,008178811035641775;-1,1055945938911238;spy
2005-08-19;15744,004645455003;9954,381607981966;0,6319737926716362;0,2291503181131027;0,4028234745585335;strategy
2005-08-22;15904,329915962724;9954,381607981966;1,0183258587515898;0,0;1,0183258587515898;strategy
2005-08-23;15888,76239950593;9935,686897740981;-0,09788225306600618;-0,18780383329883854;0,08992158023283237;strategy
2005-08-24;15904,153685321126;9847,091818207075;0,09686900356489225;-0,8916855014226566;0,9885545049875488;strategy
2005-08-25;15891,78023562433;9882,854668053085;-0,07780011399296516;0,3631818460338332;-0,44098196002679835;spy
2005-08-26;15701,310604556009;9815,392604418023;-1,1985418137192005;-0,6826171779408807;-0,5159246357783198;spy
2005-08-29;15793,208023353689;9890,98318040386;0,5852850192710202;0,7701227962273682;-0,18483777695634807;spy
2005-08-30;15993,032342518036;9838,963925974725;1,2652547783126966;-0,5259260225231821;1,7911808008358787;strategy
2005-08-31;16282,792043776375;9963,322475473075;1,8117871273729769;1,2639394801524206;0,5478476472205562;strategy
2005-09-01;16316,392937535638;9956,006938381064;0,20635830555919554;-0,07342467444990675;0,2797829800091023;strategy
2005-09-02;16248,14911969188;9938,125203398844;-0,4182530912623772;-0,17960749819573296;-0,23864559306664423;spy
2005-09-06;16430,59499178551;10054,355860664848;1,1228717237246277;1,16954309678301;-0,046671373058382315;spy
2005-09-07;16552,701303952264;10071,425240506731;0,7431642751087209;0,1697709935716718;0,573393281537049;strategy
2005-09-08;16656,945939276648;10038,100076200151;0,6297741583695116;-0,3308882656701595;0,9606624240396711;strategy
2005-09-09;16792,638502888374;10127,508130992825;0,8146305097368911;0,8906870235798392;-0,07605651384294809;spy
2005-09-12;16788,612253989904;10107,188090352744;-0,023976273280568172;-0,20064205703174132;0,17666578375117314;strategy
2005-09-13;16715,40680536382;10051,10519986665;-0,43604228579815496;-0,5548812388247226;0,11883895302656766;strategy
2005-09-14;16469,50132641931;10014,528754643447;-1,4711306868439356;-0,363904709938645;-1,1072259769052906;spy
2005-09-15;16378,446256084315;10009,652143327725;-0,5528708400474258;-0,048695364856388146;-0,5041754751910377;spy
2005-09-16;16489,090673049635;10038,100076200151;0,6755489210352739;0,2842050099751914;0,3913439110600825;strategy
2005-09-19;16478,113144012957;10004,774911893575;-0,06657449615835587;-0,3319867709387414;0,26541227478038554;strategy
2005-09-20;16409,97112807986;9920,244088535052;-0,4135304530170525;-0,8449047989878777;0,43137434597082525;strategy
2005-09-21;16474,99778287593;9827,584752825755;0,3962630664523292;-0,9340429013877216;1,3303059678400508;strategy
2005-09-22;16463,91220205762;9862,534627413004;-0,06728729778543441;0,35563035543602073;-0,42291765322145514;spy
2005-09-23;16506,26437539896;9870,663139763778;0,25724246352605284;0,08241808680884422;0,17482437671720863;strategy
2005-09-26;16526,888801827707;9882,04231291275;0,12494908575124697;0,11528276254442194;0,009666323206825034;strategy
2005-09-27;16606,78721106449;9879,604007254888;0,48344494958993955;-0,024674106633570947;0,5081190562235105;strategy
2005-09-28;16557,88123928524;9889,357229886336;-0,2944938786634377;0,09872078500603454;-0,3932146636694722;spy
2005-09-29;16715,451013127873;9969,825037306324;0,9516300519705423;0,8136808646856064;0,13794918728493588;strategy
2005-09-30;16757,098238235703;10000,711275836613;0,24915406156329478;0,30979719718966514;-0,06064313562637036;spy
2005-10-03;16933,11528114938;9964,947805872174;1,0504028824754874;-0,3576092637615602;1,4080121462370476;strategy
2005-10-04;16666,97005522911;9852,78140478156;-1,5717440146205908;-1,1256095192442195;-0,4461344953763713;spy
2005-10-05;16292,067306802881;9723,545623849059;-2,2493755444686125;-1,3116680013806281;-0,9377075430879844;spy
2005-10-06;16132,113249137612;9688,595129143385;-0,9817910437828758;-0,35944187498797575;-0,6223491687949001;spy
2005-10-07;16294,481724055278;9721,92029344996;1,0064922828777245;0,3439628125891492;0,6625294702885753;strategy
2005-10-10;16216,413969216728;9639,827155630874;-0,4791054797606775;-0,8444127841121696;0,36530730435149206;strategy
2005-10-11;16268,744142139487;9626,009676824042;0,3226987977865914;-0,1433374124219733;0,46603621020856467;strategy
2005-10-12;15784,031170665075;9550,419100838202;-2,9794123457809074;-0,7852742571808791;-2,1941380886000283;spy
2005-10-13;15759,509375746926;9544,729514263716;-0,15535825197636743;-0,05957420836104621;-0,09578404361532122;spy
2005-10-14;15938,77824195685;9645,51674220536;1,1375282182693347;1,0559464025777565;0,08158181569157819;strategy
2005-10-17;16075,977819911066;9681,280212169799;0,8607910585834988;0,370778164822938;0,4900128937605608;strategy
2005-10-18;15898,641513582803;9576,428728052768;-1,1031136538930841;-1,08303325406518;-0,020080399827904216;spy
2005-10-19;16083,91108786037;9735,737772256794;1,1653170122697842;1,6635538020280283;-0,49823678975824404;spy
2005-10-20;15845,256395985203;9564,236579645036;-1,483810066913982;-1,761563392765908;0,277753325851926;strategy
2005-10-21;16118,63183820187;9601,625380008572;1,7252825412527484;0,3909229979014661;1,3343595433512823;strategy
2005-10-24;16397,902016705673;9750,368226322391;1,7325923273582067;1,549142363161904;0,18344996419630277;strategy
2005-10-25;16389,891862281333;9730,861160941073;-0,04884865403013139;-0,20006490963753176;0,15121625560740037;strategy
2005-10-26;16432,908465519453;9702,413228068644;0,2624581272382631;-0,2923475363785455;0,5548056636168086;strategy
2005-10-27;16332,638514682916;9599,187074350712;-0,6101777481869908;-1,063922462293243;0,4537447141062523;strategy
2005-10-28;16432,20196076945;9737,363722774318;0,6095980511478638;1,4394619810339737;-0,8298639298861099;spy
2005-10-31;16679,298227521293;9764,18570512922;1,5037319243140113;0,275454251464069;1,2282776728499423;strategy
2005-11-01;16652,373372268263;9793,446613260412;-0,16142678718102932;0,2996758666298227;-0,461102653810852;spy
2005-11-02;16839,031839839827;9895,859791719584;1,1209120970252284;1,0457317275871292;0,07518036943809925;strategy
2005-11-03;16931,324233590392;9938,125203398844;0,5480861051180508;0,42710196555761915;0,12098413956043164;strategy
2005-11-04;17057,649590948662;9925,120699850775;0,7461044134259076;-0,1308546962521806;0,8769591096780882;strategy
2005-11-07;17122,811089727198;9934,874542600648;0,38200748837702303;0,09827429856867909;0,28373318980834394;strategy
2005-11-08;17138,220951346077;9934,874542600648;0,08999609665800712;0,0;0,08999609665800712;strategy
2005-11-09;17080,71557489454;9947,879046148717;-0,335538773918187;0,13089751151165174;-0,4664362854298387;spy
2005-11-10;17239,80772327642;10025,094952533655;0,9314138373436309;0,7762047168720976;0,15520912047153335;strategy
2005-11-11;17284,591796525703;10059,233092098999;0,2597713035326965;0,34052684515188947;-0,08075554161919296;spy
2005-11-14;17316,62090290401;10053,543505524509;0,18530438413215666;-0,05656083840982484;0,2418652225419815;strategy
2005-11-15;17221,814363287354;10016,967060301307;-0,5474886823950587;-0,36381645141438934;-0,18367223098066932;spy
2005-11-16;17219,937907121865;10037,287100941388;-0,010895809964661662;0,2028562190307337;-0,21375202899539536;spy
2005-11-17;17404,68328329851;10130,759411909448;1,0728573887611725;0,9312507456252117;0,14160664313596083;strategy
2005-11-18;17429,525391515093;10170,586517930846;0,14273231987176338;0,39313050880054323;-0,25039818892877985;spy
2005-11-21;17530,18347939721;10221,79341721965;0,5775147952744364;0,5034802978031383;0,07403449747129809;strategy
2005-11-22;17770,915701381895;10265,684779416433;1,3732441663694583;0,42939003367887807;0,9438541326905803;strategy
2005-11-23;17768,208156403918;10325,01895081915;-0,015235821403203342;0,5779855185275906;-0,593221339930794;spy
2005-11-25;17873,594625193975;10333,146843051498;0,5931181572300215;0,07872036139655592;0,5143977958334656;strategy
2005-11-28;17595,315707697362;10259,995192841949;-1,556927542176445;-0,7079319719407673;-0,8489955702356777;spy
2005-11-29;17382,20397758879;10248,61539957455;-1,2111844632338276;-0,11091421636667542;-1,1002702468671521;spy
2005-11-30;17460,392574385107;10193,34548434722;0,44981980937013333;-0,5392915342459337;0,989111343616067;strategy
2005-12-01;17722,22332438754;10297,383993205485;1,4995696625203392;1,020651257411287;0,47891840510905226;strategy
2005-12-02;17804,667487170285;10310,388496753556;0,46520214351035705;0,12628939113712434;0,3389127523732327;strategy
2005-12-05;17605,488847594046;10288,443125714375;-1,1186877807168427;-0,21284717880505344;-0,9058406019117893;spy
2005-12-06;17612,268777299534;10307,950191095693;0,03851031780019998;0,1896017224662705;-0,15109140466607052;spy
2005-12-07;17392,959179093865;10247,803044434211;-1,2452092400970893;-0,5835024960970325;-0,6617067440000568;spy
2005-12-08;17481,0207458387;10241,300482600966;0,5063058323662606;-0,0634532280241018;0,5697590603903624;strategy
2005-12-09;17579,337671157802;10268,123085074294;0,5624209635613164;0,2619062151227647;0,30051474843855175;strategy
2005-12-12;17630,06038498964;10277,876307705743;0,2885359777522023;0,09498544720043522;0,19355053055176707;strategy
2005-12-13;17459,14696984008;10347,777297117096;-0,9694431636494971;0,6801112147939214;-1,6495543784434186;spy
2005-12-14;17434,320969788103;10388,417378397258;-0,1421948053639932;0,3927421330519376;-0,5349369384159308;spy
2005-12-15;17482,24668913721;10358,344115125728;0,2748929507042863;-0,289488400168314;0,5643813508726003;strategy
2005-12-16;17515,821693498256;10270,561390732155;0,19205199971183973;-0,8474590476810762;1,0395110473929159;strategy
2005-12-19;17244,791960651328;10217,72916104426;-1,547342383300987;-0,5144044972611561;-1,0329378860398308;spy
2005-12-20;17303,68587866947;10227,483003794132;0,3415171267506345;0,09545998524855825;0,24605714150207625;strategy
2005-12-21;17518,664375307635;10243,738788258826;1,2423855711757525;0,15894218018903672;1,0834433909867158;strategy
2005-12-22;17741,04290740256;10297,383993205485;1,269380629315342;0,5236877477600821;0,7456928815552599;strategy
2005-12-23;17849,116692006122;10303,073579779973;0,6091737964202038;0,0552527377656542;0,5539210586545495;strategy
2005-12-27;18006,407980060398;10198,22209566294;0,881227294147946;-1,017671894751937;1,898899188899883;strategy
2005-12-28;18000,753360351417;10220,980441960883;-0,031403374372296344;0,2231599398842432;-0,25456331425653955;spy
2005-12-29;17845,46283936401;10175,463749364997;-0,8626890101691598;-0,4453260903330092;-0,4173629198361506;spy
2005-12-30;17697,036939206857;10120,193214019242;-0,8317290590510784;-0,5431746081273614;-0,288554450923717;spy
2006-01-03;17926,29818578564;10298,196348345822;1,2954781490615908;1,7588906709804508;-0,46341252191886007;spy
2006-01-04;18109,359343415395;10346,964941976757;1,021187730632045;0,4735644182854326;0,5476233123466123;strategy
2006-01-05;18248,044797179733;10353,466883691577;0,7658219771024877;0,06283911998621328;0,7029828571162744;strategy
2006-01-06;18523,786262207617;10439,624277686054;1,5110740251498056;0,83215984522238;0,6789141799274256;strategy
2006-01-09;18654,492591128164;10466,446880159387;0,7056134586653773;0,2569307262394904;0,44868273242588685;strategy
2006-01-10;18795,881303199647;10477,012457931165;0,7579338402306623;0,10094713031800762;0,6569867099126547;strategy
2006-01-11;18879,128088331;10510,337622237745;0,4428990787315845;0,31807888403676543;0,12482019469481909;strategy
2006-01-12;18807,113126418022;10468,885185817247;-0,3814527957860969;-0,3943968111242424;0,012944015338145487;strategy
2006-01-13;18752,569402050034;10459,130722948947;-0,29001646345908627;-0,09317575553809965;-0,19684070792098662;spy
2006-01-17;18582,02195486789;10430,683410194944;-0,909461757083263;-0,2719854403538946;-0,6374763167293684;spy
2006-01-18;18496,125854504007;10389,230353656021;-0,4622537879489519;-0,39741457878403885;-0,06483920916491304;spy
2006-01-19;18795,221825553323;10429,05745967742;1,6170736153186427;0,38334991780584193;1,2337236975128008;strategy
2006-01-20;18274,67161300311;10238,862176943105;-2,7695880228585157;-1,823705387276664;-0,9458826355818517;spy
2006-01-23;18357,829020704743;10275,43800204788;0,45504187140885666;0,35722548533898557;0,09781638606987109;strategy
2006-01-24;18715,239426359603;10286,004820056514;1,946909981848921;0,10283569426945416;1,844074287579467;strategy
2006-01-25;18829,1180076572;10294,945687547624;0,6084804939081145;0,0869226453567018;0,5215578485514127;strategy
2006-01-26;19166,690980026222;10351,841553292483;1,7928241367000775;0,5526582409626224;1,240165895737455;strategy
2006-01-27;19203,548695362664;10447,751549799976;0,19230087955637298;0,9265017824484412;-0,7342009028920682;spy
2006-01-30;19311,970025594346;10439,624277686054;0,5645900763011857;-0,07778967632587896;0,6423797526270647;strategy
2006-01-31;19280,92924727599;10363,220726441454;-0,16073336007261796;-0,7318611207867698;0,5711277607141518;strategy
2006-02-01;19086,10908688433;10435,560021510668;-1,0104293101909745;0,6980387369791563;-1,7084680471701308;spy
2006-02-02;18878,89119767669;10314,452752928944;-1,0857000149393392;-1,160524862413581;0,0748248474742419;strategy
2006-02-03;18745,870461593928;10263,245853640145;-0,7046003639193166;-0,49645774250368646;-0,2081426214156301;spy
2006-02-06;18831,486839089488;10290,068456113475;0,45672126920417444;0,26134619452593544;0,195375074678239;strategy
2006-02-07;18391,590020195385;10199,035070921705;-2,3359643487150805;-0,8846722991204703;-1,4512920495946102;spy
2006-02-08;18405,65536930374;10291,694406631002;0,07647706964384327;0,9085108058259017;-0,8320337361820584;spy
2006-02-09;18463,30427420717;10274,625646907545;0,31321299756366106;-0,1658498498795291;0,47906284744319017;strategy
2006-02-10;18507,925351399674;10293,3197370301;0,24167438574274058;0,18194424561037703;0,05973014013236355;strategy
2006-02-13;18374,684552298942;10274,625646907545;-0,7199121272155717;-0,18161380973432673;-0,538298317481245;spy
2006-02-14;18689,910124773538;10383,540767081533;1,7155427706929238;1,060039790420686;0,6555029802722379;strategy
2006-02-15;18940,32579680843;10420,11659218631;1,3398441745472223;0,3522481003852995;0,9875960741619227;strategy
2006-02-16;19272,816706455975;10498,146093948437;1,7554656303936156;0,7488352080497584;1,0066304223438571;strategy
2006-02-17;19112,908767226687;10469,69754095758;-0,8297071552375801;-0,27098644595215937;-0,5587207092854207;spy
2006-02-21;19028,051372746573;10443,688533861443;-0,44397948796585096;-0,24842176189321385;-0,1955577260726371;spy
2006-02-22;19245,828393384363;10507,086961439547;1,1445051118040839;0,6070501563939512;0,5374549554101327;strategy
2006-02-23;19104,232803778;10491,64353211519;-0,7357209402066411;-0,14698107459312215;-0,588739865613519;spy
2006-02-24;19373,4957918268;10518,46613458852;1,4094415139013217;0,2556568224151512;1,1537846914861705;strategy
2006-02-27;19584,865742054117;10522,530390763906;1,0910263821178212;0,038639247618266204;1,052387134499555;strategy
2006-02-28;19257,412643582942;10422,554897844171;-1,6719700956031702;-0,9501088541163827;-0,7218612414867875;spy
2006-03-01;19591,599746528995;10515,214233553466;1,7353686558584158;0,88902708229881;0,8463415735596058;strategy
2006-03-02;19634,904802569596;10514,401878413131;0,22103889728695147;-0,007725521537571556;0,22876441882452303;strategy
2006-03-03;19609,35286896591;10465,633284782194;-0,13013525586506036;-0,46382660844515033;0,33369135258009;strategy
2006-03-06;19561,220297082687;10417,67828652845;-0,24545721730265813;-0,4582140129396173;0,21275679563695915;strategy
2006-03-07;19098,401167892436;10401,422502063755;-2,3660033584882;-0,1560403769207963;-2,209962981567404;spy
2006-03-08;18993,46652497569;10423,368493221362;-0,5494420291744517;0,21099028669637754;-0,7604323158708293;spy
2006-03-09;18871,289656431083;10353,466883691577;-0,6432573452768597;-0,6706239885430842;0,02736664326622451;strategy
2006-03-10;19179,059069901537;10451,815805975362;1,6308870197727643;0,9499129459592082;0,6809740738135561;strategy
2006-03-13;19069,1013464024;10471,323491475108;-0,5733217834012483;0,18664398475711774;-0,759965768158366;spy
2006-03-14;19460,163171404583;10581,050966789433;2,0507616898053804;1,0478854502361301;1,0028762395692503;strategy
2006-03-15;19702,163863482914;10628,193609902844;1,2435696964449683;0,44553838046312855;0,7980313159818397;strategy
2006-03-16;19515,351581553256;10650,139601060453;-0,9481815460681831;0,2064884397397604;-1,1546699858079434;spy
2006-03-17;19678,72865166797;10616,814436753873;0,8371720562244223;-0,3129082392803739;1,1500802955047962;strategy
2006-03-20;19729,818010004125;10599,746297148844;0,25961716958693426;-0,16076516837236765;0,4203823379593019;strategy
2006-03-21;19599,12158948163;10533,095968535687;-0,6624309482034962;-0,6287917346765703;-0,03363921352692589;spy
2006-03-22;19635,315075422866;10597,307991490983;0,18466891883899272;0,6096215504644675;-0,4249526316254748;spy
2006-03-23;19717,25636313683;10575,362000333374;0,417315879063862;-0,207090245704189;0,624406124768051;strategy
2006-03-24;19900,239871533067;10583,490512684151;0,9280373751103799;0,07686273387634834;0,8511746412340315;strategy
2006-03-27;20076,131792930293;10568,047083359792;0,8838683479832632;-0,14591999970000602;1,0297883476832692;strategy
2006-03-28;19942,653396784935;10503,02270526416;-0,6648611272434546;-0,6152922823178697;-0,04956884492558489;spy
2006-03-29;20392,997547642473;10568,859438500127;2,2581957470621195;0,6268360555192309;1,6313596915428885;strategy
2006-03-30;20318,44935480992;10550,165348377572;-0,3655577982510594;-0,17687897385082474;-0,18867882440023465;spy
2006-03-31;20418,77215366083;10552,603654035433;0,49375224013914476;0,023111539746967225;0,47064070039217754;strategy
2006-04-03;20490,035555197275;10544,47514168466;0,3490092401254863;-0,07702850042761167;0,42603774055309795;strategy
2006-04-04;20438,56372505929;10611,937825438152;-0,2512042011802551;0,6397917662757546;-0,8909959674560097;spy
2006-04-05;20556,293808081424;10648,513650542925;0,5760193554001258;0,344666786655079;0,23135256874504684;strategy
2006-04-06;20705,656187200304;10637,134477393955;0,7266016944171172;-0,10686161019656248;0,8334633046136797;strategy
2006-04-07;20573,482172881417;10529,0317123603;-0,6383473825890773;-1,0162771304940699;0,37792974790499256;strategy
2006-04-10;20381,75195514701;10545,288737061848;-0,9319288593115815;0,1544018970183636;-1,0863307563299451;spy
2006-04-11;20207,723563083564;10455,880062150749;-0,8538441270722008;-0,8478542137672185;-0,0059899133049823305;spy
2006-04-12;20421,170522355547;10475,387747650495;1,0562642477053519;0,1865714352478287;0,8696928124575232;strategy
2006-04-13;20432,241001252918;10461,570268843663;0,0542107950435744;-0,13190422292416182;0,18611501796773622;strategy
2006-04-17;20404,14040989621;10457,506012668277;-0,13753063775523433;-0,03884938944099803;-0,0986812483142363;spy
2006-04-18;20780,471827301128;10623,316998587123;1,8443875107936103;1,5855691186596577;0,25881839213395263;strategy
2006-04-19;20955,5519830046;10643,637039227202;0,8425225238315015;0,19127773973779405;0,6512447840937075;strategy
2006-04-20;20736,582984817454;10658,268113411226;-1,0449211663082547;0,13746310711368892;-1,1823842734219436;spy
2006-04-21;20540,582261945634;10659,892823691896;-0,9451929617108279;0,015243661196939762;-0,9604366229077677;spy
2006-04-24;20461,1252658766;10640,386378429008;-0,3868293267238143;-0,18298913118089954;-0,20384019554291477;spy
2006-04-25;20322,111542355535;10596,49439611379;-0,6794040978425508;-0,412503651222651;-0,26690044661989987;spy
2006-04-26;20279,276428180798;10598,932701771653;-0,2107808240568887;0,023010493534125764;-0,23379131759101446;spy
2006-04-27;20217,285867403818;10650,139601060453;-0,3056842831474782;0,48313260145751435;-0,7888168846049926;spy
2006-04-28;20543,734476258094;10685,903071024892;1,6147004647177;0,33580282798244543;1,2788976367352545;strategy
2006-05-01;20468,1583788207;10598,932701771653;-0,367879060765397;-0,8138794510410774;0,4460003902756804;strategy
2006-05-02;20640,849257275004;10678,588154051307;0,8437050137006796;0,7515422026062923;0,09216281109438729;strategy
2006-05-03;20827,403233268196;10638,76042791148;0,9038095945952396;-0,3729680887142095;1,276777683309449;strategy
2006-05-04;20871,961293068183;10676,962203533782;0,21393958383064682;0,3590810779240394;-0,1451414940933926;spy
2006-05-05;21066,86570051065;10771,247489760604;0,9338097398024381;0,8830722112664002;0,05073752853603786;strategy
2006-05-08;21118,32089354704;10758,242366094106;0,24424702643421892;-0,12073925215125847;0,3649862785854774;strategy
2006-05-09;21100,48302298831;10779,374761874522;-0,0844663297269177;0,19642981689107497;-0,28089614661799267;spy
2006-05-10;21036,710146414953;10773,685795418467;-0,30223420242976307;-0,05277640477049372;-0,24945779765926934;spy
2006-05-11;20623,72256445083;10643,637039227202;-1,9631757013798268;-1,2070962404209795;-0,7560794609588473;spy
2006-05-12;20099,34523545548;10504,648655781688;-2,5425930132478625;-1,3058354294990693;-1,2367575837487932;spy
2006-05-15;19896,006411684306;10525,781051562104;-1,0116688946288699;0,20117184755898965;-1,2128407421878595;spy
2006-05-16;19966,92859498132;10510,337622237745;0,35646441717753774;-0,1467200319739459;0,5031844491514836;strategy
2006-05-17;19324,27573807534;10310,388496753556;-3,2185864433226463;-1,902404400988389;-1,3161820423342574;spy
2006-05-18;18994,37803759144;10258,369242324421;-1,707167217832073;-0,5045324377981886;-1,2026347800338844;spy
2006-05-19;19120,99872311578;10330,708537393639;0,6666219092499315;0,7051734380037367;-0,038551528753805187;spy
2006-05-22;18673,853016326637;10251,866680491174;-2,338506022954645;-0,7631795691175003;-1,5753264538371448;spy
2006-05-23;18712,495877170964;10173,837798847473;0,20693565923723956;-0,7611187706155542;0,9680544298527938;strategy
2006-05-24;18582,351806132014;10255,117961407797;-0,6954928508373093;0,7989134893573002;-1,4944063401946095;spy
2006-05-25;19053,418441962785;10381,915436682437;2,5350216202199016;1,236431172725716;1,2985904474941856;strategy
2006-05-26;19334,10336416276;10434,747666370333;1,473147315034029;0,508887112499723;0,9642602025343061;strategy
2006-05-30;18890,887860127365;10249,428374833311;-2,29240268186901;-1,7759824910215993;-0,5164201908474109;spy
2006-05-31;19090,62786550831;10364,033701700217;1,0573351917594787;1,1181631079866916;-0,06082791622721295;spy
2006-06-01;19362,625150415966;10463,194979124333;1,424768670909371;0,9567826608654295;0,46798601004394147;strategy
2006-06-02;19499,910251890244;10485,14097028194;0,709021118819364;0,20974464493295208;0,49927647388641194;strategy
2006-06-05;19050,030582075527;10332,334487911163;-2,3070858481059275;-1,457362211951918;-0,8497236361540095;spy
2006-06-06;18867,722724753283;10307,137215836932;-0,9569950900434776;-0,24386814135480828;-0,7131269486886693;spy
2006-06-07;18696,78334608014;10229,921309451995;-0,9059883970463423;-0,7491498829208854;-0,1568385141254569;spy
2006-06-08;18593,411621692278;10220,980441960883;-0,5528850737286595;-0,0873991814858921;-0,4654858922427674;spy
2006-06-09;18525,29467824543;10188,468252913068;-0,36634989227785075;-0,3180926647148308;-0,04825722756301998;spy
2006-06-12;18042,88086595015;10077,92718222155;-2,6040817200159827;-1,0849626062279905;-1,5191191137879922;spy
2006-06-13;17677,32387936022;9960,884169815214;-2,0260455594970583;-1,1613798183897628;-0,8646657411072955;spy
2006-06-14;17829,799912464474;10038,100076200151;0,8625515612251666;0,7751912889312429;0,08736027229392374;strategy
2006-06-15;18283,710193223855;10251,054325350839;2,5457957071187476;2,1214597138316194;0,42433599328712823;strategy
2006-06-16;18172,317608754813;10131,572387168213;-0,6092449688374857;-1,1655575552569908;0,5563125864195051;strategy
2006-06-19;17977,418223461005;10051,917555006987;-1,0725070378470147;-0,7862040472820464;-0,28630299056496833;spy
2006-06-20;18014,71607941286;10086,0550744539;0,20747059165138193;0,3396120119380397;-0,13214142028665776;spy
2006-06-21;18225,697018829746;10160,833295299406;1,171158837512798;0,7414020674436417;0,42975677006915625;strategy
2006-06-22;18221,798764053143;10116,128957843854;-0,021388782950659824;-0,4399672365083873;0,4185784535577275;strategy
2006-06-23;18300,02508818023;10114,503627444754;0,4293007794675452;-0,016066722813368184;0,4453675022809134;strategy
2006-06-26;18409,063107422582;10159,207344781875;0,5958353538694228;0,4419763834561552;0,15385897041326757;strategy
2006-06-27;18262,853718669812;10071,425240506731;-0,7942250395883366;-0,8640645012549353;0,06983946166659871;strategy
2006-06-28;18357,368129970302;10139,700279400558;0,5175226870698157;0,6779084118028189;-0,16038572473300317;spy
2006-06-29;18768,59305905502;10344,52601620047;2,240108310588118;2,0200373892315993;0,22007092135651884;strategy
2006-06-30;18975,92802483971;10345,338991459232;1,104691039612371;0,007858989938136496;1,0968320496742345;strategy
2006-07-03;18995,799909729667;10387,605023256921;0,10472154439005177;0,4085514436267701;-0,3038298992367183;spy
2006-07-05;18995,799909729667;10328,270231735776;0,0;-0,5712076208933659;0,5712076208933659;strategy
2006-07-06;18995,799909729667;10358,344115125728;0,0;0,2911802529870222;-0,2911802529870222;spy
2006-07-07;18995,799909729667;10290,881431372238;0,0;-0,6512883044209605;0,6512883044209605;strategy
2006-07-10;18995,799909729667;10310,388496753556;0,0;0,18955679852505902;-0,18955679852505902;spy
2006-07-11;18995,799909729667;10355,90580946787;0,0;0,44147039394921705;-0,44147039394921705;spy
2006-07-12;18995,799909729667;10245,364738776352;0,0;-1,0674205880711551;1,0674205880711551;strategy
2006-07-13;18995,799909729667;10078,740157480315;0,0;-1,626341136156928;1,626341136156928;strategy
2006-07-14;18995,799909729667;10039,725406599251;0,0;-0,3870994813980566;0,3870994813980566;strategy
2006-07-17;18995,799909729667;10025,094952533655;0,0;-0,14572563962734764;0,14572563962734764;strategy
2006-07-18;18995,799909729667;10076,301851822453;0,0;0,5107871748970982;-0,5107871748970982;spy
2006-07-19;18995,799909729667;10216,103830645161;0,0;1,387433414347572;-1,387433414347572;spy
2006-07-20;18995,799909729667;10146,202841233806;0,0;-0,6842235608615632;0,6842235608615632;strategy
2006-07-21;18995,799909729667;10074,675901304929;0,0;-0,7049626451207325;0,7049626451207325;strategy
2006-07-24;18995,799909729667;10258,369242324421;0,0;1,8233176215197044;-1,8233176215197044;spy
2006-07-25;18995,799909729667;10294,945687547624;0,0;0,35655223904687006;-0,35655223904687006;spy
2006-07-26;18995,799909729667;10308,763166354458;0,0;0,13421614087334444;-0,13421614087334444;spy
2006-07-27;18995,799909729667;10299,009323604585;0,0;-0,09461700295635422;0,09461700295635422;strategy
2006-07-28;18995,799909729667;10402,235477322516;0,0;1,0022920697949411;-1,0022920697949411;spy
2006-07-31;18995,799909729667;10391,668659313882;0,0;-0,10158218424943799;0,10158218424943799;strategy
2006-08-01;18995,799909729667;10340,462380143512;0,0;-0,49276281653259923;0,49276281653259923;strategy
2006-08-02;18995,799909729667;10410,363369554865;0,0;0,6759948137868843;-0,6759948137868843;spy
2006-08-03;18995,799909729667;10437,998327168529;0,0;0,2654562250389958;-0,2654562250389958;spy
2006-08-04;18995,799909729667;10420,11659218631;0,0;-0,17131383261170807;0,17131383261170807;strategy
2006-08-07;18995,799909729667;10395,732915489269;0,0;-0,23400579524538445;0,23400579524538445;strategy
2006-08-08;18995,799909729667;10355,90580946787;0,0;-0,3831101312929852;0,3831101312929852;strategy
2006-08-09;18995,799909729667;10320,955314762192;0,0;-0,33749336222934634;0,33749336222934634;strategy
2006-08-10;18995,799909729667;10352,654528551246;0,0;0,30713449309982543;-0,30713449309982543;spy
2006-08-11;18995,799909729667;10323,393620420055;0,0;-0,2826415973844587;0,2826415973844587;strategy
2006-08-14;18995,799909729667;10331,5215126524;0,0;0,07873275524696854;-0,07873275524696854;spy
2006-08-15;18995,799909729667;10455,067707010414;0,0;1,1958180042185962;-1,1958180042185962;spy
2006-08-16;18995,799909729667;10542,036836026798;0,0;0,8318370712995904;-0,8318370712995904;spy
2006-08-17;18995,799909729667;10568,859438500127;0,0;0,2544347253811807;-0,2544347253811807;spy
2006-08-18;18995,799909729667;10622,504643446786;0,0;0,5075779960819649;-0,5075779960819649;spy
2006-08-21;18995,799909729667;10576,987950850902;0,0;-0,42849303552870976;0,42849303552870976;strategy
2006-08-22;18995,799909729667;10576,174355473711;0,0;-0,007692127295322315;0,007692127295322315;strategy
2006-08-23;18995,799909729667;10546,91344734252;0,0;-0,27666817081213324;0,27666817081213324;strategy
2006-08-24;18995,799909729667;10537,972579851408;0,0;-0,08477236051809278;0,08477236051809278;strategy
2006-08-25;18995,799909729667;10550,977703517907;0,0;0,12341200897945104;-0,12341200897945104;spy
2006-08-28;18995,799909729667;10601,371007429514;0,0;0,4776173860627564;-0,4776173860627564;spy
2006-08-29;18995,799909729667;10613,563775955678;0,0;0,11501124258002093;-0,11501124258002093;spy
2006-08-30;18995,799909729667;10620,066337788925;0,0;0,06126652621598616;-0,06126652621598616;spy
2006-08-31;18995,799909729667;10618,4403872714;0,0;-0,01531017289166936;0,01531017289166936;strategy
2006-09-01;18995,799909729667;10681,838814849505;0,0;0,5970596930044758;-0,5970596930044758;spy
2006-09-05;18995,799909729667;10702,158855489586;0,0;0,1902298002459446;-0,1902298002459446;spy
2006-09-06;18995,799909729667;10607,873569262765;0,0;-0,8809931482044675;0,8809931482044675;strategy
2006-09-07;18995,799909729667;10559,106215868682;0,0;-0,4597278905679181;0,4597278905679181;strategy
2006-09-08;18995,799909729667;10589,179479140208;0,0;0,2848087959029133;-0,2848087959029133;spy
2006-09-11;18995,799909729667;10599,746297148844;0,0;0,09978882716503712;-0,09978882716503712;spy
2006-09-12;18995,799909729667;10703,784806007112;0,0;0,9815188584867629;-0,9815188584867629;spy
2006-09-13;18995,799909729667;10746,863192945135;0,0;0,40245938907372825;-0,40245938907372825;spy
2006-09-14;18995,799909729667;10747,675548085472;0,0;0,0075589976884726795;-0,0075589976884726795;spy
2006-09-15;18995,799909729667;10725,730797164719;0,0;-0,2041813676135984;0,2041813676135984;strategy
2006-09-18;18995,799909729667;10740,360631111887;0,0;0,13639941393117638;-0,13639941393117638;spy
2006-09-19;18995,799909729667;10713,538028638557;0,0;-0,24973651625470605;0,24973651625470605;strategy
2006-09-20;18995,799909729667;10770,433894383414;0,0;0,5310651401317479;-0,5310651401317479;spy
2006-09-21;18995,799909729667;10718,414639954279;0,0;-0,4829819758353615;0,4829819758353615;strategy
2006-09-22;18995,799909729667;10685,903071024892;0,0;-0,30332441896954165;0,30332441896954165;strategy
2006-09-25;18995,799909729667;10767,995588725551;0,0;0,7682319140930094;-0,7682319140930094;spy
2006-09-26;18995,799909729667;10857,404263636652;0,0;0,8303186435618004;-0,8303186435618004;spy
2006-09-27;18995,799909729667;10870,40938730315;0,0;0,11978114980994992;-0,11978114980994992;spy
2006-09-28;18995,799909729667;10866,345131127762;0,0;-0,037388253106052094;0,037388253106052094;strategy
2006-09-29;18995,799909729667;10857,404263636652;0,0;-0,08228035630396535;0,08228035630396535;strategy
2006-10-02;18995,799909729667;10816,764182356488;0,0;-0,37430752593670125;0,37430752593670125;strategy
2006-10-03;18995,799909729667;10839,522528654432;0,0;0,2103988393781009;-0,2103988393781009;spy
2006-10-04;18995,799909729667;10966,319383810644;0,0;1,169764210748414;-1,169764210748414;spy
2006-10-05;18995,799909729667;10987,45177959106;0,0;0,19270272040055048;-0,19270272040055048;spy
2006-10-06;18995,799909729667;10973,634300784228;0,0;-0,12575690054447142;0,12575690054447142;strategy
2006-10-09;18995,799909729667;10980,136862617475;0,0;0,05925622865692315;-0,05925622865692315;spy
2006-10-10;18995,799909729667;10994,7679368015;0,0;0,13325038082026008;-0,13325038082026008;spy
2006-10-11;18995,799909729667;10981,762813135001;0,0;-0,11828465813241706;0,11828465813241706;strategy
2006-10-12;18995,799909729667;11076,860454502159;0,0;0,8659597096143168;-0,8659597096143168;spy
2006-10-13;18995,799909729667;11105,309007493017;0,0;0,25682866645933;-0,25682866645933;spy
2006-10-16;18995,799909729667;11122,377147098045;0,0;0,1536935135574513;-0,1536935135574513;spy
2006-10-17;18995,799909729667;11087,427272510795;0,0;-0,3142302596380486;0,3142302596380486;strategy
2006-10-18;18995,799909729667;11102,057106457964;0,0;0,1319497624434618;-0,1319497624434618;spy
2006-10-19;18995,799909729667;11119,938841440182;0,0;0,16106686185046737;-0,16106686185046737;spy
2006-10-20;18995,799909729667;11122,377147098045;0,0;0,021927329750925928;-0,021927329750925928;spy
2006-10-23;18995,799909729667;11173,584046386843;0,0;0,4603952789189458;-0,4603952789189458;spy
2006-10-24;18995,799909729667;11206,90921069342;0,0;0,29824955151569466;-0,29824955151569466;spy
2006-10-25;18995,799909729667;11245,110986315723;0,0;0,34087699743166056;-0,34087699743166056;spy
2006-10-26;18995,799909729667;11280,060860902971;0,0;0,3108006193071722;-0,3108006193071722;spy
2006-10-27;18995,799909729667;11209,347516351283;0,0;-0,6268879700532692;0,6268879700532692;strategy
2006-10-30;18959,32797390298;11201,219004000508;-0,19200000000003659;-0,07251548173449196;-0,11948451826554463;spy
2006-10-31;19032,63817543117;11199,59305348298;0,3866708863790036;-0,014515835436723634;0,40118672181572723;strategy
2006-11-01;18522,77974652543;11124,00309761557;-2,6788636667506527;-0,6749348436718594;-2,0039288230787933;spy
2006-11-02;18571,969177300594;11117,500535782321;0,2655618187350717;-0,05845523213350301;0,3240170508685747;strategy
2006-11-03;18624,399955191577;11097,992850282577;0,2823113553034773;-0,17546826678314087;0,45777962208661815;strategy
2006-11-06;18989,55506188103;11223,164995158115;1,9606274970897397;1,1278809291389136;0,8327465679508261;strategy
2006-11-07;19128,84637225376;11266,24338209614;0,7335153979059594;0,38383456856072584;0,3496808293452336;strategy
2006-11-08;19243,98823849625;11290,62767891161;0,6019279155772939;0,2164368014117235;0,38549111416557036;strategy
2006-11-09;19218,741992892592;11231,292267272034;-0,13119029844944619;-0,5255280160411324;0,39433771759168623;strategy
2006-11-10;19413,84414459779;11236,170118824613;1,0151660903577886;0,04343090213041467;0,9717351882273739;strategy
2006-11-13;19556,958078079188;11263,805076438279;0,7371746286590986;0,24594641520572225;0,4912282134533763;strategy
2006-11-14;19712,89684744295;11348,335899796799;0,7973569751553056;0,7504641884769736;0,046892786678331966;strategy
2006-11-15;19681,749969320696;11380,848708963043;-0,15800254200738495;0,2864984739024745;-0,44450101590985946;spy
2006-11-16;19713,665562929902;11410,109617094235;0,16215831244150714;0,2571065557540164;-0,09494824331250928;spy
2006-11-17;19679,487292039354;11413,36027789243;-0,17337349455099904;0,02848930384793391;-0,20186279839893295;spy
2006-11-20;19819,609568446664;11419,862839725678;0,712021986792255;0,056973246046054804;0,6550487407462002;strategy
2006-11-21;19861,021603777594;11431,242012874653;0,2089447584116888;0,09964369369999115;0,10930106471169765;strategy
2006-11-22;19851,878252430735;11454,000359172594;-0,04603666180554855;0,19908900775882366;-0,2451256695643722;spy
2006-11-24;19880,352336262255;11407,671311436374;0,1434326942239439;-0,4044791887850785;0,5479118830090224;strategy
2006-11-27;19455,417480390042;11250,79995277178;-2,1374613924579178;-1,3751391881998476;-0,7623222042580702;spy
2006-11-28;19455,417480390042;11299,56854640272;0,0;0,43346778749651094;-0,43346778749651094;spy
2006-11-29;19455,417480390042;11417,424534067817;0,0;1,0430131662205744;-1,0430131662205744;spy
2006-11-30;19455,417480390042;11422,30114538354;0,0;0,042712008309520044;-0,042712008309520044;spy
2006-12-01;19455,417480390042;11397,104493427736;0,0;-0,22059173221841144;0,22059173221841144;strategy
2006-12-04;19455,417480390042;11484,073622444119;0,0;0,7630809129330673;-0,7630809129330673;spy
2006-12-05;19455,417480390042;11533,654571215393;0,0;0,4317365980166965;-0,4317365980166965;spy
2006-12-06;19455,417480390042;11523,901348583948;0,0;-0,08456315880819298;0,08456315880819298;strategy
2006-12-07;19455,417480390042;11473,50804467234;0,0;-0,4372937808756916;0,4372937808756916;strategy
2006-12-08;19455,417480390042;11494,640440452757;0,0;0,18418425906128189;-0,18418425906128189;spy
2006-12-11;19455,417480390042;11527,965604759334;0,0;0,2899191538805912;-0,2899191538805912;spy
2006-12-12;19455,417480390042;11519,024737268224;0,0;-0,07755806876643678;0,07755806876643678;strategy
2006-12-13;19455,417480390042;11531,216265557532;0,0;0,1058381986963175;-0,1058381986963175;spy
2006-12-14;19455,417480390042;11632,816468757937;0,0;0,8810883506180867;-0,8810883506180867;spy
2006-12-15;19455,417480390042;11569,418041179833;0,0;-0,544996370813311;0,544996370813311;strategy
2006-12-18;19455,417480390042;11537,71882739078;0,0;-0,27399142874969806;0,27399142874969806;strategy
2006-12-19;19455,417480390042;11559,664818548388;0,0;0,19021083357924073;-0,19021083357924073;spy
2006-12-20;19455,417480390042;11553,162256715139;0,0;-0,05625216591761406;0,05625216591761406;strategy
2006-12-21;19455,417480390042;11510,896224917451;0,0;-0,3658395066088671;0,3658395066088671;strategy
2006-12-22;19455,417480390042;11440,18288036576;0,0;-0,6143165846514864;0,6143165846514864;strategy
2006-12-26;19455,417480390042;11507,645564119253;0,0;0,5896993471081302;-0,5896993471081302;spy
2006-12-27;19455,417480390042;11583,235519986665;0,0;0,6568672579132961;-0,6568672579132961;spy
2006-12-28;19455,417480390042;11558,852463408051;0,0;-0,21050298542700796;0,21050298542700796;strategy
2006-12-29;19455,417480390042;11510,896224917451;0,0;-0,414887538727704;0,414887538727704;strategy
2007-01-03;19418,063078827694;11490,576184277368;-0,19199999999999218;-0,17652874496510984;-0,015471255034882336;spy
2007-01-04;19491,562656763606;11514,960481092838;0,37851137694600023;0,21221126272878976;0,16630011421721047;strategy
2007-01-05;19314,920397517388;11423,113500523876;-0,9062498597818824;-0,7976317480183459;-0,10861811176353653;spy
2007-01-08;19373,594446121802;11475,946350330201;0,3037757722882173;0,46250831530214587;-0,15873254301392858;spy
2007-01-09;19352,926326526605;11466,193127698756;-0,10668190486115003;-0,0849883951502095;-0,02169350971094053;spy
2007-01-10;19614,282798974615;11504,3936630842;1,350475209993296;0,3331579623681913;1,0173172476251047;strategy
2007-01-11;19925,27056155812;11554,788207232665;1,585516869369119;0,4380460685222687;1,1474708008468504;strategy
2007-01-12;20086,78251372801;11642,57093162624;0,8105885020276427;0,7597086404286246;0,05087986159901803;strategy
2007-01-16;20271,42027009418;11619,812585328295;0,9192002563874091;-0,19547526428311812;1,1146755206705272;strategy
2007-01-17;20167,344786339432;11624,689196644018;-0,5134099257380842;0,041968072031384196;-0,5553779977694684;spy
2007-01-18;19915,75968015471;11585,673825644526;-1,2474875044291123;-0,33562506781475987;-0,9118624366143524;spy
2007-01-19;20026,923425948255;11608,433412179324;0,5581697488763915;0,1964459458924095;0,361723802983982;strategy
2007-01-22;19864,225998987014;11572,669942214883;-0,8123935139754845;-0,3080817944557279;-0,5043117195197566;spy
2007-01-23;20018,364065582376;11606,8074616618;0,7759580796313115;0,29498395458760207;0,4809741250437094;strategy
2007-01-24;20315,19931985582;11700,27915251143;1,4828147460051122;0,8053178374705983;0,6774969085345139;strategy
2007-01-25;20001,966630885916;11562,915479346582;-1,541863724978343;-1,1740204774119634;-0,36784324756637954;spy
2007-01-26;20008,88428338908;11552,349901574804;0,03458486173295583;-0,09137468651959635;0,12595954825255218;strategy
2007-01-29;20206,965859789452;11545,847339741555;0,989968124133811;-0,05628778463819817;1,0462559087720091;strategy
2007-01-30;20206,965859789452;11605,993866284607;0,0;0,5209364438417907;-0,5209364438417907;spy
2007-01-31;20206,965859789452;11684,023368046737;0,0;0,6723207220435068;-0,6723207220435068;spy
2007-02-01;20206,965859789452;11753,92435745809;0,0;0,5982612941576093;-0,5982612941576093;spy
2007-02-02;20206,965859789452;11770,180141922783;0,0;0,1383009110006661;-0,1383009110006661;spy
2007-02-05;20206,965859789452;11773,432042957837;0,0;0,027628303015259092;-0,027628303015259092;spy
2007-02-06;20206,965859789452;11776,682703756032;0,0;0,027610137692524184;-0,027610137692524184;spy
2007-02-07;20206,965859789452;11802,692951089026;0,0;0,22086225796589254;-0,22086225796589254;spy
2007-02-08;20206,965859789452;11787,249521764668;0,0;-0,13084665837157505;0,13084665837157505;strategy
2007-02-09;20206,965859789452;11699,466797371095;0,0;-0,7447261062174526;0,7447261062174526;strategy
2007-02-12;20206,965859789452;11659,639071231268;0,0;-0,34042342979918594;0,34042342979918594;strategy
2007-02-13;20206,965859789452;11757,988613633477;0,0;0,843504175398313;-0,843504175398313;spy
2007-02-14;20206,965859789452;11835,204520018415;0,0;0,6567101646569373;-0,6567101646569373;spy
2007-02-15;20206,965859789452;11850,647949342774;0,0;0,13048721970319033;-0,13048721970319033;spy
2007-02-16;20206,965859789452;11844,95774264986;0,0;-0,048015996401529204;0,048015996401529204;strategy
2007-02-20;20206,965859789452;11870,154394605663;0,0;0,2127204883566325;-0,2127204883566325;spy
2007-02-21;20206,965859789452;11865,277783289943;0,0;-0,04108296449737425;0,04108296449737425;strategy
2007-02-22;20206,965859789452;11856,33691579883;0,0;-0,07535320836485893;0,07535320836485893;strategy
2007-02-23;20206,965859789452;11810,00786806261;0,0;-0,39075346850582227;0,39075346850582227;strategy
2007-02-26;20206,965859789452;11799,441050053976;0,0;-0,08947342056569996;0,08947342056569996;strategy
2007-02-27;20206,965859789452;11338,582677165354;0,0;-3,905764442007309;3,905764442007309;strategy
2007-02-28;20206,965859789452;11454,81271431293;0,0;1,0250843553987643;-1,0250843553987643;spy
2007-03-01;20206,965859789452;11420,675194866015;0,0;-0,2980190099857283;0,2980190099857283;strategy
2007-03-02;20206,965859789452;11271,119993411863;0,0;-1,3095127818833485;1,3095127818833485;strategy
2007-03-05;20206,965859789452;11163,8308237554;0,0;-0,9518944853676992;0,9518944853676992;strategy
2007-03-06;20206,965859789452;11354,838461630048;0,0;1,7109506663985474;-1,7109506663985474;spy
2007-03-07;20206,965859789452;11343,459288481077;0,0;-0,10021431117160917;0,10021431117160917;strategy
2007-03-08;20206,965859789452;11439,370525225426;0,0;0,8455201742711971;-0,8455201742711971;spy
2007-03-09;20206,965859789452;11442,621186023624;0,0;0,028416430703326334;-0,028416430703326334;spy
2007-03-12;20206,965859789452;11459,690565865505;0,0;0,14917368638167616;-0,14917368638167616;spy
2007-03-13;20206,965859789452;11236,982473964947;0,0;-1,9434040615715187;1,9434040615715187;strategy
2007-03-14;20206,965859789452;11320,700942183135;0,0;0,7450262418060793;-0,7450262418060793;spy
2007-03-15;20206,965859789452;11336,144371507493;0,0;0,13641760703007044;-0,13641760703007044;spy
2007-03-16;20206,965859789452;11259,74082026289;0,0;-0,6739818119874785;0,6739818119874785;strategy
2007-03-19;20206,965859789452;11395,478542910212;0,0;1,20551373973945;-1,20551373973945;spy
2007-03-20;20206,965859789452;11458,064615347981;0,0;0,5492184659213528;-0,5492184659213528;spy
2007-03-21;20206,965859789452;11646,633947564771;0,0;1,6457345856140781;-1,6457345856140781;spy
2007-03-22;20206,965859789452;11637,69308007366;0,0;-0,07676782434619112;0,07676782434619112;strategy
2007-03-23;20206,965859789452;11654,762459915544;0,0;0,14667322573671537;-0,14667322573671537;spy
2007-03-26;20206,965859789452;11639,319030591187;0,0;-0,13250745673687447;0,13250745673687447;strategy
2007-03-27;20206,965859789452;11611,684072977521;0,0;-0,23742761531867496;0,23742761531867496;strategy
2007-03-28;20206,965859789452;11527,153249619;0,0;-0,7279807375679459;0,7279807375679459;strategy
2007-03-29;20206,965859789452;11539,344777908305;0,0;0,1057635656028788;-0,1057635656028788;spy
2007-03-30;20206,965859789452;11541,783083566166;0,0;0,021130364893240383;-0,021130364893240383;spy
2007-04-02;20168,16848533866;11554,788207232665;-0,19199999999998107;0,11267863528829913;-0,3046786352882802;spy
2007-04-03;20295,42618051584;11679,146756731014;0,6309829039245152;1,076251223890945;-0,4452683199664298;spy
2007-04-04;20335,321264459115;11692,15188039751;0,19657179695775628;0,11135337141818802;0,08521842553956827;strategy
2007-04-05;20466,953759186523;11723,851094186564;0,6473096392997091;0,27111530976773324;0,37619432953197585;strategy
2007-04-09;20467,808511590752;11740,106878651257;0,004176256096966036;0,1386556715374354;-0,13447941544046937;spy
2007-04-10;20397,661871860706;11753,92435745809;-0,342716904402951;0,1176946594239281;-0,4604115638268791;spy
2007-04-11;20359,544432984432;11705,969359204342;-0,18687160869579333;-0,40799138054108397;0,22111977184529064;strategy
2007-04-12;20505,038549877598;11757,988613633477;0,7146236369486303;0,4443822876422754;0,2702413493063549;strategy
2007-04-13;20612,815970752115;11811,633818580136;0,5256143294359195;0,45624474312262464;0,06936958631329482;strategy
2007-04-16;20721,78862115738;11923,799599552325;0,5286645481135999;0,9496212183258468;-0,4209566702122469;spy
2007-04-17;20704,791301599034;11955,498813341377;-0,0820263147602529;0,26584826023277053;-0,34787457499302343;spy
2007-04-18;20616,170586249056;11970,1298875254;-0,4280203265952909;0,12237945411106566;-0,5503997807063565;spy
2007-04-19;20407,851537705916;11966,877986490348;-1,0104643230013255;-0,027166798235334078;-0,9832975247659914;spy
2007-04-20;20576,233517710796;12079,857362839726;0,8250843048998702;0,9441006791990558;-0,11901637429918566;spy
2007-04-23;20740,297796765342;12034,340670243842;0,7973484501589079;-0,3767982620051735;1,1741467121640814;strategy
2007-04-24;20389,890533115693;12039,217281559562;-1,6894996739357238;0,04052246358439149;-1,7300221375201152;spy
2007-04-25;20585,02798603269;12149,75835225108;0,9570304097516802;0,9181748954795621;0,038855514272118086;strategy
2007-04-26;21093,52542669421;12163,575831057911;2,4702295328747903;0,11372636727604579;2,3565031655987445;strategy
2007-04-27;20928,590768811235;12153,822608426468;-0,7819207768571812;-0,0801838436896185;-0,7017369331675627;spy
2007-04-30;20573,118987143927;12053,034760366396;-1,6984984110685941;-0,8292687108185537;-0,8692297002500404;spy
2007-05-01;20580,63900538714;12083,921619015113;0,03655264059820862;0,25625794053363293;-0,21970529993542431;spy
2007-05-02;20689,798558946168;12154,634963566801;0,5303992433395965;0,5851853957775877;-0,05478615243799112;spy
2007-05-03;20920,75889158263;12220,472937039624;1,11630053805718;0,5416696895478079;0,5746308485093721;strategy
2007-05-04;20882,51068054676;12266,801984775844;-0,18282420458113346;0,37911010461633143;-0,5619343091974649;spy
2007-05-07;20893,602251049535;12269,240290433705;0,05311416176172479;0,01987727250254423;0,03323688925918056;strategy
2007-05-08;20846,843657706744;12252,98450596901;-0,22379383306410094;-0,13249218435610333;-0,09130164870799762;spy
2007-05-09;20921,33915672613;12286,30967027559;0,3573466575687023;0,2719758952632656;0,08537076230543672;strategy
2007-05-10;20621,45820969335;12157,886864601855;-1,433373575115382;-1,0452512521675228;-0,3881223229478592;spy
2007-05-11;20850,32302025296;12261,925373460123;1,1098381512711253;0,8557285490226052;0,2541096022485201;strategy
2007-05-14;20782,141993809684;12235,102770986792;-0,3270022549628937;-0,21874706994535753;-0,10825518501753617;spy
2007-05-15;20640,43385391556;12238,354672021846;-0,6818745629605161;0,026578452963743615;-0,7084530159242597;spy
2007-05-16;20766,99097249684;12322,07314024003;0,6131514457350828;0,6840663672672775;-0,0709149215321947;spy
2007-05-17;20614,709066021736;12297,688843424561;-0,7332882586445932;-0,1978911871236777;-0,5353970715209155;spy
2007-05-18;20692,672828760682;12404,978013081027;0,37819482433274487;0,8724336013252731;-0,4942387769925283;spy
2007-05-21;20888,805224331343;12398,475451247778;0,9478350003101488;-0,05241897104849569;1,0002539713586445;strategy
2007-05-22;20926,503028543746;12388,72222861633;0,1804689344725663;-0,07866469284709687;0,25913362731966316;strategy
2007-05-23;20863,8518381891;12390,348179133858;-0,299386812355551;0,013124440822243066;-0,31251125317779405;spy
2007-05-24;20543,907482048908;12278,181157924817;-1,5334865231096395;-0,9052773948510784;-0,6282091282585611;spy
2007-05-25;20723,016545090522;12329,388057213615;0,8718354246781912;0,4170560657980493;0,45477935888014187;strategy
2007-05-29;20791,87006852281;12374,092394669166;0,3322562778564242;0,36258358685852254;-0,030327309002098346;spy
2007-05-30;21077,07879099564;12474,87900249238;1,3717319391323812;0,8144969716456396;0,5572349674867416;strategy
2007-05-31;21128,2353993436;12461,875119062737;0,24271204209671549;-0,1042405575801153;0,3469525996768308;strategy
2007-06-01;21261,15058996386;12523,647596123317;0,6290879863274812;0,4956916713608095;0,1333963149666717;strategy
2007-06-04;21510,1509807743;12525,273546640843;1,1711520021309374;0,012983042720149385;1,158168959410788;strategy
2007-06-05;21721,28233071003;12475,692597869569;0,9815428544617921;-0,3958472330895413;1,3773900875513334;strategy
2007-06-06;21446,34072735201;12341,579585502923;-1,26577058928653;-1,074994524869488;-0,19077606441704198;spy
2007-06-07;20960,963905034765;12118,872733839216;-2,2632151026967917;-1,8045246973516282;-0,4586904053451635;spy
2007-06-08;21263,75751479216;12276,55520740729;1,444559568582937;1,301131524615995;0,1434280439669422;strategy
2007-06-11;21238,123436798185;12297,688843424561;-0,12055290781105565;0,17214630374911;-0,29269921156016565;spy
2007-06-12;21133,216287453743;12163,575831057911;-0,4939567738017514;-1,0905546080583917;0,5965978342566403;strategy
2007-06-13;21394,465594370417;12345,64384167831;1,2362023052391313;1,4968296588862895;-0,26062735364715817;spy
2007-06-14;21626,695233680686;12424,485698580771;1,0854659504623276;0,6386208602284116;0,44684509023391605;strategy
2007-06-15;21992,325328645293;12441,555078422656;1,6906424722497038;0,13738500132713938;1,5532574709225644;strategy
2007-06-18;22197,878022643228;12426,924004238634;0,9346564809597391;-0,11759843598166952;1,0522549169414086;strategy
2007-06-19;22385,992906125986;12457,81086288735;0,847445342707398;0,24854790001276328;0,5988974426946347;strategy
2007-06-20;22105,45672973419;12284,683719758064;-1,2531772772742533;-1,3897075901597056;0,13653031288545225;strategy
2007-06-21;22353,13007763846;12352,958758651894;1,1204172387495825;0,5557736808805114;0,5646435578690712;strategy
2007-06-22;22151,859148409567;12236,728721504318;-0,900414968864871;-0,9409084853146621;0,040493516449791045;strategy
2007-06-25;21960,530116116417;12178,206905241936;-0,863715460681258;-0,47824723089218146;-0,3854682297890766;spy
2007-06-26;21869,81774680973;12053,034760366396;-0,4130700344073812;-1,0278372329317276;0,6147671985243464;strategy
2007-06-27;21984,937515913633;12224,535952978154;0,5263865041613913;1,4228880611520278;-0,8965015569906365;spy
2007-06-28;22221,71563885031;12222,911242697484;1,077001573305747;-0,013290568140333914;1,0902921414460809;strategy
2007-06-29;22136,355653913077;12226,974258636017;-0,3841286889118445;0,03324098373831408;-0,41736967265015856;spy
2007-07-02;22419,93155087168;12337,515329327533;1,2810414749027332;0,9040754347989122;0,37696604010382107;strategy
2007-07-03;22461,531384479524;12382,219666783083;0,1855484416330766;0,3623447368635402;-0,17679629523046358;spy
2007-07-05;22575,486284156468;12369,214543116586;0,5073336173137655;-0,10503063276599;0,6123642500797555;strategy
2007-07-06;22683,182793915174;12434,238921212218;0,4770506752463044;0,5256952886456112;-0,04864461339930681;spy
2007-07-09;23053,856033473625;12443,993384080519;1,6341324007576485;0,07844841111794842;1,5556839896397001;strategy
2007-07-10;22627,975637830477;12266,801984775844;-1,8473282518324918;-1,4239110696679935;-0,4234171821644983;spy
2007-07-11;22792,45498374016;12353,772354029083;0,7268849345705375;0,7089897543073986;0,017895180263138855;strategy
2007-07-12;23189,905592069983;12548,84424807912;1,7437814777449656;1,5790471805676054;0,1647342971773602;strategy
2007-07-13;23660,600208010375;12586,233668561086;2,0297392504321055;0,29795110802885993;1,7317881424032455;strategy
2007-07-16;23524,51615773174;12584,60771804356;-0,5751504572253485;-0,012918483482371457;-0,5622319737429771;spy
2007-07-17;23464,78603891092;12578,105156210313;-0,2539058334731781;-0,051670755091748344;-0,20223507838142973;spy
2007-07-18;23296,394160260057;12555,34680991237;-0,7176365400120122;-0,180936206330784;-0,5367003336812282;spy
2007-07-19;23556,406754679232;12604,115403543308;1,1161066070160874;0,38842888507417683;0,7276777219419106;strategy
2007-07-20;23244,33408361111;12476,504953009906;-1,324788938814414;-1,012450667482212;-0,31233827133220204;spy
2007-07-23;23100,78562485624;12514,706728632207;-0,6175632230999595;0,30618972032776526;-0,9237529434277247;spy
2007-07-24;22327,134778005926;12297,688843424561;-3,349023965738507;-1,734102843266272;-1,6149211224722348;spy
2007-07-25;22609,611444572824;12322,885495380368;1,2651720401005484;0,20488932738997878;1,0602827127105696;strategy
2007-07-26;22165,268071831237;12031,090009445645;-1,9652853116511437;-2,3679152585172725;0,40262994686612874;strategy
2007-07-27;21955,490628658164;11794,564438738253;-0,9464241194523049;-1,9659529645418283;1,0195288450895235;strategy
2007-07-30;22528,038061004907;11979,07075501651;2,607764235518406;1,564333445601962;1,0434307899164441;strategy
2007-07-31;22439,023097140784;11844,145387509527;-0,3951296762863876;-1,1263425207709066;0,731212844484519;strategy
2007-08-01;22311,735195109442;11901,853608394717;-0,5672613352207811;0,4872299266610369;-1,054491261881818;spy
2007-08-02;22557,118792739657;11996,952489998728;1,0997961184300964;0,7990258049967558;0,3007703134333406;strategy
2007-08-03;22081,2617442566;11688,087624222124;-2,109564846713574;-2,5745277063828453;0,4649628596692712;strategy
2007-08-06;22072,251549212495;11883,973113649354;-0,040804711019060136;1,6759413149956215;-1,7167460260146816;spy
2007-08-07;22294,2957441799;12010,769968805564;1,0059879685238915;1,0669567655835266;-0,060968797059635094;spy
2007-08-08;22452,434839690017;12178,206905241936;0,7093253688060575;1,3940566414246458;-0,6847312726185883;spy
2007-08-09;21968,357147497394;11817,322785036195;-2,1560142392080373;-2,963360066172005;0,8073458269639677;strategy
2007-08-10;22080,01210687733;11762,052869808866;0,5082535695786206;-0,4677025095507714;0,975956079129392;strategy
2007-08-13;22179,94972113504;11804,3176613697;0,4526157584242574;0,35933175975870757;0,09328399866554982;strategy
2007-08-14;21918,0293284998;11623,875601266827;-1,1808881261153537;-1,5286106768659713;0,34772255075061764;strategy
2007-08-15;21521,162458050283;11463,75358180404;-1,8106868300129308;-1,377526953620678;-0,43315987639225284;spy
2007-08-16;21170,418811785166;11549,911595916941;-1,6297616216075506;0,7515689647207502;-2,3813305863283007;spy
2007-08-17;21384,8665300942;11762,052869808866;1,0129592627126316;1,8367350445082087;-0,8237757817955771;spy
2007-08-20;21531,72467727775;11756,362663115951;0,686738666228659;-0,04837766634699925;0,7351163325756582;strategy
2007-08-21;21742,325801962597;11779,93336455423;0,978096867953604;0,20049314667902607;0,7776037212745779;strategy
2007-08-22;22017,78901480427;11919,735343376937;1,2669445548314284;1,186780726989256;0,08016382784217235;strategy
2007-08-23;21935,8428369596;11909,169765605156;-0,37218168359035575;-0,08863936545077111;-0,28354231813958464;spy
2007-08-24;22198,904832274133;12056,286661401447;1,1992335889246197;1,2353245330432694;-0,03609094411864966;spy
2007-08-27;22106,303048706308;11944,119640192406;-0,4171457297893144;-0,9303612659455673;0,5132155361562529;strategy
2007-08-28;21589,628013856425;11681,585062388875;-2,3372294938303506;-2,1980236778614715;-0,13920581596887915;spy
2007-08-29;21920,640771728373;11910,794475885827;1,5332026918643438;1,9621430848022259;-0,4289403929378821;spy
2007-08-30;22007,542403365198;11879,095262096775;0,39643746066448937;-0,26613853385875075;0,6625759945232401;strategy
2007-08-31;22292,522164796712;11996,13889462154;1,2949186065770668;0,9852907981824366;0,3096278083946302;strategy
2007-09-04;22567,0071167155;12117,24678332169;1,231287110043744;1,0095572397419428;0,22172987030180114;strategy
2007-09-05;22488,3152691411;12012,394679086234;-0,34870307421541735;-0,8653129387426239;0,5166098645272066;strategy
2007-09-06;22653,367250346953;12040,030876936753;0,7339455145060958;0,2300640179483393;0,5038814965577565;strategy
2007-09-07;22341,500411309273;11872,59394050038;-1,376690871565256;-1,3906686631269927;0,01397779156173673;strategy
2007-09-10;22304,584009537117;11849,834353965583;-0,1652368958777184;-0,19169851718044972;0,02646162130273133;strategy
2007-09-11;22500,02944414853;11988,01162250762;0,8762568023140238;1,1660691990668548;-0,289812396752831;spy
2007-09-12;22482,477829161235;12018,897240919481;-0,07800707563900833;0,25763754144076945;-0,3356446170797778;spy
2007-09-13;22571,824756996175;12103,429304514859;0,39740694292624834;0,7033262861053435;-0,3059193431790952;spy
2007-09-14;22524,04537408187;12102,615709137668;-0,21167709491229925;-0,006722023624228246;-0,204955071288071;spy
2007-09-17;22515,227399375482;12037,592571278892;-0,03914916064116092;-0,5372651616929569;0,498116001051796;strategy
2007-09-18;23046,41923177228;12391,974129651384;2,359255907011315;2,943957076749948;-0,5847011697386328;spy
2007-09-19;23157,28147333063;12465,125779860935;0,48103889998456495;0,5903147427859246;-0,1092758428013596;spy
2007-09-20;23134,12673713181;12377,34305546736;-0,09998900875081151;-0,7042265432684158;0,6042375345176043;strategy
2007-09-21;23348,45804995745;12352,146403511557;0,9264724588960771;-0,20357076508978889;1,130043223985866;strategy
2007-09-24;23369,524402630712;12329,388057213615;0,09022588398850395;-0,18424608610104753;0,2744719700895515;strategy
2007-09-25;23558,4183141952;12305,003760398145;0,8082916379043903;-0,19777378003121848;1,0060654179356088;strategy
2007-09-26;23652,992260573716;12370,028138493775;0,40144438016676;0,5284385064952213;-0,1269941263284613;spy
2007-09-27;23748,37606680512;12443,179788703326;0,40326316933014805;0,5913620356441607;-0,18809886631401262;spy
2007-09-28;23638,812475921703;12401,727352282829;-0,4613519281285283;-0,33313378995077914;-0,12821813817774919;spy
2007-10-01;23876,253268274268;12541,529331105536;1,0044531322985106;1,1272782802870918;-0,12282514798858113;spy
2007-10-02;23810,358582794597;12524,459951263654;-0,27598419542327335;-0,1361028578831025;-0,13988133754017085;spy
2007-10-03;23300,797260123076;12499,263299307848;-2,1400825229055176;-0,20117954829073081;-1,9389029746147868;spy
2007-10-04;23627,625019190702;12518,770984807594;1,4026462503365034;0,1560706821883251;1,2465755681481783;strategy
2007-10-05;24026,78837542371;12667,513831121412;1,6893926321786434;1,1881585380412174;0,501234094137426;strategy
2007-10-08;24332,452706527645;12600,051147367918;1,2721813932343728;-0,5325645162332693;1,8047459094676421;strategy
2007-10-09;24658,300715718076;12718,719490173356;1,339149871656864;0,9418084213906441;0,3973414502662198;strategy
2007-10-10;24758,934788541734;12697,587094392939;0,40811438705308234;-0,16615191330184853;0,5742663003549309;strategy
2007-10-11;24239,26722870877;12636,626972472695;-2,0989091989266906;-0,4800921739466779;-1,6188170249800127;spy
2007-10-12;24717,015978301333;12706,527961884049;1,9709702652509264;0,5531617698585567;1,4178084953923697;strategy
2007-10-15;24656,490882884464;12599,23755199073;-0,24487217821925755;-0,8443723589572238;0,5995001807379663;strategy
2007-10-16;24568,893921272036;12499,263299307848;-0,3552693772544635;-0,7934944656002973;0,43822508834583385;strategy
2007-10-17;24691,67495250701;12537,465074930149;0,4997417939464954;0,30563221773571847;0,19410957621077696;strategy
2007-10-18;24943,482993856873;12491,948382334263;1,019809477624345;-0,3630454188614296;1,3828548964857745;strategy
2007-10-19;24390,407738446196;12165,201781575439;-2,2173136588298004;-2,615657628083856;0,3983439692540558;strategy
2007-10-22;24605,010137779143;12235,915126127129;0,8798639269759878;0,5812755581151796;0,2985883688608082;strategy
2007-10-23;25502,37116586605;12335,077023669672;3,6470662806558973;0,8104166833488691;2,8366495973070283;strategy
2007-10-24;25361,445030503735;12312,31867737173;-0,5526001266538683;-0,18450104733250816;-0,3680990793213601;spy
2007-10-25;24831,875708189404;12341,579585502923;-2,088088126198595;0,23765554562009683;-2,325743671818692;spy
2007-10-26;25109,265646597218;12486,258175641351;1,1170720313984583;1,1722858418251159;-0,05521381042665752;spy
2007-10-29;25284,01447082844;12527,711852298704;0,6959535443638254;0,3319943899463995;0,3639591544174259;strategy
2007-10-30;24991,444040055107;12440,741483045465;-1,1571359884755883;-0,6942238956212932;-0,46291209285429513;spy
2007-10-31;25157,795709851333;12569,976643859538;0,665634484864519;1,0388059344388578;-0,3731714495743388;spy
2007-11-01;24439,518892137505;12275,742852266956;-2,8550864551005306;-2,3407664145208673;-0,5143200405796633;spy
2007-11-02;24496,60929964044;12289,560331073788;0,23359873717196944;0,11255920699153599;0,12103953018043345;strategy
2007-11-05;24222,480243805017;12196,088640224156;-1,1190489772780365;-0,7605779892165154;-0,3584709880615211;spy
2007-11-06;24882,82845116831;12360,274915862332;2,726179155547781;1,3462207473359245;1,3799584082118566;strategy
2007-11-07;24374,82991687278;12022,149141954535;-2,041562659536311;-2,735584574044303;0,6940219145079918;strategy
2007-11-08;24108,078459637458;11961,189020034291;-1,0943725890397715;-0,5070650946053079;-0,5873074944344636;spy
2007-11-09;23404,98223945326;11797,002744396115;-2,916434096401932;-1,3726584820553667;-1,5437756143465653;spy
2007-11-12;22024,58626370345;11679,95911187135;-5,897872348832234;-0,9921472009520649;-4,905725147880169;spy
2007-11-13;22932,679766898367;12035,966620761366;4,123089951939107;3,0480201641132076;1,0750697878258997;strategy
2007-11-14;22873,23690809774;12002,641456454789;-0,2592058992007873;-0,27687983322497445;0,017673934024187155;strategy
2007-11-15;22428,171336247135;11829,514313325502;-1,9457918161685295;-1,4424086877658282;-0,5033831284027013;spy
2007-11-16;22754,48287914464;11849,834353965583;1,4549181830537439;0,17177409065045612;1,2831440924032878;strategy
2007-11-19;22140,249693929607;11684,83572318707;-2,699394174226666;-1,3924129726192835;-1,3069812016073823;spy
2007-11-20;22377,248926649663;11756,362663115951;1,070445166591938;0,6121347498873719;0,45831041670456596;strategy
2007-11-21;22119,721635076734;11515,772836233173;-1,1508442901854377;-2,0464648274044595;0,8956205372190218;strategy
2007-11-23;22356,173786232997;11714,910226695454;1,068965310943626;1,7292577171695855;-0,6602924062259596;spy
2007-11-26;22333,08249341515;11456,438664830455;-0,10328821487363138;-2,2063469276615066;2,1030587127878753;strategy
2007-11-27;22743,47283869431;11588,113371539244;1,8375893493437934;1,1493511252585797;0,6882382240852136;strategy
2007-11-28;23561,005139631165;11958,750714376429;3,594579889953997;3,1984269652338915;0,39615292472010566;strategy
2007-11-29;23607,76979953727;11962,813730314962;0,1984832974186057;0,033975254067697414;0,1645080433509083;strategy
2007-11-30;23791,302637687528;12083,109263874778;0,7774255667041263;1,0055789237524815;-0,22815335704835515;spy
2007-12-03;23925,365707349516;12003,453811595124;0,5634961300926111;-0,6592297606527686;1,2227258907453797;strategy
2007-12-04;23873,22254441512;11896,164641938658;-0,21794092333718984;-0,8938191568898746;0,6758782335526847;strategy
2007-12-05;24254,405973585;12095,300792164086;1,5966986797057103;1,6739525403287825;-0,07725386062307216;spy
2007-12-06;24480,10410647178;12268,427935293372;0,9305448796914861;1,431358724385312;-0,500813844693826;spy
2007-12-07;24677,799514764163;12265,98962963551;0,8075758478499173;-0,019874638142092227;0,8274504859920095;strategy
2007-12-10;24828,279983803164;12361,087271002667;0,6097807421969303;0,7752953022020836;-0,1655145600051533;spy
2007-12-11;24363,87928709981;12022,149141954535;-1,8704505386853532;-2,741976669343904;0,8715261306585509;strategy
2007-12-12;24426,340745464055;12140,81748475997;0,256369101275733;0,9870809403895064;-0,7307118391137735;spy
2007-12-13;24345,703130891634;12115,620832804167;-0,3301256435120914;-0,20753669995806634;-0,12258894355402505;spy
2007-12-14;24195,332624300758;11962,001375174625;-0,6176470064652828;-1,267945404940396;0,6502983984751132;strategy
2007-12-17;23789,432621794025;11791,313777940055;-1,6775962901996344;-1,426915044407262;-0,2506812457923724;spy
2007-12-18;23794,1124241294;11857,150511176022;0,01967176943549198;0,5583494297229041;-0,5386776602874122;spy
2007-12-19;23958,857309483938;11857,150511176022;0,6923766788101471;0,0;0,6923766788101471;strategy
2007-12-20;24261,86433111545;11931,928111903098;1,2646973005326467;0,6306540568629337;0,634043243669713;strategy
2007-12-21;24448,17686698589;12040,030876936753;0,7679234098737275;0,9059957788868367;-0,13807236901310915;spy
2007-12-24;24620,475062345467;12129,438311610998;0,7047486456638108;0,7425847623489856;-0,037836116685174837;spy
2007-12-26;24794,02423476777;12155,448558943994;0,7048977405303081;0,21443900916744418;0,4904587313628639;strategy
2007-12-27;24648,14022324358;12002,641456454789;-0,5883837578880113;-1,2571078866256191;0,6687241287376078;strategy
2007-12-28;24613,25010802212;11972,568193183262;-0,14155272935585383;-0,2505553746700806;0,10900264531422676;strategy
2007-12-31;24440,53813850902;11883,973113649354;-0,7017032238940679;-0,7399839207794301;0,038280696885362175;strategy
2008-01-02;24435,30379971429;11779,93336455423;-0,02141662661053756;-0,8754626764985618;0,8540460498880242;strategy
2008-01-03;24472,551992145964;11774,24439809817;0,15243597025427214;-0,048293706594115804;0,20072967684838794;strategy
2008-01-04;24209,968219478884;11485,699572961645;-1,0729725806746693;-2,4506440955407105;1,3776715148660412;strategy
2008-01-07;24150,001611194566;11475,946350330201;-0,24769387444329993;-0,08491622621231709;-0,16277764823098284;spy
2008-01-08;23978,983528369332;11290,62767891161;-0,708149364039623;-1,614844351492284;0,9066949874526609;strategy
2008-01-09;24035,102598117133;11409,296021717044;0,23403439800275816;1,0510340627658987;-0,8169996647631406;spy
2008-01-10;24013,720111752446;11484,073622444119;-0,08896357432800484;0,6554094186419501;-0,744372992969955;spy
2008-01-11;23960,359660963084;11391,414286734824;-0,22220818157718814;-0,8068507635496602;0,5846425819724721;strategy
2008-01-14;24105,645807531073;11483,261267303784;0,6063604579554571;0,8062825059037326;-0,1999220479482755;spy
2008-01-15;23915,596789579107;11230,4799121317;-0,7884004414127399;-2,2013028292914294;1,4129023878786895;strategy
2008-01-16;23735,574758921037;11133,756320247016;-0,7527390273468382;-0,8612596491107904;0,10852062176395227;strategy
2008-01-17;23563,944760039172;10845,211495110489;-0,7230918173462664;-2,59162152320328;1,8685297058570138;strategy
2008-01-18;23572,200293458816;10733,858069278638;0,03503459842446599;-1,0267519990924456;1,0617865975169116;strategy
2008-01-22;23563,38805645256;10624,942949104649;-0,03738402396276097;-1,0146875379852038;0,9773035140224429;strategy
2008-01-23;23524,59663062346;10880,162609934594;-0,1646258413101176;2,4020802940071473;-2,566706135317265;spy
2008-01-24;23616,84573034584;10972,009590503556;0,39213892238345593;0,84416918994481;-0,4520302675613541;spy
2008-01-25;23612,0091239556;10813,512281321438;-0,02047947657983773;-1,4445604323869654;1,4240809558071277;strategy
2008-01-28;23631,2740640526;10992,329631143639;0,08158958433339691;1,6536472625187537;-1,5720576781853568;spy
2008-01-29;23631,2740640526;11046,787191230631;0,0;0,49541418347482935;-0,49541418347482935;spy
2008-01-30;23631,2740640526;10965,507028670307;0,0;-0,7357810117393004;0,7357810117393004;strategy
2008-01-31;23631,2740640526;11165,455534036068;0,0;1,823431464162839;-1,823431464162839;spy
2008-02-01;23631,2740640526;11345,085238998603;0,0;1,6087987132720638;-1,6087987132720638;spy
2008-02-04;23631,2740640526;11202,032599377699;0,0;-1,26092168200872;1,26092168200872;strategy
2008-02-05;23631,2740640526;10902,108601092203;0,0;-2,677406940434701;2,677406940434701;strategy
2008-02-06;23631,2740640526;10814,32587669863;0,0;-0,8051903315729136;0,8051903315729136;strategy
2008-02-07;23631,2740640526;10885,851576390653;0,0;0,6613976729343607;-0,6613976729343607;spy
2008-02-08;23631,2740640526;10815,951827216155;0,0;-0,6421155817161517;0,6421155817161517;strategy
2008-02-11;23631,2740640526;10871,221742443484;0,0;0,5110037110950705;-0,5110037110950705;spy
2008-02-12;23631,2740640526;10972,009590503556;0,0;0,927106910776887;-0,927106910776887;spy
2008-02-13;23631,2740640526;11084,175371475743;0,0;1,0222902199180428;-1,0222902199180428;spy
2008-02-14;23631,2740640526;10986,639424450725;0,0;-0,8799567289057841;0,8799567289057841;strategy
2008-02-15;23631,2740640526;10984,201118792862;0,0;-0,022193371090672986;0,022193371090672986;strategy
2008-02-19;23631,2740640526;11015,08797744158;0,0;0,28119349158559626;-0,28119349158559626;spy
2008-02-20;23631,2740640526;11047,599546370968;0,0;0,295154872988479;-0,295154872988479;spy
2008-02-21;23631,2740640526;10955,752565802006;0,0;-0,8313749985546237;0,8313749985546237;strategy
2008-02-22;23631,2740640526;11023,215249555498;0,0;0,615774072555042;-0,615774072555042;spy
2008-02-25;23631,2740640526;11162,204873237872;0,0;1,260880972890166;-1,260880972890166;spy
2008-02-26;23631,2740640526;11245,923341456059;0,0;0,7500173054421078;-0,7500173054421078;spy
2008-02-27;23631,2740640526;11234,544168307086;0,0;-0,10118487209516136;0,10118487209516136;strategy
2008-02-28;23631,2740640526;11124,815452755905;0,0;-0,976708212699251;0,976708212699251;strategy
2008-02-29;23631,2740640526;10876,911949136398;0,0;-2,228383065519479;2,228383065519479;strategy
2008-03-03;23631,2740640526;10850,901701803405;0,0;-0,23913264587067662;0,23913264587067662;strategy
2008-03-04;23631,2740640526;10809,449265382907;0,0;-0,38201835718046917;0,38201835718046917;strategy
2008-03-05;23631,2740640526;10877,724304276735;0,0;0,6316236583160384;-0,6316236583160384;spy
2008-03-06;23631,2740640526;10652,577906718312;0,0;-2,069793196265357;2,069793196265357;strategy
2008-03-07;23631,2740640526;10542,850431403987;0,0;-1,0300556003924877;1,0300556003924877;strategy
2008-03-10;23631,2740640526;10403,860807721614;0,0;-1,318330603157991;1,318330603157991;strategy
2008-03-11;23631,2740640526;10777,750051593854;0,0;3,5937547683716042;-3,5937547683716042;spy
2008-03-12;23631,2740640526;10676,962203533782;0,0;-0,9351473876977434;0,9351473876977434;strategy
2008-03-13;23631,2740640526;10700,53290497206;0,0;0,22076224481226703;-0,22076224481226703;spy
2008-03-14;23631,2740640526;10534,721919053214;0,0;-1,5495582079075865;1,5495582079075865;strategy
2008-03-17;23631,2740640526;10428,245104537084;0,0;-1,0107225927203256;1,0107225927203256;strategy
2008-03-18;23631,2740640526;10861,468519812039;0,0;4,154327127260071;-4,154327127260071;spy
2008-03-19;23631,2740640526;10592,43138017526;0,0;-2,476986782643964;2,476986782643964;strategy
2008-03-20;23631,2740640526;10735,484019796164;0,0;1,3505175014741244;-1,3505175014741244;spy
2008-03-24;23631,2740640526;10950,06359934595;0,0;1,9987881231447124;-1,9987881231447124;spy
2008-03-25;23631,2740640526;10960,630417354585;0,0;0,09650006059569449;-0,09650006059569449;spy
2008-03-26;23631,2740640526;10826,517404987935;0,0;-1,223588491354488;1,223588491354488;strategy
2008-03-27;23631,2740640526;10792,37988554102;0,0;-0,3153139478738298;0,3153139478738298;strategy
2008-03-28;23631,2740640526;10689,15373182309;0,0;-0,9564725742857494;0,9564725742857494;strategy
2008-03-31;23631,2740640526;10726,543152305056;0,0;0,34978840626693763;-0,34978840626693763;spy
2008-04-01;23631,2740640526;11103,68305697549;0,0;3,5159500998174664;-3,5159500998174664;spy
2008-04-02;23631,2740640526;11110,997973949074;0,0;0,06587829404036682;-0,06587829404036682;spy
2008-04-03;23631,2740640526;11138,632931562737;0,0;0,24871715104670677;-0,24871715104670677;spy
2008-04-04;23631,2740640526;11126,441403273431;0,0;-0,10945264436140745;0,10945264436140745;strategy
2008-04-07;23631,2740640526;11132,131609966345;0,0;0,051141299240931026;-0,051141299240931026;spy
2008-04-08;23631,2740640526;11120,752436817374;0,0;-0,10221917551517246;0,10221917551517246;strategy
2008-04-09;23631,2740640526;11040,284629397383;0,0;-0,7235824003561708;0,7235824003561708;strategy
2008-04-10;23631,2740640526;11055,728058721743;0,0;0,1398825287822536;-0,1398825287822536;spy
2008-04-11;23631,2740640526;10841,148479171958;0,0;-1,9408905357481743;1,9408905357481743;strategy
2008-04-14;23631,2740640526;10804,571413830328;0,0;-0,3373910560481752;0,3373910560481752;strategy
2008-04-15;23631,2740640526;10829,769306022987;0,0;0,23321510153011538;-0,23321510153011538;spy
2008-04-16;23631,2740640526;11123,190742475235;0,0;2,709396923986751;-2,709396923986751;spy
2008-04-17;23631,2740640526;11139,44652693993;0,0;0,14614317816756817;-0,14614317816756817;spy
2008-04-18;23631,2740640526;11255,676564087502;0,0;1,0434094446836184;-1,0434094446836184;spy
2008-04-21;23631,2740640526;11261,366770780416;0,0;0,05055410628154178;-0,05055410628154178;spy
2008-04-22;23631,2740640526;11211,785822009144;0,0;-0,44027470004722735;0,44027470004722735;strategy
2008-04-23;23631,2740640526;11193,904087026925;0,0;-0,15949051530324;0,15949051530324;strategy
2008-04-24;23631,2740640526;11242,67268065786;0,0;0,43567099781973706;-0,43567099781973706;spy
2008-04-25;23631,2740640526;11346,71118951613;0,0;0,9253894675530283;-0,9253894675530283;spy
2008-04-28;23631,2740640526;11349,149495173991;0,0;0,02148909597798898;-0,02148909597798898;spy
2008-04-29;23631,2740640526;11304,44515771844;0,0;-0,3939003312500189;0,3939003312500189;strategy
2008-04-30;23631,2740640526;11237,794829105283;0,0;-0,5895939843420739;0,5895939843420739;strategy
2008-05-01;23631,2740640526;11470,256143637287;0,0;2,068566992609089;-2,068566992609089;spy
2008-05-02;23631,2740640526;11501,95535742634;0,0;0,27636012127449927;-0,27636012127449927;spy
2008-05-05;23631,2740640526;11446,68544219901;0,0;-0,4805262541002997;0,4805262541002997;strategy
2008-05-06;23631,2740640526;11545,847339741555;0,0;0,8662935488467083;-0,8662935488467083;spy
2008-05-07;23631,2740640526;11340,20862768288;0,0;-1,781062108372533;1,781062108372533;strategy
2008-05-08;23631,2740640526;11310,94771955169;0,0;-0,2580279524995621;0,2580279524995621;strategy
2008-05-09;23631,2740640526;11289,814083534417;0,0;-0,18684231013412766;0,18684231013412766;strategy
2008-05-12;23631,2740640526;11416,612178927484;0,0;1,1231194283171986;-1,1231194283171986;spy
2008-05-13;23631,2740640526;11418,236889208154;0,0;0,014231106874840194;-0,014231106874840194;spy
2008-05-14;23631,2740640526;11441,808830883287;0,0;0,20644116866599393;-0,20644116866599393;spy
2008-05-15;23631,2740640526;11584,861470504191;0,0;1,2502624518142769;-1,2502624518142769;spy
2008-05-16;23631,2740640526;11595,428288512829;0,0;0,09121229490349769;-0,09121229490349769;spy
2008-05-19;23631,2740640526;11627,127502301879;0,0;0,27337682576549227;-0,27337682576549227;spy
2008-05-20;23631,2740640526;11532,842216075056;0,0;-0,8109078205958964;0,8109078205958964;strategy
2008-05-21;23631,2740640526;11337,770322025019;0,0;-1,6914468298034668;1,6914468298034668;strategy
2008-05-22;23631,2740640526;11339,39503230569;0,0;0,014330068739498714;-0,014330068739498714;spy
2008-05-23;23631,2740640526;11187,401525193676;0,0;-1,340402258488993;1,340402258488993;strategy
2008-05-27;23631,2740640526;11270,307638271526;0,0;0,741066751659436;-0,741066751659436;spy
2008-05-28;23631,2740640526;11322,326892700661;0,0;0,46156019958576433;-0,46156019958576433;spy
2008-05-29;23631,2740640526;11379,222758445518;0,0;0,5025103610242665;-0,5025103610242665;spy
2008-05-30;23631,2740640526;11407,671311436374;0,0;0,25000435965401024;-0,25000435965401024;spy
2008-06-02;23602,916535175726;11289,814083534417;-0,1200000000000423;-1,0331401097067316;0,9131401097066894;strategy
2008-06-03;23618,972598154774;11223,97735029845;0,0680257584062538;-0,5831516156850292;0,651177374091283;strategy
2008-06-04;23523,82742631813;11218,288383842391;-0,4028336602756255;-0,05068583335930965;-0,35214782691631585;spy
2008-06-05;23959,802081028865;11442,621186023624;1,8533321419582194;1,999706145050939;-0,14637400309271964;spy
2008-06-06;23674,0837024355;11077,672809642494;-1,1924905624307924;-3,1893774201569247;1,9968868577261323;strategy
2008-06-09;23860,528904667633;11104,495412115824;0,7875498142847048;0,24213210603207802;0,5454177082526268;strategy
2008-06-10;23768,795556747416;11049,225496888494;-0,38445647322710164;-0,49772558928726784;0,11326911606016621;strategy
2008-06-11;23630,04789810096;10886,665171767845;-0,5837387019262397;-1,4712372841555799;0,8874985822293402;strategy
2008-06-12;23619,263866611982;10928,11760818834;-0,04563694299511978;0,38076339968637907;-0,42640034268149885;spy
2008-06-13;23867,418579363773;11066,293636493523;1,050645414493978;1,264408320437993;-0,21376290594401492;spy
2008-06-16;23958,251856759554;11072,79619832677;0,38057436791389954;0,05876006951237578;0,32181429840152376;strategy
2008-06-17;24057,737520574112;11019,152233616967;0,415245921986962;-0,48446628790936863;0,8997122098963306;strategy
2008-06-18;24007,317948582895;10911,861823723648;-0,2095773634079201;-0,9736720903628204;0,7640947269549003;strategy
2008-06-19;23987,74459479468;10925,67930253048;-0,08153078086496901;0,12662805880470085;-0,20815883966966986;spy
2008-06-20;23885,542494062203;10694,843938516002;-0,4260596502876468;-2,1127781405867796;1,6867184902991328;strategy
2008-06-23;24007,26166654075;10684,277120507366;0,5095935020475562;-0,09880291913920702;0,6083964211867632;strategy
2008-06-24;23823,360408528322;10663,14472472695;-0,766023466427801;-0,1977896636530918;-0,5682338027747091;spy
2008-06-25;23850,244739437556;10713,538028638557;0,1128486092986769;0,4725932659879417;-0,3597446566892648;spy
2008-06-26;23555,09413658526;10422,554897844171;-1,237516034224384;-2,716032089647258;1,4785160554228738;strategy
2008-06-27;23592,887551953587;10365,659032099315;0,16044688740863844;-0,5458917348242998;0,7063386222329382;strategy
2008-06-30;23636,428141371187;10402,235477322516;0,18454964158889364;0,35286174385955604;-0,1683121022706624;spy
2008-07-01;23629,86359486282;10434,747666370333;-0,02777300558740592;0,31255001983656605;-0,34032302542397197;spy
2008-07-02;23367,66669174577;10255,930936666562;-1,1095997319851447;-1,713666064777697;0,6040663327925522;strategy
2008-07-03;23329,373406819028;10266,497134556772;-0,1638729507395298;0,10302524417782344;-0,2668981949173532;spy
2008-07-07;23294,574890100557;10161,64565043974;-0,14916181464307288;-1,0212975540031533;0,8721357393600804;strategy
2008-07-08;23306,193182658088;10342,087710542606;0,04987552944126783;1,7757169095446557;-1,7258413801033878;spy
2008-07-09;23275,594628700623;10142,951560317184;-0,13128936895723253;-1,9254927612190387;1,7942033922618061;strategy
2008-07-10;23314,97399765615;10184,404616856109;0,16918738096156627;0,40868830233897757;-0,2395009213774113;spy
2008-07-11;23349,211590009043;10065,735033813819;0,1468480829373231;-1,1652088414268347;1,3120569243641578;strategy
2008-07-14;23401,67056899674;9974,701648622047;0,2246713075748641;-0,9043888487622942;1,1290601563371583;strategy
2008-07-15;23366,606238462366;9834,086694540576;-0,14983686925679196;-1,4097158896065443;1,2598790203497523;strategy
2008-07-16;23431,261152152514;10075,48887656369;0,27669792108588886;2,454749378578591;-2,1780514574927023;spy
2008-07-17;23422,21623468631;10176,276104505336;-0,03860192333425827;1,0003209688026482;-1,0389228921369065;spy
2008-07-18;23389,813570397153;10239,675152201866;-0,13834158119150342;0,6230083288371269;-0,7613499100286303;spy
2008-07-21;23417,751584241974;10245,364738776352;0,11944521815334674;0,05556413157563611;0,06388108657771063;strategy
2008-07-22;23444,989370515646;10361,595396042356;0,11631255962250009;1,134470662875442;-1,0181581032529419;spy
2008-07-23;23365,32146798078;10417,67828652845;-0,33980779976405806;0,5412572904315072;-0,8810650901955652;spy
2008-07-24;23322,42283120623;10201,473376579566;-0,18359960008825782;-2,0753655853288033;1,8917659852405455;strategy
2008-07-25;23354,715443797613;10199,035070921705;0,1384616547993156;-0,02390150488907894;0,16236315968839454;strategy
2008-07-28;23313,69511104346;10049,479249349124;-0,1756404733462391;-1,4663722649506106;1,2907317916043715;strategy
2008-07-29;23436,26872981363;10264,058828898907;0,5257580069840895;2,135230833614399;-1,6094728266303093;spy
2008-07-30;23557,77335744906;10446,939194659639;0,5184469807724135;1,7817548477588874;-1,263307866986474;spy
2008-07-31;23453,652026371965;10308,763166354458;-0,44198290516352934;-1,3226460471389978;0,8806631419754685;strategy
2008-08-01;23408,58669028542;10254,305606267462;-0,19214634904564099;-0,5282647317452538;0,3361183826996128;strategy
2008-08-04;23320,6740477426;10159,207344781875;-0,37555724190433404;-0,9273983547697595;0,5518411128654255;strategy
2008-08-05;23411,881065311005;10433,121715852807;0,39109940553898603;2,6962179407788556;-2,3051185352398695;spy
2008-08-06;23412,885920499102;10479,450763589026;0,004292073692391263;0,4440573875968745;-0,43976531390448326;spy
2008-08-07;23362,279499766453;10323,393620420055;-0,21614772695893736;-1,4891729222221595;1,273025195263222;strategy
2008-08-08;23444,167011128207;10515,214233553466;0,35051165004071905;1,8581158501404405;-1,5076042000997214;spy
2008-08-11;23403,421894802275;10624,130593964313;-0,17379639168494387;1,0357978258141554;-1,2095942174990992;spy
2008-08-12;23364,22100494225;10513,589523272798;-0,1675006759106923;-1,0404716857896568;0,8729710098789645;strategy
2008-08-13;23378,17015528196;10450,191095694692;0,05970304054545572;-0,6030141032020264;0,6627171437474821;strategy
2008-08-14;23396,80979358589;10529,0317123603;0,07973095490416693;0,7544418656429075;-0,6747109107387406;spy
2008-08-15;23410,86883899467;10580,238611649098;0,060089582865408;0,4863400613437596;-0,4262504784783516;spy
2008-08-18;23349,389370357603;10435,560021510668;-0,2626107944129874;-1,3674416565533365;1,104830862140349;strategy
2008-08-19;23301,403821206488;10321,767669902527;-0,20551093816626453;-1,090428797051446;0,8849178588851814;strategy
2008-08-20;23331,705909281154;10369,723288274701;0,13004404501624212;0,46460664399576856;-0,33456259897952645;spy
2008-08-21;23323,704645498838;10387,605023256921;-0,034293522357209394;0,17244177578430442;-0,2067352981415138;spy
2008-08-22;23373,42287271307;10537,972579851408;0,21316608133188364;1,4475671365808296;-1,234401055248946;spy
2008-08-25;23288,43561069323;10324,205975560388;-0,3636064023770258;-2,028536349579635;1,6649299472026091;strategy
2008-08-26;23316,390559671774;10354,279858950344;0,12003789969348144;0,29129487983043933;-0,1712569801369579;spy
2008-08-27;23340,99327581352;10455,067707010414;0,10551682979740296;0,9733931227766446;-0,8678762929792416;spy
2008-08-28;23405,198522074625;10581,864562166626;0,2750750385915879;1,2127789002379208;-0,9377038616463329;spy
2008-08-29;23382,86377957381;10468,071590440055;-0,09542641768131022;-1,0753584215528078;0,9799320038714976;strategy
2008-09-02;23313,7558255763;10403,047832462851;-0,29554957275114146;-0,6211627176545775;0,32561314490343607;strategy
2008-09-03;23272,340343968386;10394,106964971741;-0,17764397087182138;-0,08594469270063465;-0,09169927817118673;spy
2008-09-04;23072,412266062063;10081,178463138176;-0,8590802426887811;-3,010633841734911;2,15155359904613;strategy
2008-09-05;23077,14639577552;10112,87767692723;0,020518572825700687;0,3144395658202237;-0,293920992994523;spy
2008-09-08;23142,079859908506;10321,767669902527;0,2813756216621055;2,0655840963238914;-1,784208474661786;spy
2008-09-09;23008,410290090615;10015,34172990221;-0,5776039605215555;-2,9687351023587882;2,3911311418372327;strategy
2008-09-10;23036,387793411544;10055,981811182373;0,12159685509858242;0,4057782787264097;-0,2841814236278273;spy
2008-09-11;23101,89446018191;10201,473376579566;0,28436171225203477;1,4468161153136094;-1,1624544030615747;spy
2008-09-12;23081,921282555988;10248,61539957455;-0,08645688196847745;0,46210994485573753;-0,548566826824215;spy
2008-09-15;22895,319812988557;9760,934424212599;-0,8084312708771524;-4,758505967373861;3,950074696496708;strategy
2008-09-16;22956,764676493403;9924,307724592012;0,2683730299761544;1,6737465213797043;-1,4053734914035498;spy
2008-09-17;22824,25446043033;9478,079805768986;-0,5772164237008437;-4,496312802930246;3,9190963792294027;strategy
2008-09-18;22916,28401811052;9759,3090938135;0,4032094798090302;2,967154674867145;-2,563945195058115;spy
2008-09-19;22986,708440569488;10088,494000230188;0,3073117020338634;3,373034947989928;-3,0657232459560646;spy
2008-09-22;22866,67311734422;9860,096321755145;-0,522194482675109;-2,263942254114748;1,741747771439639;strategy
2008-09-23;22867,582763977945;9635,763519573913;0,00397804538097013;-2,2751583236186868;2,279136368999657;strategy
2008-09-24;22823,75464347251;9666,649758104204;-0,19166048706500405;0,3205375315360248;-0,5121980186010289;spy
2008-09-25;22862,80410979917;9817,830910075883;0,1710913341676168;1,563945687024959;-1,3928543528573423;spy
2008-09-26;22901,133746373453;9822,707521391605;0,16765063633579214;0,049670964598869105;0,11797967173692303;strategy
2008-09-29;22745,10132967977;9052,984282726376;-0,6813305333339348;-7,836161638620998;7,154831105287062;strategy
2008-09-30;22745,10132967977;9427,68588173895;0,0;4,138984309599714;-4,138984309599714;spy
2008-10-01;22745,10132967977;9433,375468313438;0,0;0,06034976818127813;-0,06034976818127813;spy
2008-10-02;22745,10132967977;9091,18605834868;0,0;-3,627433373283684;3,627433373283684;strategy
2008-10-03;22745,10132967977;8968,452839249429;0,0;-1,3500242796872675;1,3500242796872675;strategy
2008-10-06;22745,10132967977;8511,658722536195;0,0;-5,093343577769915;5,093343577769915;strategy
2008-10-07;22745,10132967977;8130,454561690373;0,0;-4,478611904827812;4,478611904827812;strategy
2008-10-08;22745,10132967977;7925,628824890464;0,0;-2,5192409015483697;2,5192409015483697;strategy
2008-10-09;22745,10132967977;7372,1104961741175;0,0;-6,983904254739004;6,983904254739004;strategy
2008-10-10;22745,10132967977;7193,294386588774;0,0;-2,4255755482523456;2,4255755482523456;strategy
2008-10-13;22745,10132967977;8237,744351465266;0,0;14,519772287142473;-14,519772287142473;spy
2008-10-14;22745,10132967977;8115,824107624777;0,0;-1,4800197558789585;1,4800197558789585;strategy
2008-10-15;22745,10132967977;7316,83996082836;0,0;-9,844769134976394;9,844769134976394;strategy
2008-10-16;22745,10132967977;7621,6405704295785;0,0;4,165741101800879;-4,165741101800879;spy
2008-10-17;22745,10132967977;7576,123877833694;0,0;-0,597203347170161;0,597203347170161;strategy
2008-10-20;22745,10132967977;8031,29266414783;0,0;6,0079374843100775;-6,0079374843100775;spy
2008-10-21;22745,10132967977;7791,51643264224;0,0;-2,9855247658445494;2,9855247658445494;strategy
2008-10-22;22745,10132967977;7367,233884858395;0,0;-5,4454425072676615;5,4454425072676615;strategy
2008-10-23;22745,10132967977;7452,578303594106;0,0;1,158432324391323;-1,158432324391323;spy
2008-10-24;22745,10132967977;7074,62542366491;0,0;-5,0714378907890545;5,0714378907890545;strategy
2008-10-27;22745,10132967977;6823,4693988919225;0,0;-3,550096432425387;3,550096432425387;strategy
2008-10-28;22745,10132967977;7620,828215289243;0,0;11,685533704112538;-11,685533704112538;spy
2008-10-29;22745,10132967977;7565,557679943484;0,0;-0,7252562816581154;0,7252562816581154;strategy
2008-10-30;22745,10132967977;7827,279902606679;0,0;3,4593910156422103;-3,4593910156422103;spy
2008-10-31;22745,10132967977;7870,358289544703;0,0;0,5503621625141841;-0,5503621625141841;spy
2008-11-03;22745,10132967977;7893,116635842646;0,0;0,2891653144708295;-0,2891653144708295;spy
2008-11-04;22745,10132967977;8161,341420339091;0,0;3,3982113387053703;-3,3982113387053703;spy
2008-11-05;22745,10132967977;7818,3390351155695;0,0;-4,202769710978105;4,202769710978105;strategy
2008-11-06;22745,10132967977;7385,115619840614;0,0;-5,541118303122438;5,541118303122438;strategy
2008-11-07;22745,10132967977;7628,956107521591;0,0;3,3017829406202237;-3,3017829406202237;spy
2008-11-10;22745,10132967977;7528,9812347202815;0,0;-1,3104659588058398;1,3104659588058398;strategy
2008-11-11;22745,10132967977;7296,519920188278;0,0;-3,087553379200847;3,087553379200847;strategy
2008-11-12;22745,10132967977;6975,463526122365;0,0;-4,400130439959504;4,400130439959504;strategy
2008-11-13;22745,10132967977;7410,31227179642;0,0;6,2339763378532975;-6,2339763378532975;spy
2008-11-14;22745,10132967977;7040,4879042179955;0,0;-4,990671836947714;4,990671836947714;strategy
2008-11-17;22745,10132967977;6947,0155932499365;0,0;-1,3276396783816535;1,3276396783816535;strategy
2008-11-18;22745,10132967977;7077,876704581534;0,0;1,8837025709104172;-1,8837025709104172;spy
2008-11-19;22745,10132967977;6624,333248666498;0,0;-6,407902748877447;6,407902748877447;strategy
2008-11-20;22745,10132967977;6132,588017129159;0,0;-7,423316627923704;7,423316627923704;strategy
2008-11-21;22745,10132967977;6463,398253944945;0,0;5,3943006752090294;-5,3943006752090294;spy
2008-11-24;22745,10132967977;6911,252123285496;0,0;6,929077425597319;-6,929077425597319;spy
2008-11-25;22745,10132967977;6962,459022574296;0,0;0,7409207242819793;-0,7409207242819793;spy
2008-11-26;22745,10132967977;7231,496162211074;0,0;3,8641109235182824;-3,8641109235182824;spy
2008-11-28;22745,10132967977;7322,529547402845;0,0;1,2588457927624308;-1,2588457927624308;spy
2008-12-01;22745,10132967977;6673,91419743777;0,0;-8,857804475437403;8,857804475437403;strategy
2008-12-02;22745,10132967977;6930,759188666815;0,0;3,848491059828918;-3,848491059828918;spy
2008-12-03;22745,10132967977;7097,383769962853;0,0;2,404131737378812;-2,404131737378812;spy
2008-12-04;22745,10132967977;6933,198114443105;0,0;-2,3133264431128175;2,3133264431128175;strategy
2008-12-05;22745,10132967977;7146,964718734124;0,0;3,0832323087047753;-3,0832323087047753;spy
2008-12-08;22745,10132967977;7396,494792989586;0,0;3,4914132652897445;-3,4914132652897445;spy
2008-12-09;22745,10132967977;7274,574549149099;0,0;-1,6483516483516425;1,6483516483516425;strategy
2008-12-10;22745,10132967977;7324,15549792037;0,0;0,6815649277670977;-0,6815649277670977;spy
2008-12-11;22745,10132967977;7147,777693992888;0,0;-2,408165746584201;2,408165746584201;strategy
2008-12-12;22745,10132967977;7233,121492610173;0,0;1,1939906677429057;-1,1939906677429057;spy
2008-12-15;22745,10132967977;7132,33426466853;0,0;-1,3934126233689614;1,3934126233689614;strategy
2008-12-16;22745,10132967977;7468,021112800037;0,0;4,706549576544683;-4,706549576544683;spy
2008-12-17;22745,10132967977;7395,681817730821;0,0;-0,9686541317515562;0,9686541317515562;strategy
2008-12-18;22745,10132967977;7257,5057894256415;0,0;-1,8683338698253449;1,8683338698253449;strategy
2008-12-19;22745,10132967977;7168,097734632969;0,0;-1,2319391453044615;1,2319391453044615;strategy
2008-12-22;22745,10132967977;7076,250754064008;0,0;-1,2813299144234347;1,2813299144234347;strategy
2008-12-23;22745,10132967977;7003,099103854458;0,0;-1,033762832210794;1,033762832210794;strategy
2008-12-24;22745,10132967977;7043,73918513462;0,0;0,5803156670707965;-0,5803156670707965;spy
2008-12-26;22745,10132967977;7084,379266414783;0,0;0,5769674346536302;-0,5769674346536302;spy
2008-12-29;22745,10132967977;7064,059225774701;0,0;-0,2868288085085213;0,2868288085085213;strategy
2008-12-30;22745,10132967977;7231,496162211074;0,0;2,370265184434528;-2,370265184434528;spy
2008-12-31;22745,10132967977;7334,721695810577;0,0;1,4274436615056008;-1,4274436615056008;spy
2009-01-02;22745,10132967977;7555,803837193612;0,0;3,0141858212467953;-3,0141858212467953;spy
2009-01-05;22745,10132967977;7546,862969702502;0,0;-0,1183311224558059;0,1183311224558059;strategy
2009-01-06;22745,10132967977;7597,256893732538;0,0;0,6677466416489475;-0,6677466416489475;spy
2009-01-07;22745,10132967977;7369,672190516258;0,0;-2,9956167916873944;2,9956167916873944;strategy
2009-01-08;22745,10132967977;7399,746073906211;0,0;0,4080762700497509;-0,4080762700497509;spy
2009-01-09;22745,10132967977;7241,249384842519;0,0;-2,141920648096285;2,141920648096285;strategy
2009-01-12;22745,10132967977;7067,309886572898;0,0;-2,4020647408403595;2,4020647408403595;strategy
2009-01-13;22745,10132967977;7080,315010239396;0,0;0,18401801923537686;-0,18401801923537686;spy
2009-01-14;22745,10132967977;6857,607538457264;0,0;-3,1454458094033466;3,1454458094033466;strategy
2009-01-15;22745,10132967977;6860,045844115126;0,0;0,03555621467381531;-0,03555621467381531;spy
2009-01-16;22745,10132967977;6913,690428943358;0,0;0,7819858066145491;-0,7819858066145491;spy
2009-01-20;22745,10132967977;6548,742672680657;0,0;-5,278624491702577;5,278624491702577;strategy
2009-01-21;22745,10132967977;6831,597911242698;0,0;4,3192297010237635;-4,3192297010237635;spy
2009-01-22;22745,10132967977;6725,933451866903;0,0;-1,5467019685380445;1,5467019685380445;strategy
2009-01-23;22745,10132967977;6755,194359998095;0,0;0,4350460548055324;-0,4350460548055324;spy
2009-01-26;22745,10132967977;6801,5240278527435;0,0;0,6858376737314487;-0,6858376737314487;spy
2009-01-27;22745,10132967977;6870,612042005334;0,0;1,0157725514115645;-1,0157725514115645;spy
2009-01-28;22745,10132967977;7103,073356537338;0,0;3,3834149433964456;-3,3834149433964456;spy
2009-01-29;22745,10132967977;6872,237992522861;0,0;-3,2497955804162926;3,2497955804162926;strategy
2009-01-30;22745,10132967977;6732,436013700152;0,0;-2,034300601562633;2,034300601562633;strategy
2009-02-02;22745,10132967977;6712,115973060071;0,0;-0,3018230043142056;0,3018230043142056;strategy
2009-02-03;22745,10132967977;6806,400639168466;0,0;1,40469363888851;-1,40469363888851;spy
2009-02-04;22745,10132967977;6773,076094980315;0,0;-0,4896059746524406;0,4896059746524406;strategy
2009-02-05;22745,10132967977;6873,863322921959;0,0;1,48805692610392;-1,48805692610392;spy
2009-02-06;22745,10132967977;7069,748812349187;0,0;2,849714639713863;-2,849714639713863;spy
2009-02-09;22745,10132967977;7079,502034980633;0,0;0,1379571310144545;-0,1379571310144545;spy
2009-02-10;22745,10132967977;6755,194359998095;0,0;-4,580939074246981;4,580939074246981;strategy
2009-02-11;22745,10132967977;6795,021466019494;0,0;0,5895774999049808;-0,5895774999049808;spy
2009-02-12;22745,10132967977;6799,898697453645;0,0;0,07177654196590666;-0,07177654196590666;spy
2009-02-13;22745,10132967977;6726,746427125667;0,0;-1,075784707724703;1,075784707724703;strategy
2009-02-17;22745,10132967977;6439,0145772479045;0,0;-4,2774297053547405;4,2774297053547405;strategy
2009-02-18;22745,10132967977;6423,571147923546;0,0;-0,23984150274992677;0,23984150274992677;strategy
2009-02-19;22745,10132967977;6354,483133770955;0,0;-1,0755390196763748;1,0755390196763748;strategy
2009-02-20;22745,10132967977;6292,710036591949;0,0;-0,9721183592527383;0,9721183592527383;strategy
2009-02-23;22745,10132967977;6067,564259151956;0,0;-3,577882599560056;3,577882599560056;strategy
2009-02-24;22745,10132967977;6297,587268026098;0,0;3,7910271576800936;-3,7910271576800936;spy
2009-02-25;22745,10132967977;6248,006319254826;0,0;-0,7873007020165135;0,7873007020165135;strategy
2009-02-26;22745,10132967977;6146,406116054419;0,0;-1,6261219660950066;1,6261219660950066;strategy
2009-02-27;22745,10132967977;6009,042442889573;0,0;-2,2348616503886976;2,2348616503886976;strategy
2009-03-02;22745,10132967977;5738,379352735268;0,0;-4,504263245379092;4,504263245379092;strategy
2009-03-03;22745,10132967977;5695,300965797244;0,0;-0,7507065024812243;0,7507065024812243;strategy
2009-03-04;22745,10132967977;5830,226333304229;0,0;2,3690647485931082;-2,3690647485931082;spy
2009-03-05;22745,10132967977;5592,075432197739;0,0;-4,0847625373665375;4,0847625373665375;strategy
2009-03-06;22745,10132967977;5601,828654829185;0,0;0,17441149980361725;-0,17441149980361725;spy
2009-03-09;22745,10132967977;5535,991921593219;0,0;-1,1752721707974922;1,1752721707974922;strategy
2009-03-10;22745,10132967977;5865,989183150241;0,0;5,960941891368421;-5,960941891368421;spy
2009-03-11;22745,10132967977;5904,190958772543;0,0;0,6512418354270855;-0,6512418354270855;spy
2009-03-12;22745,10132967977;6136,652273304547;0,0;3,937225542927414;-3,937225542927414;spy
2009-03-13;22745,10132967977;6184,607271558293;0,0;0,7814521031663801;-0,7814521031663801;spy
2009-03-16;22745,10132967977;6165,913181435738;0,0;-0,30226802287876;0,30226802287876;strategy
2009-03-17;22745,10132967977;6354,483133770955;0,0;3,0582647985210265;-3,0582647985210265;spy
2009-03-18;22745,10132967977;6496,723418251524;0,0;2,2384241406611327;-2,2384241406611327;spy
2009-03-19;22745,10132967977;6416,256230949962;0,0;-1,2385810834351085;1,2385810834351085;strategy
2009-03-20;22745,10132967977;6235,001195588329;0,0;-2,824934491975495;2,824934491975495;strategy
2009-03-23;22745,10132967977;6682,85506492888;0,0;7,182899494188333;-7,182899494188333;spy
2009-03-24;22745,10132967977;6551,180978338519;0,0;-1,970326833532221;1,970326833532221;strategy
2009-03-25;22745,10132967977;6620,268992491109;0,0;1,054588697534542;-1,054588697534542;spy
2009-03-26;22745,10132967977;6755,194359998095;0,0;2,0380647321131873;-2,0380647321131873;spy
2009-03-27;22745,10132967977;6633,274116157607;0,0;-1,8048369498064654;1,8048369498064654;strategy
2009-03-30;22745,10132967977;6404,064082542228;0,0;-3,4554584900548524;3,4554584900548524;strategy
2009-03-31;22745,10132967977;6463,398253944945;0,0;0,9265080835850092;-0,9265080835850092;spy
2009-04-01;22745,10132967977;6588,569778702057;0,0;1,9366209513813182;-1,9366209513813182;spy
2009-04-02;22745,10132967977;6781,203987212662;0,0;2,9237636540377254;-2,9237636540377254;spy
2009-04-03;22745,10132967977;6848,666670966155;0,0;0,9948481697454881;-0,9948481697454881;spy
2009-04-06;22745,10132967977;6795,021466019494;0,0;-0,7832941435751417;0,7832941435751417;strategy
2009-04-07;22745,10132967977;6636,525397074232;0,0;-2,3325322773131485;2,3325322773131485;strategy
2009-04-08;22745,10132967977;6708,0517168846845;0,0;1,0777675896785466;-1,0777675896785466;spy
2009-04-09;22745,10132967977;6974,650550863601;0,0;3,9743109509407404;-3,9743109509407404;spy
2009-04-13;22745,10132967977;6976,276501381128;0,0;0,023312286481869116;-0,023312286481869116;spy
2009-04-14;22745,10132967977;6855,981587939737;0,0;-1,7243426836303755;1,7243426836303755;strategy
2009-04-15;22745,10132967977;6929,133858267716;0,0;1,0669846380080727;-1,0669846380080727;spy
2009-04-16;22745,10132967977;7030,7340614681225;0,0;1,4662756598240456;-1,4662756598240456;spy
2009-04-17;22745,10132967977;7077,876704581534;0,0;0,6705223480401035;-0,6705223480401035;spy
2009-04-20;22745,10132967977;6781,203987212662;0,0;-4,19154966597306;4,19154966597306;strategy
2009-04-21;22745,10132967977;6913,690428943358;0,0;1,9537303697179098;-1,9537303697179098;spy
2009-04-22;22745,10132967977;6871,425017264097;0,0;-0,6113292475798726;0,6113292475798726;strategy
2009-04-23;22745,10132967977;6938,88770101759;0,0;0,9817859262670758;-0,9817859262670758;spy
2009-04-24;22745,10132967977;7043,73918513462;0,0;1,5110704861480029;-1,5110704861480029;spy
2009-04-27;22745,10132967977;6977,088856521463;0,0;-0,9462350445033296;0,9462350445033296;strategy
2009-04-28;22745,10132967977;6955,143485482284;0,0;-0,3145347793394815;0,3145347793394815;strategy
2009-04-29;22745,10132967977;7103,073356537338;0,0;2,1269132889038644;-2,1269132889038644;spy
2009-04-30;22745,10132967977;7105,511662195199;0,0;0,03432747397458247;-0,03432747397458247;spy
2009-05-01;22745,10132967977;7143,713437817501;0,0;0,537635816229165;-0,537635816229165;spy
2009-05-04;22745,10132967977;7386,740950239712;0,0;3,401977340463702;-3,401977340463702;spy
2009-05-05;22745,10132967977;7361,544298283909;0,0;-0,3411064788319984;0,3411064788319984;strategy
2009-05-06;22745,10132967977;7489,154128698883;0,0;1,7334654964274554;-1,7334654964274554;spy
2009-05-07;22745,10132967977;7385,115619840614;0,0;-1,3891890468589407;1,3891890468589407;strategy
2009-05-08;22745,10132967977;7557,429787711138;0,0;2,3332629675774985;-2,3332629675774985;spy
2009-05-11;22745,10132967977;7416,001858370903;0,0;-1,8713760274717384;1,8713760274717384;strategy
2009-05-12;22745,10132967977;7394,056487331725;0,0;-0,29591916855316036;0,29591916855316036;strategy
2009-05-13;22745,10132967977;7207,924840654368;0,0;-2,5173143726485936;2,5173143726485936;strategy
2009-05-14;22745,10132967977;7269,697937833376;0,0;0,8570163888307114;-0,8570163888307114;spy
2009-05-15;22745,10132967977;7210,36314631223;0,0;-0,8161933553298417;0,8161933553298417;strategy
2009-05-18;22745,10132967977;7415,189503230569;0,0;2,8407217883761993;-2,8407217883761993;spy
2009-05-19;22745,10132967977;7406,24863573946;0,0;-0,12057503705352746;0,12057503705352746;strategy
2009-05-20;22745,10132967977;7356,667686968188;0,0;-0,6694475328848037;0,6694475328848037;strategy
2009-05-21;22745,10132967977;7251,003227592393;0,0;-1,4363087184564804;1,4363087184564804;strategy
2009-05-22;22745,10132967977;7235,559798268034;0,0;-0,21298334643670147;0,21298334643670147;strategy
2009-05-26;22745,10132967977;7420,879089805054;0,0;2,561229493001771;-2,561229493001771;spy
2009-05-27;22745,10132967977;7288,392027955932;0,0;-1,7853283990455493;1,7853283990455493;strategy
2009-05-28;22745,10132967977;7389,992231156338;0,0;1,3940002515054228;-1,3940002515054228;spy
2009-05-29;22745,10132967977;7520,853342487935;0,0;1,7707882124677221;-1,7707882124677221;spy
2009-06-01;22745,10132967977;7702,920732989903;0,0;2,4208342087114643;-2,4208342087114643;spy
2009-06-02;22745,10132967977;7709,423294823152;0,0;0,08441683432363067;-0,08441683432363067;spy
2009-06-03;22745,10132967977;7611,887347798133;0,0;-1,2651523115939645;1,2651523115939645;strategy
2009-06-04;22745,10132967977;7683,4136676085855;0,0;0,9396660321193906;-0,9396660321193906;spy
2009-06-05;22745,10132967977;7685,03961812611;0,0;0,0211618245205214;-0,0211618245205214;spy
2009-06-08;22745,10132967977;7653,340404337059;0,0;-0,41247951037604036;0,41247951037604036;strategy
2009-06-09;22745,10132967977;7692,354535099695;0,0;0,5097660459546072;-0,5097660459546072;spy
2009-06-10;22745,10132967977;7672,8474697183765;0,0;-0,2535903057029998;0,2535903057029998;strategy
2009-06-11;22745,10132967977;7706,984989165291;0,0;0,4449133073691547;-0,4449133073691547;spy
2009-06-12;22745,10132967977;7728,118005064134;0,0;0,2742060082970399;-0,2742060082970399;spy
2009-06-15;22745,10132967977;7550,927225877889;0,0;-2,29280633486878;2,29280633486878;strategy
2009-06-16;22745,10132967977;7448,514047418719;0,0;-1,3562993708665094;1,3562993708665094;strategy
2009-06-17;22745,10132967977;7441,199130445135;0,0;-0,0982063929398036;0,0982063929398036;strategy
2009-06-18;22745,10132967977;7495,656690532131;0,0;0,7318384998485916;-0,7318384998485916;spy
2009-06-19;22745,10132967977;7481,026236466536;0,0;-0,19518575449265496;0,19518575449265496;strategy
2009-06-22;22745,10132967977;7256,692814166879;0,0;-2,998698510187492;2,998698510187492;strategy
2009-06-23;22745,10132967977;7262,382400741364;0,0;0,07840467717439292;-0,07840467717439292;spy
2009-06-24;22745,10132967977;7324,968473179136;0,0;0,8617843151771165;-0,8617843151771165;spy
2009-06-25;22745,10132967977;7484,277517383159;0,0;2,174876858342034;-2,174876858342034;spy
2009-06-26;22745,10132967977;7464,769831883414;0,0;-0,26064887966054107;0,26064887966054107;strategy
2009-06-29;22745,10132967977;7534,670821294769;0,0;0,9364118517465103;-0,9364118517465103;spy
2009-06-30;22745,10132967977;7473,710699374525;0,0;-0,809061515308096;0,809061515308096;strategy
2009-07-01;22745,10132967977;7504,59755802324;0,0;0,41327340448567007;-0,41327340448567007;spy
2009-07-02;22745,10132967977;7299,7712011049025;0,0;-2,7293449826547356;2,7293449826547356;strategy
2009-07-06;22745,10132967977;7298,958845964567;0,0;-0,01112850140031485;0,01112850140031485;strategy
2009-07-07;22745,10132967977;7157,530916624333;0,0;-1,9376452494786478;1,9376452494786478;strategy
2009-07-08;22745,10132967977;7152,654305308611;0,0;-0,06813259170694863;0,06813259170694863;strategy
2009-07-09;22745,10132967977;7166,471784115443;0,0;0,1931797374378652;-0,1931797374378652;spy
2009-07-10;22745,10132967977;7149,403024391986;0,0;-0,2381752170055318;0,2381752170055318;strategy
2009-07-13;22745,10132967977;7323,342522661608;0,0;2,432923387815511;-2,432923387815511;spy
2009-07-14;22745,10132967977;7364,795579200534;0,0;0,5660401163901874;-0,5660401163901874;spy
2009-07-15;22745,10132967977;7580,188134009081;0,0;2,924623670707893;-2,924623670707893;spy
2009-07-16;22745,10132967977;7567,995985601346;0,0;-0,16084229299052621;0,16084229299052621;strategy
2009-07-17;22745,10132967977;7650,901478560769;0,0;1,0954748538074988;-1,0954748538074988;spy
2009-07-20;22745,10132967977;7732,181641121093;0,0;1,0623605961740168;-1,0623605961740168;spy
2009-07-21;22745,10132967977;7767,945111085534;0,0;0,462527545579694;-0,462527545579694;spy
2009-07-22;22745,10132967977;7766,319780686435;0,0;-0,020923556691720968;0,020923556691720968;strategy
2009-07-23;22745,10132967977;7937,820973298197;0,0;2,208268490801246;-2,208268490801246;spy
2009-07-24;22745,10132967977;7970,332542227586;0,0;0,40957800684537915;-0,40957800684537915;spy
2009-07-27;22745,10132967977;7993,90386378429;0,0;0,29573824469457666;-0,29573824469457666;spy
2009-07-28;22745,10132967977;7956,515063420751;0,0;-0,4677164124142763;0,4677164124142763;strategy
2009-07-29;22745,10132967977;7937,007998039434;0,0;-0,24517097279183053;0,24517097279183053;strategy
2009-07-30;22745,10132967977;8019,913490998858;0,0;1,0445433969564322;-1,0445433969564322;spy
2009-07-31;22745,10132967977;8031,29266414783;0,0;0,1418864824632271;-0,1418864824632271;spy
2009-08-03;22701,430735126793;8163,779725996951;-0,19199999999995887;1,649635586566922;-1,841635586566881;spy
2009-08-04;22904,075125276562;8184,91212177737;0,8926503025917576;0,2588555361571654;0,6337947664345922;strategy
2009-08-05;22803,91585597759;8161,341420339091;-0,43729890314775366;-0,28797745275193076;-0,1493214503958229;spy
2009-08-06;22555,17653917634;8119,075388541402;-1,0907745773673705;-0,517880941634874;-0,5728936357324965;spy
2009-08-07;23214,04177455581;8225,552203057532;2,9211264839141604;1,3114401507639872;1,6096863331501732;strategy
2009-08-10;22868,673252412023;8208,483443334073;-1,4877569597653406;-0,20750898300924137;-1,2802479767560992;spy
2009-08-11;22525,358357429035;8106,070884993333;-1,501245355135672;-1,2476428690845087;-0,2536024860511632;spy
2009-08-12;22841,065417689257;8193,040634128143;1,401562875274287;1,0728964793019102;0,3286663959723768;strategy
2009-08-13;22937,632708980505;8255,626086447484;0,4227792772593775;0,7638855354706875;-0,34110625821131;spy
2009-08-14;22525,191009888043;8192,22765886938;-1,7981005464918098;-0,7679420908146439;-1,030158455677166;spy
2009-08-17;21818,7174737486;7990,652582867667;-3,1363709006033247;-2,4605648719182804;-0,6758060286850442;spy
2009-08-18;22278,8427811363;8054,051010445771;2,1088558845922423;0,7934073834474198;1,3154485011448225;strategy
2009-08-19;22644,259818159768;8124,764975115888;1,6401975659744217;0,8779925105813602;0,7622050553930615;strategy
2009-08-20;23031,29414018147;8208,483443334073;1,7091939640761389;1,0304109531118044;0,6787830109643345;strategy
2009-08-21;23454,57127486116;8369,418438055625;1,8378347829843378;1,9605935229392912;-0,12275873995495346;spy
2009-08-24;23385,112229145172;8368,605462796862;-0,2961428921552378;-0,009713640974939874;-0,28642925118029794;spy
2009-08-25;23464,801427258648;8384,861867379985;0,34076893594787716;0,19425464201163756;0,1465142939362396;strategy
2009-08-26;23504,50445047158;8385,674222520322;0,16920246836953368;0,009688354479608918;0,15951411388992476;strategy
2009-08-27;23488,40612526673;8404,368932761303;-0,0684903833593764;0,22293628091079043;-0,29142666427016684;spy
2009-08-28;23432,791599166445;8402,742982243775;-0,23677437201863327;-0,019346491456240233;-0,21742788056239304;spy
2009-08-31;23194,601629202614;8327,9653815167;-1,0164814079271056;-0,8899189334374613;-0,1265624744896443;spy
2009-09-01;22077,060917137635;8144,272040497207;-4,818106945445299;-2,205740929557498;-2,612366015887801;spy
2009-09-02;21957,514848449748;8113,385801966917;-0,5414944912123132;-0,37923878741659145;-0,16225570379572174;spy
2009-09-03;22438,200357399302;8180,8484857204085;2,189161716465793;0,831498530947905;1,3576631855178878;strategy
2009-09-04;22889,889153728367;8295,453192468885;2,013034865249841;1,4008902248772603;0,6121446403725805;strategy
2009-09-08;23213,42300768594;8366,980132397763;1,4134356518055613;0,8622427041576675;0,5511929476478938;strategy
2009-09-09;23555,837442121174;8431,191535234633;1,4750708429422943;0,7674382133195046;0,7076326296227897;strategy
2009-09-10;23922,561157942186;8517,348309110681;1,5568273330213156;1,0218813499372148;0,5349459830841008;strategy
2009-09-11;23804,579492493867;8515,722358593155;-0,4931815814760654;-0,019089867626831403;-0,474091713849234;spy
2009-09-14;23907,44141224732;8557,17541513208;0,4321097954529618;0,4867826215247062;-0,054672826071744396;spy
2009-09-15;24028,41306857041;8592,93888509652;0,5060000116161367;0,4179354545098768;0,08806455710625993;strategy
2009-09-16;24432,160379109308;8722,987021169354;1,6802912010323467;1,5134302455983573;0,1668609554339895;strategy
2009-09-17;24000,496162567815;8709,982517621285;-1,7667869310099449;-0,1490831468224041;-1,6177037841875408;spy
2009-09-18;23960,821782763105;8674,219047656845;-0,16530649839893163;-0,41060323476065363;0,245296736361722;strategy
2009-09-21;23860,477909387355;8652,27305649924;-0,41878310470944147;-0,2530025012860704;-0,1657806034233711;spy
2009-09-22;24115,123173080658;8702,666980529273;1,067226166468016;0,5824356640268036;0,48479050244121247;strategy
2009-09-23;23921,44252790714;8630,327685460059;-0,8031501385392881;-0,8312313366817481;0,028081198142460018;strategy
2009-09-24;23451,875093971674;8535,230044092901;-1,9629561778628624;-1,1019007021873972;-0,8610554756754651;spy
2009-09-25;23100,498104274226;8489,71273137859;-1,4982895324552103;-0,5332874741415305;-0,9650020583136798;spy
2009-09-28;23701,546555492452;8641,70685860903;2,601885242929103;1,7903329834549009;0,811552259474202;strategy
2009-09-29;23525,753974015708;8615,697231394463;-0,741692450596676;-0,3009778929107809;-0,44071455768589507;spy
2009-09-30;23320,50535592501;8582,372067087885;-0,87244225335944;-0,3867959076503391;-0,4856463457091009;spy
2009-10-01;22247,993636533796;8369,418438055625;-4,599007195694071;-2,48129103897633;-2,117716156717741;spy
2009-10-02;22091,6024449545;8330,40368717456;-0,7029451470288217;-0,46615844541439966;-0,23678670161442206;spy
2009-10-05;22671,99838377909;8454,762236672912;2,62722425985511;1,4928274087102622;1,1343968511448477;strategy
2009-10-06;22948,712637269295;8575,870125373063;1,2205110851109646;1,4324221700149131;-0,2119110849039485;spy
2009-10-07;22917,80771832437;8599,441446929768;-0,13466951037042207;0,2748563260883019;-0,409525836458724;spy
2009-10-08;23038,3261070396;8665,278180165735;0,5258722395985016;0,76559313348743;-0,23972089388892837;spy
2009-10-09;23176,524722657177;8718,110409853633;0,5998639613637113;0,6097003303232373;-0,009836368959525998;spy
2009-10-12;23292,10837099599;8752,247929300545;0,4987100081740081;0,3915701664930715;0,1071398416809366;strategy
2009-10-13;23196,60321200124;8734,366194318325;-0,41003226274559657;-0,2043101969535832;-0,20572206579201335;spy
2009-10-14;23520,234306301187;8884,734371031243;1,395165884169236;1,7215694117648894;-0,3264035275956534;spy
2009-10-15;23534,42291247002;8917,246560079057;0,06032510554128123;0,36593315781976443;-0,3056080522784832;spy
2009-10-16;23125,85279970004;8850,596851584329;-1,7360532454505084;-0,7474247576949034;-0,9886284877556051;spy
2009-10-19;23562,813643939688;8923,749121912306;1,8894907272146932;0,8265235842810137;1,0629671429336796;strategy
2009-10-20;23530,384791706896;8876,606478798894;-0,1376272491173114;-0,5282829276055279;0,3906556784882165;strategy
2009-10-21;23369,127622265965;8796,952266756096;-0,6853146298642976;-0,8973498175574912;0,21203518769319363;strategy
2009-10-22;23629,196781223014;8886,360321548767;1,1128749141207095;1,0163526194241879;0,09652229469652163;strategy
2009-10-23;23258,63931911739;8784,76011834836;-1,5682186133389453;-1,143327521325399;-0,42489109201354625;spy
2009-10-26;22991,761026386812;8689,662476981204;-1,1474372557607748;-1,0825297456731886;-0,06490751008758622;spy
2009-10-27;22868,757938542054;8649,834750841377;-0,534987675383336;-0,45833455839430215;-0,07665311698903388;spy
2009-10-28;22182,43002525619;8486,462070580392;-3,001159551954302;-1,8887375882538526;-1,1124219637004495;spy
2009-10-29;22582,353018371927;8668,529461082358;1,802881797262046;2,145386251511461;-0,3425044542494149;spy
2009-10-30;21939,07384012721;8417,373436309374;-2,8485923398743007;-2,897331385912205;0,048739046037904465;strategy
2009-11-02;22089,233536879015;8479,14653348838;0,6844395431003125;0,733876162753333;-0,049436619653020486;spy
2009-11-03;22402,104991001455;8505,96913596171;1,4163979641941271;0,3163361119824293;1,1000618522116978;strategy
2009-11-04;22274,530416777503;8527,91450700089;-0,5694758339682693;0,2579996551645092;-0,8274754891327785;spy
2009-11-05;22951,07760777064;8684,785245547053;3,0373129234794183;1,839497082403696;1,1978158410757223;strategy
2009-11-06;22924,240764520953;8707,543591844995;-0,11693064573403689;0,26204846354274114;-0,378979109276778;spy
2009-11-09;23624,796175498872;8905,867386930086;3,055959053013191;2,277608983443158;0,7783500695700329;strategy
2009-11-10;23595,387959444182;8907,492717329185;-0,12448029534827265;0,01825010780516223;-0,14273040315343488;spy
2009-11-11;23782,608222888703;8953,010030043497;0,793461263558437;0,5110002798628166;0,28246098369562045;strategy
2009-11-12;23386,54350597824;8861,9760247333;-1,6653544186515434;-1,0167977585718746;-0,6485566600796688;spy
2009-11-13;23760,521055428828;8909,931643105476;1,599114248563449;0,5411391120708764;1,0579751364925727;strategy
2009-11-16;24282,349846540732;9039,166803919545;2,1962009582810804;1,4504618664956004;0,74573909178548;strategy
2009-11-17;24367,683561883176;9049,733001809753;0,35142280661357717;0,11689349382983938;0,2345293127837378;strategy
2009-11-18;24235,205095828547;9044,043415235268;-0,5436645864108969;-0,06287021477149324;-0,48079437163940364;spy
2009-11-19;23733,96074456403;8926,187427570168;-2,0682488523721787;-1,3031338114384061;-0,7651150409337726;spy
2009-11-20;23574,212183806645;8894,488213781115;-0,673080074904786;-0,355126015964502;-0,31795405894028406;spy
2009-11-23;23908,348086290345;9007,467590130493;1,417378870939423;1,2702178431618805;0,14716102777754259;strategy
2009-11-24;23834,13543091771;9021,285068937324;-0,31040478039212616;0,15340026115633343;-0,4638050415484596;spy
2009-11-25;24098,090503781896;9052,984282726376;1,1074665310568887;0,35138246432540043;0,7560840667314883;strategy
2009-11-27;23543,87595046118;8905,867386930086;-2,2998276698883546;-1,62506518515666;-0,6747624847316946;spy
2009-11-30;23627,587282342563;8935,94127032004;0,35555459117062593;0,3376861801702713;0,017868411000354634;strategy
2009-12-01;24054,20456502026;9046,482341011555;1,805589701477972;1,2370389122706937;0,5685507892072783;strategy
2009-12-02;24311,576785789304;9042,41808483617;1,0699677059507362;-0,04492637051818349;1,1148940764689197;strategy
2009-12-03;24120,937295513577;8971,704120166052;-0,784151073192263;-0,7820249407479052;-0,0021261324443577756;spy
2009-12-04;24203,364200064538;9022,911019454852;0,34172347260441605;0,5707600095025356;-0,22903653689811954;spy
2009-12-07;24243,781367670876;9009,09292052959;0,16698987492915762;-0,15314457712668483;0,32013445205584246;strategy
2009-12-08;23987,093610705448;8909,118667846711;-1,0587777256056308;-1,1097038687997274;0,05092614319409661;strategy
2009-12-09;24050,670370628948;8942,443212034861;0,26504569897174424;0,37404984073698966;-0,10900414176524542;spy
2009-12-10;24032,16718556569;8992,837136064898;-0,07693417596316143;0,5635364165602619;-0,6404705925234233;spy
2009-12-11;24074,94873211497;9031,038911687197;0,1780178467424287;0,4248022625595649;-0,24678441581713617;spy
2009-12-14;24552,680758095124;9092,812008866207;1,98435324326518;0,6840087589376598;1,3003444843275203;strategy
2009-12-15;24415,732375433447;9050,545977068517;-0,5577736460265159;-0,46482905130422747;-0,09294459472228844;spy
2009-12-16;24665,263470547838;9064,36345587535;1,0220094620854603;0,1526701134035635;0,8693393486818968;strategy
2009-12-17;24307,267062563587;8955,44833570136;-1,451419355044492;-1,2015749446078638;-0,2498444104366282;spy
2009-12-18;24358,599080586682;8957,88664135922;0,21117971794597512;0,027227064089463404;0,18395265385651172;strategy
2009-12-21;24808,79556705971;9048,920646669418;1,8482035234605343;1,0162442209291411;0,8319593025313932;strategy
2009-12-22;25093,84469432641;9081,432835717234;1,1489841435316395;0,3592935590587043;0,7896905844729352;strategy
2009-12-23;25457,558176280443;9099,313950581027;1,449413138498734;0,1968975071143575;1,2525156313843766;strategy
2009-12-24;25571,41528362685;9142,392957637478;0,44724284457293706;0,47343137395210455;-0,02618852937916749;spy
2009-12-28;25483,372162605665;9161,900023018796;-0,344302886815806;0,2133693604257303;-0,5576722472415363;spy
2009-12-29;25458,60434986605;9148,8948993523;-0,09719205363235561;-0,1419478889075454;0,04475583527518978;strategy
2009-12-30;25393,736021155484;9145,643618435675;-0,25479923337159427;-0,03553741683988143;-0,21926181653171284;spy
2009-12-31;25180,09100418278;9057,861514160526;-0,841329597168039;-0,9598242391404721;0,11849464197243309;strategy
2010-01-04;25675,706924624348;9211,480971790066;1,9682848658459484;1,695979314647067;0,27230555119888145;strategy
2010-01-05;26004,346351430824;9235,86464848711;1,279962525554823;0,26470962456219826;1,0152529009926248;strategy
2010-01-06;25967,28416234599;9242,367210320357;-0,14252305589214087;0,07040555574093776;-0,21292861163307863;spy
2010-01-07;26085,926163643104;9281,381961201421;0,4568902953245635;0,42212941763988265;0,034760877684680835;strategy
2010-01-08;26158,433000202225;9312,268199731712;0,2779538518366875;0,3327762897745501;-0,05482243793786257;spy
2010-01-11;26047,573541352045;9325,273323398209;-0,42380007567472955;0,1396558108890389;-0,5634558865637684;spy
2010-01-12;25648,3674470977;9238,303574263398;-1,5326037706375417;-0,9326241292745063;-0,5999796413630354;spy
2010-01-13;26290,21374629333;9316,3324559071;2,502484029517693;0,8446234854316836;1,6578605440860095;strategy
2010-01-14;26148,088925806158;9341,529107862903;-0,5405997146265551;0,27045677121393386;-0,811056485840489;spy
2010-01-15;25816,336494891337;9236,677623745873;-1,2687444648675883;-1,1224231376507299;-0,14632132721685842;spy
2010-01-19;26064,434712383758;9352,095305753113;0,9610124873508541;1,2495584095142842;-0,2885459221634301;spy
2010-01-20;25791,07126710158;9256,997664385954;-1,0487986725923437;-1,0168591984799247;-0,03193947411241904;spy
2010-01-21;25549,942819004522;9078,993909940946;-0,9349299437772296;-1,9229102231475559;0,9879802793703263;strategy
2010-01-22;24719,98400424938;8876,606478798894;-3,2483783648149744;-2,2291834662478305;-1,019194898567144;spy
2010-01-25;24806,873054796568;8922,12317139478;0,3514931503687535;0,5127713243185728;-0,16127817394981925;spy
2010-01-26;24758,24366218729;8884,734371031243;-0,19603193236752414;-0,41905720920115686;0,2230252768336327;strategy
2010-01-27;25175,153505083814;8927,00040282893;1,6839233371519713;0,4757151990440356;1,2082081381079357;strategy
2010-01-28;24694,070480403458;8824,587224369761;-1,9109437588263667;-1,1472294593681598;-0,7637142994582069;spy
2010-01-29;24266,414209505238;8728,67660774384;-1,7318176492514548;-1,086856690147009;-0,6449609591044458;spy
2010-02-01;24655,069733294345;8864,414330391162;1,6016190955681964;1,5550779201385367;0,04654117542965963;strategy
2010-02-02;24799,8556012139;8971,704120166052;0,587245826054339;1,2103426777678061;-0,6230968517134672;spy
2010-02-03;24667,139165561486;8927,00040282893;-0,5351500338813264;-0,49827453890994855;-0,036875494971377876;spy
2010-02-04;23839,397266063206;8651,460701358901;-3,355646124759837;-3,0865877566524036;-0,2690583681074332;spy
2010-02-05;23836,21826156554;8669,342436341123;-0,0133350875535454;0,2066903566863898;-0,2200254442399352;spy
2010-02-08;23842,019487734855;8606,756363903352;0,02433786310249708;-0,7219241009031485;0,7462619640056456;strategy
2010-02-09;24224,26292162631;8714,859128937009;1,6032342985379033;1,2560221349710687;0,3472121635668346;strategy
2010-02-10;24272,74909779965;8697,790369213551;0,20015542404823172;-0,19585812542605163;0,39601354947428336;strategy
2010-02-11;24641,899141029688;8788,82375440532;1,5208415072502035;1,0466265721232881;0,47421493512691537;strategy
2010-02-12;24721,28173047492;8781,508837431737;0,3221447705426872;-0,08322976063682708;0,4053745311795143;strategy
2010-02-16;24905,870856596724;8919,684865736917;0,74668105049851;1,573488461529493;-0,8268074110309831;spy
2010-02-17;24985,662362969953;8961,950897534609;0,320372280225234;0,473851177859963;-0,153478897634729;spy
2010-02-18;24903,06215060679;9014,783127222505;-0,33059044488482625;0,5895170626568635;-0,9201075075416898;spy
2010-02-19;24842,091108174267;9033,47721734506;-0,24483351510664608;0,20737149034792957;-0,45220500545457565;spy
2010-02-22;24834,784535560757;9035,103167862586;-0,029412067533662878;0,017999165530668826;-0,047411233064331704;spy
2010-02-23;24694,719686929056;8925,374452311406;-0,5639865666285271;-1,2144710858585483;0,6504845192300213;strategy
2010-02-24;24908,868502370307;9007,467590130493;0,8671846376721692;0,9197724785409589;-0,05258784086878965;spy
2010-02-25;24833,313229055217;8995,27544172276;-0,3033267982762933;-0,13535600639952294;-0,16797079187677033;spy
2010-02-26;24975,178422677112;9000,965028297243;0,5712696985431309;0,06325083218789995;0,508018866355231;strategy
2010-03-01;25427,992967349528;9094,437339265303;1,8130582973584053;1,0384698826648275;0,7745884146935778;strategy
2010-03-02;25603,633841049086;9119,63399122111;0,690738250262557;0,2770556441905381;0,4136826060720189;strategy
2010-03-03;25674,79373829844;9127,762503571881;0,27792889748041727;0,08913200199258675;0,18879689548783052;strategy
2010-03-04;25668,93660884437;9155,397461185546;-0,022812761472468246;0,3027571938122975;-0,32556995528476573;spy
2010-03-05;26043,4781685754;9286,258572517145;1,4591237862264128;1,4293329359690299;0,029790850257382928;strategy
2010-03-08;25955,15080643836;9287,883902916243;-0,3391534785227579;0,01750253222441156;-0,35665601074716946;spy
2010-03-09;26143,956993250744;9303,327332240602;0,7274324399823895;0,1662750039275407;0,5611574360548488;strategy
2010-03-10;26460,746014088043;9344,780388779527;1,2117103042935673;0,4455723748993501;0,7661379293942172;strategy
2010-03-11;26517,875905837922;9383,794519542165;0,21590431244629116;0,41749649686237955;-0,2015921844160884;spy
2010-03-12;26598,635391025848;9384,607494800926;0,3045473380850483;0,008663608917136578;0,2958837291679117;strategy
2010-03-15;26525,67337708883;9387,045800458787;-0,2743073577437527;0,02598196737808589;-0,3002893251218386;spy
2010-03-16;26669,341942501604;9461,824021304292;0,5416208040051718;0,7966108021103979;-0,25498999810522616;spy
2010-03-17;26897,725674599606;9517,906911790385;0,8563530835908661;0,5927281078132118;0,2636249757776543;strategy
2010-03-18;26617,457449027832;9513,030300474664;-1,0419774108873403;-0,05123617367680522;-0,9907412372105351;spy
2010-03-19;26171,05473478725;9426,060551339853;-1,677105016868874;-0,9142170936896066;-0,7628879231792673;spy
2010-03-22;26676,17793597383;9476,45385525146;1,930083469334365;0,5346168066408641;1,3954666626935008;strategy
2010-03-23;27091,97146402619;9543,104183864618;1,5586697953894113;0,7033256282488187;0,8553441671405926;strategy
2010-03-24;26973,933358095506;9496,773895891542;-0,435694043482282;-0,4854844616640652;0,0497904181817832;strategy
2010-03-25;26941,68688637345;9481,33108668561;-0,1195467909480108;-0,16261110746894625;0,04306431652093545;strategy
2010-03-26;26918,34273715259;9475,641500111124;-0,08664694723575783;-0,060008310251669084;-0,026638636984088748;spy
2010-03-29;27072,775141664813;9535,788646772606;0,5737069552171015;0,6347554058559135;-0,061048450638812035;spy
2010-03-30;27055,81113526921;9542,291208605855;-0,06266075903499368;0,06819112790896753;-0,13085188694396122;spy
2010-03-31;26797,980198954934;9509,779019558038;-0,9529595510007649;-0,34071679785349085;-0,612242753147274;spy
2010-04-01;26922,40733240353;9574,80339765367;0,46431534214450565;0,683763292100692;-0,21944794995618633;spy
2010-04-05;27529,768190652834;9652,832279297372;2,255967866284725;0,8149397789496415;1,4410280873350834;strategy
2010-04-06;27633,763066290292;9675,590625595314;0,3777542728193639;0,23576858728553418;0,14198568553382973;strategy
2010-04-07;27223,80137826947;9620,320090249556;-1,4835536044706332;-0,5712368111105204;-0,9123167933601128;spy
2010-04-08;27525,04063413142;9653,644634437707;1,1065289952578272;0,3463974574185569;0,7601315378392703;strategy
2010-04-09;27716,11781053372;9717,043682134237;0,6941939848232659;0,6567369122990607;0,03745707252420516;strategy
2010-04-12;27977,532066466945;9732,486491340169;0,9431849645042067;0,15892497462293154;0,7842599898812752;strategy
2010-04-13;28076,532975646576;9739,802028432181;0,3538586210693362;0,07516616743852289;0,2786924536308133;strategy
2010-04-14;28708,47111695513;9850,343099123696;2,2507698577195923;1,1349416586582173;1,115828199061375;strategy
2010-04-15;28898,045072501027;9858,470991356045;0,6603415234952559;0,08251379825614524;0,5778277252391106;strategy
2010-04-16;28190,993151106217;9701,600252809882;-2,4467119475415022;-1,5912278758410836;-0,8554840717004186;spy
2010-04-19;27728,38828339679;9738,176077914657;-1,6409669046770436;0,3770081651651491;-2,0179750698421928;spy
2010-04-20;28299,400546742767;9825,145827049466;2,059305638358677;0,8930804746080545;1,1662251637506227;strategy
2010-04-21;28327,433430561727;9807,264712185675;0,09905822482938476;-0,18199337881136257;0,2810516036407473;strategy
2010-04-22;29088,523009326276;9836,525000198439;2,6867579819053855;0,2983531990974786;2,388404782807907;strategy
2010-04-23;29456,460358845066;9900,736403035307;1,2648883870824967;0,6527854383084897;0,6121029487740071;strategy
2010-04-26;29600,522990446254;9863,347602671769;0,4890697315501846;-0,37763655996412293;0,8667062915143076;strategy
2010-04-27;28442,554519169826;9630,073932999429;-3,911986526894029;-2,3650557505359715;-1,5469307763580575;spy
2010-04-28;28145,315194351642;9703,225583208978;-1,0450514373378406;0,7596167040720303;-1,8046681414098709;spy
2010-04-29;28840,043185453884;9823,520496650368;2,4683610267106415;1,2397414901860637;1,2286195365245778;strategy
2010-04-30;27925,736251039834;9656,895915354333;-3,1702689504820136;-1,6961799118030085;-1,474089038679005;spy
2010-05-03;28706,356711929417;9782,067440111443;2,795344244005449;1,2961879868466752;1,4991562571587735;strategy
2010-05-04;27433,41895757155;9552,0444312373;-4,434341031611567;-2,3514764162321344;-2,082864615379432;spy
2010-05-05;26996,259473095823;9495,148565492444;-1,5935289915990358;-0,5956407149740106;-0,9978882766250252;spy
2010-05-06;25708,796202818026;9179,781758001014;-4,769043176373633;-3,321346741614395;-1,447696434759238;spy
2010-05-07;25089,693855987913;9043,231060094933;-2,4081343286009305;-1,4875157330081934;-0,9206185955927371;spy
2010-05-10;26682,499073102015;9441,50398066421;6,3484442108247;4,404099794892291;1,9443444159324086;strategy
2010-05-11;26868,211369780453;9414,68137819088;0,6960078820564819;-0,28409247645567737;0,9801003585121593;strategy
2010-05-12;27671,593184520723;9546,354844662816;2,9900829782955274;1,3985971609932202;1,5914858173023072;strategy
2010-05-13;27349,719537568606;9427,68588173895;-1,163191597989277;-1,243081415418068;0,07988981742879098;strategy
2010-05-14;26529,866917883963;9256,997664385954;-2,9976637184833343;-1,8104996230688175;-1,1871640954145168;spy
2010-05-17;26531,465119970402;9261,874275701679;0,006024161716999821;0,05268026948399562;-0,0466561077669958;spy
2010-05-18;26034,176031311392;9135,89039580423;-1,874337080181443;-1,3602417410044643;-0,5140953391769787;spy
2010-05-19;25859,089732386066;9083,871141375095;-0,6725248331836964;-0,5693944670464246;-0,10313036613727178;spy
2010-05-20;24798,04056997709;8740,868756151574;-4,103196103922069;-3,7759494810666983;-0,32724662285537054;spy
2010-05-21;25425,005724785464;8868,478586566549;2,5282850596165307;1,4599215933218002;1,0683634662947306;strategy
2010-05-24;25244,668436689255;8754,686234958408;-0,7092910422451082;-1,2831101805952039;0,5738191383500957;strategy
2010-05-25;25370,550343291947;8763,627102449516;0,4986474942952457;0,10212664681694683;0,39652084747829885;strategy
2010-05-26;25565,106414863112;8710,794872761622;0,7668579078443427;-0,6028580297891439;1,3697159376334866;strategy
2010-05-27;26468,569383446284;9002,590978814771;3,5339691293360564;3,3498218051900785;0,1841473241459779;strategy
2010-05-28;26274,63302080869;8889,611602465393;-0,7327043627786023;-1,2549651163231257;0,5222607535445234;strategy
2010-06-01;25674,94982995664;8740,055780892812;-2,2823656200150144;-1,6823662074404333;-0,5999994125745811;spy
2010-06-02;26076,65876851047;8967,640484109092;1,564594833541344;2,603927353802682;-1,039332520261338;spy
2010-06-03;26235,926774976426;8998,526722639383;0,6107684572621785;0,34441878646922497;0,2663496707929536;strategy
2010-06-04;25613,301469761765;8682,346939889192;-2,3731782397278023;-3,513683878436613;1,1405056387088108;strategy
2010-06-07;25233,156520309618;8574,244174855536;-1,4841700508656963;-1,245086907746118;-0,23908314311957835;spy
2010-06-08;25345,792176412007;8666,0911554245;0,4463795720988539;1,0711962325298696;-0,6248166604310157;spy
2010-06-09;25474,24761909183;8619,76148756985;0,5068117097534186;-0,5346085913907173;1,0414203011441359;strategy
2010-06-10;25843,044131123883;8871,729867483173;1,4477228829151256;2,923147934854997;-1,4754250519398715;spy
2010-06-11;26159,489756460724;8914,808254421196;1,2244905195039735;0,48556919091862216;0,7389213285853513;strategy
2010-06-14;26294,264435966543;8900,990775614364;0,5152037779044827;-0,1549946831439608;0,6701984610484435;strategy
2010-06-15;26586,088103838345;9103,378206756413;1,1098377312758423;2,2737629579003826;-1,1639252266245403;spy
2010-06-16;26683,171652625224;9100,126925839788;0,36516673083943907;-0,035715103149425165;0,40088183398886423;strategy
2010-06-17;26672,611400717666;9114,757379905384;-0,03957644932557347;0,16077197807047305;-0,20034842739604652;spy
2010-06-18;26670,21748959704;9081,432835717234;-0,008975165890812153;-0,36561087475150966;0,3566357088606975;strategy
2010-06-21;26503,083515778482;9055,423208502667;-0,6266689571757245;-0,28640444393611686;-0,3402645132396076;spy
2010-06-22;26100,869787023265;8905,867386930086;-1,5176110678433385;-1,651560817523745;0,13394974968040652;strategy
2010-06-23;26213,656731040912;8878,232429316422;0,4321194846683696;-0,3103005739140019;0,7424200585823715;strategy
2010-06-24;25929,481989163804;8731,114913401703;-1,084071347972615;-1,6570586215892358;0,5729872736166208;strategy
2010-06-25;25988,51954653894;8767,691358624907;0,22768506289407853;0,4189206714833249;-0,19123560858924638;spy
2010-06-28;25952,60543467358;8740,055780892812;-0,13819221907214185;-0,3151978850727821;0,17700566600064027;strategy
2010-06-29;25665,21341082685;8470,20566599727;-1,1073725317102934;-3,0875102134414134;1,98013768173112;strategy
2010-06-30;25616,76831583491;8389,738478695708;-0,18875781087993593;-0,9500027564217084;0,7612449455417725;strategy
2010-07-01;25585,817191199807;8352,34967833217;-0,12082368959854817;-0,445649175578966;0,3248254859804178;strategy
2010-07-02;25464,649102815903;8306,832365617858;-0,47357521348030396;-0,5449641653820336;0,07138895190172967;strategy
2010-07-06;25433,239684823962;8361,29054582328;-0,12334518282628437;0,6555829925113832;-0,7789281753376676;spy
2010-07-07;25740,152653600773;8624,638098885573;1,2067395761616195;3,1496041384884377;-1,9428645623268181;spy
2010-07-08;25790,27424752785;8709,982517621285;0,19472143231467065;0,9895420278184242;-0,7948205955037535;spy
2010-07-09;25893,696220018486;8775,006275598489;0,4010115266631864;0,7465429218216357;-0,34553139515844933;spy
2010-07-12;25875,087625683176;8780,695862172975;-0,07186534582468429;0,06483854707100001;-0,1367038928956843;spy
2010-07-13;25996,708176956206;8913,182924022098;0,47002952427612765;1,5088446739155659;-1,0388151496394382;spy
2010-07-14;26012,146580877226;8912,369948763335;0,0593859953957665;-0,00912104313007811;0,06850703852584461;strategy
2010-07-15;25967,11117687264;8914,808254421196;-0,1731322090799403;0,027358667468679876;-0,2004908765486202;spy
2010-07-16;25740,88267194511;8669,342436341123;-0,8712116776740997;-2,7534615560389275;1,8822498783648278;strategy
2010-07-19;25792,109520309634;8720,548715511493;0,19900968050468038;0,5906593210082134;-0,391649640503533;spy
2010-07-20;25920,457466663836;8817,272307396177;0,4976248501625591;1,1091457090611545;-0,6115208588985954;spy
2010-07-21;25808,357572610446;8702,666980529273;-0,4324765263019059;-1,299782096678237;0,867305570376331;strategy
2010-07-22;26027,455546733534;8896,926519438977;0,8489419503223683;2,2321839884753336;-1,3832420381529653;spy
2010-07-23;26153,012443187028;8974,143045942343;0,4824017323862062;0,867901137934024;-0,3854994055478178;spy
2010-07-26;26269,683405131076;9067,614736791975;0,44610907518778387;1,0415667587547084;-0,5954576835669245;spy
2010-07-27;26198,451608305637;9066,802381651638;-0,271155901374609;-0,008958862544528046;-0,26219703883008094;spy
2010-07-28;26144,507159643697;9008,280565389256;-0,20590701110304588;-0,645451547293141;0,43954453619009515;strategy
2010-07-29;26032,603763967043;8964,389203192468;-0,42801876123863547;-0,4872335167426134;0,05921475550397792;strategy
2010-07-30;26068,66772065719;8962,763252674942;0,13853380559676332;-0,018137884028357476;0,1566716896251208;strategy
2010-08-02;26159,68826962192;9165,151303935421;0,3491568880315432;2,258098820138721;-1,9089419321071777;spy
2010-08-03;26159,68826962192;9121,259941738634;0,0;-0,4788940274007336;0,4788940274007336;strategy
2010-08-04;26159,68826962192;9182,220063658877;0,0;0,6683300586719509;-0,6683300586719509;spy
2010-08-05;26159,68826962192;9172,466220909004;0,0;-0,10622532113422345;0,10622532113422345;strategy
2010-08-06;26159,68826962192;9135,077420545467;0,0;-0,4076199297230132;0,4076199297230132;strategy
2010-08-09;26159,68826962192;9183,845394057975;0,0;0,5338539704417222;-0,5338539704417222;spy
2010-08-10;26159,68826962192;9134,264445286703;0,0;-0,5398713354141549;0,5398713354141549;strategy
2010-08-11;26159,68826962192;8883,922015890907;0,0;-2,740696099782536;2,740696099782536;strategy
2010-08-12;26159,68826962192;8829,463835685483;0,0;-0,6129970536437934;0,6129970536437934;strategy
2010-08-13;26159,68826962192;8803,454208470917;0,0;-0,294577651583372;0,294577651583372;strategy
2010-08-16;26159,68826962192;8799,390572413959;0,0;-0,04615956374315333;0,04615956374315333;strategy
2010-08-17;26159,68826962192;8907,492717329185;0,0;1,2285185437060475;-1,2285185437060475;spy
2010-08-18;26159,68826962192;8923,749121912306;0,0;0,18250258629450844;-0,18250258629450844;spy
2010-08-19;26159,68826962192;8768,503713765238;0,0;-1,7396881739521586;1,7396881739521586;strategy
2010-08-20;26159,68826962192;8740,055780892812;0,0;-0,32443315075258994;0,32443315075258994;strategy
2010-08-23;26159,68826962192;8706,731236704662;0,0;-0,38128525748087894;0,38128525748087894;strategy
2010-08-24;26159,68826962192;8577,495455772161;0,0;-1,4843203197508315;1,4843203197508315;strategy
2010-08-25;26159,68826962192;8610,820620078739;0,0;0,3885185888865994;-0,3885185888865994;spy
2010-08-26;26159,68826962192;8553,111779075121;0,0;-0,6701897943275248;0,6701897943275248;strategy
2010-08-27;26159,68826962192;8685,598220805818;0,0;1,548985271709169;-1,548985271709169;spy
2010-08-30;26159,68826962192;8559,613720789943;0,0;-1,4504988236053395;1,4504988236053395;strategy
2010-08-31;26159,68826962192;8559,613720789943;0,0;0,0;0,0;tie
2010-09-01;26159,68826962192;8815,646356878651;0,0;2,991170448110836;-2,991170448110836;spy
2010-09-02;26159,68826962192;8897,73949469774;0,0;0,9312208600000593;-0,9312208600000593;spy
2010-09-03;26159,68826962192;9013,157176704979;0,0;1,297157351887157;-1,297157351887157;spy
2010-09-07;26159,68826962192;8911,556973504572;0,0;-1,1272432202003357;1,1272432202003357;strategy
2010-09-08;26159,68826962192;8974,143045942343;0,0;0,7023023319477018;-0,7023023319477018;spy
2010-09-09;26159,68826962192;9015,59548236284;0,0;0,4619096910789766;-0,4619096910789766;spy
2010-09-10;26159,68826962192;9061,112795077153;0,0;0,5048730591712847;-0,5048730591712847;spy
2010-09-13;26159,68826962192;9161,900023018796;0,0;1,112305190554519;-1,112305190554519;spy
2010-09-14;26159,68826962192;9156,210436444311;0,0;-0,06210050928507904;0,06210050928507904;strategy
2010-09-15;26159,68826962192;9191,160931149987;0,0;0,38171353692968424;-0,38171353692968424;spy
2010-09-16;26159,68826962192;9188,722625492124;0,0;-0,026528810409565118;0,026528810409565118;strategy
2010-09-17;26159,68826962192;9143,205312777813;0,0;-0,49536061288903976;0,49536061288903976;strategy
2010-09-20;26159,68826962192;9283,007291600521;0,0;1,5290259164073783;-1,5290259164073783;spy
2010-09-21;26159,68826962192;9264,313201477966;0,0;-0,20137967724608297;0,20137967724608297;strategy
2010-09-22;26159,68826962192;9218,795888763654;0,0;-0,491318802855778;0,491318802855778;strategy
2010-09-23;26159,68826962192;9144,018288036576;0,0;-0,81114281766691;0,81114281766691;strategy
2010-09-24;26159,68826962192;9332,588240371793;0,0;2,062221950954868;-2,062221950954868;spy
2010-09-27;26109,461668144242;9287,883902916243;-0,19200000000002548;-0,4790132844623374;0,2870132844623119;strategy
2010-09-28;26288,24767222726;9320,396091964061;0,6847556121815757;0,35004947722925284;0,3347061349523228;strategy
2010-09-29;26305,58134878635;9304,140307499365;0,06593697980639135;-0,17441087593597082;0,24034785574236217;strategy
2010-09-30;26145,981148251176;9276,504729767272;-0,6067161125201115;-0,29702451616963055;-0,30969159635048094;spy
2010-10-01;26217,31519258134;9315,519480648336;0,2728298621715197;0,42057598220017756;-0,14774612002865783;spy
2010-10-04;25981,624651607803;9245,618491236983;-0,898988089521191;-0,7503713513407617;-0,1486167381804293;spy
2010-10-05;26373,005316664516;9431,75013791434;1,506374871875038;2,0131876180460306;-0,5068127461709926;spy
2010-10-06;25978,992609348723;9430,937162655575;-1,4940000298973355;-0,008619558903455449;-1,48538047099388;spy
2010-10-07;26025,815800845383;9419,557989506604;0,18023482357745202;-0,12065792564104338;0,3008927492184954;strategy
2010-10-08;26165,269930119364;9472,390219194502;0,53583000179942;0,5608780130315294;-0,025048011232109424;spy
2010-10-11;26210,083883255775;9481,33108668561;0,1712726574428558;0,09438871588072217;0,07688394156213363;strategy
2010-10-12;26601,183514184206;9510,591994816803;1,4921723740773052;0,30861603569865004;1,1835563383786551;strategy
2010-10-13;26761,342067221227;9584,556620285117;0,6020730354031834;0,777707901975222;-0,17563486657203864;spy
2010-10-14;26559,752869379623;9547,167819921577;-0,7532850831443172;-0,39009420930760097;-0,3631908738367162;spy
2010-10-15;26636,427843719073;9566,674885302897;0,2886885834990194;0,20432305945869977;0,0843655240403196;strategy
2010-10-18;26679,847490399843;9613,817528416306;0,1630085195189146;0,49277981826092443;-0,32977129874200983;spy
2010-10-19;26198,355481706712;9487,83364851886;-1,8047030023930377;-1,3104459235373067;-0,494257078855731;spy
2010-10-20;26703,01265851556;9580,492984228158;1,9262933399053495;0,9766121450049292;0,9496811949004202;strategy
2010-10-21;26805,024936977516;9601,625380008572;0,3820253533431295;0,2205773316175108;0,16144802172561867;strategy
2010-10-22;26982,02598067468;9619,507114990793;0,6603278456681849;0,18623654094493958;0,47409130472324534;strategy
2010-10-25;27148,884497220282;9647,95504786322;0,6184061814524577;0,2957317098720713;0,3226744715803864;strategy
2010-10-26;27244,415174400878;9649,580998380747;0,3518769885015871;0,01685279947365448;0,33502418902793263;strategy
2010-10-27;27242,49666989536;9621,945420648652;-0,0070418267128724565;-0,2863914789329458;0,27934965222007335;strategy
2010-10-28;27253,791742881243;9623,57137116618;0,04146122553578824;0,016898355233219142;0,024562870302569095;strategy
2010-10-29;27299,05420743;9630,886288139764;0,1660776782026252;0,0760104195361544;0,0900672586664708;strategy
2010-11-01;27206,367832128566;9634,137569056387;-0,3395222947914722;0,03375889631909157;-0,3732811911105638;spy
2010-11-02;27599,345605577244;9710,54112030099;1,4444330675578154;0,7930502413625584;0,651382826195257;strategy
2010-11-03;27764,393041248964;9749,555251063628;0,5980121341658373;0,40177092377555734;0,19624121039027997;strategy
2010-11-04;28162,638172397783;9937,31284825851;1,4343736258060957;1,9258067917959476;-0,4914331659898519;spy
2010-11-05;28035,930642293457;9974,701648622047;-0,4499135675027466;0,3762465863202502;-0,8261601538229968;spy
2010-11-08;28244,662257911263;9956,006938381064;0,7445146668429992;-0,18742124726673914;0,9319359141097383;strategy
2010-11-09;27992,62992770131;9884,480618570613;-0,8923184420070673;-0,7184237641971958;-0,17389467780987156;spy
2010-11-10;28082,614901545163;9924,307724592012;0,3214595201532111;0,40292563219328503;-0,08146611204007392;spy
2010-11-11;28089,99305096509;9886,918924228474;0,02627301426807449;-0,37673963163082913;0,4030126458989036;strategy
2010-11-12;27585,409085118;9769,875291703709;-1,7963121775487756;-1,183823124491723;-0,6124890530570526;spy
2010-11-15;27249,24239519136;9756,057812896875;-1,2186394948480173;-0,14142942867005903;-1,0772100661779582;spy
2010-11-16;26764,868504958657;9604,064305784861;-1,777568283212816;-1,5579397952222962;-0,2196284879905197;spy
2010-11-17;27058,67031069912;9608,940917100585;1,097714362714064;0,050776537520547116;1,0469378251935169;strategy
2010-11-18;27535,701911672564;9750,368226322391;1,7629528557610685;1,4718303551030765;0,29112250065799206;strategy
2010-11-19;27804,463207717148;9777,19082879572;0,976046649933604;0,2750932257195915;0,7009534242140125;strategy
2010-11-22;28255,000079897567;9769,062936563372;1,6203760842804948;-0,08313116082800942;1,7035072451085043;strategy
2010-11-23;28042,644645973673;9627,635007223142;-0,7515676281132921;-1,447712336982676;0,696144708869384;strategy
2010-11-24;28755,62270101641;9769,875291703709;2,542477944016275;1,4774166695543878;1,065061274461887;strategy
2010-11-26;28706,236077395977;9656,083560213994;-0,171745971679782;-1,1647204093418018;0,9929744376620198;strategy
2010-11-29;28601,3688921016;9685,344468345185;-0,3653115128421591;0,30303080900992985;-0,668342321852089;spy
2010-11-30;28529,98226269632;9630,886288139764;-0,2495916530239617;-0,5622740665900738;0,31268241356611215;strategy
2010-12-01;29155,05000881133;9835,712645058104;2,190915298718221;2,1267653961461352;0,06414990257208597;strategy
2010-12-02;29080,02613132957;9961,69652495555;-0,25732721246948254;1,2808820717301828;-1,5382092841996653;spy
2010-12-03;29181,782587024856;9988,519127428879;0,34991872165361926;0,2692573740440185;0,08066134760960075;strategy
2010-12-06;29146,406965646875;9977,952929538673;-0,12122501863101043;-0,10578342750720005;-0,015441591123810383;spy
2010-12-07;28979,436559584195;9983,642516113156;-0,5728678881739224;0,05702158162761428;-0,6298894698015367;spy
2010-12-08;29067,115323601578;10020,218341217933;0,30255510260561724;0,36635751977041053;-0,06380241716479329;spy
2010-12-09;29433,060608287113;10059,233092098999;1,2589666384555054;0,3893602868969337;0,8696063515585717;strategy
2010-12-10;29681,993042907296;10117,754908361378;0,8457578976686309;0,5817721463114767;0,2639857513571542;strategy
2010-12-13;29200,581329515164;10124,2568500762;-1,621898208439776;0,06426269240273896;-1,686160900842515;spy
2010-12-14;28758,674448065787;10133,197717567311;-1,5133496024022919;0,08831134594380341;-1,6016609483460953;spy
2010-12-15;28594,198058388705;10086,868049712662;-0,5719192307493293;-0,45720678847832597;-0,1147124422710033;spy
2010-12-16;29171,94502146617;10145,389865975045;2,020504166256809;0,5801782671683631;1,440325899088446;strategy
2010-12-17;29292,067923192128;10103,124454295783;0,4117754288840425;-0,4165972154604791;0,8283726443445216;strategy
2010-12-20;29412,530679350497;10127,508130992825;0,4112470190709594;0,24134788012706299;0,1698991389438964;strategy
2010-12-21;29791,017094224;10191,719533829693;1,2868202977828869;0,6340296349934826;0,6527906627894042;strategy
2010-12-22;29602,998465775152;10223,418747618744;-0,6311252410556412;0,3110291024378098;-0,942154343493451;spy
2010-12-23;29589,861587737938;10208,78829355315;-0,04437684936680064;-0,1431072562590674;0,09873040689226675;strategy
2010-12-27;29612,08425840861;10212,852549728537;0,07510231369207698;0,039811347424589805;0,03529096626748718;strategy
2010-12-28;29394,69726374629;10227,483003794132;-0,7341158182764262;0,14325531475516406;-0,8773711330315903;spy
2010-12-29;29503,927401884055;10234,797920767718;0,3715981054599471;0,07152216210843942;0,30007594335150767;strategy
2010-12-30;29559,137179060657;10218,542136303022;0,18712687441426734;-0,15882858255277243;0,3459554569670398;strategy
2010-12-31;29414,23705610412;10220,980441960883;-0,49020416962367586;0,023861580500783575;-0,5140657501244594;spy
2011-01-03;29874,974296684442;10326,644901336676;1,5663749486397371;1,0337996435449748;0,5325753050947624;strategy
2011-01-04;29937,019438184805;10320,955314762192;0,2076826606918658;-0,05509617720803606;0,26277883789990186;strategy
2011-01-05;30414,893436081933;10374,599899590425;1,59626444738048;0,519763754344571;1,076500693035909;strategy
2011-01-06;30166,285263828802;10354,279858950344;-0,8173895883462179;-0,1958633666526599;-0,621526221693558;spy
2011-01-07;30282,27368784949;10333,95981831026;0,38449687459451987;-0,19624774409122692;0,5807446186857468;strategy
2011-01-10;30558,39091379509;10320,955314762192;0,9118114075310935;-0,12584240481589015;1,0376538123469836;strategy
2011-01-11;30463,05902598772;10357,531139866967;-0,3119663207277523;0,3543841048556873;-0,6663504255834396;spy
2011-01-12;30700,26326285433;10451,003450835025;0,7786619087211566;0,9024574457543899;-0,12379553703323332;spy
2011-01-13;30618,719592959977;10433,934070993142;-0,265612282201555;-0,16332766439302038;-0,1022846178085346;spy
2011-01-14;30832,81417856268;10509,525267097408;0,69922775494482;0,7244745422957388;-0,025246787350918787;spy
2011-01-18;30745,32582589059;10527,40700207963;-0,2837507863064803;0,17014788515905543;-0,45389867146553575;spy
2011-01-19;30074,34474690612;10424,180848361697;-2,1823840241089187;-0,9805468117414007;-1,201837212367518;spy
2011-01-20;29274,03481456093;10410,363369554865;-2,661105134892494;-0,13255217851485535;-2,5285529563776388;spy
2011-01-21;29105,43771401755;10433,934070993142;-0,5759271026743562;0,22641574171378132;-0,8023428443881375;spy
2011-01-24;29232,309374117096;10493,269482632715;0,43590363198160453;0,5686772720227218;-0,13277364004111725;spy
2011-01-25;29280,99160442144;10498,958449088774;0,16653569747537844;0,054215385066336275;0,11232031240904217;strategy
2011-01-26;29978,384433081737;10539,598530368936;2,381725448652472;0,38708679034431537;1,9946386583081566;strategy
2011-01-27;30471,148062858712;10565,608777701931;1,6437297709519072;0,24678594026186218;1,396943830690045;strategy
2011-01-28;29924,286304701203;10381,102461423672;-1,7946870824472771;-1,7462913889793819;-0,048395693467895295;spy
2011-01-31;30019,41915196567;10459,130722948947;0,31791183353810926;0,7516375241958029;-0,4337256906576936;spy
2011-02-01;30681,211118429328;10626,568899622176;2,2045462076181632;1,6008804279101785;0,6036657797079847;strategy
2011-02-02;30802,383315997322;10606,248858982093;0,3949394210687185;-0,19121920567235495;0,5861586267410734;strategy
2011-02-03;30916,887180913112;10629,81956042037;0,3717370300249545;0,2222340975746251;0,14950293245032942;strategy
2011-02-04;31398,47091260105;10659,892823691896;1,5576721190264209;0,282914146384039;1,2747579726423819;strategy
2011-02-07;31505,82464841206;10726,543152305056;0,34190752826732673;0,6252438904922775;-0,28333636222495073;spy
2011-02-08;31592,943229600223;10775,311745935991;0,276515794016996;0,4546534045356099;-0,17813761051861388;spy
2011-02-09;31565,898537574274;10750,927449120525;-0,08560358504556831;-0,2262978314725994;0,1406942464270311;strategy
2011-02-10;31690,447217733166;10754,991705295912;0,39456719412132024;0,03780377269422264;0,3567634214270976;strategy
2011-02-11;32120,981059492533;10819,20248801435;1,3585603219838704;0,5970323778754727;0,7615279441083977;strategy
2011-02-14;32525,72032588775;10845,211495110489;1,2600464028342806;0,24039671246518513;1,0196496903690955;strategy
2011-02-15;32039,492664154437;10811,073975663576;-1,4949020555474535;-0,31477043543414185;-1,1801316201133116;spy
2011-02-16;32472,476507992567;10879,35025479426;1,3514066791780133;0,6315402085341315;0,7198664706438818;strategy
2011-02-17;32757,49741189596;10911,861823723648;0,8777307263067469;0,2988374137054661;0,5788933126012807;strategy
2011-02-18;32607,905894004256;10934,62017002159;-0,45666345023469557;0,2085651987313808;-0,6652286489660764;spy
2011-02-22;31249,421784956416;10715,163979156083;-4,166118834689203;-2,0069850388326205;-2,1591337958565826;spy
2011-02-23;30626,441197639484;10649,327245920118;-1,993574766291628;-0,6144258115324708;-1,3791489547591573;spy
2011-02-24;30944,29020476113;10642,011088709678;1,037825469405651;-0,06870065161386218;1,1065261210195132;strategy
2011-02-25;31799,497839719585;10755,804060436245;2,763700926081891;1,0692807099899726;1,6944202160919186;strategy
2011-02-28;31592,438371264667;10822,453148812547;-0,6511406862415581;0,6196569591804035;-1,2707976454219616;spy
2011-03-01;30824,177995132795;10642,011088709678;-2,431785628901162;-1,6672935204405714;-0,7644921084605905;spy
2011-03-02;30888,549234848182;10664,770675244476;0,20883359720265116;0,2138654653249139;-0,00503186812226275;spy
2011-03-03;31713,127588264357;10848,463396145542;2,6695276205652707;1,7224254181804621;0,9471022023848086;strategy
2011-03-04;31676,684631678836;10767,183233585218;-0,11491441985370665;-0,749232030309499;0,6343176104557924;strategy
2011-03-07;31087,329503583398;10682,65116998984;-1,860532864938913;-0,7850898583364296;-1,0754430066024834;spy
2011-03-08;31080,990332800535;10776,124101076328;-0,02039149352514036;0,8749975038881308;-0,8953889974132712;spy
2011-03-09;30657,030973901932;10760,680671751968;-1,3640471373628893;-0,14331153928356377;-1,2207355980793255;spy
2011-03-10;30195,079149644203;10561,544521526543;-1,506838103960506;-1,8505906484910462;0,34375254453054005;strategy
2011-03-11;30764,0301348947;10634,696171736094;1,8842506834667372;0,6926226562834037;1,1916280271833335;strategy
2011-03-14;30834,76666915871;10570,485389017653;0,22993259970764957;-0,6037857751789333;0,8337183748865828;strategy
2011-03-15;30718,934246690074;10449,3775003175;-0,3756552585964412;-1,1457173842364887;0,7700621256400475;strategy
2011-03-16;30247,326097583446;10255,930936666562;-1,5352360382015706;-1,8512735676843861;0,3160375294828155;strategy
2011-03-17;30474,047328587192;10391,668659313882;0,749557928764677;1,3235046480474688;-0,5739467192827918;spy
2011-03-18;30426,804361557945;10384,353742340298;-0,1550268873702576;-0,07039213059423233;-0,08463475677602528;spy
2011-03-21;31019,212979329808;10545,288737061848;1,9469958485693883;1,549783440690855;0,3972124078785333;strategy
2011-03-22;30824,380426613494;10508,711671720219;-0,6281028240340714;-0,3468569353921813;-0,28124588864189004;spy
2011-03-23;31122,295346995485;10538,7861752286;0,9664911873614512;0,2861863989409352;0,680304788420516;strategy
2011-03-24;31443,39170078345;10639,572783051815;1,0317245248395945;0,9563398113163535;0,07538471352324105;strategy
2011-03-25;31700,98620063253;10672,08559221806;0,8192325506750642;0,30558378451093215;0,513648766164132;strategy
2011-03-28;31839,194773721312;10646,075344885065;0,43597562616528585;-0,24372225192760277;0,6796978780928886;strategy
2011-03-29;32175,329912524423;10717,602284813946;1,0557275119298604;0,6718620487994764;0,38386546313038394;strategy
2011-03-30;32232,27052893271;10791,567530400685;0,17696979817485303;0,6901286651730176;-0,5131588669981646;spy
2011-03-31;32183,71386451092;10776,936456216661;-0,15064611839307185;-0,13557876687336767;-0,015067351519704175;spy
2011-04-01;32172,76616533121;10822,453148812547;-0,03401627054540057;0,4223527973910457;-0,45636906793644627;spy
2011-04-04;32364,712606879555;10831,394016303657;0,5966115582414;0,08261405587226545;0,5139975023691346;strategy
2011-04-05;32624,744356590178;10829,769306022987;0,8034421713213336;-0,015000010877863623;0,8184421821991972;strategy
2011-04-06;32246,48784218272;10863,9068254699;-1,15941602568006;0,31521926720938787;-1,474635292889448;spy
2011-04-07;32009,228659602377;10836,271867856236;-0,7357675159586741;-0,25437403005772463;-0,48139348590094944;spy
2011-04-08;31715,320080501322;10798,88244737427;-0,9181995049820868;-0,3450395203988488;-0,573159984583238;spy
2011-04-11;31423,2423391199;10766,370878444883;-0,9209358147420743;-0,30106419889117664;-0,6198716158508977;spy
2011-04-12;31078,584270009647;10685,903071024892;-1,0968252906262799;-0,7473995492863206;-0,3494257413399593;spy
2011-04-13;31543,32758587455;10685,090715884558;1,4953812304551173;-0,007602119679861463;1,5029833501349787;strategy
2011-04-14;31539,59308986863;10693,217987998476;-0,011839258225854188;0,07606179797645662;-0,08790105620231081;spy
2011-04-15;31826,210252249606;10732,232118761114;0,9087535199464813;0,3648492979982709;0,5439042219482104;strategy
2011-04-18;31574,565490445093;10611,937825438152;-0,7906840299552353;-1,1208692841508272;0,33018525419559186;strategy
2011-04-19;31890,749980389144;10672,897947358395;1,001389837145128;0,5744485401536492;0,42694129699147876;strategy
2011-04-20;32497,19594366278;10818,390132874016;1,901635940348112;1,363192885692599;0,538443054655513;strategy
2011-04-21;32837,70576406037;10873,660048101347;1,0478129281920046;0,5108885383914963;0,5369243898005083;strategy
2011-04-25;32618,004441544646;10862,280874952376;-0,6690519858308042;-0,10464896914776922;-0,5644030166830349;spy
2011-04-26;32625,66772393825;10955,752565802006;0,023494025844961186;0,860516238952802;-0,8370222131078409;spy
2011-04-27;33248,09230759944;11027,279505730887;1,907775770071063;0,6528710784519776;1,2549046916190854;strategy
2011-04-28;33056,31764367448;11063,042975695327;-0,5767989999267642;0,3243181597587519;-0,9011171596855161;spy
2011-04-29;32774,56954236689;11089,051982791465;-0,8523275470203817;0,23509812945026187;-1,0874256764706436;spy
2011-05-02;32381,4867196686;11071,983843186437;-1,1993531209926633;-0,1539188348247844;-1,045434286167879;spy
2011-05-03;32020,982533703565;11032,15611704661;-1,1133033794463287;-0,359716259560261;-0,7535871198860677;spy
2011-05-04;31506,788852373247;10959,00446683706;-1,6058023228647245;-0,66307664098878;-0,9427256818759444;spy
2011-05-05;31314,82783493184;10859,842569294513;-0,6092687463037039;-0,904844028877072;0,2955752825733682;strategy
2011-05-06;31508,197547939886;10907,797567548261;0,61750207929403;0,4415809708820051;0,1759211084120249;strategy
2011-05-09;32050,08428374862;10950,06359934595;1,7198277844495902;0,38748456355142125;1,332343220898169;strategy
2011-05-10;32323,713488444813;11043,535290195581;0,8537550237736502;0,8536177895369867;0,0001372342366634527;strategy
2011-05-11;31963,64913057674;10927,305253048005;-1,1139325251004584;-1,0524712792901014;-0,061461245810356946;spy
2011-05-12;32090,56800668771;10979,32450747714;0,3970725482327797;0,4760483323610343;-0,07897578412825457;spy
2011-05-13;31756,904808674582;10894,792443881763;-1,039754727755493;-0,7699204403495807;-0,2698342874059123;spy
2011-05-16;31380,57511112359;10825,7050498476;-1,1850326718496618;-0,6341322644743075;-0,5509004073753543;spy
2011-05-17;31283,24717399391;10824,079099330072;-0,31015345252605186;-0,015019349871814303;-0,29513410265423756;spy
2011-05-18;31906,40420979322;10920,802691214758;1,991983224546301;0,8935964990377077;1,0983867255085933;strategy
2011-05-19;31878,657877209007;10946,811698310896;-0,08696164068434653;0,2381602143316952;-0,32512185501604174;spy
2011-05-20;31748,83562142116;10859,842569294513;-0,4072387748816131;-0,794469946256604;0,38723117137499097;strategy
2011-05-23;31375,427833907306;10733,858069278638;-1,1761306523692228;-1,1600950862039938;-0,016035566165228943;spy
2011-05-24;31359,00697473383;10724,91720178753;-0,05233668608569664;-0,08329593547261593;0,030959249386919296;strategy
2011-05-25;31832,193931070844;10760,680671751968;1,5089347590574675;0,33346150176785105;1,1754732572896165;strategy
2011-05-26;32057,626725206694;10810,26162052324;0,7081911935570728;0,46076033927322513;0,2474308542838477;strategy
2011-05-27;32067,770454992282;10851,71405694374;0,03164217324176377;0,38345451641801365;-0,3518123431762499;spy
2011-05-31;32413,263884151274;10964,693433293116;1,0773852508514814;1,0411201009953297;0,0362651498561517;strategy
2011-06-01;31879,282563803223;10718,414639954279;-1,6474160771237423;-2,246107425046995;0,5986913479232525;strategy
2011-06-02;31842,05784120351;10707,035466805308;-0,11676775512501347;-0,10616470374782416;-0,01060305137718931;spy
2011-06-03;31526,96873936095;10600,55865228918;-0,9895374960183556;-0,9944565407131956;0,004919044694839947;strategy
2011-06-06;30915,858897252954;10488,391631080136;-1,9383717069666573;-1,0581236790272563;-0,8802480279394009;spy
2011-06-07;31037,102024757754;10481,890309483744;0,39217130569699776;-0,06198587757847429;0,45415718327547205;strategy
2011-06-08;31122,25005725678;10437,998327168529;0,2743427283613764;-0,41874109553983185;0,6930838239012083;strategy
2011-06-09;31466,043588649118;10517,652539211329;1,1046551285972095;0,7631176931258254;0,34153743547138404;strategy
2011-06-10;31027,87246831374;10371,3486186738;-1,3925205407566366;-1,3910320767118733;-0,0014884640447632158;spy
2011-06-13;30996,783848501924;10379,476510906146;-0,10019578314164335;0,07836871106341459;-0,17856449420505793;spy
2011-06-14;31544,140478676054;10511,151217614935;1,7658497502494486;1,2686064328045088;0,49724331744493977;strategy
2011-06-15;31071,67701013865;10324,205975560388;-1,4977852031086147;-1,778542028215313;0,2807568251066983;strategy
2011-06-16;30844,65922803158;10346,964941976757;-0,7306261005255443;0,22044277758739295;-0,9510688781129373;spy
2011-06-17;30586,97170345147;10326,644901336676;-0,8354364451720886;-0,19638648390161162;-0,639049961270477;spy
2011-06-20;30995,506913237758;10379,476510906146;1,335651053484943;0,5116047862034234;0,8240462672815196;strategy
2011-06-21;31603,037181665706;10521,716795386716;1,9600591470516626;1,3703994062813418;0,5896597407703208;strategy
2011-06-22;31548,05866156262;10458,31836780861;-0,17396593810604655;-0,6025483180264191;0,4285823799203725;strategy
2011-06-23;31777,18062696616;10428,245104537084;0,7262632793399115;-0,2875535264263318;1,0138168057662433;strategy
2011-06-24;31647,4112353248;10307,137215836932;-0,4083728923743535;-1,161344861825886;0,7529719694515324;strategy
2011-06-27;31838,10193639548;10398,984196405892;0,6025475501068245;0,8911007842976826;-0,2885532341908581;spy
2011-06-28;32176,768724472247;10534,721919053214;1,0637153833898072;1,3052979029839928;-0,24158251959418564;spy
2011-06-29;32231,296047672102;10624,942949104649;0,16946177432162202;0,8564158669272404;-0,6869540926056183;spy
2011-06-30;32345,830556784673;10726,543152305056;0,355351857223396;0,9562423411315191;-0,600890483908123;spy
2011-07-01;32692,32632413098;10885,039221250317;1,0712223534900867;1,4776062212661811;-0,4063838677760945;spy
2011-07-05;32932,1203093355;10876,098353759207;0,7334870661300119;-0,08213904708450626;0,8156261132145182;strategy
2011-07-06;33075,459160912345;10889,103477425706;0,4352554595041136;0,11957526719132971;0,3156801923127839;strategy
2011-07-07;33059,19669263238;11002,082853775084;-0,04916777784050863;1,037545254148764;-1,0867130319892726;spy
2011-07-08;33019,820651942704;10924,053352012954;-0,1191076754095799;-0,7092248149663472;0,5901171395567673;strategy
2011-07-11;32595,743222867473;10726,543152305056;-1,2843117276298166;-1,8080303468263725;0,5237186191965559;strategy
2011-07-12;32419,90044085948;10680,21286433198;-0,5394654780708663;-0,43192189054047647;-0,10754358753038984;spy
2011-07-13;32566,75372825996;10715,976334296418;0,45297266618189447;0,3348572768982594;0,11811538928363507;strategy
2011-07-14;32347,65993590451;10642,011088709678;-0,6727529375005759;-0,6902333793890048;0,0174804418884289;strategy
2011-07-15;32380,35821821436;10703,784806007112;0,10108391882022172;0,5804703338729844;-0,4793864150527627;spy
2011-07-18;32214,074927693004;10616,002081613538;-0,5135313494704308;-0,8201092042163349;0,30657785474590415;strategy
2011-07-19;32617,311798956183;10788,315629365634;1,2517412720007615;1,6231491518877483;-0,37140787988698687;spy
2011-07-20;32298,47400203256;10781,813067532385;-0,9775109576437457;-0,060274115595482236;-0,9172368420482635;spy
2011-07-21;32257,470171060282;10931,369509223394;-0,12695284294141906;1,3871177394215284;-1,5140705823629474;spy
2011-07-22;32340,714828361844;10938,684426196978;0,2580631923710053;0,06691674787329127;0,191146444497714;strategy
2011-07-25;32119,4481508669;10877,724304276735;-0,6841737378695756;-0,557289337045419;-0,12688440082415653;spy
2011-07-26;32020,51389389913;10837,084222996571;-0,30801979069836616;-0,37360830393712297;0,06558851323875681;strategy
2011-07-27;31464,193136787242;10615,189726473202;-1,7373885970577208;-2,047547956234419;0,31015935917669823;strategy
2011-07-28;31393,749353807423;10584,302867824486;-0,22388555356742668;-0,29096850310349476;0,06708294953606808;strategy
2011-07-29;31348,049151553932;10511,96357275527;-0,14557102351314688;-0,6834582869800765;0,5378872634669296;strategy
2011-08-01;31225,056923930635;10467,25923529972;-0,39234412013546827;-0,42527104613846456;0,03292692600299629;strategy
2011-08-02;30792,0574066186;10199,847426062039;-1,386705293658519;-2,5547452606873744;1,1680399670288555;strategy
2011-08-03;30902,678620812672;10255,117961407797;0,35925242907053345;0,5418760990927529;-0,18262367002221946;spy
2011-08-04;29896,446565373484;9774,75252313786;-3,2561321553578826;-4,684153220642173;1,4280210652842906;strategy
2011-08-05;29806,64969203634;9760,122069072262;-0,30035968703099325;-0,14967595374887344;-0,15068373328211981;spy
2011-08-08;28958,07155232403;9124,51122265526;-2,8469423718527898;-6,5123247631412085;3,6653823912884187;strategy
2011-08-09;29412,54891569207;9548,793770439104;1,5694324207565113;4,649920827872878;-3,0804884071163663;spy
2011-08-10;29225,868950109016;9126,94952831312;-0,6346949600259166;-4,417775189908468;3,7830802298825517;strategy
2011-08-11;29606,170698191167;9536,601622031367;1,3012504392302393;4,488379084900673;-3,187128645670434;spy
2011-08-12;29809,7201229205;9600,81302486824;0,6875236477028368;0,6733153525940727;0,01420829510876409;strategy
2011-08-15;29934,039815148208;9804,013431269052;0,4170441443766659;2,1164916541388523;-1,6994475097621864;spy
2011-08-16;29759,68713764209;9720,294342932437;-0,5824562223568863;-0,8539266997493078;0,27147047739242147;strategy
2011-08-17;29590,38755427832;9726,796904765686;-0,5688889892583093;0,06689675851201393;-0,6357857477703233;spy
2011-08-18;29175,459980338823;9307,39158841599;-1,4022377137791309;-4,3118543592105425;2,9096166454314116;strategy
2011-08-19;29054,534205315966;9155,397461185546;-0,4144776983956655;-1,6330475169822667;1,2185698185866012;strategy
2011-08-22;29038,073939303176;9162,712998277559;-0,05665300257946537;0,07990409070743887;-0,13655709328690424;spy
2011-08-23;29424,69675463593;9464,262326962153;1,331434089398953;3,2910484999506107;-1,9596144105516577;spy
2011-08-24;29448,5428510442;9597,561743951612;0,08104109485687072;1,4084501505173819;-1,3274090556605112;spy
2011-08-25;29371,870422414853;9451,257203295656;-0,260360687512351;-1,5243928047470656;1,2640321172347146;strategy
2011-08-26;29537,1277382182;9588,620876460503;0,5626380391397623;1,4533904877432446;-0,8907524486034823;spy
2011-08-29;29716,64935990749;9864,16057793053;0,6077829343474228;2,873611388124231;-2,265828453776808;spy
2011-08-30;29716,64935990749;9890,170205145097;0,0;0,2636780596694699;-0,2636780596694699;spy
2011-08-31;29716,64935990749;9934,061567341883;0,0;0,44378773354125656;-0,44378773354125656;spy
2011-09-01;29716,64935990749;9830,023058483615;0,0;-1,04729075970591;1,04729075970591;strategy
2011-09-02;29716,64935990749;9578,86703371063;0,0;-2,5549891722403406;2,5549891722403406;strategy
2011-09-06;29716,64935990749;9508,966044299275;0,0;-0,7297417237900339;0,7297417237900339;strategy
2011-09-07;29716,64935990749;9777,19082879572;0,0;2,8207565706604543;-2,8207565706604543;spy
2011-09-08;29716,64935990749;9675,590625595314;0,0;-1,0391553666025732;1,0391553666025732;strategy
2011-09-09;29716,64935990749;9421,996295164467;0,0;-2,6209700290543703;2,6209700290543703;strategy
2011-09-12;29716,64935990749;9482,95641708471;0,0;0,6469979398264991;-0,6469979398264991;spy
2011-09-13;29716,64935990749;9569,926166219519;0,0;0,9171164066316129;-0,9171164066316129;spy
2011-09-14;29716,64935990749;9702,413228068644;0,0;1,3844104912406285;-1,3844104912406285;spy
2011-09-15;29716,64935990749;9869,850164505016;0,0;1,7257246470598009;-1,7257246470598009;spy
2011-09-16;29716,64935990749;9877,1650814786;0,0;0,07411375909120999;-0,07411375909120999;spy
2011-09-19;29716,64935990749;9778,81615919482;0,0;-0,9957201431026297;0,9957201431026297;strategy
2011-09-20;29716,64935990749;9767,436986045848;0,0;-0,11636554940519517;0,11636554940519517;strategy
2011-09-21;29716,64935990749;9479,705136168084;0,0;-2,9458275521902944;2,9458275521902944;strategy
2011-09-22;29716,64935990749;9173,279196167767;0,0;-3,2324416803979017;3,2324416803979017;strategy
2011-09-23;29716,64935990749;9228,549731513525;0,0;0,6025166591337117;-0,6025166591337117;spy
2011-09-26;29716,64935990749;9448,005922379032;0,0;2,378013851039995;-2,378013851039995;spy
2011-09-27;29716,64935990749;9553,670381754826;0,0;1,1183784202073;-1,1183784202073;spy
2011-09-28;29716,64935990749;9358,59786758636;0,0;-2,0418593731369006;2,0418593731369006;strategy
2011-09-29;29716,64935990749;9432,5631131731;0,0;0,7903453768744573;-0,7903453768744573;spy
2011-09-30;29716,64935990749;9196,850517724473;0,0;-2,4989241272018847;2,4989241272018847;strategy
2011-10-03;29716,64935990749;8935,128295061277;0,0;-2,8457809785947585;2,8457809785947585;strategy
2011-10-04;29716,64935990749;9131,013164370079;0,0;2,1923005785722705;-2,1923005785722705;spy
2011-10-05;29716,64935990749;9300,076051323978;0,0;1,8515238551357616;-1,8515238551357616;spy
2011-10-06;29716,64935990749;9468,325963019111;0,0;1,8091240412080323;-1,8091240412080323;spy
2011-10-07;29716,64935990749;9404,92753544101;0,0;-0,6695843365101761;0,6695843365101761;strategy
2011-10-10;29716,64935990749;9719,481987792098;0,0;3,3445707174854844;-3,3445707174854844;spy
2011-10-11;29716,64935990749;9729,235210423547;0,0;0,10034714446407467;-0,10034714446407467;spy
2011-10-12;29716,64935990749;9814,579629159258;0,0;0,8771955543255494;-0,8771955543255494;spy
2011-10-13;29716,64935990749;9795,072563777941;0,0;-0,1987559948401718;0,1987559948401718;strategy
2011-10-14;29716,64935990749;9962,509500214313;0,0;1,709399653204735;-1,709399653204735;spy
2011-10-17;29716,64935990749;9772,314217479998;0,0;-1,9091101768106133;1,9091101768106133;strategy
2011-10-18;29716,64935990749;9963,322475473075;0,0;1,954585717796653;-1,954585717796653;spy
2011-10-19;29716,64935990749;9845,465867689547;0,0;-1,1829046793743525;1,1829046793743525;strategy
2011-10-20;29716,64935990749;9888,544874746;0,0;0,43755173838779804;-0,43755173838779804;spy
2011-10-21;29716,64935990749;10076,301851822453;0,0;1,8987321133158819;-1,8987321133158819;spy
2011-10-24;29716,64935990749;10199,847426062039;0,0;1,2261003695243744;-1,2261003695243744;spy
2011-10-25;29716,64935990749;10001,524251095376;0,0;-1,9443739370053614;1,9443739370053614;strategy
2011-10-26;29716,64935990749;10103,124454295783;0,0;1,0158471913846556;-1,0158471913846556;spy
2011-10-27;29716,64935990749;10455,067707010414;0,0;3,4835090303672045;-3,4835090303672045;spy
2011-10-28;29716,64935990749;10452,629401352553;0,0;-0,023321758655148184;0,023321758655148184;strategy
2011-10-31;29716,64935990749;10200,660401320802;0,0;-2,410580059397749;2,410580059397749;strategy
2011-11-01;29716,64935990749;9916,179832359665;0,0;-2,7888446215139306;2,7888446215139306;strategy
2011-11-02;29716,64935990749;10077,92718222155;0,0;1,6311457899750081;-1,6311457899750081;spy
2011-11-03;29716,64935990749;10261,620523241047;0,0;1,8227293936351252;-1,8227293936351252;spy
2011-11-04;29716,64935990749;10199,035070921705;0,0;-0,6098983311417006;0,6098983311417006;strategy
2011-11-07;29716,64935990749;10262,43349849981;0,0;0,6216120166000705;-0,6216120166000705;spy
2011-11-08;29716,64935990749;10394,106964971741;0,0;1,2830627988106302;-1,2830627988106302;spy
2011-11-09;29716,64935990749;10010,465118586486;0,0;-3,690955343043245;3,690955343043245;strategy
2011-11-10;29716,64935990749;10104,749784694883;0,0;0,9418609923862453;-0,9418609923862453;spy
2011-11-11;29716,64935990749;10294,945687547624;0,0;1,88224257804801;-1,88224257804801;spy
2011-11-14;29716,64935990749;10197,409120404178;0,0;-0,9474218718941163;0,9474218718941163;strategy
2011-11-15;29716,64935990749;10247,803044434211;0,0;0,4941836052179127;-0,4941836052179127;spy
2011-11-16;29716,64935990749;10085,242719313563;0,0;-1,5862943932059448;1,5862943932059448;strategy
2011-11-17;29716,64935990749;9925,120699850775;0,0;-1,5876863246548245;1,5876863246548245;strategy
2011-11-18;29716,64935990749;9914,554501960567;0,0;-0,10645913747292512;0,10645913747292512;strategy
2011-11-21;29716,64935990749;9725,98454962535;0,0;-1,9019508370036076;1,9019508370036076;strategy
2011-11-22;29716,64935990749;9687,782774003046;0,0;-0,3927805501580228;0,3927805501580228;strategy
2011-11-23;29716,64935990749;9474,015549593601;0,0;-2,2065650045651752;2,2065650045651752;strategy
2011-11-25;29716,64935990749;9456,13381461138;0,0;-0,18874504573711537;0,18874504573711537;strategy
2011-11-28;29716,64935990749;9730,048185682308;0,0;2,8966845905636696;-2,8966845905636696;spy
2011-11-29;29716,64935990749;9757,683763414401;0,0;0,28402303056174194;-0,28402303056174194;spy
2011-11-30;29716,64935990749;10159,207344781875;0,0;4,114947677162406;-4,114947677162406;spy
2011-12-01;29716,64935990749;10157,582014382779;0,0;-0,015998594614086148;0,015998594614086148;strategy
2011-12-02;29716,64935990749;10148,641146891669;0,0;-0,08802161260869079;0,08802161260869079;strategy
2011-12-05;29716,64935990749;10259,182217583184;0,0;1,0892204098217784;-1,0892204098217784;spy
2011-12-06;29716,64935990749;10262,43349849981;0,0;0,03169142381596046;-0,03169142381596046;spy
2011-12-07;29716,64935990749;10300,635274122109;0,0;0,372248703271838;-0,372248703271838;spy
2011-12-08;29716,64935990749;10074,675901304929;0,0;-2,193645020951762;2,193645020951762;strategy
2011-12-09;29716,64935990749;10245,364738776352;0,0;1,6942365108669755;-1,6942365108669755;spy
2011-12-12;29716,64935990749;10095,808917203773;0,0;-1,4597413111760216;1,4597413111760216;strategy
2011-12-13;29716,64935990749;10001,524251095376;0,0;-0,9338990751670329;0,9338990751670329;strategy
2011-12-14;29716,64935990749;9895,04681646082;0,0;-1,0646120727337616;1,0646120727337616;strategy
2011-12-15;29716,64935990749;9930,81028642526;0,0;0,3614280015830307;-0,3614280015830307;spy
2011-12-16;29716,64935990749;9882,854668053085;0,0;-0,48289733656201594;0,48289733656201594;strategy
2011-12-19;29716,64935990749;9777,19082879572;0,0;-1,0691631396637868;1,0691631396637868;strategy
2011-12-20;29716,64935990749;10073,050570905829;0,0;3,0260199201466387;-3,0260199201466387;spy
2011-12-21;29716,64935990749;10092,557636287149;0,0;0,19365598578113818;-0,19365598578113818;spy
2011-12-22;29716,64935990749;10181,96569107982;0,0;0,8858810423951535;-0,8858810423951535;spy
2011-12-23;29716,64935990749;10272,999696390018;0,0;0,894071027856147;-0,894071027856147;spy
2011-12-27;29716,64935990749;10281,127588622363;0,0;0,0791189766626843;-0,0791189766626843;spy
2011-12-28;29716,64935990749;10146,202841233806;0,0;-1,31235359376215;1,31235359376215;strategy
2011-12-29;29716,64935990749;10251,054325350839;0,0;1,03340614964762;-1,03340614964762;spy
2011-12-30;29716,64935990749;10200,660401320802;0,0;-0,4915974731049211;0,4915974731049211;strategy
2012-01-03;29716,64935990749;10363,220726441454;0,0;1,593625498007989;-1,593625498007989;spy
2012-01-04;29716,64935990749;10379,476510906146;0,0;0,15686035156248224;-0,15686035156248224;spy
2012-01-05;29716,64935990749;10407,111468519812;0,0;0,2662461597618071;-0,2662461597618071;spy
2012-01-06;29716,64935990749;10380,289486164911;0,0;-0,257727443739153;0,257727443739153;strategy
2012-01-09;29716,64935990749;10405,486758239142;0,0;0,24274151609946504;-0,24274151609946504;spy
2012-01-10;29716,64935990749;10495,707788290576;0,0;0,8670524709475602;-0,8670524709475602;spy
2012-01-11;29716,64935990749;10501,396754746635;0,0;0,054202790043422766;-0,054202790043422766;spy
2012-01-12;29716,64935990749;10526,593406702437;0,0;0,23993619652942222;-0,23993619652942222;spy
2012-01-13;29716,64935990749;10472,135846615442;0,0;-0,5173331768691836;0,5173331768691836;strategy
2012-01-17;29716,64935990749;10512,775927895605;0,0;0,3880782476031186;-0,3880782476031186;spy
2012-01-18;29716,64935990749;10629,007205280037;0,0;1,1056192786913055;-1,1056192786913055;spy
2012-01-19;29716,64935990749;10685,090715884558;0,0;0,527645804743293;-0,527645804743293;spy
2012-01-20;29716,64935990749;10724,91720178753;0,0;0,3727295065802716;-0,3727295065802716;spy
2012-01-23;29716,64935990749;10697,282244173863;0,0;-0,25767059170452855;0,25767059170452855;strategy
2012-01-24;29716,64935990749;10685,090715884558;0,0;-0,1139684642418759;0,1139684642418759;strategy
2012-01-25;29716,64935990749;10774,498150558802;0,0;0,8367494207730974;-0,8367494207730974;spy
2012-01-26;29716,64935990749;10719,228235331471;0,0;-0,5129697407249001;0,5129697407249001;strategy
2012-01-27;29716,64935990749;10714,351624015748;0,0;-0,045494052450989475;0,045494052450989475;strategy
2012-01-30;29659,593393136478;10677,774558674118;-0,19199999999995887;-0,3413838431402971;0,14938384314033826;strategy
2012-01-31;29675,66243173163;10673,711542735584;0,05417821607383022;-0,03805114929340547;0,0922293653672357;strategy
2012-02-01;30035,41647971962;10767,183233585218;1,212286495088688;0,8757187270368894;0,33656776805179867;strategy
2012-02-02;30095,835512397345;10784,251373190245;0,20115929712019032;0,15852000690197432;0,042639290218216;strategy
2012-02-03;30596,626674687388;10935,432525161925;1,663988235461189;1,401869696282465;0,26211853917872396;strategy
2012-02-06;30645,275325761053;10928,11760818834;0,15900004791675748;-0,06689188522496226;0,22589193314171974;strategy
2012-02-07;30797,046772322756;10955,752565802006;0,49525235113199173;0,25287939427882655;0,24237295685316518;strategy
2012-02-08;30981,016970902514;10988,265374968249;0,597363117119043;0,29676472675852494;0,30059839036051805;strategy
2012-02-09;31020,46720424432;11002,082853775084;0,12733679265228837;0,1257475892265214;0,0015892034257669607;strategy
2012-02-10;30862,37076721179;10920,802691214758;-0,5096520177842456;-0,7387706822480133;0,22911866446376772;strategy
2012-02-13;31492,1192898512;11002,082853775084;2,040505985069885;0,7442691243356281;1,2962368607342567;strategy
2012-02-14;31389,047624365732;10988,265374968249;-0,3272935191715898;-0,12558966325266763;-0,20170385591892215;spy
2012-02-15;31149,077851139482;10937,05847567945;-0,7645016060951582;-0,4660144030144142;-0,29848720308074395;spy
2012-02-16;31334,48405584597;11058,166364379606;0,5952221301463112;1,1073168253553867;-0,5120946952090755;spy
2012-02-17;31163,990998850197;11087,427272510795;-0,5441067952225098;0,2646090424669678;-0,8087158376894776;spy
2012-02-21;30890,360671789524;11092,303883826518;-0,8780336480997186;0,043983254147828;-0,9220169022475466;spy
2012-02-22;30938,680896707556;11056,540413862078;0,15642492954819343;-0,3224169689092893;0,4788418984574827;strategy
2012-02-23;31289,31402489447;11105,309007493017;1,1333163471239915;0,44108366455926085;0,6922326825647307;strategy
2012-02-24;31313,036318072576;11129,692064071627;0,07581595799521779;0,21956216222491776;-0,14374620422969997;spy
2012-02-27;31605,3108170123;11148,387394431038;0,9333955863329635;0,16797706757549768;0,7654185187574658;strategy
2012-02-28;31614,926837806303;11180,898963360427;0,03042533215280585;0,29162575517989175;-0,2612004230270859;spy
2012-02-29;31442,84141318303;11137,008221282067;-0,5443170104619255;-0,39255110185852926;-0,15176590860339623;spy
2012-03-01;31879,34000890934;11194,716442167259;1,3882288499006412;0,518166277141785;0,8700625727588562;strategy
2012-03-02;31618,606863162448;11160,578922720346;-0,8178749800780927;-0,3049431365525823;-0,5129318435255104;spy
2012-03-05;31628,63013370127;11115,06223012446;0,03170054449963544;-0,40783451208991073;0,43953505658954617;strategy
2012-03-06;31011,26160598662;10952,50190500381;-1,9519293915193137;-1,4625228519195566;-0,4894065395997571;spy
2012-03-07;31496,761208604148;11028,905456248413;1,5655590178369483;0,6975899379638273;0,867969079873121;strategy
2012-03-08;31973,188949947278;11138,632931562737;1,5126245463390031;0,9949081144054794;0,5177164319335237;strategy
2012-03-09;32275,607733050838;11181,712558737618;0,9458511741727849;0,38675865736457204;0,5590925168082128;strategy
2012-03-12;32359,928156659775;11182,524913877955;0,26125123438835995;0,00726503329493422;0,25398620109342573;strategy
2012-03-13;32918,02827696294;11384,09936976124;1,7246642749060292;1,8025844559766968;-0,07792018107066756;spy
2012-03-14;32867,394460466276;11371,907841471933;-0,15381788991323253;-0,10709260252672603;-0,0467252873865065;spy
2012-03-15;33201,82373609734;11437,7445747079;1,017510761412277;0,5789418464672069;0,43856891494507;strategy
2012-03-16;32997,990757781125;11403,607055260985;-0,6139210301710274;-0,2984637331594375;-0,31545729701158987;spy
2012-03-19;33252,77422979993;11448,311392716534;0,772118138613398;0,3920192728398497;0,38009886577354823;strategy
2012-03-20;33183,139526515384;11414,986228409958;-0,20941020680956823;-0,29109239924918207;0,08168219243961383;strategy
2012-03-21;33538,26228691299;11396,292138287401;1,0701903601190166;-0,163767960368022;1,2339583204870386;strategy
2012-03-22;33255,420475183244;11314,198380349884;-0,8433406874515215;-0,7203549798597386;-0,12298570759178284;spy
2012-03-23;33434,58568611537;11350,774205454662;0,5387549108447853;0,32327367680153873;0,2154812340432466;strategy
2012-03-26;34204,825366618075;11510,083869777114;2,303721325377639;1,4035136409100257;0,9002076844676132;strategy
2012-03-27;34251,23063891025;11474,320399812674;0,135668788817922;-0,31071424299824457;0,44638303181616656;strategy
2012-03-28;34143,4332662073;11417,424534067817;-0,31472554618371396;-0,4958539047400623;0,18112835855634835;strategy
2012-03-29;33976,24417755836;11397,916848568073;-0,48966689244579475;-0,17085889590543468;-0,3188079965403601;spy
2012-03-30;33989,23437343372;11445,059491681484;0,03823317199946885;0,4136075367082048;-0,375374364708736;spy
2012-04-02;34386,21303747213;11528,77795989967;1,1679541224049794;0,7314812848201679;0,4364728375848115;strategy
2012-04-03;34607,27887452958;11481,635316786258;0,6428909075173239;-0,4089127510078394;1,0518036585251633;strategy
2012-04-04;34126,17734042;11367,843585296547;-1,3901744076841083;-0,9910759952752257;-0,39909841240888255;spy
2012-04-05;33892,02808370369;11362,153378603633;-0,6861279960559075;-0,05005528665326109;-0,6360727094026464;spy
2012-04-09;33259,52391282497;11234,544168307086;-1,866232877290841;-1,1231076191670741;-0,7431252581237668;spy
2012-04-10;32192,08485134808;11045,973595853442;-3,209423755657781;-1,6784888610399173;-1,5309348946178636;spy
2012-04-11;32594,0007073488;11135,382270764543;1,24849278279624;0,8094232177475513;0,43906956504868866;strategy
2012-04-12;33134,27972470863;11280,873216043308;1,6576026435380475;1,3065644424327116;0,3510382011053359;strategy
2012-04-13;32982,00299465466;11146,761443913514;-0,45957458957653907;-1,1888421185255793;0,7292675289490402;strategy
2012-04-16;32732,85931428853;11139,44652693993;-0,7553928134883314;-0,06562369716432981;-0,6897691163240016;spy
2012-04-17;33204,51955106144;11304,44515771844;1,440938086844823;1,4812103130929621;-0,0402722262481392;spy
2012-04-18;33490,749367950586;11266,24338209614;0,8620206548960452;-0,3379358746874672;1,1999565295835124;strategy
2012-04-19;33332,27375554795;11193,904087026925;-0,4731921960345664;-0,642088872180524;0,1688966761459576;strategy
2012-04-20;33189,6305272239;11212,598177149479;-0,4279432881481915;0,16700241468228239;-0,5949457028304739;spy
2012-04-23;32765,680901899163;11118,312890922656;-1,2773556637727168;-0,8408870516645295;-0,4364686121081873;spy
2012-04-24;32313,8557593585;11160,578922720346;-1,3789585020175021;0,380147889453597;-1,7591063914710992;spy
2012-04-25;32898,09504242405;11313,386025209551;1,808014764367294;1,3691682442935393;0,4388465200737546;strategy
2012-04-26;33650,92877463297;11392,227882112014;2,288380926731759;0,6968900091164576;1,5914909176153014;strategy
2012-04-27;33989,86803363158;11410,92197223457;1,0072211119893648;0,1640951209544328;0,843125991034932;strategy
2012-04-30;33545,82394493675;11368,65594043688;-1,3064013318776935;-0,37039979679585056;-0,9360015350818429;spy
2012-05-01;33684,221131674756;11439,370525225426;0,41256159623677124;0,6220135885810718;-0,20945199234430056;spy
2012-05-02;34039,62826625744;11405,233005778513;1,0551145985930876;-0,29842131061000865;1,3535359092030963;strategy
2012-05-03;33785,92473982523;11318,262636525275;-0,7453181463902836;-0,7625479392588841;0,01722979286860049;strategy
2012-05-04;33094,3100958931;11135,382270764543;-2,0470496197988686;-1,6157989228007152;-0,4312506969981533;spy
2012-05-07;33221,293353580695;11143,510783115316;0,3837011779959987;0,0729971558508069;0,31070402214519177;strategy
2012-05-08;33078,12027005083;11098,806445659766;-0,43096781936226014;-0,4011692394401134;-0,02979857992214674;spy
2012-05-09;33087,093335220685;11032,9697124238;0,027126889607398397;-0,5931875067675674;0,6203143963749658;strategy
2012-05-10;33291,57498414997;11055,728058721743;0,6180103125336123;0,2062757978236407;0,4117345147099716;strategy
2012-05-11;33369,76114527035;11022,402894415165;0,2348526951867047;-0,3014289437074935;0,5362816388941982;strategy
2012-05-14;32928,98553964265;10900,482650574677;-1,3208833102186346;-1,1061131135232105;-0,21477019669542408;spy
2012-05-15;32918,71247363313;10837,896578136906;-0,031197638922553228;-0,5741587271318793;0,5429610882093261;strategy
2012-05-16;32620,54977389479;10796,444141716409;-0,9057544397496176;-0,38247676679364906;-0,5232776729559685;spy
2012-05-17;31432,572093606912;10636,32212225362;-3,6418076596568483;-1,4830995961354843;-2,158708063521364;spy
2012-05-18;30982,608446595394;10545,288737061848;-1,431520289435806;-0,855872773929145;-0,5756475155066609;spy
2012-05-21;31734,10415103363;10726,543152305056;2,4255404632362865;1,7188188940354232;0,7067215692008633;strategy
2012-05-22;31887,05075742391;10745,237242427609;0,48196289286237537;0,1742787947348834;0,307684098127492;strategy
2012-05-23;32335,082000105893;10750,927449120525;1,405057012297295;0,05295561712168606;1,352101395175609;strategy
2012-05-24;32434,622585058452;10772,059844900941;0,3078408304399316;0,1965634674815364;0,11127736295839519;strategy
2012-05-25;32437,085966926734;10737,10997031369;0,007594914544850617;-0,3244493169409557;0,3320442314858063;strategy
2012-05-29;32766,345785859216;10867,157486268097;1,0150721284525988;1,2111966470862878;-0,19612451863368907;spy
2012-05-30;32358,15028950553;10709,473772463169;-1,2457766850823115;-1,4510115824140746;0,20523489733176303;strategy
2012-05-31;32425,12145784637;10685,903071024892;0,2069684692779239;-0,22009205997481907;0,42706052925274296;strategy
2012-06-01;31480,297747153472;10416,865931388113;-2,913863289367158;-2,5176827625011944;-0,3961805268659635;spy
2012-06-04;31229,936074744885;10411,989320072391;-0,7952963927452927;-0,046814573095610434;-0,7484818196496823;spy
2012-06-05;31445,549897814875;10490,831176974852;0,690407506931634;0,7572218380061946;-0,06681433107456058;spy
2012-06-06;31854,397461144286;10726,543152305056;1,3001762241652504;2,246837942140756;-0,9466617179755055;spy
2012-06-07;31633,106184532335;10733,045714138303;-0,6946961620664216;0,060621224759160874;-0,7553173868255825;spy
2012-06-08;31889,21858655958;10818,390132874016;0,8096340603834795;0,7951556436891938;0,014478416694285734;strategy
2012-06-11;31606,60041331245;10681,026459709168;-0,8862499169742688;-1,269723789563093;0,38347387258882426;strategy
2012-06-12;31862,025375193418;10803,759058689991;0,8081380425000839;1,1490712006359427;-0,3409331581358588;spy
2012-06-13;31454,542362455788;10734,671664655829;-1,2788986511035882;-0,6394755164277011;-0,6394231346758872;spy
2012-06-14;31617,842209849885;10848,463396145542;0,5191614155830582;1,0600392358936839;-0,5408778203106257;spy
2012-06-15;31870,84777573177;10902,920956232538;0,8001987112297826;0,5019840884225468;0,29821462280723576;strategy
2012-06-18;32229,402327381595;10924,053352012954;1,1250235769468597;0,19382325034957848;0,9312003265972812;strategy
2012-06-19;32292,039425802126;11029,717811388748;0,19434768843762384;0,9672642193414793;-0,7729165309038555;spy
2012-06-20;32179,640896574685;11011,836076406527;-0,34806884676856775;-0,16212323187232425;-0,1859456148962435;spy
2012-06-21;31783,795016540724;10764,744927927357;-1,2301127949382984;-2,243868749631839;1,0137559546935404;strategy
2012-06-22;31898,76728844285;10847,651041005207;0,36173236028704814;0,7701632842480377;-0,40843092396098957;spy
2012-06-25;31868,997940864512;10673,711542735584;-0,09332444513968641;-1,603476159143713;1,5101517140040266;strategy
2012-06-26;32037,0999303009;10727,35550744539;0,5274781144619434;0,5025802364531318;0,024897878008811603;strategy
2012-06-27;31943,769684235587;10824,079099330072;-0,2913192713084545;0,9016536444378165;-1,192972915746271;spy
2012-06-28;31737,853037687026;10793,192240681357;-0,6446222489832842;-0,2853532237271472;-0,359269025256137;spy
2012-06-29;32134,880871276575;11062,230620554992;1,2509599597619214;2,492667358036882;-1,2417073982749605;spy
2012-07-02;32314,037583991983;11095,554544624714;0,5575147872278086;0,3012405473431512;0,25627423988465736;strategy
2012-07-03;32355,96907941602;11168,70743507112;0,12976247649352235;0,65929909273299;-0,5295366162394677;spy
2012-07-05;32528,75609537299;11118,312890922656;0,5340189797217176;-0,45121196379643846;0,9852309435181561;strategy
2012-07-06;32375,74548216821;11012,649671783718;-0,4703856881466906;-0,9503529912816666;0,47996730313497604;strategy
2012-07-09;32284,746795174782;10998,832192976886;-0,28107055339791076;-0,1254691579106071;-0,15560139548730367;spy
2012-07-10;31929,805860396747;10902,920956232538;-1,0994075221648747;-0,8720129106578378;-0,22739461150703688;spy
2012-07-11;31727,59369637587;10904,546906750063;-0,6333022032923963;0,014912980879655535;-0,6482151841720518;spy
2012-07-12;31897,729837767565;10851,71405694374;0,5362402929760535;-0,4845029349511032;1,0207432279271567;strategy
2012-07-13;32121,439844445416;11033,782067564136;0,7013351978828686;1,677781128999567;-0,9764459311166984;spy
2012-07-16;32065,922391019343;11007,77182023114;-0,1728361296844949;-0,2357328355202637;0,06289670583576878;strategy
2012-07-17;32116,21393194558;11083,363016335408;0,1568379674626863;0,6867075130076561;-0,5298695455449698;spy
2012-07-18;32052,26681772552;11165,455534036068;-0,19911162117540737;0,7406823865614198;-0,9397940077368272;spy
2012-07-19;32073,231962583734;11194,716442167259;0,0654092422774255;0,26206640689216965;-0,19665716461474414;spy
2012-07-20;31860,025769453518;11092,303883826518;-0,6647480783319226;-0,9148294096577692;0,25008133132584653;strategy
2012-07-23;31783,389219983255;10980,136862617475;-0,24054139197758895;-1,0112148241141483;0,7706734321365594;strategy
2012-07-24;31658,2233999669;10885,851576390653;-0,39380891430439435;-0,8586895355359614;0,46488062123156704;strategy
2012-07-25;31434,283196512566;10888,291122285369;-0,7073681950660826;0,022410243953796538;-0,7297784390198792;spy
2012-07-26;31920,244585879078;11067,919587011049;1,545959824591847;1,6497397314995554;-0,10377990690770833;spy
2012-07-27;32175,31080390317;11271,932348552196;0,7990735075285915;1,8432801208690508;-1,0442066133404593;spy
2012-07-30;31937,45166230808;11271,932348552196;-0,7392598102462844;0,0;-0,7392598102462844;spy
2012-07-31;31937,45166230808;11193,091731886589;0,0;-0,6994418900654109;0,6994418900654109;strategy
2012-08-01;31937,45166230808;11183,337269018288;0,0;-0,08714717168369912;0,08714717168369912;strategy
2012-08-02;31937,45166230808;11106,12136263335;0,0;-0,6904549556852935;0,6904549556852935;strategy
2012-08-03;31937,45166230808;11326,391148876048;0,0;1,983318739733897;-1,983318739733897;spy
2012-08-06;31937,45166230808;11348,335899796799;0,0;0,19374883519653885;-0,19374883519653885;spy
2012-08-07;31937,45166230808;11405,233005778513;0,0;0,5013695971294974;-0,5013695971294974;spy
2012-08-08;31937,45166230808;11419,050484585345;0,0;0,12115034212656361;-0,12115034212656361;spy
2012-08-09;31937,45166230808;11428,80370721679;0,0;0,08541185315373845;-0,08541185315373845;spy
2012-08-10;31937,45166230808;11447,497797339345;0,0;0,1635699641140187;-0,1635699641140187;spy
2012-08-13;31937,45166230808;11441,808830883287;0,0;-0,04969615680887607;0,04969615680887607;strategy
2012-08-14;31937,45166230808;11443,433541163957;0,0;0,014199767752498538;-0,014199767752498538;spy
2012-08-15;31937,45166230808;11456,438664830455;0,0;0,1136470415082691;-0,1136470415082691;spy
2012-08-16;31937,45166230808;11540,970728425833;0,0;0,7378563798790205;-0,7378563798790205;spy
2012-08-17;31937,45166230808;11556,412917513335;0,0;0,13380320816054336;-0,13380320816054336;spy
2012-08-20;31937,45166230808;11557,226512890526;0,0;0,007040206879049826;-0,007040206879049826;spy
2012-08-21;31937,45166230808;11522,275398066422;0,0;-0,30241784034534813;0,30241784034534813;strategy
2012-08-22;31937,45166230808;11527,153249619;0,0;0,04233409968135149;-0,04233409968135149;spy
2012-08-23;31937,45166230808;11432,867963392177;0,0;-0,8179407715425246;0,8179407715425246;strategy
2012-08-24;31937,45166230808;11501,95535742634;0,0;0,604287517842228;-0,604287517842228;spy
2012-08-27;31937,45166230808;11504,3936630842;0,0;0,021199053396481204;-0,021199053396481204;spy
2012-08-28;31937,45166230808;11493,014489935229;0,0;-0,0989115418180142;0,0989115418180142;strategy
2012-08-29;31937,45166230808;11501,95535742634;0,0;0,077793928641956;-0,077793928641956;spy
2012-08-30;31937,45166230808;11419,050484585345;0,0;-0,7207893811504551;0,7207893811504551;strategy
2012-08-31;31937,45166230808;11473,50804467234;0,0;0,4769009486428777;-0,4769009486428777;spy
2012-09-04;31937,45166230808;11462,941226663703;0,0;-0,09209753431553835;0,09209753431553835;strategy
2012-09-05;31937,45166230808;11453,188004032258;0,0;-0,08508481757507624;0,08508481757507624;strategy
2012-09-06;31937,45166230808;11685,649318564261;0,0;2,0296647051472716;-2,0296647051472716;spy
2012-09-07;31937,45166230808;11731,166011160149;0,0;0,38950931484464935;-0,38950931484464935;spy
2012-09-10;31937,45166230808;11664,51568254699;0,0;-0,5681475187526375;0,5681475187526375;strategy
2012-09-11;31937,45166230808;11697,028491713232;0,0;0,2787326113752764;-0,2787326113752764;spy
2012-09-12;31937,45166230808;11736,04262247587;0,0;0,3335388196265221;-0,3335388196265221;spy
2012-09-13;31937,45166230808;11914,858732061213;0,0;1,5236491152723852;-1,5236491152723852;spy
2012-09-14;31937,45166230808;11967,691581867539;0,0;0,44341985913907145;-0,44341985913907145;spy
2012-09-17;31937,45166230808;11927,051500587375;0,0;-0,3395816227562132;0,3395816227562132;strategy
2012-09-18;31937,45166230808;11917,297037719074;0,0;-0,08178436110399812;0,08178436110399812;strategy
2012-09-19;31937,45166230808;11923,799599552325;0,0;0,05456406610215847;-0,05456406610215847;spy
2012-09-20;31937,45166230808;11924,613194929514;0,0;0,006823289593183013;-0,006823289593183013;spy
2012-09-21;31937,45166230808;11856,33691579883;0,0;-0,5725659861211652;0,5725659861211652;strategy
2012-09-24;31937,45166230808;11838,455180816612;0,0;-0,1508200644871227;0,1508200644871227;strategy
2012-09-25;31937,45166230808;11712,471921037593;0,0;-1,0641866515080922;1,0641866515080922;strategy
2012-09-26;31937,45166230808;11646,633947564771;0,0;-0,5621185170533116;0,5621185170533116;strategy
2012-09-27;31937,45166230808;11756,362663115951;0,0;0,9421496034407673;-0,9421496034407673;spy
2012-09-28;31937,45166230808;11701,905103028956;0,0;-0,4632177625640055;0,4632177625640055;strategy
2012-10-01;31937,45166230808;11732,791961677673;0,0;0,2639472665072473;-0,2639472665072473;spy
2012-10-02;31937,45166230808;11744,98348996698;0,0;0,10390986501020993;-0,10390986501020993;spy
2012-10-03;31937,45166230808;11792,938488220725;0,0;0,4083019639381291;-0,4083019639381291;spy
2012-10-04;31937,45166230808;11877,470551816103;0,0;0,7168023786422006;-0,7168023786422006;spy
2012-10-05;31937,45166230808;11878,28290695644;0,0;0,0068394624662904135;-0,0068394624662904135;spy
2012-10-08;31937,45166230808;11837,642825676276;0,0;-0,34213767762985015;0,34213767762985015;strategy
2012-10-09;31937,45166230808;11720,599193151511;0,0;-0,9887410377925288;0,9887410377925288;strategy
2012-10-10;31937,45166230808;11645,821592424434;0,0;-0,6380015176252307;0,6380015176252307;strategy
2012-10-11;31937,45166230808;11652,324154257683;0,0;0,0558360076328146;-0,0558360076328146;spy
2012-10-12;31937,45166230808;11614,122378635384;0,0;-0,32784683224196254;0,32784683224196254;strategy
2012-10-15;31937,45166230808;11710,845970520066;0,0;0,8328101662042897;-0,8328101662042897;spy
2012-10-16;31937,45166230808;11829,514313325502;0,0;1,0133199864823084;-1,0133199864823084;spy
2012-10-17;31937,45166230808;11883,159518272161;0,0;0,4534861155392367;-0,4534861155392367;spy
2012-10-18;31937,45166230808;11852,2738998603;0,0;-0,25991082897077744;0,25991082897077744;strategy
2012-10-19;31937,45166230808;11654,762459915544;0,0;-1,6664434319821453;1,6664434319821453;strategy
2012-10-22;31937,45166230808;11656,388410433072;0,0;0,013950953724872761;-0,013950953724872761;spy
2012-10-23;31937,45166230808;11494,640440452757;0,0;-1,3876336673505407;1,3876336673505407;strategy
2012-10-24;31937,45166230808;11462,128871523368;0,0;-0,2828411127587027;0,2828411127587027;strategy
2012-10-25;31937,45166230808;11495,452795593092;0,0;0,2907306700460799;-0,2907306700460799;spy
2012-10-26;31937,45166230808;11488,951473996698;0,0;-0,05655559386826825;0,05655559386826825;strategy
2012-10-31;31937,45166230808;11488,951473996698;0,0;0,0;0,0;tie
2012-11-01;31937,45166230808;11609,24576731966;0,0;1,047043271052428;-1,047043271052428;spy
2012-11-02;31937,45166230808;11506,019613601728;0,0;-0,8891719219909833;0,8891719219909833;strategy
2012-11-05;31937,45166230808;11529,591555276862;0,0;0,2048661697679366;-0,2048661697679366;spy
2012-11-06;31937,45166230808;11619,812585328295;0,0;0,7825171396478536;-0,7825171396478536;spy
2012-11-07;31937,45166230808;11356,464412147574;0,0;-2,26637195089735;2,26637195089735;strategy
2012-11-08;31937,45166230808;11219,913094123063;0,0;-1,2024104780220757;1,2024104780220757;strategy
2012-11-09;31937,45166230808;11229,667556991362;0,0;0,08693884512713801;-0,08693884512713801;spy
2012-11-12;31937,45166230808;11238,608424482474;0,0;0,07961827405607025;-0,07961827405607025;spy
2012-11-13;31937,45166230808;11199,59305348298;0,0;-0,34715482136117304;0,34715482136117304;strategy
2012-11-14;31937,45166230808;11048,411901511303;0,0;-1,349880761289457;1,349880761289457;strategy
2012-11-15;31937,45166230808;11029,717811388748;0,0;-0,1692016037164401;0,1692016037164401;strategy
2012-11-16;31937,45166230808;11084,175371475743;0,0;0,4937348445194667;-0,4937348445194667;spy
2012-11-19;31937,45166230808;11308,509413893828;0,0;2,023912784665871;-2,023912784665871;spy
2012-11-20;31937,45166230808;11313,386025209551;0,0;0,043123378486398245;-0,043123378486398245;spy
2012-11-21;31937,45166230808;11334,518420989967;0,0;0,18679107858006194;-0,18679107858006194;spy
2012-11-23;31937,45166230808;11488,951473996698;0,0;1,3625021131973503;-1,3625021131973503;spy
2012-11-26;31937,45166230808;11464,567177181229;0,0;-0,2122412725883538;0,2122412725883538;strategy
2012-11-27;31937,45166230808;11406,045360918846;0,0;-0,5104581390465657;0,5104581390465657;strategy
2012-11-28;31937,45166230808;11497,892341487808;0,0;0,8052482491754942;-0,8052482491754942;spy
2012-11-29;31937,45166230808;11551,536306197611;0,0;0,4665547660090752;-0,4665547660090752;spy
2012-11-30;31937,45166230808;11553,974611855474;0,0;0,021108063838704005;-0,021108063838704005;spy
2012-12-03;31937,45166230808;11497,078746110617;0,0;-0,49243544023782615;0,49243544023782615;strategy
2012-12-04;31937,45166230808;11480,822961645923;0,0;-0,14139056384382398;0,14139056384382398;strategy
2012-12-05;31937,45166230808;11501,143002286006;0,0;0,17699115044249591;-0,17699115044249591;spy
2012-12-06;31937,45166230808;11540,15713304864;0,0;0,3392195954339483;-0,3392195954339483;spy
2012-12-07;31937,45166230808;11575,108247872746;0,0;0,30286515531068314;-0,30286515531068314;spy
2012-12-10;31937,45166230808;11579,984859188467;0,0;0,04213015732805747;-0,04213015732805747;spy
2012-12-11;31937,45166230808;11658,826716090933;0,0;0,6808459411750123;-0,6808459411750123;spy
2012-12-12;31937,45166230808;11664,51568254699;0,0;0,04879535989847916;-0,04879535989847916;spy
2012-12-13;31937,45166230808;11592,989982854966;0,0;-0,6131904799017374;0,6131904799017374;strategy
2012-12-14;31937,45166230808;11549,911595916941;0,0;-0,3715899608447315;0,3715899608447315;strategy
2012-12-17;31937,45166230808;11685,649318564261;0,0;1,1752273731281626;-1,1752273731281626;spy
2012-12-18;31937,45166230808;11815,69683451867;0,0;1,1128822405085392;-1,1128822405085392;spy
2012-12-19;31937,45166230808;11727,914110125095;0,0;-0,742933113662203;0,742933113662203;strategy
2012-12-20;31937,45166230808;11795,376793878588;0,0;0,5752317344756896;-0,5752317344756896;spy
2012-12-21;31937,45166230808;11605,993866284607;0,0;-1,6055691217279677;1,6055691217279677;strategy
2012-12-24;31937,45166230808;11570,231636557022;0,0;-0,3081358661706224;0,3081358661706224;strategy
2012-12-26;31937,45166230808;11521,463042926085;0,0;-0,42150058151687597;0,42150058151687597;strategy
2012-12-27;31937,45166230808;11506,019613601728;0,0;-0,13404052303791492;0,13404052303791492;strategy
2012-12-28;31937,45166230808;11381,661064103379;0,0;-1,0808129455241011;1,0808129455241011;strategy
2012-12-31;31937,45166230808;11575,108247872746;0,0;1,6996392941227123;-1,6996392941227123;spy
2013-01-02;31937,45166230808;11871,78034512319;0,0;2,5630179078883986;-2,5630179078883986;spy
2013-01-03;31937,45166230808;11844,95774264986;0,0;-0,22593580485464893;0,22593580485464893;strategy
2013-01-04;31937,45166230808;11896,976997078995;0,0;0,4391679190363984;-0,4391679190363984;spy
2013-01-07;31937,45166230808;11864,465428149606;0,0;-0,27327588291858884;0,27327588291858884;strategy
2013-01-08;31937,45166230808;11830,327908702691;0,0;-0,2877290987415293;0,2877290987415293;strategy
2013-01-09;31937,45166230808;11860,40117197422;0,0;0,2542048158226118;-0,2542048158226118;spy
2013-01-10;31937,45166230808;11954,68645820104;0,0;0,7949586599955261;-0,7949586599955261;spy
2013-01-11;31937,45166230808;11953,874103060707;0,0;-0,0067952860426157;0,0067952860426157;strategy
2013-01-14;31937,45166230808;11945,74559070993;0,0;-0,06799897908156272;0,06799897908156272;strategy
2013-01-15;31937,45166230808;11953,874103060707;0,0;0,06804524915631216;-0,06804524915631216;spy
2013-01-16;31937,45166230808;11952,248152543181;0,0;-0,01360187085381881;0,01360187085381881;strategy
2013-01-17;31937,45166230808;12029,464058928119;0,0;0,6460366735985712;-0,6460366735985712;spy
2013-01-18;31937,45166230808;12056,286661401447;0,0;0,22297421017207775;-0,22297421017207775;spy
2013-01-22;31937,45166230808;12121,311039497077;0,0;0,5393400134040105;-0,5393400134040105;spy
2013-01-23;31937,45166230808;12140,81748475997;0,0;0,16092686013362556;-0,16092686013362556;spy
2013-01-24;31937,45166230808;12144,069385795023;0,0;0,02678486056755247;-0,02678486056755247;spy
2013-01-25;31937,45166230808;12212,34442468885;0,0;0,5622088998741059;-0,5622088998741059;spy
2013-01-28;31876,131755116447;12197,714590741682;-0,19200000000001438;-0,11979545809068792;-0,07220454190932646;spy
2013-01-29;32363,93897117531;12245,669588995426;1,5303212441408087;0,39314740394191805;1,1371738401988907;strategy
2013-01-30;32157,06678146935;12197,714590741682;-0,6392058454016025;-0,3916078080110852;-0,24759803739051733;spy
2013-01-31;31741,331216050796;12167,6400872333;-1,292828006496305;-0,24655851130677142;-1,0462694951895335;spy
2013-02-01;31961,80496477329;12292,812232108838;0,694595154884392;1,0287298438985903;-0,3341346890141983;spy
2013-02-04;31744,276016323143;12154,634963566801;-0,6805903129998403;-1,1240492893978882;0,4434589763980479;strategy
2013-02-05;32013,988368903763;12277,36880278448;0,849640900431714;1,0097698498191976;-0,16012894938748357;spy
2013-02-06;32069,43172787595;12286,30967027559;0,1731847913896356;0,07282397095607074;0,10036082043356487;strategy
2013-02-07;32011,025680047038;12270,053885810896;-0,18212373803351278;-0,13230811285851463;-0,04981562517499816;spy
2013-02-08;32379,624399338245;12338,328924704725;1,1514742544502798;0,5564363411050932;0,5950379133451866;strategy
2013-02-11;32261,765074577565;12335,890619046862;-0,36399225422482084;-0,019762041300264155;-0,3442302129245567;spy
2013-02-12;32425,843502039952;12356,210659686943;0,5085847816543643;0,16472293138452;0,3438618502698443;strategy
2013-02-13;32619,15482634065;12366,776237458726;0,5961643658970228;0,08550823600192992;0,5106561298950929;strategy
2013-02-14;32697,361091711467;12378,155410607696;0,23975564599136856;0,09201406195500361;0,14774158403636495;strategy
2013-02-15;32737,220096981317;12363,525576660528;0,12190282010235975;-0,11819074378910388;0,24009356389146363;strategy
2013-02-19;32925,602852410346;12456,184912369825;0,5754390717078728;0,7494572250832388;-0,17401815337536597;spy
2013-02-20;32216,581488231786;12300,939504222759;-2,1534043502764777;-1,246331916547716;-0,9070724337287617;spy
2013-02-21;31610,7067709497;12226,161903495682;-1,8806300646870389;-0,6079015403775201;-1,2727285243095188;spy
2013-02-22;31801,31032496522;12345,64384167831;0,6029715039167938;0,9772644851731016;-0,37429298125630783;spy
2013-02-25;31321,553653237042;12110,744221488443;-1,5086066166007939;-1,9026923439736443;0,3940857273728504;strategy
2013-02-26;31407,645510218266;12193,650334566295;0,27486458026428906;0,6845666258127103;-0,40970204554842127;spy
2013-02-27;31606,298714397413;12347,269792195833;0,6324995107147346;1,2598315796711113;-0,6273320689563766;spy
2013-02-28;31706,928260862893;12322,885495380368;0,3183844694210958;-0,19748735733366996;0,5158718267547657;strategy
2013-03-01;31921,62626417468;12363,525576660528;0,6771327753524403;0,329793547910473;0,3473392274419673;strategy
2013-03-04;32220,81393193251;12429,362309896494;0,9372569720659918;0,5325077610568663;0,40474921100912553;strategy
2013-03-05;32465,2410060895;12540,715735728347;0,7585999369021268;0,8958900952077853;-0,1372901583056585;spy
2013-03-06;32419,990597580447;12557,78511557023;-0,13938109530918785;0,1361116877344859;-0,27549278304367375;spy
2013-03-07;32384,936485519145;12580,543461868174;-0,10812499144869925;0,18122898336367932;-0,28935397481237857;spy
2013-03-08;32552,29231563173;12634,188666814835;0,5167705985386739;0,42641405046817127;0,09035654807050264;strategy
2013-03-11;32456,628015561088;12682,14366506858;-0,29387884313358814;0,3795653169222035;-0,6734441600557917;spy
2013-03-12;32490,2066370385;12653,695112077725;0,10345690088728876;-0,22431975021077744;0,3277766510980662;strategy
2013-03-13;32634,64283373015;12671,576847059945;0,44455302579391454;0,14131630977225473;0,3032367160216598;strategy
2013-03-14;32700,15401459273;12739,039530813436;0,2007412221311844;0,5323937546821034;-0,331652532550919;spy
2013-03-15;32632,337780651;12665,887880603885;-0,207388117840257;-0,5742320685371172;0,36684395069686015;strategy
2013-03-18;32643,90970874596;12595,986891192531;0,035461535648306786;-0,5518838479408705;0,5873453835891773;strategy
2013-03-19;32460,00063005538;12566,725983061342;-0,5633794491267885;-0,23230341841375957;-0,33107603071302893;spy
2013-03-20;32809,9130128053;12654,508707454914;1,0779802093593638;0,6985329712121846;0,3794472381471792;strategy
2013-03-21;32546,44820192489;12546,40594242126;-0,8030036860432466;-0,8542628365332705;0,05125915049002394;strategy
2013-03-22;32744,29012543545;12647,19379048133;0,6078756191247425;0,8033204769765323;-0,19544485785178978;spy
2013-03-25;32579,70860364734;12594,360940675007;-0,5026266294295478;-0,41774365666861213;-0,0848829727609357;spy
2013-03-26;32923,46952041196;12695,148788735078;1,0551380951459466;0,800261708671246;0,25487638647470057;strategy
2013-03-27;32991,27610312897;12695,148788735078;0,20595211775893407;0,0;0,20595211775893407;strategy
2013-03-28;33132,351666174334;12734,162919497714;0,42761475065216104;0,307315269886832;0,12029948076532904;strategy
2013-04-01;32693,02941104394;12683,769615586107;-1,325961584486346;-0,3957331489331639;-0,930228435553182;spy
2013-04-02;32273,547122082127;12746,355688023876;-1,2830939699338684;0,4934343206680625;-1,7765282906019308;spy
2013-04-03;31629,43742838997;12617,11928697295;-1,9957821532776143;-1,0139086356451887;-0,9818735176324256;spy
2013-04-04;31795,683360463263;12668,326186261747;0,5256050868741369;0,4058525414883718;0,11975254538576507;strategy
2013-04-05;31636,68887087186;12611,430320516893;-0,5000505502237629;-0,4491190462600825;-0,0509315039636804;spy
2013-04-08;32005,49160743102;12696,774739252603;1,1657437921663183;0,6767227552046062;0,48902103696171206;strategy
2013-04-09;32107,340078371468;12740,665481330961;0,3182218607659104;0,34568418342233453;-0,02746232265642412;spy
2013-04-10;32456,71631015561;12896,723244618364;1,0881506563027221;1,2248792146381637;-0,13672855833544162;spy
2013-04-11;32615,26317667838;12938,989276416052;0,48848708232742677;0,3277269039275055;0,1607601783999213;strategy
2013-04-12;32524,981204450505;12907,290062626998;-0,27680896437601854;-0,24498987603948086;-0,03181908833653768;spy
2013-04-15;31462,066301336763;12608,17841948184;-3,2679954415109735;-2,317385304691;-0,9506101368199738;spy
2013-04-16;32021,641676117826;12794,310686277624;1,7785715960978887;1,4762819862080834;0,30228960988980536;strategy
2013-04-17;31424,823450050997;12607,366064341502;-1,8637964664751872;-1,4611543092870716;-0,4026421571881156;spy
2013-04-18;31101,354521644993;12528,52420743904;-1,029342070672734;-0,6253634303953204;-0,4039786402774137;spy
2013-04-19;31561,32587553106;12637,439327613029;1,4789431552440835;0,869337189046715;0,6096059661973685;strategy
2013-04-22;31780,4888683632;12693,522838217552;0,6944036308755175;0,4437885646816131;0,2506150661939044;strategy
2013-04-23;32678,858470560685;12824,38394954915;2,8267960443232543;1,0309282379640239;1,7958678063592304;strategy
2013-04-24;32740,49989579688;12832,512461899923;0,18862784112156916;0,06338325788397547;0,1252445832375937;strategy
2013-04-25;32670,753448392647;12884,531716329057;-0,2130280466890011;0,4053707688465469;-0,618398815535548;spy
2013-04-26;32644,152684769047;12861,773370031115;-0,0814207228664543;-0,1766330884117373;0,095212365545283;strategy
2013-04-29;32733,54571647981;12947,930143907162;0,27384086998365476;0,6698669879909414;-0,3960261180072866;spy
2013-04-30;32923,9873397023;12978,815762319025;0,5817934447798212;0,23853711032257863;0,3432563344572426;strategy
2013-05-01;32654,23223386143;12865,02403082931;-0,8193269638260836;-0,8767497248869383;0,057422761060854643;strategy
2013-05-02;33286,3174057865;12984,50596901194;1,9356914209412102;0,9287346677029573;1,0069567532382528;strategy
2013-05-03;33917,541355843496;13116,17943548387;1,8963466050085254;1,014081450508586;0,8822651544999394;strategy
2013-05-06;34141,309943334534;13149,504599790449;0,6597429487691597;0,25407676427804393;0,4056661844911158;strategy
2013-05-07;33855,64399491373;13216,154928403606;-0,8367164262148563;0,5068657005848021;-1,3435821267996584;spy
2013-05-08;34001,10757348769;13276,301454946659;0,4296582826657014;0,45509852804304085;-0,025440245377339465;spy
2013-05-09;33755,79901932948;13238,91327470155;-0,721472245067345;-0,28161593326263556;-0,4398563118047094;spy
2013-05-10;34090,969336578244;13281,991661639573;0,992926628864077;0,3253921681044769;0,6675344607596001;strategy
2013-05-13;34385,09228033287;13292,557239411353;0,8627591103402388;0,07954814338797522;0,7832109669522636;strategy
2013-05-14;35011,23740655303;13429,9209125762;1,8209784668174134;1,033387862777646;0,7875906040397673;strategy
2013-05-15;35032,55559182446;13502,260207645415;0,06088955104293081;0,5386427480855271;-0,47775319704259633;spy
2013-05-16;34704,762114110825;13438,861780067311;-0,935682459289755;-0,4695393704692963;-0,46614308882045874;spy
2013-05-17;35279,97467848214;13568,910536258572;1,657445633772081;0,967706628132392;0,689739005639689;strategy
2013-05-20;35342,81889671689;13568,096940881382;0,17812999812916175;-0,005996025804844152;0,1841260239340059;strategy
2013-05-21;35222,15558808969;13587,604626381126;-0,34140827583621913;0,14377613592195804;-0,48518441175817717;spy
2013-05-22;34796,92930972906;13486,816778321056;-1,2072693202923257;-0,7417631792463575;-0,4655061410459682;spy
2013-05-23;34818,449752397704;13447,80264755842;0,06184580966064335;-0,28927604937399876;0,3511218590346421;strategy
2013-05-24;34929,564166170625;13436,423474409448;0,3191251033951348;-0,08461734193456749;0,40374244532970227;strategy
2013-05-28;35146,80127272458;13516,89128182944;0,6219290499030805;0,5988781729992843;0,023050876903796258;strategy
2013-05-29;34908,008857205685;13429,108557435864;-0,6794143616824955;-0,6494298323726277;-0,029984529309867725;spy
2013-05-30;35286,27404861512;13478,689506207138;1,0836057506366625;0,3692050634576116;0,7144006871790509;strategy
2013-05-31;34861,1443392849;13285,242322437769;-1,2048019259401133;-1,4352076563547533;0,23040573041464008;strategy
2013-06-03;34394,491838393194;13358,395212884176;-1,3386035075327096;0,5506327146389767;-1,8892362221716863;spy
2013-06-04;34171,99812848703;13294,18318992888;-0,6468876207026963;-0,48068665383819154;-0,1662009668645048;spy
2013-06-05;33714,76197180675;13108,052163369952;-1,3380433738790054;-1,4000937394930357;0,06205036561403032;strategy
2013-06-06;34306,58268384125;13226,720506175387;1,7553756201197368;0,9053087470695997;0,8500668730501371;strategy
2013-06-07;34863,95080897079;13394,971037988951;1,6246681584874523;1,2720502541428091;0,35261790434464313;strategy
2013-06-10;34922,59038569173;13394,971037988951;0,16819544360373584;0,0;0,16819544360373584;strategy
2013-06-11;34437,29151338821;13256,795009683769;-1,3896416816272295;-1,0315515271612563;-0,35809015446597314;spy
2013-06-12;33554,165673483156;13147,066294132588;-2,5644462763911746;-0,8277167706902455;-1,736729505700929;spy
2013-06-13;33956,14630378228;13347,016039735205;1,1980051425233285;1,5208696839982716;-0,32286454147494315;spy
2013-06-14;33810,021233182444;13263,296331280164;-0,4303346713509737;-0,6272541233621087;0,19691945201113503;strategy
2013-06-17;34040,79089845672;13365,71012985776;0,6825481228855068;0,7721594694077849;-0,08961134652227809;spy
2013-06-18;34422,00593861714;13471,374589233554;1,1198771535525731;0,7905637511900654;0,3293134023625077;strategy
2013-06-19;33870,288037907645;13285,242322437769;-1,6028057798065154;-1,3816872625941445;-0,22111851721237086;spy
2013-06-20;32815,474234108304;12956,057416021084;-3,1142746782040764;-2,4778238772560246;-0,6364508009480518;spy
2013-06-21;32628,150296080137;12929,236053784607;-0,570840258750438;-0,20701793281118208;-0,3638223259392559;spy
2013-06-24;32320,39914769026;12765,862133286768;-0,9432074622595099;-1,2636007248859604;0,3203932626264505;strategy
2013-06-25;32726,551296744285;12888,595972504445;1,2566433576457037;0,9614222520675009;0,2952211055782028;strategy
2013-06-26;33074,91652045275;13016,20518280099;1,0644727595942038;0,9900939603411985;0,07437879925300539;strategy
2013-06-27;33324,709025888595;13092,608734045592;0,7552324592607018;0,586987913693604;0,16824454556709778;strategy
2013-06-28;33154,693617854464;13038,963529098932;-0,5101782221175633;-0,4097365623335514;-0,10044165978401187;spy
2013-07-01;33766,036056480254;13115,367080343536;1,843909178206271;0,5859633787156149;1,2579457994906562;strategy
2013-07-02;33576,81169156528;13103,17555205423;-0,5603985158295188;-0,09295605845129895;-0,4674424573782199;spy
2013-07-03;33490,682950807706;13108,864518510289;-0,25651256453038673;0,04341670027587785;-0,2999292648062646;spy
2013-07-05;34089,455078231375;13250,292447850521;1,7878767306810817;1,0788724617645462;0,7090042689165355;strategy
2013-07-08;34195,79979402145;13325,882403717933;0,31195780497523806;0,5704776416438628;-0,25851983666862477;spy
2013-07-09;34329,858776942405;13421,793640462281;0,3920334770014522;0,7197364785208382;-0,32770300151938603;spy
2013-07-10;34236,45932488116;13426,670251778003;-0,2720647721509928;0,03633352923129163;-0,3083983013822844;spy
2013-07-11;34751,74482698938;13609,550617538735;1,5050782477782132;1,3620679016565163;0,14301034612169694;strategy
2013-07-12;35038,62223995554;13615,239583994793;0,8255050628231064;0,04180128070303546;0,783703782120071;strategy
2013-07-15;35270,8541198725;13667,258838423926;0,6627882749685732;0,38206639044591206;0,2807218845226611;strategy
2013-07-16;35023,55853505181;13616,053179371984;-0,7011329637219066;-0,3746593201848447;-0,3264736435370619;spy
2013-07-17;35123,183323861886;13651,003053959232;0,2844507896317072;0,2566813901710985;0,027769399460608746;strategy
2013-07-18;35342,67558187933;13725,78065468631;0,6249213119254193;0,547780997714975;0,07714031421044432;strategy
2013-07-19;35232,06369757558;13750,164951501778;-0,31296975252339543;0,17765326016006;-0,49062301268345543;spy
2013-07-22;35365,731211916296;13776,987553975108;0,37939166858942386;0,1950711323677634;0,18432053622166045;strategy
2013-07-23;35026,38373844273;13747,726645843917;-0,9595375575303322;-0,21238974062038896;-0,7471478169099433;spy
2013-07-24;35017,22104512739;13697,33334193231;-0,026159404247272366;-0,3665573604261452;0,3403979561788728;strategy
2013-07-25;35461,401330249384;13730,65726600203;1,2684624075381956;0,2432876767896497;1,025174730748546;strategy
2013-07-26;35680,92265977572;13745,288340186054;0,6190430194282337;0,10655771170002826;0,5124853077282054;strategy
2013-07-29;35256,1767150535;13703,022308388367;-1,1904006764966613;-0,30749469019225595;-0,8829059863044053;spy
2013-07-30;35402,46331063782;13703,022308388367;0,4149247286982627;0,0;0,4149247286982627;strategy
2013-07-31;35406,78362180857;13712,776771256667;0,012203419668410653;0,07118475507648103;-0,05898133540807038;spy
2013-08-01;35957,384307182874;13871,272840201931;1,5550711729578337;1,1558276750883056;0,39924349786952806;strategy
2013-08-02;36106,96484248487;13894,843541640208;0,415993927767766;0,16992457512596815;0,24606935264179786;strategy
2013-08-05;35968,69953973402;13874,523501000127;-0,3829324989071403;-0,14624159371917633;-0,23669090518796398;spy
2013-08-06;35528,288816062886;13795,681644097664;-1,2244277088322875;-0,5682491142616874;-0,6561785945706;spy
2013-08-07;35103,99538301901;13750,977306642113;-1,1942411165382194;-0,3240458761577525;-0,8701952403804669;spy
2013-08-08;35840,49729259754;13801,371850790576;2,0980572198194825;0,3664797274017806;1,7315774924177019;strategy
2013-08-09;35747,2736880085;13761,544124650749;-0,26010689480107096;-0,2885780237675828;0,028471128966511827;strategy
2013-08-12;35744,27968483135;13745,288340186054;-0,008375472779487136;-0,11812471273173752;0,10974923995225039;strategy
2013-08-13;35593,85578125001;13785,928421466218;-0,42083350093408134;0,2956655420705001;-0,7164990430045814;spy
2013-08-14;35498,59688247148;13715,215076914528;-0,26762736626220196;-0,5129385732308145;0,24531120696861253;strategy
2013-08-15;34983,347841654104;13523,393843662689;-1,4514631170444825;-1,3986017147825325;-0,05286140226195002;spy
2013-08-16;35083,013606870736;13478,689506207138;0,2848948753211067;-0,3305704024622491;0,6154652777833558;strategy
2013-08-19;34931,56511863203;13392,53273233109;-0,43168608585280044;-0,6392073490258166;0,2075212631730161;strategy
2013-08-20;35485,88209639184;13458,369465567057;1,5868655637881535;0,49159284917803525;1,0952727146101182;strategy
2013-08-21;35328,92716161655;13375,463352489205;-0,44230247496440667;-0,6160190005926491;0,17371652562824247;strategy
2013-08-22;35679,28984777052;13497,383596329693;0,9917161779388062;0,9115216469700815;0,08019453096872464;strategy
2013-08-23;35702,97840479119;13542,900288925579;0,06639301713049495;0,3372260428922136;-0,27083302576171864;spy
2013-08-26;35898,1231029172;13492,50698501397;0,5465782039624445;-0,3721012695693915;0,918679473531836;strategy
2013-08-27;35113,816282183834;13275,489099806324;-2,184812889756982;-1,608432631894774;-0,5763802578622079;spy
2013-08-28;35406,56880856483;13322,631742919735;0,8337246058029102;0,35511040504037084;0,47861420076253935;strategy
2013-08-29;35682,1294044562;13343,764138700151;0,7782753459711467;0,15862028004824946;0,6196550659228972;strategy
2013-08-30;35410,93050398221;13301,498106902463;-0,7600412447361538;-0,31674744366251284;-0,4432938010736409;spy
2013-09-03;35664,125640451406;13361,645873682373;0,7150197209325748;0,4521879136959672;0,2628318072366076;strategy
2013-09-04;35834,01168414366;13472,186944373889;0,47634994729708335;0,8273013050678291;-0,3509513577707457;spy
2013-09-05;35878,70183704556;13489,256324215772;0,12471434484035981;0,12670088317778827;-0,001986538337428456;spy
2013-09-06;35764,89382070401;13495,757645812168;-0,31720215758765935;0,048196293703184345;-0,3653984512908437;spy
2013-09-09;36177,64258729201;13624,994046863094;1,154061210574775;0,9576076011636792;0,1964536094110958;strategy
2013-09-10;36534,78633494923;13725,78065468631;0,9871946376701635;0,7397185457590716;0,24747609191109188;strategy
2013-09-11;36590,623390738256;13768,859041624333;0,15283257790839055;0,313850177427355;-0,16101759951896444;spy
2013-09-12;36400,682079265;13732,283216519558;-0,5190983204766297;-0,26564165552283026;-0,2534566649537995;spy
2013-09-13;36519,13507734237;13763,170075168277;0,3254142266329696;0,22492150913084874;0,10049271750212085;strategy
2013-09-16;36556,93534692167;13842,824287211075;0,10350811841313146;0,578749020812519;-0,47524090239938754;spy
2013-09-17;36754,2679163481;13904,598004508509;0,539795164867507;0,44625082292277796;0,09354434194472905;strategy
2013-09-18;36996,6677447028;14065,532379111633;0,6595147777297417;1,1574183917502756;-0,49790361402053396;spy
2013-09-19;37090,9923821457;14041,9604374365;0,2549544139861304;-0,16758655868681638;0,42254097267294677;strategy
2013-09-20;36990,54704675291;13876,149451517653;-0,27080789415906414;-1,1808250468843928;0,9100171527253287;strategy
2013-09-23;36879,67839021894;13811,937428562358;-0,2997215920971352;-0,46275101878693325;0,16302942668979803;strategy
2013-09-24;36974,54502158938;13779,42585963297;0,2572328054671891;-0,2353874617340601;0,4926202672012492;strategy
2013-09-25;36906,05673612609;13739,598133493142;-0,18523090797546438;-0,28903763150613937;0,103806723530675;strategy
2013-09-26;37173,734510003815;13792,430983299466;0,7252949720193191;0,3845298042417511;0,34076516777756805;strategy
2013-09-27;36981,98940050269;13729,032555721362;-0,5158080349702998;-0,459661010121204;-0,05614702484909584;spy
2013-09-30;36961,164989239565;13655,879665274955;-0,05630960259492834;-0,5328335419812369;0,47652393938630855;strategy
2013-10-01;37572,24945812314;13763,98243030861;1,6533149565536531;0,7916206621865873;0,8616942943670658;strategy
2013-10-02;37680,74465133228;13750,977306642113;0,28876416710175157;-0,09448663373661237;0,38325080083836394;strategy
2013-10-03;37134,354537225605;13624,180451485903;-1,4500512640143848;-0,9220934070988784;-0,5279578569155063;spy
2013-10-04;37329,56785545315;13727,406605203836;0,5256946583839239;0,7576687205921084;-0,2319740622081845;spy
2013-10-07;36949,81795131543;13608,737022161544;-1,0172898481123016;-0,864471975335146;-0,15281787277715564;spy
2013-10-08;35905,300233230926;13450,240953216282;-2,8268548425887996;-1,1646640587378077;-1,662190783850992;spy
2013-10-09;35553,89498860467;13459,995416084583;-0,9787001984209232;0,07252258827354918;-1,0512227866944723;spy
2013-10-10;36429,543073495974;13750,164951501778;2,462875263517428;2,1557922305860844;0,3070830329313434;strategy
2013-10-11;36414,89641523108;13838,760031035687;-0,04020544050016284;0,6443201215868388;-0,6845255620870017;spy
2013-10-14;36807,185457060856;13894,031186499873;1,0772762809938774;0,3993938426581023;0,6778824383357751;strategy
2013-10-15;36650,3247188224;13793,243338439803;-0,4261687936488734;-0,7254039285445102;0,2992351348956368;strategy
2013-10-16;37284,18704475511;13985,878167068835;1,7294862482001072;1,3965883433100013;0,33289790489010596;strategy
2013-10-17;37715,20933916163;14079,349857918467;1,1560458429444198;0,6683290797550479;0,48771676318937196;strategy
2013-10-18;38502,484237223085;14174,447499285623;2,087420199585077;0,67544057308635;1,4119796264987272;strategy
2013-10-21;38542,15445665662;14175,259854425958;0,10303288273327826;0,005731123843633057;0,0973017588896452;strategy
2013-10-22;38404,4136982374;14257,353612363475;-0,35737690422605883;0,579134060190678;-0,9365109644167369;spy
2013-10-23;38214,74039313913;14189,078573469647;-0,4938841316225351;-0,4788759593829628;-0,015008172239572293;spy
2013-10-24;38421,19247090534;14236,219976346203;0,5402419999254393;0,33223723889090895;0,20800476103453036;strategy
2013-10-25;38226,37026840992;14301,244354441833;-0,5070696403891017;0,45675311426536247;-0,9638227546544642;spy
2013-10-28;38031,30466180125;14324,002700739777;-0,5102906847785804;0,15913542719712126;-0,6694261119757017;spy
2013-10-29;38367,2860282922;14400,40625198438;0,8834337119872915;0,533395258579894;0,3500384534073975;strategy
2013-10-30;38492,603611924875;14328,879312055498;0,32662613545368924;-0,4967008477210433;0,8233269831747325;strategy
2013-10-31;38389,44527165703;14288,239230775336;-0,26799522658396135;-0,28362358559311796;0,0156283590091566;strategy
2013-11-01;38507,755148348704;14322,377990459105;0,30818334532960456;0,2389290879889261;0,06925425734067847;strategy
2013-11-04;38923,86138374512;14372,771294370714;1,0805777532172156;0,3518501183614742;0,7287276348557414;strategy
2013-11-05;39163,115588246765;14327,254601774828;0,6146723269381482;-0,3166869608070111;0,9313592877451593;strategy
2013-11-06;38463,625134879214;14400,40625198438;-1,786095010217914;0,5105768847053938;-2,296671894923308;spy
2013-11-07;38098,61502386287;14218,338241363983;-0,9489748034314904;-1,264325515784026;0,31535071235253564;strategy
2013-11-08;38693,507791223215;14410,159474615824;1,5614551001072785;1,3491114783990454;0,21234362170823307;strategy
2013-11-11;38954,29756222122;14412,59902051054;0,6739884437594323;0,01692934695840531;0,657059096801027;strategy
2013-11-12;38875,057275472216;14383,33811237935;-0,20341860002078826;-0,20302311949115248;-0,0003954805296357833;spy
2013-11-13;39474,14736503884;14498,755794386589;1,5410654840233962;0,8024401644838086;0,7386253195395875;strategy
2013-11-14;39231,75801532433;14571,095089455803;-0,6140458145251548;0,49893450234690384;-1,1129803168720587;spy
2013-11-15;39375,63705598649;14634,493517033909;0,3667412523444824;0,4350972057274083;-0,06835595338292588;spy
2013-11-18;38795,13979586246;14583,28661774511;-1,4742549036061203;-0,3499055107660243;-1,124349392840096;spy
2013-11-19;38218,5851217002;14551,587403956059;-1,4861518148821085;-0,21736673371337556;-1,268785081168733;spy
2013-11-20;38283,390662414764;14506,070711360173;0,16956551507127937;-0,31279537642409094;0,4823608914953703;strategy
2013-11-21;38974,267013839504;14623,114343884938;1,804637309994117;0,8068596579575704;0,9977776520365467;strategy
2013-11-22;39178,85873633595;14696,265994094487;0,5249405265884688;0,5002467223416129;0,024693804246855855;strategy
2013-11-25;39129,80285830236;14681,63616014732;-0,1252100740445683;-0,09954796649057629;-0,02566210755399201;spy
2013-11-26;39323,01463763393;14685,699176085851;0,49377141007131975;0,02767413586750589;0,46609727420381386;strategy
2013-11-27;39568,08647421391;14721,462646050291;0,6232274886306177;0,243525824243207;0,3797016643874107;strategy
2013-11-29;39504,500014036465;14711,709423418846;-0,1607013779119315;-0,06625172284808745;-0,09444965506384406;spy
2013-12-02;39418,85676156998;14673,507647796547;-0,21679366258541277;-0,25966918270889927;0,0428755201234865;strategy
2013-12-03;39196,3811351187;14610,10922021844;-0,5643888350109871;-0,4320604800149841;-0,13232835499600304;spy
2013-12-04;39059,393252950606;14608,483269700913;-0,34949114739921683;-0,011128941563809391;-0,33836220583540744;spy
2013-12-05;39053,46547312076;14544,272486982474;-0,01517632337874053;-0,4395444861248321;0,42436816274609157;strategy
2013-12-06;39029,34817672776;14706,832812103123;-0,06175456160120163;1,1176930662303297;-1,1794476278315313;spy
2013-12-09;38961,688269880025;14744,220992348235;-0,1733564868707682;0,25422319491075207;-0,4275796817815203;spy
2013-12-10;38850,579719174035;14691,389382778765;-0,28517386088704466;-0,35832079291872043;0,07314693203167577;strategy
2013-12-11;38211,28471028218;14526,390752000254;-1,6455224439709926;-1,123097526581951;-0,5224249173890416;spy
2013-12-12;38378,66527407075;14478,435753746508;0,43803961331749797;-0,3301232843894386;0,7681628977069366;strategy
2013-12-13;38322,50971192845;14476,80980322898;-0,14631973712811996;-0,011230153209795812;-0,13508958391832415;spy
2013-12-16;38640,068940405225;14567,030833280416;0,8286493522054794;0,6232107161573186;0,20543863604816082;strategy
2013-12-17;38517,50340329696;14520,700545307342;-0,31719802906483574;-0,3180489456178437;0,0008509165530079521;strategy
2013-12-18;38987,608605137546;14768,605289163703;1,220497592791392;1,707250577083741;-0,48675298429234903;spy
2013-12-19;38716,62553155447;14751,537149558675;-0,6950492304556688;-0,11557042300772702;-0,5794788074479418;spy
2013-12-20;38941,18751501662;14757,22611601473;0,5800143488206011;0,03856524508853987;0,5414491037320612;strategy
2013-12-23;39095,678046583824;14836,067972917195;0,39672783863518024;0,5342593268046869;-0,13753148816950667;spy
2013-12-24;39069,43246602029;14868,579541846582;-0,06713166742436938;0,21913871646270788;-0,28627038388707726;spy
2013-12-26;39288,322096744996;14944,170737950853;0,5602580250303912;0,5083955457313438;0,051862479299047415;strategy
2013-12-27;38906,2184945344;14943,358382810515;-0,9725627917366753;-0,005435933211572763;-0,9671268585251025;spy
2013-12-30;38929,04545235539;14940,920077152656;0,058671746328164964;-0,0163169857497647;0,07498873207792967;strategy
2013-12-31;39083,690922112786;15011,633421704342;0,39724958051350345;0,4732864119915803;-0,07603683147807683;spy
2014-01-02;38712,910053317784;14867,767186706249;-0,9486843745998952;-0,9583649624036683;0,009680587803773122;strategy
2014-01-03;38834,6434778266;14865,328881048388;0,31445175353945753;-0,01639994511106746;0,330851698650525;strategy
2014-01-06;38742,68151534842;14822,250494110365;-0,23680393134208888;-0,2897910115728597;0,05298708023077081;strategy
2014-01-07;38809,66308492676;14913,283879302131;0,17288831582760178;0,6141670944499245;-0,4412787786223227;spy
2014-01-08;39011,62082186287;14916,535780337183;0,5203800313704487;0,021805398873708803;0,49857463249673994;strategy
2014-01-09;39028,243781416146;14926,289002968631;0,04261027663829964;0,06538530644832896;-0,022775029810029324;spy
2014-01-10;39314,102441195915;14966,929084248795;0,7324404894587744;0,2722718371062083;0,4601686523525661;strategy
2014-01-13;38851,82424205216;14767,792934023368;-1,1758584590229715;-1,330507742132614;0,15464928310964243;strategy
2014-01-14;39439,27877328543;14928,727308626492;1,5120384761686978;1,089765920487351;0,4222725556813467;strategy
2014-01-15;39645,710429155646;15009,19511604648;0,5234164069198188;0,5390131774561269;-0,015596770536308036;spy
2014-01-16;39198,6127913513;14989,687430546737;-1,1277326928048947;-0,1299715630912579;-0,9977611297136368;spy
2014-01-17;39352,048540952856;14926,289002968631;0,39143158054668614;-0,422946961848647;0,8143785423953331;strategy
2014-01-21;39481,353022741874;14970,17974504699;0,32858386433034514;0,2940499280807751;0,03453393624957002;strategy
2014-01-22;40278,080004103074;14979,93420791529;2,0179829726257648;0,06515929023183098;1,9528236823939338;strategy
2014-01-23;40174,09892857548;14857,200368697611;-0,25815797455341905;-0,8193216172660334;0,5611636427126143;strategy
2014-01-24;39250,712711307664;14540,208230807086;-2,298461550835218;-2,133592669036022;-0,16486888179919612;spy
2014-01-27;38982,938775372764;14468,681290878207;-0,6822142005532439;-0,4919251416037551;-0,19028905894948878;spy
2014-01-28;39562,200938588765;14554,83930499111;1,485937647117419;0,5954793832332328;0,8904582638841863;strategy
2014-01-29;38984,985240244394;14415,037326168404;-1,459008054785338;-0,9605188754970739;-0,498489179288264;spy
2014-01-30;39726,89393347466;14567,843188420753;1,9030626500389003;1,060044860063969;0,8430177899749314;strategy
2014-01-31;39893,51312974605;14482,498769685038;0,4194115868972892;-0,5858411408735553;1,0052527277708445;strategy
2014-02-03;39165,02479105477;14156,565764303405;-1,8260821911622815;-2,2505301782858145;0,42444798712353293;strategy
2014-02-04;39459,190908904646;14255,72766184595;0,7510939145813245;0,7004657711023876;0,05062814347893685;strategy
2014-02-05;39285,283645991825;14237,845926863729;-0,44072688493360657;-0,12543544185457112;-0,31529144307903545;spy
2014-02-06;39652,832580079674;14425,602903940182;0,9355893606366905;1,3187175787749972;-0,38312821813830666;spy
2014-02-07;40365,43604899667;14604,419013525527;1,797106089402023;1,239574600632487;0,557531488769536;strategy
2014-02-10;40361,25617144118;14631,241615998857;-0,010355090801994482;0,18366086626582234;-0,19401595706781682;spy
2014-02-11;40700,90694915206;14791,363635461643;0,8415267757478917;1,0943843568798517;-0,25285758113196;spy
2014-02-12;40793,78272389461;14798,679792672085;0,22819092178605338;0,04946235783767072;0,17872856394838266;strategy
2014-02-13;41172,9560812507;14875,082103679835;0,9294881034260793;0,516277884771732;0,41321021865434737;strategy
2014-02-14;41285,559841556045;14957,175861617347;0,2734896179986013;0,5518877634779651;-0,2783981454793638;spy
2014-02-18;41621,20182681678;14975,05759659957;0,8129767079551486;0,1195528831623216;0,693423824792827;strategy
2014-02-19;41356,0493404281;14875,89569905702;-0,6370611004746229;-0,6621804083415839;0,025119307866960927;strategy
2014-02-20;42052,041225482964;14963,678423450594;1,6829264307277159;0,5901004293754175;1,0928260013522983;strategy
2014-02-21;41967,624132232646;14946,609043608712;-0,20074434151168274;-0,1140720841416254;-0,08667225737005735;spy
2014-02-24;42397,697077260455;15029,51515668656;1,0247731529255066;0,5546817531385084;0,4700913997869982;strategy
2014-02-25;42460,90842863024;15023,824949993652;0,14909147365858022;-0,03786021460829847;0,1869516882668787;strategy
2014-02-26;42366,5800187562;15024,638545370839;-0,22215353689992723;0,0054153677901291886;-0,22756890469005642;spy
2014-02-27;42738,85967764901;15103,480402273304;0,878710669419136;0,5247504401811875;0,35396022923794845;strategy
2014-02-28;42247,64778154126;15141,68093765875;-1,1493331825243702;0,25292538122336783;-1,402258563747738;spy
2014-03-03;42097,86044773928;15035,204123142617;-0,35454597277584377;-0,7032033956765993;0,3486574229007555;strategy
2014-03-04;43241,210508769465;15246,533041894209;2,7159338951430856;1,4055606895706063;1,3103732055724793;strategy
2014-03-05;43292,78899718161;15260,35052070104;0,11928086148671468;0,0906270216898708;0,028653839796843883;strategy
2014-03-06;43548,281900043236;15295,300395288292;0,5901511747793853;0,2290240616677819;0,3611271131116034;strategy
2014-03-07;43197,37440336386;15301,802957121541;-0,8057895314557251;0,04251346273167478;-0,8483029941873999;spy
2014-03-10;43071,15545828261;15293,675685007618;-0,29219124269603824;-0,053113166707852155;-0,2390780759881861;spy
2014-03-11;42544,89649290993;15218,084488903349;-1,22183619123567;-0,4942644113891559;-0,7275717798465142;spy
2014-03-12;42757,197428766616;15222,14874507874;0,49900447141073556;0,02670675260316724;0,4722977188075683;strategy
2014-03-13;42223,17271586392;15051,459907607314;-1,2489703371985073;-1,1213189434021942;-0,12765139379631307;spy
2014-03-14;42324,809282124785;15009,19511604648;0,24071276439792122;-0,2808019409430984;0,5215147053410196;strategy
2014-03-17;42539,76668063183;15144,932838693803;0,507875645875222;0,9043637689952089;-0,3964881231199868;spy
2014-03-18;42955,10553870997;15253,035603727456;0,9763543396848151;0,7137883421804325;0,2625659975043826;strategy
2014-03-19;42800,73526174051;15171,75544116713;-0,35937585307604936;-0,5328785998536811;0,17350274677763178;strategy
2014-03-20;43007,65496834868;15260,35052070104;0,4834489532546282;0,5839474533943179;-0,10049850013968964;spy
2014-03-21;42068,18510331015;15134,366020685165;-2,1844247628240443;-0,825567537554095;-1,3588572252699493;spy
2014-03-24;41487,65895369004;15071,779948247397;-1,3799648075962012;-0,4135361359189349;-0,9664286716772663;spy
2014-03-25;41649,81508130695;15143,306888176274;0,3908538869303646;0,4745752669855996;-0,083721380055235;spy
2014-03-26;41045,13117584068;15034,391768002286;-1,4518285478238857;-0,7192294323707271;-0,7325991154531586;spy
2014-03-27;40956,87516591555;15002,692554213232;-0,2150218732327347;-0,2108446705274769;-0,004177202705257788;spy
2014-03-28;40912,3668433242;15076,657799799978;-0,1086711874649926;0,49301313960454785;-0,6016843270695404;spy
2014-03-31;41452,4010881649;15200,202753921134;1,3199780078937629;0,8194452362167093;0,5005327716770536;strategy
2014-04-01;41931,17366303013;15300,990601981204;1,1549935885425189;0,6630691030359515;0,4919244855065674;strategy
2014-04-02;41912,221903397505;15352,197501270002;-0,045197303049338;0,3346639483731595;-0,3798612514224975;spy
2014-04-03;41374,39361372921;15331,877460629921;-1,2832254298231205;-0,13235916642161394;-1,1508662634015066;spy
2014-04-04;40252,33379184327;15150,621805149862;-2,7119668081699855;-1,1822143501048599;-1,5297524580651256;spy
2014-04-07;38849,904325936295;14983,18486871349;-3,4840947935077637;-1,1051489410121684;-2,3789458524955953;spy
2014-04-08;39183,340772255455;15044,95858601092;0,8582683847088823;0,41228695927273407;0,44598142543614827;strategy
2014-04-09;39772,240944212914;15206,705315754383;1,502935074832723;1,0750892321754746;0,42784584265724845;strategy
2014-04-10;38714,922841928405;14887,274872205991;-2,6584323065113935;-2,100589423650212;-0,5578428828611814;spy
2014-04-11;38466,37937855323;14753,161859839347;-0,6419836206053353;-0,9008566948476848;0,2588730742423495;strategy
2014-04-14;38534,29784838774;14869,393137223775;0,17656579831990538;0,7878397762369094;-0,611273977917004;spy
2014-04-15;38606,276061057244;14971,805695564515;0,18678999407930608;0,6887473980653702;-0,5019574039860641;spy
2014-04-16;39264,96591736621;15128,677054229109;1,7061729944302773;1,047778483466888;0,6583945109633893;strategy
2014-04-17;39578,899588764754;15149,809450009527;0,799526152803054;0,13968436040157073;0,6598417924014832;strategy
2014-04-21;39867,109546757;15202,641059578995;0,728190932509043;0,34872788165289936;0,3794630508561436;strategy
2014-04-22;40349,053338181926;15271,729693850013;1,2088756794863542;0,4544515258911863;0,7544241535951679;strategy
2014-04-23;40571,19052950655;15235,966223885573;0,5505387932222439;-0,2341808732958528;0,7847196665180967;strategy
2014-04-24;40692,51223851907;15266,853082534291;0,299034135871068;0,202723333688537;0,09631080218253096;strategy
2014-04-25;39701,74939224583;15141,68093765875;-2,434754680335005;-0,8198948676511608;-1,6148598126838443;spy
2014-04-28;39116,054795885415;15189,637176149354;-1,475236243556588;0,31671674160913543;-1,7919529851657234;spy
2014-04-29;39291,61595790117;15260,35052070104;0,44882123959553155;0,4655367585917114;-0,016715518996179846;spy
2014-04-30;39353,825859835604;15305,867213296924;0,15832869282110806;0,29826767435086055;-0,13993898152975248;spy
2014-05-01;39352,098817526814;15307,493163814452;-0,0043884991384079974;0,010623053858171971;-0,015011552996579969;spy
2014-05-02;39380,35381543114;15285,547172656843;0,0718004852430898;-0,14336763650816264;0,21516812175125244;strategy
2014-05-05;39355,38442915005;15314,808080788036;-0,06340569309792876;0,19142859461083184;-0,2548342877087606;spy
2014-05-06;39125,938193322014;15181,508663798577;-0,5830110394197785;-0,8703956085266196;0,28738456910684107;strategy
2014-05-07;39090,466517011926;15270,917338709678;-0,09066025748653006;0,5889314223711084;-0,6795916798576385;spy
2014-05-08;38781,85977363701;15254,660314008128;-0,7894680490462158;-0,10645742060525487;-0,6830106284409609;spy
2014-05-09;38631,89843375221;15277,419900542925;-0,3866790833655043;0,1491975964479364;-0,5358766798134407;spy
2014-05-12;39440,69607496126;15426,161506619888;2,093600558088071;0,9736042279735679;1,1199963301145033;strategy
2014-05-13;39342,859976512;15439,980225663576;-0,24805875196348692;0,08957976381718247;-0,3376385157806694;spy
2014-05-14;39192,47597872854;15366,827335217167;-0,3822396182515564;-0,47378875735097914;0,09154913909942275;strategy
2014-05-15;38945,97952723311;15231,901967710188;-0,6289381962732099;-0,8780300875624647;0,2490918912892548;strategy
2014-05-16;38137,578378766484;15284,73481751651;-2,0756985914331616;0,346856550930541;-2,4225551423637026;spy
2014-05-19;38299,34349410954;15340,818328121033;0,4241620003673896;0,3669249828282872;0,057237017539102375;strategy
2014-05-20;38117,02725698588;15244,094736236346;-0,47602966654428647;-0,6304982551509908;0,15446858860670432;strategy
2014-05-21;38355,01006695435;15372,517541910085;0,6243477707849276;0,8424429780567344;-0,21809520727180676;spy
2014-05-22;38484,50490362783;15409,905722155198;0,3376216990881309;0,24321442563446372;0,09440727345366717;strategy
2014-05-23;38739,45347648924;15471,679439452626;0,6624707099645688;0,4008701831875294;0,2616005267770394;strategy
2014-05-27;38826,15702433225;15566,777080819786;0,22381200575178894;0,6146562287521418;-0,3908442230003528;spy
2014-05-28;38920,53402420969;15555,397907670816;0,24307582081404266;-0,07309909488579791;0,3161749156998406;strategy
2014-05-29;39201,70862825638;15635,864474853948;0,7224325438900392;0,5172903172309784;0,2051422266590608;strategy
2014-05-30;39149,29863427502;15661,061126809755;-0,13369313689450824;0,16114652308689692;-0,29483965998140516;spy
2014-06-02;39154,99702023504;15678,942861791977;0,014555525025494731;0,11417958743300538;-0,09962406240751065;spy
2014-06-03;39223,86371550847;15670,815589678055;0,17588226411522356;-0,05183558729413562;0,22771785140935918;strategy
2014-06-04;39497,65643115557;15702,514803467107;0,6980258692333985;0,2022818379021185;0,49574403133128;strategy
2014-06-05;39801,56499891461;15804,927361807848;0,7694344303408318;0,6522048195625851;0,11722961077824667;strategy
2014-06-06;39972,16211035003;15880,518557912115;0,42861910439970785;0,47827613739581665;-0,049657032996108796;spy
2014-06-09;39895,84160595283;15896,77434237681;-0,19093414108174445;0,10236305826798464;-0,2932971993497291;spy
2014-06-10;39959,004544794654;15898,400292894332;0,15831960499963493;0,010228178890270279;0,14809142610936465;strategy
2014-06-11;39871,61710142372;15843,129137430149;-0,2186927436417352;-0,34765230743929454;0,12895956379755935;strategy
2014-06-12;39569,99898155294;15730,962116221108;-0,7564732554075637;-0,7079852738436698;-0,04848798156389389;spy
2014-06-13;39861,030289963564;15778,918354711708;0,7354847508242335;0,3048525458029694;0,4306322050212641;strategy
2014-06-16;40252,84913552559;15791,922238141351;0,9829621630745411;0,0824130218391117;0,9005491412354294;strategy
2014-06-17;40449,49199181044;15835,814220456565;0,4885190999096345;0,27793945317944324;0,21057964673019125;strategy
2014-06-18;40787,01468845883;15952,044257604142;0,8344300015355577;0,7339694412266562;0,10046056030890149;strategy
2014-06-19;41237,2463031311;15969,925992586357;1,1038601822448868;0,11209682403989785;0,991763358204989;strategy
2014-06-20;41291,76128479897;15926,035250508;0,1321984044888369;-0,2748337224526387;0,4070321269414756;strategy
2014-06-23;41263,757974790096;15921,15863919228;-0,06781815339803599;-0,030620372484524427;-0,03719778091351156;spy
2014-06-24;40620,42190662238;15825,24740244793;-1,5590825938848307;-0,60241367426771;-0,9566689196171207;spy
2014-06-25;40724,65610711767;15896,77434237681;0,25660541078302845;0,451979916079015;-0,19537450529598654;spy
2014-06-26;40660,83080585037;15885,395169227839;-0,15672397846508979;-0,07158164860299188;-0,08514232986209791;spy
2014-06-27;40585,32976077125;15916,282027876556;-0,18568495424902132;0,19443557002942757;-0,3801205242784489;spy
2014-06-30;40859,18815498636;15908,15351552578;0,6747718839032579;-0,051070421701115976;0,7258423056043739;strategy
2014-07-01;41359,07732350858;16014,63033004191;1,223443712650507;0,6693222718287872;0,5541214408217199;strategy
2014-07-02;41184,281686324706;16030,886114506602;-0,42262944073107045;0,10150583641133082;-0,5241352771424013;spy
2014-07-03;41436,460318416845;16109,727971409067;0,6123176652996554;0,49181222010628023;0,12050544519337514;strategy
2014-07-07;40712,49236396725;16053,644460804548;-1,747176155700303;-0,348134435938674;-1,399041719761629;spy
2014-07-08;40056,298871484854;15950,41954732347;-1,6117743090156789;-0,6429998729142405;-0,9687744361014383;spy
2014-07-09;40273,98075046645;16021,945247015494;0,5434398212375902;0,4484251933299488;0,09501462790764137;strategy
2014-07-10;40057,67132937938;15958,546819437392;-0,5370947124082481;-0,3956974424807247;-0,14139726992752344;spy
2014-07-11;40123,465840948615;15980,492810595;0,16424946679558516;0,1375187315356241;0,026730735259961058;strategy
2014-07-14;40396,63397425242;16060,960618014984;0,6808188863510978;0,5035377092165394;0,17728117713455838;strategy
2014-07-15;40075,35433569421;16030,886114506602;-0,795312893551936;-0,18725220877914284;-0,6080606847727932;spy
2014-07-16;40339,54179153071;16090,221526146177;0,6592267497462778;0,3701318268731324;0,2890949228731454;strategy
2014-07-17;39865,714733241155;15907,341160385446;-1,1745970262583283;-1,1365932126139788;-0,03800381364434946;spy
2014-07-18;40812,121630580485;16069,901485506096;2,373987030389779;1,0219201529761524;1,3520668774136269;strategy
2014-07-21;40990,76811860398;16039,826981997716;0,4377289905203918;-0,18714802661052854;0,6248770171309204;strategy
2014-07-22;41122,624011818756;16109,727971409067;0,32167216977554425;0,4357964053465446;-0,11412423557100038;spy
2014-07-23;40921,12141199266;16145,491441373508;-0,4900042365199919;0,22199921704395553;-0,7120034535639475;spy
2014-07-24;41008,873127105035;16146,303796513846;0,2144411298725002;0,005031467411753532;0,20940966246074666;strategy
2014-07-25;40345,30578008927;16070,713840646431;-1,6181067569427388;-0,4681564079311862;-1,1499503490115526;spy
2014-07-28;40161,97045366208;16077,216402479678;-0,4544155085265733;0,040462184180034555;-0,49487769270660786;spy
2014-07-29;40118,763881107465;16008,127768208662;-0,10758080857726782;-0,42973007603704927;0,32214926745978145;strategy
2014-07-30;40146,426570976946;16010,566073866521;0,06895199949694675;0,015231672892457304;0,05372032660448944;strategy
2014-07-31;39331,27053943193;15694,386291116336;-2,030457256522844;-1,974819511636594;-0,05563774488624995;spy
2014-08-01;39329,49973858007;15646,431292862586;-0,004502272180817446;-0,3055551033613546;0,30105283118053716;strategy
2014-08-04;39803,13306294152;15759,410669211964;1,2042698928530715;0,7220776050121724;0,48219228784089907;strategy
2014-08-05;39372,16635574514;15606,60356672276;-1,0827456886745135;-0,9696244719844205;-0,11312121669009301;spy
2014-08-06;39332,23153532372;15611,481418275336;-0,10142906554998499;0,03125504874728069;-0,13268411429726568;spy
2014-08-07;38959,4143380911;15526,94935467996;-0,9478668834180026;-0,5414736842105139;-0,40639319920748873;spy
2014-08-08;39267,12242468892;15706,579059642496;0,7898170232425006;1,1568898748832046;-0,367072851640704;spy
2014-08-11;39798,36247456407;15752,09575223838;1,352887650206669;0,2897938018396218;1,0630938483670471;strategy
2014-08-12;39861,73363043183;15730,149761080771;0,1592305610771394;-0,13932108782724884;0,29855164890438823;strategy
2014-08-13;40405,57290076445;15836,626575596903;1,3643141449257712;0,6768963813655215;0,6874177635602496;strategy
2014-08-14;40628,13739269574;15911,40417632398;0,5508262250801588;0,47218137252982295;0,07864485255033582;strategy
2014-08-15;40872,32576067075;15908,15351552578;0,6010326430049728;-0,020429754421280588;0,6214623974262534;strategy
2014-08-18;41276,79547797137;16041,452932515243;0,9895931043146566;0,8379314221437895;0,15166168217086717;strategy
2014-08-19;41524,21985729203;16125,171400733427;0,5994272967549286;0,5218883137978692;0,07753898295705941;strategy
2014-08-20;41625,63772338948;16168,24978767145;0,24423786032825578;0,26714994754142296;-0,022912087213167176;spy
2014-08-21;41534,86422926971;16215,392430784861;-0,21807111934951662;0,29157542549447246;-0,5096465448439891;spy
2014-08-22;41614,930389584166;16190,195778829057;0,19276856154506472;-0,1553872474154172;0,3481558089604819;strategy
2014-08-25;41704,07773890812;16272,288296529718;0,21421962860297405;0,5070508029804577;-0,2928311743774836;spy
2014-08-26;41761,12640398036;16282,855114538355;0,13679397355192968;0,06493750489222627;0,07185646865970341;strategy
2014-08-27;41733,23667370606;16276,352552705104;-0,06678395119065206;-0,03993502237482627;-0,02684892881582579;spy
2014-08-28;41673,0014317767;16267,411685213994;-0,14433398109117146;-0,054931640625;-0,08940234046617146;spy
2014-08-29;42266,25052461812;16313,74197318707;1,4235813895301819;0,28480429996855516;1,1387770895616267;strategy
2014-09-02;42817,997083248614;16305,613460836299;1,3054069187167006;-0,04982616719163557;1,3552330859083361;strategy
2014-09-03;42865,551826138384;16296,672593345187;0,11106251139518797;-0,05483306416276257;0,16589557555795054;strategy
2014-09-04;42620,11259415749;16273,101891906908;-0,5725791959389492;-0,14463505542784416;-0,4279441405111051;spy
2014-09-05;42836,13348442511;16346,253542116463;0,5068519933878246;0,4495249319733885;0,05732706141443611;strategy
2014-09-08;42912,83064912427;16303,987510318773;0,1790478235554227;-0,2585670881024238;0,4376149116578465;strategy
2014-09-09;42405,1920184191;16200,762596837694;-1,1829530306585179;-0,633126794385408;-0,5498262362731099;spy
2014-09-10;42680,63526341204;16261,722718757937;0,6495507551841806;0,37627933596251495;0,27327141922166565;strategy
2014-09-11;42802,95289776918;16280,416808880493;0,2865881297272832;0,1149576243911099;0,1716305053361733;strategy
2014-09-12;42416,352862191765;16185,319167513335;-0,9032087961332369;-0,5841228912228158;-0,3190859049104211;spy
2014-09-15;42081,96055326029;16173,12639898717;-0,7883570518613436;-0,07533227117719754;-0,7130247806841461;spy
2014-09-16;42594,19127472467;16295,046642827658;1,217221618788611;0,753844623684663;0,4633769951039479;strategy
2014-09-17;42695,77872436772;16316,992633985268;0,23850071242774717;0,13467890972420626;0,10382180270354091;strategy
2014-09-18;43125,68294613585;16403,963003238507;1,0069009972706544;0,5330048937577825;0,4738961035128719;strategy
2014-09-19;43083,187086050246;16312,928377809882;-0,09853956432106514;-0,5549550764693434;0,45641551214827825;strategy
2014-09-22;42641,48277153348;16186,943877794009;-1,0252359316745618;-0,7722984929379506;-0,25293743873661123;spy
2014-09-23;42443,0916671154;16094,284542084712;-0,4652537658716871;-0,5724325506336725;0,10717878476198539;strategy
2014-09-24;42985,00860961299;16220,269042100581;1,2768083596451651;0,7827903109730361;0,49401804867212906;strategy
2014-09-25;42133,996799605135;15958,546819437392;-1,9797874597087706;-1,6135504410184298;-0,36623701869034075;spy
2014-09-26;42620,06509194082;16085,343674593601;1,1536249329668236;0,7945388548898036;0,35908607807702;strategy
2014-09-29;42756,10922977928;16056,082766462407;0,3192020883707736;-0,18191036960815143;0,501112457978925;strategy
2014-09-30;42373,71485299118;16013,817974901573;-0,8943619606102127;-0,26323227262576854;-0,6311296879844441;spy
2014-10-01;41398,90898987123;15796,800089693928;-2,300496584974643;-1,355191407494305;-0,9453051774803378;spy
2014-10-02;41301,378690406185;15799,238395351791;-0,23558664188204625;0,015435440367772557;-0,2510220822498188;spy
2014-10-03;41880,43458871934;15973,17789362141;1,4020255901231238;1,1009359686653841;0,30108962145773965;strategy
2014-10-06;41254,13353863884;15954,482563262003;-1,495450217341343;-0,11704202184383838;-1,3784081954975047;spy
2014-10-07;40320,91835536318;15708,203769923168;-2,262113158676826;-1,5436338493730606;-0,7184793093037656;spy
2014-10-08;40768,828799123956;15982,931116252856;1,1108636956459472;1,7489418290824288;-0,6380781334364816;spy
2014-10-09;39751,630442379785;15665,938978362336;-2,49503943749797;-1,9833166744250952;-0,5117227630728749;spy
2014-10-10;38218,60104938951;15487,121628540133;-3,8565195337394;-1,14144035712882;-2,7150791766105797;spy
2014-10-13;37105,834314412445;15232,715563087373;-2,9115841616992877;-1,6426943079205447;-1,268889853778743;spy
2014-10-14;37550,5641562493;15256,286264525654;1,1985442452755013;0,1547373568465904;1,043806888428911;strategy
2014-10-15;37752,692526060804;15153,06011080772;0,5382831772392072;-0,6766139014968364;1,2148970787360436;strategy
2014-10-16;38438,87386976404;15140,056227378078;1,8175692852359093;-0,08581688011893851;1,9033861653548478;strategy
2014-10-17;39010,451819943606;15318,872336963424;1,4869789164899894;1,1810795607349878;0,3058993557550016;strategy
2014-10-20;39393,07838272972;15467,615183277241;0,9808308925827403;0,9709777785334106;0,009853114049329648;strategy
2014-10-21;40264,9276098218;15774,041743395988;2,2132041030698213;1,981084714662673;0,23211938840714819;strategy
2014-10-22;40008,59410773876;15661,874722186943;-0,6366173175995304;-0,7110861187875628;0,07446880118803234;strategy
2014-10-23;40565,55303349934;15843,941492570486;1,3920982183496466;1,1624838891453049;0,22961432920434177;strategy
2014-10-24;40657,514176381315;15965,861736410974;0,22669761905140806;0,7695070314268637;-0,5428094123754557;spy
2014-10-27;40486,41014529047;15943,91698549022;-0,4208423327322852;-0,1374479579182908;-0,28339437481399443;spy
2014-10-28;41119,95936875171;16126,79735125095;1,564844156811307;1,1470228170854302;0,41782133972587676;strategy
2014-10-29;41177,362555474494;16102,413054435487;0,1395993274409868;-0,15120359166398423;0,290802919104971;strategy
2014-10-30;40954,228728847826;16205,639208153418;-0,5418846977536806;0,6410601527172766;-1,1829448504709572;spy
2014-10-31;41668,6596895107;16390,957879572008;1,7444620075573125;1,143544349212422;0,6009176583448905;strategy
2014-11-03;41701,37469352783;16399,89874706312;0,07851225419992502;0,05454755943368195;0,023964694766243078;strategy
2014-11-04;41701,37469352783;16343,002881318263;0,0;-0,3469281525597445;0,3469281525597445;strategy
2014-11-05;41701,37469352783;16446,227794799343;0,0;0,6316153416277892;-0,6316153416277892;spy
2014-11-06;41701,37469352783;16512,06452803531;0,0;0,40031509995737125;-0,40031509995737125;spy
2014-11-07;41701,37469352783;16527,507957359667;0,0;0,09352815511431967;-0,09352815511431967;spy
2014-11-10;41701,37469352783;16579,527211788794;0,0;0,3147434843978614;-0,3147434843978614;spy
2014-11-11;41701,37469352783;16595,782996253492;0,0;0,09804733426379553;-0,09804733426379553;spy
2014-11-12;41701,37469352783;16577,902501508128;0,0;-0,10774119394909576;0,10774119394909576;strategy
2014-11-13;41701,37469352783;16596,596591630685;0,0;0,11276511079043594;-0,11276511079043594;spy
2014-11-14;41701,37469352783;16600,660847806073;0,0;0,024488491679308666;-0,024488491679308666;spy
2014-11-17;41701,37469352783;16611,226425577854;0,0;0,06364552513087318;-0,06364552513087318;spy
2014-11-18;41701,37469352783;16707,1376623222;0,0;0,57738805243579;-0,57738805243579;spy
2014-11-19;41701,37469352783;16680,31505984887;0,0;-0,1605457680151856;0,1605457680151856;strategy
2014-11-20;41701,37469352783;16709,57596798006;0,0;0,17542179524909773;-0,17542179524909773;spy
2014-11-21;41701,37469352783;16798,983402654307;0,0;0,5350670468572849;-0,5350670468572849;spy
2014-11-24;41701,37469352783;16846,12604576772;0,0;0,28062795220076264;-0,28062795220076264;spy
2014-11-25;41701,37469352783;16833,934517478414;0,0;-0,0723699220591345;0,0723699220591345;strategy
2014-11-26;41701,37469352783;16877,01290441643;0,0;0,25590207026937595;-0,25590207026937595;spy
2014-11-28;41701,37469352783;16841,249434451995;0,0;-0,21190639698496216;0,21190639698496216;strategy
2014-12-01;41621,30805411625;16724,205801927234;-0,19200000000002548;-0,6949818835016219;0,5029818835015964;strategy
2014-12-02;41981,40336742463;16832,308566960884;0,8651705824338496;0,6463850440132424;0,21878553842060722;strategy
2014-12-03;42439,20498995122;16897,332945056514;1,0904867055535838;0,38630695152097605;0,7041797540326078;strategy
2014-12-04;42939,72559811984;16878,638854933957;1,179382621062608;-0,11063337736992862;1,2900159984325366;strategy
2014-12-05;43168,74153610386;16906,273812547624;0,533342807374737;0,16372740628660676;0,3696154010881303;strategy
2014-12-08;42703,343674458825;16793,294436198248;-1,0780899444469583;-0,6682689373309736;-0,4098210071159847;spy
2014-12-09;42758,561173294656;16781,915263049275;0,129304860192625;-0,0677602193673521;0,1970650795599771;strategy
2014-12-10;42175,22138347848;16512,878123412494;-1,3642643106066665;-1,6031372785509923;0,23887296794432578;strategy
2014-12-11;42688,652323468676;16596,596591630685;1,2173758030143311;0,5069889548781514;0,7103868481361797;strategy
2014-12-12;42578,144902491564;16328,37180713424;-0,25886837593220857;-1,616143303933204;1,3572749280009955;strategy
2014-12-15;42409,09136045049;16216,2047859252;-0,3970429957158128;-0,686945535868011;0,2899025401521982;strategy
2014-12-16;41829,425915978965;16086,157269970787;-1,3668424054284367;-0,8019602469949483;-0,5648821584334884;spy
2014-12-17;42988,81249236829;16401,52345734379;2,77170090433021;1,960481811039605;0,8112190932906049;strategy
2014-12-18;43750,27337918001;16807,11191500508;1,7713001189481492;2,4728706373900344;-0,7015705184418852;spy
2014-12-19;43763,951097795856;16785,97951922466;0,03126316148311936;-0,1257348430074634;0,15699800449058277;strategy
2014-12-22;44257,34401444296;16863,1954256096;1,127395731579539;0,4600023864946623;0,6673933450848768;strategy
2014-12-23;43936,30922080178;16885,953771907545;-0,7253819694566843;0,13495868205015693;-0,8603406515068412;spy
2014-12-24;44279,1003286465;16887,579722425067;0,7802000530404696;0,009629012014866767;0,7705710410256028;strategy
2014-12-26;44510,13458063752;16942,037282512065;0,5217681711603195;0,32247107627081384;0,19929709488950564;strategy
2014-12-29;44233,9927612777;16964,795628810007;-0,620402121812369;0,13433063520309485;-0,7547327570154638;spy
2014-12-30;44051,17664306376;16873,762243618236;-0,4132932769613795;-0,5366017203129569;0,12330844335157742;strategy
2014-12-31;43850,9230946268;16706,32406694501;-0,45459296140841765;-0,992299015808118;0,5377060543997003;strategy
2015-01-02;43825,822990061824;16697,3831994539;-0,05723962642887326;-0,053517862189689236;-0,003721764239184022;spy
2015-01-05;43446,26480916525;16395,83449088773;-0,8660605893987317;-1,8059638744832296;0,9399032850844979;strategy
2015-01-06;42994,0695886077;16241,402678117856;-1,0408149527785349;-0,9418966314627131;-0,09891832131582179;spy
2015-01-07;43530,1210524561;16443,789489141476;1,2468032660728712;1,246116576472156;0,0006866896007151624;strategy
2015-01-08;44503,27105327924;16735,584975076203;2,235578439238517;1,7745026845996215;0,4610757546388955;strategy
2015-01-09;44025,30349013303;16601,473202946407;-1,0740054648432196;-0,8013569428826361;-0,2726485219605834;spy
2015-01-12;43885,721561301114;16471,424446755143;-0,3170493279238906;-0,7833567214274861;0,4663073935035955;strategy
2015-01-13;43957,79647559417;16425,095399018923;0,16423317591436337;-0,2812692240794501;0,44550239999381347;strategy
2015-01-14;43800,993814581496;16325,93350147638;-0,35671183176739785;-0,6037218970945224;0,24701006532712455;strategy
2015-01-15;43057,32443837103;16176,378300022223;-1,6978367645231196;-0,9160591119682815;-0,7817776525548381;spy
2015-01-16;43932,92576271348;16388,51957391415;2,033571142107804;1,3114262658634468;0,7221448762443572;strategy
2015-01-20;44437,45659116871;16423,469448501397;1,148411629082613;0,21325827772069594;0,935153351361917;strategy
2015-01-21;44301,12749426282;16506,375561579247;-0,30678870341328546;0,5048026748417422;-0,8115913782550277;spy
2015-01-22;45173,366318882596;16751,84199977775;1,9688862879003066;1,4871007707461636;0,481785517154143;strategy
2015-01-23;45377,35139650881;16659,99501920879;0,4515604973653442;-0,5482798880873996;0,9998403854527438;strategy
2015-01-26;45864,56893976552;16699,009149971425;1,0737020303353217;0,23417852596987476;0,839523504365447;strategy
2015-01-27;45449,680896673126;16478,740603965583;-0,90459379142378;-1,3190515917899215;0,41445780036614144;strategy
2015-01-28;45343,632902774116;16267,411685213994;-0,2333305576778466;-1,282433675184702;1,0491031175068555;strategy
2015-01-29;45647,66179299277;16417,780482045342;0,6704996286260201;0,9243560053749933;-0,2538563767489732;spy
2015-01-30;44756,78632170216;16211,328174609474;-1,9516344020656162;-1,2574921906261638;-0,6941422114394524;spy
2015-02-02;44572,686792601155;16412,090275352428;-0,4113332172192563;1,238406246425816;-1,6497394636450724;spy
2015-02-03;44572,686792601155;16649,428201200153;0,0;1,4461163804598165;-1,4461163804598165;spy
2015-02-04;44572,686792601155;16586,029773622045;0,0;-0,3807844138067007;0,3807844138067007;strategy
2015-02-05;44572,686792601155;16753,46671005842;0,0;1,0095058234048215;-1,0095058234048215;spy
2015-02-06;44572,686792601155;16707,1376623222;0,0;-0,27653409612474755;0,27653409612474755;strategy
2015-02-09;44572,686792601155;16632,360061595125;0,0;-0,4475787668626885;0,4475787668626885;strategy
2015-02-10;44572,686792601155;16809,55022066294;0,0;1,0653338336328755;-1,0653338336328755;spy
2015-02-11;44572,686792601155;16819,303443294386;0,0;0,058021913158978755;-0,058021913158978755;spy
2015-02-12;44572,686792601155;16981,0514132747;0,0;0,9616805507174586;-0,9616805507174586;spy
2015-02-13;44572,686792601155;17050,952402686056;0,0;0,4116411152062849;-0,4116411152062849;spy
2015-02-17;44572,686792601155;17077,775005159387;0,0;0,15730852939983553;-0,15730852939983553;spy
2015-02-18;44572,686792601155;17079,400955676912;0,0;0,00952085688583626;-0,00952085688583626;spy
2015-02-19;44572,686792601155;17067,208187150747;0,0;-0,07138873639541687;0,07138873639541687;strategy
2015-02-20;44572,686792601155;17169,62198572835;0,0;0,6000618112498746;-0,6000618112498746;spy
2015-02-23;44572,686792601155;17167,183680070484;0,0;-0,014201277464886974;0,014201277464886974;strategy
2015-02-24;44572,686792601155;17215,951033464564;0,0;0,284073114745631;-0,284073114745631;spy
2015-02-25;44572,686792601155;17201,3211995174;0,0;-0,08497836639246303;0,08497836639246303;strategy
2015-02-26;44572,686792601155;17181,00115887732;0,0;-0,11813069708069834;0,11813069708069834;strategy
2015-02-27;44572,686792601155;17122,479342614934;0,0;-0,3406193604273633;0,3406193604273633;strategy
2015-03-02;44487,10723395937;17230,58210764859;-0,19199999999998107;0,6313499515494092;-0,8233499515493903;spy
2015-03-03;44180,62742532135;17159,867522860048;-0,6889182679966743;-0,4104016007512201;-0,2785166672454542;spy
2015-03-04;44109,981672047055;17087,52822779083;-0,15990210504299718;-0,421560918071473;0,2616588130284758;strategy
2015-03-05;44283,18528846283;17106,223558150243;0,39266308860321786;0,10940921419522187;0,283253874407996;strategy
2015-03-06;43743,419698365295;16865,633731267462;-1,2188951327269604;-1,4064461747791857;0,18755104205222528;strategy
2015-03-09;43885,292866064585;16935,534720678817;0,32433030768417304;0,4144581254706292;-0,09012781778645618;spy
2015-03-10;43425,85420715659;16660,80737434912;-1,0469080388962548;-1,6221946980761626;0,5752866591799077;strategy
2015-03-11;43637,97164899738;16621,793243586486;0,4884588817272606;-0,23416710778794148;0,7226259895152021;strategy
2015-03-12;43949,194654644365;16833,122162338073;0,7131931065685437;1,2713966276360011;-0,5582035210674574;spy
2015-03-13;43911,07884789308;16729,89600862014;-0,08672697429567;-0,6132323684366003;0,5265053941409303;strategy
2015-03-16;44625,67919990467;16953,416455661038;1,62738053985636;1,3360540132809406;0,29132652657541946;strategy
2015-03-17;44589,954138360496;16903,02315174943;-0,0800549418735752;-0,2972457147112806;0,21719077283770538;strategy
2015-03-18;44905,281497752076;17106,223558150243;0,7071713023367066;1,2021542216238634;-0,4949829192871569;spy
2015-03-19;45196,823368336714;17028,194056388114;0,6492373744483304;-0,4561468608011432;1,1053842352494736;strategy
2015-03-20;45302,558204287256;17102,15930197485;0,2339430696021383;0,43436928978966005;-0,20042622018752176;spy
2015-03-23;45047,3044800349;17068,834137668277;-0,5634421859827765;-0,1948593959285927;-0,3685827900541838;spy
2015-03-24;44878,90567591418;16972,924141160784;-0,37382659420910347;-0,5619012741815421;0,18807467997243865;strategy
2015-03-25;43873,66018844771;16724,205801927234;-2,2399064155567583;-1,4653829662172768;-0,7745234493394815;spy
2015-03-26;43829,53196532201;16684,379316024253;-0,10058021814493001;-0,2381367843392046;0,1375565661942746;strategy
2015-03-27;44557,6666104291;16722,58109164656;1,661287749281004;0,2289673166661732;1,4323204326148309;strategy
2015-03-30;44959,58520584299;16926,593853187707;0,9020189475537288;1,219983688062709;-0,31796474050898027;spy
2015-03-31;44743,58048712071;16778,663362014224;-0,4804419741270438;-0,8739530968637554;0,3935111227367116;strategy
2015-04-01;44450,36313174755;16719,32919061151;-0,6553283223669548;-0,35362871357824677;-0,30169960878870805;spy
2015-04-02;44529,889332305975;16779,476957391416;0,17891012571193965;0,35974988047775547;-0,18083975476581582;spy
2015-04-06;44587,57750693026;16892,456333740793;0,12954933301940752;0,673318820582236;-0,5437694875628285;spy
2015-04-07;44579,22290988718;16847,751996285242;-0,01873749934447888;-0,26464083477462097;0,2459033354301421;strategy
2015-04-08;44942,3113898992;16904,6478620301;0,8144791593742484;0,3377059785626191;0,47677318081162934;strategy
2015-04-09;45026,141466660476;16979,42546275718;0,18652818283866335;0,4423493546709123;-0,25582117183224895;spy
2015-04-10;45177,03255152607;17072,084798466472;0,33511884418815363;0,5457153771930123;-0,2105965330048587;spy
2015-04-13;44926,73889424378;16994,868892081537;-0,5540285475740703;-0,4522933625064507;-0,10173518506761958;spy
2015-04-14;44779,006182271114;17027,381701247778;-0,3288302592369896;0,19130956156649948;-0,5201398208034891;spy
2015-04-15;44731,32282442989;17103,784012255524;-0,10648596721225534;0,44870263877474503;-0,5551886059870004;spy
2015-04-16;44767,57177920357;17098,907400939803;0,08103707309519148;-0,02851188551157291;0,10954895860676439;strategy
2015-04-17;44289,25918345655;16902,20955637224;-1,068435424878733;-1,1503532942505612;0,0819178693718281;strategy
2015-04-20;44564,649092036314;17056,642609378967;0,6217984081400729;0,913685589399793;-0,29188718125972013;spy
2015-04-21;45101,53911528566;17036,322568738884;1,204744195652796;-0,11913271037824469;1,3238769060310407;strategy
2015-04-22;45171,33334314561;17120,041036957075;0,15474910441868328;0,49141161703414316;-0,3366625126154599;spy
2015-04-23;45294,71412192336;17163,119423895096;0,2731395547713511;0,25162548877672997;0,021514065994621134;strategy
2015-04-24;45016,5121566216;17202,945909798073;-0,6142040427783768;0,23204689613431917;-0,846250938912696;spy
2015-04-27;44656,52252076233;17131,420210106044;-0,7996835352476639;-0,4157758797072697;-0,3839076555403942;spy
2015-04-28;44540,78307183526;17185,87777019304;-0,2591770303503882;0,31788117633628765;-0,5770582066866758;spy
2015-04-29;43811,30789531007;17115,164425641353;-1,6377690875993278;-0,41146193111144536;-1,2263071564878825;spy
2015-04-30;43422,396924103494;16943,66323302959;-0,8876954144713123;-1,0020423312721682;0,11434691680085596;strategy
2015-05-01;44233,30478932694;17127,35595393066;1,867487570160642;1,0841381723344368;0,7833493978262052;strategy
2015-05-04;44542,02435189993;17176,124547561594;0,6979346536356346;0,28474093585790783;0,41319371777772673;strategy
2015-05-05;43927,80381900094;16979,42546275718;-1,3789686073681695;-1,1451889758935185;-0,23377963147465097;spy
2015-05-06;43985,99352476406;16909,524473345824;0,1324666855708978;-0,41168053397728777;0,5441472195481856;strategy
2015-05-07;44458,304762837826;16976,987157099316;1,0737764461495214;0,39896263114809205;0,6748138150014293;strategy
2015-05-08;44906,13810421556;17200,507604140206;1,0073108809854459;1,3166084474972362;-0,3092975665117903;spy
2015-05-11;45021,26040458989;17118,415086439552;0,2563620592515914;-0,4772679945846181;0,7336300538362095;strategy
2015-05-12;45074,90845440158;17067,208187150747;0,11916159016778227;-0,2991334129370915;0,4182950031048738;strategy
2015-05-13;44933,62662097583;17070,4600881858;-0,3134378710245578;0,019053503065014077;-0,33249137408957186;spy
2015-05-14;45508,26182700595;17248,46384263081;1,2788533871910257;1,0427589738380982;0,23609441335292747;strategy
2015-05-15;45472,72095209289;17267,157932753365;-0,07809763213580956;0,10838118856910661;-0,18647882070491617;spy
2015-05-18;45950,84181154457;17320,803137700022;1,0514454588178124;0,3106776758258434;0,740767782991969;strategy
2015-05-19;46005,95063800586;17315,112931007112;0,11992996055938399;-0,03285186401389417;0,15278182457327816;strategy
2015-05-20;45794,2911584119;17302,921402717806;-0,46006978805717136;-0,07040975324783538;-0,389660034809336;spy
2015-05-21;45985,92017281836;17353,31470662941;0,41845612096840235;0,2912415929005485;0,12721452806785383;strategy
2015-05-22;46032,84147859338;17311,862270208916;0,10203406955582306;-0,23887330530956152;0,3409073748653846;strategy
2015-05-26;45707,460453675725;17125,73000341313;-0,7068454052938766;-1,0751718324151227;0,3683264271212461;strategy
2015-05-27;46544,62168231099;17288,29032853378;1,8315636448096306;0,9492169098091141;0,8823467350005165;strategy
2015-05-28;46637,74731964512;17268,78388327089;0,20007819156797613;-0,1128303891952509;0,31290858076322703;strategy
2015-05-29;47324,703416677585;17161,49347337757;1,4729615740747937;-0,6212968476446035;2,094258421719397;strategy
2015-06-01;47309,81790455383;17196,444588201677;-0,03145399981209218;0,20366010031893644;-0,23511410013102862;spy
2015-06-02;47098,87257874735;17179,375208359794;-0,44588065469212124;-0,09926109873662492;-0,3466195559554963;spy
2015-06-03;47130,94017681661;17224,891900955678;0,06808570208478582;0,26494963899348356;-0,19686393690869775;spy
2015-06-04;46737,09971116307;17079,400955676912;-0,8356304036711504;-0,8446552008299912;0,009024797158840858;strategy
2015-06-05;47301,872858028975;17050,14004754572;1,2084043519093424;-0,17132280111655795;1,3797271530259003;strategy
2015-06-08;46767,848834965436;16945,287943310257;-1,1289701459947454;-0,6149633020202439;-0,5140068439745016;spy
2015-06-09;46857,911152399385;16942,849637652398;0,192573145178776;-0,014389284301430383;0,20696242948020638;strategy
2015-06-10;47482,41119402961;17146,050044053212;1,3327526265503487;1,1993283936678312;0,13342423288251748;strategy
2015-06-11;47494,66489735843;17201,3211995174;0,025806826192420473;0,322355034087618;-0,29654820789519754;spy
2015-06-12;47109,52199366691;17069,646492808613;-0,8109182463416853;-0,7654918199683336;-0,0454264263733517;spy
2015-06-15;47635,260658962434;16996,494842599062;1,1159923579063369;-0,4285481262917168;1,5445404841980537;strategy
2015-06-16;47867,501831706795;17089,154178308356;0,48754046798873407;0,5451673216589237;-0,057626853670189604;spy
2015-06-17;48076,601682937864;17116,789135922023;0,4368305076087431;0,16171050553657196;0,27512000207217113;strategy
2015-06-18;48673,70026885196;17294,79289036703;1,2419733612868855;1,0399365969370855;0,2020367643498;strategy
2015-06-19;48680,962572418786;17134,67087090424;0,014920385190997365;-0,9258394736370357;0,940759858828033;strategy
2015-06-22;48801,68892367832;17222,453595297815;0,2479949961546879;0,5123105372431436;-0,2643155410884557;spy
2015-06-23;48837,30169498855;17234,64512358712;0,0729744648098718;0,07078856808553358;0,002185896724338221;strategy
2015-06-24;48370,721324120874;17109,47421894844;-0,9553770472039647;-0,7262749174183791;-0,22910212978558553;spy
2015-06-25;48699,22815799967;17057,454964519307;0,6791439633028196;-0,304037714797345;0,9831816781001645;strategy
2015-06-26;48215,59310636164;17054,204303721108;-0,9931061947612951;-0,01905712666374626;-0,9740490680975489;spy
2015-06-29;47130,99344668512;16696,570844313563;-2,249479037380986;-2,097039844477011;-0,15243919290397479;spy
2015-06-30;47130,99344668512;16731,521959137666;0,0;0,20933109648684223;-0,20933109648684223;spy
2015-07-01;47130,99344668512;16865,633731267462;0,0;0,8015515412006735;-0,8015515412006735;spy
2015-07-02;47130,99344668512;16850,1903019431;0,0;-0,09156744164158237;0,09156744164158237;strategy
2015-07-06;47130,99344668512;16802,23530368936;0,0;-0,28459618196842174;0,28459618196842174;strategy
2015-07-07;47130,99344668512;16907,89976306515;0,0;0,6288714416027075;-0,6288714416027075;spy
2015-07-08;47130,99344668512;16624,23154924435;0,0;-1,6777259020689717;1,6777259020689717;strategy
2015-07-09;47130,99344668512;16654,304812515875;0,0;0,18090017082861287;-0,18090017082861287;spy
2015-07-10;47130,99344668512;16864,007780749933;0,0;1,2591517364115123;-1,2591517364115123;spy
2015-07-13;47130,99344668512;17050,14004754572;0,0;1,1037249817226424;-1,1037249817226424;spy
2015-07-14;47130,99344668512;17124,104052895607;0,0;0,433802919762738;-0,433802919762738;spy
2015-07-15;47130,99344668512;17118,415086439552;0,0;-0,0332219801893352;0,0332219801893352;strategy
2015-07-16;47130,99344668512;17255,778759604393;0,0;0,8024321905458098;-0,8024321905458098;spy
2015-07-17;47130,99344668512;17270,40859355156;0,0;0,08478222948371528;-0,08478222948371528;spy
2015-07-20;47130,99344668512;17279,349461042675;0,0;0,05176986660553329;-0,05176986660553329;spy
2015-07-21;47130,99344668512;17211,074422148846;0,0;-0,395125054029144;0,395125054029144;strategy
2015-07-22;47130,99344668512;17180,187563500127;0,0;-0,17945921266234732;0,17945921266234732;strategy
2015-07-23;47130,99344668512;17083,46397161544;0,0;-0,5629949703819137;0,5629949703819137;strategy
2015-07-24;47130,99344668512;16906,273812547624;0,0;-1,0372027556133978;1,0372027556133978;strategy
2015-07-27;47130,99344668512;16807,924270145417;0,0;-0,5817339970515145;0,5817339970515145;strategy
2015-07-28;47130,99344668512;17014,37657758128;0,0;1,228303412828713;-1,228303412828713;spy
2015-07-29;47130,99344668512;17131,420210106044;0,0;0,6879102034157647;-0,6879102034157647;spy
2015-07-30;47130,99344668512;17135,484466281432;0,0;0,023723988586721312;-0,023723988586721312;spy
2015-07-31;47130,99344668512;17109,47421894844;0,0;-0,1517917242677025;0,1517917242677025;strategy
2015-08-03;47040,50193926747;17051,76475782639;-0,19200000000002548;-0,3372953510057952;0,14529535100576974;strategy
2015-08-04;47593,86130997947;17018,440833756667;1,1763466542649148;-0,1954280072649195;1,3717746615298343;strategy
2015-08-05;48106,47146326487;17074,524344361187;1,0770509876195211;0,3295455274215042;0,7475054601980169;strategy
2015-08-06;47481,6914035762;16934,72236553848;-1,2987443075424099;-0,8187752466959686;-0,4799690608464413;spy
2015-08-07;47343,52921088003;16902,20955637224;-0,29097993060492877;-0,19198902978417864;-0,09899090082075013;spy
2015-08-10;47537,29216316071;17115,164425641353;0,4092701906898588;1,2599232577188646;-0,8506530670290058;spy
2015-08-11;47274,39186590894;16960,731372634622;-0,5530401192171963;-0,9023170865677721;0,3492769673505758;strategy
2015-08-12;47058,03962178847;16981,0514132747;-0,45765209362003123;0,11980639392039638;-0,5774584875404276;spy
2015-08-13;47325,97403093735;16959,91901749428;0,5693701040296206;-0,12444692184313544;0,6938170258727561;strategy
2015-08-14;47429,58212213955;17021,691494554863;0,2189243714972866;0,36422625011867105;-0,14530187862138444;spy
2015-08-17;47797,74133184846;17116,789135922023;0,7762227564241053;0,5586850249141184;0,2175377315099869;strategy
2015-08-18;47686,04805401361;17067,208187150747;-0,2336789871709377;-0,2896626719974149;0,0559836848264772;strategy
2015-08-19;47542,17257917746;16932,28405988062;-0,30171398282614614;-0,7905459744242505;0,4888319915981043;strategy
2015-08-20;45858,747460635095;16578,714856648465;-3,540909107043355;-2,0881364970122607;-1,4527726100310945;spy
2015-08-21;44885,555446752274;16079,654708137541;-2,122151318498622;-3,0102462876414604;0,8880949691428386;strategy
2015-08-24;43296,56748695116;15402,590805181611;-3,5400875492921813;-4,210686829072785;0,6705992797806033;strategy
2015-08-25;43308,71740006996;15221,336389938402;0,02806207009935502;-1,1767787480417513;1,2048408181411063;strategy
2015-08-26;43689,3812791384;15805,740957185038;0,8789544043800834;3,8393775176858824;-2,960423113305799;spy
2015-08-27;43918,13232183803;16196,698340662304;0,5235849902247569;2,4735150635221803;-1,9499300732974234;spy
2015-08-28;43877,6594154458;16197,51069580264;-0,09215534507623913;0,005015560105214867;-0,09717090518145399;spy
2015-08-31;43758,763359689845;16066,649584471044;-0,2709717367332942;-0,8079087817210562;0,536937044987762;strategy
2015-09-01;43758,763359689845;15587,097121459865;0,0;-2,9847695407179575;2,9847695407179575;strategy
2015-09-02;43758,763359689845;15882,956863569974;0,0;1,8981067469117097;-1,8981067469117097;spy
2015-09-03;43758,763359689845;15894,336036718947;0,0;0,07164392151106647;-0,07164392151106647;spy
2015-09-04;43758,763359689845;15653,746209836172;0,0;-1,5136827755935611;1,5136827755935611;strategy
2015-09-08;43758,763359689845;16047,141898971298;0,0;2,5131088996954043;-2,5131088996954043;spy
2015-09-09;43758,763359689845;15832,562319421515;0,0;-1,3371825394249082;1,3371825394249082;strategy
2015-09-10;43758,763359689845;15918,720333534415;0,0;0,5441823779036126;-0,5441823779036126;spy
2015-09-11;43758,763359689845;15991,059628603634;0,0;0,45442908445869623;-0,45442908445869623;spy
2015-09-14;43758,763359689845;15931,724216964061;0,0;-0,37105365759151354;0,37105365759151354;strategy
2015-09-15;43758,763359689845;16130,86160742634;0,0;1,2499424905324297;-1,2499424905324297;spy
2015-09-16;43758,763359689845;16270,662346012192;0,0;0,8666662822368387;-0,8666662822368387;spy
2015-09-17;43758,763359689845;16234,086520907415;0,0;-0,22479616580416417;0,22479616580416417;strategy
2015-09-18;43758,763359689845;15886,207524368174;0,0;-2,1428923400846567;2,1428923400846567;strategy
2015-09-21;43758,763359689845;15968,30128230569;0,0;0,5167612081838469;-0,5167612081838469;spy
2015-09-22;43758,763359689845;15761,036619729488;0,0;-1,2979756513353813;1,2979756513353813;strategy
2015-09-23;43758,763359689845;15735,839967773683;0,0;-0,15986671793062346;0,15986671793062346;strategy
2015-09-24;43758,763359689845;15678,942861791977;0,0;-0,36157654181937504;0,36157654181937504;strategy
2015-09-25;43758,763359689845;15674,87984585344;0,0;-0,025913838543523138;0,025913838543523138;strategy
2015-09-28;43758,763359689845;15281,48291648146;0,0;-2,5097285162032468;2,5097285162032468;strategy
2015-09-29;43758,763359689845;15290,423783972568;0,0;0,05850785254266633;-0,05850785254266633;spy
2015-09-30;43758,763359689845;15575,717948310896;0,0;1,8658355606688382;-1,8658355606688382;spy
2015-10-01;43758,763359689845;15616,35802959106;0,0;0,26091947360007417;-0,26091947360007417;spy
2015-10-02;43758,763359689845;15849,631699263398;0,0;1,4937776735799435;-1,4937776735799435;spy
2015-10-05;43758,763359689845;16131,673962566674;0,0;1,7794878054887775;-1,7794878054887775;spy
2015-10-06;43758,763359689845;16076,40280710249;0,0;-0,3426250468019698;0,3426250468019698;strategy
2015-10-07;43758,763359689845;16208,077513811275;0,0;0,8190557818731126;-0,8190557818731126;spy
2015-10-08;43758,763359689845;16354,382054467234;0,0;0,9026643692399139;-0,9026643692399139;spy
2015-10-09;43758,763359689845;16364,13527709868;0,0;0,059636754228709066;-0,059636754228709066;spy
2015-10-12;43758,763359689845;16379,578706423035;0,0;0,09437363516524577;-0,09437363516524577;spy
2015-10-13;43758,763359689845;16276,352552705104;0,0;-0,6302125077090825;0,6302125077090825;strategy
2015-10-14;43758,763359689845;16198,323050942978;0,0;-0,4794041018063244;0,4794041018063244;strategy
2015-10-15;43758,763359689845;16447,041390176528;0,0;1,5354573337705624;-1,5354573337705624;spy
2015-10-16;43758,763359689845;16521,818990903605;0,0;0,4546568525798156;-0,4546568525798156;spy
2015-10-19;43758,763359689845;16529,946263017526;0,0;0,04919114607413455;-0,04919114607413455;spy
2015-10-20;43758,763359689845;16508,81386723711;0,0;-0,1278431002990965;0,1278431002990965;strategy
2015-10-21;43758,763359689845;16406,401308896366;0,0;-0,6203507966371147;0,6203507966371147;strategy
2015-10-22;43758,763359689845;16683,565720647068;0,0;1,6893675007230824;-1,6893675007230824;spy
2015-10-23;43758,763359689845;16866,4460864078;0,0;1,0961707396543119;-1,0961707396543119;spy
2015-10-26;43758,763359689845;16824,9936499873;0,0;-0,24576864745623483;0,24576864745623483;strategy
2015-10-27;43758,763359689845;16792,482081057908;0,0;-0,19323376641759982;0,19323376641759982;strategy
2015-10-28;43758,763359689845;16983,489718932564;0,0;1,137459232963045;-1,137459232963045;spy
2015-10-29;43758,763359689845;16973,736496301117;0,0;-0,05742767118452896;0,05742767118452896;strategy
2015-10-30;43758,763359689845;16900,58360585471;0,0;-0,43097694171432277;0,43097694171432277;strategy
2015-11-02;43758,763359689845;17100,53335145733;0,0;1,183093733717877;-1,183093733717877;spy
2015-11-03;43758,763359689845;17150,1143002286;0,0;0,28993802562915505;-0,28993802562915505;spy
2015-11-04;43758,763359689845;17098,09504579947;0,0;-0,3033172462788669;0,3033172462788669;strategy
2015-11-05;43758,763359689845;17081,025665957583;0,0;-0,0998320561218291;0,0998320561218291;strategy
2015-11-06;43758,763359689845;17072,084798466472;0,0;-0,05234385607726377;0,05234385607726377;strategy
2015-11-09;43758,763359689845;16912,776374380872;0,0;-0,9331515510039523;0,9331515510039523;strategy
2015-11-10;43758,763359689845;16951,79050514351;0,0;0,23067845218915917;-0,23067845218915917;spy
2015-11-11;43758,763359689845;16885,141416767212;0,0;-0,3931684287631687;0,3931684287631687;strategy
2015-11-12;43758,763359689845;16649,428201200153;0,0;-1,3959801090738355;1,3959801090738355;strategy
2015-11-13;43758,763359689845;16462,483579264033;0,0;-1,1228290826386655;1,1228290826386655;strategy
2015-11-16;43758,763359689845;16712,826628778257;0,0;1,5206882261043164;-1,5206882261043164;spy
2015-11-17;43758,763359689845;16700,63510048895;0,0;-0,07294713551514453;0,07294713551514453;strategy
2015-11-18;43758,763359689845;16965,60798395034;0,0;1,5866036343350265;-1,5866036343350265;spy
2015-11-19;43758,763359689845;16950,978150003175;0,0;-0,08623229984451308;0,08623229984451308;strategy
2015-11-20;43758,763359689845;17012,75062706375;0,0;0,3644183628457087;-0,3644183628457087;spy
2015-11-23;43758,763359689845;16993,244181800863;0,0;-0,11465779808619292;0,11465779808619292;strategy
2015-11-24;43758,763359689845;17016,002528098805;0,0;0,1339258475572036;-0,1339258475572036;spy
2015-11-25;43758,763359689845;17013,564222440946;0,0;-0,014329485752206939;0,014329485752206939;strategy
2015-11-27;43758,763359689845;17033,070667703832;0,0;0,1146523151049017;-0,1146523151049017;spy
2015-11-30;43674,74653403925;16962,357323152148;-0,19199999999996997;-0,4151532388447343;0,22315323884476435;strategy
2015-12-01;44200,85189181336;17124,104052895607;1,204598536969348;0,9535628018087383;0,2510357351606096;strategy
2015-12-02;44075,33669642156;16949,35219948565;-0,28396555726802886;-1,020502169749482;0,7365366124814532;strategy
2015-12-03;43592,2442073621;16712,014273637924;-1,0960608024094376;-1,4002772675579145;0,3042164651484769;strategy
2015-12-04;44450,11257713171;17037,947279019558;1,9679380710221128;1,9502915689568967;0,01764650206521612;strategy
2015-12-07;44093,03988449427;16934,72236553848;-0,8033111097701551;-0,6058529926793899;-0,19745811709076522;spy
2015-12-08;44219,20860566711;16820,92939381191;0,28614203398846794;-0,6719506187956914;0,9580926527841593;strategy
2015-12-09;43548,81840603633;16690,068282480315;-1,5160610530349117;-0,777965998595398;-0,7380950544395137;spy
2015-12-10;43550,39323753869;16733,14666941834;0,003616243930371077;0,2581079130949071;-0,254491669164536;spy
2015-12-11;42868,64257281829;16408,83961455423;-1,5654294118583434;-1,938111589357061;0,3726821774987177;strategy
2015-12-14;43068,74527699631;16491,744487395226;0,46678105992772334;0,5052451897175292;-0,038464129789805845;spy
2015-12-15;43206,567474469775;16664,87163052451;0,32000513733814184;1,0497806539605747;-0,7297755166224329;spy
2015-12-16;43596,970729415334;16908,712118205487;0,903573872597585;1,4632005159544104;-0,5596266433568253;spy
2015-12-17;43235,90536192584;16651,054151717683;-0,8281891183000933;-1,5238178087518928;0,6956286904517994;strategy
2015-12-18;42538,60178263085;16257,658462582547;-1,612788198738735;-2,3625872905743583;0,7497990918356234;strategy
2015-12-21;42687,77763354067;16391,770234712345;0,3506834843140627;0,8249144391762275;-0,4742309548621648;spy
2015-12-22;42899,92971295481;16540,51308102616;0,4969855335065443;0,9074239339862622;-0,4104384004797179;spy
2015-12-23;43026,8890972875;16745,339437944498;0,29594310569314164;1,2383313378186322;-0,9423882321254906;spy
2015-12-24;43020,50747301811;16717,70324009398;-0,01483171199052613;-0,16503814660153715;0,15020643461101102;strategy
2015-12-28;43043,31935245462;16679,502704708535;0,05302559355169212;-0,2285034902032912;0,2815290837549833;strategy
2015-12-29;43316,80501737016;16857,50521891669;0,6353730823502213;1,0671931733186701;-0,43182009096844887;spy
2015-12-30;43210,3366170184;16738,02328073406;-0,24579005840589252;-0,7087759228367352;0,46298586443084266;strategy
2015-12-31;42810,59051929424;16570,586344297688;-0,9251168331947834;-1,0003387713595657;0,07522193816478229;strategy
2016-01-04;42236,364696777644;16338,938625142873;-1,3413172197608403;-1,3979452165525208;0,05662799679168051;strategy
2016-01-05;42443,873570247386;16366,573582756542;0,49130382067559264;0,1691355739052991;0,32216824677029354;strategy
2016-01-06;42105,23317455422;16160,122515557532;-0,79785459527556;-1,2614189900842954;0,46356439480873535;strategy
2016-01-07;41729,668474529375;15772,41579287846;-0,8919667977324242;-2,399157075113889;1,507190277381465;strategy
2016-01-08;41368,84534734767;15599,288649749175;-0,8646680895678438;-1,0976577424965939;0,23298965292875007;strategy
2016-01-11;41473,48741179468;15614,732079073534;0,2529489609110369;0,09900085619998222;0,1539481047110547;strategy
2016-01-12;41746,28334264607;15740,716579089407;0,6577598072300184;0,8068310066281281;-0,14907119939810975;spy
2016-01-13;41048,91904692742;15348,133245094616;-1,6704823516738299;-2,4940626560566836;0,8235803043828538;strategy
2016-01-14;41175,56214647686;15600,101004889511;0,3085175017755404;1,641683426715268;-1,3331659249397276;spy
2016-01-15;40956,4144457628;15265,22713201676;-0,5322275866798676;-2,1466134915908097;1,6143859049109421;strategy
2016-01-19;40976,05456773825;15285,547172656843;0,047953714311232964;0,13311325448583933;-0,08515954017460636;spy
2016-01-20;40828,01359940224;15089,661683229619;-0,3612865364850504;-1,2815078663171997;0,9202213298321493;strategy
2016-01-21;40837,17959337427;15174,193746824993;0,0224502569778684;0,5601985344000138;-0,5377482774221454;spy
2016-01-22;41111,1849350476;15485,496918259458;0,6709702883540558;2,0515302270975866;-1,3805599387435308;spy
2016-01-25;40955,22255356955;15251,40965320993;-0,3793672737102072;-1,5116548489542359;1,1322875752440287;strategy
2016-01-26;41028,422999907365;15459,486670926468;0,1787328740359584;1,3643133483909997;-1,1855804743550413;spy
2016-01-27;40877,92860449351;15291,237379349757;-0,36680521553118517;-1,0883239214735663;0,7215187059423811;strategy
2016-01-28;40977,0274496045;15370,89159139256;0,24242628844970415;0,52091410306907;-0,2784878146193659;spy
2016-01-29;41227,27403127015;15745,593190405132;0,6106996950264731;2,4377349666716785;-1,8270352716452054;spy
2016-02-01;41294,55586836231;15739,90298371222;0,1631973946206733;-0,036138407896757485;0,19933580251743077;strategy
2016-02-02;41294,55586836231;15456,236010128268;0,0;-1,8022155147810803;1,8022155147810803;strategy
2016-02-03;41294,55586836231;15548,895345837565;0,0;0,599494829456404;-0,599494829456404;spy
2016-02-04;41294,55586836231;15573,279642653033;0,0;0,15682333872029108;-0,15682333872029108;spy
2016-02-05;41294,55586836231;15276,606305165737;0,0;-1,9050151560545348;1,9050151560545348;strategy
2016-02-08;41294,55586836231;15070,967593107061;0,0;-1,3461020592586692;1,3461020592586692;strategy
2016-02-09;41294,55586836231;15071,779948247397;0,0;0,005390198972410332;-0,005390198972410332;spy
2016-02-10;41294,55586836231;15058,776064817752;0,0;-0,08627967946915893;0,08627967946915893;strategy
2016-02-11;41294,55586836231;14862,890575390527;0,0;-1,3008061782980973;1,3008061782980973;strategy
2016-02-12;41294,55586836231;15169,31713550927;0,0;2,0616888657319032;-2,0616888657319032;spy
2016-02-16;41294,55586836231;15425,349151479553;0,0;1,6878282237962283;-1,6878282237962283;spy
2016-02-17;41294,55586836231;15677,318151511303;0,0;1,6334735606784;-1,6334735606784;spy
2016-02-18;41294,55586836231;15613,10612855601;0,0;-0,40958550649240477;0,40958550649240477;strategy
2016-02-19;41294,55586836231;15605,791211582422;0,0;-0,04685113207684166;0,04685113207684166;strategy
2016-02-22;41294,55586836231;15831,749964281178;0,0;1,447916030883789;-1,447916030883789;spy
2016-02-23;41294,55586836231;15631,801458915417;0,0;-1,262958964213523;1,262958964213523;strategy
2016-02-24;41294,55586836231;15703,327158607442;0,0;0,4575653028860094;-0,4575653028860094;spy
2016-02-25;41294,55586836231;15893,522441341758;0,0;1,2111782478534394;-1,2111782478534394;spy
2016-02-26;41294,55586836231;15856,946616236984;0,0;-0,2301303895329898;0,2301303895329898;strategy
2016-02-29;41294,55586836231;15732,58806673863;0,0;-0,7842528105065028;0,7842528105065028;strategy
2016-03-01;41294,55586836231;16102,413054435487;0,0;2,3506938980925263;-2,3506938980925263;spy
2016-03-02;41294,55586836231;16174,752349504699;0,0;0,449245059263248;-0,449245059263248;spy
2016-03-03;41294,55586836231;16238,150777082805;0,0;0,39195918557632936;-0,39195918557632936;spy
2016-03-04;41294,55586836231;16290,982386652273;0,0;0,3253548405526052;-0,3253548405526052;spy
2016-03-07;41294,55586836231;16303,987510318773;0,0;0,0798301990502237;-0,0798301990502237;spy
2016-03-08;41294,55586836231;16125,983755873765;0,0;-1,0917804882538684;1,0917804882538684;strategy
2016-03-09;41294,55586836231;16205,639208153418;0,0;0,49395716556293046;-0,49395716556293046;spy
2016-03-10;41294,55586836231;16218,643091583059;0,0;0,08024295285493643;-0,08024295285493643;spy
2016-03-11;41294,55586836231;16480,365314246254;0,0;1,6137122025887685;-1,6137122025887685;spy
2016-03-14;41294,55586836231;16459,232918465837;0,0;-0,12822771448002257;0,12822771448002257;strategy
2016-03-15;41294,55586836231;16432,410315992507;0,0;-0,16296386718750444;0,16296386718750444;strategy
2016-03-16;41294,55586836231;16527,507957359667;0,0;0,5787199780096008;-0,5787199780096008;spy
2016-03-17;41294,55586836231;16632,360061595125;0,0;0,6344096430385804;-0,6344096430385804;spy
2016-03-18;41294,55586836231;16612,040020955043;0,0;-0,12217172166085755;0,12217172166085755;strategy
2016-03-21;41294,55586836231;16635,610722393318;0,0;0,14188926470524166;-0,14188926470524166;spy
2016-03-22;41294,55586836231;16626,669854902208;0,0;-0,0537453517055142;0,0537453517055142;strategy
2016-03-23;41294,55586836231;16516,942379587883;0,0;-0,6599486022871415;0,6599486022871415;strategy
2016-03-24;41294,55586836231;16509,626222377447;0,0;-0,04429486428115803;0,04429486428115803;strategy
2016-03-28;41245,00240132029;16519,38068524575;-0,11999999999995348;0,05908348703305144;-0,17908348703300492;spy
2016-03-29;41605,57438111186;16672,186547498095;0,874219805549159;0,9250096305899902;-0,05078982504083118;spy
2016-03-30;41620,65635098642;16745,339437944498;0,036249877808214315;0,43877202452116126;-0,40252214671294695;spy
2016-03-31;41546,19869555807;16704,699356664336;-0,1788959184123584;-0,2426948789588157;0,06379896054645728;strategy
2016-04-01;41742,66516358618;16818,49108815405;0,47288674823844357;0,681195926129119;-0,20830917789067538;spy
2016-04-04;41657,68162395088;16764,03352806706;-0,20358915584871573;-0,32379575433700847;0,12020659848829274;strategy
2016-04-05;41404,156311506806;16596,596591630685;-0,6085919872658163;-0,9987866950757596;0,39019470780994325;strategy
2016-04-06;41563,385337024614;16777,85100687389;0,3845725639712194;1,0921179787825253;-0,7075454148113058;spy
2016-04-07;41367,9582233883;16577,088906130935;-0,4701905584727051;-1,1965900797468176;0,7263995212741126;strategy
2016-04-08;41592,54870320397;16621,793243586486;0,5429092695435234;0,26967544005278565;0,2732338294907377;strategy
2016-04-11;41623,658526751766;16582,77911282385;0,07479662708287371;-0,2347167371829162;0,3095133642657899;strategy
2016-04-12;41714,26441152251;16737,210925593725;0,21767881050751559;0,9312782358081861;-0,7135994253006706;spy
2016-04-13;41601,593504844685;16906,273812547624;-0,2701016265474476;1,01010190828974;-1,2802035348371876;spy
2016-04-14;41444,81376375066;16907,086167687965;-0,3768599418571994;0,004805051363465651;-0,38166499322066505;spy
2016-04-15;41534,32303433017;16888,392077565408;0,2159721867487363;-0,11056955608521601;0,3265417428339523;strategy
2016-04-18;41648,19759425399;17007,0616606077;0,27416977479011173;0,7026695170106345;-0,4284997422205228;spy
2016-04-19;41543,498592845484;17060,705625317503;-0,2513890335147373;0,31542170999507846;-0,5668107435098158;spy
2016-04-20;41420,791018561504;17076,962650019046;-0,29537130583680016;0,0952892867304378;-0,39066059256723795;spy
2016-04-21;41191,94859226482;16985,11566945009;-0,5524820281537779;-0,5378414326440817;-0,014640595509696208;spy
2016-04-22;41886,62682119479;16985,11566945009;1,686441774838543;0,0;1,686441774838543;strategy
2016-04-25;41703,11985210454;16955,8547613189;-0,4381039558845501;-0,17227382315575523;-0,26583013272879485;spy
2016-04-26;41865,49543096866;16981,0514132747;0,3893607467258198;0,14860148491766534;0,24075926180815443;strategy
2016-04-27;41971,07893961086;17016,002528098805;0,25219696448186557;0,20582420942898416;0,04637275505288141;strategy
2016-04-28;41882,24154536851;16861,569475092074;-0,2116633560222958;-0,9075753999901792;0,6959120439678834;strategy
2016-04-29;41873,501561691795;16770,536089900306;-0,02086799405721651;-0,5398867841231669;0,5190187900659504;strategy
2016-05-02;42092,12346914726;16903,835506889765;0,5221008497065194;0,794842909462723;-0,2727420597562036;spy
2016-05-03;41428,04772556851;16756,71861109347;-1,5776722313985858;-0,8703166552722963;-0,7073555761262895;spy
2016-05-04;41380,412937052926;16663,24568000699;-0,11498197750261507;-0,5578236005264192;0,44284162302380414;strategy
2016-05-05;41402,89688427276;16659,99501920879;0,054334757978469206;-0,01950796897929319;0,0738427269577624;strategy
2016-05-06;41775,54529773362;16720,955141129034;0,9000539612058045;0,3659072037534239;0,5341467574523806;strategy
2016-05-09;41617,44346095128;16734,772619935866;-0,3784554711507515;0,08263570286630717;-0,4610911740170587;spy
2016-05-10;41966,937798264735;16942,849637652398;0,8397784876944092;1,243381206558225;-0,4036027188638158;spy
2016-05-11;42186,300061507536;16784,353568707138;0,522702571956235;-0,9354746830369742;1,4581772549932093;strategy
2016-05-12;42266,74765984661;16789,23018002286;0,1906960274349334;0,029054507793579987;0,16164151964135343;strategy
2016-05-13;42644,18341588819;16642,925639366906;0,8929850933388606;-0,8714189935285943;1,7644040868674549;strategy
2016-05-16;43165,723478657426;16807,11191500508;1,2230039855210872;0,9865229178805501;0,2364810676405371;strategy
2016-05-17;42600,38984746583;16650,241796577342;-1,3096818161083768;-0,9333555891163359;-0,3763262269920409;spy
2016-05-18;42364,60519038767;16655,118407893064;-0,5534800454230604;0,029288531513849136;-0,5827685769369095;spy
2016-05-19;42439,507569424786;16597,40894677102;0,17680414747287543;-0,34649685285153;0,5233010003244054;strategy
2016-05-20;42544,25311821272;16702,26105100648;0,24681141414419905;0,6317377885411535;-0,38492637439695443;spy
2016-05-23;42620,447014312536;16679,502704708535;0,17909327468530467;-0,13625907431601414;0,3153523490013188;strategy
2016-05-24;42899,33884355236;16895,70699453899;0,6543615770763012;1,2962274335038826;-0,6418658564275814;spy
2016-05-25;43075,44607742088;17010,312321405894;0,4105126992999919;0,6783103358974474;-0,2677976365974555;spy
2016-05-26;43326,47764882045;17015,18893272162;0,5827718439604501;0,0286685583637869;0,5541032855966632;strategy
2016-05-27;43707,918586386295;17088,341823168023;0,8803876019130463;0,42992699484942776;0,45046060706361857;strategy
2016-05-31;43818,33269802147;17055,82901400178;0,2526180957735269;-0,19026310160861204;0,44288119738213894;strategy
2016-06-01;43944,63236503015;17090,78012882588;0,288234762100803;0,20492181761089245;0,08331294448991056;strategy
2016-06-02;43912,314483666116;17142,799383255013;-0,07354227268436819;0,30437027471550415;-0,37791254739987235;spy
2016-06-03;44092,679760909734;17091,59248396622;0,41073962819861976;-0,29870791895758586;0,7094475471562056;strategy
2016-06-06;44306,85636040251;17178,562853219453;0,4857418525118895;0,5088488350914133;-0,023106982579523816;spy
2016-06-07;44501,1768560572;17205,38421545593;0,4385788377176736;0,1561327479233876;0,282446089794286;strategy
2016-06-08;44622,57858175831;17261,467726060455;0,27280565207026264;0,32596488344702745;-0,053159231376764815;spy
2016-06-09;44764,18119026344;17237,897024622176;0,31733398876914176;-0,13655096896941776;0,4538849577385595;strategy
2016-06-10;44275,40594762298;17074,524344361187;-1,091889161477111;-0,947752965617743;-0,14413619585936788;spy
2016-06-13;44112,05422533002;16942,849637652398;-0,36894460659762096;-0,7711764266644106;0,4022318200667896;strategy
2016-06-14;44091,16384396251;16909,524473345824;-0,047357534656633504;-0,19669161339019858;0,14933407873356508;strategy
2016-06-15;44267,26775584585;16885,953771907545;0,39940862642358077;-0,13939304724643886;0,5388016736700196;strategy
2016-06-16;44465,13019590075;16936,34707581915;0,44697233438077966;0,2984332694043079;0,14853906497647174;strategy
2016-06-17;44679,788195070876;16785,97951922466;0,4827558093823292;-0,8878393665489814;1,3705951759313106;strategy
2016-06-20;44810,31558512608;16894,082284258315;0,29213967954666575;0,6440062965038518;-0,351866616957186;spy
2016-06-21;45096,92254547133;16942,037282512065;0,6396004058502491;0,28385678160471883;0,3557436242455303;strategy
2016-06-22;44866,520312149485;16914,402324898398;-0,510904559151526;-0,1631147255365395;-0,3477898336149865;spy
2016-06-23;45357,85048927121;17134,67087090424;1,0950931199999347;1,3022543851969326;-0,20716126519699785;spy
2016-06-24;44421,3159488407;16519,38068524575;-2,0647683484296464;-3,5909075248319655;1,526139176402319;strategy
2016-06-27;43727,62849382024;16223,520943135634;-1,561609421520438;-1,7909856776553434;0,22937625613490553;strategy
2016-06-28;44122,53380694823;16516,128784210694;0,9031025160301187;1,803602572466656;-0,9005000564365373;spy
2016-06-29;44521,161377833545;16797,358692373633;0,9034557548971422;1,7027592351531728;-0,7993034802560306;spy
2016-06-30;44899,28209452583;17026,568105870585;0,8493055998322285;1,3645562834888825;-0,5152506836566539;spy
2016-07-01;44975,10583802892;17062,331575835025;0,1688751801052435;0,21004508801811816;-0,04116990791287467;spy
2016-07-05;44970,857985606315;16939,598976854202;-0,009444897001242847;-0,7193190358265378;0,7098741388252949;strategy
2016-07-06;45294,92394259444;17041,199180054606;0,7206132404497412;0,5997792706853744;0,12083396976436678;strategy
2016-07-07;45271,61143532549;17030,632362045973;-0,05146825568907998;-0,06200747903352122;0,01053922334444124;strategy
2016-07-08;45729,91049483353;17284,226072358397;1,0123321105164562;1,4890445928336549;-0,47671248231719865;spy
2016-07-11;45760,80271556381;17345,18619427864;0,06755364354753546;0,3526922273814348;-0,28513858383389934;spy
2016-07-12;45871,44926496676;17471,170694294513;0,24179328778539677;0,7263369709886947;-0,4845436832032979;spy
2016-07-13;45823,96755430747;17468,73238863665;-0,10351037828567611;-0,013956166421402738;-0,08955421186427337;spy
2016-07-14;45907,82968147169;17566,268335661673;0,18300931071677518;0,5583458768219973;-0,37533656610522215;spy
2016-07-15;45882,82914435091;17542,697634223394;-0,054458111599364756;-0,13418160868251539;0,07972349708315063;strategy
2016-07-18;46090,99116651475;17589,840277336803;0,4536817498959067;0,2687308650947795;0,1849508848011272;strategy
2016-07-19;45914,01573629282;17571,958542354583;-0,3839696776807511;-0,10165945057079018;-0,2823102271099609;spy
2016-07-20;45842,19654010428;17645,110192564138;-0,15642107325360977;0,4162976485132974;-0,5727187217669072;spy
2016-07-21;45555,49072007807;17578,46110418783;-0,6254190280245209;-0,37771987620907055;-0,24769915181545032;spy
2016-07-22;46111,5230843403;17657,3029610903;1,220560585504038;0,44851398785805685;0,7720465976459812;strategy
2016-07-25;46392,03930831574;17609,346722599697;0,6083430023822167;-0,2715943572825341;0,8799373596647508;strategy
2016-07-26;46661,33319923638;17617,47523495047;0,5804743549447045;0,04616021524717073;0,5343141396975337;strategy
2016-07-27;46461,04049641435;17598,781144827914;-0,4292477070185985;-0,10611106230177247;-0,323136644716826;spy
2016-07-28;46648,11390053548;17619,101185467993;0,40264574818458243;0,11546277252303394;0,2871829756615485;strategy
2016-07-29;46650,600464135176;17647,548498221997;0,005330469748465738;0,16145723016487423;-0,1561267604164085;spy
2016-08-01;46370,82102370997;17632,91866427483;-0,5997338461705359;-0,08290009203625326;-0,5168337541342827;spy
2016-08-02;45997,47061023662;17519,93928792545;-0,8051408304426078;-0,640729867247003;-0,16441096319560478;spy
2016-08-03;46224,64944189751;17571,144946977394;0,4938941829778276;0,2922707562533322;0,2016234267244954;strategy
2016-08-04;46040,93544617223;17589,840277336803;-0,39743729361582103;0,1063979064302556;-0,5038352000460766;spy
2016-08-05;46243,9172017093;17733,705272098043;0,44087235320051654;0,8178868738597744;-0,3770145206592579;spy
2016-08-08;46240,1472888604;17723,139694326263;-0,008152235098213279;-0,05957907616973568;0,0514268410715224;strategy
2016-08-09;46267,10740497604;17733,705272098043;0,05830456366677783;0,05961459399410618;-0,0013100303273283487;spy
2016-08-10;46175,537551019646;17689,814530019685;-0,19791566642557434;-0,2474989936108618;0,04958332718528746;strategy
2016-08-11;46520,413027731374;17771,90704772035;0,7468791810613329;0,464066582277356;0,2828125987839769;strategy
2016-08-12;46892,86003717983;17756,464858632844;0,8006098510484838;-0,08689100751000378;0,8875008585584876;strategy
2016-08-15;47155,450314938775;17807,67051768479;0,5599792325542641;0,28837755408870347;0,2716016784655606;strategy
2016-08-16;46748,34020125284;17715,82477735268;-0,8633362866157679;-0,5157650476568465;-0,3475712389589214;spy
2016-08-17;46542,490066532635;17749,148701422404;-0,44033677737864707;0,18810258335997254;-0,6284393607386196;spy
2016-08-18;47358,798148989365;17788,976427562233;1,7538986016644387;0,22439231768134338;1,5295062839830953;strategy
2016-08-19;47655,76752848305;17762,966180229236;0,6270627446233412;-0,14621553656508635;0,7732782811884276;strategy
2016-08-22;47375,39883085465;17762,1538250889;-0,588320600357195;-0,004573307926691861;-0,5837472924305032;spy
2016-08-23;47610,11415960386;17797,91729505334;0,4954371562912119;0,20134647136049733;0,29409068493071455;strategy
2016-08-24;46544,5309271948;17706,883909861568;-2,238144669926423;-0,511483358881959;-1,726661311044464;spy
2016-08-25;46580,61213309439;17694,691141335406;0,07751975405236866;-0,06885891717723913;0,1463786712296078;strategy
2016-08-26;46471,09007112483;17661,36597702883;-0,23512370695478735;-0,18833425257550607;-0,04678945437928128;spy
2016-08-29;46680,59556760943;17748,33634628207;0,45082974417847144;0,4924328580606874;-0,041603113882215936;spy
2016-08-30;46349,96786797982;17719,075438150874;-0,7082765239161182;-0,16486563901143558;-0,5434108849046826;spy
2016-08-31;46256,09244907324;17668,68213423927;-0,20253610352863882;-0,2844014299025144;0,08186532637387556;strategy
2016-09-01;46427,60656370963;17669,494489379606;0,37079248495799355;0,004597712122311748;0,3661947728356818;strategy
2016-09-02;46785,56804578572;17749,148701422404;0,771009984296489;0,45080074073808873;0,3202092435584003;strategy
2016-09-06;47009,003173047604;17802,793906369065;0,4775727571443067;0,30224100236628804;0,17533175477801866;strategy
2016-09-07;46846,61261788426;17801,16795585154;-0,3454456470084244;-0,009133119925319733;-0,33631252708310466;spy
2016-09-08;46542,16552785719;17760,527874571377;-0,6498806915034905;-0,2283000833481985;-0,42158060815529197;spy
2016-09-09;45154,840093559345;17335,432971647195;-2,980792617970218;-2,393481240683226;-0,587311377286992;spy
2016-09-12;45744,87200575288;17584,150070643893;1,3066858635109924;1,4347325469371563;-0,128046683426164;spy
2016-09-13;45024,51446672208;17331,368715471803;-1,5747285049572457;-1,4375523079395158;-0,13717619701772987;spy
2016-09-14;45269,852441969946;17324,86615363856;0,544898658328008;-0,03751903233955023;0,5824176906675582;strategy
2016-09-15;45687,14260891677;17497,993296767843;0,921783801883902;0,9992985896339679;-0,07751478775006593;spy
2016-09-16;45651,96931199176;17342,74788862078;-0,07698729865007747;-0,8872183542083079;0,8102310555582304;strategy
2016-09-19;46032,37217531771;17345,999789655827;0,8332671493889388;0,01875078307043143;0,8145163663185073;strategy
2016-09-20;45940,96551788122;17346,812144796164;-0,19857038235692182;0,00468324195888048;-0,2032536243158023;spy
2016-09-21;46816,038436202354;17541,885279083057;1,9047769424448413;1,1245474537833866;0,7802294886614547;strategy
2016-09-22;47070,9306897184;17652,42510953772;0,5444549817332334;0,6301479498698415;-0,0856929681366081;spy
2016-09-23;46650,14083307283;17555,702757889892;-0,8939484528558084;-0,5479267072237337;-0,34602174563207466;spy
2016-09-26;46433,41632794895;17413,462473409323;-0,46457417116784194;-0,8102226748891828;0,3456485037213408;strategy
2016-09-27;46878,603718060505;17521,565238442978;0,9587650991847996;0,620799942565875;0,33796515661892457;strategy
2016-09-28;47117,61707219718;17608,53436745936;0,5098559581129258;0,496354793837539;0,013501164275386834;strategy
2016-09-29;46674,343784716846;17449,224703136904;-0,940780359925919;-0,9047298372365509;-0,03605052268936815;spy
2016-09-30;47122,564111882144;17580,899409845693;0,9603141486738354;0,7546163737871758;0,20569777488665952;strategy
2016-10-03;46815,71811779849;17538,633378048005;-0,6511657416500394;-0,24040881420445137;-0,410756927445588;spy
2016-10-04;46232,44168176096;17449,224703136904;-1,2458987269401312;-0,5097813095460868;-0,7361174173940443;spy
2016-10-05;46480,38172086981;17526,4418497587;0,5362901678772181;0,44252479944231204;0,09376536843490602;strategy
2016-10-06;46515,14079156827;17538,633378048005;0,07478224018726554;0,06956077219675283;0,005221467990512707;strategy
2016-10-07;46276,562847110064;17478,485611268097;-0,5129038424870336;-0,3429444329179687;-0,16995940956906486;spy
2016-10-10;46576,30007382144;17569,52023669672;0,6477084905844421;0,520838174732563;0,12687031585187913;strategy
2016-10-11;45622,66931517057;17347,6244999365;-2,0474592381520385;-1,2629584289772233;-0,7845008091748151;spy
2016-10-12;45757,78720312189;17370,3840864713;0,296163924600501;0,13119713615474815;0,16496678844575285;strategy
2016-10-13;45506,584691243945;17313,486980489586;-0,5489830851366118;-0,3275523770716493;-0,22143070806496246;spy
2016-10-14;45702,71152645037;17322,427847980696;0,4309856178773108;0,051641055907380995;0,3793445619699298;strategy
2016-10-17;45514,72152878788;17262,281321437644;-0,4113322631933758;-0,3472176479584199;-0,06411461523495587;spy
2016-10-18;45872,823473093114;17370,3840864713;0,7867826766307706;0,6262368398515461;0,16054583677922452;strategy
2016-10-19;46348,793866823136;17416,71313420752;1,037586871035323;0,2667128573875521;0,770874013647771;strategy
2016-10-20;46422,06196738138;17384,20156527813;0,15807984295939104;-0,18666879725734997;0,344748640216741;strategy
2016-10-21;46137,424821695466;17392,328837392048;-0,6131505875071053;0,04675090819328265;-0,6599014957003879;spy
2016-10-24;46794,79502113851;17466,29408297879;1,4248090394805235;0,42527510995378215;0,9995339295267414;strategy
2016-10-25;46643,48603294047;17407,77226671641;-0,3233457655486882;-0,335055713503718;0,011709947955029776;strategy
2016-10-26;46145,12772386098;17372,82239212916;-1,0684413869228027;-0,2007716671137305;-0,8676697198090721;spy
2016-10-27;45380,53475383748;17326,492104156085;-1,65693109486863;-0,2666825627254843;-1,3902485321431457;spy
2016-10-28;45249,88049847627;17275,285204867287;-0,28790814403120146;-0,2955410649828849;0,007632920951683442;strategy
2016-10-31;45139,601105159134;17276,098800244476;-0,24371201007005183;0,004709591578611061;-0,2484216016486629;spy
2016-11-01;44914,62340144346;17150,926655368938;-0,4984042796292276;-0,7245394132254335;0,22613513359620585;strategy
2016-11-02;44545,71742449944;17047,70174188786;-0,8213493713322917;-0,6018620192091095;-0,21948735212318216;spy
2016-11-03;44432,129293838734;16969,672240125732;-0,2549922579049846;-0,45771273420629477;0,20272047630131018;strategy
2016-11-04;44399,223057282186;16950,978150003175;-0,07405955347972171;-0,11016176304426972;0,036102209564548016;strategy
2016-11-07;45146,37868510348;17324,86615363856;1,6828123925892724;2,205701643449487;-0,5228892508602145;spy
2016-11-08;45231,54855305035;17402,895655400687;0,18865271241561565;0,45039021410124835;-0,2617375016856327;spy
2016-11-09;45437,14214608088;17587,401971678944;0,45453582644732204;1,0602046919760744;-0,6056688655287523;spy
2016-11-10;45201,36695104842;17631,292713757302;-0,5189041033312414;0,2495578491299444;-0,7684619524611858;spy
2016-11-11;45734,05999147477;17590,65263247714;1,1784887855343928;-0,2304997253460117;1,4089885108804046;strategy
2016-11-14;45638,35801000043;17604,470111283976;-0,20925756753757963;0,07855012031403596;-0,2878076878516156;spy
2016-11-15;46226,39730457091;17741,83378444882;1,2884760105559279;0,7802772380907763;0,5081987724651515;strategy
2016-11-16;46553,22643295252;17708,508620142242;0,7070183865470536;-0,18783382096493328;0,8948522075119869;strategy
2016-11-17;47074,24498969034;17799,54324557087;1,1191889298762359;0,5140727961985503;0,6051161336776856;strategy
2016-11-18;47188,55368424174;17759,71551943104;0,24282640024588797;-0,22375701213422916;0,46658341238011714;strategy
2016-11-21;47429,8546708262;17893,827291560836;0,5113549107673476;0,7551459480477751;-0,2437910372804275;spy
2016-11-22;47435,7606968051;17928,778406384936;0,012452127504691823;0,19532498137266874;-0,18287285386797691;spy
2016-11-23;47882,908643672505;17938,531629016383;0,9426389295734916;0,05439981693327045;0,8882391126402212;strategy
2016-11-25;47876,059981902035;18005,18195762954;-0,01430293598376764;0,371548407592881;-0,38585134357664863;spy
2016-11-28;47596,85847570956;17920,649894034163;-0,583175612817799;-0,4694874164243412;-0,11368819639345773;spy
2016-11-29;47523,35841493902;17955,601008858266;-0,15442208398700474;0,19503263012654593;-0,34945471411355067;spy
2016-11-30;48210,17466990393;17912,522621920245;1,4452182629184795;-0,23991615160511293;1,6851344145235925;strategy
2016-12-01;47572,17121731344;17846,68588868428;-1,3233792595835125;-0,3675458483742511;-0,9558334112092615;spy
2016-12-02;47750,75780827029;17855,625515938533;0,37540138780098875;0,05009124556802913;0,3253101422329596;strategy
2016-12-05;48610,802767930065;17962,915925831854;1,801112692521123;0,6008773526166911;1,2002353399044319;strategy
2016-12-06;49122,70607870371;18019,811791576707;1,0530649189594676;0,31674070056204595;0,7363242183974217;strategy
2016-12-07;49559,382761594905;18255,525007143762;0,8889507882394732;1,308078121422107;-0,41912733318263395;spy
2016-12-08;50359,67650441676;18300,22810436246;1,6148178169846483;0,2448743446228141;1,3699434723618342;strategy
2016-12-09;50069,48386241814;18410,769175053978;-0,5762400836176296;0,6040420374058941;-1,1802821210235237;spy
2016-12-12;49710,90346502793;18389,63677927356;-0,7161655558014735;-0,11478279684834503;-0,6013827589531284;spy
2016-12-13;49601,8368599272;18512,36937825438;-0,2194017760660083;0,6674008869993031;-0,8868026630653114;spy
2016-12-14;49345,61335076788;18359,563516002032;-0,5165605255363359;-0,8254257417305233;0,3088652161941874;strategy
2016-12-15;49972,33014930962;18435,153471869442;1,270055747583454;0,4117197873551026;0,8583359602283513;strategy
2016-12-16;49503,217448714044;18291,28723687135;-0,9387448998154468;-0,7803907638611163;-0,15835413595433057;spy
2016-12-19;49646,65408955447;18331,114963011176;0,2897521580067508;0,21774151607842906;0,07201064192832174;strategy
2016-12-20;50270,25143766679;18401,828307562868;1,25607124900593;0,38575582933377817;0,8703154196721519;strategy
2016-12-21;50230,88826449185;18350,62264851092;-0,07830311575773852;-0,2782639757099803;0,19996085995224178;strategy
2016-12-22;49958,47877389016;18318,92343472187;-0,542314699209201;-0,17274189762503944;-0,3695728015841615;spy
2016-12-23;50184,91860501997;18345,7460371952;0,45325605720436535;0,14642018985946414;0,3068358673449012;strategy
2016-12-27;50728,163601815955;18391,262729791084;1,0824865555159935;0,2481048876595171;0,8343816678564764;strategy
2016-12-28;49690,788844093666;18239,26798244222;-2,04496808886091;-0,8264508510481772;-1,218517237812733;spy
2016-12-29;49606,9792143364;18235,20496650368;-0,16866230483927325;-0,022276200681137226;-0,14638610415813602;spy
2016-12-30;49214,39634150382;18168,554637890527;-0,7913863715352409;-0,36550358899493096;-0,42588278254031;spy
2017-01-03;49439,85367523199;18307,5442615729;0,458112565607216;0,7650009945893599;-0,30688842898214386;spy
2017-01-04;50001,64803524154;18416,45938174689;1,1363188161921833;0,5949193328053104;0,5413994833868729;strategy
2017-01-05;49761,46678696075;18401,828307562868;-0,4803466639969667;-0,07944564088426809;-0,4009010231126986;spy
2017-01-06;49728,23502601452;18467,666281035687;-0,06678211695106961;0,35777952262363577;-0,4245616395747054;spy
2017-01-09;49589,995256335285;18406,70615911544;-0,2779905009838268;-0,33009109539110515;0,05210059440727832;strategy
2017-01-10;49856,95007680185;18406,70615911544;0,5383239483824243;0,0;0,5383239483824243;strategy
2017-01-11;49947,11605714334;18458,725413544573;0,18084937045406146;0,28261033766419086;-0,1017609672101294;spy
2017-01-12;49431,58599204925;18412,3951255715;-1,0321518153406206;-0,25099397133389045;-0,7811578440067302;spy
2017-01-13;49718,16142227086;18454,66115736919;0,5797415245136994;0,22955205723882433;0,3501894672748751;strategy
2017-01-17;48814,15072957147;18389,63677927356;-1,8182705611765604;-0,3523466377472251;-1,4659239234293353;spy
2017-01-18;49454,52294641496;18430,27686055372;1,3118577446755708;0,22099447513812542;1,0908632695374454;strategy
2017-01-19;49210,469698433226;18362,00182165989;-0,49349024809353104;-0,3704504246485718;-0,12303982344495923;spy
2017-01-20;49498,552358958215;18429,464505413387;0,5854092884916451;0,36740375264485703;0,21800553584678806;strategy
2017-01-23;49226,644255305815;18381,508266922785;-0,5493253654784702;-0,260215040304157;-0,28911032517431323;spy
2017-01-24;50578,7127413898;18499,36549482474;2,746619247640991;0,6411727818550927;2,1054464657858984;strategy
2017-01-25;50927,51275768281;18659,487514287528;0,689618215624499;0,8655541159375613;-0,17593590031306228;spy
2017-01-26;51485,43919090454;18639,979828787782;1,0955304962101398;-0,10454566603079751;1,2000761622409373;strategy
2017-01-27;51366,02289356128;18610,71892065659;-0,23194188341381095;-0,1569792907501033;-0,07496259266370764;spy
2017-01-30;50763,15432235507;18495,301238649354;-1,173671889013983;-0,6201677780385495;-0,5535041109754335;spy
2017-01-31;50490,84846833508;18493,675288131824;-0,5364242188158674;-0,008791154556231362;-0,5276330642596361;spy
2017-02-01;51318,473802475695;18500,99020510541;1,639159093671494;0,03955361419305525;1,5996054794784387;strategy
2017-02-02;51148,49560615793;18513,18297363157;-0,33122223582098265;0,06590332944880206;-0,3971255652697847;spy
2017-02-03;51572,10325228497;18640,792183928123;0,8281917994007237;0,6892883329587818;0,13890346644194196;strategy
2017-02-06;51942,20738023534;18607,46701962154;0,7176440451533761;-0,17877547251083925;0,8964195176642153;strategy
2017-02-07;51670,94151163574;18608,28061499873;-0,5222455538206883;0,004372413377540241;-0,5266179671982285;spy
2017-02-08;51651,75892308474;18632,6649118142;-0,037124519100706355;0,13104003169328582;-0,16816455079399217;spy
2017-02-09;52206,804599003764;18743,20598250571;1,0745920129177966;0,5932649527841782;0,48132706013361837;strategy
2017-02-10;52297,653648083375;18817,169987855603;0,17401763961117922;0,39461768396999997;-0,22060004435882075;spy
2017-02-13;52373,869431918254;18919,583786433195;0,14573461430553714;0,5442571791809847;-0,39852256487544757;spy
2017-02-14;52486,08232294909;18995,17374230061;0,21425358150537477;0,39953286880241023;-0,18527928729703547;spy
2017-02-15;52623,54069582194;19094,335639843153;0,2618949001128801;0,5220373284700264;-0,2601424283571463;spy
2017-02-16;52226,308477125276;19078,07985537846;-0,7548565023261511;-0,08513406683170466;-0,6697224354944464;spy
2017-02-17;52199,64591928528;19108,15311864999;-0,051051967135828935;0,15763254740257526;-0,2086845145384042;spy
2017-02-21;52550,43556085032;19221,946090376558;0,6720153659805606;0,5955205143060249;0,07649485167453562;strategy
2017-02-22;52367,78537973948;19204,87671053467;-0,3475712030956313;-0,08880151760717325;-0,258769685488458;spy
2017-02-23;51540,339255927385;19217,88183420117;-1,580067054224188;0,06771781908583296;-1,6477848733100209;spy
2017-02-24;51488,422859238475;19242,26613101664;-0,10072963709283345;0,12688337365087676;-0,2276130107437102;spy
2017-02-27;52097,52598455294;19272,339394288167;1,182990450066157;0,1562875342579817;1,0267029158081753;strategy
2017-02-28;51516,74715176049;19220,32013985903;-1,114791579478558;-0,2699166580916068;-0,8448749213869511;spy
2017-03-01;52659,52255493244;19489,35727949581;2,218260015147111;1,399753686094174;0,8185063290529371;strategy
2017-03-02;51224,06955837495;19366,624680514982;-2,725913428212501;-0,6297416442252346;-2,0961717839872662;spy
2017-03-03;51335,38156401826;19378,81620880429;0,217304104502003;0,06295122919159901;0,15435287531040398;strategy
2017-03-06;51163,17055460202;19321,107987919102;-0,33546260721074583;-0,29779022755255236;-0,03767237965819348;spy
2017-03-07;51023,775349796946;19263,398526797053;-0,27245224112196764;-0,29868608548812015;0,026233844366152503;strategy
2017-03-08;50658,83062964065;19227,63505683261;-0,7152444476215103;-0,18565503856805554;-0,5295894090534548;spy
2017-03-09;50655,71576056459;19252,019353648084;-0,006148718865683911;0,1268190120282675;-0,13296773089395142;spy
2017-03-10;50768,580695641955;19319,482037401573;0,22280789715980465;0,35041874057073485;-0,1276108434109302;spy
2017-03-13;50847,35520642135;19329,235260033016;0,1551639019645723;0,050483872251660955;0,10468002971291135;strategy
2017-03-14;50231,212827678275;19255,270014446283;-1,2117491189891139;-0,3826599686520993;-0,8290891503370146;spy
2017-03-15;50694,22462692778;19421,894595742317;0,9217611385134106;0,8653453375155218;0,05641580099788879;strategy
2017-03-16;50857,655240844426;19383,692820120013;0,3223850746695067;-0,19669438238366643;0,5190794570531732;strategy
2017-03-17;50932,454259852864;19265,836832454916;0,14707524099217828;-0,6080161750332991;0,7550914160254774;strategy
2017-03-20;51139,32390619835;19244,704436674496;0,4061646927321583;-0,10968843951185692;0,5158531322440152;strategy
2017-03-21;49496,63193181886;18997,612047958468;-3,2121894638117876;-1,2839500317040287;-1,928239432107759;spy
2017-03-22;50012,897912286266;19042,31638541402;1,0430325464943824;0,23531556146476618;0,8077169850296162;strategy
2017-03-23;50202,00904997151;19021,99634477394;0,378124734977181;-0,10670992031013293;0,48483465528731395;strategy
2017-03-24;50511,67707288463;19008,178865967107;0,6168438848829227;-0,07263947777294;0,6894833626558627;strategy
2017-03-27;50640,981194719236;18988,67118046736;0,2559885739846335;-0,10262785108084982;0,3586164250654833;strategy
2017-03-28;51103,611997543405;19126,848449009398;0,9135502352241476;0,7276826652523827;0,1858675699717649;strategy
2017-03-29;50950,70105245932;19144,728943754762;-0,2992174899328681;0,09348374769126977;-0,3927012376241379;spy
2017-03-30;51352,56928525912;19205,689065675007;0,7887393588285052;0,31841726304582263;0,4703220957826826;strategy
2017-03-31;51185,018939879046;19160,985968456316;-0,32627451306154187;-0,23275966337800158;-0,09351484968354029;spy
2017-04-03;50760,24247215878;19127,660804149735;-0,8298843617098206;-0,17392197020259514;-0,6559623915072255;spy
2017-04-04;50350,6434540918;19139,852332439037;-0,80692880514045;0,06373768551279912;-0,8706664906532491;spy
2017-04-05;49878,78228877554;19082,956466694184;-0,93715021883779;-0,29726386994336496;-0,6398863488944251;spy
2017-04-06;50116,03186732806;19136,60167164084;0,47565230678439097;0,28111579586886926;0,1945365109155217;strategy
2017-04-07;50144,04218888372;19117,0939861411;0,05589094050744148;-0,10193913127559684;0,15783007178303832;strategy
2017-04-10;49888,24433929324;19128,47315929007;-0,5101261055639239;0,05952355079292815;-0,569649656356852;spy
2017-04-11;49673,42151643435;19105,714812992122;-0,43060810358021007;-0,11897628267782956;-0,3116318209023805;spy
2017-04-12;49109,36726824166;19021,99634477394;-1,1355252587262887;-0,43818548030065685;-0,6973397784256319;spy
2017-04-13;48738,13311416875;18898,450150415927;-0,7559334903363357;-0,6494912106948969;-0,10644227964143882;spy
2017-04-17;49369,18649062837;19065,888327089153;1,2947836450390549;0,8859889321111369;0,4087947129279179;strategy
2017-04-18;49293,29534471302;19008,991221107444;-0,15372168615692683;-0,29842357725796687;0,14470189110104004;strategy
2017-04-19;49296,98034617124;18974,041346520193;0,007475664656730885;-0,1838597018680499;0,19133536652478078;strategy
2017-04-20;49848,30465271301;19128,47315929007;1,1183733824471132;0,8139110163697394;0,30446236607737376;strategy
2017-04-21;49620,90937935308;19067,513037369827;-0,45617453781862105;-0,3186878608271937;-0,13748667699142736;spy
2017-04-24;50480,736073182255;19277,216005603885;1,732791084612706;1,0997919226438668;0,6329991619688391;strategy
2017-04-25;50973,80215150198;19389,38302681293;0,9767410633730211;0,5818631755562631;0,39487788781675803;strategy
2017-04-26;50541,00828202159;19377,19025828677;-0,8490515739713933;-0,0628837364721746;-0,7861678374992187;spy
2017-04-27;51046,32966493039;19393,447282988313;0,999824499125701;0,08389773999659678;0,9159267591291043;strategy
2017-04-28;50816,233401038175;19351,18125119063;-0,45075966362826403;-0,21793975656282383;-0,2328199070654402;spy
2017-05-01;51234,460143556;19399,948604584708;0,8230179895806433;0,2520122816330961;0,5710057079475472;strategy
2017-05-02;50541,58508708417;19407,264761795148;-1,3523613882735153;0,03771225047839444;-1,3900736387519097;spy
2017-05-03;50322,41121860726;19383,692820120013;-0,43365056339105257;-0,12145937083075653;-0,31219119256029604;spy
2017-05-04;50738,486162301226;19406,45116641796;0,8268183769781556;0,11740975524705544;0,7094086217311002;strategy
2017-05-05;50889,85866138984;19482,85471766256;0,298338619336036;0,39370181899520684;-0,09536319965917084;spy
2017-05-08;50644,09680179949;19479,604056864362;-0,48292894901830197;-0,01668472534085419;-0,4662442236774478;spy
2017-05-09;50754,988275225114;19461,722321882145;0,21896228865450063;-0,0917972199538375;0,3107595086083381;strategy
2017-05-10;51700,393764389635;19496,672196469393;1,8626848735299628;0,17958263924027218;1,6831022342896906;strategy
2017-05-11;51702,481882525724;19456,84571056642;0,0040388824611437;-0,2042732498225286;0,2083121322836723;strategy
2017-05-12;51648,527653254554;19424,332901400176;-0,10435520173627255;-0,1671021585404664;0,06274695680419384;strategy
2017-05-15;52146,14911432942;19531,623311293497;0,9634765668746104;0,5523505514343219;0,4111260154402885;strategy
2017-05-16;52640,25338515442;19513,74157631128;0,9475374101771017;-0,09155273321228563;1,0390901433893873;strategy
2017-05-17;50832,27805501584;19167,48853028956;-3,4345870581399263;-1,7744062289010487;-1,6601808292388776;spy
2017-05-18;51455,12721468615;19244,704436674496;1,2253024721736727;0,4028483244579162;0,8224541477157565;strategy
2017-05-19;51672,6388541447;19369,87534131318;0,42272102166034387;0,6504173917067257;-0,22769637004638188;spy
2017-05-22;52179,84183278223;19468,22488371539;0,9815697241033039;0,507744839185631;0,47382488491767294;strategy
2017-05-23;52341,23429767387;19511,303270653418;0,30930041031715927;0,2212753715109539;0,08802503880620538;strategy
2017-05-24;52697,519045412984;19556,819963249305;0,6806961137233669;0,23328371234097034;0,4474124013823966;strategy
2017-05-25;53693,351044268595;19650,291654098935;1,8897132481653145;0,47794933442799614;1,4117639137373184;strategy
2017-05-26;53933,39576393175;19646,228638160403;0,4470660053704778;-0,020676619004200703;0,4677426243746785;strategy
2017-05-30;54051,158449845745;19629,159258318516;0,21834836142979874;-0,0868837483074536;0,30523210973725234;strategy
2017-05-31;54005,58129393504;19624,282647002794;-0,08432225546654015;-0,024843709562627492;-0,05947854590391266;spy
2017-06-01;54431,95925149764;19780,3404102902;0,7895072089715294;0,795227861800285;-0,005720652828755668;spy
2017-06-02;54688,21989342091;19846,17714352616;0,4707907733749517;0,33283923264391113;0,13795154073104055;strategy
2017-06-05;54574,42883921507;19831,547309578997;-0,20807233153246063;-0,0737161310279677;-0,13435620050449293;spy
2017-06-06;54802,784118274874;19768,14888200089;0,4184290773478816;-0,31968472549535054;0,7381138028432321;strategy
2017-06-07;55211,6353276207;19804,724707105663;0,746040946502724;0,18502402689852815;0,5610169196041959;strategy
2017-06-08;55653,726150817274;19814,47792973711;0,8007203926731155;0,0492469487745506;0,7514734438985649;strategy
2017-06-09;53654,93048503409;19784,40466646558;-3,5914857890495977;-0,15177418944960497;-3,4397115995999927;spy
2017-06-12;53069,353365653515;19780,3404102902;-1,0913761588861148;-0,020542726677397205;-1,0708334322087176;spy
2017-06-13;53518,0355531704;19877,06400217488;0,8454638299913109;0,4889885101995617;0,3564753197917492;strategy
2017-06-14;53252,6739561974;19851,867350219076;-0,4958358322202594;-0,12676244315079632;-0,3690733890694631;spy
2017-06-15;53169,489594894825;19813,665574596773;-0,1562069190572446;-0,1924341672667973;0,0362272482095527;strategy
2017-06-16;53231,81482118459;19721,818594027813;0,11721990706443641;-0,4635537034940018;0,5807736105584382;strategy
2017-06-19;54003,25192931492;19886,004869665987;1,4492030954077473;0,8325108298475659;0,6166922655601814;strategy
2017-06-20;53603,42880374488;19751,891857299343;-0,7403686098262696;-0,6744090290917049;-0,06595958073456476;spy
2017-06-21;54053,48775302315;19747,015245983617;0,8396085088624661;-0,024689337866756755;0,8642978467292228;strategy
2017-06-22;53917,58432391307;19738,07437849251;-0,25142397791432236;-0,04527705772103818;-0,20614692019328418;spy
2017-06-23;54211,429087720055;19761,64632016764;0,5449887406707488;0,1194237149132249;0,42556502575752386;strategy
2017-06-26;53905,018867873245;19774,65020359728;-0,5652133231001999;0,06580364418509177;-0,6310169672852917;spy
2017-06-27;52773,98814669205;19615,341779511684;-2,098191865869614;-0,8056194291447771;-1,292572436724837;spy
2017-06-28;53589,90230143021;19790,907228298835;1,5460536210949671;0,8950414974187693;0,6510121236761979;strategy
2017-06-29;52616,830736621814;19616,967730029206;-1,815774097394507;-0,8788859260626225;-0,9368881713318844;spy
2017-06-30;52508,228227465515;19653,543555133987;-0,20640260471010974;0,18644994276455495;-0,3928525474746647;spy
2017-07-03;52025,07035834092;19686,868719440565;-0,9201564886774594;0,1695631335544734;-1,0897196222319327;spy
2017-07-05;52768,6905437828;19732,385412036445;1,42934969682873;0,23120331244417258;1,1981463843845575;strategy
2017-07-06;52350,3937438395;19551,94335193358;-0,7926988440166705;-0,9144462584477875;0,12174741443111703;strategy
2017-07-07;53126,90082374222;19678,74020708979;1,4832879456500692;0,6485127993359985;0,8347751463140707;strategy
2017-07-10;53350,980467167006;19699,872602870204;0,4217818844133525;0,10738693411278533;0,3143949503005672;strategy
2017-07-11;53704,80672964016;19685,242768923035;0,6632047984402201;-0,07426359673532446;0,7374683951755445;strategy
2017-07-12;54302,943205597825;19833,172019859667;1,1137484936288855;0,7514728300438644;0,36227566358502106;strategy
2017-07-13;54116,88364648413;19866,497184166245;-0,34263255015341;0,16802740516346226;-0,5106599553168722;spy
2017-07-14;54651,68841449577;19959,156519875538;0,9882401424021969;0,46641003117118274;0,5218301112310142;strategy
2017-07-17;54543,37314850233;19956,71821421768;-0,1981919847964142;-0,012216476459969705;-0,1859755083364445;spy
2017-07-18;54484,39484073285;19967,28503222631;-0,10813102374307437;0,0529486757051334;-0,16107969944820777;spy
2017-07-19;54826,80530021415;20075,387797259973;0,6284560202645784;0,5413994183945725;0,08705660187000586;strategy
2017-07-20;54836,42827504107;20084,328664751076;0,01755158772105414;0,04453646216648899;-0,026984874445434848;spy
2017-07-21;54907,87844793322;20066,44692976886;0,13029691236230434;-0,08903327206351008;0,21933018442581442;strategy
2017-07-24;55586,87946536626;20061,570318453138;1,2366185629934856;-0,024302315864832558;1,2609208788583182;strategy
2017-07-25;55352,62111398615;20110,337671847217;-0,4214274189038969;0,2430884154129398;-0,6645158343168367;spy
2017-07-26;55430,19372034744;20111,15002698755;0,14014260716135318;0,004039490303897608;0,13610311685745557;strategy
2017-07-27;54549,9593945141;20092,455936865;-1,5880051407978657;-0,09295385941362477;-1,495051281384241;spy
2017-07-28;54693,80989453116;20068,88523542672;0,26370413766343415;-0,11731120134017559;0,38101533900360973;strategy
2017-07-31;54298,56585488364;20057,506062277746;-0,7226485783485948;-0,05670057412499041;-0,6659480042236043;spy
2017-08-01;54640,2073657831;20102,2103997333;0,629190671098967;0,22288083731221153;0,40630983378675545;strategy
2017-08-02;53991,0224134436;20111,963622364747;-1,1881085077031228;0,048518160130184285;-1,236626667833307;spy
2017-08-03;54332,91876017025;20072,949491602107;0,6332466610995624;-0,1939846923711408;0,8272313534707032;strategy
2017-08-04;54170,47094618236;20109,52531670688;-0,2989859880433654;0,18221450275692774;-0,48120049080029315;spy
2017-08-07;54789,12127368878;20146,913496951995;1,142043472579446;0,18592273888260458;0,9561207336968414;strategy
2017-08-08;54656,99804046636;20097,332548180722;-0,241148662637658;-0,24609699534756668;0,004948332709908687;strategy
2017-08-09;54544,82511756346;20096,52019304039;-0,2052306693094419;-0,004042104286161585;-0,2011885650232803;spy
2017-08-10;52891,46900592573;19812,851979219584;-3,0311878497623956;-1,4115290164465444;-1,6196588333158513;spy
2017-08-11;53186,89450317697;19842,112887350777;0,5585503726851293;0,14768650248779824;0,41086387019733106;strategy
2017-08-14;54197,6000492;20038,810731918336;1,9002905799710978;0,9913150161188433;0,9089755638522545;strategy
2017-08-15;54192,30020795111;20036,37242626048;-0,009778737885213218;-0,012167916002980839;0,002389178117767621;strategy
2017-08-16;54510,72339034556;20071,32354108458;0,58758011963429;0,1744383368433189;0,41314178279097113;strategy
2017-08-17;53583,45552313803;19758,39441913259;-1,7010742282164704;-1,5590856343451698;-0,14198859387130058;spy
2017-08-18;53757,26085388802;19727,508800720727;0,3243637967225599;-0,15631643825246844;0,4806802349750283;strategy
2017-08-21;53563,450282781676;19742,950989808232;-0,3605291043997316;0,07827744112800517;-0,4388065455277368;spy
2017-08-22;54545,98028797403;19949,403297244095;1,8343291927708227;1,0457013621846034;0,7886278305862193;strategy
2017-08-23;54482,664585938044;19877,87635731521;-0,11607766823826804;-0,35854175116488696;0,24246408292661892;strategy
2017-08-24;54600,68527058156;19831,547309578997;0,21662061784324393;-0,23306839676142665;0,4496890146046706;strategy
2017-08-25;53878,733942494495;19877,87635731521;-1,322238584569646;0,2336128745427546;-1,5558514591124006;spy
2017-08-28;54069,74064839009;19878,689952692406;0,3545122387238475;0,004092969302016414;0,3504192694218311;strategy
2017-08-29;53773,63341379353;19901,448298990344;-0,5476394579402966;0,11448614748807984;-0,6621256054283764;spy
2017-08-30;54077,159578657614;19995,732344980315;0,5644516570573188;0,4737546965099648;0,09069696054735399;strategy
2017-08-31;54405,912786820605;20116,027878540135;0,6079335725553525;0,6016060401509593;0,00632753240439321;strategy
2017-09-01;54013,951517464775;20144,475191294132;-0,7204387340979945;0,14141615295901744;-0,861854887057012;spy
2017-09-05;53792,04929056396;19999,7966011557;-0,41082390876191477;-0,7182048118134055;0,3073809030514907;strategy
2017-09-06;53870,584222920654;20068,071640049533;0,14599728657385125;0,3413786662704643;-0,19538137969661307;spy
2017-09-07;54132,916395126886;20065,633334391667;0,4869673793042262;-0,012150174175185047;0,4991175534794112;strategy
2017-09-08;54232,11192193339;20042,06263295339;0,1832443795979133;-0,11746801631162818;0,30071239590954146;strategy
2017-09-11;54808,48475700937;20255,82985736284;1,062788843454343;1,0665929366869165;-0,003804093232573358;spy
2017-09-12;54748,8594496661;20324,104896256667;-0,10878846150849109;0,33706364722947413;-0,4458521087379652;spy
2017-09-13;54648,956979630675;20333,858118888114;-0,1824740661990898;0,0479884485995008;-0,2304625147985906;spy
2017-09-14;54991,11785057259;20327,355557054867;0,6261068643441003;-0,03197898694496937;0,6580858512890697;strategy
2017-09-15;55269,5923090189;20254,203906845312;0,5063989773821387;-0,3598680113811814;0,8662669887633201;strategy
2017-09-18;55361,82082118106;20297,282293783337;0,16687025959318813;0,2126886207730161;-0,04581836117982796;spy
2017-09-19;55027,37540512088;20317,602334423416;-0,6041084109939976;0,10011212509126732;-0,7042205360852649;spy
2017-09-20;55078,03894408564;20324,917251397;0,09206969911206286;0,03600285532310288;0,056066843788959986;strategy
2017-09-21;54771,045812418895;20270,459691310007;-0,5573784716235042;-0,267934965802874;-0,28944350582063016;spy
2017-09-22;55049,58290542565;20274,523947485395;0,508548063808556;0,020050143101246753;0,48849792070730924;strategy
2017-09-25;54041,57987933674;20233,07027082804;-1,8310820407497652;-0,20446189890686028;-1,626620141842905;spy
2017-09-26;53869,64096443911;20245,263039354202;-0,3181604151498485;0,060261583452025924;-0,3784219986018744;spy
2017-09-27;54451,40512886797;20324,104896256667;1,0799481006619205;0,38943360108094627;0,6905144995809742;strategy
2017-09-28;54431,08302412058;20348,48919307213;-0,03732154330874371;0,11997722379377684;-0,15729876710252055;spy
2017-09-29;54762,76223812418;20420,014892764157;0,6093562640607786;0,3515037357976203;0,2578525282631583;strategy
2017-10-02;55017,20573873371;20508,611212534925;0,4646286823574375;0,4338700056588207;0,03075867669861676;strategy
2017-10-03;55313,08925234365;20552,501954613286;0,5378017833457926;0,2140112834726482;0,32379049987314446;strategy
2017-10-04;55411,50327792053;20576,88625142875;0,17792176663267156;0,11864393381064708;0,05927783282202448;strategy
2017-10-05;55659,31004472897;20698,806495269237;0,44721177399853485;0,5925106566209593;-0,1452988826224244;spy
2017-10-06;55980,619001892686;20675,234553594106;0,5772780095648189;-0,11388068041757737;0,6911586899823963;strategy
2017-10-09;55874,947148903695;20641,09703414719;-0,18876506704118556;-0,16511309392125417;-0,02365197311993139;spy
2017-10-10;55929,931939145514;20695,554594234185;0,0984068765117252;0,26383074502727144;-0,16542386851554625;spy
2017-10-11;56249,292661113526;20728,06740340043;0,5710014493053528;0,15710044888239683;0,41390100042295597;strategy
2017-10-12;56456,74756581365;20697,180544751714;0,3688133572629759;-0,1490098331291989;0,5178231903921748;strategy
2017-10-13;56671,43782061007;20722,37719670752;0,3802738628294833;0,12173953791108083;0,25853432491840245;strategy
2017-10-16;56717,019039247585;20750,012154321183;0,08043067264642545;0,13335804744474267;-0,05292737479831722;spy
2017-10-17;56503,20566903627;20764,643228505207;-0,37698273610493604;0,07051115958491838;-0,4474938956898544;spy
2017-10-18;56586,04276968256;20784,963269145286;0,14660601936729023;0,0978588479294773;0,04874717143781293;strategy
2017-10-19;56610,808152832775;20790,65223560135;0,04376588631762601;0,027370587007524705;0,016395299310101308;strategy
2017-10-20;57183,98071498137;20897,94140525781;1,0124790315679588;0,5160452324470377;0,4964337991209211;strategy
2017-10-23;57244,12683757742;20816,661242697486;0,10518002042536612;-0,38893860875633957;0,4941186291817057;strategy
2017-10-24;57206,14065602694;20853,238308039112;-0,06635821637783756;0,17571052780838148;-0,24206874418621904;spy
2017-10-25;56607,42794993729;20750,012154321183;-1,0465881795621024;-0,4950125836241659;-0,5515755959379365;spy
2017-10-26;57055,12619340528;20776,834756794513;0,7908825037306499;0,1292654783710212;0,6616170253596287;strategy
2017-10-27;58906,146107715846;20946,709998888746;3,244265744038466;0,817618487525773;2,426647256512693;strategy
2017-10-30;59039,85977819049;20868,681737363473;0,22699442980047557;-0,37250843463919603;0,5995028644396716;strategy
2017-10-31;59198,1312475019;20901,193306292862;0,26807561858384066;0,15579119629383076;0,1122844222900099;strategy
2017-11-01;59171,837350777154;20928,828263906526;-0,044416768182786726;0,13221712850883804;-0,17663389669162477;spy
2017-11-02;59208,79517699722;20936,9567762573;0,06245847327839282;0,038838831530729756;0,023619641747663067;strategy
2017-11-03;59682,409200134905;21006,859005905513;0,7999048481258209;0,33387005759826227;0,4660347905275586;strategy
2017-11-06;59941,09358708889;21039,370574834902;0,43343489383367295;0,15476644518939153;0,2786684486442814;strategy
2017-11-07;59968,55341163398;21024,740740887733;0,04581135061405561;-0,06953551150749027;0,11534686212154588;strategy
2017-11-08;60403,81263724887;21060,50173037846;0,7258124481129391;0,17009003788179822;0,5557224102311409;strategy
2017-11-09;59800,04269523343;20984,100659607568;-0,9995560141895954;-0,36276947125475356;-0,6367865429348418;spy
2017-11-10;59833,882271302835;20977,596857537465;0,05658787944662347;-0,030993951923907748;0,08758183137053122;strategy
2017-11-13;60250,3503268785;20997,10330280036;0,6960405037521822;0,09298703467019998;0,6030534690819822;strategy
2017-11-14;60114,88887375069;20948,33718964313;-0,22483098005717794;-0,23225162277847877;0,00742064272130083;strategy
2017-11-15;59539,96091112496;20843,485085407672;-0,9563819769061843;-0,5005270980996901;-0,4558548788064942;spy
2017-11-16;60291,44713766;21020,67524447549;1,2621543834346438;0,850098524031706;0,41205585940293776;strategy
2017-11-17;60381,50381051474;20958,90152717805;0,1493689024400391;-0,2938712319133119;0,44324013435335097;strategy
2017-11-20;60878,22276909242;20994,664997142496;0,8226342956552557;0,17063618490724686;0,6519981107480088;strategy
2017-11-21;61542,843903180605;21132,02867030734;1,0917223004506038;0,6542789474542232;0,4374433529963806;strategy
2017-11-22;61224,31094522409;21113,33582042164;-0,517579198091056;-0,0884574319737097;-0,4291217661173463;spy
2017-11-24;61466,636139517665;21162,101933578866;0,395798973565209;0,23097303795100999;0,164825935614199;strategy
2017-11-27;60699,29597643562;21151,537596043945;-1,2483848332619507;-0,049921021872401106;-1,1984638113895496;spy
2017-11-28;61020,15427771812;21366,11593535687;0,5286030029195921;1,014481043463511;-0,4858780405439189;spy
2017-11-29;59191,64908046817;21353,110811690374;-2,9965594464542944;-0,0608679823035807;-2,9356914641507137;spy
2017-11-30;59723,00602371163;21540,05667386335;0,8976890346831023;0,8754970824701891;0,022191952212913257;strategy
2017-12-01;59067,48294691485;21495,351096170943;-1,0976056304609183;-0,20754623986970477;-0,8900593905912135;spy
2017-12-04;57271,61769154428;21469,343329311658;-3,0403619144979577;-0,12099251946584566;-2,919369395032112;spy
2017-12-05;57597,6343818609;21392,126182689863;0,569246519405997;-0,35966235872884056;0,9289088781348376;strategy
2017-12-06;58037,45547436392;21396,189198628395;0,7636096468599529;0,01899304400054813;0,7446166028594048;strategy
2017-12-07;58954,43806998622;21463,653122618744;1,579984146664315;0,31530812970503863;1,2646760169592763;strategy
2017-12-08;59055,8520247326;21580,69675514351;0,17202089964114542;0,5453108650988359;-0,37328996545769044;spy
2017-12-11;59037,93495085295;21645,71989300228;-0,030339201392182158;0,3013023100992829;-0,33164151149146504;spy
2017-12-12;58858,52886215527;21683,92166862459;-0,30388273039534397;0,17648651008672633;-0,4803692404820703;spy
2017-12-13;58842,23154523125;21681,483362966726;-0,0276889640959066;-0,011244763263418278;-0,01644420083248832;spy
2017-12-14;58620,40407256518;21592,888283432818;-0,37698684574114516;-0,40862093266752497;0,03163408692637981;strategy
2017-12-15;59252,08108579336;21661,976917703836;1,0775719192352096;0,31996013392996403;0,7576117853052455;strategy
2017-12-18;59837,44420772469;21799,34059086868;0,9879199366580327;0,6341234398259399;0,3537964968320928;strategy
2017-12-19;59491,14546162214;21715,622122650497;-0,5787325155472645;-0,3840412872545884;-0,19469122829267604;spy
2017-12-20;59393,66987961246;21704,24170926467;-0,16384889087831533;-0,05240657311842423;-0,11144231775989111;spy
2017-12-21;59174,74152205014;21748,944806483363;-0,36860553996086454;0,20596479627119635;-0,5745703362320609;spy
2017-12-22;59205,108279220076;21743,257080264164;0,05131709305163934;-0,026151734117707548;0,07746882716934689;strategy
2017-12-26;59097,58633155405;21717,246832931167;-0,18160924080897756;-0,11962442994157829;-0,061984810867399265;spy
2017-12-27;59373,17151137917;21727,8136509398;0,46632222554574554;0,04865634253699014;0,4176658830087554;strategy
2017-12-28;59433,922930799716;21772,516748158494;0,10232133112326736;0,20574135040394292;-0,10342001928067557;spy
2017-12-29;58974,02591765085;21690,422990220977;-0,7737954866017138;-0,37705222086674706;-0,39674326573496677;spy
2018-01-02;59903,561680344734;21845,66839836805;1,5761782381821021;0,7157325065401565;0,8604457316419456;strategy
2018-01-03;60337,501413082035;21983,84566691008;0,7243972153990974;0,6325156366117746;0,09188157878732284;strategy
2018-01-04;60458,26133962485;22076,503762382526;0,2001407478179562;0,4214826508353475;-0,22134190301739132;spy
2018-01-05;61255,44366075321;22223,62313865253;1,3185664017861587;0,66640704458234;0,6521593572038187;strategy
2018-01-08;62241,79259659312;22264,26321993269;1,6102224992484482;0,18286883748257488;1,4273536617658733;strategy
2018-01-09;62233,81750204982;22314,656523844296;-0,012813086208796065;0,22634166427968339;-0,23915475048847945;spy
2018-01-10;62193,48608572307;22280,51776416053;-0,06480627084369806;-0,15298805808320326;0,0881817872395052;strategy
2018-01-11;63547,81272826728;22443,078089281178;2,1776020734350032;0,7296074841767641;1,447994589258239;strategy
2018-01-12;63322,27730153088;22589,38387017399;-0,3549066711403537;0,6518971252998051;-1,0068037964401588;spy
2018-01-16;62260,74912888557;22512,1667235522;-1,6763897602584232;-0,34182936137423514;-1,334560398884188;spy
2018-01-17;62975,2392544428;22726,745062865124;1,1475771421866066;0,9531660899100958;0,1944110522765108;strategy
2018-01-18;63011,26419021681;22688,545767716536;0,05720492085541373;-0,16808080102506118;0,2252857218804749;strategy
2018-01-19;63728,88280949382;22791,770681197613;1,1388735466577593;0,4549648731914546;0,6839086734663047;strategy
2018-01-22;64252,334914630395;22977,089352616207;0,821373421375271;0,8130946647838755;0,008278756591395542;strategy
2018-01-23;64226,09032132667;23025,857946247143;-0,04084613164423434;0,21224878783605572;-0,25309491948029006;spy
2018-01-24;63922,420940941636;23016,915838519177;-0,47281311826045114;-0,03883506859480024;-0,4339780496656509;spy
2018-01-25;64035,92582904275;23026,669061150624;0,1775666290955824;0,04237415081964624;0,13519247827593617;strategy
2018-01-26;64643,116612583864;23293,267895129542;0,948203333800679;1,157782887620118;-0,20957955381943894;spy
2018-01-29;64021,65684884498;23138,836082359667;-0,9613703613075897;-0,662989038142503;-0,2983813231650867;spy
2018-01-30;63449,45559565261;22901,499396748794;-0,8937620195355711;-1,0257071045669863;0,13194508503141522;strategy
2018-01-31;63610,60738970757;22912,87732966091;0,253984518136674;0,049682043585908;0,204302474550766;strategy
2018-02-01;63073,230788592446;22886,867082327914;-0,8447908661253778;-0,1135180316237605;-0,7312728345016173;spy
2018-02-02;61913,84738814226;22388,62176943104;-1,8381544530930771;-2,176992207385142;0,3388377542920651;strategy
2018-02-05;59526,43021998316;21452,27270923292;-3,8560310316240187;-4,1822541371286714;0,3262231055046527;strategy
2018-02-06;59946,774173820166;21874,930546736097;0,7061467524318354;1,970224056126546;-1,2640773036947106;spy
2018-02-07;59904,02051170286;21756,26220393066;-0,07131937073601158;-0,5424855752200086;0,47116620448399704;strategy
2018-02-08;57812,79373124387;20940,208677292354;-3,490962313707213;-3,750890290754405;0,25992797704719184;strategy
2018-02-09;58459,26068178579;21254,76250952502;1,1182074223002658;1,5021523284711513;-0,3839449061708855;spy
2018-02-12;59036,94104530273;21566,878036099824;0,9881759652443423;1,4684498424055947;-0,48027387716125247;spy
2018-02-13;59469,14571549189;21620,52324104648;0,7320919114990998;0,24873885249809824;0,48335305900100156;strategy
2018-02-14;60266,35859089831;21912,318726981204;1,3405487262594828;1,3496226834175395;-0,0090739571580567;spy
2018-02-15;61085,84042429146;22191,92268462662;1,359766630262138;1,2760126444360864;0,08375398582605165;strategy
2018-02-16;60716,68012638543;22198,424006223013;-0,6043303903849218;0,02929589152225187;-0,6336262819071736;spy
2018-02-20;61074,55258868781;22059,435622777495;0,5894137518017262;-0,6261182478835225;1,2155319996852487;strategy
2018-02-21;60856,49596497069;21949,706907226315;-0,35703351801141814;-0,4974230412217784;0,14038952321036025;strategy
2018-02-22;61278,81710058707;21978,15546021717;0,6939622942790935;0,12960789458873467;0,5643543996903588;strategy
2018-02-23;61505,49638796371;22328,472762414276;0,3699145938221182;1,5939340443342331;-1,224019450512115;spy
2018-02-26;62331,31854158427;22587,75667941961;1,3426802515525527;1,1612254889272533;0,18145476262529936;strategy
2018-02-27;61781,680448856954;22305,714416116334;-0,8818008436009994;-1,248651060422712;0,3668502168217125;strategy
2018-02-28;61283,85069852113;22079,755663417578;-0,8057886200553144;-1,013008364060719;0,20721974400540466;strategy
2018-03-01;60221,04524953338;21758,70050958852;-1,7342341202025602;-1,454070229413773;-0,2801638907887871;spy
2018-03-02;60878,00816283736;21870,86505032385;1,0909191472545432;0,5154928286544402;0,575426318600103;strategy
2018-03-05;62130,78886895188;22123,64764573279;2,0578542956983137;1,1557960548304935;0,9020582408678202;strategy
2018-03-06;62979,71477870654;22179,73115633731;1,3663530195073603;0,2535002884813009;1,1128527310260594;strategy
2018-03-07;63054,96605381435;22171,602643986538;0,11948494109923491;-0,036648380872961184;0,1561333219721961;strategy
2018-03-08;63139,27900124465;22278,89305387986;0,13371341340242537;0,4839091319473132;-0,35019571854488785;spy
2018-03-09;64201,77728936053;22666,598536322075;1,6827849556136698;1,7402367411369024;-0,0574517855232326;spy
2018-03-12;64359,47100461772;22638,149983331215;0,24562204025357914;-0,12550869926633013;0,37113073951990927;strategy
2018-03-13;63666,166217967824;22491,846682912117;-1,0772381684121535;-0,6462688007934592;-0,4309693676186943;spy
2018-03-14;63934,140522327856;22376,42776066802;0,42090535723886546;-0,5131589409765325;0,9340642982153979;strategy
2018-03-15;63768,991611980964;22352,044704089407;-0,25831098846040845;-0,10896760126060112;-0,14934338719980733;spy
2018-03-16;63926,39966833959;22287,021566230633;0,2468410623715389;-0,2909046519886327;0,5377457143601716;strategy
2018-03-19;63110,73370007376;21985,470377190755;-1,2759454192597053;-1,3530349407333442;0,0770895214736389;strategy
2018-03-20;64079,61445558232;22022,861037909577;1,5352075609088134;0,17006986922423195;1,3651376916845814;strategy
2018-03-21;64324,91958172883;21980,59376587503;0,38281304940832594;-0,19192452770686597;0,5747375771151919;strategy
2018-03-22;62605,22953683833;21431,14155368936;-2,6734429768008106;-2,499715057919405;-0,1737279188814056;spy
2018-03-23;61066,883174837974;20974,34495650241;-2,4572170302405105;-2,1314618077743597;-0,32575522246615085;spy
2018-03-26;63027,24637881135;21548,18270574041;3,210190371695809;2,735903077917601;0,47428729377820833;strategy
2018-03-27;61105,75666693246;21181,61085931547;-3,0486651762163364;-1,7011729083180938;-1,3474922678982426;spy
2018-03-28;59934,1934961939;21119,023546640845;-1,917271358121575;-0,29547947552394094;-1,621791882597634;spy
2018-03-29;61043,48115324066;21388,87428165481;1,8508427198861144;1,277761419309975;0,5730813005761393;strategy
2018-04-02;59468,672625141684;20927,20355362586;-2,579814418095938;-2,158462020719465;-0,42135239737647323;spy
2018-04-03;60056,794929219206;21195,427097885444;0,9889615458288814;1,2816979754235458;-0,2927364295946644;spy
2018-04-04;60476,76147480431;21422,199445961385;0,6992823144825966;1,069911670232715;-0,37062935575011835;spy
2018-04-05;60894,579766097915;21591,263573152148;0,6908741161142817;0,7892006029410537;-0,09832648682677192;spy
2018-04-06;60062,27368675612;21110,083919386587;-1,366798297219174;-2,228584965096203;0,8617866678770292;strategy
2018-04-09;60185,602059752215;21214,122428244857;0,20533417306061175;0,4928379690747109;-0,28750379601409914;spy
2018-04-10;61091,0146794114;21551,434606775463;1,5043674710776944;1,5900359756645166;-0,08566850458682218;spy
2018-04-11;60977,25197724995;21438,456470662943;-0,1862183870384837;-0,524225594137484;0,33800720709900034;strategy
2018-04-12;61584,257915526585;21614,833034353567;0,9954629285411354;0,8227111123041198;0,17275181623701563;strategy
2018-04-13;61265,55552629614;21551,434606775463;-0,5175062589332424;-0,2933098186663874;-0,22419644026685503;spy
2018-04-16;61565,63754458305;21728,624765843284;0,48980543097842943;0,8221733833538636;-0,33236795237543415;spy
2018-04-17;62398,11494805901;21961,08732061214;1,3521786449025575;1,0698447659434063;0,2823338789591512;strategy
2018-04-18;62610,62021147105;21977,344345313693;0,3405635948921404;0,07402650180392545;0,26653709308821494;strategy
2018-04-19;62450,639694373895;21855,424101473203;-0,25551658258105014;-0,5547542138160444;0,29923763123499425;strategy
2018-04-20;62188,909790678474;21670,102949580898;-0,4190988354583647;-0,8479412297463185;0,4288423942879538;strategy
2018-04-23;61881,339349201124;21666,853529019558;-0,49457442253385553;-0,014994947503943479;-0,47957947502991205;spy
2018-04-24;61063,64833432104;21375,05804308484;-1,3213854507346579;-1,3467367818031484;0,025351331068490524;strategy
2018-04-25;60893,17961054572;21427,889652654307;-0,279165638518708;0,24716475371893143;-0,5263303922376394;spy
2018-04-26;61627,62239075266;21645,71989300228;1,2061166536288859;1,0165734651381708;0,18954318849071505;strategy
2018-04-27;61742,28172986627;21666,039933642365;0,18605186224223136;0,09387555942019787;0,09217630282203348;strategy
2018-04-30;61412,78381430393;21499,416592583188;-0,5336665674325891;-0,769053050624402;0,23538648319181288;strategy
2018-05-01;61593,54113248522;21537,618368205487;0,29433174488204816;0,17768749890394453;0,11664424597810363;strategy
2018-05-02;61807,70975184405;21392,93977806706;0,3477127884207176;-0,6717483227022369;1,0194611111229546;strategy
2018-05-03;61965,3454799211;21345,79589471679;0,255042176307696;-0,22037122452240876;0,47541340083010475;strategy
2018-05-04;62063,96118522963;21622,14795132715;0,15914654319240107;1,2946439569337498;-1,1354974137413487;spy
2018-05-07;62624,223343302874;21695,302082010414;0,9027173699099666;0,3383296185371476;0,564387751372819;strategy
2018-05-08;62747,910192346295;21695,302082010414;0,19750639998419306;0,0;0,19750639998419306;strategy
2018-05-09;63775,61249495331;21905,00381000762;1,637827139512238;0,9665766680939214;0,6712504714183165;strategy
2018-05-10;64288,96784176149;22109,828926689104;0,8049398927353346;0,9350608585053433;-0,13012096577000865;spy
2018-05-11;64396,46268938386;22177,292850679452;0,16720574498403362;0,3051309180819084;-0,13792517309787478;spy
2018-05-14;64148,104915562464;22187,859668688085;-0,3856699008753739;0,047647014808260835;-0,43331691568363473;spy
2018-05-15;63871,79759100598;22035,052566198883;-0,43073341748782745;-0,6886969034910817;0,25796348600325425;strategy
2018-05-16;64099,89549973437;22127,71066167132;0,3571183485221008;0,42050317417701155;-0,06338482565491077;spy
2018-05-17;64786,056773986085;22109,017811785627;1,0704561511407862;-0,08447710733163749;1,1549332584724237;strategy
2018-05-18;64849,356843883026;22053,74541608458;0,09770631683569952;-0,24999932684292014;0,34770564367861967;strategy
2018-05-21;65642,42755432351;22219,557642240285;1,2229430622568982;0,7518551748347146;0,47108788742218355;strategy
2018-05-22;65332,88605841557;22157,783924942847;-0,4715570514996159;-0,27801506354024896;-0,19354198795936695;spy
2018-05-23;65549,63745773223;22218,744046863096;0,3317646171682398;0,2751183156526116;0,05664630151562822;strategy
2018-05-24;66049,39686421948;22173,22735426721;0,7624136850634899;-0,20485718049537693;0,9672708655588669;strategy
2018-05-25;65824,79157927951;22120,39574469774;-0,340056526786614;-0,23826756802410864;-0,10178895876250538;spy
2018-05-29;65885,7676725703;21865,988439008128;0,09263393294205446;-1,1501028671722313;1,2427368001142858;strategy
2018-05-30;65885,7676725703;22157,783924942847;0,0;1,334471966582429;-1,334471966582429;spy
2018-05-31;65885,7676725703;22022,04744253239;0,0;-0,6125905138810395;0,6125905138810395;strategy
2018-06-01;65885,7676725703;22238,252972599697;0,0;0,9817685237101914;-0,9817685237101914;spy
2018-06-04;65885,7676725703;22343,916191738634;0,0;0,47514172659663956;-0,47514172659663956;spy
2018-06-05;65885,7676725703;22360,173216440184;0,0;0,07275817077920799;-0,07275817077920799;spy
2018-06-06;65885,7676725703;22547,116598139448;0,0;0,8360551588295184;-0,8360551588295184;spy
2018-06-07;65885,7676725703;22544,678292481585;0,0;-0,010814268189240916;0,010814268189240916;strategy
2018-06-08;65885,7676725703;22611,328621094744;0,0;0,29563663649787575;-0,29563663649787575;spy
2018-06-11;65885,7676725703;22641,401884366267;0,0;0,13300086773082587;-0,13300086773082587;spy
2018-06-12;65885,7676725703;22670,664032734312;0,0;0,12924176920445785;-0,12924176920445785;spy
2018-06-13;65885,7676725703;22598,323497428242;0,0;-0,3190931469921554;0,3190931469921554;strategy
2018-06-14;65885,7676725703;22655,220603409954;0,0;0,2517757832265266;-0,2517757832265266;spy
2018-06-15;65885,7676725703;22525,171847218695;0,0;-0,5740343846913798;0,5740343846913798;strategy
2018-06-18;65885,7676725703;22478,84155924561;0,0;-0,20568228419000079;0,20568228419000079;strategy
2018-06-19;65885,7676725703;22392,684785369573;0,0;-0,38327942144599225;0,38327942144599225;strategy
2018-06-20;65885,7676725703;22430,886560991872;0,0;0,17059935415719707;-0,17059935415719707;spy
2018-06-21;65885,7676725703;22290,270986791977;0,0;-0,6268837115178116;0,6268837115178116;strategy
2018-06-22;65885,7676725703;22330,911068072135;0,0;0,18232206016803865;-0,18232206016803865;spy
2018-06-25;65885,7676725703;22026,92405384811;0,0;-1,361283528904711;1,361283528904711;strategy
2018-06-26;65885,7676725703;22075,692647479045;0,0;0,22140446624192567;-0,22140446624192567;spy
2018-06-27;65885,7676725703;21892,812281718314;0,0;-0,8284241345497101;0,8284241345497101;strategy
2018-06-28;65885,7676725703;22017,984426593852;0,0;0,5717499573139051;-0,5717499573139051;spy
2018-06-29;65885,7676725703;22049,68240014605;0,0;0,1439640111376983;-0,1439640111376983;spy
2018-07-02;65885,7676725703;22096,823803022606;0,0;0,21379628976534448;-0,21379628976534448;spy
2018-07-03;65885,7676725703;22018,795541497333;0,0;-0,35311980681403954;0,35311980681403954;strategy
2018-07-05;65885,7676725703;22198,424006223013;0,0;0,8157960520008833;-0,8157960520008833;spy
2018-07-06;65885,7676725703;22386,183463773177;0,0;0,8458233679000227;-0,8458233679000227;spy
2018-07-09;65885,7676725703;22587,75667941961;0,0;0,9004358245014554;-0,9004358245014554;spy
2018-07-10;65885,7676725703;22669,036841979934;0,0;0,3598416775685509;-0,3598416775685509;spy
2018-07-11;65885,7676725703;22503,22461582423;0,0;-0,7314480421534375;0,7314480421534375;strategy
2018-07-12;65885,7676725703;22707,238617602234;0,0;0,9065989664189811;-0,9065989664189811;spy
2018-07-13;65885,7676725703;22725,120352584454;0,0;0,07874905127547294;-0,07874905127547294;spy
2018-07-16;65885,7676725703;22704,800311944375;0,0;-0,08941664697396101;0,08941664697396101;strategy
2018-07-17;65885,7676725703;22796,647292513335;0,0;0,4045267049569423;-0,4045267049569423;spy
2018-07-18;65885,7676725703;22844,602290767074;0,0;0,2103598728287137;-0,2103598728287137;spy
2018-07-19;65885,7676725703;22758,445516891035;0,0;-0,37714280502427755;0,37714280502427755;strategy
2018-07-20;65885,7676725703;22732,43526955804;0,0;-0,11428833007813832;0,11428833007813832;strategy
2018-07-23;65885,7676725703;22774,702541592582;0,0;0,18593376175206622;-0,18593376175206622;spy
2018-07-24;65885,7676725703;22889,305387985776;0,0;0,5032023851196277;-0,5032023851196277;spy
2018-07-25;65885,7676725703;23084,379762509525;0,0;0,852251176770702;-0,852251176770702;spy
2018-07-26;65885,7676725703;23029,920962185675;0,0;-0,23591190616389923;0,23591190616389923;strategy
2018-07-27;65885,7676725703;22873,864439135126;0,0;-0,6776250917525428;0,6776250917525428;strategy
2018-07-30;65885,7676725703;22754,382500952503;0,0;-0,5223513433882276;0,5223513433882276;strategy
2018-07-31;65885,7676725703;22866,547041687834;0,0;0,49293599037740776;-0,49293599037740776;spy
2018-08-01;65885,7676725703;22828,34526606553;0,0;-0,16706403267908732;0,16706403267908732;strategy
2018-08-02;65885,7676725703;22952,70629603759;0,0;0,5447658536903432;-0,5447658536903432;spy
2018-08-03;65885,7676725703;23051,054598202943;0,0;0,4284823797982007;-0,4284823797982007;spy
2018-08-06;65885,7676725703;23135,586661798323;0,0;0,3667166863678739;-0,3667166863678739;spy
2018-08-07;65885,7676725703;23211,987732569214;0,0;0,33023182808260554;-0,33023182808260554;spy
2018-08-08;65885,7676725703;23202,23450993777;0,0;-0,0420180414698379;0,0420180414698379;strategy
2018-08-09;65885,7676725703;23170,53653638557;0,0;-0,1366160381605641;0,1366160381605641;strategy
2018-08-10;65885,7676725703;23015,291128238507;0,0;-0,670012141942744;0,670012141942744;strategy
2018-08-13;65885,7676725703;22929,134354362457;0,0;-0,37434579209097985;0,37434579209097985;strategy
2018-08-14;65885,7676725703;23075,43765478156;0,0;0,6380672648083063;-0,6380672648083063;spy
2018-08-15;65885,7676725703;22903,124107029464;0,0;-0,7467401066449053;0,7467401066449053;strategy
2018-08-16;65885,7676725703;23088,44277844805;0,0;0,8091414540329467;-0,8091414540329467;spy
2018-08-17;65885,7676725703;23169,72294100838;0,0;0,3520383047929121;-0,3520383047929121;spy
2018-08-20;65885,7676725703;23219,30513001651;0,0;0,21399560596546685;-0,21399560596546685;spy
2018-08-21;65885,7676725703;23273,76144986665;0,0;0,23453035973821645;-0,23453035973821645;spy
2018-08-22;65885,7676725703;23259,945211296672;0,0;-0,0593640121290262;0,0593640121290262;strategy
2018-08-23;65885,7676725703;23229,058352647957;0,0;-0,1327899028485846;0,1327899028485846;strategy
2018-08-24;65885,7676725703;23368,860331470663;0,0;0,6018409214025189;-0,6018409214025189;spy
2018-08-27;65885,7676725703;23553,365407512065;0,0;0,7895339071924301;-0,7895339071924301;spy
2018-08-28;65885,7676725703;23564,745820897893;0,0;0,048317568164590874;-0,048317568164590874;spy
2018-08-29;65885,7676725703;23691,5426760541;0,0;0,5380786031808693;-0,5380786031808693;spy
2018-08-30;65885,7676725703;23595,630199072897;0,0;-0,4048384619467882;0,4048384619467882;strategy
2018-08-31;65885,7676725703;23596,443794450086;0,0;0,003448076488421492;-0,003448076488421492;spy
2018-09-04;65759,26699863898;23555,80371316992;-0,19199999999998107;-0,1722296869570039;-0,01977031304297716;spy
2018-09-05;64467,57180430937;23492,405285591823;-1,9642785774305227;-0,26914143261709267;-1,69513714481343;spy
2018-09-06;64196,20617957268;23421,69194104013;-0,4209335285039528;-0,30100512779362987;-0,11992840071032296;spy
2018-09-07;64230,37920664133;23376,175248444248;0,05323215981496432;-0,19433563002392296;0,24756778983888728;strategy
2018-09-10;64840,96866461426;23416,815329724406;0,9506240902121155;0,17385256932851423;0,7767715208836012;strategy
2018-09-11;65448,88514661533;23494,02999587249;0,9375499695963407;0,3297402531507787;0,607809716445562;strategy
2018-09-12;65439,362800981085;23499,720202565408;-0,014549286229870173;0,024219798365443523;-0,038769084595313696;spy
2018-09-13;65456,75848321361;23638,708586010922;0,026582902840033285;0,5914469714849657;-0,5648640686449324;spy
2018-09-14;65919,98348449684;23642,774082423162;0,7076809362657643;0,017198470878598826;0,6904824653871655;strategy
2018-09-17;64870,1482870296;23517,601937547624;-1,592590200988353;-0,5294308715177221;-1,063159329470631;spy
2018-09-18;65316,73709813777;23645,212388081025;0,6884350088613322;0,5426167637001322;0,1458182451612;strategy
2018-09-19;64570,29080909079;23670,40904003683;-1,14281013138402;0,10656132642101745;-1,2493714578050374;spy
2018-09-20;64673,553166155434;23862,22903305182;0,15992239739162084;0,8103788687831237;-0,6504564713915029;spy
2018-09-21;64597,758927317904;23732,99387223775;-0,11719510545957768;-0,5415888039422723;0,4243936984826946;strategy
2018-09-24;65059,382346093036;23654,152015335283;0,7146121265515282;-0,33220358681629314;1,0468157133678213;strategy
2018-09-25;66384,00487924942;23632,20726441453;2,0360207634770644;-0,09277335711094237;2,1287941205880068;strategy
2018-09-26;66404,46795688188;23561,49391986284;0,030825313521964937;-0,29922445990970825;0,3300497734316732;strategy
2018-09-27;67001,86928010448;23627,330653098805;0,8996402525361713;0,27942512244718554;0,6202151300889858;strategy
2018-09-28;66926,54932855847;23629,768958756667;-0,11241470179158553;0,010319852435558552;-0,12273455422714408;spy
2018-10-01;66214,4496609301;23711,862716694184;-1,064001767269518;0,34741667631539297;-1,4114184435849109;spy
2018-10-02;64757,58709147731;23698,04399765049;-2,200218497492712;-0,05827766130733769;-2,1419408361853742;spy
2018-10-03;64933,771801745665;23711,049121316995;0,2720680590206026;0,05487846873688529;0,21718959028371732;strategy
2018-10-04;63672,85873255582;23525,730449898398;-1,9418447969411612;-0,7815709480859301;-1,160273848855231;spy
2018-10-05;63264,05407765052;23394,056983426464;-0,6420391090376398;-0,5596998008302045;-0,08233930820743529;spy
2018-10-08;62216,674029743546;23394,056983426464;-1,6555689691043485;0,0;-1,6555689691043485;spy
2018-10-09;61991,9986384785;23359,9182237427;-0,36111765016181296;-0,14592919777851598;-0,21518845238329698;spy
2018-10-10;60168,48371098857;22620,268248348995;-2,9415327260606694;-3,1663209104984658;0,22478818443779636;strategy
2018-10-11;59931,2091042868;22122,02293545212;-0,39435031775354457;-2,2026498864938904;1,8082995687403458;strategy
2018-10-12;60119,02938329364;22429,2618507112;0,31339310822180444;1,3888373416641953;-1,0754442334423908;spy
2018-10-15;59983,9234294878;22303,27611045847;-0,22473076360641775;-0,5617025700234146;0,33697180641699687;strategy
2018-10-16;60114,30395620614;22790,957085820424;0,21735911768359095;2,1865889699193897;-1,9692298522357987;spy
2018-10-17;60113,697013575635;22795,02258223266;-0,0010096476055765358;0,017838199584718772;-0,018847847190295308;spy
2018-10-18;60047,13124893501;22465,83643557912;-0,11073310734089903;-1,4441141502097965;1,3333810428688975;strategy
2018-10-19;59884,08391204798;22453,644907289814;-0,2715322672303677;-0,05426696808847886;-0,21726529914188886;spy
2018-10-22;59749,01572353892;22352,8582994666;-0,22554939423876652;-0,4488652432126594;0,2233158489738929;strategy
2018-10-23;59667,58826021403;22239,064087503175;-0,13628251836258487;-0,5090812568079528;0,3727987384453679;strategy
2018-10-24;59374,04618413805;21565,25332581915;-0,49196236119988246;-3,029852151299206;2,5378897900993236;strategy
2018-10-25;59388,146300561544;21952,145212884177;0,023747945996066555;1,7940521320091163;-1,7703041860130497;spy
2018-10-26;59408,289488680544;21566,06444072263;0,03391785966353478;-1,758738239099067;1,7926560987626017;strategy
2018-10-29;59429,1980228203;21446,582502540004;0,0351946408821302;-0,5540275487492696;0,5892221896313998;strategy
2018-10-30;59429,1980228203;21764,38823580772;0,0;1,481847903879685;-1,481847903879685;spy
2018-10-31;59429,1980228203;21996,850790576584;0,0;1,0680867858551046;-1,0680867858551046;spy
2018-11-01;59429,1980228203;22230,938055626113;0,0;1,0641853567048498;-1,0641853567048498;spy
2018-11-02;59429,1980228203;22099,26458915418;0,0;-0,5922982923278419;0,5922982923278419;strategy
2018-11-05;59429,1980228203;22221,184832994666;0,0;0,5516936699347053;-0,5516936699347053;spy
2018-11-06;59429,1980228203;22361,797926720854;0,0;0,6327884619248714;-0,6327884619248714;spy
2018-11-07;59429,1980228203;22840,539274828552;0,0;2,140889340278118;-2,140889340278118;spy
2018-11-08;59429,1980228203;22799,085598171197;0,0;-0,18149167214733808;0,18149167214733808;strategy
2018-11-09;59429,1980228203;22576,378746507497;0,0;-0,9768236129679031;0,9768236129679031;strategy
2018-11-12;59429,1980228203;22154,53450438151;0,0;-1,8685203985215892;1,8685203985215892;strategy
2018-11-13;59429,1980228203;22113,08082772415;0,0;-0,18711147665577688;0,18711147665577688;strategy
2018-11-14;59429,1980228203;21961,900915989336;0,0;-0,6836673411208749;0,6836673411208749;strategy
2018-11-15;59429,1980228203;22191,10908924943;0,0;1,043662723627059;-1,043662723627059;spy
2018-11-16;59429,1980228203;22248,819790608333;0,0;0,26006226695025614;-0,26006226695025614;spy
2018-11-19;59429,1980228203;21872,492241078235;0,0;-1,6914494929252566;1,6914494929252566;strategy
2018-11-20;59429,1980228203;21467,716138557276;0,0;-1,850617195605897;1,850617195605897;strategy
2018-11-21;59429,1980228203;21540,867788766827;0,0;0,3407518980473423;-0,3407518980473423;spy
2018-11-23;59429,1980228203;21397,002794005588;0,0;-0,6678700049227437;0,6678700049227437;strategy
2018-11-26;59429,1980228203;21742,443484886968;0,0;1,614434947768273;-1,614434947768273;spy
2018-11-27;59429,1980228203;21815,595135096522;0,0;0,33644631644278444;-0,33644631644278444;spy
2018-11-28;59429,1980228203;22317,90594440564;0,0;2,302530855557583;-2,302530855557583;spy
2018-11-29;59429,1980228203;22269,139831248413;0,0;-0,21850667028844306;0,21850667028844306;strategy
2018-11-30;59429,1980228203;22404,87631365888;0,0;0,6095272805283658;-0,6095272805283658;spy
2018-12-03;59357,88298519296;22701,548410909323;-0,11999999999993127;1,3241407499740676;-1,4441407499739989;spy
2018-12-04;58058,963494141455;21965,963931927865;-2,1882847327549193;-3,240239236844167;1,0519545040892475;strategy
2018-12-06;58203,78576430009;21932,638767621287;0,2494399855644147;-0,15171273343547176;0,40115271899988647;strategy
2018-12-07;57243,6681813246;21423,013041338585;-1,6495792676846532;-2,3235951299897972;0,674015862305144;strategy
2018-12-10;57296,77748382416;21463,653122618744;0,09277760176256145;0,18970291994753197;-0,09692531818497052;spy
2018-12-11;57328,47944703315;21468,52973393447;0,0553294000136928;0,02272032299379667;0,03260907701989613;strategy
2018-12-12;57367,765532552614;21576,631258731268;0,06852804382464495;0,5035348304543108;-0,43500678662966585;spy
2018-12-13;57384,032397812625;21569,316341757683;0,028355410236047263;-0,03390203450144291;0,062257444737490175;strategy
2018-12-14;57134,219665510725;21171,044041306835;-0,43533492134202323;-1,846476235687644;1,4111413143456208;strategy
2018-12-17;56709,577334591544;20755,7023610141;-0,7432364236445776;-1,9618384406662304;1,2186020170216527;strategy
2018-12-18;56747,85083373634;20732,94401471615;0,06749036219928506;-0,1096486445127276;0,17713900671201266;strategy
2018-12-19;56678,122750729264;20422,453198422023;-0,12287352204997104;-1,4975722505870093;1,3746987285370382;strategy
2018-12-20;56631,79921945475;20090,017631207138;-0,0817308849099474;-1,627794486710199;1,5460636018002516;strategy
2018-12-21;56492,61716744489;19564,134880222886;-0,2457666080332488;-2,6176321028577143;2,3718654948244655;strategy
2018-12-24;55840,98513859402;19047,192996729744;-1,1534817495168048;-2,6422935982500895;1,4888118487332846;strategy
2018-12-26;56079,699472285596;20009,54982378715;0,42748947408270954;5,052486354407382;-4,624996880324672;spy
2018-12-27;56101,016757210746;20163,17052165354;0,03801248067616392;0,7677369017256241;-0,7297244210494602;spy
2018-12-28;56102,47900484316;20137,160274320548;0,002606454779141565;-0,1289987966181294;0,13160525139727097;strategy
2018-12-31;56137,92795285872;20313,53807824803;0,06318606351156664;0,8758822074451444;-0,8126961439335778;spy
2019-01-02;56137,92795285872;20334,670474028448;0,0;0,10403109344623296;-0,10403109344623296;spy
2019-01-03;56137,92795285872;19849,429044561213;0,0;-2,3862763357143546;2,3862763357143546;strategy
2019-01-04;56137,92795285872;20514,300178990987;0,0;3,3495730931966117;-3,3495730931966117;spy
2019-01-07;56137,92795285872;20676,0481489713;0,0;0,7884644787734985;-0,7884644787734985;spy
2019-01-08;56137,92795285872;20870,306447644147;0,0;0,9395330155608672;-0,9395330155608672;spy
2019-01-09;56137,92795285872;20967,84363490602;0,0;0,4673490899932853;-0,4673490899932853;spy
2019-01-10;56137,92795285872;21041,80888049276;0,0;0,3527556141424526;-0,3527556141424526;spy
2019-01-11;56137,92795285872;21049,937392843538;0,0;0,038630292656605114;-0,038630292656605114;spy
2019-01-14;56137,92795285872;20921,51334693294;0,0;-0,6100922939288989;0,6100922939288989;strategy
2019-01-15;56137,92795285872;21161,29081867539;0,0;1,1460809156886187;-1,1460809156886187;spy
2019-01-16;56137,92795285872;21212,497717964186;0,0;0,24198381718569806;-0,24198381718569806;spy
2019-01-17;56137,92795285872;21373,430852330453;0,0;0,7586713102152975;-0,7586713102152975;spy
2019-01-18;56137,92795285872;21657,911421291592;0,0;1,3310009559374114;-1,3310009559374114;spy
2019-01-22;56137,92795285872;21365,30233997968;0,0;-1,3510493953920788;1,3510493953920788;strategy
2019-01-23;56137,92795285872;21410,007917672086;0,0;0,20924383367488808;-0,20924383367488808;spy
2019-01-24;56137,92795285872;21421,3858505842;0,0;0,053143057937510285;-0,053143057937510285;spy
2019-01-25;56137,92795285872;21602,64150606426;0,0;0,846143460298654;-0,846143460298654;spy
2019-01-28;56110,981747441336;21438,456470662943;-0,0480000000000258;-0,7600229599478814;0,7120229599478556;strategy
2019-01-29;55959,89444658936;21410,007917672086;-0,26926511735622105;-0,13269869978645987;-0,13656641756976118;spy
2019-01-30;56249,03649905679;21748,944806483363;0,5166951355553451;1,5830768961627273;-1,0663817606073822;spy
2019-01-31;56348,85719248759;21939,95368459487;0,17746205027435735;0,8782443461559097;-0,7007822958815524;spy
2019-02-01;56418,68636249947;21950,5205026035;0,12392295689929167;0,04816244446335105;0,07576051243594062;strategy
2019-02-04;56481,4337996323;22104,95231537338;0,1112174727530224;0,7035451061470743;-0,5923276333940519;spy
2019-02-05;56535,02147122513;22197,61289131953;0,09487661340703557;0,4191846904899599;-0,3243080770829243;spy
2019-02-06;56439,822174271176;22168,350742951487;-0,1683899545389056;-0,13182565400754465;-0,03656430053136095;spy
2019-02-07;56366,89390356674;21957,02430467361;-0,1292142106317229;-0,9532799292480854;0,8240657186163625;strategy
2019-02-08;56474,47606235932;21983,84566691008;0,19086054125427854;0,12215390329901599;0,06870663795526255;strategy
2019-02-11;56550,54142571712;21996,03719519939;0,13468980796531582;0,05545675890392676;0,07923304906138906;strategy
2019-02-12;56704,32019462991;22278,89305387986;0,27193155898390664;1,2859400817079925;-1,0140085227240858;spy
2019-02-13;56674,19199697237;22351,231108712218;-0,05313210272891444;0,32469321818375807;-0,3778253209126725;spy
2019-02-14;56721,20396630544;22301,6514001778;0,08295128289712572;-0,22182092920640661;0,30477221210353234;strategy
2019-02-15;56805,37105101789;22544,678292481585;0,14838733811513016;1,089725993573043;-0,9413386554579128;spy
2019-02-19;56803,08706909482;22583,693663481074;-0,0040207147331550175;0,1730580072748289;-0,1770787220079839;spy
2019-02-20;56719,87202733449;22629,210356076965;-0,14649739310667043;0,20154671451948492;-0,34804410762615534;spy
2019-02-21;56730,408448777205;22548,743788893826;0,018576243327284025;-0,355587163303428;0,374163406630712;strategy
2019-02-22;57037,66550814691;22688,545767716536;0,5416091083622732;0,6199989681534568;-0,07838985979118362;spy
2019-02-25;56965,98806015816;22719,43014589154;-0,12566686828813234;0,1361232160544512;-0,26179008434258355;spy
2019-02-26;57072,410672273465;22703,175601663705;0,1868178113630048;-0,07154468278234294;0,25836249414534773;strategy
2019-02-27;56782,1833097516;22693,42237903226;-0,5085248005177734;-0,04295972864134523;-0,46556507187642815;spy
2019-02-28;56832,86255625981;22651,155106997714;0,08925202159231205;-0,1862534056282339;0,27550542722054594;strategy
2019-03-01;57436,545586897286;22792,584276574802;1,0622076796499291;0,624379502541994;0,4378281771079351;strategy
2019-03-04;56502,38394908561;22709,676923260096;-1,6264237834400341;-0,36374705171065;-1,262676731729384;spy
2019-03-05;56780,95799220835;22678,79006461138;0,49303060092784623;-0,13600747713446992;0,6290380780623162;strategy
2019-03-06;56213,06506250853;22541,42639144653;-1,0001467917778784;-0,6056922471326942;-0,39445454464518415;spy
2019-03-07;56102,1745469968;22352,8582994666;-0,19726822472395655;-0,8365401936209493;0,6392719688969928;strategy
2019-03-08;56161,96581625936;22308,152721774193;0,10657567152316805;-0,19999937857375638;0,30657505009692443;strategy
2019-03-11;57004,614464783;22631,648661734824;1,5003902307844097;1,4501242841361561;0,05026594664825357;strategy
2019-03-12;57191,40597245247;22716,99184023368;0,32767787208676236;0,377096603850835;-0,04941873176407263;spy
2019-03-13;57425,211948559154;22867,360637065027;0,4088131287055541;0,6619221325115276;-0,25310900380597356;spy
2019-03-14;57593,23042772419;22852,730803117858;0,2925866069341643;-0,06397692405066824;0,3565635309848325;strategy
2019-03-15;57912,38929063406;22864,92233140716;0,5541603770783388;0,053348233934635836;0,5008121431437029;strategy
2019-03-18;57868,12420307083;22947,82720424816;-0,0764345731637639;0,36258541200955285;-0,43901998517331675;spy
2019-03-19;58345,962417365175;22953,517410941073;0,8257364842473747;0,02479627653750871;0,800940207709866;strategy
2019-03-20;58360,92591847569;22884,42877667005;0,02564616383131657;-0,30099366922339277;0,32663983305470934;strategy
2019-03-21;59340,29658948238;23142,901578771907;1,6781273696287347;1,129470194009663;0,5486571756190717;strategy
2019-03-22;57701,334557736;22697,48539497079;-2,761971418991649;-1,92463413580638;-0,8373372831852688;spy
2019-03-25;57605,06949337086;22680,41725536576;-0,16683334120950466;-0,07519837245413274;-0,09163496875537191;spy
2019-03-26;57649,515582110485;22849,478902082803;0,07715655780042852;0,7454080090922854;-0,6682514512918569;spy
2019-03-27;56952,98005378306;22729,996963900176;-1,2082244252952123;-0,5229088098448353;-0,685315615450377;spy
2019-03-28;57306,76983584312;22816,153737776225;0,6211962600130239;0,3790443703661106;0,24215188964691325;strategy
2019-03-29;57909,41475047839;22960,021213011176;1,0516120806696394;0,6305509547682941;0,42106112590134526;strategy
2019-04-01;58323,24615014573;23232,307773209297;0,7146185148830586;1,1859159783520479;-0,47129746346898926;spy
2019-04-02;58688,15748711581;23243,688186595125;0,6256704848537797;0,04898529021275522;0,5766851946410245;strategy
2019-04-03;59005,81666760339;23280,265251936755;0,5412662351127917;0,15736343151739884;0,38390280359539286;strategy
2019-04-04;58426,514225317005;23342,036488760477;-0,9817717557402128;0,2653373411137805;-1,2471090968539933;spy
2019-04-05;58732,258330269615;23455,017105346713;0,523296843918386;0,4840221059573713;0,03927473796101477;strategy
2019-04-08;58664,05954699623;23472,89884032893;-0,1161181013845658;0,07623842226123223;-0,19235652364579803;spy
2019-04-09;58422,44527735529;23352,60330676911;-0,41186080797456226;-0,5124869083197314;0,10062610034516917;strategy
2019-04-10;59027,3952269642;23432,25875904877;1,035475230002736;0,3410988112686031;0,6943764187341328;strategy
2019-04-11;59078,77668521329;23425,754956978664;0,0870467992895918;-0,02775576241703659;0,11480256170662839;strategy
2019-04-12;59116,78683130226;23584,252266160784;0,06433807235295408;0,6765942419922011;-0,612256169639247;spy
2019-04-15;58990,001346716745;23568,808836836426;-0,2144661294723571;-0,06548195444175953;-0,14898417503059758;spy
2019-04-16;58499,22184112949;23584,252266160784;-0,8319706634734136;0,0655248614016557;-0,8974955248750693;spy
2019-04-17;57756,543397239555;23526,544045275594;-1,2695526889346942;-0,24468963541400823;-1,024863053520686;spy
2019-04-18;57844,50910107343;23572,871852774955;0,15230430815234008;0,1969171817594928;-0,044612873607152714;spy
2019-04-22;58446,01607121859;23593,191893415034;1,0398687437974896;0,08620095492390956;0,9536677888735801;strategy
2019-04-23;58626,22458400495;23805,334407543818;0,308333270426453;0,8991683494423475;-0,5908350790158945;spy
2019-04-24;58664,548195922274;23752,502797974343;0,06536940113277545;-0,2219318101775225;0,28730121131029795;strategy
2019-04-25;58636,52997551882;23737,87048355347;-0,04776005486292201;-0,061603253119579815;0,013843198256657807;strategy
2019-04-26;59007,16097373492;23848,41279448184;0,6320820798414228;0,46567913918376114;0,1664029406576617;strategy
2019-04-29;59108,925984536676;23885,80097472695;0,17246213700579105;0,15677429172042956;0,01568784528536149;strategy
2019-04-30;59050,95251051441;23897,992503016256;-0,09807905160961194;0,05104090209160361;-0,14911995370121556;spy
2019-05-01;58323,28253399559;23718,364038290572;-1,2322747484712626;-0,7516466694974966;-0,480628078973766;spy
2019-05-02;58614,89655230842;23667,157139001778;0,49999589468039396;-0,21589557865848708;0,715891473338881;strategy
2019-05-03;59121,280613321986;23898,806098393445;0,8639170088130532;0,9787781355874214;-0,11486112677436822;spy
2019-05-06;58962,34320815989;23800,457796228093;-0,26883281876388665;-0,4115197293138584;0,14268691054997173;strategy
2019-05-07;58051,50805164318;23402,996610680722;-1,544774354202838;-1,6699728591370255;0,1251985049341875;strategy
2019-05-08;58370,48468462653;23370,485041751333;0,5494717427488416;-0,13892053855424358;0,6883922813030852;strategy
2019-05-09;58035,16313786527;23299,77169719964;-0,5744710679943643;-0,3025754254794566;-0,2718956425149077;spy
2019-05-10;57812,78738828532;23416,815329724406;-0,3831741612437378;0,5023381089130252;-0,885512270156763;spy
2019-05-13;55924,57435057023;22828,34526606553;-3,2660819915728556;-2,513023463578734;-0,7530585279941215;spy
2019-05-14;56989,61151056076;23034,797573501397;1,9044171052857939;0,9043682537198894;1,0000488515659045;strategy
2019-05-15;57590,9089356257;23169,72294100838;1,0551000596898508;0,5857458355188472;0,4693542241710036;strategy
2019-05-16;58296,970461036384;23384,30376079502;1,2259947593463272;0,9261259633228214;0,2998687960235058;strategy
2019-05-17;57613,88055934345;23233,12136858649;-1,1717416810698378;-0,646512266326249;-0,5252294147435888;spy
2019-05-20;56734,10138984991;23079,503151193803;-1,5270264057067884;-0,6612035247248071;-0,8658228809819812;spy
2019-05-21;57322,62207409345;23287,580168910335;1,0373314634870345;0,9015662787600798;0,13576518472695476;strategy
2019-05-22;57291,94311574766;23216,05322898146;-0,053519809868673995;-0,30714629605169685;0,25362648618302286;strategy
2019-05-23;56428,71900083926;22932,386255397512;-1,506711184789833;-1,2218570089675418;-0,2848541758222911;spy
2019-05-24;56388,95206757027;22984,40426958979;-0,07047286199850511;0,22683210378962038;-0,2973049657881255;spy
2019-05-28;56805,77991537037;22770,63704518034;0,7392012664122705;-0,9300533609752137;1,6692546273874842;strategy
2019-05-29;55879,139952503;22617,829942691136;-1,6312423916155727;-0,6710708276892463;-0,9601715639263264;spy
2019-05-30;56610,72961871636;22679,60365998857;1,3092357306057512;0,27311955856930137;1,0361161720364498;strategy
2019-05-31;56367,63723884495;22373,98945501016;-0,42941043422100034;-1,3475288614393954;0,9181184272183951;strategy
2019-06-03;55795,533473606134;22317,09482950216;-1,0149507647706835;-0,25428914062199937;-0,7606616241486841;spy
2019-06-04;55795,533473606134;22801,523903829057;0,0;2,1706636908962906;-2,1706636908962906;spy
2019-06-05;55795,533473606134;22999,034103536957;0,0;0,8662149097619309;-0,8662149097619309;spy
2019-06-06;55795,533473606134;23148,58930499111;0,0;0,6502673146223659;-0,6502673146223659;spy
2019-06-07;55795,533473606134;23380,23826438278;0,0;1,0007044331713288;-1,0007044331713288;spy
2019-06-10;55795,533473606134;23487,528674276098;0,0;0,4588935693472518;-0,4588935693472518;spy
2019-06-11;55795,533473606134;23481,838467583188;0,0;-0,024226502378443815;0,024226502378443815;strategy
2019-06-12;55795,533473606134;23440,387271399544;0,0;-0,17652449249604407;0,17652449249604407;strategy
2019-06-13;55795,533473606134;23537,108382810515;0,0;0,41262591053254916;-0,41262591053254916;spy
2019-06-14;55795,533473606134;23511,10061595123;0,0;-0,1104968649346949;0,1104968649346949;strategy
2019-06-17;55795,533473606134;23520,040243205487;0,0;0,038023006239829016;-0,038023006239829016;spy
2019-06-18;55795,533473606134;23766,319036544322;0,0;1,0471019215623212;-1,0471019215623212;spy
2019-06-19;55795,533473606134;23819,964241490976;0,0;0,22571945139744365;-0,22571945139744365;spy
2019-06-20;55795,533473606134;24047,54770447041;0,0;0,9554315895362153;-0,9554315895362153;spy
2019-06-21;55795,533473606134;23896,367792735586;0,0;-0,6286708049932255;0,6286708049932255;strategy
2019-06-24;55795,533473606134;23867,10812484125;0,0;-0,12244399713010612;0,12244399713010612;strategy
2019-06-25;55795,533473606134;23633,02085979172;0,0;-0,9807944214485165;0,9807944214485165;strategy
2019-06-26;55795,533473606134;23609,448918116588;0,0;-0,09974155151377673;0,09974155151377673;strategy
2019-06-27;55795,533473606134;23693,167386334775;0,0;0,3545972991938262;-0,3545972991938262;spy
2019-06-28;55795,533473606134;23815,08763017526;0,0;0,5145797598627766;-0,5145797598627766;spy
2019-07-01;55688,406049336816;24031,293160242567;-0,19199999999999218;0,9078510792182026;-1,0998510792181948;spy
2019-07-02;55984,90361393007;24093,877992443486;0,5324224297793334;0,26043056353064475;0,27199186624868865;strategy
2019-07-03;56335,483139076154;24286,51158083566;0,6262036772692658;0,7995125917570789;-0,17330891448781305;spy
2019-07-05;56431,88694323189;24258,876623221997;0,17112448280196535;-0,11378726632551572;0,2849117491274811;strategy
2019-07-08;56201,897808884154;24125,57844646939;-0,40755173503075337;-0,5494820672157896;0,14193033218503626;strategy
2019-07-09;56559,534923666186;24155,651709740916;0,6363434843395854;0,12465302474820028;0,5116904595913851;strategy
2019-07-10;56742,837884833396;24271,068151511303;0,3240885226772017;0,4778030547768042;-0,1537145320996025;spy
2019-07-11;56806,04408953713;24327,96525749301;0,11139063018317241;0,23442357636067612;-0,12303294617750371;spy
2019-07-12;56941,75231661643;24436,880377667007;0,23889751390784308;0,4476951484483349;-0,20879763454049183;spy
2019-07-15;57033,09278037079;24445,00889001778;0,16041034923981456;0,033263298036190214;0,12714705120362435;strategy
2019-07-16;56590,44837373498;24366,167033115315;-0,7761185393546755;-0,32252742168018544;-0,45359111767449;spy
2019-07-17;56495,642852373174;24200,35480695961;-0,16752919279892087;-0,6805018857925171;0,5129726929935963;strategy
2019-07-18;56591,510088709125;24288,949886493523;0,16968961055361387;0,3660900025665548;-0,1964003920129409;spy
2019-07-19;56208,76008311115;24154,02699946025;-0,6763382086783065;-0,555490820573934;-0,12084738810437257;spy
2019-07-22;56481,758695808705;24213,359930626113;0,48568695038619936;0,24564405416616086;0,2400428962200385;strategy
2019-07-23;56460,59730123596;24386,487073755397;-0,03746589175226411;0,7150066889738182;-0,7524725807260824;spy
2019-07-24;56981,47989962436;24501,0924006223;0,9225594897789069;0,46995422719264823;0,45260526258625866;strategy
2019-07-25;56614,99187338537;24384,048768097535;-0,643170424644246;-0,4777078124148959;-0,1654626122293501;spy
2019-07-26;57061,81502898717;24547,422688595376;0,7892311573603816;0,6700032552083401;0,11922790215204149;strategy
2019-07-29;56339,00752008303;24502,717110902973;-1,266709635045704;-0,1821192320657472;-1,084590402979957;spy
2019-07-30;56339,00752008303;24442,57058435992;0,0;-0,24546880360581946;0,24546880360581946;strategy
2019-07-31;56339,00752008303;24175,15815500381;0,0;-1,0940438053893553;1,0940438053893553;strategy
2019-08-01;56339,00752008303;23964,642831629415;0,0;-0,8707919179871904;0,8707919179871904;strategy
2019-08-02;56339,00752008303;23784,200771526543;0,0;-0,7529511763251451;0,7529511763251451;strategy
2019-08-05;56339,00752008303;23068,936333185167;0,0;-3,0073091175620292;3,0073091175620292;strategy
2019-08-06;56339,00752008303;23392,429792672086;0,0;1,4022903128895647;-1,4022903128895647;spy
2019-08-07;56339,00752008303;23406,248511715774;0,0;0,05907346592963769;-0,05907346592963769;spy
2019-08-08;56339,00752008303;23865,48093408687;0,0;1,9620078037761335;-1,9620078037761335;spy
2019-08-09;56339,00752008303;23702,920608966215;0,0;-0,6811525213743841;0,6811525213743841;strategy
2019-08-12;56339,00752008303;23414,377024066547;0,0;-1,2173334656089496;1,2173334656089496;strategy
2019-08-13;56339,00752008303;23778,510564833632;0,0;1,5551707414329652;-1,5551707414329652;spy
2019-08-14;56339,00752008303;23075,43765478156;0,0;-2,9567575653449807;2,9567575653449807;strategy
2019-08-15;56339,00752008303;23136,397776701804;0,0;0,2641775329778495;-0,2641775329778495;spy
2019-08-16;56339,00752008303;23477,775451644655;0,0;1,4755005435055812;-1,4755005435055812;spy
2019-08-19;56339,00752008303;23760,628829851412;0,0;1,2047707790260098;-1,2047707790260098;spy
2019-08-20;56339,00752008303;23578,562059467866;0,0;-0,7662540065219492;0,7662540065219492;strategy
2019-08-21;56339,00752008303;23770,384532956567;0,0;0,8135461060131854;-0,8135461060131854;spy
2019-08-22;56339,00752008303;23763,06713550927;0,0;-0,03078367300768381;0,03078367300768381;strategy
2019-08-23;56339,00752008303;23152,65480140335;0,0;-2,5687438857325717;2,5687438857325717;strategy
2019-08-26;56339,00752008303;23408,686817373633;0,0;1,1058430152673715;-1,1058430152673715;spy
2019-08-27;56339,00752008303;23316,839836804673;0,0;-0,3923628065321094;0,3923628065321094;strategy
2019-08-28;56339,00752008303;23481,027352679703;0,0;0,7041585267308248;-0,7041585267308248;spy
2019-08-29;56339,00752008303;23780,94887049149;0,0;1,2772929962008739;-1,2772929962008739;spy
2019-08-30;56339,00752008303;23770,384532956567;0,0;-0,04442353243537811;0,04442353243537811;strategy
2019-09-03;56339,00752008303;23631,39366903734;0,0;-0,5847228248517466;0,5847228248517466;strategy
2019-09-04;56339,00752008303;23899,61969377064;0,0;1,135041074977905;-1,135041074977905;spy
2019-09-05;56339,00752008303;24206,858609029718;0,0;1,2855389298899844;-1,2855389298899844;spy
2019-09-06;56339,00752008303;24225,55145891542;0,0;0,07722129578073833;-0,07722129578073833;spy
2019-09-09;56339,00752008303;24237,745467678433;0,0;0,050335319646666044;-0,050335319646666044;spy
2019-09-10;56339,00752008303;24232,055260985522;0,0;-0,023476633585817197;0,023476633585817197;strategy
2019-09-11;56339,00752008303;24404,368808737614;0,0;0,7110975354596594;-0,7110975354596594;spy
2019-09-12;56339,00752008303;24488,900872332993;0,0;0,34638086425375914;-0,34638086425375914;spy
2019-09-13;56339,00752008303;24472,643847631447;0,0;-0,06638527709470488;0,06638527709470488;strategy
2019-09-16;56339,00752008303;24397,053891764037;0,0;-0,30887531538495994;0,30887531538495994;strategy
2019-09-17;56339,00752008303;24458,827609061467;0,0;0,25320154462700195;-0,25320154462700195;spy
2019-09-18;56339,00752008303;24473,457443008636;0,0;0,05981412593034641;-0,05981412593034641;spy
2019-09-19;56339,00752008303;24471,830252254258;0,0;-0,006648798021968716;0,006648798021968716;strategy
2019-09-20;56339,00752008303;24244,24678927483;0,0;-0,929981373005262;0,929981373005262;strategy
2019-09-23;56339,00752008303;24238,556582581918;0,0;-0,023470338106890143;0,023470338106890143;strategy
2019-09-24;56339,00752008303;24048,3612998476;0,0;-0,7846807300026959;0,7846807300026959;strategy
2019-09-25;56339,00752008303;24190,60158432817;0,0;0,5914759958362437;-0,5914759958362437;spy
2019-09-26;56339,00752008303;24140,20828041656;0,0;-0,20831769617610796;0,20831769617610796;strategy
2019-09-27;56339,00752008303;24010,1595242253;0,0;-0,5387225937762974;0,5387225937762974;strategy
2019-09-30;56230,83662564446;24121,512950057153;-0,19200000000002548;0,4637762848660021;-0,6557762848660276;spy
2019-10-01;55691,82087419742;23834,594075438148;-0,9585767948563917;-1,189472962218674;0,23089616736228225;strategy
2019-10-02;55035,36375439243;23413,56342868935;-1,1787316512560597;-1,7664687110517052;0,5877370597956455;strategy
2019-10-03;55385,09721628175;23605,38590217805;0,635470428523166;0,8192792783248581;-0,1838088498016921;spy
2019-10-04;55973,89061258087;23924,81634572644;1,063089939157913;1,3532100041580675;-0,2901200650001545;spy
2019-10-07;55763,84042447389;23821,588951771653;-0,3752645846271885;-0,4314657737100158;0,05620118908282734;strategy
2019-10-08;55194,68000807024;23451,765204311658;-1,0206621568227936;-1,5524730453905788;0,5318108885677852;strategy
2019-10-09;55775,882868441025;23674,472055975362;1,0530052176872973;0,9496379045393022;0,10336731314799508;strategy
2019-10-10;55919,02963334425;23834,594075438148;0,25664634523288044;0,6763488498674697;-0,41970250463458925;spy
2019-10-11;56038,74378016325;24081,68646415418;0,2140848072721413;1,0366964418775826;-0,8226116346054413;spy
2019-10-14;55990,528231699296;24054,865101917705;-0,08603966686530073;-0,11137659431119662;0,025336927445895885;strategy
2019-10-15;56506,39141280632;24293,015382905767;0,9213400862593923;0,9900295843649376;-0,06868949810554525;spy
2019-10-16;56381,529650130804;24254,000011906275;-0,22096927365851116;-0,16060324494318046;-0,0603660287153307;spy
2019-10-17;56593,36024725718;24325,526951835156;0,3757092055516553;0,2949078085831891;0,08080139696846622;strategy
2019-10-18;56501,87513111938;24219,050137319024;-0,16165344439366125;-0,4377163739431311;0,27606292954946987;strategy
2019-10-21;56923,37724864176;24383,235172720346;0,7459966886837588;0,677916906197451;0,06807978248630775;strategy
2019-10-22;56441,925993260986;24303,582200914403;-0,8457882835689601;-0,32667105591901446;-0,5191172276499456;spy
2019-10-23;56551,72037595519;24374,295545466088;0,1945262865539199;0,2909585260605141;-0,09643223950659419;spy
2019-10-24;56817,969313785376;24414,12203136906;0,47080607992147083;0,1633954336390353;0,30741064628243553;strategy
2019-10-25;56892,81667048449;24514,0975242888;0,13173184047772235;0,4094986204758344;-0,27776677999811206;spy
2019-10-28;56866,60703989118;24652,272312357123;-0,04606843557265483;0,5636543949105954;-0,6097228304832503;spy
2019-10-29;56717,80650302976;24644,95739538354;-0,26166593121520476;-0,029672384277201758;-0,231993546938003;spy
2019-10-30;56607,805472458334;24720,549831724664;-0,19394443712407172;0,3067257740737128;-0,5006702111977845;spy
2019-10-31;55637,663189365834;24654,710618014986;-1,713795959754183;-0,2663339373834783;-1,4474620223707046;spy
2019-11-01;56408,43653069102;24883,110156845312;1,3853445618336124;0,9263931034073414;0,45895145842627105;strategy
2019-11-04;56180,13090719993;24983,083169291338;-0,4047366626920623;0,4017705657205495;-0,8065072284126118;spy
2019-11-05;55837,04770474674;24955,448211677674;-0,610684234644987;-0,11061468044757383;-0,5000695541974132;spy
2019-11-06;56395,52634840366;24961,138418370585;1,0001937183534926;0,022801460605492707;0,9773922577479999;strategy
2019-11-07;56017,06805134366;25048,91990252731;-0,6710785793928808;0,3516725987630309;-1,0227511781559118;spy
2019-11-08;56404,76639634818;25110,69361982474;0,692107528100494;0,24661229920415195;0,4454952288963421;strategy
2019-11-11;56812,23189191189;25062,738621570992;0,7223955023596851;-0,19097440707844804;0,9133699094381331;strategy
2019-11-12;57075,19660824064;25115,57023114046;0,46286637150438903;0,21079743266363415;0,2520689388407549;strategy
2019-11-13;57347,99583576619;25123,698743491237;0,47796458661022445;0,032364434794707186;0,44560015181551726;strategy
2019-11-14;57589,9158270093;25160,273328359155;0,42184558974986963;0,1455780267123119;0,27626756303755773;strategy
2019-11-15;58109,656971738434;25342,34257921641;0,9024863767648883;0,7236378098167906;0,1788485669480977;strategy
2019-11-18;58161,839488906044;25361,035429102107;0,08980007779599841;0,07376133373331317;0,01603874406268524;strategy
2019-11-19;57880,65374291709;25353,720512128522;-0,48345401118646825;-0,028843132190059517;-0,45461087899640873;spy
2019-11-20;58188,20512076324;25259,4352259017;0,5313543610135474;-0,37187948877845933;0,9032338497920067;strategy
2019-11-21;57581,30792194573;25218,79514462154;-1,0429900656979574;-0,16089069655240706;-0,8820993691455503;spy
2019-11-22;57571,969034919195;25274,878655226057;-0,016218608717943894;0,22238774803831074;-0,23860635675625463;spy
2019-11-25;58168,99621777566;25470,764144653287;1,0370101854504155;0,7750204940617067;0,26198969138870876;strategy
2019-11-26;58477,03682295764;25528,47236553848;0,5295614935982851;0,2265665080068091;0,302994985591476;strategy
2019-11-27;58836,40654102402;25642,266577501905;0,6145484408766944;0,4457540989293074;0,16879434194738696;strategy
2019-11-29;58456,523039793894;25547,167695897886;-0,6456606097540174;-0,37086768954915916;-0,27479292020485824;spy
2019-12-02;57734,59485868328;25330,151050927103;-1,2349831012343437;-0,8494743822644146;-0,3855087189699291;spy
2019-12-03;57689,70557351539;25160,273328359155;-0,07775110447689748;-0,6706542026788664;0,592903098201969;strategy
2019-12-04;58102,81364602714;25315,518736506223;0,7160862902746423;0,6170259206687012;0,09906036960594111;strategy
2019-12-05;58106,73912941589;25361,035429102107;0,006756098616267359;0,1797975900460047;-0,17304149142973735;spy
2019-12-06;58289,94412027834;25592,684388493777;0,31529043551112856;0,9134049752789197;-0,5981145397677912;spy
2019-12-09;58161,30530602833;25512,21782131064;-0,22068783250945856;-0,314412376449702;0,09372454394024343;strategy
2019-12-10;58301,397622700475;25483,769268319786;0,24086859112777415;-0,11150952531885361;0,35237811644662775;strategy
2019-12-11;58846,175582873766;25556,10980362586;0,9344166390295561;0,2838690561996371;0,650547582829919;strategy
2019-12-12;59081,31506994017;25776,378349631697;0,3995832944746702;0,861901704517587;-0,46231841004291674;spy
2019-12-13;58961,684077592305;25791,821778956055;-0,2024853241777813;0,05991310771003011;-0,2623984318878114;spy
2019-12-16;59491,3057817219;25969,01193802388;0,8982472471997571;0,6870013316096824;0,21124591559007477;strategy
2019-12-17;59682,3955460557;25974,70214471679;0,32120620286082424;0,021911525577067437;0,2992946772837568;strategy
2019-12-18;59535,806054922374;25976,326854997456;-0,24561596395741292;0,006254971747576832;-0,25187093570498975;spy
2019-12-19;60054,38899299475;26082,80366951359;0,8710437842967655;0,4098994253902699;0,46114435890649563;strategy
2019-12-20;60442,23742628018;26068,987430943613;0,6458286226684873;-0,05297068039554764;0,6987993030640349;strategy
2019-12-23;60610,72259308175;26108,813916846586;0,2787540203273764;0,1527734286131066;0,12598059171426979;strategy
2019-12-24;60818,39634375577;26109,627512223775;0,3426353321478448;0,003116171342676388;0,3395191608051684;strategy
2019-12-26;61180,83992093514;26248,615895669293;0,5959439889384521;0,5323261826712944;0,06361780626715774;strategy
2019-12-27;61076,87485655541;26242,112093599186;-0,16993075693972903;-0,024777695311473114;-0,14515306162825592;spy
2019-12-30;60478,70587510195;26097,433503460757;-0,9793706420937798;-0,5513222015910757;-0,4280484405027041;spy
2019-12-31;60634,96240481861;26160,831931038865;0,25836619262216143;0,24292974084865193;0,015436451773509496;strategy
2020-01-02;61589,205794747664;26405,486014097027;1,5737511034610963;0,9351922893854558;0,6385588140756404;strategy
2020-01-03;60948,67040639555;26205,537508731268;-1,040012417901226;-0,7572233484322677;-0,2827890694689583;spy
2020-01-06;61053,68973126706;26305,513001651005;0,17230781930313022;0,3815052176908251;-0,2091973983876949;spy
2020-01-07;61343,914923562494;26231,54775606426;0,4753606105919017;-0,28117773480449415;0,7565383453963959;strategy
2020-01-08;61642,854250796685;26371,349734886968;0,48731700219439844;0,5329536027487647;-0,04563660055436625;spy
2020-01-09;61991,423884434385;26550,16460423546;0,5654664078654337;0,6780649119067839;-0,11259850404135019;spy
2020-01-10;61749,91837910336;26473,761052990852;-0,3895788968829694;-0,2877705369571104;-0,10180835992585902;spy
2020-01-13;62592,8067723047;26655,83030384811;1,365003250735608;0,6877347366428976;0,6772685140927104;strategy
2020-01-14;62054,760883745796;26615,190222567944;-0,8595969989269925;-0,15246225991428775;-0,7071347390127047;spy
2020-01-15;61687,65459799037;26675,336749110997;-0,5915844014662608;0,22598570981489097;-0,8175701112811518;spy
2020-01-16;62410,23726693788;26897,232485871224;1,171357014067853;0,8318385587676724;0,33951845530018065;strategy
2020-01-17;62204,346242197746;26980,950954089407;-0,3298994423935775;0,31125309364878895;-0,6411525360423664;spy
2020-01-21;62178,34161048653;26928,116864046227;-0,041805168420161465;-0,1958199699227836;0,15401480150262215;strategy
2020-01-22;62679,65824372128;26931,36876508128;0,8062560374723748;0,012076228915192111;0,7941798085571827;strategy
2020-01-23;63107,956377395116;26962,255623729998;0,6833128094101193;0,11468729613464124;0,5686255132754781;strategy
2020-01-24;62136,29339846185;26722,47815198755;-1,5396837969567145;-0,8893079091328526;-0,6503758878238619;spy
2020-01-27;60968,68636068815;26294,132588265176;-1,8791063546165776;-1,6029410194896676;-0,27616533512691;spy
2020-01-28;61848,35103390641;26569,67352997206;1,4428138864829743;1,0479179747874934;0,3948959116954809;strategy
2020-01-29;61493,166943654316;26547,726298577596;-0,5742822311582296;-0,08260256329347682;-0,4916796678647528;spy
2020-01-30;61308,434188507454;26633,883072453646;-0,30041184139391053;0,3245354156022895;-0,6249472569962;spy
2020-01-31;59954,98693929086;26150,267593503937;-2,2076036798706955;-1,8157903510881312;-0,39181332878256425;spy
2020-02-03;60463,20131569673;26344,52589217678;0,8476598901113519;0,7428539611621376;0,10480592894921426;strategy
2020-02-04;61978,195681415265;26746,050093662685;2,5056469600547526;1,5241276427948147;0,9815193172599379;strategy
2020-02-05;62197,43681630881;27054,91371920244;0,3537391375839638;1,1548008938072618;-0,801061756223298;spy
2020-02-06;62244,29338547497;27145,94958486792;0,07533520923788117;0,33648551464744436;-0,2611503054095632;spy
2020-02-07;61608,80263276512;27001,27099472949;-1,0209622732389345;-0,5329656628371593;-0,4879966104017752;spy
2020-02-10;62773,485136278745;27202,844210375923;1,8904482050333238;0,7465323231850007;1,143915881848323;strategy
2020-02-11;63468,85835594937;27249,988093726188;1,1077499013492753;0,1733049786473595;0,9344449227019158;strategy
2020-02-12;63808,518629531914;27425,553542513335;0,5351605218383515;0,6442771577855;-0,10911663594714849;spy
2020-02-13;64056,07402104263;27396,291394145283;0,38796605347948265;-0,10669665544832396;0,4946627089278066;strategy
2020-02-14;64488,09711050244;27440,183376460503;0,6744451577189725;0,16021140118476218;0,5142337565342103;strategy
2020-02-18;64552,92344009444;27369,470031908815;0,10052448823372195;-0,2576999708112315;0,3582244590449535;strategy
2020-02-19;65397,59113045399;27500,329903003556;1,3084886715369448;0,478123511131856;0,8303651604050888;strategy
2020-02-20;65122,53446030474;27387,351766891035;-0,4205914398292876;-0,4108246574168639;-0,00976678241242368;spy
2020-02-21;63626,86327919306;27105,309503587756;-2,2967029669635597;-1,0298267087080815;-1,2668762582554782;spy
2020-02-24;61939,861859982484;26206,35110410846;-2,6513980609228716;-3,3165398807208146;0,6651418197979431;strategy
2020-02-25;60146,38645604135;25412,24232839091;-2,8955108230550364;-3,030214975609702;0,1347041525546655;strategy
2020-02-26;59743,118406270376;25318,770637541274;-0,6704776022840697;-0,36782149973915157;-0,30265610254491815;spy
2020-02-27;58233,71285102991;24181,661957073913;-2,5264927501374768;-4,491168614566609;1,9646758644291324;strategy
2020-02-28;58561,77478328871;24080,061753873506;0,5633539683413735;-0,42015393061387574;0,9835078989552493;strategy
2020-03-02;60133,54949081587;25122,885148114045;2,683960165728605;4,3306508301324875;-1,6466906644038826;spy
2020-03-03;60133,54949081587;24403,555213360425;0,0;-2,863245724019159;2,863245724019159;strategy
2020-03-04;60133,54949081587;25429,31046799594;0,0;4,203302533861697;-4,203302533861697;spy
2020-03-05;60133,54949081587;24583,997273463297;0,0;-3,3241687602835746;3,3241687602835746;strategy
2020-03-06;60133,54949081587;24177,59646066167;0,0;-1,6531112018968064;1,6531112018968064;strategy
2020-03-09;60133,54949081587;22289,45987188849;0,0;-7,809447030209493;7,809447030209493;strategy
2020-03-10;60133,54949081587;23442,825577057403;0,0;5,174489250964487;-5,174489250964487;spy
2020-03-11;60133,54949081587;22300,024209423416;0,0;-4,874844817138435;4,874844817138435;strategy
2020-03-12;60133,54949081587;20166,42118245174;0,0;-9,567716191402475;9,567716191402475;strategy
2020-03-13;60133,54949081587;21890,373976060455;0,0;8,548630309818428;-8,548630309818428;spy
2020-03-16;60133,54949081587;19495,04748618872;0,0;-10,94237354049451;10,94237354049451;strategy
2020-03-17;60133,54949081587;20547,62534329756;0,0;5,399206428476466;-5,399206428476466;spy
2020-03-18;60133,54949081587;19507,23901447803;0,0;-5,063292285299992;5,063292285299992;strategy
2020-03-19;60133,54949081587;19548,69145089853;0,0;0,21249771118163618;-0,21249771118163618;spy
2020-03-20;60133,54949081587;18596,901441849757;0,0;-4,868816981634971;4,868816981634971;strategy
2020-03-23;60133,54949081587;18121,411994777114;0,0;-2,556820815335503;2,556820815335503;strategy
2020-03-24;60133,54949081587;19763,27103044831;0,0;9,060326182884682;-9,060326182884682;spy
2020-03-25;60133,54949081587;20059,130772558423;0,0;1,4970180880194084;-1,4970180880194084;spy
2020-03-26;60133,54949081587;21230,379452946403;0,0;5,838980231338287;-5,838980231338287;spy
2020-03-27;60133,54949081587;20598,01864720917;0,0;-2,9785657253030062;2,9785657253030062;strategy
2020-03-30;60133,54949081587;21266,954037814325;0,0;3,247571536186511;-3,247571536186511;spy
2020-03-31;60133,54949081587;20949,9618999238;0,0;-1,490538500844485;1,490538500844485;strategy
2020-04-01;60133,54949081587;20007,111518129288;0,0;-4,500487334050673;4,500487334050673;strategy
2020-04-02;60133,54949081587;20468,783486395096;0,0;2,3075393359379692;-2,3075393359379692;spy
2020-04-03;60133,54949081587;20172,923744284988;0,0;-1,4454192761712226;1,4454192761712226;strategy
2020-04-06;60133,54949081587;21527,86266510033;0,0;6,716621437679282;-6,716621437679282;spy
2020-04-07;60133,54949081587;21549,809896494793;0,0;0,10194802770664424;-0,10194802770664424;spy
2020-04-08;60133,54949081587;22273,202847186945;0,0;3,3568414485633857;-3,3568414485633857;spy
2020-04-09;60133,54949081587;22612,142216471933;0,0;1,5217361041894195;-1,5217361041894195;spy
2020-04-13;60133,54949081587;22405,689909036068;0,0;-0,9130152528647795;0,9130152528647795;strategy
2020-04-14;60133,54949081587;23066,49802752731;0,0;2,949287083656116;-2,949287083656116;spy
2020-04-15;60133,54949081587;22576,378746507497;0,0;-2,1248101052656954;2,1248101052656954;strategy
2020-04-16;60133,54949081587;22685,29386668148;0,0;0,4824295401707479;-0,4824295401707479;spy
2020-04-17;60133,54949081587;23298,146986918975;0,0;2,7015436689476147;-2,7015436689476147;spy
2020-04-20;60133,54949081587;22887,680677705106;0,0;-1,7617980925449972;1,7617980925449972;strategy
2020-04-21;60133,54949081587;22192,73628000381;0,0;-3,0363251195576257;3,0363251195576257;strategy
2020-04-22;60133,54949081587;22685,29386668148;0,0;2,2194540612888503;-2,2194540612888503;spy
2020-04-23;60133,54949081587;22683,666675927103;0,0;-0,007172888144801881;0,007172888144801881;strategy
2020-04-24;60133,54949081587;22999,84769891415;0,0;1,3938708741589423;-1,3938708741589423;spy
2020-04-27;60133,54949081587;23331,46967075184;0,0;1,4418442077481552;-1,4418442077481552;spy
2020-04-28;60133,54949081587;23224,18174133223;0,0;-0,45984213996645984;0,45984213996645984;strategy
2020-04-29;60133,54949081587;23832,15576978029;0,0;2,6178490817010847;-2,6178490817010847;spy
2020-04-30;60133,54949081587;23610,262513493777;0,0;-0,9310666581320293;0,9310666581320293;strategy
2020-05-01;60133,54949081587;22985,21786496698;0,0;-2,647343070283825;2,647343070283825;strategy
2020-05-04;60133,54949081587;23048,616292545084;0,0;0,27582260890697263;-0,27582260890697263;spy
2020-05-05;60133,54949081587;23261,569921577342;0,0;0,9239323798415411;-0,9239323798415411;spy
2020-05-06;60133,54949081587;23103,88620777242;0,0;-0,67787219150095;0,67787219150095;strategy
2020-05-07;60133,54949081587;23382,676570040643;0,0;1,206681680134114;-1,206681680134114;spy
2020-05-08;60133,54949081587;23769,570937579374;0,0;1,6546196770067079;-1,6546196770067079;spy
2020-05-11;60133,54949081587;23774,447548895096;0,0;0,02051619412284378;-0,02051619412284378;spy
2020-05-12;60133,54949081587;23300,585292576838;0,0;-1,993157802483958;1,993157802483958;strategy
2020-05-13;60133,54949081587;22888,494273082295;0,0;-1,7685865583206062;1,7685865583206062;strategy
2020-05-14;60133,54949081587;23162,408024034798;0,0;1,1967311946537107;-1,1967311946537107;spy
2020-05-15;60133,54949081587;23268,884838550926;0,0;0,45969665332568077;-0,45969665332568077;spy
2020-05-18;60133,54949081587;23977,64795529591;0,0;3,0459694208066823;-3,0459694208066823;spy
2020-05-19;60133,54949081587;23731,369161957075;0,0;-1,0271182302701187;1,0271182302701187;strategy
2020-05-20;60133,54949081587;24134,518073723648;0,0;1,6988017379665044;-1,6988017379665044;spy
2020-05-21;60133,54949081587;23967,894732664467;0,0;-0,6903943163488746;0,6903943163488746;strategy
2020-05-22;60133,54949081587;24013,41142526035;0,0;0,18990692801170717;-0,18990692801170717;spy
2020-05-26;60133,54949081587;24309,269927133602;0,0;1,2320552737543622;-1,2320552737543622;spy
2020-05-27;60133,54949081587;24670,967642716536;0,0;1,4879003633885945;-1,4879003633885945;spy
2020-05-28;60133,54949081587;24625,45095012065;0,0;-0,18449496288535094;0,18449496288535094;strategy
2020-05-29;60133,54949081587;24735,17966567183;0,0;0,4455906849114788;-0,4455906849114788;spy
2020-06-01;60018,09307579349;24835,152678117858;-0,19200000000002548;0,4041733830006278;-0,5961733830006533;spy
2020-06-02;60074,75675482098;25040,791390176528;0,09441099529092778;0,8280146883890893;-0,7336036930981615;spy
2020-06-03;60132,56204888407;25374,040552768605;0,09622226902892272;1,330825201965502;-1,2346029329365793;spy
2020-06-04;59224,67878169707;25307,39022415545;-1,5098030688413866;-0,2626713253434998;-1,2471317434978868;spy
2020-06-05;59717,47825165509;25956,006814357377;0,8320846648649516;2,5629532893630236;-1,730868624498072;spy
2020-06-08;59990,35308920652;26269,74953168656;0,4569430015137321;1,2087480157218833;-0,7518050142081512;spy
2020-06-09;60446,36888767655;26073,864042259334;0,7601485488707427;-0,7456694217466753;1,505817970617418;strategy
2020-06-10;61420,10592525367;25928,371856743714;1,6109107221751406;-0,5580000926591278;2,1689108148342684;strategy
2020-06-11;58909,997433754696;24433,62847663195;-4,086786327841407;-5,764894874118342;1,6781085462769347;strategy
2020-06-12;59167,291017138275;24726,237557943867;0,4367570779016061;1,197567039998848;-0,7608099620972419;spy
2020-06-15;60718,03722070548;24957,072921958345;2,6209518416485;0,9335644514194108;1,6873873902290892;strategy
2020-06-16;60768,2717685039;25437,438980346713;0,08273414309460936;1,9247692222981838;-1,8420350792035745;spy
2020-06-17;61025,58491076247;25331,77576120777;0,42343337200503317;-0,4153846588903054;0,8388180308953386;strategy
2020-06-18;61298,764471737966;25341,528983839216;0,4476475913749445;0,038501930237289095;0,4091456611376554;strategy
2020-06-19;61632,21976915788;25086,310563246127;0,5439837169534556;-1,0071153195051807;1,5510990364586363;strategy
2020-06-22;62418,41872879408;25247,243697612394;1,2756297965267116;0,6415177471415401;0,6341120493851715;strategy
2020-06-23;62149,07822806741;25363,47373475997;-0,43150804876513904;0,46036723271525304;-0,8918752814803921;spy
2020-06-24;61138,68385041402;24716,48433531242;-1,6257592332191373;-2,5508706189596886;0,9251113857405513;strategy
2020-06-25;61711,21182688398;24981,458459010664;0,9364414482175398;1,0720542618582574;-0,13561281364071753;spy
2020-06-26;61023,702912839864;24388,111784036068;-1,1140745639102945;-2,3751482562483495;1,261073692338055;strategy
2020-06-29;61044,68423739736;24746,557598583946;0,034382254035714155;1,4697563211208076;-1,4353740670850934;spy
2020-06-30;61947,35967386245;25063,54973647447;1,4787125983888538;1,2809544787298455;0,19775811965900836;strategy
2020-07-01;62337,937120459464;25239,11518526162;0,6304989407995842;0,7004811793744237;-0,06998223857483943;spy
2020-07-02;62579,56869393831;25378,10604918085;0,387615607189451;0,5506962621272482;-0,16308065493779722;spy
2020-07-06;63485,90875471868;25769,874547561594;1,448300267477176;1,543726303379489;-0,09542603590231291;spy
2020-07-07;63298,23182997372;25504,08930895987;-0,2956198130045773;-1,0313796371464123;0,735759824141835;strategy
2020-07-08;64410,27742850219;25699,161203009906;1,7568351696071849;0,7648651621585456;0,9919700074486393;strategy
2020-07-09;64985,7485234311;25552,857902590804;0,8934460739867367;-0,5692921230517345;1,4627381970384712;strategy
2020-07-10;64466,85627610738;25813,766529876808;-0,7984708326266854;1,021054585285941;-1,8195254179126263;spy
2020-07-13;62743,26256437552;25590,246082835914;-2,673612164908157;-0,8658962913536516;-1,8077158735545051;spy
2020-07-14;63549,81404929757;25921,87053514732;1,2854790330587562;1,295901771471586;-0,010422738412829702;spy
2020-07-15;63762,002223083895;26160,02081613538;0,333892674527303;0,9187233639839087;-0,5848306894566058;spy
2020-07-16;63454,06797203576;26073,864042259334;-0,48294319549559983;-0,32934520381919796;-0,15359799167640187;spy
2020-07-17;64336,98369685588;26149,453998126744;1,3914249362376951;0,28990699554503063;1,1015179406926645;strategy
2020-07-20;65404,055958792145;26360,782916878332;1,658567437609615;0,8081580547216305;0,8504093828879844;strategy
2020-07-21;64873,32176557441;26416,866427482855;-0,8114698476071935;0,21275358467678362;-1,0242234322839772;spy
2020-07-22;64994,09921405376;26567,232743840486;0,1861742935189703;0,5692057260856531;-0,3830314325666828;spy
2020-07-23;64007,0520154877;26250,240605949963;-1,5186720186940006;-1,1931695745166282;-0,3255024441773724;spy
2020-07-24;63588,23909837472;26081,17895923292;-0,6543230846058123;-0,6440384652273368;-0,010284619378475579;spy
2020-07-27;64721,20383791346;26271,374241967234;1,78172057538184;0,7292434250445679;1,052477150337272;strategy
2020-07-28;64352,56519271762;26104,750900908053;-0,5695794010863175;-0,6342391514221113;0,06465975033579374;strategy
2020-07-29;65204,5757854252;26425,80605473711;1,3239730073790312;1,2298725050001957;0,0941005023788355;strategy
2020-07-30;65147,12229749632;26331,520768510287;-0,08811266270323248;-0,35679247032814887;0,2686798076249164;strategy
2020-07-31;65426,67163321866;26539,597786226823;0,42910465706493817;0,7902202821698623;-0,3611156251049241;spy
2020-08-03;66246,6231890845;26724,105342741936;1,2532374571374794;0,6952160993595191;0,5580213577779602;strategy
2020-08-04;67005,30169451807;26827,33025622301;1,1452334759284533;0,3862614375942375;0,7589720383342158;strategy
2020-08-05;67724,05697340547;26993,953597282198;1,0726841917140462;0,6210955002521557;0,4515886914618905;strategy
2020-08-06;68630,61970188138;27174,395657385063;1,3386125536335003;0,6684536203730884;0,6701589332604119;strategy
2020-08-07;67080,66327247678;27193,904583121668;-2,2584036631715154;0,07179157167862549;-2,330195234850141;spy
2020-08-10;65836,00991070541;27275,184745681992;-1,8554577445301645;0,29889110742402636;-2,154348851954191;spy
2020-08-11;64304,22846787423;27050,037107886714;-2,3266620272230476;-0,8254669579494722;-1,5011950692735754;spy
2020-08-12;65896,42939127331;27427,178252794005;2,4760438953008057;1,394235221944795;1,0818086733560106;strategy
2020-08-13;66359,92538985629;27377,596063785877;0,7033704297252141;-0,1807775796370037;0,8841480093622178;strategy
2020-08-14;66032,01234431166;27378,409659163066;-0,49414317996618884;0,002971756085856647;-0,4971149360520455;spy
2020-08-17;67419,12006442287;27465,380028416308;2,100659469347055;0,31766041320859806;1,7829990561384568;strategy
2020-08-18;67520,614687744;27524,71544005588;0,1505427884910926;0,2160371040858866;-0,06549431559479402;spy
2020-08-19;67222,96422333388;27410,110113188977;-0,4408290205689558;-0,41637243123000545;-0,02445658933895034;spy
2020-08-20;68003,25701385761;27495,453291687834;1,160753322229846;0,31135656933312106;0,849396752896725;strategy
2020-08-21;67912,42125499994;27592,990478949705;-0,1335756004145039;0,35473933172565086;-0,48831493214015476;spy
2020-08-24;67606,71076406936;27872,594436595125;-0,45015401495211993;1,0133151673383356;-1,4634691822904555;spy
2020-08-25;68362,54818497588;27970,129143383285;1,1179917087583258;0,34993049179556923;0,7680612169627565;strategy
2020-08-26;69302,63877705098;28250,546696405894;1,3751544040333297;1,0025608090155957;0,3725935950177339;strategy
2020-08-27;68848,39034295325;28312,317933229617;-0,6554561876915832;0,2186550139632537;-0,8741112016548369;spy
2020-08-28;69467,118159413;28495,198298990348;0,8986816008009768;0,6459392204906322;0,25274238031034457;strategy
2020-08-31;70487,49532533737;28391,973385509267;1,4688635327908761;-0,36225371165337084;1,831117244444247;strategy
2020-09-01;72300,5176996531;28659,385814865378;2,5721191623388817;0,9418592562241201;1,6302599061147616;strategy
2020-09-02;72689,65346767569;29073,91514001778;0,5382198916460412;1,4463998908776032;-0,908179999231562;spy
2020-09-03;68599,04231035082;28073,356537338077;-5,627501249739641;-3,44143056709455;-2,186070682645091;spy
2020-09-04;66938,98500132127;27844,145883604266;-2,4199423973285783;-0,8164704260744782;-1,6034719712541001;spy
2020-09-08;64813,385462240665;27083,362272193295;-3,175428398023439;-2,7322928654060497;-0,44313553261738914;spy
2020-09-09;66024,34890686658;27618,187130905513;1,8683848035239592;1,9747358298320528;-0,10635102630809357;spy
2020-09-10;65190,1119040989;27138,634667894337;-1,2635293139269699;-1,7363647394312287;0,47283542550425883;strategy
2020-09-11;64353,54769793012;27152,450906464306;-1,2832685536718347;0,05090985135782766;-1,3341784050296623;spy
2020-09-14;65331,85386412562;27510,083125635;1,5202054916810148;1,3171268420765214;0,2030786496044934;strategy
2020-09-15;66357,73265586054;27649,07398955423;1,5702581988083608;0,5052360739314254;1,0650221248769354;strategy
2020-09-16;65502,211680230175;27539,345274003048;-1,2892558883336291;-0,3968621719216969;-0,8923937164119322;spy
2020-09-17;64187,3245516835;27297,12949660274;-2,0073934830868168;-0,8795262741012055;-1,1278672089856112;spy
2020-09-18;63989,42828269885;26875,28525447676;-0,308310512031551;-1,5453794955930578;1,2370689835615067;strategy
2020-09-21;65168,633331129706;26576,174851568456;1,8428122895882915;-1,1129571279935635;2,955769417581855;strategy
2020-09-22;66975,096020237;26846,8367014859;2,7719818519569728;1,0184379483846984;1,7535439035722744;strategy
2020-09-23;65635,40086287056;26224,232839090677;-2,000288520619131;-2,3190958000678052;0,31880727944867404;strategy
2020-09-24;65380,14554371034;26294,132588265176;-0,38889885001771596;0,2665464023424269;-0,6554452523601428;spy
2020-09-25;66562,82299778613;26719,228731426214;1,8089244743040522;1,6166958226671246;0,1922286516369276;strategy
2020-09-28;67448,19247759377;27163,01772447295;1,3301260973217488;1,6609348926481804;-0,3308087953264316;spy
2020-09-29;67693,88645151758;27015,087233299466;0,3642706570756937;-0,5446025646856034;0,9088732217612971;strategy
2020-09-30;68218,86857246117;27219,914830454658;0,7755236823632217;0,7581970599847443;0,017326622378477374;strategy
2020-10-01;69376,78735069667;27394,66668386462;1,697358520400516;0,6420000007290261;1,0553585196714899;strategy
2020-10-02;68320,95157655743;27134,569171482093;-1,5218862309118397;-0,9494458004693396;-0,5724404304425001;spy
2020-10-05;69999,11145948789;27615,748825247654;2,4562888019057816;1,7733086187020408;0,6829801832037408;strategy
2020-10-06;69308,97180435025;27223,164251016;-0,9859263078461522;-1,4215967009112318;0,4356703930650796;strategy
2020-10-07;70555,12547242989;27697,028987807975;1,797968770330871;1,7406673685050666;0,057301401825804454;strategy
2020-10-08;70517,69177682564;27942,49418576962;-0,053055954976477526;0,8862510057295214;-0,939306960705999;spy
2020-10-09;71086,83226241647;28192,02488014351;0,8070889322243424;0,8930151070800418;-0,08592617485569942;spy
2020-10-12;72109,86901095691;28645,567095821694;1,439136779599215;1,6087606959996226;-0,16962391640040764;spy
2020-10-13;72913,94506739166;28458,623714122426;1,115070748932534;-0,6526084160733414;1,7676791650058754;strategy
2020-10-14;72082,00861050372;28279,80636430023;-1,1409840135779392;-0,6283415235342482;-0,512642490043691;spy
2020-10-15;71921,0601732869;28244,856489712976;-0,22328517242979906;-0,12358597557928785;-0,09969919685051121;spy
2020-10-16;71546,909927914;28227,788350107952;-0,5202234845696263;-0,06042919570591332;-0,459794288863713;spy
2020-10-19;70624,9490181238;27798,629191008382;-1,2886103826414086;-1,5203428401004304;0,23173245745902182;strategy
2020-10-20;70553,18830632926;27909,982616840236;-0,10160816084430202;0,40057164353943797;-0,50217980438374;spy
2020-10-21;69379,0328277793;27857,151007270768;-1,6642132081288619;-0,18929287880526946;-1,4749203293235924;spy
2020-10-22;69507,61586666481;28009,955629286258;0,18533414728436615;0,5485292518808027;-0,36319510459643656;spy
2020-10-23;70160,00235033849;28105,05451089027;0,9385827373580735;0,3395181444149742;0,5990645929430993;strategy
2020-10-26;69284,16636138869;27585,67556197612;-1,24834087743666;-1,8479912526513598;0,5996503752146998;strategy
2020-10-27;69384,75596485211;27490,57668037211;0,14518411456196922;-0,34474008581140136;0,4899242003733706;strategy
2020-10-28;67074,15333543805;26550,978199612648;-3,330130080135374;-3,4178929444951267;0,08776286435975278;strategy
2020-10-29;67930,13628329964;26820,82893462662;1,2761740630266472;1,0163495031528136;0,25982455987383357;strategy
2020-10-30;65827,26631255678;26541,224976981204;-3,0956363196048;-1,0424881286366094;-2,0531481909681903;spy
2020-11-02;66011,36912814161;26838,710669608838;0,2796756206017825;1,1208438679286115;-0,8411682473268289;spy
2020-11-03;66835,42808346772;27312,572925927103;1,2483591329948585;1,7655924762989716;-0,5172333433041132;spy
2020-11-04;68455,66254244326;27922,98774050673;2,4242149791456447;2,2349224155303826;0,18929256361526203;strategy
2020-11-05;69454,91372910091;28467,56334137668;1,4597056686699972;1,9502769758408034;-0,4905713071708062;spy
2020-11-06;70810,17790228808;28461,06201978029;1,951286237966099;-0,022837646898088426;1,9741238848641873;strategy
2020-11-09;68796,5757044839;28818,69423895097;-2,8436621082675195;1,2565666696560118;-4,100228777923531;spy
2020-11-10;67795,28528355264;28776,429447390143;-1,4554364235108253;-0,14665755224850807;-1,3087788712623172;spy
2020-11-11;69386,61246287884;28990,196671799593;2,3472534596919115;0,7428552760524454;1,604398183639466;strategy
2020-11-12;69654,4737113056;28708,9655233998;0,38604168573594944;-0,9700905157134176;1,356132201449367;strategy
2020-11-13;69723,88579866514;29106,42670894717;0,09965201610342422;1,384449694724843;-1,2847976786214188;spy
2020-11-16;70438,43417110147;29469,749134810776;1,0248258028814794;1,2482549970722623;-0,2234291941907829;spy
2020-11-17;70687,33128716171;29311,25182562865;0,3533541297292997;-0,5378305341422251;0,8911846638715248;strategy
2020-11-18;70184,36498754325;28958,496217773685;-0,7115366932940237;-1,2034818913688516;0,49194519807482795;strategy
2020-11-19;71113,70129960761;29080,41646161417;1,3241358131961478;0,42101717894333923;0,9031186342528086;strategy
2020-11-20;71370,01354130026;28881,27907115189;0,36042596153558204;-0,6847817696322922;1,0452077311678742;strategy
2020-11-23;72037,2127322945;29054,406214281178;0,9348452632815585;0,599444168323604;0,33540109495795445;strategy
2020-11-24;71836,54020227707;29522,580744380237;-0,27856787125172255;1,6113718747035932;-1,8899397459553158;spy
2020-11-25;72685,26650468064;29477,064051784353;1,1814687901362309;-0,15417585945479706;1,335644649591028;strategy
2020-11-27;73830,47981846775;29559,15780972187;1,575578337754835;0,27850045646777843;1,2970778812870565;strategy
2020-11-30;75040,85130696482;29428,295458153414;1,6393926891347554;-0,4427133966767305;2,082106085811486;strategy
2020-12-01;74682,26745036722;29750,164207359667;-0,4778515306692932;1,0937390161246174;-1,5715905467939106;spy
2020-12-02;74337,8781489369;29812,75152003429;-0,46113932153867276;0,2103763604072384;-0,6715156819459112;spy
2020-12-03;75338,92476638014;29804,62300768352;1,34661715180735;-0,027265220203864793;1,3738823720112148;strategy
2020-12-04;76795,14370015134;30061,468619030988;1,932890518794661;0,8617643352887061;1,071126183505955;strategy
2020-12-07;77559,977708512;29999,694901733554;0,9959405914350183;-0,20549134867724472;1,201431940112263;strategy
2020-12-08;77809,15890972984;30087,47886636398;0,32127549359841634;0,292616191324524;0,02865930227389235;strategy
2020-12-09;76503,61770777004;29817,628131350015;-1,6778759984726554;-0,8968871609766005;-0,780988837496055;spy
2020-12-10;77147,4066273477;29807,874908718568;0,8415143477747744;-0,03270958571380822;0,8742239334885826;strategy
2020-12-11;76670,26893747122;29772,922553657612;-0,6184753457510683;-0,11725879542903161;-0,5012165503220367;spy
2020-12-14;76029,2108859877;29639,624376905;-0,8361233896366449;-0,4477161303609867;-0,3884072592756582;spy
2020-12-15;76897,60193876666;30040,334983013716;1,1421808047977544;1,351942254777505;-0,20976144997975066;spy
2020-12-16;76555,49489823158;30087,47886636398;-0,44488648788748586;0,15693527844120592;-0,6018217663286918;spy
2020-12-17;77735,37509501317;30255,726917703836;1,5412090253613453;0,559196242686677;0,9820127826746683;strategy
2020-12-18;78266,18056658693;30007,00981870714;0,682836444700996;-0,8220496558327905;1,5048861005337866;strategy
2020-12-21;78939,21495381111;29899,719408813817;0,8599300264199972;-0,3575511540188092;1,2174811804388064;strategy
2020-12-22;80304,38077729769;29849,32610490221;1,7293886495898914;-0,16854105960857346;1,8979297091984648;strategy
2020-12-23;79756,05289611308;29876,149947612397;-0,6828119162082147;0,08986414840963519;-0,7726760646178499;spy
2020-12-24;79636,26436017234;29992,37998475997;-0,15019366128458111;0,3890395427502469;-0,539233204034828;spy
2020-12-28;77768,26473816462;30250,039191484633;-2,345664549958393;0,8590822297383172;-3,20474677969671;spy
2020-12-29;76936,3621327187;30192,32849012573;-1,0697199021308057;-0,19077893087540154;-0,8789409712554042;spy
2020-12-30;78086,29852509881;30235,406877063757;1,4946591709085855;0,14267990940850517;1,3519792615000803;strategy
2020-12-31;77187,808336634;30389,02757493015;-1,1506374427211696;0,5080821253407031;-1,6587195680618727;spy
2021-01-04;77053,98914164297;29975,311845154938;-0,1733683050144541;-1,3613983822125086;1,1880300771980545;strategy
2021-01-05;78678,97104999916;30181,761672117093;2,1088874521072443;0,6887328746690624;1,4201545774381819;strategy
2021-01-06;80225,4770118268;30362,20373221997;1,965589967927861;0,5978513184986545;1,3677386494292065;strategy
2021-01-07;83408,18984241264;30813,310122713996;3,967209606141253;1,4857498305214323;2,481459775619821;strategy
2021-01-08;83280,02054218367;30988,875571501143;-0,15366512625574202;0,5697714659280706;-0,7234365921838126;spy
2021-01-11;83004,71110062762;30779,98495840742;-0,3305828213822304;-0,6740825836411668;0,3434997622589364;strategy
2021-01-12;84665,37861022209;30786,48628000381;2,0006906687274784;0,02112191284424636;1,979568755883232;strategy
2021-01-13;84080,65346147447;30869,39363331852;-0,6906307611751705;0,26929787492040447;-0,959928636095575;spy
2021-01-14;85259,4264624379;30761,289628048005;1,4019550900654432;-0,3501980199372423;1,7521531100026855;strategy
2021-01-15;83893,94525989666;30536,958066103638;-1,6015603895046415;-0,7292657904037436;-0,8722945991008979;spy
2021-01-19;84801,03845962908;30776,733057372363;1,081237980789096;0,785196058984261;0,2960419218048349;strategy
2021-01-20;84833,97982523763;31202,642795910593;0,03884547430894614;1,3838692292137411;-1,345023754904795;spy
2021-01-21;84779,18053241482;31231,088868427738;-0,06459592363309286;0,09116558716901757;-0,15576151080211043;spy
2021-01-22;84476,88924231956;31120,549037973076;-0,3565631186770779;-0,35394164744095846;-0,0026214712361194437;spy
2021-01-25;84061,58746823423;31243,282877190755;-0,4916158464287834;0,3943819855746211;-0,8859978320034045;spy
2021-01-26;82407,74991301968;31194,514283559816;-1,9674117572898608;-0,1560930514972969;-1,811318705792564;spy
2021-01-27;79330,22830224255;30432,105961868176;-3,734505084807449;-2,4440461382450374;-1,2904589465624117;spy
2021-01-28;81787,36581874122;30693,82818453137;3,0973533911148543;0,8600200820512827;2,2373333090635716;strategy
2021-01-29;80708,65742660622;30079,35035401321;-1,318918125478763;-2,001958917681801;0,6830407922030379;strategy
2021-02-01;82036,83191293171;30580,036453041655;1,645640664427206;1,664550906637663;-0,018910242210457007;spy
2021-02-02;83103,23950028217;31012,44503270257;1,2999131761722182;1,4140224467191764;-0,11410927054695819;spy
2021-02-03;83574,60357566172;31036,83056975489;0,5672030094301617;0,07863145594164678;0,4885715534885149;strategy
2021-02-04;85261,20680193086;31389,58617760986;2,0180810367137703;1,1365709751263386;0,8815100615874316;strategy
2021-02-05;86140,53887727235;31513,13113173101;1,0313389973288123;0,39358580078787675;0,6377531965409355;strategy
2021-02-08;87884,16786471999;31740,71707518415;2,0241677265704805;0,7221940038321994;1,301973722738281;strategy
2021-02-09;88250,90425400076;31719,583439166876;0,41729517180533193;-0,06658210010572763;0,48387727191105956;strategy
2021-02-10;88085,10035561728;31705,764720123192;-0,18787784644820338;-0,04356526014972495;-0,14431258629847843;spy
2021-02-11;88997,16315326371;31756,971619411986;1,0354336817058218;0,16150658954550146;0,8739270921603204;strategy
2021-02-12;89340,25680158933;31913,84421831344;0,3855107692980919;0,4939784585932028;-0,10846768929511086;spy
2021-02-16;89489,59932028875;31886,206780226064;0,16716150596149948;-0,08660015352056627;0,25376165948206575;strategy
2021-02-17;88458,41976792108;31893,524177673353;-1,1522898305500462;0,022948472666328712;-1,175238303216375;spy
2021-02-18;86488,97628371643;31757,78521478918;-2,2264059084162513;-0,4256003887434856;-1,8008055196727657;spy
2021-02-19;89433,7289114301;31701,701704184656;3,4047722082566567;-0,17659767589336406;3,5813698841500208;strategy
2021-02-22;87201,36333507755;31457,861216503683;-2,4961114822388164;-0,7691716045917674;-1,726939877647049;spy
2021-02-23;85809,48632965435;31496,062992125986;-1,5961642710502266;0,12143793044092632;-1,717602201491153;spy
2021-02-24;86493,0478856106;31843,128393288036;0,7966037150370697;1,1019326486895187;-0,30532893365244895;spy
2021-02-25;82892,56480208633;31075,843460280674;-4,162742753944815;-2,4095777385022665;-1,7531650154425482;spy
2021-02-26;84302,69713350991;30915,72144081788;1,7011565932244954;-0,5152620223082605;2,216418615532756;strategy
2021-03-01;86749,6098301713;31665,12463884303;2,902531923487839;2,424019764376961;0,47851215911087763;strategy
2021-03-02;85425,92788762716;31418,03473060071;-1,5258650098087023;-0,7803219190213428;-0,7455430907873595;spy
2021-03-03;84411,71303671146;31001,88069516764;-1,187244758113526;-1,3245705500087857;0,13732579189525973;strategy
2021-03-04;82435,19117249196;30618,238228663962;-2,3415255929705947;-1,2374812685589043;-1,1040443244116904;spy
2021-03-05;84249,43791176833;31181,509159893318;2,2008158329858585;1,839658203136052;0,3611576298498065;strategy
2021-03-08;83045,62183258566;31026,263751746254;-1,428871348012295;-0,4978765054346579;-0,9309948425776371;spy
2021-03-09;83775,45694319015;31469,24162988951;0,8788363486226691;1,4277512809396153;-0,5489149323169462;spy
2021-03-10;84901,95883958165;31665,12463884303;1,3446681611720912;0,6224586256551756;0,7222095355169156;strategy
2021-03-11;87811,8811648218;31986,182273145798;3,427391269897906;1,0139155868312377;2,413475683066668;strategy
2021-03-12;87568,25248787536;32029,26066008382;-0,2774438649015498;0,13467811372471772;-0,41212197862626754;spy
2021-03-15;88856,25710426082;32220,269538195327;1,4708579648358144;0,5963574374651559;0,8745005273706585;strategy
2021-03-16;87939,7241552236;32179,62945691516;-1,031478231141103;-0,1261320338490357;-0,9053461972920673;spy
2021-03-17;89774,14161524887;32289,358172466345;2,0859941029463647;0,34098812634899556;1,7450059765973691;strategy
2021-03-18;86077,92758050839;31819,558932086617;-4,11723684374683;-1,4549661776192657;-2,662270666127564;spy
2021-03-19;87410,36911045694;31656,99860696596;1,5479479669190832;-0,5108817676185096;2,0588297345375928;strategy
2021-03-22;86260,47286402064;31909,778721901195;-1,3155146902345427;0,798496781307656;-2,1140114715421987;spy
2021-03-23;82895,5816527693;31658,623317246635;-3,9008494847410535;-0,7870797439349819;-3,1137697408060716;spy
2021-03-24;82459,61770565325;31497,687702406653;-0,5259194017628088;-0,5083468514321288;-0,01757255033068006;spy
2021-03-25;83402,09990721889;31674,880341948192;1,1429621283594926;0,5625576112623598;0,5804045170971328;strategy
2021-03-26;85063,38055007697;32185,31966360808;1,9918930634914345;1,6114956588609175;0,38039740463051697;strategy
2021-03-29;82787,62343580366;32169,062638906526;-2,675366414497915;-0,05051068273196346;-2,6248557317659515;spy
2021-03-30;84158,6633732834;32083,719460407672;1,6560928802876962;-0,2652958199522937;1,9213887002399899;strategy
2021-03-31;84269,61465800983;32213,76573612522;0,13183584467626464;0,40533416294836755;-0,2734983182721029;spy
2021-04-01;86317,38582909253;32561,644732664467;2,430023181419716;1,0799078859294209;1,350115295490295;strategy
2021-04-05;86422,1923216013;33029,00566738634;0,12141991037157851;1,435311202978129;-1,3138912926065505;spy
2021-04-06;86193,0319217557;33009,49922212344;-0,26516383545655;-0,05905853012752038;-0,2061053053290296;spy
2021-04-07;85733,88611390449;33047,70099774574;-0,5326948102579943;0,11572964304982225;-0,6484244533078165;spy
2021-04-08;85750,60544540825;33204,57111617348;0,019501427337087485;0,47467785561978726;-0,4551764282826998;spy
2021-04-09;85783,76055315392;33445,9732981966;0,03866457568835191;0,7270149076117338;-0,6883503319233819;spy
2021-04-12;85482,79236907209;33458,167306959615;-0,3508451741228269;0,03645882466716266;-0,38730399878998956;spy
2021-04-13;84802,80782522666;33557,32672402845;-0,7954636541464444;0,2963683460576405;-1,0918320002040849;spy
2021-04-14;86147,69886006569;33442,72387763526;1,5859038979119333;-0,3415136352656112;1,9274175331775445;strategy
2021-04-15;86071,52397914544;33801,98080708661;-0,08842358174184772;1,0742454196190687;-1,1626690013609164;spy
2021-04-16;86133,83902188434;33914,961423672845;0,07239913952725718;0,33424259137662116;-0,261843451849364;spy
2021-04-19;85445,91933387074;33748,33560213995;-0,7986636794846902;-0,4913047650308866;-0,3073589144538036;spy
2021-04-20;83384,86477882742;33501,24569389764;-2,4121158401842036;-0,7321543531961461;-1,6799614869880575;spy
2021-04-21;85049,7918981382;33818,23783178817;1,9966778428277987;0,9462100030157128;1,050467839812086;strategy
2021-04-22;83965,27793302682;33509,371725774705;-1,2751518150805885;-0,9133122416069117;-0,3618395734736768;spy
2021-04-23;85511,88981109447;33872,6941516383;1,8419660080221112;1,084241235069583;0,7577247729525283;strategy
2021-04-26;86984,6500916907;33943,40749619;1,7222871390747185;0,20876209088989128;1,5135250481848272;strategy
2021-04-27;87404,6396432887;33936,09257921641;0,4828317998121445;-0,021550331899955477;0,5043821317121;strategy
2021-04-28;88283,26756248172;33926,33935658496;1,005241738629481;-0,02873996942542867;1,0339817080549096;strategy
2021-04-29;87888,7834262263;34142,54488665228;-0,4468390751126483;0,6372792767143975;-1,0841183518270459;spy
2021-04-30;86662,98563200042;33918,21084423419;-1,39471471380056;-0,6570513216365037;-0,7376633921640563;spy
2021-05-03;87252,07678559388;33991,36497491746;0,6797494331604703;0,21567803508037997;0,46407139808009035;strategy
2021-05-04;86819,39655357227;33781,660766446534;-0,4958967717007323;-0,6169337672249031;0,1210369955241708;strategy
2021-05-05;88234,13151793055;33792,22758445517;1,6295148555718342;0,03127974696592872;1,5982351086059055;strategy
2021-05-06;88244,6918476506;34062,07831946914;0,011968531381634229;0,7985585867032574;-0,7865900553216232;spy
2021-05-07;90547,9598619578;34309,981823088645;2,610092421517729;0,7277991122397465;1,8822933092779826;strategy
2021-05-10;89853,7210736348;33970,23133890018;-0,766708371322089;-0,9902380186043502;0,2235296472822612;strategy
2021-05-11;89101,84068843428;33667,05543957963;-0,8367826910410936;-0,8924752271950998;0,055692536154006156;strategy
2021-05-12;86423,80149784984;32951,791001238256;-3,0055935656243538;-2,1245233032779365;-0,8810702623464173;spy
2021-05-13;87137,78295367978;33347,62499603124;0,826139840478679;1,2012518372009229;-0,3751119967222438;spy
2021-05-14;89018,695946878;33859,689027971806;2,158550435232054;1,53553373591524;0,623016699316814;strategy
2021-05-17;89705,28966256822;33773,53225409576;0,771291590364287;-0,2544523483510863;1,0257439387153733;strategy
2021-05-18;88218,42019843883;33482,550363538234;-1,657504780066299;-0,8615678347420608;-0,7959369453242382;spy
2021-05-19;86676,04461735247;33394,7663989078;-1,7483600110010378;-0,26217825009540174;-1,486181760905636;spy
2021-05-20;87090,71115488208;33754,02580883286;0,4784096221282841;1,0757955472232794;-0,5973859250949953;spy
2021-05-21;87036,35461888892;33726,39085121921;-0,06241370092443521;-0,08187158998504973;0,01945788906061452;strategy
2021-05-24;88046,43981253255;34070,206831819916;1,1605325131855082;1,0194271368004326;0,1411053763850756;strategy
2021-05-25;87302,83268619953;33994,61439547879;-0,8445624012922037;-0,221872548981783;-0,6226898523104207;spy
2021-05-26;88148,90947107125;34062,07831946914;0,9691286741094096;0,19845474111135353;0,7706739329980561;strategy
2021-05-27;89134,07260041367;34079,96005445136;1,1176123848312791;0,052497486543567895;1,0651148982877112;strategy
2021-05-28;88826,07686218768;34140,920176371605;-0,34554209096528954;0,1788738068438045;-0,524415897809094;spy
2021-06-01;90833,84632406569;34110,846913100075;2,260337879148966;-0,08808568461591282;2,3484235637648787;strategy
2021-06-02;90791,0472399765;34164,489637573024;-0,04711799160909136;0,15726001939970757;-0,20437801100879893;spy
2021-06-03;91224,34239753969;34037,692782416816;0,47724436575549145;-0,3711363948395108;0,8483807605950022;strategy
2021-06-04;92418,60419365315;34348,99719408814;1,3091481557730322;0,9145872890425011;0,39456086673053115;strategy
2021-06-07;92716,4688980666;34315,67202978156;0,322299505616086;-0,09701932233500132;0,4193188279510873;strategy
2021-06-08;92975,9040159072;34322,98694675514;0,27981557205962737;0,02131654879795608;0,2584990232616713;strategy
2021-06-09;91716,75672852651;34271,780047466345;-1,3542727018446277;-0,14919126755555956;-1,205081434289068;spy
2021-06-10;91064,66615479943;34431,08847155194;-0,7109830275150331;0,46483848771483594;-1,175821515229869;spy
2021-06-11;91790,02523742676;34487,985577533655;0,7965318638452956;0,16524922245406692;0,6312826413912287;strategy
2021-06-14;90042,73101143472;34565,20272415545;-1,9035774546008022;0,2238957866883995;-2,1274732412892017;spy
2021-06-15;90418,14716333889;34501,80429657734;0,4169311033630052;-0,18341691233249025;0,6003480156954955;strategy
2021-06-16;90041,36137437067;34309,16822771146;-0,41671478656553074;-0,5583362168829931;0,14162143031746233;strategy
2021-06-17;86952,24234334618;34297,79029479934;-3,430777793530526;-0,03316295177021589;-3,3976148417603103;spy
2021-06-18;85350,70944287944;33724,76614093853;-1,8418534787668972;-1,670731988666041;-0,1711214901008562;spy
2021-06-21;88039,65014522857;34207,56802451105;3,1504608689265856;1,43159445955785;1,7188664093687356;strategy
2021-06-22;88415,2965140874;34390,44839027178;0,42667862518668276;0,534619607069664;-0,10794098188298129;spy
2021-06-23;88788,43066520471;34348,99719408814;0,422024429967105;-0,1205311303686396;0,5425555603357446;strategy
2021-06-24;89944,9832596062;34552,19760048895;1,302593801620966;0,5915759498090534;0,7110178518119126;strategy
2021-06-25;90085,32212642;34674,92895923292;0,15602745336973367;0,35520565193292164;-0,19917819856318797;spy
2021-06-28;88753,2709132084;34744,83118888113;-1,4786551035942175;0,20159300032132066;-1,6802481039155381;spy
2021-06-29;88709,15420219042;34763,52651924054;-0,04970713818662764;0,05380751530430494;-0,10351465349093258;spy
2021-06-30;89104,42322723099;34792,78618713487;0,4455786199242251;0,08416772066590639;0,3614108992583187;strategy
2021-07-01;90084,92938153128;34985,41977552705;1,1004012133043473;0,553659564244402;0,5467416490599453;strategy
2021-07-02;89754,52528677665;35252,83220488316;-0,36676955515532184;0,7643539253548548;-1,1311234805101766;spy
2021-07-06;87858,83740323596;35188,620181927865;-2,1120805636080653;-0,182147132412247;-1,9299334311958183;spy
2021-07-07;87252,66023763544;35312,978731426214;-0,6899444421491818;0,3534055863952723;-1,0433500285444541;spy
2021-07-08;86789,98609403675;35025,248741903735;-0,5302693835793515;-0,8147995435639044;0,2845301599845529;strategy
2021-07-09;88611,1714829659;35399,13550530226;2,0983819342428545;1,067477824793328;1,0309041094495264;strategy
2021-07-12;89173,50610140106;35525,93236045847;0,6346091683747224;0,3581919539736189;0,27641721440110345;strategy
2021-07-13;88405,04499565813;35404,825711995174;-0,8617594388058425;-0,34089646750015135;-0,5208629713056911;spy
2021-07-14;87177,34943019977;35457,65732156464;-1,38871663434893;0,1492214931355207;-1,5379381274844506;spy
2021-07-15;86892,3304273749;35336,550673101345;-0,32694157907735555;-0,34155287633637066;0,01461129725901511;strategy
2021-07-16;86035,71533485012;35059,38502111379;-0,9858350999582655;-0,7843596692603483;-0,20147543069791718;spy
2021-07-19;85109,45899263967;34541,630782480315;-1,076595154239679;-1,4767921294730924;0,40019697523341335;strategy
2021-07-20;86751,78445050027;35036,62667481585;1,9296626688728225;1,433041466549989;0,49662120232283335;strategy
2021-07-21;88471,46592922938;35320,2936483998;1,9823009862239171;0,8096298088761111;1,172671177347806;strategy
2021-07-22;88636,17790376385;35394,25889398654;0,1861752518786508;0,20941288405762482;-0,02323763217897401;spy
2021-07-23;89200,5188579025;35758,394915227334;0,6366936926718303;1,0287996771777719;-0,3921059845059416;spy
2021-07-26;89713,43770994994;35846,17639938405;0,5750177898230957;0,2454849675574744;0,3295328222656213;strategy
2021-07-27;88585,19831319262;35682,80495935992;-1,2576035715017309;-0,45575694937142197;-0,8018466221303089;spy
2021-07-28;89696,61040856653;35668,17264493904;1,2546250576134677;-0,04100662612579464;1,2956316837392623;strategy
2021-07-29;90282,8208605203;35816,10313611252;0,6535480541389305;0,41474087457762376;0,2388071795613067;strategy
2021-07-30;89943,74025744479;35642,164878079755;-0,37557599534838726;-0,48564260989462094;0,11006661454623368;strategy
2021-08-02;89518,5328516687;35567,38603711582;-0,47274819187975714;-0,20980443028566498;-0,26294376159409216;spy
2021-08-03;91191,61375795529;35856,743217392686;1,868977130198135;0,8135463763766948;1,0554307538214402;strategy
2021-08-04;91449,34533470002;35680,366653702054;0,2826264018408686;-0,491892313312714;0,7745187151535826;strategy
2021-08-05;91975,1439491664;35906,325406400814;0,5749615949047993;0,6332859605727048;-0,05832436566790555;spy
2021-08-06;92494,53805902004;35965,658337566674;0,5647113856551256;0,16524367362660275;0,3994677120285228;strategy
2021-08-09;93484,50865900029;35936,39866967234;1,07030168565041;-0,08135446213638486;1,1516561477867948;strategy
2021-08-10;93819,14733151354;35981,10176689104;0,35796163162593597;0,1243950392180837;0,23356659240785227;strategy
2021-08-11;92998,86164758817;36070,51044180214;-0,8743265178342008;0,2484878742467167;-1,1228143920809175;spy
2021-08-12;93631,48996914338;36178,61196659893;0,6802538335926256;0,29969502364324274;0,38055880994938285;strategy
2021-08-13;93795,0593977467;36244,45118030861;0,17469489020971452;0,1819838023926046;-0,007288912182890073;spy
2021-08-16;92823,9072254093;36329,79435880747;-1,0353980034482846;0,2354655008411921;-1,2708635042894767;spy
2021-08-17;91767,75783660817;36091,64407781941;-1,1377988929472949;-0,655523338877162;-0,4822755540701329;spy
2021-08-18;90966,52009606251;35696,6211979299;-0,8731146531576583;-1,094499544098848;0,22138489094118974;strategy
2021-08-19;89886,21681185665;35751,89111315723;-1,18758339119166;0,15483234371362897;-1,342415734905289;spy
2021-08-20;90682,48623802925;36036,37168211836;0,8858637668990976;0,7957077516843158;0,09015601521478178;strategy
2021-08-23;92714,60729915615;36353,3663004826;2,240918997073882;0,8796518727259617;1,3612671243479202;strategy
2021-08-24;93218,19346476218;36411,074521367795;0,5431573085146635;0,15874244054374653;0,38441486797091695;strategy
2021-08-25;93921,06182315956;36487,47807261239;0,7540034110005367;0,20983602447590677;0,5441673865246299;strategy
2021-08-26;93611,87069897984;36272,08613792228;-0,3292031820954944;-0,5903174076911322;0,2611142255956378;strategy
2021-08-27;94755,09012620414;36596,39319278638;1,22123339560265;0,8940954033659576;0,3271379922366924;strategy
2021-08-30;94776,86012281397;36757,32880762636;0,02297501546442149;0,439758131333301;-0,4167831158688795;spy
2021-08-31;94343,54566282943;36702,87000730252;-0,45719436096853805;-0,14815766566951272;-0,30903669529902533;spy
2021-09-01;94099,26864002657;36722,37645256541;-0,2589228771153862;0,05314692082394323;-0,31206979793932943;spy
2021-09-02;95080,4005077766;36835,35706915164;1,0426562096920389;0,3076615064174115;0,7349947032746273;strategy
2021-09-03;95587,05518165616;36826,414961423674;0,5328697304321173;-0,024275881759971973;0,5571456121920892;strategy
2021-09-07;95281,9899542653;36694,74149495174;-0,31914910111113803;-0,3575516829695813;0,03840258185844325;strategy
2021-09-08;94738,05535720575;36650,03839773305;-0,5708682168798385;-0,12182425981892564;-0,4490439570609128;spy
2021-09-09;95257,59106605337;36493,16827930531;0,5483917807777683;-0,4280217028024724;0,9764134835802407;strategy
2021-09-10;94793,24844412094;36205,43580930912;-0,4874599669547064;-0,7884557125706126;0,30099574561590625;strategy
2021-09-13;93268,13368416445;36298,093904781555;-1,6088854269568742;0,25592316015876637;-1,8648085871156406;spy
2021-09-14;93138,47972991572;36102,21089582804;-0,13901206031180502;-0,5396509510041114;0,4006388906923064;strategy
2021-09-15;94722,09932822637;36403,75960439421;1,7002849981048174;0,835263827570798;0,8650211705340194;strategy
2021-09-16;94616,65270057517;36346,05138350902;-0,11132209737646503;-0,15852269521697826;0,047200597840513225;strategy
2021-09-17;93373,85096767034;35877,063258032766;-1,3135126824215804;-1,2903413372959749;-0,02317134512560548;spy
2021-09-20;90937,66192029146;35278,84245221615;-2,60906990782932;-1,6674185440266664;-0,9416513638026536;spy
2021-09-21;91454,60649776623;35245,51728790958;0,5684603788558951;-0,09446218183521982;0,6629225606911149;strategy
2021-09-22;92660,31474819484;35589,330788036576;1,3183679823258077;0,975481498309394;0,34288648401641364;strategy
2021-09-23;94418,5384843149;36021,7418481712;1,897493809402695;1,215001941761673;0,6824918676410219;strategy
2021-09-24;93948,10873219858;36081,07725981077;-0,49823875657052374;0,16472110618543923;-0,662959862755963;spy
2021-09-27;93310,47596126253;35977,85234632969;-0,67870740512046;-0,2860915508087203;-0,39261585431173973;spy
2021-09-28;90676,88035450874;35252,83220488316;-2,822400785788637;-2,015184604315301;-0,8072161814733358;spy
2021-09-29;90951,57664363422;35312,16761652274;0,30293972184698426;0,1683138855191224;0,13462583632786185;strategy
2021-09-30;90331,61539297957;34880,5701517653;-0,6816388165361675;-1,2222344134872443;0,5405955969510767;strategy
2021-10-01;90627,48571317265;35295,096996443994;0,3275379488188346;1,1884176287116022;-0,8608796798927676;spy
2021-10-04;88726,44294283932;34839,93007048514;-2,097644831889023;-1,289603839322817;-0,8080409925662058;spy
2021-10-05;90012,93420023636;35202,43890097155;1,4499524772179084;1,040498157582448;0,40945431963546053;strategy
2021-10-06;89460,32676815294;35348,742201390654;-0,6139200293750258;0,4156055801436631;-1,0295256095186889;spy
2021-10-07;90395,5591785084;35654,35640636906;1,0454158218974774;0,8645688246479599;0,18084699724951747;strategy
2021-10-08;89907,10349318513;35589,330788036576;-0,5403536299373846;-0,1823777649815228;-0,35797586495586176;spy
2021-10-11;89555,6286978437;35331,67406178563;-0,39093106293661695;-0,7239718211772606;0,3330407582406436;strategy
2021-10-12;90029,57155817814;35244,703692532385;0,529216161201318;-0,24615411401439635;0,7753702752157143;strategy
2021-10-13;90628,39300367882;35371,5005476886;0,6651386151645955;0,3597614446197772;0,3053771705448183;strategy
2021-10-14;91959,57861409333;35966,47193294387;1,4688394732547794;1,6820643061300489;-0,2132248328752695;spy
2021-10-15;91866,0331123735;36240,38568389637;-0,10172458718237243;0,7615808174435079;-0,8633054046258803;spy
2021-10-18;92762,41191500053;36347,67609378969;0,9757456289971156;0,29605206420579844;0,6796935647913172;strategy
2021-10-19;93240,14254496689;36628,093646812296;0,5150045369714196;0,7714868821297793;-0,25648234515835977;spy
2021-10-20;93867,649521137;36771,95864157353;0,6730008760631012;0,3927722696912994;0,2802286063718018;strategy
2021-10-21;94067,12185027878;36867,868638081025;0,21250380739197272;0,26082373648450563;-0,04831992909253291;spy
2021-10-22;94372,75482659476;36829,666862458726;0,3249094585910939;-0,1036180745822679;0,4285275331733618;strategy
2021-10-25;95320,20946296182;37027,17706216663;1,0039493263791721;0,5362801690428354;0,46766915733633674;strategy
2021-10-26;95250,4044183499;37060,5022264732;-0,07323215612429212;0,09000190387353779;-0,16323405999782992;spy
2021-10-27;93981,81905388314;36896,31719107189;-1,3318424968517761;-0,4430189164679854;-0,8888235803837907;spy
2021-10-28;95838,77879306758;37252,32469996191;1,9758712460330008;0,964886297584644;1,0109849484483568;strategy
2021-10-29;96736,2620908514;37327,914655829314;0,9364510995300224;0,20291339259019825;0,7335377069398241;strategy
2021-11-01;96522,11673160749;37392,12667878461;-0,2213703058350558;0,17202145779464662;-0,3933917636297024;spy
2021-11-02;97030,69008911795;37543,30659051943;0,5268982640783015;0,4043094767877786;0,12258878729052292;strategy
2021-11-03;96898,92185377964;37772,51724425324;-0,13580057527911027;0,6105233516956465;-0,7463239269747568;spy
2021-11-04;97226,48165846044;37950,52099869825;0,3380427753108428;0,4712520303954415;-0,1332092550845987;spy
2021-11-05;96766,79589045324;38082,19446517018;-0,47279893313634247;0,34696089278047904;-0,8197598259168215;spy
2021-11-08;98521,43058119623;38114,706034099574;1,8132611239183305;0,08537209944434743;1,727889024473983;strategy
2021-11-09;98056,73786221172;37988,72277432055;-0,471666637647461;-0,3305371414023539;-0,14112949624510707;spy
2021-11-10;94934,31214380261;37683,10856934214;-3,184305114041941;-0,8044866546158214;-2,3798184594261196;spy
2021-11-11;96175,61221222929;37695,30009763144;1,3075357480300642;0,03235276693500655;1,2751829810950577;strategy
2021-11-12;96566,08693175958;37979,78066659258;0,4060018028984702;0,7546844519723317;-0,3486826490738615;spy
2021-11-15;96549,31195642235;37992,785790259084;-0,0173714974586181;0,034242229518555156;-0,05161372697717326;spy
2021-11-16;97092,9777541233;38143,15458709042;0,5630965013467382;0,3957824984497149;0,16731400289702325;strategy
2021-11-17;96329,6618844844;38050,49649161798;-0,7861700066218114;-0,2429219514628267;-0,5432480551589847;spy
2021-11-18;97217,26782950724;38179,731652432056;0,9214253716443244;0,3396411945440603;0,5817841771002641;strategy
2021-11-19;96789,07041162779;38111,45661353823;-0,4404540751241748;-0,17882535035963487;-0,2616287247645399;spy
2021-11-22;97415,32117478244;38004,16620364491;0,6470263227979167;-0,28151747381705006;0,9285437966149668;strategy
2021-11-23;97456,99003943248;38054,55950755652;0,042774446716942194;0,1325994198677405;-0,08982497315079829;spy
2021-11-24;98440,77071235728;38156,159710756925;1,009451115334814;0,266985624101701;0,742465491233113;strategy
2021-11-26;96440,85653744612;37305,15630953137;-2,0315913421227516;-2,2303172218498757;0,19872587972712408;strategy
2021-11-29;98462,46205138831;37762,76402162179;2,096212732367464;1,2266607551340236;0,8695519772334404;strategy
2021-11-30;95406,41451280311;37027,990657543814;-3,10376916737084;-1,9457616070086114;-1,1580075603622286;spy
2021-12-01;92541,74557444036;36616,71323342647;-3,00259574053936;-1,1107203410551714;-1,8918753994841886;spy
2021-12-02;94282,46366225094;37177,54585899797;1,8810084865001242;1,5316301657013032;0,34937832079882103;strategy
2021-12-03;92169,38644055935;36854,05239951105;-2,241219776841319;-0,8701312903057756;-1,3710884865355433;spy
2021-12-06;91555,37993191738;37290,5264755842;-0,6661718520150295;1,1843312950815088;-1,8505031470965383;spy
2021-12-07;95311,00538608152;38061,8744245301;4,102025961726019;2,0684823247291373;2,033543636996882;strategy
2021-12-08;95044,15163533698;38162,66103235332;-0,27998209615309744;0,26479675356783083;-0,5447788497209283;spy
2021-12-09;93501,68791385039;37905,00430610236;-1,6228917770813256;-0,6751539837133502;-0,9477377933679754;spy
2021-12-10;94779,26246413193;38261,82292989586;1,3663652269664484;0,9413496458462456;0,42501558112020277;strategy
2021-12-13;92267,72210057688;37922,88604108459;-2,6498838440587202;-0,8858357047762166;-1,7640481392825036;spy
2021-12-14;91114,97105370765;37661,97493332487;-1,2493546178724002;-0,6880043556733884;-0,5613502621990119;spy
2021-12-15;92654,78588476073;38250,444996983744;1,689969072311337;1,5625045279773042;0,12746454433403276;strategy
2021-12-16;90739,56935580427;37913,132818453145;-2,0670454425727236;-0,8818516452741898;-1,1851937972985338;spy
2021-12-17;90762,9522540497;37378,307959740916;0,025769240929207626;-1,410658573833068;1,4364278147622755;strategy
2021-12-20;89080,44052128468;36980,849254667264;-1,8537428443883064;-1,0633405490204195;-0,7904022953678869;spy
2021-12-21;91261,74598629237;37637,59187674626;2,448691825324434;1,7758992432984844;0,6727925820259495;strategy
2021-12-22;92474,53460102608;38013,919426276356;1,3289123516394996;0,9998714868965974;0,3290408647429022;strategy
2021-12-23;93228,1730377196;38250,444996983744;0,8149686180579652;0,6222077972414919;0,19276082081647328;strategy
2021-12-27;95092,72047742683;38791,77117729236;1,9999828152299504;1,4152153794584565;0,5847674357714938;strategy
2021-12-28;94184,18700595913;38760,07072326645;-0,9554185293114692;-0,08171953242616103;-0,8736989968853082;spy
2021-12-29;93953,65443195666;38809,65291227458;-0,24476781223146116;0,12792079086265673;-0,3726886030941179;spy
2021-12-30;93646,71741154543;38702,36250238126;-0,32668981559789145;-0,27645289726203615;-0,05023691833585531;spy
2021-12-31;93898,90246558248;38604,82531511938;0,2692940671148003;-0,25201869073464556;0,5213127578494459;strategy
2022-01-03;93266,29018956664;38828,34576216027;-0,6737163687804637;0,5789961364061735;-1,2527125051866372;spy
2022-01-04;93528,96532355329;38815,34063849378;0,28163995099703687;-0,033493890638958135;0,315133841635995;strategy
2022-01-05;90842,59755621797;38070,002936880875;-2,872230819663324;-1,9202142486770768;-0,9520165709862471;spy
2022-01-06;91512,9168528228;38034,239466916435;0,7378909395341804;-0,09394133755055156;0,831832277084732;strategy
2022-01-07;90088,88695508953;37883,87067008509;-1,5560971573264304;-0,39535113344948414;-1,1607460238769463;spy
2022-01-10;89800,23121982592;37836,72926720854;-0,32041214518224725;-0,1244366059822255;-0,19597553920002175;spy
2022-01-11;90479,98456880321;38181,35636271272;0,7569616912380672;0,9108268663244656;-0,1538651750863984;spy
2022-01-12;90825,93901133392;38284,5812761938;0,3823546657080179;0,2703542338843734;0,1120004318236445;strategy
2022-01-13;89207,67806660375;37757,07381492888;-1,7817167235983367;-1,3778587715492008;-0,4038579520491359;spy
2022-01-14;89162,74697037227;37772,51724425324;-0,0503668486897868;0,04090208208415991;-0,09126893077394671;spy
2022-01-18;88280,47537855737;37103,58061341123;-0,9895069654012212;-1,7709612163689936;0,7814542509677724;strategy
2022-01-19;87078,9729680664;36718,31343662687;-1,361005823018946;-1,0383557878106742;-0,32265003520827173;spy
2022-01-20;85805,7416174275;36311,91262382525;-1,462157059553082;-1,1068068622025362;-0,35535019735054574;spy
2022-01-21;84534,33556224772;35599,08649114173;-1,4817260840754076;-1,9630641328868381;0,4813380488114305;strategy
2022-01-24;85272,80276223924;35750,26640287656;0,8735707154730488;0,4246735706896487;0,44889714478340004;strategy
2022-01-25;84991,54273175827;35313,7923268034;-0,32983556464678543;-1,2208974085799795;0,8910618439331941;strategy
2022-01-26;84451,57980232037;35225,1972472695;-0,6353137172036893;-0,25087953939927354;-0,3844341778044158;spy
2022-01-27;84329,72326174364;35051,25650876302;-0,1442916057484811;-0,49379635062216654;0,34950474487368544;strategy
2022-01-28;85085,50881675661;35921,768835725175;0,8962267700881155;2,4835410015744186;-1,5873142314863031;spy
2022-01-31;85472,11246102299;36568,75823517272;0,45437072615852614;1,8011067394991143;-1,3467360133405881;spy
2022-02-01;85472,11246102299;36815,85062388875;0,0;0,6756925874457753;-0,6756925874457753;spy
2022-02-02;85472,11246102299;37173,482843059435;0,0;0,9714082741813179;-0,9714082741813179;spy
2022-02-03;85472,11246102299;36299,72109553594;0,0;-2,350497399483331;2,350497399483331;strategy
2022-02-04;85472,11246102299;36470,40993300737;0,0;0,4702207959730753;-0,4702207959730753;spy
2022-02-07;85472,11246102299;36353,3663004826;0,0;-0,32092765817486324;0,32092765817486324;strategy
2022-02-08;85472,11246102299;36652,476703390916;0,0;0,8227859847585561;-0,8227859847585561;spy
2022-02-09;85472,11246102299;37188,9262723838;0,0;1,4636106949445171;-1,4636106949445171;spy
2022-02-10;85472,11246102299;36520,80323691898;0,0;-1,7965644680657422;1,7965644680657422;strategy
2022-02-11;85472,11246102299;35800,65970678816;0,0;-1,9718721011120266;1,9718721011120266;strategy
2022-02-14;85472,11246102299;35683,616074263395;0,0;-0,3269314964678527;0,3269314964678527;strategy
2022-02-15;85472,11246102299;36259,08101425578;0,0;1,6126867265771283;-1,6126867265771283;spy
2022-02-16;85472,11246102299;36299,72109553594;0,0;0,11208249118113134;-0,11208249118113134;spy
2022-02-17;85472,11246102299;35524,3076501778;0,0;-2,136141606480557;2,136141606480557;strategy
2022-02-18;85472,11246102299;35294,28588154051;0,0;-0,6475052825867911;0,6475052825867911;strategy
2022-02-22;85472,11246102299;34915,520026352555;0,0;-1,0731648076383382;1,0731648076383382;strategy
2022-02-23;85472,11246102299;34296,16558451867;0,0;-1,7738657232268862;1,7738657232268862;strategy
2022-02-24;85472,11246102299;34812,29263239777;0,0;1,5049118147250962;-1,5049118147250962;spy
2022-02-25;85472,11246102299;35580,391160782325;0,0;2,206400298007738;-2,206400298007738;spy
2022-02-28;85472,11246102299;35489,35777559055;0,0;-0,2558526823957852;0,2558526823957852;strategy
2022-03-01;85472,11246102299;34948,84519065913;0,0;-1,5230272363598085;1,5230272363598085;strategy
2022-03-02;85472,11246102299;35591,771574168146;0,0;1,8396212521518462;-1,8396212521518462;spy
2022-03-03;85472,11246102299;35414,57893462662;0,0;-0,49784720373439173;0,49784720373439173;strategy
2022-03-04;85472,11246102299;35126,84894510414;0,0;-0,8124619808514755;0,8124619808514755;strategy
2022-03-07;85472,11246102299;34091,33798736348;0,0;-2,9479187255280093;2,9479187255280093;strategy
2022-03-08;85472,11246102299;33832,86766573533;0,0;-0,7581700715998729;0,7581700715998729;strategy
2022-03-09;85472,11246102299;34739,954577565404;0,0;2,6810819608671155;-2,6810819608671155;spy
2022-03-10;85472,11246102299;34583,084459137666;0,0;-0,4515553354495272;0,4515553354495272;strategy
2022-03-11;85472,11246102299;34143,35848202947;0,0;-1,2715059514941784;1,2715059514941784;strategy
2022-03-14;85472,11246102299;33893,82778765558;0,0;-0,7308323066848366;0,7308323066848366;strategy
2022-03-15;85472,11246102299;34639,167969742186;0,0;2,1990439874662426;-2,1990439874662426;spy
2022-03-16;85472,11246102299;35407,26401765303;0,0;2,217420604853415;-2,217420604853415;spy
2022-03-17;85472,11246102299;35850,241895796295;0,0;1,2510932161333033;-1,2510932161333033;spy
2022-03-18;85472,11246102299;36130,65696834519;0,0;0,7821846038416069;-0,7821846038416069;spy
2022-03-21;85472,11246102299;36120,092630810264;0,0;-0,02923926222592188;0,02923926222592188;strategy
2022-03-22;85472,11246102299;36542,74798783973;0,0;1,1701391836103525;-1,1701391836103525;spy
2022-03-23;85472,11246102299;36072,13515208281;0,0;-1,287841943122403;1,287841943122403;strategy
2022-03-24;85472,11246102299;36615,899638049275;0,0;1,5074363734608909;-1,5074363734608909;spy
2022-03-25;85472,11246102299;36794,71698787148;0,0;0,48835984255426457;-0,48835984255426457;spy
2022-03-28;85472,11246102299;37056,43921053467;0,0;0,7113038068738531;-0,7113038068738531;spy
2022-03-29;85472,11246102299;37514,858037528575;0,0;1,2370827763277914;-1,2370827763277914;spy
2022-03-30;85472,11246102299;37283,21155861062;0,0;-0,6174792896356474;0,6174792896356474;strategy
2022-03-31;85472,11246102299;36709,37380937262;0,0;-1,5391317572948537;1,5391317572948537;strategy
2022-04-01;85472,11246102299;36813,41231823088;0,0;0,28341128726008247;-0,28341128726008247;spy
2022-04-04;85472,11246102299;37128,77726536703;0,0;0,8566577431344813;-0,8566577431344813;spy
2022-04-05;85472,11246102299;36659,79162036449;0,0;-1,263132479829876;1,263132479829876;strategy
2022-04-06;85472,11246102299;36293,21729346584;0,0;-0,999935653466788;0,999935653466788;strategy
2022-04-07;85472,11246102299;36476,09765922657;0,0;0,5038968143330269;-0,5038968143330269;spy
2022-04-08;85472,11246102299;36378,56295243841;0,0;-0,2673934796955657;0,2673934796955657;strategy
2022-04-11;85472,11246102299;35756,77020494666;0,0;-1,7092284494708787;1,7092284494708787;strategy
2022-04-12;85472,11246102299;35624,283143097535;0,0;-0,37052301169751;0,37052301169751;strategy
2022-04-13;85472,11246102299;36032,30866617983;0,0;1,145357848867623;-1,145357848867623;spy
2022-04-14;85472,11246102299;35583,643061817376;0,0;-1,245175846263702;1,245175846263702;strategy
2022-04-18;85472,11246102299;35598,272895764545;0,0;0,04111392957082405;-0,04111392957082405;spy
2022-04-19;85472,11246102299;36172,92424037973;0,0;1,614267485104759;-1,614267485104759;spy
2022-04-20;85472,11246102299;36146,10039766954;0,0;-0,07415447679025577;0,07415447679025577;strategy
2022-04-21;85472,11246102299;35605,58781273813;0,0;-1,4953551807382892;1,4953551807382892;strategy
2022-04-22;85472,11246102299;34628,60115173355;0,0;-2,7439138658316264;2,7439138658316264;strategy
2022-04-25;85472,11246102299;34829,363252476505;0,0;0,5797580441186945;-0,5797580441186945;spy
2022-04-26;85472,11246102299;33820,676137446026;0,0;-2,8960825603343676;2,8960825603343676;strategy
2022-04-27;85472,11246102299;33915,772538576326;0,0;0,2811782968023202;-0,2811782968023202;spy
2022-04-28;85472,11246102299;34772,46614649479;0,0;2,525944549675385;-2,525944549675385;spy
2022-04-29;85472,11246102299;33487,42697485395;0,0;-3,6955652389653038;3,6955652389653038;strategy
2022-05-02;85472,11246102299;33689,00267097409;0,0;0,6019444141573072;-0,6019444141573072;spy
2022-05-03;85472,11246102299;33843,434483743964;0,0;0,458404228460374;-0,458404228460374;spy
2022-05-04;85472,11246102299;34874,066349695204;0,0;3,045293368337898;-3,045293368337898;spy
2022-05-05;85472,11246102299;33634,54387065024;0,0;-3,554281472701848;3,554281472701848;strategy
2022-05-06;85472,11246102299;33433,78176990729;0,0;-0,596892592077436;0,596892592077436;strategy
2022-05-09;85472,11246102299;32363,323418053085;0,0;-3,201726802014637;3,201726802014637;strategy
2022-05-10;85472,11246102299;32438,099778543306;0,0;0,23105278627999493;-0,23105278627999493;spy
2022-05-11;85472,11246102299;31922,78384556769;0,0;-1,5886131940332726;1,5886131940332726;strategy
2022-05-12;85472,11246102299;31889,458681261112;0,0;-0,10439303936584654;0,10439303936584654;strategy
2022-05-13;85472,11246102299;32651,867002952753;0,0;2,390784770955201;-2,390784770955201;spy
2022-05-16;85472,11246102299;32519,37994110363;0,0;-0,40575646665822473;0,40575646665822473;strategy
2022-05-17;85472,11246102299;33188,31657194565;0,0;2,057039931430249;-2,057039931430249;spy
2022-05-18;85472,11246102299;31850,44331026162;0,0;-4,03115734654329;4,03115734654329;strategy
2022-05-19;85472,11246102299;31655,371416211583;0,0;-0,6124621002910446;0,6124621002910446;strategy
2022-05-20;85472,11246102299;31669,19013525527;0,0;0,04365363104414932;-0,04365363104414932;spy
2022-05-23;85472,11246102299;32261,72321485268;0,0;1,871007995678986;-1,871007995678986;spy
2022-05-24;85472,11246102299;32015,444421513843;0,0;-0,7633776773134482;0,7633776773134482;strategy
2022-05-25;85472,11246102299;32298,2977997206;0,0;0,8834904007038791;-0,8834904007038791;spy
2022-05-26;85472,11246102299;32943,66248888748;0,0;1,9981383946879872;-1,9981383946879872;spy
2022-05-27;85472,11246102299;33752,401098552196;0,0;2,454914082298898;-2,454914082298898;spy
2022-05-31;85472,11246102299;33563,016930721365;0,0;-0,5610983564631633;0,5610983564631633;strategy
2022-06-01;85472,11246102299;33291,54148542672;0,0;-0,8088529283735268;0,8088529283735268;strategy
2022-06-02;85472,11246102299;33925,52824168148;0,0;1,9043478552420945;-1,9043478552420945;spy
2022-06-03;85472,11246102299;33368,75863204851;0,0;-1,6411523666384986;1,6411523666384986;strategy
2022-06-06;85472,11246102299;33470,35883524892;0,0;0,3044770239154948;-0,3044770239154948;spy
2022-06-07;85472,11246102299;33791,41398907798;0,0;0,9592223238758413;-0,9592223238758413;spy
2022-06-08;85472,11246102299;33424,02854727585;0,0;-1,0872153557139552;1,0872153557139552;strategy
2022-06-09;85472,11246102299;32629,10865665482;0,0;-2,3782886898168876;2,3782886898168876;strategy
2022-06-10;85472,11246102299;31683,006373825254;0,0;-2,8995652096570623;2,8995652096570623;strategy
2022-06-13;85472,11246102299;30480,06096012192;0,0;-3,7968158687653575;3,7968158687653575;strategy
2022-06-14;85472,11246102299;30388,21397955296;0,0;-0,3013346354166613;0,3013346354166613;strategy
2022-06-15;85472,11246102299;30821,438635064773;0,0;1,4256338190961726;-1,4256338190961726;spy
2022-06-16;85472,11246102299;29801,37110664846;0,0;-3,309603878307632;3,309603878307632;strategy
2022-06-17;85472,11246102299;29737,159083693165;0,0;-0,21546667341413306;0,21546667341413306;strategy
2022-06-21;85472,11246102299;30485,751166814836;0,0;2,5173624723693777;-2,5173624723693777;spy
2022-06-22;85472,11246102299;30430,481251587502;0,0;-0,18129753446094465;0,18129753446094465;strategy
2022-06-23;85472,11246102299;30728,778059118617;0,0;0,98025662185528;-0,98025662185528;spy
2022-06-24;85472,11246102299;31705,764720123192;0,0;3,1793866294486772;-3,1793866294486772;spy
2022-06-27;85472,11246102299;31584,65807165989;0,0;-0,3819704382857392;0,3819704382857392;strategy
2022-06-28;85472,11246102299;30939,293382493015;0,0;-2,0432853434811937;2,0432853434811937;strategy
2022-06-29;85472,11246102299;30914,096730537214;0,0;-0,0814390026439904;0,0814390026439904;strategy
2022-06-30;85472,11246102299;30662,941325882653;0,0;-0,8124300277758678;0,8124300277758678;strategy
2022-07-01;85472,11246102299;30987,24838074676;0,0;1,0576514869118592;-1,0576514869118592;spy
2022-07-05;85472,11246102299;31045,770197009148;0,0;0,1888577376839562;-0,1888577376839562;spy
2022-07-06;85472,11246102299;31150,622301244603;0,0;0,33773394433473936;-0,33773394433473936;spy
2022-07-07;85472,11246102299;31617,16964058928;0,0;1,4977143468688725;-1,4977143468688725;spy
2022-07-08;85472,11246102299;31591,161873729998;0,0;-0,0822583651697073;0,0822583651697073;strategy
2022-07-11;85472,11246102299;31230,277753524257;0,0;-1,14235785834087;1,14235785834087;strategy
2022-07-12;85472,11246102299;30953,923216440184;0,0;-0,8848929851508869;0,8848929851508869;strategy
2022-07-13;85472,11246102299;30791,36289131953;0,0;-0,5251687289652307;0,5251687289652307;strategy
2022-07-14;85472,11246102299;30716,58653082931;0,0;-0,24284849213771498;0,24284849213771498;strategy
2022-07-15;85472,11246102299;31303,429403733808;0,0;1,910508097361352;-1,910508097361352;spy
2022-07-18;85472,11246102299;31044,959082105666;0,0;-0,8256933075751482;0,8256933075751482;strategy
2022-07-19;85472,11246102299;31883,768474568198;0,0;2,7019181769385003;-2,7019181769385003;spy
2022-07-20;85472,11246102299;32086,968880969012;0,0;0,637316152144618;-0,637316152144618;spy
2022-07-21;85472,11246102299;32413,716721964694;0,0;1,0183194374258298;-1,0183194374258298;spy
2022-07-22;85472,11246102299;32112,97912830201;0,0;-0,9278096561474936;0,9278096561474936;strategy
2022-07-25;85472,11246102299;32151,9944993015;0,0;0,12149408761987779;-0,12149408761987779;spy
2022-07-26;85472,11246102299;31771,603933832866;0,0;-1,183100990754704;1,183100990754704;strategy
2022-07-27;85472,11246102299;32596,597087725426;0,0;2,596636781733408;-2,596636781733408;spy
2022-07-28;85472,11246102299;33005,43620618492;0,0;1,25423864754719;-1,25423864754719;spy
2022-07-29;85472,11246102299;33486,61337947676;0,0;1,457872485871503;-1,457872485871503;spy
2022-08-01;85472,11246102299;33387,451481934215;0,0;-0,2961239956361772;0,2961239956361772;strategy
2022-08-02;85472,11246102299;33167,18293592837;0,0;-0,6597345296781021;0,6597345296781021;strategy
2022-08-03;85472,11246102299;33686,56436531623;0,0;1,5659497835290637;-1,5659497835290637;spy
2022-08-04;85472,11246102299;33663,80601901829;0,0;-0,06755911956809468;0,06755911956809468;strategy
2022-08-05;85472,11246102299;33606,908913036576;0,0;-0,169015666112049;0,169015666112049;strategy
2022-08-08;85472,11246102299;33567,89354203708;0,0;-0,11609330420851993;0,11609330420851993;strategy
2022-08-09;85472,11246102299;33434,595365284484;0,0;-0,39710021299271814;0,39710021299271814;strategy
2022-08-10;85472,11246102299;34136,85467995936;0,0;2,1003972292843676;-2,1003972292843676;spy
2022-08-11;85472,11246102299;34136,85467995936;0,0;0,0;0,0;tie
2022-08-12;85472,11246102299;34714,7579256096;0,0;1,6929012677594724;-1,6929012677594724;spy
2022-08-15;85472,11246102299;34857,80932499365;0,0;0,4120766150540245;-0,4120766150540245;spy
2022-08-16;85472,11246102299;34926,0868443612;0,0;0,19587438421895254;-0,19587438421895254;spy
2022-08-17;85472,11246102299;34678,180860267974;0,0;-0,709801774238128;0,709801774238128;strategy
2022-08-18;85472,11246102299;34778,969948564896;0,0;0,2906412210693654;-0,2906412210693654;spy
2022-08-19;85472,11246102299;34311,60901384303;0,0;-1,3438032679318979;1,3438032679318979;strategy
2022-08-22;85472,11246102299;33597,15569040513;0,0;-2,0822495475209313;2,0822495475209313;strategy
2022-08-23;85472,11246102299;33515,87552784481;0,0;-0,24192572522898637;0,24192572522898637;strategy
2022-08-24;85472,11246102299;33623,16593773813;0,0;0,3201181774415751;-0,3201181774415751;spy
2022-08-25;85472,11246102299;34097,84178943358;0,0;1,411752398850341;-1,411752398850341;spy
2022-08-26;85472,11246102299;32943,66248888748;0,0;-3,3849042636585946;3,3849042636585946;strategy
2022-08-29;85472,11246102299;32725,832248539497;0,0;-0,6612204712255654;0,6612204712255654;strategy
2022-08-30;85472,11246102299;32366,57283861443;0,0;-1,0977854044983082;1,0977854044983082;strategy
2022-08-31;85472,11246102299;32120,294045275597;0,0;-0,7609047598793439;0,7609047598793439;strategy
2022-09-01;85472,11246102299;32221,083133572516;0,0;0,3137863188763079;-0,3137863188763079;spy
2022-09-02;85472,11246102299;31881,330168910335;0,0;-1,0544430280438832;1,0544430280438832;strategy
2022-09-06;85472,11246102299;31761,03711582423;0,0;-0,3773150381391921;0,3773150381391921;strategy
2022-09-07;85472,11246102299;32331,62296402718;0,0;1,7964962734754897;-1,7964962734754897;spy
2022-09-08;85472,11246102299;32542,951882778765;0,0;0,6536291697658125;-0,6536291697658125;spy
2022-09-09;85472,11246102299;33048,514593122934;0,0;1,553524437995768;-1,553524437995768;spy
2022-09-12;85472,11246102299;33403,70850663577;0,0;1,0747651381183276;-1,0747651381183276;spy
2022-09-13;85472,11246102299;31951,23239855855;0,0;-4,348248062901994;4,348248062901994;strategy
2022-09-14;85472,11246102299;32073,152642399036;0,0;0,3815822886568343;-0,3815822886568343;spy
2022-09-15;85472,11246102299;31709,01662115824;0,0;-1,1353296799374468;1,1353296799374468;strategy
2022-09-16;85472,11246102299;31338,379278321056;0,0;-1,1688705054002546;1,1688705054002546;strategy
2022-09-19;85472,11246102299;31581,406170624847;0,0;0,7754928554072116;-0,7754928554072116;spy
2022-09-20;85472,11246102299;31218,89734013843;0,0;-1,1478552554876509;1,1478552554876509;strategy
2022-09-21;85472,11246102299;30674,32173926848;0,0;-1,7443780763191308;1,7443780763191308;strategy
2022-09-22;85472,11246102299;30416,662532543818;0,0;-0,8399833871299944;0,8399833871299944;strategy
2022-09-23;85472,11246102299;29907,03680626112;0,0;-1,6754820675589643;1,6754820675589643;strategy
2022-09-26;85472,11246102299;29611,17582391415;0,0;-0,9892687940419087;0,9892687940419087;strategy
2022-09-27;85472,11246102299;29535,585868046735;0,0;-0,25527509044868113;0,25527509044868113;strategy
2022-09-28;85472,11246102299;30116,73853425832;0,0;1,9676354781243965;-1,9676354781243965;spy
2022-09-29;85472,11246102299;29487,63086979299;0,0;-2,0888970555351105;2,0888970555351105;strategy
2022-09-30;85472,11246102299;29031,647867983236;0,0;-1,5463534653672673;1,5463534653672673;strategy
2022-10-03;85472,11246102299;29798,119205613413;0,0;2,640123430525132;-2,640123430525132;spy
2022-10-04;85472,11246102299;30721,463142145032;0,0;3,098665154536584;-3,098665154536584;spy
2022-10-05;85472,11246102299;30649,93620221615;0,0;-0,23282400189709174;0,23282400189709174;strategy
2022-10-06;85472,11246102299;30333,757659702824;0,0;-1,031579773697755;1,031579773697755;strategy
2022-10-07;85472,11246102299;29487,63086979299;0,0;-2,7893899575583414;2,7893899575583414;strategy
2022-10-10;85472,11246102299;29262,483231997714;0,0;-0,7635324749873829;0,7635324749873829;strategy
2022-10-11;85472,11246102299;29077,16456057912;0,0;-0,6332978303630554;0,6332978303630554;strategy
2022-10-12;85472,11246102299;28981,254564071627;0,0;-0,32984645496528797;0,32984645496528797;strategy
2022-10-13;85472,11246102299;29746,101191421134;0,0;2,639108067798057;-2,639108067798057;spy
2022-10-14;85472,11246102299;29068,22493332487;0,0;-2,278874309389378;2,278874309389378;strategy
2022-10-17;85472,11246102299;29815,189825692156;0,0;2,56969558368505;-2,56969558368505;spy
2022-10-18;85472,11246102299;30165,507127889257;0,0;1,1749625081884485;-1,1749625081884485;spy
2022-10-19;85472,11246102299;29951,739903479807;0,0;-0,7086478722309053;0,7086478722309053;strategy
2022-10-20;85472,11246102299;29700,58449882525;0,0;-0,8385336059404613;0,8385336059404613;strategy
2022-10-21;85472,11246102299;30422,35273923673;0,0;2,430148270112409;-2,430148270112409;spy
2022-10-24;85472,11246102299;30794,614792354587;0,0;1,2236464954195947;-1,2236464954195947;spy
2022-10-25;85472,11246102299;31286,361264128776;0,0;1,596858655612321;-1,596858655612321;spy
2022-10-26;85472,11246102299;31050,64680832487;0,0;-0,753409620933343;0,753409620933343;strategy
2022-10-27;85472,11246102299;30884,837062642877;0,0;-0,5339977189703471;0,5339977189703471;strategy
2022-10-28;85472,11246102299;31619,607946247143;0,0;2,3790667313994485;-2,3790667313994485;spy
2022-10-31;85369,54592606972;31391,210887890524;-0,1200000000000423;-0,7223272936998204;0,6023272936997781;strategy
2022-11-01;85934,84893117164;31253,84721472568;0,6621834507489099;-0,4375864112264427;1,0997698619753526;strategy
2022-11-02;85309,83109769506;30469,494142113286;-0,7273159157784481;-2,5096208707478307;1,7823049549693826;strategy
2022-11-03;85772,5221527141;30155,75390525781;0,5423654566719005;-1,0296863984421756;1,572051855114076;strategy
2022-11-04;86075,43232892914;30589,7896756731;0,3531552630290147;1,4393132792465568;-1,0861580162175422;spy
2022-11-07;86481,1130269106;30882,398756985018;0,4713083478119495;0,9565580032236065;-0,485249655411657;spy
2022-11-08;86479,739568892;31049,022098044195;-0,00158815950737079;0,539541446797398;-0,5411296063047688;spy
2022-11-09;85578,60751826354;30409,347615570234;-1,0420152224332124;-2,060208145860587;1,0181929234273746;strategy
2022-11-10;86373,3009009479;32080,467559372624;0,9286121914460432;5,495415307583706;-4,566803116137663;spy
2022-11-11;86117,64495742842;32390,95837566675;-0,2959895486831732;0,9678500343534235;-1,2638395830365967;spy
2022-11-14;86316,2924065533;32115,41743395987;0,23066985775457294;-0,8506723960161611;1,081342253770734;strategy
2022-11-15;86820,56241774603;32389,33118491237;0,5842118528650353;0,8529042212070292;-0,26869236834199395;spy
2022-11-16;86441,17577026355;32142,241276670055;-0,4369778735790919;-0,7628743762310708;0,3258965026519789;strategy
2022-11-17;86971,03569177317;32043,890494030988;0,6129716732657942;-0,30598607543417256;0,9189577486999667;strategy
2022-11-18;87335,4565648385;32189,38267954661;0,4190140661965325;0,4540403280391958;-0,03502626184266333;spy
2022-11-21;86918,26733483156;32072,339047021844;-0,4776859781997267;-0,3636094351046282;-0,11407654309509851;spy
2022-11-22;88051,8534000015;32503,936511779273;1,3041977249765857;1,345699994392846;-0,04150226941626034;spy
2022-11-23;87958,44880020214;32708,76410893447;-0,10607908430393387;0,6301624330362854;-0,7362415173402193;spy
2022-11-25;88238,36082658196;32701,446711487173;0,3182321086808271;-0,02237136634978265;0,3406034750306097;strategy
2022-11-28;87348,92195374025;32179,62945691516;-1,0079956886209107;-1,5957008238070114;0,5877051351861007;strategy
2022-11-29;87243,82974139154;32124,359541687834;-0,12031311892363172;-0,17175435565945918;0,051441236735827456;strategy
2022-11-30;88074,40389055878;33136,29607727966;0,9520147747172913;3,1500597989467582;-2,198045024229467;spy
2022-12-01;87778,27875737225;33111,91302070104;-0,33622155825715483;-0,07358413421268972;-0,2626374240444651;spy
2022-12-02;87860,27751005375;33073,71124507874;0,09341576736558999;-0,11537169597666264;0,20878746334225262;strategy
2022-12-05;86698,98242418704;32478,739859823472;-1,321752125963671;-1,7989253786685255;0,47717325270485444;strategy
2022-12-06;86039,66208579093;32010,565329724406;-0,7604706767725289;-1,4414799715742777;0,6810092948017488;strategy
2022-12-07;86004,74481555016;31956,10900987427;-0,04058276078066081;-0,17011983165310385;0,12953707087244304;strategy
2022-12-08;86040,34723915151;32206,450819151636;0,041395883073303;0,7833926502128552;-0,7419967671395522;spy
2022-12-09;85294,6807709226;31965,86223250571;-0,8666474417592829;-0,7470198687738017;-0,11962757298548121;spy
2022-12-12;86364,04434233195;32426,721845631197;1,2537283236704555;1,441724330078742;-0,1879960064082864;spy
2022-12-13;86425,56937417242;32672,187043592836;0,071239174020854;0,7569843141412402;-0,6857451401203862;spy
2022-12-14;86472,78952851078;32463,296430499107;0,05463678709933806;-0,6393530155021976;0,6939898026015356;strategy
2022-12-15;85583,22575930468;31669,19013525527;-1,0287210278012382;-2,4461665405543287;1,4174455127530905;strategy
2022-12-16;85163,75641821879;31152,247011525273;-0,4901303232780818;-1,632321892420352;1,1421915691422702;strategy
2022-12-19;84992,34403661155;30888,086483204217;-0,20127386204699116;-0,8479662100243535;0,6466923479773623;strategy
2022-12-20;85412,5149068858;30930,35375523876;0,4943631982820218;0,1368400469142994;0,3575231513677224;strategy
2022-12-21;85956,69637815299;31392,838078644905;0,6371214708528861;1,4952442091866303;-0,8581227383337442;spy
2022-12-22;85094,67697138927;30944,98358918593;-1,002853114516411;-1,426613574526192;0,42376046000978107;strategy
2022-12-23;85496,95849522947;31122,98734363094;0,4727458146124075;0,5752265272075174;-0,10248071259510994;spy
2022-12-27;85457,23628668759;31000,253504413256;-0,04646037618296628;-0,3943510880320411;0,34789071184907483;strategy
2022-12-28;84701,31639851673;30614,986327628903;-0,8845592497690125;-1,242787181496774;0,35822793172776146;strategy
2022-12-29;84932,47131932613;31166,065730568967;0,27290593657578466;1,8000315173838155;-1,5271255808080308;spy
2022-12-30;84924,99996340479;31083,97197263145;-0,00879681917326236;-0,2634075107433187;0,25461069157005634;strategy
2023-01-03;83798,11478819913;30953,112101536706;-1,3269180755858034;-0,4209882546862498;-0,9059298208995537;spy
2023-01-04;83844,89744388223;31192,075977901954;0,05582781402819759;0,7720189025948843;-0,7161910885666867;spy
2023-01-05;83679,79180038987;30836,068469011938;-0,19691793839079486;-1,1413395797773451;0,9444216413865503;strategy
2023-01-06;84116,28848510163;31543,204395002544;0,5216273550882944;2,2932103899731215;-1,7715830348848272;spy
2023-01-09;84075,62084015581;31525,32266002032;-0,04834693217951047;-0,05668965891447719;0,008342726734966721;strategy
2023-01-10;84260,00437366065;31746,40480140335;0,21930677604555804;0,7012843096556143;-0,48197753361005624;spy
2023-01-11;84312,62687868197;32147,929002889257;0,062452530607481904;1,2647863718670882;-1,2023338412596063;spy
2023-01-12;84483,8725154295;32264,972635414022;0,20310793660116566;0,3640782972808232;-0,16097036067965753;spy
2023-01-13;84635,43410586979;32390,14478028956;0,17939706825420565;0,38795056884117773;-0,20855350058697208;spy
2023-01-17;84567,94458204843;32330,809368649985;-0,07974145171506519;-0,18318970798698597;0,10344825627192078;strategy
2023-01-18;84251,66484931164;31820,370046990094;-0,3739948207324928;-1,5788015568668268;1,204806736134334;strategy
2023-01-19;83928,90129398202;31588,723568072135;-0,38309457256054946;-0,7279817254666754;0,3448871529061259;strategy
2023-01-20;84038,80399370818;32177,1911512573;0,13094738288208507;1,8629039629190602;-1,7319565800369752;spy
2023-01-23;84210,14990884735;32563,271923418848;0,2038890452938924;1,199858528193709;-0,9959694828998167;spy
2023-01-24;84362,62673035263;32528,322048831604;0,18106703487681397;-0,10732912426441032;0,2883961591412243;strategy
2023-01-25;84455,2867977505;32540,513577120906;0,10983544608447193;0,037479733110745705;0,07235571297372623;strategy
2023-01-26;84818,38186997964;32898,14579629159;0,429925805709086;1,0990368001509765;-0,6691109944418905;spy
2023-01-27;84658,17109528097;32973,73575215901;-0,18888685585191078;0,22976965430052676;-0,41865651015243754;spy
2023-01-30;84310,05843180299;32560,020022383793;-0,41119794932279463;-1,2546826143232104;0,8434846650004157;strategy
2023-01-31;84940,20019740716;33038,76137049149;0,7474099500404119;1,4703349315466685;-0,7229249815062566;spy
2023-02-01;85842,28846067158;33389,88978759208;1,0620274748210035;1,0627771821197785;-0,0007497072987749931;spy
2023-02-02;85362,94697300208;33875,94605267335;-0,5583978436095816;1,4556989201620407;-2,0140967637716223;spy
2023-02-03;85600,31006861295;33515,87552784481;0,2780633799884358;-1,0629091340170205;1,3409725140054563;strategy
2023-02-06;84968,36269497545;33311,04793068961;-0,7382536034401643;-0,6111360480051564;-0,1271175554350079;spy
2023-02-07;85035,54313775597;33746,710891859286;0,07906524340322019;1,3078632712971494;-1,2287980278939292;spy
2023-02-08;84888,03327873987;33377,69825930277;-0,17346847397345933;-1,0934773280246723;0,920008854051213;strategy
2023-02-09;84498,5566104422;33088,34107902591;-0,45881221799398686;-0,866917718618343;0,40810550062435613;strategy
2023-02-10;85021,32557519429;33165,5582256477;0,6186720646154553;0,23336663037101246;0,38530543424444286;strategy
2023-02-13;85961,32662188789;33554,88841837059;1,1056061997789524;1,173899109654708;-0,06829290987575565;spy
2023-02-14;86161,34431458608;33539,44746951994;0,23268334791759493;-0,04601698762376483;0,27870033554135976;strategy
2023-02-15;86445,60312242009;33648,36258969393;0,32991454589674785;0,32473737163669636;0,005177174260051487;strategy
2023-02-16;85738,73845802111;33185,06467091059;-0,8176988058003931;-1,3768810222142491;0,559182216413856;strategy
2023-02-17;84836,73128967569;33102,159798069595;-1,0520415678696438;-0,24982585890113151;-0,8022157089685122;spy
2023-02-21;83538,57552392123;32438,099778543306;-1,5301812623142008;-2,00609272499801;0,475911462683809;strategy
2023-02-22;83427,90800218598;32393,39668132461;-0,13247475317981205;-0,13781046831931043;0,005335715139498376;strategy
2023-02-23;83917,29874382052;32565,71022907671;0,5866031563702911;0,5319403502116904;0,05466280615860075;strategy
2023-02-24;83894,51140024568;32217,831232537465;-0,027154524652184264;-1,068237093839386;1,0410825691872017;strategy
2023-02-27;84551,04992041085;32327,559948088645;0,7825762486808552;0,34058380515806785;0,4419924435227873;strategy
2023-02-28;84675,7773429614;32208,07800990602;0,14751729596256258;-0,36959776232566854;0,5171150582882311;strategy
2023-03-01;85835,72240326076;32084,53057531115;1,3698664443330122;-0,3835914535380569;1,753457897871069;strategy
2023-03-02;86259,07979154272;32334,06126968504;0,4932181805297864;0,7777289862108905;-0,2845108056811041;spy
2023-03-03;87214,89381853642;32852,62910369571;1,1080735260607488;1,6037819365946948;-0,495708410533946;spy
2023-03-06;86968,90740159659;32875,38744999365;-0,28204634113485616;0,06927404874081944;-0,3513203898756756;spy
2023-03-07;86775,38874973837;32371,44944993015;-0,22251475572138135;-1,5328731891906422;1,3103584334692608;strategy
2023-03-08;86993,57213570892;32424,28353997333;0,25143463960708434;0,16321199989792756;0,08822263970915678;strategy
2023-03-09;85728,69159106918;31826,060253683005;-1,453993109590379;-1,8449853658379922;0,39099225624761313;strategy
2023-03-10;84530,15923479157;31366,827831311915;-1,3980527802694986;-1,4429446142896207;0,04489183402012209;strategy
2023-03-13;83479,02655765633;31322,12225361951;-1,2435001739623086;-0,1425250201672612;-1,1009751537950474;spy
2023-03-14;84023,26918282869;31839,878972726696;0,6519513315077718;1,6530065073970368;-1,001055175889265;spy
2023-03-15;82919,60551113295;31640,741582264414;-1,31352145950695;-0,6254338800497861;-0,6880875794571639;spy
2023-03-16;83830,38624548868;32195,884001143004;1,0983900957336923;1,754517723408111;-0,6561276276744188;spy
2023-03-17;83138,63344573007;31698,449803149608;-0,825181453575663;-1,5450241961852518;0,7198427426095888;strategy
2023-03-20;83647,2306214075;32003,25041275083;0,6117458930924524;0,9615631410812231;-0,3498172479887707;spy
2023-03-21;84423,6687686424;32423,469944596138;0,9282293525640917;1,313052663169123;-0,3848233106050314;spy
2023-03-22;83978,11536092957;31870,7633509017;-0,5277588787734766;-1,7046497325513887;1,1768908537779121;strategy
2023-03-23;84195,94674977189;31956,92260525146;0,25939066137183886;0,27033947508923184;-0,01094881371739298;spy
2023-03-24;84162,61907932808;32166,624333248667;-0,03958346182963979;0,6562012575101583;-0,6957847193397981;spy
2023-03-27;84503,1172513273;32226,77085979172;0,4045717394776993;0,18698426642451693;0,21758747305318238;strategy
2023-03-28;84383,92193948466;32154,432804959357;-0,14105433707035653;-0,22446572493124428;0,08341138786088775;strategy
2023-03-29;84787,14025458175;32621,793739681227;0,4778378461554045;1,4534883496678752;-0,9756505035124707;spy
2023-03-30;84877,43083584841;32812,80261779274;0,10649089118415223;0,5855253688247242;-0,47903447764057194;spy
2023-03-31;85665,01356884431;33275,28694119888;0,9279059524304856;1,4094630342711412;-0,4815570818406556;spy
2023-04-03;85722,37875983895;33402,083796355095;0,06696455017605185;0,3810541299922754;-0,31408957981622354;spy
2023-04-04;84550,5875715033;33216,7651249365;-1,3669606528518674;-0,5548117074025694;-0,812148945449298;spy
2023-04-05;83744,09797399129;33129,79475568326;-0,953854515593966;-0,26182672793730877;-0,6920277876566572;spy
2023-04-06;83275,52358191078;33259,02991649733;-0,5595312426984855;0,3900874175862601;-0,9496186602847456;spy
2023-04-10;84675,56786596257;33293,16619570739;1,6812194313911455;0,10263762742257487;1,5785818039685706;strategy
2023-04-11;84877,66873123973;33302,10830343536;0,23867671675621427;0,02685868828276039;0,21181802847345388;strategy
2023-04-12;84484,619081902;33166,36934055119;-0,46307780976206914;-0,407598707106982;-0,055479102655087154;spy
2023-04-13;85098,31507184057;33606,908913036576;0,7263996649421234;1,3282719249790187;-0,6018722600368953;spy
2023-04-14;85371,56275292247;33524,81515509906;0,3210964645436576;-0,24427643181926806;0,5653728963629256;strategy
2023-04-17;85911,54442119165;33645,11068865888;0,632507653434855;0,3588253447581735;0,27368230867668153;strategy
2023-04-18;86916,95105916372;33667,05543957963;1,170281182518318;0,06522418999841406;1,1050569925199039;strategy
2023-04-19;86294,18705287231;33661,36771336043;-0,7165046618668236;-0,016894041207160537;-0,6996106206596631;spy
2023-04-20;86254,23842434085;33477,6737522225;-0,04629353366175648;-0,5457115192173845;0,499417985555628;strategy
2023-04-21;86432,83376270077;33503,683999555506;0,2070568839542597;0,07769430912527575;0,12936257482898394;strategy
2023-04-24;86304,70268859755;33538,633874142746;-0,14824351872461117;0,10431651214148907;-0,25256003086610024;spy
2023-04-25;84693,81255268242;33006,24732108839;-1,866514900963745;-1,5873829418699414;-0,2791319590938035;spy
2023-04-26;84006,53885404897;32866,44534226569;-0,8114804115187724;-0,42356217434442733;-0,38791823717434504;spy
2023-04-27;84349,11173682468;33520,75213916053;0,4077931164035764;1,990804877378749;-1,5830117609751726;spy
2023-04-28;84956,82621106811;33806,857418402346;0,7204752506932754;0,8535168842693341;-0,1330416335760587;spy
2023-05-01;84926,00071972422;33772,721139192276;-0,03628371340909098;-0,10097442299232817;0,0646907095832372;strategy
2023-05-02;84926,00071972422;33393,141688627125;0,0;-1,1239232071373118;1,1239232071373118;strategy
2023-05-03;84926,00071972422;33163,93103489332;0,0;-0,6864003868550905;0,6864003868550905;strategy
2023-05-04;84926,00071972422;32929,03265494031;0,0;-0,7082947425800179;0,7082947425800179;strategy
2023-05-05;84926,00071972422;33538,633874142746;0,0;1,8512575986983304;-1,8512575986983304;spy
2023-05-08;84926,00071972422;33547,573501397004;0,0;0,026654714940987922;-0,026654714940987922;spy
2023-05-09;84926,00071972422;33400,45660560072;0,0;-0,4385321513347584;0,4385321513347584;strategy
2023-05-10;84926,00071972422;33556,51560912497;0,0;0,46723613801757935;-0,46723613801757935;spy
2023-05-11;84926,00071972422;33497,99379286258;0,0;-0,1743977740241709;0,1743977740241709;strategy
2023-05-12;84926,00071972422;33454,10181054737;0,0;-0,1310286896183066;0,1310286896183066;strategy
2023-05-15;84926,00071972422;33569,52073279146;0,0;0,34500678839837207;-0,34500678839837207;spy
2023-05-16;84926,00071972422;33345,18669037338;0,0;-0,6682670396272461;0,6682670396272461;strategy
2023-05-17;84926,00071972422;33749,96279289434;0,0;1,213896645052559;-1,213896645052559;spy
2023-05-18;84926,00071972422;34075,083443135634;0,0;0,9633215071565893;-0,9633215071565893;spy
2023-05-19;84926,00071972422;34025,501254127514;0,0;-0,14550863563067562;0,14550863563067562;strategy
2023-05-22;84926,00071972422;34039,319973171194;0,0;0,040612830184261206;-0,040612830184261206;spy
2023-05-23;84926,00071972422;33657,302216948185;0,0;-1,1222837486885906;1,1222837486885906;strategy
2023-05-24;84926,00071972422;33413,461729267205;0,0;-0,7244801918740662;0,7244801918740662;strategy
2023-05-25;84926,00071972422;33702,81890954407;0,0;0,8659898295524826;-0,8659898295524826;spy
2023-05-26;84926,00071972422;34139,29298561722;0,0;1,2950669712364915;-1,2950669712364915;spy
2023-05-30;84926,00071972422;34152,29810928372;0,0;0,03809429700838418;-0,03809429700838418;spy
2023-05-31;84926,00071972422;33962,916421926595;0,0;-0,5545210654671728;0,5545210654671728;strategy
2023-06-01;84926,00071972422;34285,59876651004;0,0;0,9501019894013529;-0,9501019894013529;spy
2023-06-02;84926,00071972422;34781,408254222755;0,0;1,4461158782416161;-1,4461158782416161;spy
2023-06-05;84926,00071972422;34714,7579256096;0,0;-0,19162630830240612;0,19162630830240612;strategy
2023-06-06;84926,00071972422;34790,34788147701;0,0;0,21774588210983215;-0,21774588210983215;spy
2023-06-07;84926,00071972422;34670,052347917204;0,0;-0,3457727240027242;0,3457727240027242;strategy
2023-06-08;84926,00071972422;34879,756556388114;0,0;0,6048569132994341;-0,6048569132994341;spy
2023-06-09;84926,00071972422;34942,341388589026;0,0;0,17943024372815142;-0,17943024372815142;spy
2023-06-12;84926,00071972422;35259,33352647956;0,0;0,9071863112013911;-0,9071863112013911;spy
2023-06-13;84926,00071972422;35491,79608124841;0,0;0,6592936721117271;-0,6592936721117271;spy
2023-06-14;84926,00071972422;35534,06087280925;0,0;0,11908327057916779;-0,11908327057916779;spy
2023-06-15;84926,00071972422;35974,60044529464;0,0;1,2397670338390565;-1,2397670338390565;spy
2023-06-16;84926,00071972422;35719,37954422784;0,0;-0,7094474932526573;0,7094474932526573;strategy
2023-06-20;84926,00071972422;35534,06087280925;0,0;-0,5188182823532284;0,5188182823532284;strategy
2023-06-21;84926,00071972422;35351,99410242571;0,0;-0,5123725403500146;0,5123725403500146;strategy
2023-06-22;84926,00071972422;35479,60455295911;0,0;0,36097101103735874;-0,36097101103735874;spy
2023-06-23;84926,00071972422;35211,3785282258;0,0;-0,756000604045437;0,756000604045437;strategy
2023-06-26;84926,00071972422;35067,51353346457;0,0;-0,40857529802734716;0,40857529802734716;strategy
2023-06-27;84926,00071972422;35451,96959534544;0,0;1,0963311143060928;-1,0963311143060928;spy
2023-06-28;84926,00071972422;35469,85133032766;0,0;0,050439327310503046;-0,050439327310503046;spy
2023-06-29;84926,00071972422;35609,650828676655;0,0;0,39413612717755786;-0,39413612717755786;spy
2023-06-30;84926,00071972422;36029,87036052197;0,0;1,1800720368392748;-1,1800720368392748;spy
2023-07-03;84926,00071972422;36071,32403717932;0,0;0,11505363811348257;-0,11505363811348257;spy
2023-07-05;84926,00071972422;36017,67883223266;0,0;-0,148719811037068;0,148719811037068;strategy
2023-07-06;84926,00071972422;35735,63656892939;0,0;-0,7830661842952225;0,7830661842952225;strategy
2023-07-07;84926,00071972422;35645,4142986411;0,0;-0,2524714233486769;0,2524714233486769;strategy
2023-07-10;84926,00071972422;35735,63656892939;0,0;0,25311045491684947;-0,25311045491684947;spy
2023-07-11;84926,00071972422;35963,220031908815;0,0;0,6368529703967951;-0,6368529703967951;spy
2023-07-12;84926,00071972422;36252,57721218567;0,0;0,8045919692956316;-0,8045919692956316;spy
2023-07-13;84926,00071972422;36540,30968218187;0,0;0,7936883171425491;-0,7936883171425491;spy
2023-07-14;84926,00071972422;36517,55133588392;0,0;-0,06228285007952028;0,06228285007952028;strategy
2023-07-17;84926,00071972422;36644,34819104013;0,0;0,3472216797614447;-0,3472216797614447;spy
2023-07-18;84926,00071972422;36916,63723171197;0,0;0,7430587638025177;-0,7430587638025177;spy
2023-07-19;84926,00071972422;36998,730989649484;0,0;0,2223760453105239;-0,2223760453105239;spy
2023-07-20;84926,00071972422;36753,26331121413;0,0;-0,6634489126235876;0,6634489126235876;strategy
2023-07-21;84926,00071972422;36753,26331121413;0,0;0,0;0,0;tie
2023-07-24;84926,00071972422;36917,45082708916;0,0;0,44672908221712326;-0,44672908221712326;spy
2023-07-25;84926,00071972422;37018,23743491238;0,0;0,273005328280318;-0,273005328280318;spy
2023-07-26;84926,00071972422;37023,92764160528;0,0;0,015371360408256152;-0,015371360408256152;spy
2023-07-27;84926,00071972422;36778,459963169924;0,0;-0,6629974021435725;0,6629974021435725;strategy
2023-07-28;84926,00071972422;37138,53296847219;0,0;0,9790323076682483;-0,9790323076682483;spy
2023-07-31;84926,00071972422;37209,246313023876;0,0;0,19040424836307412;-0,19040424836307412;spy
2023-08-01;84926,00071972422;37102,76949850775;0,0;-0,2861568697747563;0,2861568697747563;strategy
2023-08-02;84926,00071972422;36586,63997015494;0,0;-1,3910808689727827;1,3910808689727827;strategy
2023-08-03;84926,00071972422;36481,78786591948;0,0;-0,28658577098358284;0,28658577098358284;strategy
2023-08-04;84926,00071972422;36316,78923514097;0,0;-0,45227671238298184;0,45227671238298184;strategy
2023-08-07;84926,00071972422;36633,781373031496;0,0;0,8728528720920004;-0,8728528720920004;spy
2023-08-08;84926,00071972422;36474,4729489459;0,0;-0,4348675405997704;0,4348675405997704;strategy
2023-08-09;84926,00071972422;36230,63246126492;0,0;-0,6685236768802394;0,6685236768802394;strategy
2023-08-10;84926,00071972422;36243,63758493142;0,0;0,03589538129207259;-0,03589538129207259;spy
2023-08-11;84926,00071972422;36222,50394891415;0,0;-0,05830991982453959;0,05830991982453959;strategy
2023-08-14;84926,00071972422;36422,452454279904;0,0;0,5520007828496709;-0,5520007828496709;spy
2023-08-15;84926,00071972422;35998,172386969774;0,0;-1,164886048908198;1,164886048908198;strategy
2023-08-16;84926,00071972422;35734,011858648715;0,0;-0,7338164990194795;0,7338164990194795;strategy
2023-08-17;84926,00071972422;35461,722817976886;0,0;-0,7619884432481516;0,7619884432481516;strategy
2023-08-18;84926,00071972422;35478,790957581914;0,0;0,048131162979969666;-0,048131162979969666;spy
2023-08-21;84926,00071972422;35709,62632159639;0,0;0,65062917248353;-0,65062917248353;spy
2023-08-22;84926,00071972422;35612,90272971171;0,0;-0,2708613946659555;0,2708613946659555;strategy
2023-08-23;84926,00071972422;36009,55031988189;0,0;1,1137749516813678;-1,1137749516813678;spy
2023-08-24;84926,00071972422;35510,49141160782;0,0;-1,385907082540061;1,385907082540061;strategy
2023-08-25;84926,00071972422;35760,83322088519;0,0;0,7049798505337934;-0,7049798505337934;spy
2023-08-28;84926,00071972422;35987,60556896114;0,0;0,6341360859106082;-0,6341360859106082;spy
2023-08-29;84926,00071972422;36507,79811325248;0,0;1,445476952598379;-1,445476952598379;spy
2023-08-30;84926,00071972422;36658,16691008382;0,0;0,4118813092065299;-0,4118813092065299;spy
2023-08-31;84926,00071972422;36604,52170513716;0,0;-0,14633902747577254;0,14633902747577254;strategy
2023-09-01;84926,00071972422;36672,796744030995;0,0;0,18652077861804894;-0,18652077861804894;spy
2023-09-05;84926,00071972422;36514,29943484887;0,0;-0,43219313293284545;0,43219313293284545;strategy
2023-09-06;84926,00071972422;36268,834236887225;0,0;-0,6722440297659893;0,6722440297659893;strategy
2023-09-07;84926,00071972422;36157,48081105537;0,0;-0,3070223462506627;0,3070223462506627;strategy
2023-09-08;84926,00071972422;36211,93713090551;0,0;0,15060872225780564;-0,15060872225780564;spy
2023-09-11;84926,00071972422;36450,08989236729;0,0;0,6576636886363119;-0,6576636886363119;spy
2023-09-12;84926,00071972422;36250,13890652781;0,0;-0,5485610225651194;0,5485610225651194;strategy
2023-09-13;84926,00071972422;36292,406178562356;0,0;0,1165989243338661;-0,1165989243338661;spy
2023-09-14;84926,00071972422;36605,33282004064;0,0;0,8622372403159329;-0,8622372403159329;spy
2023-09-15;84926,00071972422;36037,185277495555;0,0;-1,5520895420845227;1,5520895420845227;strategy
2023-09-18;84926,00071972422;36058,31891351283;0,0;0,05864396970667318;-0,05864396970667318;spy
2023-09-19;84926,00071972422;35983,540072548894;0,0;-0,20738304839804655;0,20738304839804655;strategy
2023-09-20;84926,00071972422;35652,73169608839;0,0;-0,9193324942280201;0,9193324942280201;strategy
2023-09-21;84926,00071972422;35063,450517526035;0,0;-1,6528359834682926;1,6528359834682926;strategy
2023-09-22;84926,00071972422;34984,60866062357;0,0;-0,22485481530991613;0,22485481530991613;strategy
2023-09-25;84926,00071972422;35131,725556419864;0,0;0,4205189122549191;-0,4205189122549191;spy
2023-09-26;84926,00071972422;34615,596028067055;0,0;-1,4691266090073762;1,4691266090073762;strategy
2023-09-27;84926,00071972422;34629,41226663704;0,0;0,0399133343212732;-0,0399133343212732;spy
2023-09-28;84926,00071972422;34830,17436737999;0,0;0,5797444646104211;-0,5797444646104211;spy
2023-09-29;84926,00071972422;34745,644784258315;0,0;-0,24269066881513757;0,24269066881513757;strategy
2023-10-02;84926,00071972422;34731,82606521463;0,0;-0,039771082475204;0,039771082475204;strategy
2023-10-03;84926,00071972422;34266,90343615063;0,0;-1,33860692550698;1,33860692550698;strategy
2023-10-04;84926,00071972422;34516,43413052451;0,0;0,7281973839242006;-0,7281973839242006;spy
2023-10-05;84926,00071972422;34503,429006858016;0,0;-0,037678062621748776;0,037678062621748776;strategy
2023-10-06;84926,00071972422;34913,08172069469;0,0;1,1872811648814707;-1,1872811648814707;spy
2023-10-09;84926,00071972422;35136,60216773558;0,0;0,640219757250482;-0,640219757250482;spy
2023-10-10;84926,00071972422;35319,48253349632;0,0;0,5204839241076842;-0,5204839241076842;spy
2023-10-11;84926,00071972422;35464,16112363475;0,0;0,40962828377009153;-0,40962828377009153;spy
2023-10-12;84926,00071972422;35247,955593567436;0,0;-0,6096451268467473;0,6096451268467473;strategy
2023-10-13;84926,00071972422;35072,390144780285;0,0;-0,4980868984616804;0,4980868984616804;strategy
2023-10-16;84926,00071972422;35441,40277733681;0,0;1,0521456651035876;-1,0521456651035876;spy
2023-10-17;84926,00071972422;35439,77558658242;0,0;-0,004591214305504909;0,004591214305504909;strategy
2023-10-18;84926,00071972422;34967,53804054483;0,0;-1,3325071567788949;1,3325071567788949;strategy
2023-10-19;84926,00071972422;34660,299125285754;0,0;-0,8786403975676871;0,8786403975676871;strategy
2023-10-20;84926,00071972422;34234,39186722124;0,0;-1,228804334679856;1,228804334679856;strategy
2023-10-23;84926,00071972422;34175,05645558166;0,0;-0,1733210622514081;0,1733210622514081;strategy
2023-10-24;84926,00071972422;34432,71566230632;0,0;0,7539393740564782;-0,7539393740564782;spy
2023-10-25;84926,00071972422;33938,53088487428;0,0;-1,4352187096675295;1,4352187096675295;strategy
2023-10-26;84926,00071972422;33532,13007207265;0,0;-1,1974614168781095;1,1974614168781095;strategy
2023-10-27;84926,00071972422;33380,13656496063;0,0;-0,4532772203415969;0,4532772203415969;strategy
2023-10-30;84926,00071972422;33779,222460788675;0,0;1,1955789786880944;-1,1955789786880944;spy
2023-10-31;84926,00071972422;33991,36497491746;0,0;0,6280266349382169;-0,6280266349382169;spy
2023-11-01;84926,00071972422;34353,87380540386;0,0;1,066473296244208;-1,066473296244208;spy
2023-11-02;84926,00071972422;35012,24361823723;0,0;1,9164354406221662;-1,9164354406221662;spy
2023-11-03;84926,00071972422;35331,67406178563;0,0;0,9123392577504275;-0,9123392577504275;spy
2023-11-06;84926,00071972422;35412,95422434595;0,0;0,2300489991450272;-0,2300489991450272;spy
2023-11-07;84926,00071972422;35513,74083216917;0,0;0,28460378421049093;-0,28460378421049093;spy
2023-11-08;84926,00071972422;35539,75107950216;0,0;0,07323995367287672;-0,07323995367287672;spy
2023-11-09;84926,00071972422;35262,585427514605;0,0;-0,7798750513686392;0,7798750513686392;strategy
2023-11-10;84926,00071972422;35812,85123507747;0,0;1,5604806082468947;-1,5604806082468947;spy
2023-11-13;84926,00071972422;35778,714955867414;0,0;-0,09531851844463146;0,09531851844463146;strategy
2023-11-14;84926,00071972422;36472,848238665225;0,0;1,9400732632628426;-1,9400732632628426;spy
2023-11-15;84926,00071972422;36550,06290481332;0,0;0,21170451411645086;-0,21170451411645086;spy
2023-11-16;84926,00071972422;36594,768482505715;0,0;0,12231327154981209;-0,12231327154981209;spy
2023-11-17;84926,00071972422;36640,2851751016;0,0;0,12438032670609722;-0,12438032670609722;spy
2023-11-20;84926,00071972422;36922,32743840488;0,0;0,769760011297449;-0,769760011297449;spy
2023-11-21;84926,00071972422;36841,858390748035;0,0;-0,21794142796410787;0,21794142796410787;strategy
2023-11-22;84926,00071972422;36984,0986752286;0,0;0,38608335923759896;-0,38608335923759896;spy
2023-11-24;84926,00071972422;37006,85702152655;0,0;0,06153548988121482;-0,06153548988121482;spy
2023-11-27;84926,00071972422;36940,2091733871;0,0;-0,180095943032077;0,180095943032077;strategy
2023-11-28;84926,00071972422;36976,78375825502;0,0;0,0990102267592663;-0,0990102267592663;spy
2023-11-29;84926,00071972422;36950,77351092202;0,0;-0,07034210304239785;0,07034210304239785;strategy
2023-11-30;84926,00071972422;37096,265696437644;0,0;0,39374598064263466;-0,39374598064263466;spy
2023-12-01;84926,00071972422;37315,723127540004;0,0;0,5915890103284305;-0,5915890103284305;spy
2023-12-04;84926,00071972422;37119,83763811278;0,0;-0,52494089088857;0,52494089088857;strategy
2023-12-05;84926,00071972422;37112,5227211392;0,0;-0,019706220282800224;0,019706220282800224;strategy
2023-12-06;84926,00071972422;36962,967519685044;0,0;-0,4029777295871284;0,4029777295871284;strategy
2023-12-07;84926,00071972422;37245,009782988316;0,0;0,7630400972353346;-0,7630400972353346;spy
2023-12-08;84926,00071972422;37405,131802451106;0,0;0,4299153642213005;-0,4299153642213005;spy
2023-12-11;84926,00071972422;37550,621507493015;0,0;0,3889565362589442;-0,3889565362589442;spy
2023-12-12;84926,00071972422;37722,12394034163;0,0;0,45672328702841547;-0,45672328702841547;spy
2023-12-13;84926,00071972422;38242,31648463297;0,0;1,3790118104538118;-1,3790118104538118;spy
2023-12-14;84926,00071972422;38365,05032385065;0,0;0,3209372509298758;-0,3209372509298758;spy
2023-12-15;84926,00071972422;38147,217603028956;0,0;-0,567789482831127;0,567789482831127;strategy
2023-12-18;84926,00071972422;38361,7984228156;0,0;0,56250713228847;-0,56250713228847;spy
2023-12-19;84926,00071972422;38595,072092487935;0,0;0,6080884610811133;-0,6080884610811133;spy
2023-12-20;84926,00071972422;38060,24971424943;0,0;-1,3857271129248616;1,3857271129248616;strategy
2023-12-21;84926,00071972422;38421,13383445518;0,0;0,9481916774461752;-0,9481916774461752;spy
2023-12-22;84926,00071972422;38498,34850060325;0,0;0,20096925426711376;-0,20096925426711376;spy
2023-12-26;84926,00071972422;38660,9088257239;0,0;0,4222527236930729;-0,4222527236930729;spy
2023-12-27;84926,00071972422;38730,81105537211;0,0;0,18080855254416495;-0,18080855254416495;spy
2023-12-28;84926,00071972422;38745,44088931928;0,0;0,03777311537900285;-0,03777311537900285;spy
2023-12-29;84926,00071972422;38633,273868110235;0,0;-0,2894973411954771;0,2894973411954771;strategy
2024-01-02;84762,94279834235;38417,068338042925;-0,19200000000000328;-0,5596355380219964;0,3676355380219931;strategy
2024-01-03;83471,44870475368;38103,32810118745;-1,5236541476164156;-0,8166688673242439;-0,7069852802921717;spy
2024-01-04;83603,03054530523;37980,594261969774;0,15763694364161474;-0,32210792425203527;0,47974486789365;strategy
2024-01-05;84053,40919827594;38032,61475663577;0,5387109175745142;0,1369659840159132;0,40174493355860097;strategy
2024-01-08;86376,28527759583;38575,56564722505;2,763571521341146;1,4275928543528549;1,3359786669882912;strategy
2024-01-09;86849,63035329356;38517,04383096266;0,5480035106586234;-0,15170695563500036;0,6997104662936238;strategy
2024-01-10;87322,4637395103;38734,874071310645;0,544427632326494;0,5655424681706211;-0,0211148358441271;spy
2024-01-11;87286,60389457853;38717,80593170561;-0,04106600225888268;-0,0440640121189273;0,0029980098600446148;strategy
2024-01-12;86543,15943185134;38744,627293942096;-0,8517280195997734;0,0692739725071112;-0,9210019921068846;spy
2024-01-16;86781,34993464583;38602,38700946153;0,27522741757775027;-0,36712260361014826;0,6423500211878985;strategy
2024-01-17;86156,08278097124;38387,80867014859;-0,720508673978304;-0,5558680587818166;-0,16464061519648743;spy
2024-01-18;87182,23954680326;38729,18386461773;1,191043896970978;0,889280233217904;0,30176366375307406;strategy
2024-01-19;90383,0869012346;39211,98822866396;3,6714442885043885;1,246616416534696;2,4248278719696925;strategy
2024-01-22;90840,37964116728;39294,89558197867;0,5059494598058878;0,2114336891851476;0,2945157706207402;strategy
2024-01-23;91070,37944328522;39409,49842837186;0,25319115026429806;0,29164817642559626;-0,0384570261612982;spy
2024-01-24;91467,04672003513;39452,57929578359;0,43556124304602317;0,10931594952934276;0,3262452935166804;strategy
2024-01-25;92161,73669455847;39667,15763509652;0,7594975452193786;0,54388925424671;0,21560829097266865;strategy
2024-01-26;91325,58328940644;39616,76433118491;-0,9072674139412151;-0,12704037021049608;-0,780227043730719;spy
2024-01-29;92499,71443314558;39930,504568040385;1,285654141423187;0,7919380649885843;0,4937160764346027;strategy
2024-01-30;91588,18913583952;39899,62018986538;-0,9854357960908722;-0,07734532410522688;-0,9080904719856453;spy
2024-01-31;90157,27051530495;39248,56529400559;-1,562339679423408;-1,6317320635176435;0,06939238409423565;strategy
2024-02-01;91986,97693299736;39762,25651670054;2,029460749237977;1,3088152875065928;0,720645461731384;strategy
2024-02-02;93649,20455071458;40180,84885779147;1,807024943246005;1,0527378920638375;0,7542870511821675;strategy
2024-02-05;94004,62214396606;40034,54307689866;0,37952014110167465;-0,364118193248264;0,7436383343499386;strategy
2024-02-06;94811,0326372131;40150,77559451994;0,8578413219001435;0,29033057127194617;0,5675107506281973;strategy
2024-02-07;96301,7673839854;40485,64946739268;1,5723220234046709;0,8340408570300273;0,7382811663746436;strategy
2024-02-08;97548,5581398106;40503,53120237491;1,294670689535593;0,0441680823142665;1,2505026072213266;strategy
2024-02-09;97876,12759707634;40737,61846742444;0,33580143419060793;0,5779428560930278;-0,24214142190241983;spy
2024-02-12;98236,66348282048;40719,73673244221;0,36835936871997266;-0,043894895320240046;0,4122542640402127;strategy
2024-02-13;97095,30965107001;40158,901626397004;-1,1618409983458644;-1,3773053340946029;0,21546433574873847;strategy
2024-02-14;100420,38005083663;40523,85124301499;3,4245427628954106;0,9087639398436709;2,5157788230517397;strategy
2024-02-15;103493,52644506827;40803,455200660406;3,060281580965829;0,689973803251509;2,37030777771432;strategy
2024-02-16;99998,89475806837;40600,25479425959;-3,3766669346751432;-0,4979980381600746;-2,8786688965150686;spy
2024-02-20;98297,44864472808;40376,73434721869;-1,7014649186440245;-0,5505395179749017;-1,1509254006691227;spy
2024-02-21;95025,19652133793;40413,30893208661;-3,328928846583701;0,09058331600917402;-3,419512162592875;spy
2024-02-22;101275,31195081378;41249,682499365;6,57732439213885;2,069549832417561;4,507774559721289;strategy
2024-02-23;101921,80575372055;41278,13105235585;0,6383528131917782;0,06896671990452852;0,5693860932872497;strategy
2024-02-26;102707,43079300507;41126,948660147325;0,7708115387818681;-0,366252997299632;1,1370645360815002;strategy
2024-02-27;104349,58143622604;41203,35221139193;1,5988625463045025;0,18577490850577583;1,4130876377987267;strategy
2024-02-28;103585,42830941833;41148,89589154178;-0,7323010943505515;-0,13216478011488508;-0,6001363142356664;spy
2024-02-29;105712,97949096393;41296,82390224155;2,0539097209603785;0,3594944833748892;1,6944152375854893;strategy
2024-03-01;109987,92171186364;41684,529384683774;4,043914230291024;0,9388263934291929;3,1050878368618307;strategy
2024-03-04;112166,64663963004;41639,82628746507;1,9808765306740028;-0,10724145835057097;2,088117989024574;strategy
2024-03-05;110180,6350323715;41223,672252032;-1,7705901591577478;-0,999413476319766;-0,7711766828379818;spy
2024-03-06;113051,283903344;41432,56286512573;2,6054023650608826;0,5067249026642129;2,0986774623966697;strategy
2024-03-07;114669,86004049271;41843,84028924308;1,431718492054057;0,9926429737310061;0,43907551832305103;strategy
2024-03-08;113584,68626026736;41592,68488458852;-0,9463461277812169;-0,6002207324147801;-0,3461253953664367;spy
2024-03-11;110463,48520446569;41556,921414624085;-2,747906569596692;-0,08598499967883422;-2,6619215699178578;spy
2024-03-12;112368,78482858736;42003,96478917958;1,7248230223725125;1,0757374688447952;0,6490855535277174;strategy
2024-03-13;112429,35114731682;41938,12309499619;0,05389959393247157;-0,15675114126453282;0,2106507351970044;strategy
2024-03-14;110515,24068095646;41855,2207026289;-1,702500678717156;-0,1976778793354672;-1,5048227993816887;spy
2024-03-15;109792,14428807367;41439,06418672213;-0,6542956323737026;-0,9942762430127039;0,3399806106390013;strategy
2024-03-18;110137,12887552808;41685,34298006097;0,31421609413988527;0,5943155285291102;-0,2800994343892249;spy
2024-03-19;109481,88835036191;41916,99441992634;-0,5949315474772288;0,5557143669806974;-1,1506459144579262;spy
2024-03-20;112926,2819469979;42304,697421894845;3,1460853009890544;0,9249303470675319;2,2211549539215225;strategy
2024-03-21;114910,09905150396;42444,50188119126;1,7567364038755473;0,3304702971922424;1,426266106683305;strategy
2024-03-22;114573,37227061356;42364,03531400812;-0,29303497575046134;-0,1895806609025108;-0,10345431484795053;spy
2024-03-25;116206,10289049291;42246,99168148336;1,4250524249412644;-0,27628065092764054;1,701333075868905;strategy
2024-03-26;115390,76058422841;42168,96093948438;-0,7016346697667375;-0,1847012979936835;-0,516933371773054;spy
2024-03-27;114469,77913798332;42523,34125762001;-0,7981414123471531;0,8403819070718743;-1,6385233194190274;spy
2024-03-28;114298,82107641114;42515,215225742955;-0,14934776921872173;-0,01910957990771678;-0,13023818931100495;spy
2024-04-01;114252,2118946704;42441,2474996825;-0,04077835738094393;-0,17397942282006973;0,1332010654391258;strategy
2024-04-02;112771,10694458302;42171,40172561595;-1,2963468501185904;-0,6358101845817976;-0,6605366655367928;spy
2024-04-03;114731,87755815325;42217,7270526416;1,7387171827033532;0,10985010013910834;1,6288670825642448;strategy
2024-04-04;111778,9539547834;41702,4136001397;-2,5737603761196493;-1,2206091812080655;-1,3531511949115838;spy
2024-04-05;114276,6314446464;42138,074080835664;2,234479212315188;1,0446888874904525;1,1897903248247355;strategy
2024-04-08;113918,6636153399;42161,64354203708;-0,3132467458842547;0,05593388334788063;-0,36918062923213535;spy
2024-04-09;112195,48307695346;42210,41461614173;-1,512641110507551;0,11567640634317922;-1,6283175168507302;spy
2024-04-10;111747,40697791337;41787,756778638555;-0,399370889764572;-1,0013117410638928;0,6019408512993207;strategy
2024-04-11;114105,7108023721;42103,124206248416;2,1103879617760057;0,7546885784763369;1,3556993832996689;strategy
2024-04-12;110625,7509407955;41521,97154003683;-3,0497683569964296;-1,3803077020240195;-1,66946065497241;spy
2024-04-15;107287,46990874017;41001,778995745495;-3,0176346860161907;-1,2528127278102597;-1,764821958205931;spy
2024-04-16;108301,71178768338;40927,00015478156;0,9453497969575952;-0,18237950351298604;1,1277293004705813;strategy
2024-04-17;106280,80162856664;40684,78437738126;-1,8660002005125964;-0,591823921822443;-1,2741762786901534;spy
2024-04-18;105522,54085487117;40601,06590916307;-0,7134503711643592;-0,20577341013198192;-0,5076769610323772;spy
2024-04-19;101628,55593699742;40246,68559102743;-3,690192527897218;-0,8728350111016692;-2,817357516795549;spy
2024-04-22;103025,03312909201;40617,32293386462;1,3740992177044387;0,9209139520294229;0,4531852656750157;strategy
2024-04-23;106536,4050636957;41099,313702533655;3,4082706192424927;1,186663063574711;2,2216075556677817;strategy
2024-04-24;105522,97889415869;41079,80725727076;-0,9512487012595439;-0,047461729906428385;-0,9037869713531155;spy
2024-04-25;106902,49143291719;40923,74825374651;1,3073100790133907;-0,3798922486342171;1,6872023276476078;strategy
2024-04-26;109751,99885153517;41311,45621666243;2,665520120647602;0,9473911346339792;1,7181289860136228;strategy
2024-04-29;109880,94481809057;41457,75951708153;0,11748849032793274;0,35414704253415863;-0,2366585522062259;spy
2024-04-30;107262,1536195454;40801,01689500254;-2,383298762929842;-1,5841247325688257;-0,7991740303610162;spy
2024-05-01;106140,17735193548;40668,52983315342;-1,0460131833540554;-0,32471509764097073;-0,7212980857130846;spy
2024-05-02;109826,93479483631;41048,920398622045;3,473479633142529;0,9353437830903033;2,5381358500522255;strategy
2024-05-03;111446,18022068129;41557,73501000127;1,4743609378426337;1,2395322615995186;0,2348286762431151;strategy
2024-05-06;113630,70545035166;41986,894169100844;1,9601616002851374;1,0326817835387248;0,9274798167464127;strategy
2024-05-07;112400,91102579732;42033,22445707391;-1,0822729821840849;0,11034464179815462;-1,1926176239822395;spy
2024-05-08;112981,81907948042;42037,287473012446;0,5168179228990155;0,009666200942270997;0,5071517219567445;strategy
2024-05-09;114789,7336851817;42279,50076993903;1,600181888051777;0,5761867891264094;1,0239950989253677;strategy
2024-05-10;114417,21514068436;42333,962050736605;-0,32452252700488904;0,12881249732328293;-0,45333502432817196;spy
2024-05-13;113854,6314962452;42339,6472964821;-0,4916949287285366;0,013429514909768514;-0,5051244436383051;spy
2024-05-14;115719,73869786112;42533,90807562865;1,638147853192451;0,4588152985457006;1,1793325546467504;strategy
2024-05-15;120110,06660529131;43060,606902463805;3,7939317499611214;1,2383033929039389;2,5556283570571825;strategy
2024-05-16;117213,99315121415;42972,009342456186;-2,4111829557087128;-0,20575083906342329;-2,2054321166452895;spy
2024-05-17;118050,12313572643;43033,783059753616;0,7133363193536191;0,14375338328989073;0,5695829360637283;strategy
2024-05-20;119170,26964184458;43083,36276828804;0,9488736448248103;0,11521113183468046;0,8336625129901298;strategy
2024-05-21;119535,69167369156;43189,025987426976;0,30663858774946373;0,24525295229904653;0,0613856354504172;strategy
2024-05-22;118372,36793217204;43064,66991840233;-0,9732019995292718;-0,28793441431359534;-0,6852675852156764;spy
2024-05-23;117982,15398862434;42750,11608616968;-0,3296495207152472;-0,7304220207159595;0,4007725000007123;strategy
2024-05-24;121176,09534307862;43032,96946437642;2,707139382081669;0,6616435324680925;2,0454958496135767;strategy
2024-05-28;122019,78536189687;43063,04272764795;0,6962512007253174;0,06988423909817243;0,626366961627145;strategy
2024-05-29;121691,06652350115;42761,491538608076;-0,2693979811722924;-0,7002551838871107;0,4308572027148183;strategy
2024-05-30;120300,90826326895;42477,82456502413;-1,1423667323712139;-0,6633701570672113;-0,47899657530400264;spy
2024-05-31;116838,45094438893;42864,718932562864;-2,8781639048831797;0,9108149287317735;-3,7889788336149532;spy
2024-06-03;115742,78408675411;42899,66880715012;-0,9377622253450735;0,08153529396108805;-1,0192975193061615;spy
2024-06-04;115187,74352532253;42947,62628587757;-0,47954657891722263;0,11178985773303562;-0,5913364366502583;spy
2024-06-05;118751,66580240354;43458,06312706375;3,0940117134055534;1,1885100186643571;1,9055016947411962;strategy
2024-06-06;117708,48799429857;43457,24953168657;-0,8784531998403788;-0,0018721390661280424;-0,8765810607742508;spy
2024-06-07;116420,44121970372;43404,42040259081;-1,0942683884081816;-0,12156574487586225;-0,9727026435323194;spy
2024-06-10;119598,79597606017;43538,529694246885;2,7300658913999465;0,3089761144421832;2,4210897769577633;strategy
2024-06-11;119489,85269266042;43643,38427895606;-0,0910906188566929;0,24083170801936227;-0,33192232687605516;spy
2024-06-12;121258,40507994076;44001,827613030226;1,4800858377733705;0,8213005017738695;0,6587853359995011;strategy
2024-06-13;121130,84001908202;44090,42517303785;-0,10520100505579943;0,20134972753129698;-0,3065507325870964;spy
2024-06-14;119496,06410067847;44117,24901574803;-1,3495951304771103;0,06083824913210023;-1,4104333796092106;spy
2024-06-17;120275,64209899047;44468,37495237491;0,6523880130940407;0,7958926371441244;-0,14350462405008368;spy
2024-06-18;121504,83118048352;44581,35556896114;1,0219767361386412;0,2540695869980292;0,767907149140612;strategy
2024-06-20;120319,69380252196;44460,24892049784;-0,9753829262979408;-0,2716531314889248;-0,703729794809016;spy
2024-06-21;119652,5392780286;44257,86210947422;-0,5544848922141798;-0,4552084523537503;-0,09927643986042956;spy
2024-06-24;118012,69421659272;44113,99463423927;-1,3705058591573116;-0,3250664817000981;-1,0454393774572135;spy
2024-06-25;120448,47348568484;44283,87235680721;2,0639976786070546;0,38508805193553375;1,6789096266715209;strategy
2024-06-26;117981,68278154577;44339,14227203455;-2,0480049541119705;0,12480822540092973;-2,1728131795129;spy
2024-06-27;119546,89470369408;44409,04202120905;1,326656719286201;0,15764795075565718;1,169008768530544;strategy
2024-06-28;117556,74946649221;44234,28768732538;-1,664740219421501;-0,3935107039692687;-1,2712295154522324;spy
2024-07-01;118139,76401661779;44325,32603346457;0,49594306815343714;0,2058094543823108;0,29013361377112634;strategy
2024-07-02;118292,5377501804;44623,62284099568;0,12931609846547065;0,6729714910746587;-0,543655392609188;spy
2024-07-03;119764,65917534183;44822,76023145796;1,2444753093981076;0,44626002503618256;0,798215284361925;strategy
2024-07-05;119310,12898859657;45081,230553086105;-0,3795194591417861;0,5766497205737409;-0,956169179715527;spy
2024-07-08;120492,17652765398;45133,2510477521;0,9907352787879242;0,11539280101224847;0,8753424777756758;strategy
2024-07-09;120649,33597174785;45177,1405495936;0,13043124344076507;0,0972442729531231;0,033186970487641965;strategy
2024-07-10;121748,93440240053;45624,181443675385;0,9114003171224905;0,9895289711641775;-0,078128654041687;spy
2024-07-11;119826,79843763632;45230,78327406655;-1,578770257168105;-0,8622580332635743;-0,7165122239045307;spy
2024-07-12;121116,50747636329;45516,07743840488;1,0763110218606098;0,6307522083127459;0,44555881354786386;strategy
2024-07-15;122408,132666177;45641,252063754124;1,0664319973607173;0,2750118911688748;0,7914201061918424;strategy
2024-07-16;122098,37935504192;45911,91143319786;-0,2530496172013508;0,5930147776526118;-0,8460643948539626;spy
2024-07-17;115448,45631261534;45268,17393478537;-5,44636470815858;-1,4021143496696586;-4,044250358488921;spy
2024-07-18;113947,40479150211;44920,29245777242;-1,300191937645867;-0,7684901925006371;-0,5317017451452299;spy
2024-07-19;113560,4816863827;44621,9956502413;-0,33956289379946103;-0,6640580263620022;0,32449513256254114;strategy
2024-07-22;114851,06778503394;45082,0441484633;1,1364746604504816;1,030990415193389;0,10548424525709255;strategy
2024-07-23;114514,12865300945;45011,33080391161;-0,29337048276741884;-0,15685478750434578;-0,13651569526307306;spy
2024-07-24;108811,17083193219;43991,2607950216;-4,980134668236314;-2,2662516096977225;-2,7138830585385914;spy
2024-07-25;105528,05934026888;43762,05014128778;-3,0172559182681247;-0,5210367913796143;-2,4962191268885103;spy
2024-07-26;107574,59215752645;44252,17190278131;1,9393257395728725;1,1199698366761934;0,819355902896679;strategy
2024-07-29;106139,95836248915;44278,182150114306;-1,3336176937919442;0,05877733502015481;-1,392395028812099;spy
2024-07-30;104909,07493887164;44053,84810769622;-1,1596795802517712;-0,5066469116946526;-0,6530326685571186;spy
2024-07-31;107124,35775666081;44769,926141414784;2,111621724888879;1,625460804168588;0,48616092072029105;strategy
2024-08-01;106166,01600063292;44135,94186563374;-0,8946067692698012;-1,4160940846283276;0,5214873153585264;strategy
2024-08-02;102241,98691444585;43314,20061277623;-3,696125402467476;-1,8618414338119171;-1,834283968655559;spy
2024-08-05;99675,64049142713;42052,7309023368;-2,5100709605401117;-2,912369829277972;0,40229886873786036;strategy
2024-08-06;101333,96264582493;42440,438865252734;1,6637185838203061;0,9219566829473003;0,7417619008730059;strategy
2024-08-07;99892,94382634072;42156,76693072136;-1,4220492141620356;-0,6684000969736092;-0,7536491171884263;spy
2024-08-08;102899,95089339005;43131,320247015494;3,0102297037885695;2,3117363765007726;0,6984933272877969;strategy
2024-08-09;103107,59287446429;43321,5130492761;0,20179016537078542;0,4409621620005133;-0,23917199662972788;spy
2024-08-12;103188,87461874369;43344,27387604776;0,07883196766931277;0,052539316310973305;0,02629265135833947;strategy
2024-08-13;104760,1183876796;44057,09752825755;1,5226871838085687;1,644562449582776;-0,12187526577420726;spy
2024-08-14;105181,06744555093;44196,08839217679;0,4018218615537972;0,31547893918815184;0,08634292236564534;strategy
2024-08-15;106606,18891495003;44953,620102552704;1,3549220444419419;1,7140243354884843;-0,35910229104654245;spy
2024-08-16;107042,81843333234;45054,406710375915;0,4095723923970729;0,22420131591913695;0,18537107647793594;strategy
2024-08-19;107872,96219364047;45485,19057975616;0,7755249464261427;0,9561414761256604;-0,1806165296995177;spy
2024-08-20;107082,09244429375;45411,227814643134;-0,7331491907370147;-0,16260845380726696;-0,5705407369297477;spy
2024-08-21;108463,81874222032;45567,28433769368;1,2903430129042048;0,3436518468241445;0,9466911660800603;strategy
2024-08-22;107769,92722183114;45209,649638049275;-0,6397446894602865;-0,7848497114596897;0,14510502199940323;strategy
2024-08-23;109728,64051786516;45690,018176911355;1,8174952387248533;1,0625354160183287;0,7549598227065246;strategy
2024-08-26;109317,87107980502;45581,10057626365;-0,37435024814078677;-0,23838379802341159;-0,13596645011737518;spy
2024-08-27;109478,60780154009;45643,68788893828;0,14703608856205808;0,13730978823101037;0,00972630033104771;strategy
2024-08-28;108247,81127330533;45378,713765240034;-1,124234727633655;-0,5805274200081922;-0,5437073076254628;spy
2024-08-29;108134,08046348343;45382,77678117856;-0,10506522809476948;0,008953572284009503;-0,11401880037877898;spy
2024-08-30;108520,00204440526;45816,00143669038;0,3568917211555389;0,9546014727144003;-0,5977097515588614;spy
2024-09-03;105332,54535565703;44873,153535369565;-2,9372066243087303;-2,0579008899841766;-0,8793057343245536;spy
2024-09-04;105314,23072314377;44781,306554800605;-0,017387439419991324;-0,20468135919300412;0,1872939197730128;strategy
2024-09-05;104895,02254126732;44672,388954152906;-0,3980546399075857;-0,24322113182296823;-0,1548335080846175;spy
2024-09-06;103070,89089703014;43920,5474504699;-1,7390068661451874;-1,6830116348929058;-0,05599523125228156;spy
2024-09-09;104949,86581721755;44412,29144177038;1,822992800231571;1,1196217256969065;0,7033710745346644;strategy
2024-09-10;105113,64066399631;44605,73862553975;0,1560505537605783;0,43557127427888975;-0,27952072051831145;spy
2024-09-11;107192,2698593155;45063,34633763018;1,9775066130224506;1,0258942597767495;0,951612353245701;strategy
2024-09-12;109107,03886484315;45442,928268669035;1,7862939258966204;0,8423296578884631;0,9439642680081572;strategy
2024-09-13;110397,81089930188;45680,264954279904;1,1830327794503548;0,5222741901835137;0,6607585892668411;strategy
2024-09-16;111851,52683248487;45747,72887827025;1,3167977891418436;0,14768724318450221;1,1691105459573414;strategy
2024-09-17;112880,2276175391;45766,421728155954;0,9197020498386888;0,040860716682655784;0,878841333156033;strategy
2024-09-18;112970,15999798362;45630,685245745495;0,07967062287403959;-0,29658530705483077;0,37625592992887036;strategy
2024-09-19;114793,79369599473;46409,34563119126;1,614261410308404;1,7064402632839482;-0,09217885297554407;spy
2024-09-20;116772,19726525978;46187,45237490475;1,7234412293267276;-0,4781219240837076;2,201563153410435;strategy
2024-09-23;117875,65541542308;46302,86881667513;0,9449665040186739;0,24988700574679612;0,6950794982718778;strategy
2024-09-24;118384,56194839942;46435,35587852426;0,4317316677331151;0,28613143253322093;0,14560023519989418;strategy
2024-09-25;118681,39125616306;46332,94207994666;0,25073312168271134;-0,22055133774685487;0,4712844594295662;strategy
2024-09-26;117652,18933421462;46516,63604108459;-0,8671973854157078;0,39646513450617427;-1,263662519921882;spy
2024-09-27;117193,75270657401;46449,17211709424;-0,3896541409342813;-0,14503182029491635;-0,24462232063936495;spy
2024-09-30;117761,07228589221;46635,30686436373;0,484086878537493;0,40072780371684935;0,08335907482064364;strategy
2024-10-01;117365,4030365485;46217,52563817628;-0,3359932460390125;-0,89584749040581;0,5598542443667975;strategy
2024-10-02;118428,78573698965;46237,03208343917;0,9060444329663353;0,04220573255175886;0,8638387004145764;strategy
2024-10-03;120153,22010609902;46152,5025003175;1,456093937278946;-0,18281792604923908;1,6389118633281852;strategy
2024-10-04;121652,05629851557;46571,905956311915;1,2474373896039115;0,9087339434985742;0,3387034461053373;strategy
2024-10-07;121131,91947476358;46150,87530956312;-0,4275610619155157;-0,9040442689714157;0,47648320705589997;strategy
2024-10-08;123411,44001272492;46587,34938563627;1,8818495965766235;0,9457547081078044;0,9360948884688192;strategy
2024-10-09;123920,84883819225;46910,034210693426;0,4127727748860277;0,6926447400689595;-0,2798719651829318;spy
2024-10-10;123319,79239013202;46827,94045275591;-0,48503254593184053;-0,17500255397128184;-0,3100299919605587;spy
2024-10-11;124937,38721048993;47108,358005778515;1,3117073820887892;0,5988252959907792;0,7128820860980101;strategy
2024-10-14;125773,66388917253;47493,625182562864;0,6693566252299332;0,8178318945803342;-0,148475269350401;spy
2024-10-15;124477,89587892202;47124,61503048006;-1,0302379450377597;-0,7769677523338125;-0,25327019270394713;spy
2024-10-16;125685,3885330716;47329,43766668783;0,9700458427768455;0,4346404444371288;0,5354053983397167;strategy
2024-10-17;125066,85098617934;47333,50068262636;-0,49213162652514963;0,008584543021927793;-0,5007161695470774;spy
2024-10-18;125549,77351571512;47515,57241395733;0,3861315174467306;0,3846572273446869;0,001474290102043696;strategy
2024-10-21;126431,13941326513;47437,541671958345;0,7020051672492311;-0,1642214079190185;0,8662265751682496;strategy
2024-10-22;126480,97473028555;47412,34502000254;0,03941696424765162;-0,053115425183802856;0,09253238943145448;strategy
2024-10-23;125936,87946029437;46979,12036449073;-0,4301795358167104;-0,9137380893711078;0,48355855355439736;strategy
2024-10-24;126515,82145151442;47080,72056769113;0,4597080646281837;0,21626672107126765;0,24344134355691605;strategy
2024-10-25;126690,7124848109;47064,463542989586;0,13823649191853082;-0,03453011021394836;0,17276660213247919;strategy
2024-10-28;127494,12768464719;47209,95820897892;0,6341547727364949;0,3091391148152267;0,3250156579212682;strategy
2024-10-29;127494,12768464719;47286,361760223524;0,0;0,16183778622806955;-0,16183778622806955;spy
2024-10-30;127494,12768464719;47143,307880365755;0,0;-0,30252672130530733;0,30252672130530733;strategy
2024-10-31;127494,12768464719;46219,15282893066;0,0;-1,9603101542647328;1,9603101542647328;strategy
2024-11-01;127494,12768464719;46414,222242506985;0,0;0,4220532001058652;-0,4220532001058652;spy
2024-11-04;127494,12768464719;46314,24923006097;0,0;-0,21539305759272764;0,21539305759272764;strategy
2024-11-05;127494,12768464719;46874,270740728985;0,0;1,2091775640930225;-1,2091775640930225;spy
2024-11-06;127494,12768464719;48039,82549371349;0,0;2,4865554910313614;-2,4865554910313614;spy
2024-11-07;127494,12768464719;48411,276431927865;0,0;0,7732145868493578;-0,7732145868493578;spy
2024-11-08;127494,12768464719;48620,98064039878;0,0;0,43317223574095287;-0,43317223574095287;spy
2024-11-11;127494,12768464719;48667,31092837186;0,0;0,09528867448342915;-0,09528867448342915;spy
2024-11-12;127494,12768464719;48516,13101663704;0,0;-0,3106395419244068;0,3106395419244068;strategy
2024-11-13;127494,12768464719;48539,70047783846;0,0;0,0485806693723001;-0,0485806693723001;spy
2024-11-14;127494,12768464719;48227,58247078994;0,0;-0,6430159312396766;0,6430159312396766;strategy
2024-11-15;127494,12768464719;47609,855219710436;0,0;-1,2808588351979733;1,2808588351979733;strategy
2024-11-18;127494,12768464719;47804,929594234185;0,0;0,40973528195689113;-0,40973528195689113;spy
2024-11-19;127494,12768464719;47979,67896717044;0,0;0,3655467635231613;-0,3655467635231613;spy
2024-11-20;127494,12768464719;47995,935991871986;0,0;0,0338831460557909;-0,0338831460557909;spy
2024-11-21;127494,12768464719;48253,592718122934;0,0;0,5368302980789608;-0,5368302980789608;spy
2024-11-22;127494,12768464719;48403,1504000508;0,0;0,3099410292649374;-0,3099410292649374;spy
2024-11-25;127494,12768464719;48567,337915925826;0,0;0,3392083253218381;-0,3392083253218381;spy
2024-11-26;127494,12768464719;48820,93162623825;0,0;0,5221486727384983;-0,5221486727384983;spy
2024-11-27;127494,12768464719;48673,00113506478;0,0;-0,30300628489844383;0,30300628489844383;strategy
2024-11-29;127494,12768464719;48975,36095853442;0,0;0,6212064520751737;-0,6212064520751737;spy
2024-12-02;127249,3389594926;49063,144923164844;-0,1920000000000588;0,17924107737510298;-0,37124107737516177;spy
2024-12-03;129579,59537436542;49085,90078898908;1,8312522752001348;0,046380772899645706;1,784871502300489;strategy
2024-12-04;131224,22546946234;49390,701398590296;1,2692045305014776;0,6209534809425099;0,6482510495589677;strategy
2024-12-05;130771,1171533051;49309,42123602997;-0,34529319150958804;-0,164565718361398;-0,18072747314819004;spy
2024-12-06;132639,63969773485;49402,89540735331;1,4288495694651404;0,18956655539699163;1,2392830140681488;strategy
2024-12-09;126681,71366008278;49148,48810166371;-4,491814099638125;-0,5149643631043865;-3,9768497365337385;spy
2024-12-10;124256,34665327519;48995,680999174496;-1,914535994765132;-0,3109090602606779;-1,603626934504454;spy
2024-12-11;126689,802795572;49374,449334836165;1,9584159745877017;0,7730647435394422;1,1853512310482595;strategy
2024-12-12;126439,32403840807;49120,04202914656;-0,1977102747315107;-0,5152610492206611;0,31755077448915037;strategy
2024-12-13;127081,18030688466;49110,28880651512;0,5076397500208163;-0,019855892276432474;0,5274956422972488;strategy
2024-12-16;128477,71497686148;49319,98805403861;1,0989311451186978;0,42699656756175486;0,671934577556943;strategy
2024-12-17;126379,4662912473;49116,78764763779;-1,6331615844756175;-0,4120041679210762;-1,2211574165545414;spy
2024-12-18;120557,63469667794;47652,93608712217;-4,6066277738130985;-2,9803487374158943;-1,6262790363972042;spy
2024-12-19;120863,4072080479;47638,30129222758;0,25363181032813653;-0,030711213403167292;0,2843430237313038;strategy
2024-12-20;123122,46798846615;48048,770081915165;1,8691023466925971;0,8616360754965857;1,0074662711960114;strategy
2024-12-23;122864,03536566437;48336,500071437644;-0,20989883245841057;0,5988290418921238;-0,8087278743505344;spy
2024-12-24;123857,89093095381;48873,76075533401;0,8089068231655894;1,1115010046286677;-0,30259418146307837;spy
2024-12-26;124022,61222163567;48877,01513684277;0,13299216500761712;0,0066587499272907635;0,12633341508032636;strategy
2024-12-27;122517,88413530416;48362,51031877063;-1,2132691445350896;-1,0526518786625139;-0,16061726587257574;spy
2024-12-30;121693,81246328814;47810,61483997968;-0,6726133721881355;-1,141163837760406;0,46855046557227054;strategy
2024-12-31;121693,81246328814;47636,679062420626;0,0;-0,36380159121820466;0,36380159121820466;strategy
2025-01-02;121693,81246328814;47519,635429895854;0,0;-0,24570065510108874;0,24570065510108874;strategy
2025-01-03;121693,81246328814;48113,793219773936;0,0;1,2503416419400448;-1,2503416419400448;spy
2025-01-06;121693,81246328814;48390,95639128778;0,0;0,5760576187535671;-0,5760576187535671;spy
2025-01-07;121693,81246328814;47843,942484759966;0,0;-1,1304052395755049;1,1304052395755049;strategy
2025-01-08;121693,81246328814;47913,84223393447;0,0;0,14609947580463967;-0,14609947580463967;spy
2025-01-10;121693,81246328814;47182,32077089154;0,0;-1,5267434815002812;1,5267434815002812;strategy
2025-01-13;121693,81246328814;47255,4749015748;0,0;0,15504563889190415;-0,15504563889190415;spy
2025-01-14;121693,81246328814;47320,49803943358;0,0;0,1375991628360662;-0,1375991628360662;spy
2025-01-15;121693,81246328814;48181,257143764284;0,0;1,8189984044829854;-1,8189984044829854;spy
2025-01-16;121693,81246328814;48088,59656781814;0,0;-0,1923166422778566;0,1923166422778566;strategy
2025-01-17;121693,81246328814;48571,400931864366;0,0;1,0039892999691435;-1,0039892999691435;spy
2025-01-21;121693,81246328814;49016,00103981458;0,0;0,915353684308795;-0,915353684308795;spy
2025-01-22;121693,81246328814;49291,54198152147;0,0;0,5621448830211095;-0,5621448830211095;spy
2025-01-23;121693,81246328814;49560,57912115824;0,0;0,5458079192118381;-0,5458079192118381;spy
2025-01-24;121693,81246328814;49415,8980505461;0,0;-0,29192772396473554;0,29192772396473554;strategy
2025-01-27;121693,81246328814;48716,890636906275;0,0;-1,414539533258774;1,414539533258774;strategy
2025-01-28;121693,81246328814;49135,48545847092;0,0;0,8592396109277312;-0,8592396109277312;spy
2025-01-29;121693,81246328814;48915,214431991364;0,0;-0,44829317228528565;0,44829317228528565;strategy
2025-01-30;121693,81246328814;49177,747769558046;0,0;0,5367110021191612;-0,5367110021191612;spy
2025-01-31;121693,81246328814;48916,02802736856;0,0;-0,5321913956203961;0,5321913956203961;strategy
2025-02-03;121460,16034335858;48586,84436118872;-0,19200000000003659;-0,6729566554252053;0,48095665542516874;strategy
2025-02-04;124256,5881163968;48912,77860680721;2,3023415786155077;0,6708281838506247;1,631513394764883;strategy
2025-02-05;125678,3889216689;49111,09744094488;1,1442458116910803;0,4054540342757651;0,7387917774153152;strategy
2025-02-06;126930,68168982273;49281,78875889002;0,9964264969487546;0,3475616038725038;0,6488648930762508;strategy
2025-02-07;126401,05626467211;48830,68484886969;-0,4172556375651171;-0,9153562023232142;0,49810056475809716;strategy
2025-02-10;127010,64912321352;49162,30434023368;0,4822688010335696;0,6791211149103082;-0,19685231387673863;spy
2025-02-11;125067,73215225138;49199,6950009525;-1,5297276129006332;0,0760555495121995;-1,6057831624128327;spy
2025-02-12;126073,75136061086;49041,19769177038;0,8043795078452431;-0,32215099947073833;1,1265305073159815;strategy
2025-02-13;128870,52182852771;49558,95193040386;2,218360632354943;1,0557536581541571;1,162606974200786;strategy
2025-02-14;131038,7204598265;49556,516105219715;1,6824628321003843;-0,004915005441541442;1,6873778375419257;strategy
2025-02-18;131414,2183573645;49702,005810261624;0,286554917676507;0,29358340027980656;-0,0070284826032995795;spy
2025-02-19;128948,79236583013;49819,04944278638;-1,8760724846606402;0,23549076262951996;-2,11156324729016;spy
2025-02-20;124325,05982567872;49611,78602044704;-3,5857121693965155;-0,4160324708269769;-3,1696796985695386;spy
2025-02-21;119077,05338822163;48763,220924879344;-4,221197596699766;-1,7104102948802713;-2,510787301819495;spy
2025-02-24;117049,01091994921;48541,327668592836;-1,7031345759459415;-0,45504224716480524;-1,2480923287811363;spy
2025-02-25;114978,10176086191;48299,92300609601;-1,7692666882111574;-0,4973177992678157;-1,2719488889433417;spy
2025-02-26;114911,14605197302;48324,30606267462;-0,058233444337219;0,05048259926943022;-0,10871604360664922;spy
2025-02-27;114109,82869756216;47552,95811372873;-0,6973364916649905;-1,596190430433675;0,8988539387686845;strategy
2025-02-28;114812,97014657345;48295,046394780285;0,6161970945332884;1,5605512474676342;-0,9443541529343458;spy
2025-03-03;114003,53579795655;47448,92208534417;-0,7050025337586585;-1,7519898469909312;1,0469873132322727;strategy
2025-03-04;114003,53579795655;46887,27338392177;0,0;-1,1836911709231068;1,1836911709231068;strategy
2025-03-05;114003,53579795655;47391,211383985275;0,0;1,0747863198125485;-1,0747863198125485;spy
2025-03-06;114003,53579795655;46549,963685864874;0,0;-1,7751133038238387;1,7751133038238387;strategy
2025-03-07;114003,53579795655;46810,86983267717;0,0;0,5604862520902865;-0,5604862520902865;spy
2025-03-10;114003,53579795655;45564,03491713233;0,0;-2,66355852818283;2,66355852818283;strategy
2025-03-11;114003,53579795655;45185,26658147066;0,0;-0,8312879584754462;0,8312879584754462;strategy
2025-03-12;114003,53579795655;45425,04405321311;0,0;0,5306541044969082;-0,5306541044969082;spy
2025-03-13;114003,53579795655;44819,5058499492;0,0;-1,333049237232553;1,333049237232553;strategy
2025-03-14;114003,53579795655;45745,28809213868;0,0;2,0655788693630495;-2,0655788693630495;spy
2025-03-17;114003,53579795655;46098,04618046736;0,0;0,7711353519474384;-0,7711353519474384;spy
2025-03-18;114003,53579795655;45599,79838709677;0,0;-1,0808436249554187;1,0808436249554187;strategy
2025-03-19;114003,53579795655;46096,41898971298;0,0;1,0890850841058564;-1,0890850841058564;spy
2025-03-20;114003,53579795655;45963,118332486665;0,0;-0,28917790177164227;0,28917790177164227;strategy
2025-03-21;114003,53579795655;45840,38449326899;0,0;-0,26702678945724756;0,26702678945724756;strategy
2025-03-24;114003,53579795655;46661,31711169673;0,0;1,7908502022889516;-1,7908502022889516;spy
2025-03-25;114003,53579795655;46773,48413290576;0,0;0,24038545877418382;-0,24038545877418382;spy
2025-03-26;114003,53579795655;46215,089812992126;0,0;-1,1938266525687302;1,1938266525687302;strategy
2025-03-27;114003,53579795655;46092,35597377444;0,0;-0,26557092004867444;0,26557092004867444;strategy
2025-03-28;114003,53579795655;45164,13294545339;0,0;-2,0138328985595644;2,0138328985595644;strategy
2025-03-31;114003,53579795655;45467,31132524765;0,0;0,6712813022679232;-0,6712813022679232;spy
2025-04-01;114003,53579795655;45595,73041021082;0,0;0,28244266313557365;-0,28244266313557365;spy
2025-04-02;114003,53579795655;45884,27895605792;0,0;0,6328411525621247;-0,6328411525621247;spy
2025-04-03;114003,53579795655;43623,06423831598;0,0;-4,928081620084823;4,928081620084823;strategy
2025-04-04;114003,53579795655;41069,24043926213;0,0;-5,854297133053565;5,854297133053565;strategy
2025-04-07;114003,53579795655;40996,08878905258;0,0;-0,17811785518103695;0,17811785518103695;strategy
2025-04-08;114003,53579795655;40353,97600092075;0,0;-1,5662781672560189;1,5662781672560189;strategy
2025-04-09;114003,53579795655;44591,922386969774;0,0;10,501930183911302;-10,501930183911302;spy
2025-04-10;114003,53579795655;42637,94906496063;0,0;-4,3818997195333225;4,3818997195333225;strategy
2025-04-11;114003,53579795655;43398,73019589789;0,0;1,7842817199724692;-1,7842817199724692;spy
2025-04-14;114003,53579795655;43819,76084264669;0,0;0,9701450822369839;-0,9701450822369839;spy
2025-04-15;114003,53579795655;43697,027003429;0,0;-0,2800878801196949;0,2800878801196949;strategy
2025-04-16;114003,53579795655;42725,72806864364;0,0;-2,222803246337879;2,222803246337879;strategy
2025-04-17;114003,53579795655;42786,68819056388;0,0;0,1426777837987947;-0,1426777837987947;spy
2025-04-21;114003,53579795655;41768,25033337567;0,0;-2,3802680232045126;2,3802680232045126;strategy
2025-04-22;114003,53579795655;42854,96570993142;0,0;2,601773758493775;-2,601773758493775;spy
2025-04-23;114003,53579795655;43519,023248984;0,0;1,5495463082325633;-1,5495463082325633;spy
2025-04-24;114003,53579795655;44435,05226854204;0,0;2,104893334386637;-2,104893334386637;spy
2025-04-25;114003,53579795655;44756,10990284481;0,0;0,722532365580375;-0,722532365580375;spy
2025-04-28;114003,53579795655;44773,175561976124;0,0;0,038130345037501456;-0,038130345037501456;spy
2025-04-29;114003,53579795655;45055,220305753115;0,0;0,6299413437552026;-0,6299413437552026;spy
2025-04-30;114003,53579795655;45073,099560261624;0,0;0,0396829809890642;-0,0396829809890642;spy
2025-05-01;114003,53579795655;45392,53000381;0,0;0,7086942026724996;-0,7086942026724996;spy
2025-05-02;114003,53579795655;46066,345726441454;0,0;1,4844198430334021;-1,4844198430334021;spy
2025-05-05;114003,53579795655;45802,1851981204;0,0;-0,5734349537724004;0,5734349537724004;strategy
2025-05-06;114003,53579795655;45419,35384652019;0,0;-0,8358364343191149;0,8358364343191149;strategy
2025-05-07;114003,53579795655;45610,36520510541;0,0;0,42055058561747405;-0,42055058561747405;spy
2025-05-08;114003,53579795655;45928,16845789941;0,0;0,6967785751437638;-0,6967785751437638;spy
2025-05-09;114003,53579795655;45869,64912211075;0,0;-0,12741491279432138;0,12741491279432138;strategy
2025-05-12;114003,53579795655;47385,52117729236;0,0;3,304738719814848;-3,304738719814848;spy
2025-05-13;114003,53579795655;47698,452779718056;0,0;0,660394978573442;-0,660394978573442;spy
2025-05-14;114003,53579795655;47759,4129016383;0,0;0,12780314322096142;-0,12780314322096142;spy
2025-05-15;114003,53579795655;47992,68657131064;0,0;0,4884349607746863;-0,4884349607746863;spy
2025-05-16;114003,53579795655;48296,67358553468;0,0;0,6334027868441172;-0,6334027868441172;spy
2025-05-19;114003,53579795655;48349,502714630435;0,0;0,10938461217664397;-0,10938461217664397;spy
2025-05-20;114003,53579795655;48186,94238950978;0,0;-0,33621922872738574;0,33621922872738574;strategy
2025-05-21;114003,53579795655;47374,954359283714;0,0;-1,6850789652983478;1,6850789652983478;strategy
2025-05-22;114003,53579795655;47393,652170116846;0,0;0,03946771260470161;-0,03946771260470161;spy
2025-05-23;114003,53579795655;47070,1537496825;0,0;-0,6825775301577686;0,6825775301577686;strategy
2025-05-27;114003,53579795655;48048,770081915165;0,0;2,079059136787431;-2,079059136787431;spy
2025-05-28;114003,53579795655;47770,78835407671;0,0;-0,5785407771406903;0,5785407771406903;strategy
2025-05-29;114003,53579795655;47959,35892653035;0,0;0,3947403401760141;-0,3947403401760141;spy
2025-05-30;114003,53579795655;47905,7162020574;0,0;-0,11185037847383228;0,11185037847383228;strategy
2025-06-02;114003,53579795655;48175,56693707138;0,0;0,5632954820585345;-0,5632954820585345;spy
2025-06-03;114003,53579795655;48450,29428340107;0,0;0,5702628195087822;-0,5702628195087822;spy
2025-06-04;114003,53579795655;48437,286679260855;0,0;-0,026847317096012624;0,026847317096012624;strategy
2025-06-05;114003,53579795655;48203,199414211325;0,0;-0,4832790626766448;0,4832790626766448;strategy
2025-06-06;114003,53579795655;48698,197787020574;0,0;1,0268994150278488;-1,0268994150278488;spy
2025-06-09;114003,53579795655;48742,08728886208;0,0;0,09012551559599569;-0,09012551559599569;spy
2025-06-10;114003,53579795655;49018,44182594615;0,0;0,5669731282665458;-0,5669731282665458;spy
2025-06-11;114003,53579795655;48878,63736664974;0,0;-0,2852078811334535;0,2852078811334535;strategy
2025-06-12;114003,53579795655;49072,898145796295;0,0;0,3974349319302073;-0,3974349319302073;spy
2025-06-13;114003,53579795655;48524,2570485141;0,0;-1,1180124223602594;1,1180124223602594;strategy
2025-06-16;114003,53579795655;48985,92777654305;0,0;0,9514225587573311;-0,9514225587573311;spy
2025-06-17;114003,53579795655;48567,337915925826;0,0;-0,854510427008115;0,854510427008115;strategy
2025-06-18;114003,53579795655;48560,02051847853;0,0;-0,015066498929716676;0,015066498929716676;strategy
2025-06-20;114003,53579795655;48303,177387604774;0,0;-0,5289189092826274;0,5289189092826274;strategy
2025-06-23;114003,53579795655;48780,29154495809;0,0;0,987749011881256;-0,987749011881256;spy
2025-06-24;114003,53579795655;49319,17941960884;0,0;1,104724587703787;-1,104724587703787;spy
2025-06-25;114003,53579795655;49346,8118967488;0,0;0,05602785258218557;-0,05602785258218557;spy
2025-06-26;114003,53579795655;49732,89266891034;0,0;0,7823824018649006;-0,7823824018649006;spy
2025-06-27;114003,53579795655;49979,98257715265;0,0;0,49683397643343064;-0,49683397643343064;spy
2025-06-30;114003,53579795655;50218,9464535179;0,0;0,47811916700124524;-0,47811916700124524;spy
2025-07-01;114003,53579795655;50202,694389763776;0,0;-0,03236241478934421;0,03236241478934421;strategy
2025-07-02;114003,53579795655;50430,27785274321;0,0;0,4533291803274997;-0,4533291803274997;spy
2025-07-03;114003,53579795655;50827,73903829057;0,0;0,7881399874653638;-0,7881399874653638;spy
2025-07-07;114003,53579795655;50448,9707026289;0,0;-0,7452000479036158;0,7452000479036158;strategy
2025-07-08;114003,53579795655;50421,33822548895;0,0;-0,054773123723039774;0,054773123723039774;strategy
2025-07-09;114003,53579795655;50723,69804895859;0,0;0,5996663994070506;-0,5996663994070506;spy
2025-07-10;114003,53579795655;50866,75192881635;0,0;0,2820257303000284;-0,2820257303000284;spy
2025-07-11;114003,53579795655;50687,93457899416;0,0;-0,35154072757079824;0,35154072757079824;strategy
2025-07-14;114003,53579795655;50784,65817087884;0,0;0,19082172648787754;-0,19082172648787754;spy
2025-07-15;114003,53579795655;50567,64152590805;0,0;-0,4273271747553764;0,4273271747553764;strategy
2025-07-16;114003,53579795655;50736,70069215138;0,0;0,33432282214844733;-0,33432282214844733;spy
2025-07-17;114003,53579795655;51047,19150844551;0,0;0,6119649327969823;-0,6119649327969823;spy
2025-07-18;114003,53579795655;51009,805808674115;0,0;-0,07323752525192351;0,07323752525192351;strategy
2025-07-21;114003,53579795655;51106,5294005588;0,0;0,1896176438065167;-0,1896176438065167;spy
2025-07-22;114003,53579795655;51113,84183705867;0,0;0,014308223598114012;-0,014308223598114012;spy
2025-07-23;114003,53579795655;51548,69368332487;0,0;0,8507516372031398;-0,8507516372031398;spy
2025-07-24;114003,53579795655;51565,759342456186;0,0;0,033105900289442936;-0,033105900289442936;spy
2025-07-25;114003,53579795655;51783,58958280416;0,0;0,4224319453948633;-0,4224319453948633;spy
2025-07-28;114003,53579795655;51770,58693961138;0,0;-0,02510958258695739;0,02510958258695739;strategy
2025-07-29;114003,53579795655;51634,03686182372;0,0;-0,2637599568784843;0,2637599568784843;strategy
2025-07-30;114003,53579795655;51569,01372396495;0,0;-0,12593076546150161;0,12593076546150161;strategy
2025-07-31;114003,53579795655;51375,56654019558;0,0;-0,375122907730685;0,375122907730685;strategy
2025-08-01;114003,53579795655;50533,50028575057;0,0;-1,639040328219421;1,639040328219421;strategy
2025-08-04;114003,53579795655;51301,598814135126;0,0;1,519978873502148;-1,519978873502148;spy
2025-08-05;114003,53579795655;51041,50130175261;0,0;-0,5069968936540326;0,5069968936540326;strategy
2025-08-06;114003,53579795655;51432,46364617729;0,0;0,7659695237280495;-0,7659695237280495;spy
2025-08-07;114003,53579795655;51389,38277876556;0,0;-0,08376201402308103;0,08376201402308103;strategy
2025-08-08;114003,53579795655;51790,09338487427;0,0;0,7797536853746401;-0,7797536853746401;spy
2025-08-11;114003,53579795655;51687,67958629667;0,0;-0,19774785462640665;0,19774785462640665;strategy
2025-08-12;114003,53579795655;52237,947874333244;0,0;1,064602420617189;-1,064602420617189;spy
2025-08-13;114003,53579795655;52416,765224155446;0,0;0,34231312120525104;-0,34231312120525104;spy
2025-08-14;114003,53579795655;52421,64183547117;0,0;0,00930353350663271;-0,00930353350663271;spy
2025-08-15;114003,53579795655;52298,90799625349;0,0;-0,2341281862229594;0,2341281862229594;strategy
2025-08-18;114003,53579795655;52287,52758286767;0,0;-0,021760326977837696;0,021760326977837696;strategy
2025-08-19;114003,53579795655;52003,860609283714;0,0;-0,542513648468812;0,542513648468812;strategy
2025-08-20;114003,53579795655;51865,68334074168;0,0;-0,2657057897685555;0,2657057897685555;strategy
2025-08-21;114003,53579795655;51657,606323025146;0,0;-0,4011843753210176;0,4011843753210176;strategy
2025-08-22;114003,53579795655;52450,90150336551;0,0;1,5356793254796441;-1,5356793254796441;spy
2025-08-25;114003,53579795655;52220,06365887732;0,0;-0,44010272058598865;0,44010272058598865;strategy
2025-08-26;114003,53579795655;52438,70749460249;0,0;0,41869699193290977;-0,41869699193290977;spy
2025-08-27;114003,53579795655;52558,19191325883;0,0;0,22785538462908317;-0,22785538462908317;spy
2025-08-28;114003,53579795655;52744,321699580905;0,0;0,3541403909580021;-0,3541403909580021;spy
2025-08-29;114003,53579795655;52429,76786734824;0,0;-0,5963747794962448;0,5963747794962448;strategy
2025-09-02;114003,53579795655;52041,25127000254;0,0;-0,7410229210411123;0,7410229210411123;strategy
2025-09-03;114003,53579795655;52323,29105283211;0,0;0,5419542688669843;-0,5419542688669843;spy
2025-09-04;114003,53579795655;52760,57872428245;0,0;0,8357419089116691;-0,8357419089116691;spy
2025-09-05;114003,53579795655;52607,77162179324;0,0;-0,2896236284437914;0,2896236284437914;strategy
2025-09-08;114003,53579795655;52737,00926308103;0,0;0,24566264128598192;-0,24566264128598192;spy
2025-09-09;114003,53579795655;52858,929506921515;0,0;0,2311853583358836;-0,2311853583358836;spy
2025-09-10;114003,53579795655;53011,73660941072;0,0;0,28908474672986184;-0,28908474672986184;spy
2025-09-11;114003,53579795655;53452,2737014224;0,0;0,8310180352278262;-0,8310180352278262;spy
2025-09-12;114003,53579795655;53434,38948596647;0,0;-0,03345828758534175;0,03345828758534175;strategy
2025-09-15;114003,53579795655;53718,87005492761;0,0;0,5323922883704979;-0,5323922883704979;spy
2025-09-16;114003,53579795655;53644,90728981458;0,0;-0,13768488621856978;0,13768488621856978;strategy
2025-09-17;114003,53579795655;53578,25696120142;0,0;-0,12424353397254562;0,12424353397254562;strategy
2025-09-18;114003,53579795655;53828,6012509525;0,0;0,4672497836806677;-0,4672497836806677;spy
2025-09-19;114003,53579795655;53945,64488347727;0,0;0,21743762573189773;-0,21743762573189773;spy
2025-09-22;114003,53579795655;54200,86578454407;0,0;0,4731075170536503;-0,4731075170536503;spy
2025-09-23;114003,53579795655;53905,8183975743;0,0;-0,5443591771072787;0,5443591771072787;strategy
2025-09-24;114003,53579795655;53734,31348425197;0,0;-0,31815658943793457;0,31815658943793457;strategy
2025-09-25;114003,53579795655;53486,40998063246;0,0;-0,4613504621998499;0,4613504621998499;strategy
2025-09-26;114003,53579795655;53792,83778098806;0,0;0,57290777314567;-0,57290777314567;spy
2025-09-29;114003,53579795655;53944,01769272289;0,0;0,28104096748036156;-0,28104096748036156;spy
2025-09-30;114003,53579795655;54147,218099123704;0,0;0,3766875644270584;-0,3766875644270584;spy
2025-10-01;114003,53579795655;54331,72565563881;0,0;0,34075168215907947;-0,34075168215907947;spy
2025-10-02;114003,53579795655;54394,30800736601;0,0;0,11518565068935338;-0,11518565068935338;spy
2025-10-03;114003,53579795655;54393,49937293625;0,0;-0,0014866158967508092;0,0014866158967508092;strategy
2025-10-06;114003,53579795655;54588,56878651257;0,0;0,3586263355458641;-0,3586263355458641;spy
2025-10-07;114003,53579795655;54386,18197548895;0,0;-0,3707494362329311;0,3707494362329311;strategy
2025-10-08;114003,53579795655;54710,489030353056;0,0;0,5963041402874403;-0,5963041402874403;spy
2025-10-09;114003,53579795655;54551,99172117094;0,0;-0,28970186885769467;0,28970186885769467;strategy
2025-10-10;114003,53579795655;53077,57334264669;0,0;-2,702776437678711;2,702776437678711;strategy
2025-10-13;114003,53579795655;53891,997198056895;0,0;1,5344029580113272;-1,5344029580113272;spy
2025-10-14;114003,53579795655;53826,16046482093;0,0;-0,12216421112397624;0,12216421112397624;strategy
2025-10-15;114003,53579795655;54065,12434118619;0,0;0,44395489907074204;-0,44395489907074204;spy
2025-10-16;114003,53579795655;53696,92778448057;0,0;-0,6810241559458086;0,6810241559458086;strategy
2025-10-17;114003,53579795655;54001,72839408179;0,0;0,5676313751590722;-0,5676313751590722;spy
2025-10-20;114003,53579795655;54563,37213455677;0,0;1,0400477117627371;-1,0400477117627371;spy
2025-10-21;114003,53579795655;54562,55853917958;0,0;-0,0014911017141350236;0,0014911017141350236;strategy
2025-10-22;114003,53579795655;54278,89156559563;0,0;-0,5198930936866963;0,5198930936866963;strategy
2025-10-23;114003,53579795655;54600,762795275594;0,0;0,592995214891201;-0,592995214891201;spy
2025-10-24;114003,53579795655;55046,99009398019;0,0;0,8172546972973871;-0,8172546972973871;spy
2025-10-27;114003,53579795655;55696,4177990856;0,0;1,1797696913067535;-1,1797696913067535;spy
2025-10-28;114003,53579795655;55844,348290259084;0,0;0,2656014462314671;-0,2656014462314671;spy
2025-10-29;114003,53579795655;55871,17213296927;0,0;0,04803322723145875;-0,04803322723145875;spy
2025-10-30;114003,53579795655;55256,694302451106;0,0;-1,099811955002039;1,099811955002039;strategy
2025-10-31;114003,53579795655;55437,947477457456;0,0;0,32802030105936186;-0,32802030105936186;spy
2025-11-03;113784,64900922451;55541,98846678944;-0,19199999999996997;0,18767107020742912;-0,3796710702073991;spy
2025-11-04;110091,97939739877;54883,61617348235;-3,24531441102075;-1,1853596017736279;-2,059954809247122;spy
2025-11-05;113690,63556450236;55073,81393669038;3,26877233636933;0,34654743340314376;2,922224902966186;strategy
2025-11-06;112066,25226744771;54482,90556737364;-1,428774928549903;-1,0729388925125427;-0,35583603603736025;spy
2025-11-07;111686,9447979116;54536,54829184658;-0,33846716728859194;0,09845789961882012;-0,43692506690741206;spy
2025-11-10;114154,33345994665;55387,55417354585;2,2092006066596115;1,560432239211762;0,6487683674478495;strategy
2025-11-11;112339,730429591;55514,351028702054;-1,5896050332529277;0,22892661907205625;-1,818531652324984;spy
2025-11-12;112173,04085695246;55545,23788735078;-0,1483798937393921;0,05563761095352948;-0,20401750469292157;spy
2025-11-13;108481,01761428607;54623,51866109982;-3,2913641410279637;-1,6594027882646967;-1,631961352763267;spy
2025-11-14;108221,12634099172;54614,57903384557;-0,2395730414499142;-0,016365894166792128;-0,22320714728312208;spy
2025-11-17;108664,1045464999;54105,764422466345;0,4093269220950546;-0,9316461288915279;1,3409730509865825;strategy
2025-11-18;108125,46938224763;53651,411091884685;-0,49568821875468627;-0,8397503213040225;0,3440621025493362;strategy
2025-11-19;109577,58797312743;53858,674514224025;1,342994022755395;0,3863149507556729;0,956679071999722;strategy
2025-11-20;107006,78718004475;53037,74685674371;-2,346100914096727;-1,5242255122032589;-0,8218754018934682;spy
2025-11-21;107975,81206940979;53566,06791338582;0,905573295771056;0,9961227389035265;-0,09054944313247049;spy
2025-11-24;110940,19247644336;54354,48152146304;2,7454115419182967;1,4718526835907575;1,2735588583275392;strategy
2025-11-25;111006,29954110684;54865,73691897384;0,05958802052512535;0,9405947461920139;-0,8810067256668885;spy
2025-11-26;112049,02763086511;55244,500293688085;0,939341365371904;0,6903459171132775;0,24899544825862652;strategy
2025-11-28;112781,76429197835;55546,05148272796;0,653942900358917;0,5458483422545068;0,10809455810441015;strategy
2025-12-01;111660,98850998185;55292,45777241554;-0,9937562060963634;-0,45654678153185246;-0,5372094245645109;spy
2025-12-02;112723,07409410756;55394,87157099314;0,9511697848087364;0,18522200441719594;0,7659477803915404;strategy
2025-12-03;113287,21497231416;55586,69156400812;0,5004661935812837;0,3462775299860388;0,15418866359524497;strategy
2025-12-04;113892,13254979943;55627,331645288294;0,5339680895440013;0,07311117128345757;0,46085691826054376;strategy
2025-12-05;115914,85835072977;55732,99486442723;1,776001340607003;0,18994838690575833;1,5860529537012447;strategy
2025-12-08;117260,91589696267;55565,557927990856;1,1612467680028216;-0,30042694967975514;1,4616737176825767;strategy
2025-12-09;118515,24751440798;55517,600449263395;1,0696928365692582;-0,08630792259768372;1,156000759166942;strategy
2025-12-10;121623,23688923969;55885,801966916435;2,622438411946848;0,6632158354710205;1,9592225764758275;strategy
2025-12-11;121325,23989859807;56015,84824263399;-0,24501649377495216;0,23270002601831763;-0,4777165197932698;spy
2025-12-12;115693,44424178584;55413,56442087884;-4,641899460919429;-1,0752025375860397;-3,5666969233333896;spy
2025-12-15;114669,0941556538;55329,84347218695;-0,8854002859412402;-0,15108385386656265;-0,7343164320746776;spy
2025-12-16;114233,96414594224;55178,663560452114;-0,37946581240182464;-0,2732339407589879;-0,10623187164283676;spy
2025-12-17;111808,22188164669;54571,50312738126;-2,1234860248712795;-1,100353640145113;-1,0231323847261664;spy
2025-12-18;114090,16613644801;54983,58918592837;2,040944946979706;0,7551304892321253;1,2858144577475805;strategy
2025-12-19;117003,32016893436;55318,46801974854;2,553378727665545;0,609052335029947;1,944326392635598;strategy
2025-12-22;118642,95171313078;55663,095115252734;1,4013547152585515;0,6229874178387496;0,7783672974198019;strategy
2025-12-23;118147,42755861062;55917,502420942335;-0,4176600020187382;0,45704843606493295;-0,8747084380836712;spy
2025-12-24;118580,10485982712;56114,199025273054;0,36621813115809143;0,3517621421107231;0,014455989047368334;strategy
2025-12-26;118301,78669691941;56108,508818580136;-0,23470898700646003;-0,010140404374936463;-0,22456858263152357;spy
2025-12-29;117354,10656998445;55908,55783274066;-0,8010700035857021;-0,3563648189011559;-0,44470518468454623;spy
2025-12-30;116854,94408923898;55840,285274320544;-0,42534726336805884;-0,12211468345215692;-0,3032325799159019;spy
2025-12-31;115665,5149767142;55426,56706407163;-1,0178680258632888;-0,7408955885817692;-0,27697243728151966;spy
2026-01-02;117900,27251912201;55528,16726727204;1,9320862772778113;0,18330596423725698;1,7487803130405544;strategy
2026-01-05;118344,35390551838;55897,99101473203;0,3766584901865544;0,6660110816910869;-0,2893525915045325;spy
2026-01-06;121984,5955369475;56230,429062420626;3,075974063228526;0,5947227112347964;2,4812513519937296;strategy
2026-01-07;119889,71610890298;56049,175887414276;-1,717331125969923;-0,3223400177244651;-1,394991108245458;spy
2026-01-08;118158,38081199439;56043,48568072136;-1,4441065948775145;-0,010152168346500012;-1,4339544265310145;spy
2026-01-09;119225,8137325035;56414,123023558546;0,9033916284004739;0,6613388484590477;0,24205277994142627;strategy
2026-01-12;121285,51201529964;56502,71562261874;1,7275606836429702;0,15703975230316747;1,5705209313398028;strategy
2026-01-13;123266,23874362904;56389,739966979934;1,633110744570665;-0,1999473023444942;1,8330580469151592;strategy
2026-01-14;122681,90644036548;56112,57183451867;-0,4740408316334488;-0,49152227448391317;0,01748144285046438;strategy
2026-01-15;123313,279745988;56265,378937007874;0,5146425613539174;0,27232240029890775;0,24232016105500964;strategy
2026-01-16;121977,21499563733;56218,235053657605;-1,0834719124353964;-0,08378844014016451;-0,9996834722952319;spy
2026-01-20;122176,6583017121;55073,81393669038;0,1635086569913069;-2,0356759970762695;2,1991846540675763;strategy
2026-01-21;125092,21867835333;55709,42540322581;2,386348110325076;1,1541083159159804;1,2322397944090957;strategy
2026-01-22;126590,07889625203;56000,40481330962;1,1974047896217366;0,5223163010167342;0,6750884886050024;strategy
2026-01-23;125485,91124342376;56020,72485394971;-0,8722386955246297;0,036285524556167736;-0,9085242200807975;spy
2026-01-26;125382,6930968551;56305,20542291085;-0,0822547691178066;0,507813081145958;-0,5900678502637646;spy
2026-01-27;129460,16071114095;56529,53946532893;3,2520178930405486;0,39842504921721034;2,853592843823338;strategy
2026-01-28;129887,92528227426;56523,849258636015;0,330421782874013;-0,01006589961060067;0,3404876824846137;strategy
2026-01-29;128989,72713992678;56411,682237426976;-0,6915178146047807;-0,1984419367757395;-0,49307587782904116;spy
2026-01-30;125108,5396824569;56243,43170561341;-3,008912061081892;-0,2982547677011782;-2,710657293380714;spy
2026-02-02;128451,29012534504;56523,03566325883;2,6718803139837766;0,49713175239538554;2,174748561588391;strategy
2026-02-03;130694,25336009257;56045,11287147574;1,7461585886438424;-0,8455363130712823;2,5916949017151247;strategy
2026-02-04;127329,00157189138;55773,63494570739;-2,5749041764898006;-0,48439179057577775;-2,090512385914023;spy
2026-02-05;125797,09123515317;55077,06335725172;-1,203111873828111;-1,2489262877231289;0,045814413895017836;strategy
2026-02-06;131280,90548274963;56133,70547053594;4,359253615288705;1,9184793975496106;2,4407742177390945;strategy
2026-02-09;133889,75204283817;56404,3698009271;1,9872246847286945;0,4821779145387728;1,5050467701899217;strategy
2026-02-10;131718,26266589033;56255,62571437642;-1,6218488299635236;-0,26371021797717553;-1,358138611986348;spy
2026-02-11;133247,29473980604;56242,62307118365;1,1608352881135042;-0,02311349847710087;1,183948786590605;strategy
2026-02-12;130246,7746224346;55373,73793497587;-2,2518431786781035;-1,5448872914552214;-0,706955887222882;spy
2026-02-13;132150,5726056181;55412,75082550166;1,461685319043271;0,07045377823617915;1,3912315408070919;strategy
2026-02-17;132491,05140410163;55502,15701993903;0,2576445881166345;0,16134588719285414;0,09629870092378034;strategy
2026-02-18;134123,7565613774;55781,76097758446;1,2323135336106406;0,5037713354905771;0,7285421981200635;strategy
2026-02-19;134913,3411206419;55634,64408178817;0,5886985121112298;-0,2637365569283734;0,8524350690396032;strategy
2026-02-20;136606,63138000708;56036,981878651255;1,2550947484511576;0,7231785221302189;0,5319162263209387;strategy
2026-02-23;136839,38537408054;55464,77132016764;0,1703826466710856;-1,021130223827449;1,1915128704985345;strategy
2026-02-24;138370,02760335704;55867,9177514605;1,1185684772641702;0,7268513358970274;0,39171714136714275;strategy
2026-02-25;141823,34033482056;56339,346663068325;2,4957086381182103;0,8438276037153747;1,6518810344028356;strategy
2026-02-26;138458,36459046323;56026,41506064262;-2,3726530036686455;-0,5554405951797126;-1,817212408488933;spy
2026-02-27;139079,11130691727;55757,37792100584;0,448327349734412;-0,4801969559279695;0,9285243056623815;strategy
2026-03-02;141661,28721302107;55789,07837503175;1,85662381779641;0,05685427688300049;1,7997695409134096;strategy
2026-03-03;141661,28721302107;55297,334383731264;0,0;-0,8814341545397619;0,8814341545397619;strategy
2026-03-04;141661,28721302107;55687,478171831346;0,0;0,7055381465455701;-0,7055381465455701;spy
2026-03-05;141661,28721302107;55376,98735553721;0,0;-0,5575594846225052;0,5575594846225052;strategy
2026-03-06;141661,28721302107;54651,156099187196;0,0;-1,3107091790493297;1,3107091790493297;strategy
2026-03-09;141661,28721302107;55129,8974472949;0,0;0,875994914432976;-0,875994914432976;spy
2026-03-10;141661,28721302107;55041,29988728727;0,0;-0,1607069196751687;0,1607069196751687;strategy
2026-03-11;141661,28721302107;54972,21373348997;0,0;-0,12551693717041124;0,12551693717041124;strategy
2026-03-12;141661,28721302107;54137,46487649225;0,0;-1,51849234423167;1,51849234423167;strategy
2026-03-13;141661,28721302107;53831,03707613666;0,0;-0,5660180081477284;0,5660180081477284;strategy
2026-03-16;141661,28721302107;54378,86953898908;0,0;1,0176888512803295;-1,0176888512803295;spy
2026-03-17;141661,28721302107;54521,91845789941;0,0;0,26305975119207403;-0,26305975119207403;spy
2026-03-18;141661,28721302107;53761,13732696215;0,0;-1,3953675007322475;1,3953675007322475;strategy
2026-03-19;141661,28721302107;53628,65026511303;0,0;-0,2464364937880048;0,2464364937880048;strategy
2026-03-20;141661,28721302107;52715,87562706375;0,0;-1,7020279897722146;1,7020279897722146;strategy
2026-03-23;141661,28721302107;53269,39333566167;0,0;1,050001924493782;-1,050001924493782;spy
2026-03-24;141661,28721302107;53090,57598583947;0,0;-0,33568497522664664;0,33568497522664664;strategy
2026-03-25;141661,28721302107;53386,43696818644;0,0;0,557275894738618;-0,557275894738618;spy
2026-03-26;141661,28721302107;52433,022248857;0,0;-1,7858744158138706;1,7858744158138706;strategy
2026-03-27;141661,28721302107;51538,940460693426;0,0;-1,7051883523327982;1,7051883523327982;strategy
2026-03-30;141661,28721302107;51366,621951993904;0,0;-0,33434623831846144;0,33434623831846144;strategy
2026-03-31;141661,28721302107;52859,74310229871;0,0;2,906792569891481;-2,906792569891481;spy
2026-04-01;141661,28721302107;53258,01292227585;0,0;0,7534463782890022;-0,7534463782890022;spy
2026-04-02;141661,28721302107;53305,9704010033;0,0;0,09004744280911581;-0,09004744280911581;spy
2026-04-06;141661,28721302107;53557,93692056135;0,0;0,4726797348638234;-0,4726797348638234;spy
2026-04-07;141661,28721302107;53581,50638176277;0,0;0,04400741058487867;-0,04400741058487867;spy
2026-04-08;141661,28721302107;54946,20348615698;0,0;2,5469554638327674;-2,5469554638327674;spy
2026-04-09;141661,28721302107;55263,193143573786;0,0;0,576909117108837;-0,576909117108837;spy
2026-04-10;141661,28721302107;55226,62103917958;0,0;-0,06617805145494593;0,06617805145494593;strategy
2026-04-13;141661,28721302107;55766,31754826009;0,0;0,9772397784351794;-0,9772397784351794;spy
2026-04-14;141661,28721302107;56445,82347758446;0,0;1,2184880752370342;-1,2184880752370342;spy
2026-04-15;141661,28721302107;56891,23718091186;0,0;0,7890994867038925;-0,7890994867038925;spy
2026-04-16;141661,28721302107;57031,036679260855;0,0;0,2457311622604319;-0,2457311622604319;spy
2026-04-17;141661,28721302107;57720,29583121667;0,0;1,2085685130224233;-1,2085685130224233;spy
2026-04-20;141661,28721302107;57604,87442849886;0,0;-0,1999667552905815;0,1999667552905815;strategy
2026-04-21;141661,28721302107;57227,73824453899;0,0;-0,6546949154936255;0,6546949154936255;strategy
2026-04-22;141661,28721302107;57807,2662004699;0,0;1,012669683807066;-1,012669683807066;spy
2026-04-23;141661,28721302107;57582,932158051815;0,0;-0,38807239498251933;0,38807239498251933;strategy
2026-04-24;141661,28721302107;58029,15945675642;0,0;0,7749297960024215;-0,7749297960024215;spy
2026-04-27;141661,28721302107;58129,13246920244;0,0;0,17228064887020444;-0,17228064887020444;spy
2026-04-28;141661,28721302107;57846,27909099568;0,0;-0,48659487281462743;0,48659487281462743;strategy
2026-04-29;141661,28721302107;57837,339463741424;0,0;-0,015454109399493099;0,015454109399493099;strategy
2026-04-30;141661,28721302107;58412,79944278638;0,0;0,9949627427204177;-0,9949627427204177;spy
2026-05-01;141661,28721302107;58574,55113347727;0,0;0,27691138283709726;-0,27691138283709726;spy
2026-05-04;141661,28721302107;58359,970313690625;0,0;-0,3663379669741951;0,3663379669741951;strategy
2026-05-05;141661,28721302107;58828,14484378969;0,0;0,8022185884992483;-0,8022185884992483;spy
2026-05-06;141661,28721302107;59645,82308070866;0,0;1,389943944501737;-1,389943944501737;spy
2026-05-07;141661,28721302107;59462,94271494793;0,0;-0,3066105157326193;0,3066105157326193;strategy
2026-05-08;141661,28721302107;59953,87311087122;0,0;0,8256073001242203;-0,8256073001242203;spy
2026-05-11;141661,28721302107;60090,423188658875;0,0;0,22775855954315638;-0,22775855954315638;spy
2026-05-12;141661,28721302107;59999,38980346711;0,0;-0,15149399914519135;0,15149399914519135;strategy
2026-05-13;141661,28721302107;60335,07727171704;0,0;0,5594848036780009;-0,5594848036780009;spy
2026-05-14;141661,28721302107;60811,37783369317;0,0;0,7894256268722977;-0,7894256268722977;spy
2026-05-15;141661,28721302107;60079,85637065025;0,0;-1,2029351892724582;1,2029351892724582;strategy
2026-05-18;141661,28721302107;60037,59405956312;0,0;-0,07034356211905735;0,07034356211905735;strategy
2026-05-19;141661,28721302107;59637,69208788418;0,0;-0,6660859382243034;0,6660859382243034;strategy
2026-05-20;141661,28721302107;60248,920497841;0,0;1,0249028568310337;-1,0249028568310337;spy
2026-05-21;141661,28721302107;60368,39995554991;0,0;0,19830970699830086;-0,19830970699830086;spy
2026-05-22;141661,28721302107;60605,7416021082;0,0;0,393155436839554;-0,393155436839554;spy
