ticker;signal_date;entry_date;exit_date;holding_days;entry_reason;exit_reason;entry_rank;entry_ranking_value;shares;entry_price;exit_price;notional_entry;notional_exit;entry_cost;exit_cost;max_price_since_entry;drawdown_from_peak_pct;gross_return_pct;net_return_pct
BIIB;2000-01-28;2000-01-31;2000-02-02;2;enter_or_hold;stop_loss;2;153,55606905794312;7,9247152055473;42,0625;35,33333206176758;333,3333333333333;280,00659385254147;0,7999999999999999;0,6720158252460995;44,3125;-20,26328448684327;-15,998021844237552;-16,478021844237553
CCI;2000-01-28;2000-01-31;2000-02-28;28;enter_or_hold;left_top_n;12;58,673501194505874;10,866930181764397;30,674102783203125;30,43161964416504;333,3333333333333;330,6982859911514;0,7999999999999999;0,7936758863787633;38,736663818359375;-21,439750756899546;-0,7905142026545797;-1,2705142026545797
AMAT;2000-01-28;2000-01-31;2000-02-28;28;enter_or_hold;rebalance_trim;10;61,32464582461594;6,054875883209276;34,3125;44,21875;207,75792874261828;267,7390429606602;0,4986190289822839;0,6425737031055844;47,09375;-6,104844061048443;28,870673952641155;28,390673952641155
AMD;2000-01-28;2000-01-31;2000-02-28;28;enter_or_hold;rebalance_trim;8;67,88596943156449;9,944750560117974;18,0;18,875;179,00551008212355;187,70716682222675;0,42961322419709647;0,4504972003733442;22,75;-17,03296703296703;4,861111111111116;4,381111111111116
COHR;2000-01-28;2000-01-31;2000-02-28;28;enter_or_hold;rebalance_trim;7;75,12888685060497;76,10698400955393;2,875;4,0625;218,80757902746757;309,18462253881285;0,5251381896659222;0,7420430940931507;4,046875;0,38610038610038533;41,30434782608696;40,824347826086964
CTSH;2000-01-28;2000-01-31;2000-02-28;28;enter_or_hold;rebalance_trim;3;119,76043929611296;140,65859660346368;1,5677080154418943;2,2486979961395264;220,51160933605803;316,29870432200676;0,5292278624065392;0,7591168903728162;2,7083330154418945;-16,971141166234084;43,43857236104513;42,958572361045135
GEN;2000-01-28;2000-01-31;2000-02-28;28;enter_or_hold;rebalance_trim;14;52,88784994892983;34,77190352684272;6,257812976837158;8,75;217,5960691196061;304,2541558598738;0,5222305658870546;0,730209974063697;8,96875;-2,4390243902439046;39,82520782240524;39,34520782240524
GLW;2000-01-28;2000-01-31;2000-02-28;28;enter_or_hold;rebalance_trim;4;94,55641765622812;3,782066293299799;51,41666793823242;59,91666793823242;194,46124672297734;226,6088102160256;0,46670699213514555;0,5438611445184613;64,4375;-7,015840251045713;16,531604129250788;16,051604129250787
REGN;2000-01-28;2000-01-31;2000-02-28;28;enter_or_hold;rebalance_trim;15;51,11143239238083;23,48650052553949;12,3125;45,125;289,177537720705;1059,8283362149696;0,694026090529692;2,5435880069159267;45,875;-1,6348773841961872;266,497461928934;266,017461928934
SWKS;2000-01-28;2000-01-31;2000-02-28;28;enter_or_hold;rebalance_trim;5;87,90976201538383;5,7857056827521856;41,875;74,421875;242,27642546524777;430,5830651085728;0,5814634211165947;1,0333993562605746;74,734375;-0,41814760610495716;77,72388059701491;77,24388059701491
TECH;2000-01-28;2000-01-31;2000-02-28;28;enter_or_hold;rebalance_trim;6;78,68751320429965;26,993918146382224;7,796875;10,26953125;210,4682055475739;277,2148859642143;0,5051236933141774;0,6653157263141143;10,039063453674316;2,2957101266386726;31,713426853707418;31,233426853707417
TER;2000-01-28;2000-01-31;2000-02-28;28;enter_or_hold;rebalance_trim;9;67,01360066406998;3,2427233794716934;64,75;84,9375;209,96633882079215;275,42881704387696;0,5039192131699011;0,6610291609053046;86,0;-1,2354651162790664;31,177606177606187;30,697606177606186
VRSN;2000-01-28;2000-01-31;2000-02-28;28;enter_or_hold;rebalance_trim;1;158,38478823240618;1,4079043280839656;161,375;246,0625;227,20056094454998;346,43245872916077;0,5452813462669199;0,8314379009499858;251,25;-2,0646766169154174;52,478698683191325;51,99869868319133
ADBE;2000-02-25;2000-02-28;2000-03-02;3;enter_or_hold;stop_loss;14;88,75772717169075;6,61272656368891;24,453125;20,15625;161,70182925270538;133,2877697993546;0,3880843902064929;0,31989064751845103;25,5;-20,95588235294118;-17,571884984025555;-18,051884984025556
BIIB;2000-02-25;2000-02-28;2000-03-14;15;enter_or_hold;stop_loss;5;134,9648636374304;3,6337489719709075;44,5;35,0;161,70182925270538;127,18121401898176;0,3880843902064929;0,3052349136455562;57,10416793823242;-38,7085019120526;-21,34831460674157;-21,82831460674157
RMD;2000-02-25;2000-02-28;2000-03-14;15;enter_or_hold;stop_loss;13;92,29202941922618;17,48127883813031;9,25;7,5;161,70182925270538;131,10959128597733;0,3880843902064929;0,3146630190863456;9,882813453674316;-24,11067925994711;-18,918918918918916;-19,398918918918916
SWKS;2000-01-28;2000-01-31;2000-04-03;63;enter_or_hold;left_top_n;5;87,90976201538383;2,174493322222938;41,875;46,1875;91,05690786808555;100,43441032017195;0,21853657888340527;0,24104258476841264;74,734375;-38,19778381768765;10,298507462686569;9,818507462686568
TRMB;2000-01-28;2000-01-31;2000-04-03;63;enter_or_hold;left_top_n;13;53,8034585647309;105,26314732770948;3,166666984558105;3,84375;333,3333333333333;404,6052225408833;0,7999999999999999;0,9710525340981198;5,0416669845581055;-23,76033538564033;21,381566762264992;20,90156676226499
VRSN;2000-01-28;2000-01-31;2000-04-03;63;enter_or_hold;left_top_n;1;158,38478823240618;0,6576779079088046;161,375;116,625;106,13277238878334;76,70168600986435;0,25471865373308;0,1840840464236744;253,0;-53,90316205533596;-27,73044151820294;-28,21044151820294
REGN;2000-01-28;2000-01-31;2000-04-05;65;enter_or_hold;stop_loss;2;137,3329473633425;22,36929867323586;25,90481164302805;21,5625;579,4724687168123;482,33800264164825;1,3907339249203492;1,1576112063399557;56,5;-61,83628318584071;-16,762567907714278;-17,242567907714278
CSCO;2000-03-31;2000-04-03;2000-04-13;10;enter_or_hold;stop_loss;9;82,28551186680835;8,740702823475194;72,9375;61,125;637,525012187222;534,2754600849213;1,5300600292493327;1,282261104203811;74,9375;-18,43202668890742;-16,19537275064268;-16,67537275064268
RMD;2000-03-31;2000-04-03;2000-04-13;10;enter_or_hold;stop_loss;12;81,0266996818404;69,15525555929189;9,21875;7,28125;637,525012187222;503,5367045410941;1,5300600292493327;1,2084880908986257;9,21875;-21,016949152542374;-21,016949152542374;-21,496949152542374
CTSH;2000-01-28;2000-01-31;2000-04-14;74;enter_or_hold;stop_loss;3;126,68077185367702;283,34444986098754;2,0767061652624283;1,453125;588,4231659192038;411,73490370424753;1,4122155982060893;0,988163768890194;2,9114580154418945;-50,08943998873197;-30,027414359008652;-30,507414359008653
GLW;2000-01-28;2000-01-31;2000-04-14;74;enter_or_hold;stop_loss;6;96,05479862214868;10,570362896368449;58,03945669227277;48,0;613,4981195453836;507,3774190256855;1,4723954869089206;1,2177058056616452;73,3125;-34,526854219948845;-17,29764071621539;-17,77764071621539
AAPL;2000-01-28;2000-01-31;2000-05-01;91;enter_or_hold;left_top_n;14;73,70778617136486;535,6047904284268;1,012957744345653;1,1099330186843872;542,5450203731054;594,4854418620423;1,302108048895453;1,4267650604689015;1,2873879671096802;-13,78410805125807;9,573476769396528;9,093476769396528
GEN;2000-01-28;2000-01-31;2000-05-01;91;enter_or_hold;left_top_n;13;79,13561268281994;82,67801065217743;7,385877933421677;7,726562976837158;610,6496944551196;638,8168561036623;1,465559266692287;1,5331604546487894;10,101563453674316;-23,51121673124057;4,612654669986549;4,1326546699865485
ADBE;2000-03-31;2000-04-03;2000-05-01;28;enter_or_hold;rebalance_trim;7;88,91155105524675;3,574564308600017;26,390625;32,671875;94,33498620664734;116,78771827004118;0,2264039668959536;0,2802905238480988;31,25;4,55000000000001;23,801065719360558;23,321065719360558
AMAT;2000-01-28;2000-01-31;2000-05-01;91;enter_or_hold;rebalance_trim;8;86,25132861070371;0,8283627669925278;41,98321672266603;49,96875;34,7773335716346;41,39225201315787;0,08346560057192302;0,09934140483157888;57,4375;-13,003264417845484;19,020775206638028;18,540775206638028
AMD;2000-01-28;2000-01-31;2000-05-01;91;enter_or_hold;rebalance_trim;4;125,02979737783076;5,726708909838193;25,34634206582327;44,1875;145,15112294015665;253,04894995347513;0,348362695056376;0,6073174798883403;43,75;1,0000000000000009;74,3348207218506;73,8548207218506
APH;2000-03-31;2000-04-03;2000-05-01;28;enter_or_hold;rebalance_trim;10;81,94492630524582;45,45252103318132;1,573241949081421;1,8691409826278689;71,50781278090646;84,9571698268744;0,17161875067417548;0,20389720758449856;1,9921879768371584;-6,176475093712874;18,808234405344738;18,328234405344737
COHR;2000-01-28;2000-01-31;2000-05-01;91;enter_or_hold;rebalance_trim;5;110,24770679459594;43,24363407173194;3,6110829238472095;5,484375;156,15634856152857;237,16430561215486;0,37477523654766853;0,5691943334691716;8,9375;-38,63636363636363;51,87618550052584;51,396185500525846
NVDA;2000-02-25;2000-02-28;2000-05-01;63;enter_or_hold;rebalance_trim;1;143,35379187994045;420,9588770755504;0,1506400189947604;0,1916670054197311;63,413253238673924;80,68392737392344;0,15219180777281743;0,19364142569741624;0,3109380006790161;-38,35844927246749;27,235117665776265;26,755117665776265
PWR;2000-03-31;2000-04-03;2000-05-01;28;enter_or_hold;rebalance_trim;11;81,46923043466434;1,6620807046733306;42,0;49,75;69,80738959627989;82,6885150574982;0,1675377350310717;0,19845243613799565;46,4375;7,133243606998652;18,452380952380953;17,972380952380952
TER;2000-01-28;2000-01-31;2000-05-01;91;enter_or_hold;rebalance_trim;15;73,56704912610985;2,448816120497219;72,04818426150821;109,3125;176,43275507213534;267,6862121718523;0,4234386121731248;0,6424469092124454;110,0;-0,6249999999999978;51,721380795990825;51,24138079599083
RMD;2000-04-28;2000-05-01;2000-05-03;2;enter_or_hold;stop_loss;14;60,51750247491008;70,65494874869358;9,515625;6,96875;672,3259966867874;492,3766740924584;1,6135823920482897;1,1817040178219;9,515625;-26,76518883415435;-26,76518883415435;-27,24518883415435
REGN;2000-04-28;2000-05-01;2000-05-17;16;enter_or_hold;stop_loss;4;106,38325589474138;22,457653334005425;29,9375;25,125;672,3259966867874;564,2485400168863;1,6135823920482897;1,354196496040527;30,25;-16,94214876033058;-16,07515657620042;-16,55515657620042
GLW;2000-04-28;2000-05-01;2000-05-23;22;enter_or_hold;stop_loss;10;83,55470425463061;10,11016536371109;66,5;54,66666793823242;672,3259966867874;552,689052738613;1,6135823920482897;1,326453726572671;66,5;-17,794484303409895;-17,794484303409895;-18,274484303409896
AMAT;2000-01-28;2000-01-31;2000-05-30;120;enter_or_hold;left_top_n;8;86,25132861070371;13,457912015914408;41,98321672266603;42,46875;565,006436798706;571,540700925865;1,356015448316894;1,371697682222076;57,4375;-26,06093579978237;1,1564937497317684;0,6764937497317685
TER;2000-01-28;2000-01-31;2000-05-30;120;enter_or_hold;left_top_n;15;73,56704912610985;6,151858580173568;72,04818426150821;84,5625;443,2302405350855;520,2165411859273;1,0637525772842051;1,2485196988462255;110,0;-23,124999999999996;17,369370049728737;16,889370049728736
ADBE;2000-03-31;2000-04-03;2000-05-30;57;enter_or_hold;rebalance_trim;7;88,91155105524675;15,016406636248389;26,390625;29,140625;396,2923563847426;437,5874746344257;0,9511016553233822;1,0502099391226216;32,671875;-10,808225729316112;10,420367081113092;9,940367081113092
AMD;2000-01-28;2000-01-31;2000-05-30;120;enter_or_hold;rebalance_trim;4;125,02979737783076;11,44646332081778;25,34634206582327;43,0;290,12597477334674;492,1979227951646;0,6963023394560323;1,1812750147083948;46,0;-6,521739130434778;69,64972652989138;69,16972652989138
COHR;2000-01-28;2000-01-31;2000-05-30;120;enter_or_hold;rebalance_trim;5;110,24770679459594;88,9116078561237;3,6110829238472095;4,8125;321,0671888610477;427,88711280759526;0,7705612532665144;1,0269290707382286;8,9375;-46,15384615384615;33,270271037498446;32,79027103749845
DGX;2000-04-28;2000-05-01;2000-05-30;29;enter_or_hold;rebalance_trim;8;89,58333333333333;36,06136752929197;14,765625;17,125;532,4686299247018;617,550918939125;1,277924711819284;1,4821222054539;17,71875;-3,3509700176366897;15,978835978835981;15,49883597883598
JKHY;2000-04-28;2000-05-01;2000-05-30;29;enter_or_hold;rebalance_trim;12;63,22638323234331;25,53131810218643;20,0;20,0625;510,6263620437286;512,2220694251153;1,2255032689049485;1,2293329666202766;20,0;0,31250000000000444;0,31250000000000444;-0,16749999999999554
NVDA;2000-02-25;2000-02-28;2000-05-30;92;enter_or_hold;rebalance_trim;1;143,35379187994045;2799,9498361582027;0,1506400189947604;0,2289060056209564;421,7844965032479;640,9253329340255;1,012282791607795;1,538220799041661;0,3109380006790161;-26,38210668330052;51,95564043902454;51,475640439024545
PWR;2000-03-31;2000-04-03;2000-05-30;57;enter_or_hold;rebalance_trim;11;81,46923043466434;10,10224528371648;42,0;47,5;424,29430191609214;479,85665097653276;1,0183063245986212;1,1516559623436786;55,625;-14,60674157303371;13,095238095238093;12,615238095238093
TECH;2000-01-28;2000-01-31;2000-05-30;120;enter_or_hold;rebalance_trim;15;56,72024756540146;55,23347144896752;8,981684228084058;9,5625;496,0895993755228;528,170070730752;1,1906150385012546;1,2676081697538046;11,125;-14,04494382022472;6,466668802492959;5,986668802492959
TRMB;2000-04-28;2000-05-01;2000-05-30;29;enter_or_hold;rebalance_trim;13;61,75095243966404;109,64797413808284;5,125;7,53125;561,9458674576746;825,7863052274364;1,348670081898419;1,9818871325458471;6,6875;12,616822429906538;46,95121951219512;46,47121951219512
CTSH;2000-05-26;2000-05-30;2000-06-22;23;enter_or_hold;stop_loss;7;60,39649789377226;74,61117979526783;2,171875;1,734375;162,04615611784732;129,40376495741765;0,3889107746828335;0,3105690358978023;2,397135019302368;-27,64800538833434;-20,143884892086326;-20,623884892086327
APA;2000-05-26;2000-05-30;2000-07-03;34;enter_or_hold;left_top_n;14;36,30769260558231;6,52776651631041;24,82413482666016;25,8387451171875;162,04615611784732;168,66929519945566;0,3889107746828335;0,40480630847869353;26,33928680419922;-1,9003615805266216;4,087192958030861;3,607192958030861
DVN;2000-05-26;2000-05-30;2000-07-03;34;enter_or_hold;left_top_n;13;38,45095282256858;5,723484542793725;28,3125;27,8125;162,04615611784732;159,18441384645047;0,3889107746828335;0,3820425932314811;30,0625;-7,484407484407485;-1,7660044150110354;-2,2460044150110354
MGM;2000-05-26;2000-05-30;2000-07-03;34;enter_or_hold;left_top_n;15;36,25347196617752;9,584985204752522;16,90625;16,5;162,04615611784732;158,1522558784166;0,3889107746828335;0,37956541410819983;17,15625;-3,825136612021862;-2,402957486136781;-2,882957486136781
STT;2000-05-26;2000-05-30;2000-07-03;34;enter_or_hold;left_top_n;10;43,24694301315082;2,9230422749555323;55,4375;52,5625;162,04615611784732;153,64240957735015;0,3889107746828335;0,3687417829856403;55,75;-5,7174887892376685;-5,186020293122883;-5,666020293122884
APH;2000-03-31;2000-04-03;2000-07-03;91;enter_or_hold;rebalance_trim;10;81,94492630524582;39,57370284542795;1,573241949081421;2,117187976837158;62,259009396910045;83,7849678632665;0,14942162255258407;0,2010839228718396;2,065429925918579;2,5059214195107593;34,574848965433105;34,09484896543311
PWR;2000-03-31;2000-04-03;2000-07-19;107;enter_or_hold;stop_loss;8;86,73232177218628;12,554094423708714;50,73587833272963;42,9375;636,9430072588848;539,0414293179929;1,5286632174213233;1,2936994303631828;62,0625;-30,815709969788518;-15,370539722575193;-15,850539722575194
REGN;2000-06-30;2000-07-03;2000-07-28;25;enter_or_hold;stop_loss;12;74,32005060088554;23,27626090576036;29,125;24,625;677,9210988802705;573,1779248043489;1,6270106373126492;1,3756270195304372;31,375;-21,513944223107572;-15,450643776824036;-15,930643776824036
ADBE;2000-03-31;2000-04-03;2000-07-31;119;enter_or_hold;left_top_n;14;64,45937856084328;21,205743073478647;30,504551433113686;28,625;646,8716802623237;607,0143954783263;1,5524920326295768;1,4568345491479828;35,125;-18,50533807829181;-6,161544244421746;-6,6415442444217465
BIIB;2000-06-30;2000-07-03;2000-07-31;28;enter_or_hold;left_top_n;15;43,23934074026288;17,090447323075033;39,66666793823242;40,9375;677,9210988802705;699,6401872883841;1,6270106373126492;1,6791364494921217;44,375;-7,746478873239438;3,2037782042758867;2,7237782042758867
AMD;2000-01-28;2000-01-31;2000-07-31;182;enter_or_hold;rebalance_trim;9;82,29571432623311;5,24994023225425;38,192093510320404;36,0;200,50620827384756;188,997848361153;0,48121489985723404;0,45359483606676715;47,5;-24,210526315789473;-5,739652658024752;-6,219652658024753
APH;2000-03-31;2000-04-03;2000-07-31;119;enter_or_hold;rebalance_trim;10;81,94492630524582;81,99079801147776;1,573241949081421;1,6386719942092896;128,99136287031834;134,35602448427932;0,30957927088876397;0,32245445876227036;2,1875;-25,089280264718195;4,158930873033984;3,6789308730339836
COHR;2000-01-28;2000-01-31;2000-07-31;182;enter_or_hold;rebalance_trim;7;88,74507164881449;37,67672780964257;5,264520154260237;5,132812976837158;198,3498929004404;193,38759742609483;0,476039742961057;0,4641302338226275;8,9375;-42,56992473468914;-2,5017888347620088;-2,9817888347620087
DGX;2000-04-28;2000-05-01;2000-07-31;91;enter_or_hold;rebalance_trim;5;97,71108850457784;21,113486824247225;17,556269015461666;25,234375;370,6740545408897;532,7856440806136;0,8896177308981352;1,2786855457934725;26,75;-5,665887850467288;43,73426938136051;43,254269381360515
GLW;2000-05-26;2000-05-30;2000-07-31;62;enter_or_hold;rebalance_trim;6;97,10066962056024;2,4528322866012116;80,74187871222044;78,33333587646484;198,04628698617333;192,13853535496997;0,475311088766816;0,46113248485192787;94,41666412353516;-17,034416960576813;-2,983015597568772;-3,463015597568772
JKHY;2000-04-28;2000-05-01;2000-07-31;91;enter_or_hold;rebalance_trim;11;75,098142122389;10,379183145786236;23,123712470586298;22,4375;240,00524674271628;232,88292183357868;0,576012592182519;0,5589190124005888;27,0;-16,898148148148152;-2,9675705034785005;-3,4475705034785005
NVDA;2000-02-25;2000-02-28;2000-07-31;154;enter_or_hold;rebalance_trim;2;122,1854964497962;1100,358441738096;0,22698862644809362;0,25;249,768851290695;275,089610434524;0,599445243097668;0,6602150650428575;0,360285997390747;-30,610681011601095;10,137676901255887;9,657676901255886
SBAC;2000-06-30;2000-07-03;2000-07-31;28;enter_or_hold;rebalance_trim;4;101,85920493296584;4,840482478962644;50,25;45,125;243,23424456787285;218,42677186318932;0,5837621869628948;0,5242242524716543;55,625;-18,876404494382026;-10,199004975124382;-10,679004975124382
TECH;2000-01-28;2000-01-31;2000-07-31;182;enter_or_hold;rebalance_trim;1;127,74840846442834;5,377049922818144;14,09399149819181;12,484375;75,78409589755186;67,12910763018277;0,18188183015412446;0,16110985831243865;18,5;-32,516891891891895;-11,420586555613543;-11,900586555613543
TRMB;2000-04-28;2000-05-01;2000-07-31;91;enter_or_hold;rebalance_trim;3;119,84518949428777;29,713494560557308;7,323609779650696;7,2083330154418945;217,61003935129526;214,18476384501838;0,5222640944431085;0,514043433228044;10,46875;-31,14428164354012;-1,5740429607419615;-2,0540429607419615
WAT;2000-06-30;2000-07-03;2000-07-31;28;enter_or_hold;rebalance_trim;13;70,72050419270417;3,878431634857578;64,8125;59,3125;251,37085033420678;230,0394763424901;0,6032900408020963;0,5520947432219762;73,46875;-19,268396427052316;-8,486017357762776;-8,966017357762777
AMD;2000-01-28;2000-01-31;2000-08-02;184;enter_or_hold;stop_loss;9;82,29571432623311;10,843142233746239;38,192093510320404;31,25;414,12230213694085;338,84819480456997;0,9938935251286578;0,8132356675309679;47,5;-34,210526315789465;-18,17678182120205;-18,65678182120205
TRMB;2000-04-28;2000-05-01;2000-08-03;94;enter_or_hold;stop_loss;3;119,84518949428777;54,15303643417127;7,323609779650696;6,21875;396,5957072270772;336,76419532500256;0,9518296973449851;0,808234068780006;10,46875;-40,59701492537313;-15,08627320260355;-15,56627320260355
COHR;2000-01-28;2000-01-31;2000-08-07;189;enter_or_hold;stop_loss;7;88,74507164881449;76,05052476612937;5,264520154260237;4,367187976837158;400,3695203733553;332,12693739079674;0,9608868488960527;0,7971046497379121;8,9375;-51,13635830112271;-17,044899651432154;-17,524899651432154
TECH;2000-01-28;2000-01-31;2000-08-09;191;enter_or_hold;stop_loss;1;127,74840846442834;31,267333800439715;14,09399149819181;10,765625;440,68153675452277;336,6123904453588;1,0576356882108546;0,8078697370688611;18,5;-41,807432432432435;-23,61549954545399;-24,09549954545399
LLY;2000-07-28;2000-07-31;2000-08-09;9;enter_or_hold;stop_loss;14;41,3555322931725;3,7560025699228126;103,875;76,875;390,15476695073215;288,7426975628162;0,936371440681757;0,6929824741507589;108,546875;-29,178062473009938;-25,992779783393505;-26,472779783393506
PWR;2000-07-28;2000-07-31;2000-08-09;9;enter_or_hold;stop_loss;13;42,91022359584496;8,527973048103435;45,75;36,8125;390,15476695073215;313,9360078333077;0,936371440681757;0,7534464187999385;46,0;-19,97282608695652;-19,535519125683066;-20,015519125683067
JKHY;2000-04-28;2000-05-01;2000-08-28;119;enter_or_hold;left_top_n;11;75,098142122389;17,397353556094245;23,123712470586298;22,125;402,29140138025537;384,9164474285852;0,9654993633126125;0,9237994738286043;27,0;-18,055555555555557;-4,318997098137578;-4,798997098137578
COHR;2000-08-25;2000-08-28;2000-09-08;11;enter_or_hold;stop_loss;6;69,75467419419614;89,1214393005841;7,125;5,96875;634,9902550166618;531,9435908253613;1,523976612039988;1,276664617980867;7,125;-16,228070175438592;-16,228070175438592;-16,708070175438593
TRMB;2000-08-25;2000-08-28;2000-09-08;11;enter_or_hold;stop_loss;9;52,45394717151655;92,36221891151443;6,875;5,84375;634,9902550166618;539,7417167641624;1,523976612039988;1,2953801202339899;6,927083015441895;-15,639093872946564;-15,000000000000002;-15,480000000000002
SBAC;2000-06-30;2000-07-03;2000-09-15;74;enter_or_hold;stop_loss;12;45,12933194556879;14,229473501773931;48,04459076862075;40,625;683,6492312456614;578,072361009566;1,6407581549895873;1,3873736664229581;55,625;-26,96629213483146;-15,443134492190724;-15,923134492190725
APH;2000-03-31;2000-04-03;2000-10-02;182;enter_or_hold;left_top_n;14;42,6121976177011;332,4284776566247;1,6687286203407772;1,7714840173721311;554,7329148819241;588,8917350880592;1,3313589957166179;1,4133401642113421;2,1875;-19,017873491559723;6,15770567957119;5,67770567957119
CHRW;2000-07-28;2000-07-31;2000-10-02;63;enter_or_hold;left_top_n;13;44,13039440066591;43,050186780790625;15,427321906365439;13,390625;664,149089596415;576,4689073615244;1,593957815031396;1,3835253776676586;15,94140625;-16,00098015192355;-13,201882470119985;-13,681882470119985
REGN;2000-08-25;2000-08-28;2000-10-02;35;enter_or_hold;left_top_n;7;62,789043045179646;19,96040094354929;31,8125;29,5625;634,9902550166618;590,0793528936758;1,523976612039988;1,4161904469448219;36,0;-17,881944444444443;-7,072691552062871;-7,552691552062871
AES;2000-08-25;2000-08-28;2000-10-02;35;enter_or_hold;rebalance_trim;11;45,29020634690404;5,1816462122788;58,9375;70,625;305,39327363618173;365,95376374219023;0,732943856726836;0,8782890329812565;69,140625;2,1468926553672274;19,83032873806998;19,35032873806998
BIIB;2000-08-25;2000-08-28;2000-10-02;35;enter_or_hold;rebalance_trim;10;49,10825198329691;6,084323948249787;46,58333206176758;52,33333206176758;283,4280828526846;318,41294555512087;0,6802273988464429;0,76419106933229;58,52083206176758;-10,57315793710728;12,343470819939917;11,863470819939916
CAH;2000-08-25;2000-08-28;2000-10-02;35;enter_or_hold;rebalance_trim;15;42,1394441913761;5,48953305963668;52,91666793823242;60,66666793823242;290,48779805274324;333,0316792649275;0,6971707153265837;0,7992760302358259;63,375;-4,27350226708888;14,645668939409173;14,165668939409173
DGX;2000-04-28;2000-05-01;2000-10-02;154;enter_or_hold;rebalance_trim;1;138,93735754146036;6,920894785507294;20,812908168185533;29,65625;144,04394761243742;205,2477859827007;0,34570547426984977;0,49259468635848164;32,578125;-8,96882494004796;42,489698029477395;42,0096980294774
GILD;2000-08-25;2000-08-28;2000-10-02;35;enter_or_hold;rebalance_trim;8;57,77520726983638;86,22915140673267;3,058593988418579;3,253906011581421;263,739964119068;280,581554135932;0,6329759138857631;0,6733957299262366;3,63037109375;-10,369878793291864;6,3856799530239705;5,90567995302397
GLW;2000-05-26;2000-05-30;2000-10-02;125;enter_or_hold;rebalance_trim;4;82,44353434223257;2,0955557573732935;85,01712724591673;98,25;178,15813047551876;205,8883531619261;0,4275795131412449;0,49413204758862256;113,33333587646484;-13,30882547470933;15,564949302281716;15,084949302281716
IVZ;2000-07-28;2000-07-31;2000-10-02;63;enter_or_hold;rebalance_trim;5;71,77694889288213;6,385655626044328;36,727825211896665;45,22499847412109;234,53124369672068;288,79126594411747;0,5628749848721295;0,6930990382658818;45,25;-0,055251990892624114;23,135519767917167;22,655519767917166
NVDA;2000-02-25;2000-02-28;2000-10-02;217;enter_or_hold;rebalance_trim;2;101,62526111228772;768,0186592023584;0,2466731934769208;0,3330729901790619;189,44961531530865;255,8062713338434;0,45467907675674074;0,613935051201224;0,360285997390747;-7,553168152180878;35,026017819088565;34,54601781908857
WAT;2000-06-30;2000-07-03;2000-10-02;91;enter_or_hold;rebalance_trim;3;84,53338234618388;3,1191805806809487;67,31189210130543;88,5;209,9579466912832;276,04748139026395;0,5038990720590797;0,6625139553366335;90,375;-2,0746887966805017;31,477510492211593;30,997510492211592
ADBE;2000-09-29;2000-10-02;2000-10-12;10;enter_or_hold;stop_loss;11;55,52759432400378;9,687233507017023;40,75;32,703125;394,7547654109437;316,8028082841661;0,9474114369862648;0,7603267398819985;40,859375;-19,961759082217977;-19,746932515337424;-20,226932515337424
GLW;2000-05-26;2000-05-30;2000-10-26;149;enter_or_hold;stop_loss;4;82,44353434223257;4,019920064111803;85,01712724591673;70,0;341,7620556090069;281,3944044878262;0,8202289334616164;0,6753465707707828;113,33333587646484;-38,2352955036097;-17,663649352063914;-18,143649352063914
GILD;2000-08-25;2000-08-28;2000-10-27;60;enter_or_hold;stop_loss;8;57,77520726983638;121,37939599153718;3,058593988418579;2,574218988418579;371,25029089759374;312,457145964193;0,8910006981542249;0,7498971503140631;3,63037109375;-29,09212524167788;-15,836524946890451;-16,31652494689045
NVDA;2000-02-25;2000-02-28;2000-10-30;245;enter_or_hold;left_top_n;2;101,62526111228772;1185,7975817452307;0,2466731934769208;0,2372400015592575;292,5044763063062;281,3186201422023;0,7020107431351346;0,6751646883412854;0,360285997390747;-34,152311419985715;-3,824165806061075;-4,304165806061075
WAT;2000-06-30;2000-07-03;2000-10-30;119;enter_or_hold;left_top_n;3;84,53338234618388;4,462792613547848;67,31189210130543;66,125;300,3990148736356;295,1021615708515;0,7209576356967256;0,7082451877700435;90,375;-26,83264177040111;-1,7632725277119565;-2,2432725277119565
AES;2000-08-25;2000-08-28;2000-10-30;63;enter_or_hold;left_top_n;11;45,29020634690404;5,592313575914826;58,9375;55,875;329,59698138048003;312,4705210542409;0,791032755313152;0,7499292505301781;70,625;-20,884955752212385;-5,1961823966065745;-5,676182396606574
TECH;2000-09-29;2000-10-02;2000-10-30;28;enter_or_hold;left_top_n;15;47,96982528180836;27,70208880076798;14,25;12,34375;394,7547654109437;341,94765863447975;0,9474114369862648;0,8206743807227513;15,664063453674316;-21,197012279055027;-13,377192982456144;-13,857192982456144
BIIB;2000-08-25;2000-08-28;2000-10-30;63;enter_or_hold;rebalance_trim;10;49,10825198329691;5,114401320851981;46,58333206176758;61,58333206176758;238,24585502639056;314,96187483917026;0,5717900520633373;0,7559084996140085;66,91666412353516;-7,970110482378034;32,200358660712844;31,720358660712844
CAH;2000-08-25;2000-08-28;2000-10-30;63;enter_or_hold;rebalance_trim;15;42,1394441913761;4,15115528733542;52,91666793823242;63,5;219,66530589996617;263,59836074579914;0,5271967341599187;0,6326360657899179;63,375;0,19723865877712132;19,999997116449375;19,519997116449375
IVZ;2000-07-28;2000-07-31;2000-10-30;91;enter_or_hold;rebalance_trim;5;71,77694889288213;5,396755234934557;36,727825211896665;44,900001525878906;198,21108298006476;242,31431828335658;0,4757065991521554;0,5815543638800558;45,25;-0,7734772908753462;22,25064039821001;21,77064039821001
LEN;2000-09-29;2000-10-02;2000-10-30;28;enter_or_hold;rebalance_trim;12;51,450914233120734;17,463699818673348;14,367323875427246;14,962244033813477;250,90663135812008;261,2961384202548;0,6021759152594881;0,6271107322086115;14,962244033813477;0,0;4,140786158539478;3,660786158539478
PPL;2000-09-29;2000-10-02;2000-10-30;28;enter_or_hold;rebalance_trim;5;67,08057903456839;11,738833247364864;20,37437438964844;19,61761283874512;239,17138347946434;230,28788582539303;0,5740113203507143;0,5526909259809433;20,37437438964844;-3,7142811672676745;-3,7142811672676745;-4,1942811672676745
WRB;2000-09-29;2000-10-02;2000-10-30;28;enter_or_hold;rebalance_trim;8;61,10927873042804;126,20628263156266;2,011888027191162;2,139918088912964;253,91290898274482;270,07110713774296;0,6093909815585875;0,6481706571305831;2,0155460834503174;6,170635664640334;6,36367730169094;5,883677301690939
DGX;2000-04-28;2000-05-01;2000-11-27;210;enter_or_hold;market_filter_failed;1;138,93735754146036;13,317838442115391;20,812908168185533;27,5625;277,18294849447875;367,07292206080547;0,6652390763867488;0,8809750129459331;34,1875;-19,378427787934182;32,42983526027299;31,949835260272987
IVZ;2000-07-28;2000-07-31;2000-11-27;119;enter_or_hold;market_filter_failed;5;71,77694889288213;3,3364047346559174;36,727825211896665;38,75;122,538889930587;129,2856834679168;0,2940933358334088;0,3102856403230003;50,59999847412109;-23,418970022660503;5,505838628986726;5,025838628986726
BIIB;2000-08-25;2000-08-28;2000-11-27;91;enter_or_hold;market_filter_failed;10;49,10825198329691;2,43255070262758;46,58333206176758;64,85416412353516;113,3163171375866;157,76104250702986;0,2719591611302078;0,37862650201687165;73,41666412353516;-11,662883491399501;39,22182302790451;38,741823027904516
CAH;2000-08-25;2000-08-28;2000-11-27;91;enter_or_hold;market_filter_failed;15;42,1394441913761;2,3591272075118166;52,91666793823242;67,41666412353516;124,83715106395235;159,04448657351756;0,2996091625534856;0,38170676777644214;67,125;0,4345089363652299;27,401566935824494;26,921566935824494
BRO;2000-09-29;2000-10-02;2000-11-27;56;enter_or_hold;market_filter_failed;14;49,38903054607764;100,85549664045868;3,914062976837158;3,976562976837158;394,7547654109437;401,0582339509724;0,9474114369862648;0,9625397614823337;4,304687976837158;-7,622503692848093;1,5968061926919797;1,1168061926919797
LEN;2000-09-29;2000-10-02;2000-11-27;56;enter_or_hold;market_filter_failed;12;51,450914233120734;10,012173129809533;14,367323875427246;16,092592239379883;143,84813405282364;161,12181960810068;0,34523552172677674;0,3866923670594416;16,509037017822266;-2,5225261654741704;12,00827919598444;11,528279195984439
PPL;2000-09-29;2000-10-02;2000-11-27;56;enter_or_hold;market_filter_failed;5;67,08057903456839;7,636228674119499;20,37437438964844;18,62800025939941;155,58338193147938;142,24766972233124;0,3734001166355505;0,34139440733359494;20,37437438964844;-8,571424559353868;-8,571424559353868;-9,051424559353869
WRB;2000-09-29;2000-10-02;2000-11-27;56;enter_or_hold;market_filter_failed;8;61,10927873042804;70,00481862046323;2,011888027191162;2,1362600326538086;140,8418564281989;149,54849611207473;0,33802045542767734;0,35891639066897935;2,2459990978240967;-4,885979931007201;6,181855241530743;5,701855241530742
ADBE;2000-10-27;2000-10-30;2000-11-27;28;enter_or_hold;market_filter_failed;14;40,8793074180954;4,301728882644804;34,8125;34,40625;149,75393672707224;148,00635936849778;0,35940944814497333;0,35521526248439467;41,625;-17,34234234234234;-1,1669658886894085;-1,6469658886894085
ALL;2000-10-27;2000-10-30;2000-11-27;28;enter_or_hold;market_filter_failed;12;42,68876611418049;3,743848418176806;40,0;37,25;149,75393672707224;139,45835357708603;0,35940944814497333;0,33470004858500646;40,25;-7,453416149068326;-6,874999999999998;-7,354999999999999
BLK;2000-10-27;2000-10-30;2000-11-27;28;enter_or_hold;market_filter_failed;3;62,68718610330368;3,523622040636994;42,5;43,125;149,75393672707224;151,95620050247035;0,35940944814497333;0,3646948812059288;46,5625;-7,38255033557047;1,4705882352941124;0,9905882352941124
DVA;2000-10-27;2000-10-30;2000-11-27;28;enter_or_hold;market_filter_failed;1;97,33112329056864;40,383087523013934;3,7083330154418954;3,6458330154418954;149,75393672707224;147,22999375688389;0,35940944814497333;0,3533519850165213;4,0;-8,854174613952615;-1,6853934029048445;-2,1653934029048445
HIG;2000-10-27;2000-10-30;2000-11-27;28;enter_or_hold;market_filter_failed;15;40,85885660304343;1,926095649222794;77,75;69,8125;149,75393672707224;134,46555251136633;0,35940944814497333;0,32271732602727915;77,75;-10,209003215434088;-10,209003215434088;-10,689003215434088
HUM;2000-10-27;2000-10-30;2000-11-27;28;enter_or_hold;market_filter_failed;8;48,73577749683944;12,882059073296537;11,625;11,5625;149,75393672707224;148,9488080349912;0,35940944814497333;0,35747713928397884;14,5625;-20,600858369098717;-0,5376344086021501;-1,01763440860215
JKHY;2000-10-27;2000-10-30;2000-11-27;28;enter_or_hold;market_filter_failed;10;46,60822375286997;5,6510919519649905;26,5;27,21875;149,75393672707224;153,81565906754707;0,35940944814497333;0,36915758176211294;28,65625;-5,016357688113415;2,7122641509433887;2,2322641509433887
STE;2000-10-27;2000-10-30;2000-11-27;28;enter_or_hold;market_filter_failed;11;44,28283732378608;10,372567046030978;14,4375;15,25;149,75393672707224;158,18164745197242;0,35940944814497333;0,37963595388473376;16,75;-8,955223880597018;5,627705627705626;5,147705627705626
UNH;2000-10-27;2000-10-30;2000-11-27;28;enter_or_hold;market_filter_failed;6;52,330405514053545;10,327857705315328;14,5;14,40625;149,75393672707224;148,78570006719895;0,35940944814497333;0,35708568016127745;14,5;-0,6465517241379337;-0,6465517241379337;-1,1265517241379337
FFIV;2002-03-29;2002-04-01;2002-04-04;3;enter_or_hold;stop_loss;4;38,876613613474895;32,77683024221143;11,460000038146973;8,574999809265137;375,62247582607984;281,0613130752788;0,9014939419825915;0,6745471513806691;11,460000038146973;-25,174521983233145;-25,174521983233145;-25,654521983233145
GEN;2002-03-29;2002-04-01;2002-04-05;4;enter_or_hold;stop_loss;3;39,57242142197681;36,161009167099394;10,387499809265137;8,819999694824219;375,62247582607984;318,9400898183524;0,9014939419825915;0,7654562155640457;10,387499809265137;-15,090254086385501;-15,090254086385501;-15,570254086385502
NUE;2002-03-29;2002-04-01;2002-04-29;28;enter_or_hold;left_top_n;15;28,94668409420385;23,913574081127763;15,707500457763672;14,475000381469728;375,62247582607984;346,148993946629;0,9014939419825915;0,8307575854719095;16,252500534057617;-10,936779536558594;-7,846570366864203;-8,326570366864203
AOS;2002-03-29;2002-04-01;2002-04-29;28;enter_or_hold;rebalance_trim;7;35,0435782033671;55,04110239201431;4,393332958221436;4,97333288192749;241,8138891956772;273,7377243837426;0,5803533340696252;0,6569705385209822;4,994999885559082;-0,43377385641655275;13,201820331433666;12,721820331433666
AZO;2002-03-29;2002-04-01;2002-04-29;28;enter_or_hold;rebalance_trim;11;31,42882091084054;3,6271542708515354;66,44000244140625;74,75;240,9881386107331;271,1297817461523;0,5783715326657594;0,6507114761907654;78,75;-5,0793650793650835;12,507521452790993;12,027521452790992
FCX;2002-03-29;2002-04-01;2002-04-29;28;enter_or_hold;rebalance_trim;8;33,07771075724399;25,38754564613807;8,975000381469727;9,199999809265137;227,85323185866926;233,5654151021802;0,5468477564608061;0,5605569962452325;9,21500015258789;-0,16278180221778182;2,5069573062075357;2,0269573062075357
LII;2002-03-29;2002-04-01;2002-04-29;28;enter_or_hold;rebalance_trim;9;31,70610494582453;17,51954983354953;13,5;14,699999809265137;236,51392275291863;257,53737921158915;0,5676334146070047;0,6180897101078139;15,960000038146973;-7,894738257332278;8,888887476038043;8,408887476038043
NEM;2002-03-29;2002-04-01;2002-04-29;28;enter_or_hold;rebalance_trim;12;31,10198800591368;7,979848693084322;28,770000457763672;29,84000015258789;229,58025055292075;238,11868621926445;0,5509926013270098;0,5714848469262346;30,07999992370605;-0,797871581538856;3,7191507744153585;3,2391507744153585
PCG;2002-03-29;2002-04-01;2002-04-29;28;enter_or_hold;rebalance_trim;2;43,64000568033919;9,318917065679933;23,600000381469727;22,959999084472656;219,92644630493118;213,9623272962879;0,5278234711318347;0,5135095855110909;23,600000381469727;-2,7118698586953704;-2,7118698586953704;-3,1918698586953704
ROST;2002-03-29;2002-04-01;2002-04-29;28;enter_or_hold;rebalance_trim;10;31,50982238877569;52,91655401977135;4,506249904632568;4,976250171661377;238,45521650507877;263,3260110246157;0,572292519612189;0,6319824264590777;5,007500171661377;-0,6240638827503364;10,429964537599945;9,949964537599945
TSCO;2002-03-29;2002-04-01;2002-04-29;28;enter_or_hold;rebalance_trim;1;77,05959772847754;418,9919050336192;0,5874999761581421;0,687375009059906;246,1577342177058;288,0045645185113;0,5907785621224939;0,6912109548444271;0,6833750009536743;0,5853313481835709;17,00000629019256;16,52000629019256
ON;2002-04-26;2002-04-29;2002-05-03;4;enter_or_hold;stop_loss;4;48,32740353105211;36,83904882880084;4,110000133514404;3,3499999046325684;151,40849560491512;123,41081006323735;0,36338038945179624;0,29618594415176963;4,139999866485596;-19,082125297836072;-18,491489153115193;-18,971489153115193
WDC;2002-03-29;2002-04-01;2002-05-06;35;enter_or_hold;stop_loss;6;35,45744211615707;81,20074354613764;4,625850200653076;3,854875087738037;375,62247582607984;313,0187234018112;0,9014939419825915;0,7512449361643468;5,661375999450684;-31,909219806067092;-16,666668384682946;-17,146668384682947
AOS;2002-03-29;2002-04-01;2002-06-03;63;enter_or_hold;market_filter_failed;7;35,0435782033671;30,457192273579167;4,393332958221436;4,868332862854004;133,80858663040263;148,2757500557285;0,3211406079129663;0,3558618001337484;5,349999904632568;-9,0031224367217;10,811834867732472;10,331834867732471
AZO;2002-03-29;2002-04-01;2002-06-03;63;enter_or_hold;market_filter_failed;11;31,42882091084054;2,026404760205742;66,44000244140625;81,01000213623047;134,63433721534673;164,15905395313473;0,3231224093168321;0,3939817294875233;82,55999755859375;-1,877416991519687;21,92955924056983;21,44955924056983
DHI;2002-03-29;2002-04-01;2002-06-03;63;enter_or_hold;market_filter_failed;5;37,94753369859269;30,663059251108557;12,25;11,925000190734863;375,62247582607984;365,65698741798394;0,9014939419825915;0,8775767698031613;13,4350004196167;-11,239301687531444;-2,653059667470503;-3,133059667470503
FCX;2002-03-29;2002-04-01;2002-06-03;63;enter_or_hold;market_filter_failed;8;33,07771075724399;16,464539018015305;8,975000381469727;10,079999923706056;147,76924396741057;165,96255204544966;0,3546461855217854;0,39831012490907913;10,399999618530272;-3,076920255401294;12,311972092143542;11,831972092143541
LII;2002-03-29;2002-04-01;2002-06-03;63;enter_or_hold;market_filter_failed;9;31,70610494582453;10,304337264678608;13,5;16,020000457763672;139,1085530731612;165,07548769710257;0,3338605273755868;0,39618117047304613;17,420000076293945;-8,036737154986962;18,666670057508682;18,18667005750868
NEM;2002-03-29;2002-04-01;2002-06-03;63;enter_or_hold;market_filter_failed;12;31,10198800591368;5,076198225563432;28,770000457763672;31,71999931335449;146,0422252731591;161,01700422932333;0,3505013406555817;0,38644081015037596;32,0;-0,875002145767223;10,253732390173642;9,773732390173642
PCG;2002-03-29;2002-04-01;2002-06-03;63;enter_or_hold;market_filter_failed;2;43,64000568033919;6,597289279850955;23,600000381469727;21,06999969482422;155,69602952114866;139,0048831131267;0,3736704708507568;0,3336117194715041;23,68000030517578;-11,021961894912181;-10,72034171928241;-11,200341719282411
ROST;2002-03-29;2002-04-01;2002-06-03;63;enter_or_hold;market_filter_failed;10;31,50982238877569;30,439336970634663;4,506249904632568;5,167500019073486;137,16725932100107;157,2952743763389;0,3292014223704025;0,37750865850321336;5,364999771118164;-3,6812630097002863;14,674066650434359;14,194066650434358
STLD;2002-03-29;2002-04-01;2002-06-03;63;enter_or_hold;market_filter_failed;13;30,697890199911186;89,86184001241317;4,179999828338623;4,497499942779541;375,62247582607984;404,1536203138925;0,9014939419825915;0,9699686887533419;4,732500076293945;-4,965665710003209;7,595696829660192;7,115696829660193
STZ;2002-03-29;2002-04-01;2002-06-03;63;enter_or_hold;market_filter_failed;14;29,346616366344016;27,442737959896245;13,6875;14,414999961853027;375,62247582607984;395,587066645047;0,9014939419825915;0,9494089599481127;15,475000381469728;-6,849760216393797;5,315068214451335;4,835068214451335
TSCO;2002-03-29;2002-04-01;2002-06-03;63;enter_or_hold;market_filter_failed;1;77,05959772847754;220,36552657412358;0,5874999761581421;0,7052500247955322;129,46474160837403;155,41279308048118;0,31071537986009756;0,3729907033931548;0,7366250157356262;-4,259289362955121;20,04256228355903;19,56256228355903
AMZN;2002-04-26;2002-04-29;2002-06-03;35;enter_or_hold;market_filter_failed;7;39,31807961238541;187,15512082713795;0,8090000152587891;0,8980000019073486;151,40849560491512;168,06529885973995;0,36338038945179624;0,40335671726337585;0,996999979019165;-9,929787281360946;11,001234236082125;10,521234236082124
DGX;2002-04-26;2002-04-29;2002-06-03;35;enter_or_hold;market_filter_failed;13;33,133503843169024;3,3646332356647806;45,0;43,70000076293945;151,40849560491512;147,03447496556234;0,36338038945179624;0,3528827399173496;47,45500183105469;-7,9127614018085435;-2,8888871934678817;-3,3688871934678817
DLTR;2002-04-26;2002-04-29;2002-06-03;35;enter_or_hold;market_filter_failed;14;33,02839224145322;11,7736002835972;12,859999656677246;13,08666706085205;151,40849560491512;154,07718701898983;0,36338038945179624;0,36978524884557556;13,423333168029783;-2,50806638681641;1,7625770624116077;1,2825770624116077
HUM;2002-04-26;2002-04-29;2002-06-03;35;enter_or_hold;market_filter_failed;6;39,95664173982996;9,5465636117571;15,859999656677246;15,15999984741211;151,40849560491512;144,72590289754766;0,36338038945179624;0,34734216695411435;16,799999237060547;-9,7619015721776;-4,413618060643709;-4,893618060643709
MGM;2002-04-26;2002-04-29;2002-06-03;35;enter_or_hold;market_filter_failed;8;39,218621837785015;7,542141462053192;20,075000762939453;17,614999771118164;151,40849560491512;132,85482012780778;0,36338038945179624;0,31885156830673866;20,51000022888184;-14,115067895937827;-12,254051797411169;-12,734051797411169
TTWO;2002-04-26;2002-04-29;2002-06-03;35;enter_or_hold;market_filter_failed;10;34,30048721617951;9,840239808220945;15,386667251586914;16,733333587646484;151,40849560491512;164,66001529339954;0,36338038945179624;0,39518403670415886;17,360000610351562;-3,6098329531820683;8,752163896445353;8,272163896445353
AES;2003-05-30;2003-06-02;2003-06-23;21;enter_or_hold;stop_loss;5;127,54848657074808;74,38471838141676;8,100000381469727;6,480000019073486;602,5162472649939;482,0129765303565;1,4460389934359852;1,1568311436728556;8,369999885559082;-22,58064387487565;-20,000003532126932;-20,480003532126933
GRMN;2003-05-30;2003-06-02;2003-06-23;21;enter_or_hold;stop_loss;12;74,1333249554813;25,289243566456758;23,825000762939453;19,96500015258789;602,5162472649939;504,8997516631415;1,4460389934359852;1,2117594039915396;25,1299991607666;-20,553120496089782;-16,201471088118147;-16,681471088118148
SBAC;2003-05-30;2003-06-02;2003-06-23;21;enter_or_hold;stop_loss;1;176,01809605111876;185,38961454307506;3,25;2,6700000762939453;602,5162472649939;494,9902849741155;1,4460389934359852;1,1879766839378771;3,25;-17,846151498647835;-17,846151498647835;-18,326151498647835
TRMB;2003-05-30;2003-06-02;2003-06-25;23;enter_or_hold;stop_loss;13;72,83060281062038;135,90593310435932;4,433332920074463;3,741667032241821;602,5162472649939;508,5147493826436;1,4460389934359852;1,2204353985183445;4,483333110809326;-16,542738632990417;-15,601487646026468;-16,081487646026467
WDC;2003-05-30;2003-06-02;2003-06-25;23;enter_or_hold;stop_loss;9;85,33890916112728;63,1639431062425;9,53892707824707;8,080121040344238;602,5162472649939;510,37230568385644;1,4460389934359852;1,2248935336412554;9,69009780883789;-16,6146596273287;-15,293187859980062;-15,773187859980062
WMB;2003-05-30;2003-06-02;2003-07-17;45;enter_or_hold;stop_loss;7;96,61568375537011;91,92815752619113;6,554207801818848;5,527056217193604;602,5162472649939;508,09209459028773;1,4460389934359852;1,2194210270166905;7,149303913116455;-22,69098804076013;-15,671635927383932;-16,151635927383932
NVDA;2003-05-30;2003-06-02;2003-07-21;49;enter_or_hold;stop_loss;10;84,40293377264176;2924,836148386694;0,2060000002384185;0,1745000034570694;602,5162472649939;510,3839180048396;1,4460389934359852;1,224921403211615;0,2214169949293136;-21,189426533054633;-15,291260555772768;-15,771260555772768
VRSN;2003-05-30;2003-06-02;2003-07-25;53;enter_or_hold;stop_loss;11;77,18938546905652;40,73808308445088;14,789999961853027;12,460000038146973;602,5162472649939;507,59651678629245;1,4460389934359852;1,2182316402871018;15,84000015258789;-21,338384355310147;-15,75388728678625;-16,23388728678625
AKAM;2003-05-30;2003-06-02;2003-09-02;92;enter_or_hold;rebalance_trim;3;139,9394921778026;17,756387147258245;3,690000057220459;4,46999979019165;65,52106958941154;79,37104682280608;0,15725056701458767;0,19049051237473458;5,75;-22,26087321405825;21,138203817772737;20,658203817772737
ALGN;2003-05-30;2003-06-02;2003-09-02;92;enter_or_hold;rebalance_trim;2;157,04387056107518;1,3300671362737815;10,229999542236328;11,300000190734863;13,606586195224368;15,029758893583905;0,03265580686853848;0,03607142134460137;14,300000190734863;-20,979020699200657;10,459439847292785;9,979439847292785
AMT;2003-05-30;2003-06-02;2003-09-02;92;enter_or_hold;rebalance_trim;4;133,00660226783236;8,472576372947017;9,25;11,479999542236328;78,37133144975991;97,2651728829941;0,18809119547942374;0,2334364149191858;11,380000114440918;0,8787295851474974;24,108103159311646;23,628103159311646
AMZN;2003-05-30;2003-06-02;2003-09-02;92;enter_or_hold;rebalance_trim;14;70,12734783735735;65,52347146972889;1,7699999809265137;2,366499900817871;115,9765432516591;155,06128873435603;0,27834370380398177;0,3721470929624544;2,315999984741211;2,180479983133643;33,700560808995995;33,220560808996
AXON;2003-05-30;2003-06-02;2003-09-02;92;enter_or_hold;rebalance_trim;15;60,97550195004877;425,522939097609;0,8125;2,058332920074463;345,7373880168073;875,8678737914494;0,8297697312403374;2,1020828970994785;2,061666965484619;-0,16171600292254062;153,33328247070312;152,85328247070314
CCI;2003-05-30;2003-06-02;2003-09-02;92;enter_or_hold;rebalance_trim;6;111,02991258331522;12,258337055915165;8,350000381469727;10,859999656677246;102,35711909307611;133,12553621867266;0,24565708582338264;0,3195012869248144;10,75;1,0232526202534453;30,0598701860864;29,5798701860864
ON;2003-08-29;2003-09-02;2003-09-25;23;enter_or_hold;stop_loss;2;145,1333520362827;137,7823748909853;4,71999979019165;3,930000066757202;650,3327805775579;541,484742519538;1,5607986733861388;1,2995633820468913;5,460000038146973;-28,021977302202096;-16,737283020141213;-17,217283020141213
PWR;2003-08-29;2003-09-02;2003-09-26;24;enter_or_hold;stop_loss;4;116,24978604439993;67,74299528496415;9,600000381469728;7,949999809265137;650,3327805775579;538,556799594514;1,5607986733861388;1,2925363190268335;9,779999732971191;-18,711656172510914;-17,187505277494395;-17,667505277494396
AKAM;2003-05-30;2003-06-02;2003-09-29;119;enter_or_hold;rebalance_trim;3;139,9394921778026;4,150164008957286;3,690000057220459;4,489999771118164;15,314105430526672;18,634235450321054;0,03675385303326401;0,04472216508077052;5,75;-21,91304745881454;21,680208712525474;21,200208712525473
ALGN;2003-05-30;2003-06-02;2003-09-29;119;enter_or_hold;rebalance_trim;2;157,04387056107518;7,584045346667683;10,229999542236328;12,699999809265137;77,58478042470995;96,31737445613771;0,18620347301930384;0,2311616986947305;14,300000190734863;-11,188813707194111;24,14467622242782;23,66467622242782
AMZN;2003-05-30;2003-06-02;2003-09-29;119;enter_or_hold;rebalance_trim;14;70,12734783735735;20,255194979095773;1,7699999809265137;2,493000030517578;35,85169472666233;50,49620170102526;0,08604406734398959;0,1211908840824606;2,5220000743865967;-1,1498827523259258;40,84746086904516;40,36746086904516
AXON;2003-05-30;2003-06-02;2003-09-29;119;enter_or_hold;rebalance_trim;15;60,97550195004877;25,406348236272827;0,8125;2,18416690826416;20,642657941971674;55,491705077502615;0,049542379060732014;0,13318009218600627;2,500833034515381;-12,662425754967899;168,82054255558896;168,34054255558897
EQIX;2003-08-29;2003-09-02;2003-09-29;27;enter_or_hold;rebalance_trim;3;139,93430890237116;0,1423463239462276;19,200000762939453;18,81999969482422;2,7330495283691962;2,678957773227353;0,006559318868086071;0,006429498655745647;23,3700008392334;-19,469409418123206;-1,979172151121611;-2,459172151121611
GLW;2003-05-30;2003-06-02;2003-09-29;119;enter_or_hold;rebalance_trim;8;89,18031079325546;16,300377184872445;7,309999942779541;9,600000381469728;119,15575628870252;156,48362719287593;0,285973815092886;0,3755607052629022;10,0;-3,999996185302712;31,326955630856567;30,846955630856566
NFLX;2003-08-29;2003-09-02;2003-09-29;27;enter_or_hold;rebalance_trim;7;95,30292309121036;51,28921012188564;0,2403569966554641;0,2391429990530014;12,327720505727461;12,265455527607287;0,029586529213745903;0,029437093266257486;0,2795000076293945;-14,439000885432819;-0,5050810333609212;-0,9850810333609212
TSCO;2003-08-29;2003-09-02;2003-09-29;27;enter_or_hold;rebalance_trim;15;63,798220992734336;3,862895956815267;1,781499981880188;1,7575000524520874;6,88174907707145;6,789039846719788;0,016516197784971477;0,01629369563212749;1,8765000104904173;-6,341591120334156;-1,347175395577116;-1,827175395577116
PWR;2003-09-26;2003-09-29;2003-11-03;35;enter_or_hold;left_top_n;10;62,53194002821978;73,72027302984351;8,609999656677246;8,390000343322754;634,7315254771055;618,5131160302342;1,523355661145053;1,4844314784725618;9,100000381469728;-7,802197894329133;-2,5551605357368112;-3,035160535736811
AKAM;2003-05-30;2003-06-02;2003-11-03;154;enter_or_hold;rebalance_trim;3;139,9394921778026;51,94752503875924;3,690000057220459;9,3100004196167;191,68637036548282;483,6314799088975;0,4600472888771587;1,1607155517813539;8,0;16,37500524520874;152,30353049451116;151,82353049451117
ALGN;2003-05-30;2003-06-02;2003-11-03;154;enter_or_hold;rebalance_trim;2;157,04387056107518;0,8046047360282323;10,229999542236328;16,93000030517578;8,231106081249997;13,621958426503852;0,01975465459499999;0,03269270022360924;16,1299991607666;4,959709770816612;65,49365652732766;65,01365652732765
AMD;2003-08-29;2003-09-02;2003-11-03;62;enter_or_hold;rebalance_trim;13;67,93866941669042;6,008119487633798;11,15999984741211;15,93000030517578;67,05061256522691;95,70934527153895;0,16092147015654457;0,22970242865169346;15,199999809265137;4,802634901782521;42,74194017009583;42,26194017009583
AXON;2003-05-30;2003-06-02;2003-11-03;154;enter_or_hold;rebalance_trim;15;60,97550195004877;107,3069928544664;0,8125;4,5416669845581055;87,18693169425397;487,3526266593426;0,2092486360662095;1,169646303982422;5,5625;-18,35205421019136;458,97439809945917;458,49439809945915
NFLX;2003-08-29;2003-09-02;2003-11-03;62;enter_or_hold;rebalance_trim;7;95,30292309121036;660,182540724501;0,2403569966554641;0,4174999892711639;158,67949273291467;275,62620366948886;0,3808307825589952;0,6615028888067732;0,4218569993972778;-1,0328168389617587;73,69995260409357;73,21995260409356
AMT;2003-05-30;2003-06-02;2003-12-01;182;enter_or_hold;left_top_n;14;58,14011566060044;64,76852174729494;9,318819158037298;11,449999809265137;603,5661412964474;741,5995616529119;1,4485587391114734;1,7798389479669885;12,0;-4,583334922790527;22,869642763587027;22,389642763587027
SBAC;2003-08-29;2003-09-02;2003-12-01;90;enter_or_hold;left_top_n;4;98,44351526755273;203,5243745000148;3,316627739527172;3,4600000381469727;675,0145861366657;704,19434353389;1,6200350067279976;1,690066424481336;4,199999809265137;-17,619042969614796;4,3228336093046105;3,8428336093046105
WMB;2003-08-29;2003-09-02;2003-12-01;90;enter_or_hold;left_top_n;14;67,4665242458659;98,37352636488257;7,612812307207088;7,956352233886719;748,8991922139389;782,6944262485474;1,7973580613134532;1,8784666229965137;8,657423973083496;-8,097925449607823;4,512654625077239;4,032654625077239
AKAM;2003-05-30;2003-06-02;2003-12-01;182;enter_or_hold;rebalance_trim;3;139,9394921778026;21,574242412579974;3,690000057220459;13,600000381469728;79,60895573690814;293,409705041008;0,1910614937685795;0,7041832920984191;13,399999618530272;1,4925430495004166;268,5636902595093;268,0836902595093
AMD;2003-08-29;2003-09-02;2003-12-01;90;enter_or_hold;rebalance_trim;13;67,93866941669042;1,195645916431933;11,15999984741211;18,06999969482422;13,343408244939283;21,605321345042853;0,03202417978785428;0,05185277122810284;18,290000915527344;-1,202849697598185;61,917562203322674;61,43756220332268
AXON;2003-05-30;2003-06-02;2003-12-01;182;enter_or_hold;rebalance_trim;15;60,97550195004877;48,438249516955864;0,8125;6,841667175292969;39,356077732526636;331,3983817488074;0,09445458655806392;0,7953561161971378;6,537499904632568;4,652654303594916;742,0513446514424;741,5713446514424
EQIX;2003-08-29;2003-09-02;2003-12-01;90;enter_or_hold;rebalance_trim;6;88,32707197334655;10,467672624956595;19,11732905404028;27,38999938964844;200,11394200126483;286,70954680860086;0,4802734608030355;0,688102912340642;26,709999084472656;2,5458642024854594;43,273149257530854;42,79314925753086
FCX;2003-09-26;2003-09-29;2003-12-01;63;enter_or_hold;rebalance_trim;9;72,74932825699054;1,741685959803769;17,01372737022264;22,375;29,632570084645874;38,97022335060933;0,07111816820315009;0,09352853604146238;21,76499938964844;2,8026677117283905;31,5114525648309;31,0314525648309
ON;2003-09-26;2003-09-29;2003-12-01;63;enter_or_hold;rebalance_trim;11;71,43295958803728;53,33332281163783;4,035080512806537;6,75;215,2042515604601;359,9999289785553;0,5164902037451042;0,8639998295485327;6,570000171661377;2,73972334300725;67,28290745567168;66,80290745567167
AMZN;2003-05-30;2003-06-02;2003-12-29;210;enter_or_hold;left_top_n;15;65,74978595945893;293,4137307368287;1,9110516921728935;2,673500061035156;560,7288066313781;784,4416270334643;1,3457491359153075;1,8826599048803143;2,995500087738037;-10,749458096194886;39,89679462805882;39,416794628058824
CCI;2003-05-30;2003-06-02;2003-12-29;210;enter_or_hold;left_top_n;11;62,23853380955904;72,93758622711167;9,113551552233417;11,100000381469728;664,7204521762523;809,6072349444207;1,595329085223005;1,9430573638666095;12,960000038146973;-14,35184916051272;21,796648845964995;21,316648845964995
GLW;2003-05-30;2003-06-02;2003-12-29;210;enter_or_hold;left_top_n;13;60,96942624966799;79,8840192824947;8,009589934025495;10,399999618530272;639,8382367345681;830,7937700646098;1,5356117681629633;1,9939050481550633;12,010000228881836;-13,405500247034219;29,844345393390114;29,364345393390114
BBY;2003-08-29;2003-09-02;2003-12-29;118;enter_or_hold;left_top_n;14;64,21583879003138;18,350248470027914;35,439998626708984;34,793331146240234;650,3327805775579;638,4662716334694;1,5607986733861388;1,5323190519203265;41,33333206176758;-15,822583346907814;-1,8246825776719877;-2,3046825776719877
TSCO;2003-08-29;2003-09-02;2003-12-29;118;enter_or_hold;left_top_n;9;66,79780379285071;417,5878736757369;1,8375301139365028;1,9854999780654907;767,3302930938787;829,1207140235905;1,8415927034253088;1,989889713656617;2,2095000743865967;-10,138044298699246;8,052649750158114;7,572649750158114
AES;2003-09-26;2003-09-29;2003-12-29;91;enter_or_hold;left_top_n;12;60,00000039125102;86,12368186338924;7,369999885559082;9,289999961853027;634,7315254771055;800,0890012255282;1,523355661145053;1,9202136029412675;9,06999969482422;2,4255818570131815;26,051561819641677;25,571561819641676
AXON;2003-05-30;2003-06-02;2003-12-29;210;enter_or_hold;rebalance_trim;15;60,97550195004877;14,09478387732474;0,8125;7,3358330726623535;11,45201190032635;103,39698171930695;0,027484828560783242;0,24815275612633667;7,640832901000977;-3,991709180011871;802,8717627892128;802,3917627892127
DHI;2003-11-28;2003-12-01;2003-12-29;28;enter_or_hold;rebalance_trim;10;63,502014125191366;1,2354025642382416;22,530000686645508;22,309999465942383;27,833620620571203;27,56183054837902;0,06680068948937089;0,06614839331610964;22,530000686645508;-0,9764811983939636;-0,9764811983939636;-1,4564811983939636
EQIX;2003-08-29;2003-09-02;2003-12-29;118;enter_or_hold;rebalance_trim;6;88,32707197334655;2,3262763622609324;19,11732905404028;28,25;44,472190687978056;65,71730723387134;0,10673325765114733;0,1577215373612912;28,209999084472656;0,1417969401826813;47,77168881774105;47,291688817741054
HUM;2003-11-28;2003-12-01;2003-12-29;28;enter_or_hold;rebalance_trim;14;58,88019249366236;2,7617274164748147;22,61000061035156;23,290000915527344;62,44265857212019;64,3206340581354;0,14986238057308846;0,15436952173952495;23,149999618530277;0,6047572324148209;3,007520065543301;2,527520065543301
NFLX;2003-08-29;2003-09-02;2003-12-29;118;enter_or_hold;rebalance_trim;7;90,67576416716562;420,3146483780061;0,2668174318193658;0,4165000021457672;112,14727503627934;175,06105195133694;0,2691534600870704;0,4201465246832086;0,4257139861583709;-2,164360183641223;56,09924707907985;55,619247079079855
ON;2003-09-26;2003-09-29;2003-12-29;91;enter_or_hold;rebalance_trim;11;71,43295958803728;0,18425763332690143;4,035080512806537;6,489999771118164;0,7434943855732322;1,195831998118365;0,001784386525375757;0,0028699967954840754;7,050000190734863;-7,943268148455573;60,83941201470964;60,35941201470964
FCX;2003-09-26;2003-09-29;2004-02-02;126;enter_or_hold;left_top_n;8;56,57013089840803;42,091832083013024;17,095042954561602;17,875;719,5616774953018;752,3914984838578;1,726948025988724;1,8057395963612586;23,1200008392334;-22,685988965592575;4,562474908729475;4,082474908729475
CSGP;2003-11-28;2003-12-01;2004-02-02;63;enter_or_hold;left_top_n;15;58,74658787837874;219,26340251928545;4,208000183105469;4,146999835968018;922,6604379494813;909,2852942812661;2,214385051078755;2,1822847062750386;4,224999904632568;-1,846155513022052;-1,4496279582486449;-1,9296279582486449
DHI;2003-11-28;2003-12-01;2004-02-02;63;enter_or_hold;left_top_n;10;63,502014125191366;39,717123393578596;22,530000686645508;21,55500030517578;894,8268173289101;856,1026068692908;2,1475843615893844;2,0546462564862975;22,530000686645508;-4,327564810273843;-4,327564810273843;-4,807564810273844
F;2003-12-26;2003-12-29;2004-02-02;35;enter_or_hold;left_top_n;12;51,41361137179055;54,828777326739626;16,15999984741211;13,949999809265137;886,0330332339049;764,8614332502584;2,1264792797613716;1,83566743980062;17,100000381469727;-18,421055566864563;-13,675742939446167;-14,155742939446167
STLD;2003-12-26;2003-12-29;2004-02-02;35;enter_or_hold;left_top_n;10;53,750246695310345;147,6721722056508;6,0;5,494999885559082;886,0330332339049;811,4585693703123;2,1264792797613716;1,9475005664887493;6,072500228881836;-9,51009175061147;-8,416668574015295;-8,896668574015296
AKAM;2003-05-30;2003-06-02;2004-02-02;245;enter_or_hold;rebalance_trim;2;135,86429341073676;3,8155525093663685;4,727760373236926;12,699999809265137;18,03901795578703;48,45751614119399;0,04329364309388887;0,11629803873886557;14,68000030517578;-13,487741517365958;168,62613175485262;168,14613175485263
ALGN;2003-05-30;2003-06-02;2004-02-02;245;enter_or_hold;rebalance_trim;6;60,43453212961667;6,801948588203722;10,6874461579313;20,68000030517578;72,69545930544407;140,66429887984293;0,17446910233306576;0,337594317311623;21,790000915527344;-5,0940824401736755;93,49805369385531;93,01805369385531
AXON;2003-05-30;2003-06-02;2004-02-02;245;enter_or_hold;rebalance_trim;15;60,97550195004877;36,35719004549007;0,8125;11,251667022705078;29,54021691196068;409,078996273062;0,07089652058870564;0,9817895910553487;11,220832824707031;0,2747942018185512;1284,820556640625;1284,340556640625
CTSH;2003-10-31;2003-11-03;2004-02-02;91;enter_or_hold;rebalance_trim;12;61,92048976097127;13,901123008120923;5,767578223705535;6,712500095367432;80,17581434669022;93,3112895177261;0,19242195443205648;0,2239470948425426;7,082499980926514;-5,224142415185429;16,38333863905197;15,90333863905197
EQIX;2003-08-29;2003-09-02;2004-02-02;153;enter_or_hold;rebalance_trim;6;88,32707197334655;1,706279744341668;19,11732905404028;32,029998779296875;32,61951133082339;54,65213812840261;0,07828682719397614;0,13116513150816625;36,869998931884766;-13,127204482781563;67,54431902466844;67,06431902466844
NFLX;2003-08-29;2003-09-02;2004-02-02;153;enter_or_hold;rebalance_trim;7;90,67576416716562;298,7827556320683;0,2668174318193658;0,5195000171661377;79,7204475296616;155,2176466798054;0,19132907407118785;0,37252235203153294;0,554714024066925;-6,348137125254805;94,70242765766402;94,22242765766401
ON;2003-09-26;2003-09-29;2004-02-02;126;enter_or_hold;rebalance_trim;11;71,43295958803728;9,014624234704408;4,035080512806537;7,449999809265137;36,37473457972929;67,15894882914472;0,0872993629913503;0,16118147718994733;8,319999694824219;-10,456729777289532;84,6307597982328;84,1507597982328
RCL;2003-12-26;2003-12-29;2004-02-02;35;enter_or_hold;rebalance_trim;15;48,13218093286471;2,9199011566761746;34,91999816894531;42,310001373291016;101,96294304463332;123,54102194884297;0,24471106330711995;0,2964984526772231;42,369998931884766;-0,14160387091395332;21,162667788790724;20,682667788790724
URI;2004-01-30;2004-02-02;2004-02-25;23;enter_or_hold;stop_loss;15;50,67784150483246;42,385562632628464;22,40999984741211;16,3799991607666;949,8604521296802;694,2754803510744;2,2796650851112323;1,6662611528425784;22,40999984741211;-26,907633769314142;-26,907633769314142;-27,387633769314142
AMD;2003-08-29;2003-09-02;2004-03-01;181;enter_or_hold;left_top_n;7;57,04482735911955;57,98645606792927;11,651436954251157;14,890000343322754;675,6255370759322;863,4183507595366;1,6215012889822373;2,0722040418228875;18,290000915527344;-18,58939530898629;27,795398986302477;27,315398986302476
CTSH;2003-10-31;2003-11-03;2004-03-01;119;enter_or_hold;left_top_n;12;61,92048976097127;141,52703539817193;5,767578223705535;5,951250076293945;816,2682474280989;842,2627802110267;1,959043793827437;2,021430672506464;7,082499980926514;-15,972466045592293;3,1845576334534;2,7045576334534
HUM;2003-11-28;2003-12-01;2004-03-01;91;enter_or_hold;left_top_n;14;58,88019249366236;38,04589810508571;22,61000061035156;21,5;860,2177793773611;817,9868092593429;2,0645226705056667;1,9631683422224226;23,90999984741211;-10,079464085287126;-4,909334720864034;-5,389334720864033
TER;2003-12-26;2003-12-29;2004-03-01;63;enter_or_hold;left_top_n;14;48,13880819493561;34,855744711826226;25,420000076293945;25,3799991607666;886,0330332339049;884,6387715340445;2,1264792797613716;2,1231330516817066;30,690000534057617;-17,302056959557067;-0,1573600134039621;-0,6373600134039621
TRMB;2003-12-26;2003-12-29;2004-03-01;63;enter_or_hold;left_top_n;9;55,33452677639765;139,78959689837043;6,3383331298828125;5,849999904632568;886,0330332339049;817,7691285240923;2,1264792797613716;1,9626459084578212;7,058332920074463;-17,119240890512533;-7,704442402182055;-8,184442402182055
AKAM;2003-05-30;2003-06-02;2004-03-01;273;enter_or_hold;rebalance_trim;2;135,86429341073676;15,188905072997978;4,727760373236926;16,040000915527344;71,80950351697716;243,63005127674546;0,17234280844074515;0,5847121230641891;16,200000762939453;-0,9876533325735348;239,27271370027873;238,79271370027874
AXON;2003-05-30;2003-06-02;2004-03-01;273;enter_or_hold;rebalance_trim;15;60,97550195004877;13,706153960164274;0,8125;13,520000457763672;11,13625009263347;185,30720781560035;0,026727000222320333;0,4447372987574408;15,265000343322754;-11,431377964707245;1564,0000563401443;1563,5200563401443
MSI;2004-01-30;2004-02-02;2004-03-01;28;enter_or_hold;rebalance_trim;12;53,00631452265816;1,9462773896916379;59,51671600341797;68,23619079589844;115,83603866615086;132,80655530474178;0,278006492798762;0,31873573273138023;66,75279235839844;2,222226793952786;14,650463563849382;14,170463563849381
ON;2003-09-26;2003-09-29;2004-03-01;154;enter_or_hold;rebalance_trim;11;71,43295958803728;18,979604879838146;4,035080512806537;8,8100004196167;76,58423379140275;167,21032695553322;0,1838021610993666;0,4013047846932797;8,470000267028809;4,014169325488814;118,33518294506203;117,85518294506203
RCL;2003-12-26;2003-12-29;2004-03-01;63;enter_or_hold;rebalance_trim;15;48,13218093286471;1,1994287594208963;34,91999816894531;44,9900016784668;41,88405008275805;53,96230189954748;0,10052172019861931;0,12950952455891393;44,38999938964844;1,3516609530710655;28,837354059419273;28,357354059419272
VTR;2004-01-30;2004-02-02;2004-03-01;28;enter_or_hold;rebalance_trim;14;51,49925990146027;1,9448117751047973;28,719881057739254;30,71828269958496;55,854762860700525;59,74127790515081;0,13405143086568125;0,14337906697236194;30,83247756958008;-0,37037202001498626;6,9582518041354735;6,478251804135473
A;2004-01-30;2004-02-02;2004-03-11;38;enter_or_hold;stop_loss;13;46,18559405331486;38,93489076092386;25,95650662762844;21,6022891998291;1010,6137500819093;841,0827701812314;2,425473000196582;2,018598648434955;26,81688117980957;-19,44518434122211;-16,775051782833717;-17,255051782833718
FFIV;2004-01-30;2004-02-02;2004-03-15;42;enter_or_hold;stop_loss;8;55,79321976783629;57,89312936230495;16,47017107109341;13,994999885559082;953,5097444381036;810,2143388001149;2,2884233866514485;1,9445144131202756;18,73500061035156;-25,300243236573515;-15,028205686815665;-15,508205686815666
GLW;2004-01-30;2004-02-02;2004-03-16;43;enter_or_hold;stop_loss;13;52,83332314011058;75,26628056602397;12,619999885559082;10,640000343322754;949,8604521296802;800,8332510631217;2,2796650851112323;1,921999802551492;13,18000030517578;-19,271622936575874;-15,689378448426282;-16,169378448426283
SBAC;2004-01-30;2004-02-02;2004-03-22;49;enter_or_hold;stop_loss;11;53,38723986467247;213,93253150638796;4,440000057220459;3,619999885559082;949,8604521296802;774,4357395704891;2,2796650851112323;1,8586457749691736;4,670000076293945;-22,483943759763925;-18,468472096703437;-18,948472096703437
AKAM;2003-05-30;2003-06-02;2004-03-29;301;enter_or_hold;rebalance_trim;2;135,86429341073676;16,548482341107572;4,727760373236926;13,600000381469728;78,23725904949941;225,05936615180804;0,18776942171879857;0,5401424787643392;16,200000762939453;-16,049384314954562;187,66264166976597;187,18264166976599
AXON;2003-05-30;2003-06-02;2004-03-29;301;enter_or_hold;rebalance_trim;15;60,97550195004877;39,19021593901279;0,8125;18,57250022888184;31,842050450447886;727,8602944972437;0,07642092108107494;1,7468647067933847;17,2450008392334;7,697879530561114;2185,8461820162265;2185,3661820162265
DHI;2004-02-27;2004-03-01;2004-03-29;28;enter_or_hold;rebalance_trim;14;44,86131332261214;16,31059078067361;24,65250015258789;26,0625;402,0968417093548;425,09477222130596;0,9650324201024514;1,0202274533311342;26,38500022888184;-1,2222862462923922;5,719500410444556;5,239500410444556
DVA;2004-02-27;2004-03-01;2004-03-29;28;enter_or_hold;rebalance_trim;12;46,432197326360814;25,11704954956074;15,449999809265137;15,93000030517578;388,05841075001644;400,11460698961776;0,9313401858000392;0,9602750567750825;15,800000190734863;0,8227855245036553;3,1067993646368475;2,6267993646368475
EQIX;2003-08-29;2003-09-02;2004-03-29;209;enter_or_hold;rebalance_trim;5;69,85164216757262;16,20283936859525;20,055862075938116;35,529998779296875;324,96191161512655;575,6868629873326;0,7799085878763037;1,381648471169598;36,869998931884766;-3,6343916230197504;77,15518108754722;76,67518108754722
MSI;2004-01-30;2004-02-02;2004-03-29;56;enter_or_hold;rebalance_trim;12;53,00631452265816;4,804982916175878;59,51671600341797;63,605098724365234;285,9768036233148;305,6214127522551;0,6863443286959555;0,7334913906054121;68,23619079589844;-6,786856091344962;6,869301593711041;6,389301593711041
NFLX;2003-08-29;2003-09-02;2004-03-29;209;enter_or_hold;rebalance_trim;4;79,06192070508791;698,0938552156962;0,2784154603043504;0,4769999980926513;194,3601220355165;332,99076760637865;0,4664642928852397;0,7991778422553087;0,554714024066925;-14,009746031749447;71,32669197724073;70,84669197724072
ON;2003-09-26;2003-09-29;2004-03-29;182;enter_or_hold;rebalance_trim;11;71,43295958803728;36,848757581465655;4,035080512806537;8,170000076293945;148,68770363810418;301,0543522519115;0,35685048873145003;0,7225304454045876;9,0;-9,222221374511719;102,47427654452008;101,99427654452008
RCL;2003-12-26;2003-12-29;2004-03-29;91;enter_or_hold;rebalance_trim;15;48,13218093286471;7,652070721381635;34,91999816894531;43,060001373291016;267,2102955792867;329,49817577121314;0,6413047093902882;0,7907956218509115;45,900001525878906;-6,187363961168213;23,310434224434417;22,830434224434416
STLD;2004-02-27;2004-03-01;2004-03-29;28;enter_or_hold;rebalance_trim;15;44,73956073022287;57,899373121818094;6,324999809265137;6,28000020980835;366,21352395207043;363,60807535278957;0,8789124574849689;0,8726593808466949;6,324999809265137;-0,7114561393483321;-0,7114561393483321;-1,191456139348332
VTR;2004-01-30;2004-02-02;2004-03-29;56;enter_or_hold;rebalance_trim;14;51,49925990146027;11,663838184244712;28,719881057739254;30,09021377563477;334,98404532822553;350,9673844083351;0,8039617087877412;0,8423217225800042;30,88957405090332;-2,5877996049776364;4,771373234939791;4,29137323493979
FFIV;2004-03-26;2004-03-29;2004-04-29;31;enter_or_hold;stop_loss;9;41,37860796463944;35,26190572892982;16,600000381469727;14,050000190734863;585,3476485515845;495,4297822171387;1,4048343565238026;1,1890314773211328;17,450000762939453;-19,48424311490895;-15,361446579130089;-15,84144657913009
ALGN;2003-05-30;2003-06-02;2004-05-03;336;enter_or_hold;left_top_n;11;48,967405119927385;48,75599012366189;11,203129285502419;18,459999084472656;546,219660798063;900,0355330453564;1,3109271859153508;2,160085279308855;22,799999237060547;-19,03508902550042;64,77538207437364;64,29538207437363
NFLX;2003-08-29;2003-09-02;2004-05-03;244;enter_or_hold;left_top_n;4;79,06192070508791;1227,8713949250368;0,2784154603043504;0,3842859864234924;341,8583796125988;471,85377019995735;0,8204601110702373;1,1324490484798975;0,554714024066925;-30,723585532222074;38,02609452916494;37,54609452916495
ON;2003-09-26;2003-09-29;2004-05-03;217;enter_or_hold;left_top_n;11;71,43295958803728;71,68845135469633;4,035080512806537;5,119999885559082;289,2686730546145;367,044862731953;0,6942448153310747;0,8809076705566872;9,0;-43,111112382676865;26,88718030059696;26,40718030059696
RCL;2003-12-26;2003-12-29;2004-05-03;126;enter_or_hold;left_top_n;15;48,13218093286471;13,60182615787269;34,91999816894531;40,79999923706055;474,97574452722677;554,954496863836;1,1399417868653443;1,3318907924732062;45,900001525878906;-11,11111572827056;16,838491914195952;16,35849191419595
VTR;2004-01-30;2004-02-02;2004-05-03;91;enter_or_hold;left_top_n;14;51,49925990146027;19,46462253157948;28,719881057739254;25,63663482666016;559,0216439407542;499,0074198808845;1,34165194545781;1,1976178077141229;31,59757804870605;-18,865190277740286;-10,735581477097522;-11,215581477097523
DHI;2004-02-27;2004-03-01;2004-05-03;63;enter_or_hold;left_top_n;14;44,86131332261214;22,472696519415397;24,65250015258789;21,854999542236328;554,0081543739493;491,1407721446394;1,3296195704974783;1,1787378531471344;26,790000915527344;-18,421057128186636;-11,347735901171452;-11,827735901171453
BIIB;2004-02-27;2004-03-01;2004-05-03;63;enter_or_hold;rebalance_trim;9;50,49296421379539;7,681936843694446;56,11000061035156;59,5099983215332;431,0334809883775;457,1520486743806;1,0344803543721057;1,0971649168185134;60,77000045776367;-2,0733949757104186;6,059521786129496;5,5795217861294955
DVA;2004-02-27;2004-03-01;2004-05-03;63;enter_or_hold;rebalance_trim;12;46,432197326360814;3,205799083983855;15,449999809265137;16,593332290649414;49,5295952360929;53,19488945760361;0,11887102856662295;0,12766773469824866;17,083332061767578;-2,868291556626601;7,400210326854739;6,92021032685474
GEN;2004-03-26;2004-03-29;2004-05-03;35;enter_or_hold;rebalance_trim;5;52,44733849152095;1,1627167956112172;23,559999465942383;23,51499938964844;27,393607083642518;27,341284739131765;0,06574465700074204;0,06561908337391623;24,674999237060547;-4,701114015314123;-0,19100202595077054;-0,6710020259507705
MSI;2004-01-30;2004-02-02;2004-05-03;91;enter_or_hold;rebalance_trim;12;53,00631452265816;0,7604380613294468;59,51671600341797;65,92064666748047;45,25877613433442;50,128568753402305;0,10862106272240259;0,12030856500816552;74,96573638916016;-12,065631790402298;10,759885783507839;10,279885783507838
TSN;2004-03-26;2004-03-29;2004-05-03;35;enter_or_hold;rebalance_trim;10;41,21854980053168;4,366961578086304;17,579999923706055;19,25;76,77118420958449;84,06401037816136;0,18425084210300277;0,20175362490758725;19,200000762939453;0,26041268267580353;9,499431646993383;9,019431646993382
MOS;2004-03-26;2004-03-29;2004-05-14;46;enter_or_hold;stop_loss;8;36,69043365700564;45,41880726632658;13,639827620436076;11,59000015258789;619,504701838504;526,4039831470851;1,4868112844124095;1,2633695595530041;15,039999961853027;-22,93882857723142;-15,028250538716492;-15,508250538716492
STLD;2004-02-27;2004-03-01;2004-05-17;77;enter_or_hold;stop_loss;15;44,73956073022287;93,26347666716683;6,324999809265137;5,232500076293945;589,8914721312337;488,001148776389;1,4157395331149607;1,1712027570633334;6,96999979019165;-24,928260634135967;-17,272723571799165;-17,752723571799166
AKAM;2003-05-30;2003-06-02;2004-06-01;365;enter_or_hold;market_filter_failed;13;31,431988966099688;45,34483710008808;5,107339834719575;15,760000228881836;231,59149282014994;714,6346430759977;0,5558195827683597;1,7151231433823944;16,200000762939453;-2,716052551455439;208,5755156088445;208,09551560884452
AXON;2003-05-30;2003-06-02;2004-06-01;365;enter_or_hold;market_filter_failed;1;128,84530900972416;35,60323371210381;2,5065334247906015;14,085000038146973;89,24069533001975;501,4715481931377;0,21417766879204742;1,2035317156635303;29,674999237060547;-52,53580320043789;461,93146673572284;461,4514667357228
EQIX;2003-08-29;2003-09-02;2004-06-01;273;enter_or_hold;market_filter_failed;11;33,78107073298939;17,790242845162364;20,881136297061442;32,25;371,4804856076575;573,7353317564863;0,8915531654583778;1,3769647962155669;36,869998931884766;-12,530510077909007;54,44561800278309;53,965618002783096
MSI;2004-01-30;2004-02-02;2004-06-01;120;enter_or_hold;market_filter_failed;12;53,00631452265816;8,447859147285707;59,51671600341797;71,9627685546875;502,78883370588005;607,931332598721;1,206693200894112;1,4590351982369303;74,96573638916016;-4,005787149056639;20,911860376427317;20,431860376427316
BIIB;2004-02-27;2004-03-01;2004-06-01;92;enter_or_hold;market_filter_failed;9;50,49296421379539;9,357895373076468;56,11000061035156;62,84999847412109;525,0715150949267;588,1437099188408;1,260171636227824;1,411544903805218;63,540000915527344;-1,0859339494243558;12,012115113978595;11,532115113978595
DVA;2004-02-27;2004-03-01;2004-06-01;92;enter_or_hold;market_filter_failed;12;46,432197326360814;33,56097064714835;15,449999809265137;15,81666660308838;518,5169900971949;530,8226836019808;1,2444407762332674;1,2739744406447537;17,083332061767578;-7,414627627089154;2,3732478857595884;1,8932478857595885
GEN;2004-03-26;2004-03-29;2004-06-01;64;enter_or_hold;market_filter_failed;5;52,44733849152095;23,682260361444545;23,559999465942383;22,165000915527344;557,9540414679419;524,9173225931753;1,3390896995230606;1,2598015742236206;24,674999237060547;-10,172232620632949;-5,9210466130595885;-6,401046613059588
TSN;2004-03-26;2004-03-29;2004-06-01;64;enter_or_hold;market_filter_failed;10;41,21854980053168;28,929264308824102;17,579999923706055;20,32999992370605;508,576464342;588,1319411912662;1,2205835144208;1,4115166588590387;20,520000457763672;-0,9259285078901391;15,642775949570463;15,162775949570463
CME;2004-04-30;2004-05-03;2004-06-01;29;enter_or_hold;market_filter_failed;2;51,01121659962846;23,538830920195185;23,6560001373291;24,402000427246094;556,8345874807038;574,3945621714764;1,336403009953689;1,3785469492115432;26,059999465942383;-6,3622374239228785;3,1535351943958068;2,673535194395807
CRL;2004-04-30;2004-05-03;2004-06-01;29;enter_or_hold;market_filter_failed;14;28,749588732541543;12,136760560532803;45,880001068115234;45,630001068115234;556,8345874807038;553,8003973405706;1,336403009953689;1,3291209536173694;46,5;-1,870965444913475;-0,5448997257625154;-1,0248997257625154
IDXX;2004-04-30;2004-05-03;2004-06-01;29;enter_or_hold;market_filter_failed;10;34,71878305773131;35,79203545407535;15,557499885559082;16,782499313354492;556,8345874807038;600,6798104315792;1,336403009953689;1,44163154503579;16,63249969482422;0,9018465130467002;7,874012127954377;7,394012127954378
SWK;2004-04-30;2004-05-03;2004-06-01;29;enter_or_hold;market_filter_failed;15;26,262754423727497;12,85398410441894;43,31999969482422;44,0099983215332;556,8345874807038;565,703818860492;1,336403009953689;1,3576891652651806;43,54999923706055;1,0562550919201996;1,5927946250457348;1,1127946250457348
VLO;2004-04-30;2004-05-03;2004-06-01;29;enter_or_hold;market_filter_failed;5;41,07515180861361;37,52245189834799;14,84003734588623;15,683272361755373;556,8345874807038;588,4748328026565;1,336403009953689;1,4123395987263754;15,107403755187988;3,8118303839574486;5,682162357245635;5,202162357245635
WAT;2004-04-30;2004-05-03;2004-06-01;29;enter_or_hold;market_filter_failed;12;31,8470858982316;12,780229317900396;43,56999969482422;46,52999877929688;556,8345874807038;594,6640545610396;1,336403009953689;1,427193730946495;46,08000183105469;0,9765558384568607;6,793663312383003;6,313663312383003
TRMB;2004-06-25;2004-06-28;2004-07-12;14;enter_or_hold;stop_loss;13;31,749961449742624;126,63621540487486;7,114999771118164;5,96999979019165;901,0166436209552;756,0181793977675;2,162439944690292;1,8144436305546419;7,172500133514404;-16,76542796707553;-16,092762020518947;-16,572762020518947
AKAM;2004-06-25;2004-06-28;2004-07-13;15;enter_or_hold;stop_loss;2;64,47643422408957;51,19412636886056;17,600000381469727;14,850000381469728;901,0166436209552;760,2327961065888;2,162439944690292;1,824558710655813;17,950000762939453;-17,27019637720659;-15,624999661337247;-16,104999661337246
CME;2004-06-25;2004-06-28;2004-07-16;18;enter_or_hold;stop_loss;3;58,3670396433365;31,964547055494542;28,1879997253418;23,441999435424805;901,0166436209552;749,3128940285127;2,162439944690292;1,7983509456684303;29,465999603271484;-20,4439022906179;-16,83695308699116;-17,31695308699116
AXON;2004-06-25;2004-06-28;2004-07-19;21;enter_or_hold;stop_loss;1;128,9286517350262;41,966309848017396;21,46999931335449;18,15999984741211;901,0166436209552;762,1081804364452;2,162439944690292;1,8290596330474682;22,25;-18,38202315769838;-15,416858741506978;-15,896858741506978
EQIX;2004-06-25;2004-06-28;2004-07-21;23;enter_or_hold;stop_loss;12;32,19906680910325;27,163602452788567;33,16999816894531;28,149999618530277;901,0166436209552;764,6553986839062;2,162439944690292;1,8351729568413748;33,939998626708984;-17,059514562332023;-15,134153836387298;-15,614153836387299
AAPL;2004-06-25;2004-06-28;2004-08-02;35;enter_or_hold;market_filter_failed;5;41,451571612107976;1552,9977486281587;0,58017897605896;0,56392902135849;901,0166436209552;875,7805005558157;2,162439944690292;2,1018732013339574;0,5880360007286072;-4,099575423995705;-2,8008520423909;-3,2808520423909
AMT;2004-06-25;2004-06-28;2004-08-02;35;enter_or_hold;market_filter_failed;15;30,84174829788076;60,87950216277781;14,800000190734863;14,300000190734863;901,0166436209552;870,5768925395662;2,162439944690292;2,0893845420949586;15,619999885559082;-8,450702333516514;-3,37837833483956;-3,85837833483956
BIIB;2004-06-25;2004-06-28;2004-08-02;35;enter_or_hold;market_filter_failed;6;40,0507801675784;14,370281222604476;62,70000076293945;58,34000015258789;901,0166436209552;838,362208719476;2,162439944690292;2,012069300926742;63,25;-7,76284560855669;-6,953748895213185;-7,433748895213185
CCI;2004-06-25;2004-06-28;2004-08-02;35;enter_or_hold;market_filter_failed;11;32,25357401230848;63,76621630031782;14,130000114440918;13,899999618530272;901,0166436209552;886,3503822495366;2,162439944690292;2,1272409173988875;15,020000457763672;-7,45672972769108;-1,6277458885197382;-2,107745888519738
MOS;2004-06-25;2004-06-28;2004-08-02;35;enter_or_hold;market_filter_failed;7;36,38943419242375;67,24004994559692;13,399999618530272;14,199999809265137;901,0166436209552;954,8086964024545;2,162439944690292;2,2915408713658905;13,800000190734863;2,8985479203023967;5,970150847083455;5,490150847083456
NUE;2004-06-25;2004-06-28;2004-08-02;35;enter_or_hold;market_filter_failed;10;34,20119307394523;48,04781324946831;18,752500534057617;21,114999771118164;901,0166436209552;1014,5295657652517;2,162439944690292;2,434870957836604;21,107500076293945;0,03553094775370358;12,598315796711269;12,118315796711268
STLD;2004-06-25;2004-06-28;2004-08-02;35;enter_or_hold;market_filter_failed;8;36,29446929845537;127,75847895959595;7,052499771118164;8,0649995803833;901,0166436209552;1030,3720791995502;2,162439944690292;2,47289299007892;8,274999618530273;-2,5377649284323622;14,356608892234046;13,876608892234046
TSN;2004-06-25;2004-06-28;2004-08-02;35;enter_or_hold;market_filter_failed;9;35,251216070789646;43,93060134402917;20,51000022888184;19,40999984741211;901,0166436209552;852,6929653843284;2,162439944690292;2,046463116922388;21,059999465942383;-7,8347562220911;-5,363239245218187;-5,843239245218188
VLO;2004-06-25;2004-06-28;2004-08-02;35;enter_or_hold;market_filter_failed;4;47,114625515802274;54,9143279412104;16,407678604125977;17,013254165649414;901,0166436209552;934,2714185996359;2,162439944690292;2,242251404639126;17,909048080444336;-5,0019069175043285;3,690805848495571;3,210805848495571
WAT;2004-06-25;2004-06-28;2004-08-02;35;enter_or_hold;market_filter_failed;14;30,89717566434476;19,973767045664715;45,11000061035156;43,34999847412109;901,0166436209552;865,8627709520155;2,162439944690292;2,078070650284837;48,880001068115234;-11,313425681574717;-3,9015786132057806;-4,381578613205781
AAPL;2005-05-27;2005-05-31;2005-06-27;27;enter_or_hold;left_top_n;8;42,1162776796602;609,6267789725207;1,4199999570846558;1,3250000476837158;865,6699999786364;807,75551120786;2,0776079999487274;1,9386132268988638;1,4392859935760498;-7,940461201069504;-6,690134667044667;-7,1701346670446675
CTSH;2005-05-27;2005-05-31;2005-06-27;27;enter_or_hold;left_top_n;10;32,72138013493069;72,13916666488636;12,0;11,545000076293944;865,6699999786364;832,8466846498945;2,0776079999487274;1,9988320431597468;12,542499542236328;-7,952955968492148;-3,7916660308838;-4,2716660308838
FFIV;2005-05-27;2005-05-31;2005-06-27;27;enter_or_hold;left_top_n;11;31,758649789098857;33,8086317303261;25,604999542236328;22,190000534057617;865,6699999786364;750,2135561516934;2,0776079999487274;1,800512534764064;26,21500015258789;-15,353803528904175;-13,337235185439278;-13,817235185439278
TRMB;2005-05-27;2005-05-31;2005-06-27;27;enter_or_hold;left_top_n;12;31,074982756654013;87,13336320241793;9,9350004196167;9,712499618530272;865,6699999786364;846,2827568647438;2,0776079999487274;2,031078616475385;10,017499923706056;-3,0446748939225055;-2,2395650899732056;-2,7195650899732056
CI;2005-05-27;2005-05-31;2005-06-27;27;enter_or_hold;rebalance_trim;15;28,94253687039612;1,9984210513921943;32,41666793823242;35,25666809082031;64,78215162375407;70,45766771464275;0,15547716389700977;0,1690984025151426;35,66666793823242;-1,1495322414814546;8,76092557692636;8,280925576926359
DHI;2005-05-27;2005-05-31;2005-06-27;27;enter_or_hold;rebalance_trim;14;30,295555108181247;1,1766095389516118;34,56999969482422;36,5;40,675391402484486;42,94624817173383;0,09762093936596276;0,10307099561216118;37,459999084472656;-2,5627312011082815;5,582876257487324;5,102876257487324
GLW;2005-05-27;2005-05-31;2005-06-27;27;enter_or_hold;rebalance_trim;13;30,812302077657392;1,5392249859477942;15,68000030517578;16,229999542236328;24,1350482493956;24,981620817331418;0,05792411579854944;0,0599558899615954;16,799999237060547;-3,3928554804145916;3,507648127270757;3,027648127270757
HUM;2005-05-27;2005-05-31;2005-06-27;27;enter_or_hold;rebalance_trim;6;43,34991980806158;0,7950142329989951;36,36000061035156;37,84999847412109;28,906717997081643;30,09128750591651;0,06937612319299595;0,07221909001419963;39,47999954223633;-4,128675499024359;4,097903846968931;3,617903846968931
NDAQ;2005-05-27;2005-05-31;2005-06-27;27;enter_or_hold;rebalance_trim;1;95,22728104416684;17,538609557068856;5,71999979019165;6,510000228881836;100,32084298668713;114,1763522307874;0,2407700231680491;0,2740232453538897;6,476666927337647;0,5146675275748747;13,811196987189334;13,331196987189333
SBAC;2005-05-27;2005-05-31;2005-06-27;27;enter_or_hold;rebalance_trim;5;45,0261038238871;9,17788473703388;11,239999771118164;12,84000015258789;103,1594223436097;117,8440414239491;0,2475826136246633;0,2828256994174778;13,050000190734863;-1,6091956710932998;14,234879128565648;13,754879128565648
VLO;2005-05-27;2005-05-31;2005-06-27;27;enter_or_hold;rebalance_trim;7;42,22198185390971;4,058815613411203;31,361974716186523;36,997257232666016;127,29247264546522;150,16504530933537;0,30550193434911654;0,36039610874240485;36,997257232666016;0,0;17,968519417149498;17,488519417149497
CI;2005-05-27;2005-05-31;2005-08-01;62;enter_or_hold;left_top_n;15;28,94253687039612;24,706050908159813;32,41666793823242;35,880001068115234;800,8878483548823;886,4531329736834;1,9221308360517175;2,12748751913684;36,83333206176758;-2,588229031393785;10,683803580559047;10,203803580559047
NVDA;2005-05-27;2005-05-31;2005-08-01;62;enter_or_hold;left_top_n;10;32,22574065304209;3889,7561282527267;0,22580515585214947;0,2289170026779174;878,3269887669604;890,4313140276751;2,107984773040705;2,13703515366642;0,2383330017328262;-3,9507743310614796;1,378111502381052;0,898111502381052
MCK;2005-06-24;2005-06-27;2005-08-01;35;enter_or_hold;left_top_n;12;30,931555459749795;20,546887579028994;42,38999938964844;45,0099983215332;870,982551934214;924,8153754448264;2,0903581246421137;2,219556901067583;46,0;-2,1521775618843386;6,180700565248332;5,700700565248331
OXY;2005-06-24;2005-06-27;2005-08-01;35;enter_or_hold;left_top_n;14;28,76712192606528;22,63436558983364;38,48053741455078;39,68290328979492;870,982551934214;898,1973407272303;2,0903581246421137;2,1556736177453524;39,90804672241211;-0,5641554801797621;3,124607804436441;2,644607804436441
CME;2005-06-24;2005-06-27;2005-08-01;35;enter_or_hold;rebalance_trim;8;36,52151327828095;1,1691324342150171;51,09999847412109;60,66999816894531;59,742665604432844;70,93126264307966;0,14338239745063883;0,17023503034339119;61,59999847412109;-1,509740792552905;18,727984306439517;18,247984306439516
DHI;2005-05-27;2005-05-31;2005-08-01;62;enter_or_hold;rebalance_trim;14;30,295555108181247;0,5826492633168816;34,56999969482422;41,369998931884766;20,142184855054154;24,104199401082838;0,048341243652129974;0,05785007856259881;42,11000061035156;-1,7573062639303028;19,670232273906073;19,190232273906073
GLW;2005-05-27;2005-05-31;2005-08-01;62;enter_or_hold;rebalance_trim;13;30,812302077657392;3,790045306179428;15,68000030517578;19,309999465942383;59,42791155752347;73,18577283822219;0,14262698773805635;0,17564585481173325;19,170000076293945;0,7303045857655732;23,150504401255546;22,670504401255545
ISRG;2005-05-27;2005-05-31;2005-08-01;62;enter_or_hold;rebalance_trim;11;31,3629811581853;41,625838994324354;5,470461218250711;7,4811110496521;227,71253789559952;311,4075240514792;0,5465100909494389;0,7473780577235499;8,04888916015625;-7,054117645386093;36,75466749848076;36,27466749848076
NDAQ;2005-05-27;2005-05-31;2005-08-01;62;enter_or_hold;rebalance_trim;1;95,22728104416684;6,5112858312494115;5,71999979019165;7,566667079925537;37,2445535886245;49,26873214730051;0,0893869286126988;0,11824495715352122;7,550000190734863;0,22075349363734897;32,28439436135038;31,80439436135038
SBAC;2005-05-27;2005-05-31;2005-08-01;62;enter_or_hold;rebalance_trim;5;45,0261038238871;8,567096748320099;11,239999771118164;16,25;96,2941654902651;139,2153221602016;0,2311059971766362;0,3341167731844838;16,59000015258789;-2,0494282667915087;44,57295668061598;44,092956680615984
DHI;2005-05-27;2005-05-31;2005-08-29;90;enter_or_hold;left_top_n;14;30,295555108181247;23,281817495694085;34,56999969482422;33,77000045776367;804,8524237210977;786,2269874871595;1,9316458169306345;1,8869447699691826;42,11000061035156;-19,805271982203998;-2,3141430260999463;-2,7941430260999462
WDC;2005-05-27;2005-05-31;2005-08-29;90;enter_or_hold;left_top_n;2;48,06174564622796;76,30122987819475;11,345426559448242;10,506424903869627;865,6699999786364;801,6531417881465;2,0776079999487274;1,9239675402915515;12,055932998657228;-12,852660138043092;-7,395064885241453;-7,8750648852414535
CBRE;2005-06-24;2005-06-27;2005-08-29;63;enter_or_hold;left_top_n;8;43,5747406995717;63,277478948238866;14,395663601909407;14,41333293914795;910,921300515751;912,0393716308922;2,1862111212378026;2,1888944919141413;16,28333282470703;-11,484134763380215;0,12274069280278077;-0,3572593071972192
CME;2005-06-24;2005-06-27;2005-08-29;63;enter_or_hold;left_top_n;8;36,52151327828095;15,875536410057288;51,09999847412109;53,810001373291016;811,2398863297811;854,2626360269142;1,946975727191475;2,0502303264645936;61,77399826049805;-12,892150599712249;5,303332642059422;4,823332642059421
MLM;2005-06-24;2005-06-27;2005-08-29;63;enter_or_hold;left_top_n;15;28,057964709196455;12,797275685829604;68,05999755859375;66,13999938964844;870,982551934214;846,4118060499328;2,0903581246421137;2,0313883345198387;73,52999877929688;-10,050318934221403;-2,8210376694362327;-3,3010376694362327
BBY;2005-07-29;2005-08-01;2005-08-29;28;enter_or_hold;left_top_n;14;35,93657511285804;18,5971274981754;51,78666687011719;46,34999847412109;963,0832464891054;861,9768311634651;2,311399791573853;2,0687443947923163;51,880001068115234;-10,659218350311129;-10,49820103238438;-10,97820103238438
MGM;2005-07-29;2005-08-01;2005-08-29;28;enter_or_hold;left_top_n;13;36,19547346872763;21,316583443643214;45,18000030517578;43,29999923706055;963,0832464891054;923,0080468464887;2,311399791573853;2,215219312431573;45,54999923706055;-4,939626866490365;-4,161135580824382;-4,641135580824383
TSCO;2005-07-29;2005-08-01;2005-08-29;28;enter_or_hold;left_top_n;10;40,47571530402547;342,00399563482677;2,815999984741211;2,507499933242798;963,0832464891054;857,5749962230982;2,311399791573853;2,0581799909354355;2,815999984741211;-10,955257569959254;-10,955257569959254;-11,435257569959255
GLW;2005-05-27;2005-05-31;2005-08-29;90;enter_or_hold;rebalance_trim;13;30,812302077657392;0,9272651074221129;15,68000030517578;19,170000076293945;14,539517167357584;17,775672180026618;0,0348948412016582;0,042661613232063876;20,09000015258789;-4,579393077682159;22,25765116832401;21,77765116832401
HUM;2005-05-27;2005-05-31;2005-08-29;90;enter_or_hold;rebalance_trim;6;43,34991980806158;2,9188584473381907;36,36000061035156;46,70000076293945;106,12969492674642;136,31069171760578;0,2547112678241914;0,3271456601222538;46,86000061035156;-0,3414422648914006;28,4378437266696;27,957843726669598
ISRG;2005-05-27;2005-05-31;2005-08-29;90;enter_or_hold;rebalance_trim;11;31,3629811581853;12,494989359016856;5,470461218250711;8,072221755981445;68,35335471095702;100,86232494461251;0,16404805130629688;0,24206957986707;8,6522216796875;-6,703479697794834;47,56016785295296;47,08016785295296
NDAQ;2005-05-27;2005-05-31;2005-08-29;90;enter_or_hold;rebalance_trim;1;95,22728104416684;4,247752517330242;5,71999979019165;7,626667022705078;24,297143507915038;32,39619404453504;0,05831314441899609;0,07775086570688408;7,77666711807251;-1,928848092505342;33,33334444841902;32,85334444841902
NFLX;2005-07-29;2005-08-01;2005-08-29;28;enter_or_hold;rebalance_trim;9;41,1675915385116;491,808358315243;0,2762860059738159;0,3134289979934692;135,87976702345784;154,14700095155968;0,32611144085629884;0,36995280228374317;0,3177140057086944;-1,348699660144681;13,443674748830148;12,963674748830147
PWR;2005-07-29;2005-08-01;2005-08-29;28;enter_or_hold;rebalance_trim;15;35,50992733648508;6,866325957224955;10,579999923706056;11,149999618530272;72,64572810358094;76,55953180376275;0,17434974744859427;0,18374287632903058;11,010000228881836;1,2715657287743154;5,387520783880606;4,9075207838806065
VLO;2005-05-27;2005-05-31;2005-08-29;90;enter_or_hold;rebalance_trim;7;44,90418313808793;2,965038612177828;31,82909376727309;41,9926872253418;94,37449201059336;124,50993905224504;0,22649878082542405;0,29882385372538806;42,89305114746094;-2,0990904074970174;31,93177139249559;31,45177139249559
ON;2005-07-29;2005-08-01;2005-09-22;52;enter_or_hold;stop_loss;13;30,74869718486235;169,986916692909;5,765477953928606;4,889999866485596;980,0558206492656;831,2359999326231;2,3521339695582375;1,9949663998382954;5,869999885559082;-16,695060275629757;-15,184831065852189;-15,664831065852189
TPL;2005-05-27;2005-05-31;2005-10-03;125;enter_or_hold;left_top_n;11;39,89202119868045;240,30353132940235;3,920778965115575;3,3333330154418945;942,1770308793123;801,0116947075725;2,2612248741103493;1,9224280672981737;4,066667079925537;-18,032803031839784;-14,982888729519694;-15,462888729519694
A;2005-08-26;2005-08-29;2005-10-03;35;enter_or_hold;left_top_n;10;31,937697722253983;41,96360199914853;22,360515594482425;23,597997665405277;938,3277769026146;990,2569820079033;2,251986664566275;2,376616756818968;24,341917037963867;-3,0561248376550054;5,534228697428634;5,054228697428634
AAPL;2005-08-26;2005-08-29;2005-10-03;35;enter_or_hold;rebalance_trim;12;31,140712782857683;58,398256471424;1,6371430158615112;1,9442859888076784;95,6062977206811;113,54291182818702;0,22945511452963463;0,2725029883876488;1,9228570461273196;1,1144324391413996;18,76091275902001;18,28091275902001
DVN;2005-08-26;2005-08-29;2005-10-03;35;enter_or_hold;rebalance_trim;14;30,289979546989372;1,627111934499971;58,27999877929688;69,1500015258789;94,8280815564377;112,51479275344877;0,22758739573545045;0,270035502608277;70,18000030517578;-1,4676528566799019;18,65134346990316;18,17134346990316
GOOG;2005-08-26;2005-08-29;2005-10-03;35;enter_or_hold;rebalance_trim;9;36,20204768466873;4,515707954484421;7,18432092666626;7,937249183654785;32,44229515611572;35,84229927535489;0,07786150837467773;0,08602151826085173;7,881956100463867;0,7015147317004811;10,480159011185863;10,000159011185863
NDAQ;2005-05-27;2005-05-31;2005-10-03;125;enter_or_hold;rebalance_trim;1;95,22728104416684;7,385663563735864;5,71999979019165;8,653332710266113;42,245994034995256;63,91060410309615;0,10139038568398863;0,15338544984743074;8,539999961853027;1,3270813690787753;51,28204593826009;50,80204593826009
NFLX;2005-07-29;2005-08-01;2005-10-03;63;enter_or_hold;rebalance_trim;9;41,1675915385116;364,2165341003275;0,2762860059738159;0,3805710077285766;100,62793151620562;138,61025341397112;0,24150703563889347;0,33266460819353066;0,371286004781723;2,500768363814898;37,74530721785596;37,26530721785596
PWR;2005-07-29;2005-08-01;2005-10-03;63;enter_or_hold;rebalance_trim;15;35,50992733648508;8,342357002310806;10,579999923706056;13,199999809265137;88,262136447977;110,1191108393243;0,2118291274751448;0,2642858660143783;12,949999809265137;1,9305019589354488;24,763704200872283;24,283704200872283
SBAC;2005-05-27;2005-05-31;2005-10-03;125;enter_or_hold;rebalance_trim;5;45,78695567627273;0,6763759837245125;11,512841905906265;15,640000343322754;7,787009769572142;10,57852061766664;0,01868882344697314;0,025388449482399936;16,59000015258789;-5,726339967012873;35,84830288774479;35,36830288774479
VLO;2005-05-27;2005-05-31;2005-10-03;125;enter_or_hold;rebalance_trim;7;44,90418313808793;3,4791402750768485;31,82909376727309;53,04387664794922;110,7378820449173;184,54708759208847;0,2657709169078015;0,4429130102210123;53,07129669189453;-0,051666429227270605;66,65217374956912;66,17217374956911
AMD;2005-09-30;2005-10-03;2005-10-12;9;enter_or_hold;stop_loss;14;36,69650483139624;38,99942359506331;25,65999984741211;21,0;1000,7252034984848;818,9878954963295;2,401740488396363;1,9655709491911908;25,65999984741211;-18,160560698062845;-18,160560698062845;-18,640560698062846
WMB;2005-09-30;2005-10-03;2005-10-13;10;enter_or_hold;stop_loss;13;38,2963983344248;48,33001845272243;20,706079483032227;17,363759994506836;1000,7252034984848;839,1908409431588;2,401740488396363;2,014058018263581;20,706079483032227;-16,141730216308126;-16,141730216308126;-16,621730216308126
HUM;2005-05-27;2005-05-31;2005-10-31;153;enter_or_hold;left_top_n;12;38,836010298468;20,633509350484225;36,67717349110788;44,38999938964844;756,7788021781066;915,9214674743;1,8162691252274559;2,19821152193832;50,02999877929688;-11,273235113454284;21,02895388165742;20,548953881657418
DVN;2005-08-26;2005-08-29;2005-10-31;63;enter_or_hold;left_top_n;14;30,289979546989372;14,473227745602113;58,27999877929688;60,380001068115234;843,4996953461768;873,8935067385306;2,0243992688308245;2,0973444161724735;70,18000030517578;-13,964091186157768;3,60329844338354;3,1232984433835402
TECH;2005-08-26;2005-08-29;2005-10-31;63;enter_or_hold;left_top_n;11;31,650177794872025;68,13053362161125;13,772500038146973;13,5649995803833;938,3277769026146;924,190659988447;2,251986664566275;2,2180575839722727;14,484999656677246;-6,351398675179443;-1,5066288414517182;-1,9866288414517181
AAPL;2005-08-26;2005-08-29;2005-10-31;63;enter_or_hold;rebalance_trim;12;31,140712782857683;214,83174342483383;1,6371430158615112;2,056786060333252;351,71028833331883;441,86293519328797;0,8441046919999652;1,060471044463891;2,0367860794067383;0,9819382177012503;25,63264421043341;25,152644210433408
CCI;2005-08-26;2005-08-29;2005-10-31;63;enter_or_hold;rebalance_trim;8;39,44237139857314;13,488274381043071;24,280000686645508;24,520000457763672;327,4953112333888;330,7324939976181;0,7859887469601331;0,7937579855942835;25,26000022888184;-2,929531925625495;0,9884669041635208;0,5084669041635208
CME;2005-09-30;2005-10-03;2005-10-31;28;enter_or_hold;rebalance_trim;6;46,84223197660757;6,1270019137411476;68,66600036621094;73,02999877929688;420,71671565272476;447,45494228126563;1,0097201175665391;1,0738918614750375;72,5;0,7310327990301735;6,355399163795439;5,875399163795439
GLW;2005-05-27;2005-05-31;2005-10-31;153;enter_or_hold;rebalance_trim;15;36,285488541034304;20,82530594880883;15,867153209440781;20,09000015258789;330,4383201232283;418,38039968925887;0,7930519682957479;1,0041129592542213;21,739999771118164;-7,5896947373583545;26,613765477694894;26,133765477694894
GOOG;2005-08-26;2005-08-29;2005-10-31;63;enter_or_hold;rebalance_trim;9;36,20204768466873;59,538288967059174;7,18432092666626;9,268757820129396;427,74217536394616;551,8459814605535;1,0265812208734706;1,3244303555053283;8,920812606811523;3,9003757690436958;29,013694053202286;28,533694053202286
ISRG;2005-05-27;2005-05-31;2005-10-31;153;enter_or_hold;rebalance_trim;4;54,52182975683178;59,30455031665265;5,596902725224301;9,858888626098633;331,921799285475;584,6769565927409;0,79661231828514;1,403224695822578;10,022221565246582;-1,6297079253798197;76,14900794445249;75,66900794445249
NDAQ;2005-05-27;2005-05-31;2005-10-31;153;enter_or_hold;rebalance_trim;1;95,22728104416684;55,74789291986291;5,71999979019165;10,296667098999023;318,87793580524243;574,017494866473;0,7653070459325818;1,3776419876795352;10,196666717529297;0,9807163874230973;80,01166917270169;79,53166917270168
NFLX;2005-07-29;2005-08-01;2005-10-31;91;enter_or_hold;rebalance_trim;9;41,1675915385116;994,7744163343034;0,2762860059738159;0,3772859871387481;274,8422503339386;375,31444764705964;0,6596214008014526;0,9007546743529431;0,4157139956951141;-9,24385730437356;36,55631446440473;36,07631446440473
SBAC;2005-05-27;2005-05-31;2005-10-31;153;enter_or_hold;rebalance_trim;5;45,78695567627273;22,2261988751389;11,512841905906265;14,770000457763672;255,88671381870586;328,28096756014793;0,614128113164894;0,7878743221443549;16,59000015258789;-10,970462194602904;28,291525050703893;27,811525050703892
VLO;2005-05-27;2005-05-31;2005-10-31;153;enter_or_hold;rebalance_trim;7;44,90418313808793;6,042758080143079;31,82909376727309;48,09872055053711;192,33551354582116;290,6489322513021;0,4616052325099708;0,6975574374031249;53,07129669189453;-9,369614935594505;51,115582813082064;50,63558281308207
VLO;2005-05-27;2005-05-31;2005-11-28;181;enter_or_hold;left_top_n;7;44,90418313808793;12,825088388455347;31,82909376727309;43,54204940795898;408,2109408897105;558,4306322715637;0,9797062581353053;1,3402335174517528;53,07129669189453;-17,955557670387456;36,79952601330181;36,31952601330181
MLM;2005-10-28;2005-10-31;2005-11-28;28;enter_or_hold;left_top_n;13;27,365459001903435;7,8129876641251235;78,91000366210938;73,81999969482422;616,5228851881288;576,754746981382;1,4796549244515091;1,3842113927553168;78,91000366210938;-6,45039124453779;-6,45039124453779;-6,930391244537789
WRB;2005-10-28;2005-10-31;2005-11-28;28;enter_or_hold;left_top_n;15;25,551615546674977;71,4221273828909;8,632099151611328;9,297778129577637;616,5228851881288;664,0670939485511;1,4796549244515091;1,5937610254765227;9,392593383789062;-1,009468315482176;7,711669737274129;7,23166973727413
NVDA;2005-09-30;2005-10-03;2005-11-28;56;enter_or_hold;rebalance_trim;11;39,0768738150159;94,02667050323932;0,293500006198883;0,3156670033931732;27,596828375561067;29,681117316794825;0,06623238810134655;0,07123468156030757;0,3172500133514404;-0,49897868925021793;7,5526394296800525;7,072639429680052
PWR;2005-07-29;2005-08-01;2005-11-28;119;enter_or_hold;rebalance_trim;15;35,50992733648508;1,3800637732263852;10,579999923706056;14,0600004196167;14,601074615444647;19,403697230660782;0,035042579077067156;0,04656887335358587;14,489999771118164;-2,967559408513931;32,89225445184727;32,412254451847275
GLW;2005-05-27;2005-05-31;2006-01-03;217;enter_or_hold;left_top_n;15;36,285488541034304;30,705342844548962;15,867153209440781;20,049999237060547;487,20637926286474;615,6421006068892;1,1692953102308752;1,477541041456534;21,739999771118164;-7,77369159084722;26,361666597704602;25,8816665977046
NVDA;2005-09-30;2005-10-03;2006-01-03;92;enter_or_hold;left_top_n;11;39,0768738150159;3315,5991637816437;0,293500006198883;0,3185000121593475;973,1283751229238;1056,0183739799759;2,3355081002950167;2,5344440975519418;0,317667007446289;0,2622257563840158;8,517889414804248;8,037889414804248
A;2005-11-25;2005-11-28;2006-01-03;36;enter_or_hold;left_top_n;15;37,15256818945285;41,042729944295424;25,500715255737305;23,962804794311523;1046,6189696276006;983,4989258807955;2,5118855271062412;2,360397422113909;25,736766815185547;-6,892715132451399;-6,030852256505915;-6,510852256505915
CHRW;2005-11-25;2005-11-28;2006-01-03;36;enter_or_hold;left_top_n;10;42,67778649012741;25,70282264862683;40,720001220703125;37,29999923706055;1046,6189696276006;958,7152651840834;2,5118855271062412;2,3009166364417997;40,970001220703125;-8,957778555759566;-8,39882583771574;-8,878825837715741
AAPL;2005-08-26;2005-08-29;2006-01-03;127;enter_or_hold;rebalance_trim;5;60,824293409544296;20,78923275759551;1,8813648957619005;2,669642925262451;39,11213271996356;55,49982815294925;0,09386911852791255;0,1331995875670782;2,677856922149658;-0,3067377057850096;41,89926320387305;41,41926320387305
AKAM;2005-10-28;2005-10-31;2006-01-03;64;enter_or_hold;rebalance_trim;7;49,86222843667245;1,6666909906352159;18,13305362032537;20,799999237060547;30,222197101701582;34,667171333628175;0,07253327304408379;0,08320121120070761;21,850000381469727;-4,805497144520199;14,707647551131675;14,227647551131675
CBRE;2005-11-25;2005-11-28;2006-01-03;36;enter_or_hold;rebalance_trim;12;40,093400696427;3,1973277564267306;18,583332061767575;20,09666633605957;59,417003407984254;64,25562908792995;0,1426008081791622;0,15421350981103185;19,81666755676269;1,412945837108337;8,143503378521944;7,663503378521943
GOOG;2005-08-26;2005-08-29;2006-01-03;127;enter_or_hold;rebalance_trim;4;67,04307496145991;0,743900843367577;8,291786026906365;10,84011936187744;6,168266618439136;8,063973935505828;0,014803839884253926;0,019353537445213984;10,760665893554688;0,7383694383666484;30,733225950378838;30,253225950378837
ISRG;2005-05-27;2005-05-31;2006-01-03;217;enter_or_hold;rebalance_trim;2;104,27587944122996;1,5750115502755013;7,359903918135352;12,866666793823242;11,591933679981096;20,26514881381786;0,027820640831954634;0,048636357153162856;13,68777847290039;-5,998867388910611;74,82112452743867;74,34112452743867
REGN;2005-10-28;2005-10-31;2006-01-03;64;enter_or_hold;rebalance_trim;11;41,99966738026375;30,306229775637323;11,635119096175083;15,899999618530272;352,6165927955877;481,8690418717242;0,8462798227094104;1,156485700492138;16,829999923706055;-5,525848540651634;36,65523736458547;36,17523736458547
SBAC;2005-05-27;2005-05-31;2006-01-03;217;enter_or_hold;rebalance_trim;9;49,11224512013285;0,25172026180741114;13,339893523550353;18,420000076293945;3,3579214902310834;4,636687241697245;0,0080590115765546;0,011128049380073387;19,190000534057617;-4,01250878756938;38,0820622276717;37,6020622276717
PWR;2005-07-29;2005-08-01;2006-01-30;182;enter_or_hold;left_top_n;15;30,565088960339224;79,84361524842384;10,768823039945383;13,770000457763672;859,8217634797611;1099,4466185203028;2,0635722323514267;2,6386718844487262;14,539999961853027;-5,295732504191997;27,869131163970827;27,389131163970827
CCI;2005-08-26;2005-08-29;2006-01-30;154;enter_or_hold;left_top_n;8;39,44237139857314;25,157843838332184;24,280000686645508;30,459999084472656;610,8324656692257;766,3079002829044;1,465997917606142;1,8391389606789703;30,5;-0,13115054271259918;25,453040457392873;24,973040457392873
AON;2005-10-28;2005-10-31;2006-01-30;91;enter_or_hold;left_top_n;14;37,17677425330352;28,698078820832635;34,80720330587134;35,79999923706055;998,8998640046419;1027,3911998909118;2,3973596736111404;2,465738879738188;37,66999816894531;-4,964159869342311;2,8522714751453293;2,3722714751453293
HUM;2005-12-30;2006-01-03;2006-01-30;27;enter_or_hold;left_top_n;13;34,91433264915567;19,13784779662389;55,77999877929688;56,400001525878906;1067,5091267340501;1079,3746449316257;2,5620219041617203;2,590499147835901;57,66999816894531;-2,202179093791412;1,1115144498929919;0,6315144498929919
AMD;2005-12-30;2006-01-03;2006-01-30;27;enter_or_hold;rebalance_trim;5;52,590647736263385;5,1619552264866915;32,400001525878906;41,400001525878906;167,24735721468738;213,70495425306763;0,40139365731524973;0,5128918902073623;40,40999984741211;2,4498928042688384;27,777776469582616;27,297776469582615
DLR;2005-12-30;2006-01-03;2006-01-30;27;enter_or_hold;rebalance_trim;14;31,10508977119701;1,988538474909332;22,75;25,600000381469727;45,2392503041873;50,90658571624613;0,10857420073004952;0,1221758057189907;26,209999084472656;-2,32735110381711;12,527474204262546;12,047474204262546
ISRG;2005-05-27;2005-05-31;2006-01-30;244;enter_or_hold;rebalance_trim;2;104,27587944122996;6,837414498937735;7,359903918135352;15,108888626098633;50,32271376064729;103,30573415492222;0,12077451302555352;0,2479337619718133;15,103333473205566;0,036780972246441834;105,28649278789098;104,80649278789097
NDAQ;2005-05-27;2005-05-31;2006-01-30;244;enter_or_hold;rebalance_trim;3;67,27566310670616;14,423925856257476;8,09805080775396;15,56666660308838;116,8056844312491;224,53244491202622;0,2803336426349978;0,5388778677888629;14,896666526794434;4,497651035477146;92,22732695358185;91,74732695358185
SBAC;2005-05-27;2005-05-31;2006-01-30;244;enter_or_hold;rebalance_trim;9;49,11224512013285;2,1169793416554383;13,339893523550353;20,600000381469727;28,240279009239277;43,60977524566556;0,06777666962217425;0,10466346058959733;20,8799991607666;-1,3409903762017006;54,42402403814035;53,944024038140356
WDC;2005-12-30;2006-01-03;2006-01-30;27;enter_or_hold;rebalance_trim;8;40,26146687145056;5,0457928832095025;14,37641716003418;16,621315002441406;72,54042339215142;83,86771294890218;0,17409701614116344;0,20128251107736522;16,432350158691406;1,1499562869894842;15,615141223419315;15,135141223419314
ISRG;2005-05-27;2005-05-31;2006-02-27;272;enter_or_hold;left_top_n;2;104,27587944122996;76,13627315449978;7,359903918135352;10,479999542236328;560,3556551020263;797,9081078067377;1,3448535722448631;1,9149794587361704;15,252222061157228;-31,288703375715333;42,39315701408586;41,91315701408586
NFLX;2005-07-29;2005-08-01;2006-02-27;210;enter_or_hold;left_top_n;7;47,22973936972157;2868,545493772632;0,32528858682109607;0,3790000081062317;933,1051099013227;1087,178765392922;2,2394522637631744;2,6092290369430127;0,4295710027217865;-11,772441411346223;16,5119292410576;16,0319292410576
AAPL;2005-08-26;2005-08-29;2006-02-27;182;enter_or_hold;left_top_n;5;60,824293409544296;399,901717787442;1,8813648957619005;2,5353569984436035;752,3610536001758;1013,89361888201;1,8056665286404219;2,4333446853168237;3,056786060333252;-17,058081645164336;34,761576776250756;34,28157677625076
GOOG;2005-08-26;2005-08-29;2006-02-27;182;enter_or_hold;left_top_n;12;45,192375296257616;107,88544761697527;8,495568774263143;9,723055839538574;916,5482399721773;1048,9762314534644;2,1997157759332255;2,5175429554883144;11,74672031402588;-17,22748495229771;14,448556628651342;13,968556628651342
GLW;2006-01-27;2006-01-30;2006-02-27;28;enter_or_hold;left_top_n;14;44,541264728826576;44,62462859642523;24,940000534057617;24,90999984741211;1112,9382610269681;1111,5994915277745;2,671051826464723;2,6678387796666585;25,049999237060547;-0,5588798160173769;-0,1202914434766722;-0,6002914434766722
ON;2006-01-27;2006-01-30;2006-02-27;28;enter_or_hold;left_top_n;7;52,21984428873825;147,8005617552691;7,53000020980835;6,590000152587891;1112,9382610269681;974,0057245197993;2,671051826464723;2,337613738847518;7,559999942779541;-12,830685152558562;-12,483400146470691;-12,963400146470692
AKAM;2005-10-28;2005-10-31;2006-02-27;119;enter_or_hold;rebalance_trim;10;47,00133461183151;7,44039145952892;18,1546348783448;26,38999938964844;135,07759029970254;196,35192607571366;0,32418621671928605;0,47124462258171274;27,309999465942383;-3,3687297483884993;45,362325194030426;44,88232519403043
BLK;2006-01-27;2006-01-30;2006-02-27;28;enter_or_hold;rebalance_trim;9;50,51292122096975;0,22281170489866414;133,39999389648438;143,5;29,723080073547074;31,973479652958304;0,07133539217651297;0,07673635116709993;151,25;-5,123966942148761;7,57121931456235;7,09121931456235
CBRE;2005-11-25;2005-11-28;2006-02-27;91;enter_or_hold;rebalance_trim;12;40,093400696427;3,971077081154751;18,583332061767575;23,706666946411133;73,7958440419735;94,14100178146214;0,17711002570073636;0,2259384042755091;23,31666755676269;1,672620620845655;27,569516960761042;27,089516960761042
DLR;2005-12-30;2006-01-03;2006-02-27;55;enter_or_hold;rebalance_trim;14;31,10508977119701;3,3196618392893162;22,75;28,0;75,52230684383196;92,95053150010085;0,18125353642519668;0,22308127560024202;28,18000030517578;-0,638751963188311;23,076923076923084;22,596923076923083
REGN;2005-10-28;2005-10-31;2006-02-27;119;enter_or_hold;rebalance_trim;4;71,99656819029667;8,909234922954406;12,02717123325094;17,5;107,15289397563187;155,9116111517021;0,2571669455415165;0,374187866764085;17,1299991607666;2,159958303330356;45,50387335983539;45,02387335983539
SBAC;2005-05-27;2005-05-31;2006-02-27;272;enter_or_hold;rebalance_trim;9;49,11224512013285;4,396542289489082;13,339893523550353;22,649999618530277;58,64940601357065;99,58168117977993;0,14075857443256956;0,23899603483147183;22,790000915527344;-0,6143101859275468;69,79145731968393;69,31145731968392
URI;2006-01-27;2006-01-30;2006-02-27;28;enter_or_hold;rebalance_trim;15;44,517715027830974;2,593239965056487;29,229999542236328;32,84000015258789;75,80040299151005;85,16200084815205;0,18192096717962408;0,2043888020355649;32,900001525878906;-0,18237498634710025;12,350327290067998;11,870327290067998
WDC;2005-12-30;2006-01-03;2006-02-27;55;enter_or_hold;rebalance_trim;8;40,26146687145056;0,9054981472747398;14,37641716003418;17,05971336364746;13,017819102859724;15,447538843820894;0,03124276584686334;0,03707409322517014;18,27664375305176;-6,6583909269506965;18,6645683256377;18,1845683256377
AMD;2005-12-30;2006-01-03;2006-04-03;90;enter_or_hold;left_top_n;1;74,19125944225415;28,68363008514937;32,657280764098715;33,18000030517578;936,7293610242718;951,7228549788053;2,248150466458252;2,2841348519491325;42,09999847412109;-21,18764487468673;1,6006217567621661;1,1206217567621661
WDC;2005-12-30;2006-01-03;2006-04-03;90;enter_or_hold;left_top_n;8;40,26146687145056;68,30289308582532;14,37641716003418;14,988661766052246;981,950884239039;1023,7689621062642;2,3566821221736935;2,457045509055034;18,27664375305176;-17,990075373934566;4,258673069950136;3,7786730699501363
WRB;2006-02-24;2006-02-27;2006-04-03;35;enter_or_hold;left_top_n;15;41,78301040255732;100,70796834218082;11,569382667541504;11,76296329498291;1165,1290234213452;1184,624135121374;2,7963096562112284;2,843097924291297;11,826172828674316;-0,5344884994251453;1,6732148378539424;1,1932148378539424
AKAM;2005-10-28;2005-10-31;2006-04-03;154;enter_or_hold;rebalance_trim;10;47,00133461183151;7,413125338242688;18,1546348783448;33,189998626708984;134,58258382320233;246,0416197958964;0,3229982011756855;0,5904998875101513;32,88999938964844;0,9121290441706842;82,81832077107019;82,33832077107019
AOS;2006-02-24;2006-02-27;2006-04-03;35;enter_or_hold;rebalance_trim;11;46,13978534448937;11,120630089884582;7,821667194366455;8,846667289733887;86,9818675547347;98,38051445741235;0,2087564821313633;0,2361132346977896;8,829999923706055;0,18875839379211;13,104624243098527;12,624624243098527
CBRE;2005-11-25;2005-11-28;2006-04-03;126;enter_or_hold;rebalance_trim;12;40,093400696427;3,0485278624437093;18,583332061767575;26,450000762939453;56,65180556734195;80,6335642874783;0,13596433336162067;0,19352055428994788;27,420000076293945;-3,537561308007098;42,33185240959221;41,85185240959221
NUE;2006-01-27;2006-01-30;2006-04-03;63;enter_or_hold;rebalance_trim;13;42,96676853293657;4,220058492024712;42,32137029552267;54,02000045776367;178,59865810974287;227,96756167096444;0,42863677946338286;0,5471221480103147;53,32500076293945;1,3033280541596248;27,6423709358925;27,1623709358925
NVDA;2006-01-27;2006-01-30;2006-04-03;63;enter_or_hold;rebalance_trim;12;43,81277798338803;415,5368117075883;0,3811959242823771;0,4824999868869781;158,40093901222622;200,49650619996805;0,38016225362934286;0,4811916148799233;0,4789170026779175;0,7481430371078845;26,575326794301812;26,095326794301812
STLD;2006-02-24;2006-02-27;2006-04-03;35;enter_or_hold;rebalance_trim;14;42,78701879622269;13,719741275235602;11,762499809265137;14,289999961853027;161,3784541331258;196,05510229975016;0,38730828991950195;0,4705322455194003;14,447500228881836;-1,090155836882778;21,487780604230224;21,007780604230224
URI;2006-01-27;2006-01-30;2006-04-03;63;enter_or_hold;rebalance_trim;15;44,517715027830974;1,3719162230354032;29,229999542236328;35,75;40,10111057131143;49,046004973515664;0,09624266537114741;0,11771041193643758;34,5;3,6231884057970953;22,305852069352582;21,82585206935258
FFIV;2006-03-31;2006-04-03;2006-04-21;18;enter_or_hold;stop_loss;15;40,612359602357074;35,27028280944137;34,56999969482422;28,950000762939453;1219,293665958752;1021,0747142424179;2,9263047983010044;2,4505793141818026;34,56999969482422;-16,25686717239453;-16,25686717239453;-16,73686717239453
NDAQ;2005-05-27;2005-05-31;2006-05-01;335;enter_or_hold;left_top_n;4;59,28942222916787;83,80213922098139;8,784196104948256;11,756667137145996;736,1344249312762;985,2338562018455;1,766722619835063;2,364561254884429;15,56666660308838;-24,475371401520807;33,83885100792896;33,35885100792896
CME;2005-09-30;2005-10-03;2006-05-01;210;enter_or_hold;left_top_n;12;35,30377872146096;14,702766788616772;70,97773627717056;90,7020034790039;1043,5691036671833;1333,5704044121017;2,50456584880124;3,200568970589044;100,02200317382812;-9,317949450209472;27,78937204310008;27,30937204310008
REGN;2005-10-28;2005-10-31;2006-05-01;182;enter_or_hold;left_top_n;8;54,581523049216486;76,39684605541626;12,532303285871066;14,210000038146973;957,4284448504792;1085,5991853617734;2,2978282676411497;2,6054380448682557;18,0;-21,05555534362793;13,38697854661197;12,90697854661197
DLR;2005-12-30;2006-01-03;2006-05-01;118;enter_or_hold;left_top_n;14;31,10508977119701;41,61527778400136;22,75;27,770000457763672;946,7475695860309;1155,65628311168;2,2721941670064743;2,773575079468032;29,299999237060547;-5,221838973161585;22,06593607808207;21,58593607808207
AOS;2006-02-24;2006-02-27;2006-05-01;63;enter_or_hold;left_top_n;11;46,13978534448937;137,84109309114362;7,821667194366455;7,585000038146973;1078,1471558666105;1045,5246963545449;2,587553174079865;2,5092592712509076;9,44333267211914;-19,67877971151838;-3,02578913597783;-3,50578913597783
CHRW;2006-03-31;2006-04-03;2006-05-01;28;enter_or_hold;left_top_n;12;43,74290869643207;24,6920542645766;49,380001068115234;45,20000076293945;1219,293665958752;1116,0808715974047;2,9263047983010044;2,678594091833771;52,5;-13,904760451543897;-8,464966008019825;-8,944966008019826
AKAM;2005-10-28;2005-10-31;2006-05-01;182;enter_or_hold;rebalance_trim;10;47,00133461183151;2,085556786352386;18,1546348783448;35,18000030517578;37,86252197428172;73,36988838033835;0,09087005273827611;0,17608773211281203;34,150001525878906;3,0161017079789687;93,77971818722261;93,29971818722261
BLK;2006-01-27;2006-01-30;2006-05-01;91;enter_or_hold;rebalance_trim;14;41,82656230161861;0,03620231002779907;133,86602958700692;142,85000610351562;4,846259505299347;5,171500208432462;0,011631022812718434;0,012411600500237908;156,30999755859375;-8,611088008003176;6,71116977490509;6,231169774905091
CBRE;2005-11-25;2005-11-28;2006-05-01;154;enter_or_hold;rebalance_trim;12;40,093400696427;3,809929550443558;18,583332061767575;28,82666778564453;70,80118596783349;109,82757343734647;0,16992284632280039;0,2635861762496315;29,296667098999023;-1,6042757074252623;55,12109286875999;54,64109286875999
EQIX;2006-03-31;2006-04-03;2006-05-01;28;enter_or_hold;rebalance_trim;9;51,69757249310141;0,4678903327612167;62,09999847412109;63,61000061035156;29,055988950527563;29,76250435251859;0,06973437348126614;0,0714300104460446;65,9000015258789;-3,474963372539619;2,4315654965108235;1,9515654965108236
ISRG;2006-03-31;2006-04-03;2006-05-01;28;enter_or_hold;rebalance_trim;11;45,6762419955169;9,141229058616213;12,666666984558104;13,994443893432615;115,78890431505715;127,92641717782044;0,27789337035613715;0,307023401226769;14,11111068725586;-0,8267725794866676;10,482449017513451;10,00244901751345
NUE;2006-01-27;2006-01-30;2006-05-01;91;enter_or_hold;rebalance_trim;13;42,96676853293657;1,3466457392446725;42,32137029552267;57,435001373291016;56,99189298746165;77,34459988285425;0,13678054316990795;0,1856270397188502;59,38999938964844;-3,2917966601262116;35,71158252257081;35,23158252257081
NVDA;2006-01-27;2006-01-30;2006-05-01;91;enter_or_hold;rebalance_trim;12;43,81277798338803;159,98692465236627;0,3811959242823771;0,5149999856948853;60,986363615953785;82,39326390733731;0,14636727267828906;0,19774383337760953;0,5101670026779175;0,947333518553517;35,101125927409086;34,62112592740909
SBAC;2005-05-27;2005-05-31;2006-05-01;335;enter_or_hold;rebalance_trim;10;46,03692444766274;3,616662467289271;13,421828757465395;25,270000457763672;48,542224309508896;91,39306220397657;0,11650133834282135;0,21934334928954374;25,68000030517578;-1,5965725955597976;88,27539014538664;87,79539014538663
STLD;2006-02-24;2006-02-27;2006-05-01;63;enter_or_hold;rebalance_trim;14;42,78701879622269;9,515204807111607;11,762499809265137;16,079999923706055;111,92259472876898;153,0044925724021;0,2686142273490456;0,367210782173765;16,0674991607666;0,07780154717529353;36,705633874187946;36,22563387418795
MLM;2006-03-31;2006-04-03;2006-05-17;44;enter_or_hold;stop_loss;13;42,53452694192035;11,24913435579554;108,38999938964844;90,86000061035156;1219,293665958752;1022,0963544335095;2,9263047983010044;2,453031250640423;112,37000274658205;-19,142121216050924;-16,17307766215472;-16,653077662154722
DXCM;2006-04-28;2006-05-01;2006-05-18;17;enter_or_hold;stop_loss;2;70,88596031930064;194,66396775654476;6,262499809265137;5,295000076293945;1219,0830609461564;1030,7457241225866;2,925799346270775;2,4737897378942075;6,449999809265137;-17,906973133736937;-15,449098003002115;-15,929098003002116
ADM;2006-04-28;2006-05-01;2006-05-30;29;enter_or_hold;rebalance_trim;15;41,23063432299308;14,918876403483292;38,0;40,86000061035156;566,9173033323651;609,5852989520869;1,3606015279976764;1,4630047174850083;45,25;-9,701656109720302;7,526317395662008;7,046317395662008
AKAM;2005-10-28;2005-10-31;2006-05-30;211;enter_or_hold;rebalance_trim;10;47,00133461183151;11,813446587660911;18,1546348783448;30,700000762939453;214,46880945381216;362,6728192541344;0,514725142689149;0,8704147662099225;36,38999938964844;-15,636160269701927;69,10282673632288;68,62282673632288
CBRE;2005-11-25;2005-11-28;2006-05-30;183;enter_or_hold;rebalance_trim;12;40,093400696427;14,085488133261027;18,583332061767575;24,86000061035156;261,75530323247636;350,1652435899688;0,6282127277579432;0,840396584615925;29,296667098999023;-15,143929081267583;33,77579719138362;33,29579719138362
EQIX;2006-03-31;2006-04-03;2006-05-30;57;enter_or_hold;rebalance_trim;9;51,69757249310141;7,00255189285553;62,09999847412109;57,650001525878906;434,8584618612822;403,6971273081675;1,043660308467077;0,9688731055396019;65,9000015258789;-12,518967843665719;-7,165856775498359;-7,645856775498359
GRMN;2006-04-28;2006-05-01;2006-05-30;29;enter_or_hold;rebalance_trim;14;41,33628062949049;12,729736926279323;43,709999084472656;46,255001068115234;556,416789393247;588,813995121876;1,3354002945437928;1,4131535882925024;48,834999084472656;-5,283092177179427;5,822470915005473;5,342470915005473
LVS;2006-04-28;2006-05-01;2006-05-30;29;enter_or_hold;rebalance_trim;7;51,72518847285004;8,565395895319497;64,2699966430664;67,41000366210938;550,4979654387189;577,3933686709039;1,3211951170529252;1,3857440848101692;71,31999969482422;-5,482327607186733;4,885649888051957;4,405649888051958
NUE;2006-01-27;2006-01-30;2006-05-30;120;enter_or_hold;rebalance_trim;13;42,96676853293657;8,015923034650061;42,32137029552267;53,08000183105469;339,24484700983504;425,4852093568187;0,814187632823604;1,0211645024563647;59,650001525878906;-11,014248997083175;25,421274075972477;24,941274075972476
SBAC;2005-05-27;2005-05-31;2006-05-30;364;enter_or_hold;rebalance_trim;10;46,03692444766274;17,677237737580146;13,421828757465395;22,940000534057617;237,26085781880573;405,515843140752;0,5694260587651337;0,9732380235378048;26,75;-14,242988657728539;70,91561029861964;70,43561029861964
STLD;2006-02-24;2006-02-27;2006-05-30;92;enter_or_hold;rebalance_trim;14;42,78701879622269;25,568801524547993;11,762499809265137;13,954999923706056;300,75302305563395;356,81262332432254;0,7218072553335214;0,856350295978374;17,219999313354492;-18,96050824529567;18,63974622736164;18,15974622736164
URI;2006-01-27;2006-01-30;2006-05-30;120;enter_or_hold;rebalance_trim;8;51,314215293044604;12,605861816208233;29,273736091990187;32,25;369,020672019776;406,5390435727155;0,8856496128474622;0,9756937045745171;37,56999969482422;-14,160233532174137;10,167010793078003;9,687010793078002
IVZ;2006-04-28;2006-05-01;2006-06-06;36;enter_or_hold;stop_loss;13;44,59504722162344;55,412866406643474;22,0;18,3799991607666;1219,0830609461564;1018,4884380497789;2,925799346270775;2,4443722513194692;23,01000022888184;-20,12169066519054;-16,454549269242726;-16,934549269242726
EQIX;2006-03-31;2006-04-03;2006-06-12;70;enter_or_hold;stop_loss;9;51,69757249310141;12,163916806885771;62,09999847412109;52,380001068115234;755,3792151469422;637,1459753371415;1,812910116352661;1,5291503408091396;65,9000015258789;-20,515933451768397;-15,65217012051371;-16,13217012051371
DXCM;2006-05-26;2006-05-30;2006-06-13;14;enter_or_hold;stop_loss;12;28,05969762139995;141,95258491784207;4,9375;3,492500066757202;700,8908880318453;495,76941230192085;1,6821381312764285;1,18984658952461;5,307499885559082;-34,196888515065716;-29,265821432765527;-29,745821432765528
SBAC;2005-05-27;2005-05-31;2006-07-03;398;enter_or_hold;market_filter_failed;10;46,03692444766274;30,568866876725917;13,421828757465395;25,1299991607666;410,2900965291713;768,1955989577083;0,9846962316700113;1,8436694374984997;26,75;-6,05607790367626;87,2323035472269;86,7523035472269
AKAM;2005-10-28;2005-10-31;2006-07-03;245;enter_or_hold;market_filter_failed;10;47,00133461183151;22,842013193829175;18,1546348783448;36,68000030517578;414,6884094203033;837,8450509204833;0,9952521826087277;2,0108281222091597;36,38999938964844;0,7969247606248508;102,04207107975711;101,5620710797571
CBRE;2005-11-25;2005-11-28;2006-07-03;217;enter_or_hold;market_filter_failed;12;40,093400696427;28,207956768337024;18,583332061767575;25,11000061035156;524,1978274099911;708,3018116697131;1,2580747857839785;1,6999243480073112;29,296667098999023;-14,29058969233572;35,121088763255905;34,64108876325591
BLK;2006-01-27;2006-01-30;2006-07-03;154;enter_or_hold;market_filter_failed;14;41,82656230161861;8,53467996917939;133,86602958700692;140,6300048828125;1142,5037212698035;1200,2320857389395;2,742008931047528;2,8805570057734546;156,30999755859375;-10,031343433361329;5,0527944368509825;4,572794436850982
NUE;2006-01-27;2006-01-30;2006-07-03;154;enter_or_hold;market_filter_failed;13;42,96676853293657;13,211186855448815;42,32137029552267;55,93999862670898;559,115530952791;739,0337745510025;1,3418772742866982;1,7736810589224057;59,650001525878906;-6,219619118635499;32,179081717084834;31,699081717084834
NVDA;2006-01-27;2006-01-30;2006-07-03;154;enter_or_hold;market_filter_failed;12;43,81277798338803;2367,3380962211095;0,3811959242823771;0,3600000143051147;902,4196336778888;852,2417485046424;2,165807120826933;2,0453801964111413;0,5213329792022705;-30,94624190934997;-5,56037161655516;-6,040371616555159
URI;2006-01-27;2006-01-30;2006-07-03;154;enter_or_hold;market_filter_failed;8;51,314215293044604;21,74418054194198;29,273736091990187;31,63999938964844;636,5334027213978;687,9858590754498;1,5276801665313544;1,6511660617810793;37,56999969482422;-15,783871049625574;8,08322958922112;7,603229589221119
STLD;2006-02-24;2006-02-27;2006-07-03;126;enter_or_hold;market_filter_failed;14;42,78701879622269;50,250793716335366;11,762499809265137;16,227500915527344;591,0749515038165;815,4448010378078;1,4185798836091594;1,9570675224907386;17,219999313354492;-5,76363784786823;37,959627448794485;37,47962744879449
ISRG;2006-03-31;2006-04-03;2006-07-03;91;enter_or_hold;market_filter_failed;11;45,6762419955169;87,11879478547704;12,666666984558104;13,038888931274414;1103,5047616436948;1135,9322890343237;2,6484114279448674;2,7262374936823766;14,313332557678224;-8,903891677694231;2,938594242432413;2,458594242432413
ADM;2006-04-28;2006-05-01;2006-07-03;63;enter_or_hold;market_filter_failed;15;41,23063432299308;17,162256779310294;38,0;43,02999877929688;652,1657576137912;738,4918882637015;1,5651978182730988;1,7723805318328836;45,25;-4,906080045752748;13,236838892886539;12,756838892886538
GRMN;2006-04-28;2006-05-01;2006-07-03;63;enter_or_hold;market_filter_failed;14;41,33628062949049;15,160518998690897;43,709999084472656;53,22999954223633;662,6662715529094;806,9944193603816;1,5903990517269824;1,9367866064649157;53,775001525878906;-1,0134857613724124;21,779914566837675;21,299914566837675
LVS;2006-04-28;2006-05-01;2006-07-03;63;enter_or_hold;market_filter_failed;7;51,72518847285004;10,402756035923428;64,2699966430664;77,1500015258789;668,5850955074375;802,5726440448385;1,60460422921785;1,9261743457076124;77,86000061035156;-0,911891958524158;20,040462977372854;19,560462977372854
BKR;2006-05-26;2006-05-30;2006-07-03;34;enter_or_hold;market_filter_failed;7;34,32309435834367;8,361857439557166;83,81999969482422;83,45999908447266;700,8908880318453;697,880614249932;1,6821381312764285;1,6749134741998366;88,5999984741211;-5,801353812833043;-0,4294924978075265;-0,9094924978075265
PWR;2006-05-26;2006-05-30;2006-07-03;34;enter_or_hold;market_filter_failed;14;27,47442371488964;43,97057129753019;15,9399995803833;17,100000381469727;700,8908880318453;751,8967859612081;1,6821381312764285;1,8045522863068995;17,329999923706055;-1,327175667910463;7,277295054097688;6,797295054097688
TKO;2006-05-26;2006-05-30;2006-07-03;34;enter_or_hold;market_filter_failed;11;30,065499193117205;39,1997159356575;17,8799991607666;17,440000534057617;700,8908880318453;683,6430668527737;1,6821381312764285;1,6407433604466568;18,540000915527344;-5,93311934816827;-2,4608425467628425;-2,9408425467628425
WAB;2006-05-26;2006-05-30;2006-07-03;34;enter_or_hold;market_filter_failed;15;25,769024371644743;40,79690777541427;17,18000030517578;18,614999771118164;700,8908880318453;759,4344289016655;1,6821381312764285;1,822642629363997;18,700000762939453;-0,45455073985744;8,352732482257652;7,872732482257652
AKAM;2006-10-27;2006-10-30;2006-11-27;28;enter_or_hold;market_filter_failed;2;46,946277427015005;24,976036059848273;45,810001373291016;47,619998931884766;1144,1522462010153;1189,35881049269;2,745965390882436;2,854461145182456;51,0099983215332;-6,645754756312927;3,951096931529552;3,471096931529552
ALB;2006-10-27;2006-10-30;2006-11-27;28;enter_or_hold;market_filter_failed;3;36,297776581783125;35,204684498492774;32,5;34,290000915527344;1144,1522462010153;1207,1686636841685;2,745965390882436;2,897204792842004;34,915000915527344;-1,7900615311799983;5,50769512469953;5,02769512469953
ALGN;2006-10-27;2006-10-30;2006-11-27;28;enter_or_hold;market_filter_failed;1;80,30513162986092;78,74413401431298;14,529999732971191;13,0;1144,1522462010153;1023,6737421860687;2,745965390882436;2,456816981246565;14,529999732971191;-10,529936414928809;-10,529936414928809;-11,00993641492881
APH;2006-10-27;2006-10-30;2006-11-27;28;enter_or_hold;market_filter_failed;8;29,791635417540064;268,18686443462195;4,266250133514404;4,144999980926514;1144,1522462010153;1111,6345479662496;2,745965390882436;2,6679229151189987;4,320624828338623;-4,064802068909112;-2,8420779090139403;-3,3220779090139403
CMCSA;2006-10-27;2006-10-30;2006-11-27;28;enter_or_hold;market_filter_failed;6;30,321572918314143;90,90174441830587;12,586691856384276;12,324274063110352;1144,1522462010153;1120,2980110260132;2,745965390882436;2,6887152264624317;12,761636734008787;-3,4271675335570184;-2,08488295628545;-2,56488295628545
CTSH;2006-10-27;2006-10-30;2006-11-27;28;enter_or_hold;market_filter_failed;10;28,102776508397582;58,85556660333084;19,440000534057617;19,424999237060547;1144,1522462010153;1143,2693363664678;2,745965390882436;2,7438464072795226;20,0674991607666;-3,201694035508862;-0,0771671635028448;-0,5571671635028448
DLR;2006-10-27;2006-10-30;2006-11-27;28;enter_or_hold;market_filter_failed;14;25,30846096513004;34,4831897431459;33,18000030517578;36,54999923706055;1144,1522462010153;1260,3605588033968;2,745965390882436;3,024865341128152;37,220001220703125;-1,800112739571591;10,15671760364354;9,676717603643539
EQIX;2006-10-27;2006-10-30;2006-11-27;28;enter_or_hold;market_filter_failed;7;30,235099353789145;16,60598288624523;68,9000015258789;73,94999694824219;1144,1522462010153;1228,0123837603967;2,745965390882436;2,947229721024952;76,94000244140625;-3,886152064319348;7,329456183635208;6,849456183635208
GRMN;2006-10-27;2006-10-30;2006-11-27;28;enter_or_hold;market_filter_failed;9;29,488617619512205;21,768497266106042;52,560001373291016;48,77000045776367;1144,1522462010153;1061,649621632819;2,745965390882436;2,547959091918765;53,40999984741211;-8,687510583981517;-7,210808250574507;-7,6908082505745075
LVS;2006-10-27;2006-10-30;2006-11-27;28;enter_or_hold;market_filter_failed;12;27,11227986740368;15,376322939003344;74,41000366210938;93,12000274658205;1144,1522462010153;1431,843234312324;2,745965390882436;3,4364237623495772;92,33000183105467;0,8556275315286133;25,144467361449774;24,664467361449773
NVDA;2006-10-27;2006-10-30;2006-11-27;28;enter_or_hold;market_filter_failed;5;34,53784689455384;2094,876132431099;0,5461670160293579;0,5885000228881836;1144,1522462010153;1232,8346518836113;2,745965390882436;2,958803164520667;0,6163330078125;-4,51590042582689;7,75092702715503;7,270927027155031
OKE;2006-10-27;2006-10-30;2006-11-27;28;enter_or_hold;market_filter_failed;11;27,17830714151845;62,30515973034481;18,363683700561523;18,162317276000977;1144,1522462010153;1131,606078954442;2,745965390882436;2,7158545894906605;18,37681770324707;-1,1672337980922154;-1,0965470100881225;-1,5765470100881225
PTC;2006-10-27;2006-10-30;2006-11-27;28;enter_or_hold;market_filter_failed;15;25,301200045084823;59,1904940877854;19,32999992370605;19,09000015258789;1144,1522462010153;1129,946541167576;2,745965390882436;2,7118716988021823;19,90999984741211;-4,118531899088895;-1,2415921989933798;-1,7215921989933798
REGN;2006-10-27;2006-10-30;2006-11-27;28;enter_or_hold;market_filter_failed;4;34,90808729200181;58,976921066954894;19,399999618530277;22,0;1144,1522462010153;1297,4922634730076;2,745965390882436;3,113981432335218;24,280000686645508;-9,390447373008326;13,402064085538857;12,922064085538857
WST;2006-10-27;2006-10-30;2006-11-27;28;enter_or_hold;market_filter_failed;13;26,488022529817457;53,4900551121437;21,38999938964844;24,020000457763672;1144,1522462010153;1284,8311482794957;2,745965390882436;3,0835947558707892;25,450000762939453;-5,618861541482401;12,295470515010877;11,815470515010876
AKAM;2006-12-29;2007-01-03;2007-01-29;26;enter_or_hold;market_filter_failed;3;43,16278077299644;22,595748404990857;52,06999969482422;55,13999938964844;1176,5606125521988;1245,9295532598455;2,8237454701252767;2,990230927823629;55,15999984741211;-0,036258988069248765;5,895908801261962;5,415908801261962
ALB;2006-12-29;2007-01-03;2007-01-29;26;enter_or_hold;market_filter_failed;5;38,51799364725584;32,69131863520161;35,9900016784668;39,09000015258789;1176,5606125521988;1277,9036504383303;2,8237454701252767;3,0669687610519922;38,73500061035156;0,9164826039565366;8,613499109603694;8,133499109603694
ALGN;2006-12-29;2007-01-03;2007-01-29;26;enter_or_hold;market_filter_failed;1;52,0671561516717;88,13187857172697;13,350000381469728;13,770000457763672;1176,5606125521988;1213,5760082762527;2,8237454701252767;2,912582419863006;14,510000228881836;-5,099929424158178;3,1460678973231904;2,6660678973231904
CBRE;2006-12-29;2007-01-03;2007-01-29;26;enter_or_hold;market_filter_failed;11;29,3093142268706;34,964652576534114;33,650001525878906;37,0099983215332;1176,5606125521988;1294,0417331705191;2,8237454701252767;3,1057001596092455;37,11000061035156;-0,26947530901000327;9,985131183635332;9,505131183635331
CF;2006-12-29;2007-01-03;2007-01-29;26;enter_or_hold;market_filter_failed;2;45,82043087981545;222,32816577129663;5,291999816894531;6,296000003814697;1176,5606125521988;1399,7781325441981;2,8237454701252767;3,3594675181060754;5,880000114440918;7,074827912878923;18,97203744631526;18,49203744631526
CMCSA;2006-12-29;2007-01-03;2007-01-29;26;enter_or_hold;market_filter_failed;15;27,52955620325823;88,28342079651833;13,3270845413208;13,692596435546877;1176,5606125521988;1208,8292529162918;2,8237454701252767;2,9011902069991002;14,089346885681152;-2,8159605505737706;2,742624563480489;2,262624563480489
COHR;2006-12-29;2007-01-03;2007-01-29;26;enter_or_hold;market_filter_failed;9;33,86404490882875;80,47610271969616;14,619999885559082;15,03499984741211;1176,5606125521988;1209,958192110953;2,8237454701252767;2,9038996610662866;15,380000114440918;-2,243174671402459;2,838577052677982;2,358577052677982
EQIX;2006-12-29;2007-01-03;2007-01-29;26;enter_or_hold;market_filter_failed;13;28,395904379384884;15,608392881691831;75,37999725341797;81,94999694824219;1176,5606125521988;1279,1077490216105;2,8237454701252767;3,069858597651865;83,0199966430664;-1,2888457457117752;8,715839658015256;8,235839658015255
IFF;2006-12-29;2007-01-03;2007-01-29;26;enter_or_hold;market_filter_failed;12;28,746190386801157;24,050708433981217;48,91999816894531;50,61000061035156;1176,5606125521988;1217,206368523177;2,8237454701252767;2,9212952844556246;50,77000045776367;-0,3151464368120638;3,454624907322823;2,974624907322823
LVS;2006-12-29;2007-01-03;2007-01-29;26;enter_or_hold;market_filter_failed;10;32,916654995439764;12,788702310349986;92,0;103,62999725341795;1176,5606125521988;1325,2931852963488;2,8237454701252767;3,180703644711237;108,58999633789062;-4,567639056768213;12,641301362410818;12,161301362410818
MGM;2006-12-29;2007-01-03;2007-01-29;26;enter_or_hold;market_filter_failed;6;37,22052297182443;20,43704392546621;57,56999969482422;69,06999969482422;1176,5606125521988;1411,5866176950603;2,8237454701252767;3,3878078824681443;72,0999984741211;-4,202494928463052;19,97568188459431;19,49568188459431
MOS;2006-12-29;2007-01-03;2007-01-29;26;enter_or_hold;market_filter_failed;14;28,301628492058416;54,34460199921566;21,649999618530277;20,809999465942383;1176,5606125521988;1130,9111385805293;2,8237454701252767;2,71418673259327;22,11000061035156;-5,879697460526234;-3,8799083944044854;-4,359908394404485
NVDA;2006-12-29;2007-01-03;2007-01-29;26;enter_or_hold;market_filter_failed;7;36,35871647923585;1956,5873971279682;0,6013330221176147;0,503000020980835;1176,5606125521988;984,1635018062053;2,8237454701252767;2,3619924043348925;0,6013330221176147;-16,3525031089257;-16,3525031089257;-16,8325031089257
TPL;2006-12-29;2007-01-03;2007-01-29;26;enter_or_hold;market_filter_failed;4;40,41934141019144;246,2568532790433;4,777778148651123;5,066222190856934;1176,5606125521988;1247,5919347328893;2,8237454701252767;2,994220643358934;5,066443920135498;-0,004376428162622403;6,037200414741828;5,557200414741828
WST;2006-12-29;2007-01-03;2007-01-29;26;enter_or_hold;market_filter_failed;8;35,68372420769785;46,09444192500814;25,524999618530277;23,700000762939453;1176,5606125521988;1092,4383087899612;2,8237454701252767;2,6218519410959065;26,06999969482422;-9,090905100222502;-7,1498487085811195;-7,62984870858112
BG;2007-03-30;2007-04-02;2007-04-30;28;enter_or_hold;left_top_n;14;29,47208292630945;14,570323061086953;83,69000244140625;75,76000213623047;1219,3903725544449;1103,8477062335155;2,9265368941306673;2,649234494960437;83,69000244140625;-9,475445183225794;-9,475445183225794;-9,955445183225795
COHR;2007-03-30;2007-04-02;2007-04-30;28;enter_or_hold;left_top_n;5;39,5610608318514;72,21737376518803;16,885000228881836;13,545000076293944;1219,3903725544449;978,18433315922;2,9265368941306673;2,347642399582128;18,040000915527344;-24,916854828784817;-19,780871230755526;-20,260871230755527
ES;2007-03-30;2007-04-02;2007-04-30;28;enter_or_hold;left_top_n;11;33,463872040046724;36,54151667920274;33,369998931884766;32,16999816894531;1219,3903725544449;1175,5405246604369;2,9265368941306673;2,821297259185048;33,529998779296875;-4,05607115974993;-3,596046752620252;-4,076046752620252
SYK;2007-03-30;2007-04-02;2007-04-30;28;enter_or_hold;left_top_n;15;29,00310366782035;18,137592022426787;67,2300033569336;64,94000244140625;1219,3903725544449;1177,8552702176262;2,9265368941306673;2,8268526485223027;70,05999755859375;-7,308014980881861;-3,406218654146731;-3,886218654146731
TAP;2007-03-30;2007-04-02;2007-04-30;28;enter_or_hold;left_top_n;13;29,8768120092755;25,837278958350602;47,19499969482422;47,13999938964844;1219,3903725544449;1217,969314326824;2,9265368941306673;2,9231263543843773;48,560001373291016;-2,9242214651657883;-0,11653841621237504;-0,596538416212375
ALGN;2007-03-30;2007-04-02;2007-04-30;28;enter_or_hold;rebalance_trim;2;43,001800612585605;22,769269938979967;15,739999771118164;22,65999984741211;358,38830362807244;515,9516533429712;0,8601319287073736;1,2382839680231308;23,8700008392334;-5,069128400835654;43,964422979164695;43,4844229791647
CF;2007-03-30;2007-04-02;2007-04-30;28;enter_or_hold;rebalance_trim;1;75,24412444955053;0,13976464653600487;7,802000045776367;7,938000202178955;1,0904437786718277;1,109451792460277;0,0026170650688123864;0,0026626843019046643;9,142000198364258;-13,169984358573195;1,7431447783214482;1,2631447783214482
EXPE;2007-03-30;2007-04-02;2007-04-30;28;enter_or_hold;rebalance_trim;12;30,81548175931445;0,4433697991987696;45,70000076293945;47,2400016784668;20,262000161648086;20,944790058331364;0,0486288003879554;0,05026749613999527;48,400001525878906;-2,3966938240526092;3,3698050105421595;2,8898050105421595
MLM;2007-03-30;2007-04-02;2007-04-30;28;enter_or_hold;rebalance_trim;7;36,79231183764746;0,48216113119857346;135,75;145,82000732421875;65,45337356020634;70,30873968282958;0,1570880965444952;0,16874097523879097;146,58999633789062;-0,5252670938725168;7,418053277509218;6,938053277509217
MOS;2007-03-30;2007-04-02;2007-04-30;28;enter_or_hold;rebalance_trim;3;42,24940125248556;3,3967189324131004;26,850000381469727;29,5;91,20190463103718;100,20320850618646;0,2188845711144892;0,24048770041484746;31,770000457763672;-7,145106783304911;9,869644621529105;9,389644621529104
PWR;2007-03-30;2007-04-02;2007-04-30;28;enter_or_hold;rebalance_trim;9;36,08807690182238;2,91703842121393;25,399999618530277;27,489999771118164;74,09277478607198;80,18938553151384;0,17782265948657275;0,1924545252756332;28,190000534057617;-2,4831527125859787;8,228347181009998;7,748347181009997
STLD;2007-03-30;2007-04-02;2007-04-30;28;enter_or_hold;rebalance_trim;6;37,3890356847359;0,4656902672379081;21,614999771118164;22,155000686645508;10,06589501975934;10,317368190419984;0,02415814804742241;0,024761683657007958;23,31999969482422;-4,995707647617498;2,4982693557503044;2,0182693557503044
REGN;2007-04-27;2007-04-30;2007-05-25;25;enter_or_hold;stop_loss;7;52,552360063386615;45,567439354959376;27,200000762939453;22,989999771118164;1239,4343852200923;1047,595420340957;2,974642524528221;2,5142290088182966;28,600000381469727;-19,61538648784895;-15,477944388727739;-15,95794438872774
ALB;2007-03-30;2007-04-02;2007-05-29;57;enter_or_hold;left_top_n;13;32,10395387549434;29,197511494562043;42,022625250309055;41,119998931884766;1226,9560837775718;1200,6016414700844;2,944694601066172;2,8814439395282023;44,08000183105469;-6,715069818995733;-2,1479531872360846;-2,6279531872360846
TPL;2007-03-30;2007-04-02;2007-05-29;57;enter_or_hold;left_top_n;8;36,6360016296801;224,88757222470502;5,422222137451172;4,832889080047607;1219,3903725544449;1086,8566920431945;2,9265368941306673;2,6084560609036664;5,488889217376709;-11,951418790751656;-10,868847540071325;-11,348847540071326
AMZN;2007-04-27;2007-04-30;2007-05-29;29;enter_or_hold;rebalance_trim;3;71,08140373332652;40,00359436332135;3,066499948501587;3,4814999103546143;122,67102005500328;139,27251018976563;0,29441044813200784;0,33425402445543745;3,4674999713897705;0,4037473418992521;13,533343186775948;13,053343186775948
CF;2007-03-30;2007-04-02;2007-05-29;57;enter_or_hold;rebalance_trim;1;75,24412444955053;6,706389535995661;7,802000045776367;8,484000205993652;52,323251466832296;56,89701020486086;0,1255758035203975;0,13655282449166606;9,142000198364258;-7,197549530663306;8,741350374465684;8,261350374465684
EXPE;2007-03-30;2007-04-02;2007-05-29;57;enter_or_hold;rebalance_trim;12;30,81548175931445;0,03204777470820362;45,70000076293945;48,380001068115234;1,4645833286154173;1,5504713746136076;0,0035149999886770014;0,003721131299072658;50,52000045776367;-4,2359449134161125;5,864333173817227;5,384333173817227
MGM;2007-03-30;2007-04-02;2007-05-29;57;enter_or_hold;rebalance_trim;12;34,38349061939476;2,5038753215559644;71,25228383558623;79,61000061035156;178,40683510042527;199,33351587731454;0,4281764042410206;0,4784004381055548;79,9800033569336;-0,46261906858241497;11,72975282315254;11,249752823152539
MLM;2007-03-30;2007-04-02;2007-05-29;57;enter_or_hold;rebalance_trim;7;36,79231183764746;0,19344797837648903;135,75;152,6300048828125;26,260563064608384;29,525965884173726;0,06302535135506011;0,07086231812201693;151,9199981689453;0,46735566247020355;12,434626064686928;11,954626064686927
MOS;2007-03-30;2007-04-02;2007-05-29;57;enter_or_hold;rebalance_trim;3;42,24940125248556;3,017919670878429;26,850000381469727;32,5099983215332;81,0311443143308;98,11256343477976;0,1944747463543939;0,2354701522434714;32,970001220703125;-1,3952165063344513;21,08006651638512;20,60006651638512
PWR;2007-03-30;2007-04-02;2007-05-29;57;enter_or_hold;rebalance_trim;9;36,08807690182238;2,3426895654591995;25,399999618530277;29,65999984741211;59,50431406899853;69,4841721540538;0,14281035376559645;0,1667620131697291;29,76000022888184;-0,33602278461234425;16,771654696301642;16,29165469630164
STLD;2007-03-30;2007-04-02;2007-05-29;57;enter_or_hold;rebalance_trim;6;37,3890356847359;1,1795450114888357;21,614999771118164;23,149999618530277;25,495865153354757;27,306466566005838;0,06119007636805141;0,06553551975841401;24,38500022888184;-5,0645913420530375;7,101549218904779;6,621549218904779
STLD;2007-03-30;2007-04-02;2007-07-02;91;enter_or_hold;left_top_n;6;37,3890356847359;54,768846861759194;21,614999771118164;21,729999542236328;1183,8286123813307;1190,1270172348388;2,841188669715194;2,8563048413636127;24,38500022888184;-10,887843599447267;0,532036883349063;0,05203688334906298
MTD;2007-04-27;2007-04-30;2007-07-02;63;enter_or_hold;left_top_n;11;36,65539116735699;12,696520696046472;97,62000274658205;95,7300033569336;1239,4343852200923;1215,4379688539057;2,974642524528221;2,9170511252493734;101,76000213623048;-5,925706223182137;-1,9360779926987148;-2,416077992698715
CI;2007-05-25;2007-05-29;2007-07-02;34;enter_or_hold;left_top_n;14;31,358418198025785;22,505667386840532;56,33333206176758;53,869998931884766;1267,8192341745807;1212,3802780904532;3,0427661620189936;2,9097126674170872;56,33333206176758;-4,3727808026371555;-4,3727808026371555;-4,852780802637156
CF;2007-03-30;2007-04-02;2007-07-02;91;enter_or_hold;rebalance_trim;1;75,24412444955053;39,13153397591895;7,802000045776367;12,394000053405762;305,3042298714191;484,99623418738884;0,7327301516914059;1,163990962049733;12,11400032043457;2,311373002845918;58,85670316184226;58,376703161842265
CMI;2007-04-27;2007-04-30;2007-07-02;63;enter_or_hold;rebalance_trim;12;34,63289370038187;2,6609318092667227;45,962926789613135;52,540000915527344;122,3042139414792;139,80535969502944;0,2935301134595501;0,33553286326807064;52,0;1,0384632990910525;14,309519835452523;13,829519835452523
EXPE;2007-03-30;2007-04-02;2007-07-02;91;enter_or_hold;rebalance_trim;12;30,81548175931445;2,76339669637669;45,70000076293945;58,31999969482422;126,28723113271909;161,1612944893668;0,30308935471852577;0,3867871067744803;58,97999954223633;-1,1190231477358314;27,61487685164108;27,134876851641078
MA;2007-05-25;2007-05-29;2007-07-02;34;enter_or_hold;rebalance_trim;4;61,67965176638195;5,731938648946044;14,406000137329102;16,618000030517578;82,57430896387869;95,25335664311025;0,19817834151330885;0,2286080559434646;16,843000411987305;-1,33586876427072;15,354712426086259;14,874712426086258
MLM;2007-03-30;2007-04-02;2007-07-02;91;enter_or_hold;rebalance_trim;7;36,79231183764746;0,010674696668802578;135,75;164,8000030517578;1,44909007278995;1,7591900435952539;0,0034778161746958788;0,004222056104628609;168,77000427246094;-2,3523144635903326;21,399633923946816;20,919633923946815
MOS;2007-03-30;2007-04-02;2007-07-02;91;enter_or_hold;rebalance_trim;3;42,24940125248556;4,630339652549774;26,850000381469727;39,77999877929688;124,32462143729583;184,19490572616;0,29837909144950997;0,44206777374278394;39,97999954223633;-0,5002520390930965;48,156417929702044;47,67641792970205
MGM;2007-03-30;2007-04-02;2007-07-30;119;enter_or_hold;left_top_n;11;44,36568475212195;16,613188261126968;71,70859853916014;72,94999694824219;1191,3084474726415;1211,9320329497853;2,859140273934339;2,9086368790794843;88,31999969482422;-17,402629981533792;1,7311709256235375;1,2511709256235375
MLM;2007-03-30;2007-04-02;2007-07-30;119;enter_or_hold;left_top_n;7;36,79231183764746;8,29633403946107;135,75;138,17999267578125;1126,2273458568404;1146,3873768085655;2,7029456300564156;2,751329704340557;168,77000427246094;-18,12526564098169;1,7900498532458453;1,3100498532458453
DLTR;2007-04-27;2007-04-30;2007-07-30;91;enter_or_hold;left_top_n;15;30,729794890822703;94,56518780567859;13,106666564941406;13,09000015258789;1239,4343852200923;1237,8583228058353;2,974642524528221;2,9708599747340045;15,1899995803833;-13,824881407550505;-0,12715981039829183;-0,6071598103982918
TSN;2007-05-25;2007-05-29;2007-07-30;62;enter_or_hold;left_top_n;13;32,156216381646765;56,473015193277924;22,450000762939453;21,979999542236328;1267,8192341745807;1241,276848096954;3,0427661620189936;2,979064435432689;24,07999992370605;-8,72093184436572;-2,0935465689560506;-2,5735465689560506
AAPL;2007-05-25;2007-05-29;2007-07-30;62;enter_or_hold;rebalance_trim;13;40,676986035459706;145,4503953964135;4,0880209929799545;5,051071166992188;594,6042698177733;734,6802984144376;1,4270502475626556;1,7632327161946502;5,214285850524902;-3,130144533911272;23,557857840407536;23,077857840407535
ALGN;2007-03-30;2007-04-02;2007-07-30;119;enter_or_hold;rebalance_trim;4;66,17989260626882;24,425916734287448;15,93480501250528;27,01000022888184;389,2222204125602;659,7440165837527;0,9341333289901442;1,5833856398010062;27,690000534057617;-2,455761256990241;69,50317376136698;69,02317376136698
AMZN;2007-04-27;2007-04-30;2007-07-30;91;enter_or_hold;rebalance_trim;6;62,1230428447032;184,85160013807868;3,096651210109527;4,135000228881836;572,4209312582637;764,3614088801289;1,3738102350198327;1,8344673813123094;4,309000015258789;-4,038054902780108;33,531352041923476;33,05135204192348
AXON;2007-06-29;2007-07-02;2007-07-30;28;enter_or_hold;rebalance_trim;5;62,40184362213166;38,32459360506023;14,390000343322754;15,170000076293944;551,4909151345217;581,3840879126981;1,3235781963228521;1,3953218109904753;17,40999984741211;-12,866167666573114;5,420428869781957;4,940428869781957
CF;2007-03-30;2007-04-02;2007-07-30;119;enter_or_hold;rebalance_trim;1;75,24412444955053;35,832538692048374;7,802000045776367;11,543999671936035;279,56546851564485;413,6508149056417;0,6709571244375477;0,99276195577354;13,416000366210938;-13,95349316618727;47,962055936995405;47,48205593699541
CMI;2007-04-27;2007-04-30;2007-07-30;91;enter_or_hold;rebalance_trim;12;34,63289370038187;11,64333340738888;45,962926789613135;59,79499816894531;535,161680990872;696,2130997752379;1,2843880343780927;1,6709114394605709;59,685001373291016;0,1842955401246238;30,093974308133053;29,613974308133052
FCX;2007-06-29;2007-07-02;2007-07-30;28;enter_or_hold;rebalance_trim;15;35,25539436873206;13,949729972337797;42,34000015258789;46,8849983215332;590,6315691573423;654,0330663388991;1,4175157659776214;1,5696793592133576;49,51499938964844;-5,311523983710398;10,734525631945502;10,254525631945501
GRMN;2007-06-29;2007-07-02;2007-07-30;28;enter_or_hold;rebalance_trim;14;40,34977842961733;7,869140739515834;76,05000305175781;85,06999969482422;598,4481772548909;669,4278003091408;1,4362756254117381;1,6066267207419378;84,36000061035156;0,8416300134373556;11,860613124403962;11,380613124403961
MA;2007-05-25;2007-05-29;2007-07-30;62;enter_or_hold;rebalance_trim;4;61,67965176638195;30,034412272589073;14,406000137329102;16,458999633789062;432,67574732351704;494,33638059561326;1,0384217935764408;1,1864073134294717;16,97100067138672;-3,0169171960548913;14,251002893858011;13,771002893858011
MOS;2007-03-30;2007-04-02;2007-07-30;119;enter_or_hold;rebalance_trim;3;42,24940125248556;10,459536138098407;26,850000381469727;35,959999084472656;280,8385492979386;376,1249099500274;0,6740125183150526;0,9026997838800657;40,790000915527344;-11,841141756915407;33,929231186492316;33,44923118649232
TPL;2007-06-29;2007-07-02;2007-07-30;28;enter_or_hold;rebalance_trim;7;52,001827217094096;78,31967962979621;6,655556201934815;6,7655558586120605;521,261029493638;529,8761673639874;1,2510264707847312;1,2717028016735696;6,722221851348877;0,644638160141775;1,652749272033316;1,172749272033316
FFIV;2007-07-27;2007-07-30;2007-08-06;7;enter_or_hold;stop_loss;14;30,643544484600135;19,09537614760198;45,0;36,21500015258789;859,291926642089;691,5390500991289;2,0623006239410135;1,6596937202379092;45,0;-19,522221883138023;-19,522221883138023;-20,002221883138024
TPL;2007-06-29;2007-07-02;2007-08-17;46;enter_or_hold;stop_loss;7;52,001827217094096;127,0875373989686;6,655556201934815;5,333333015441895;845,8382477243283;677,8001590611259;2,030011794538388;1,626720381746702;6,7655558586120605;-21,16932995752373;-19,866456632257734;-20,346456632257734
PWR;2007-03-30;2007-04-02;2007-09-04;155;enter_or_hold;left_top_n;12;42,07549105738089;44,14269640065711;25,57601406660442;27,8700008392334;1128,9942240810542;1230,2569857323388;2,70958613779453;2,952616765757613;32,290000915527344;-13,688448284213251;8,969289611176468;8,489289611176467
MA;2007-05-25;2007-05-29;2007-09-04;98;enter_or_hold;left_top_n;4;61,67965176638195;52,23998130731052;14,406000137329102;13,824000358581545;752,5691778871851;722,1655203245539;1,806166026929244;1,7331972487789291;16,97100067138672;-18,543398670127033;-4,039981765927292;-4,519981765927293
AAPL;2007-05-25;2007-05-29;2007-09-04;98;enter_or_hold;rebalance_trim;13;40,676986035459706;0,9281219850786747;4,0880209929799545;5,148571014404297;3,7941821590478497;4,778501950207442;0,009106037181714838;0,01146840468049786;5,214285850524902;-1,26028449541159;25,94287121434904;25,46287121434904
CF;2007-03-30;2007-04-02;2007-09-04;155;enter_or_hold;rebalance_trim;1;75,24412444955053;7,618018296944942;7,802000045776367;13,03600025177002;59,43577910148964;99,30848843696288;0,14264586984357513;0,23834037224871088;13,416000366210938;-2,832439654652763;67,08536497416573;66,60536497416572
CMI;2007-04-27;2007-04-30;2007-09-04;127;enter_or_hold;rebalance_trim;12;34,63289370038187;0,01613811377056107;45,962926789613135;60,685001373291016;0,741754941758746;0,9793414563288251;0,0017802118602209904;0,00235041949518918;62,51499938964844;-2,927294304125738;32,03032446359535;31,55032446359535
EXPE;2007-03-30;2007-04-02;2007-09-04;155;enter_or_hold;rebalance_trim;12;30,81548175931445;9,16861085197598;45,70000076293945;61,060001373291016;419,0055229303972;559,8353912128243;1,0056132550329533;1,3436049389107783;60,84000015258789;0,36160621326652986;33,610504056725965;33,13050405672597
GRMN;2007-06-29;2007-07-02;2007-09-04;64;enter_or_hold;rebalance_trim;14;40,34977842961733;1,7621707871118393;76,05000305175781;104,4499969482422;134,01309373757385;184,05873333611316;0,32163142497017727;0,44174096000667157;104,0;0,4326893733098025;37,34384320426132;36,86384320426132
ISRG;2007-07-27;2007-07-30;2007-09-04;36;enter_or_hold;rebalance_trim;2;74,34298654462795;1,333218799439307;23,90888977050781;25,18666648864746;31,87578131576315;33,579337257872794;0,07650187515783155;0,0805904094188947;24,58666610717773;2,4403486786464645;5,344358229949342;4,864358229949342
J;2007-07-27;2007-07-30;2007-09-04;36;enter_or_hold;rebalance_trim;15;28,102971399429567;1,3395520486187542;51,05172348022461;56,26276779174805;68,38644077345303;75,36690585639735;0,16412745785628727;0,18088057405535363;56,932762145996094;-1,1768168783554578;10,2073817616402;9,7273817616402
MOS;2007-03-30;2007-04-02;2007-09-04;155;enter_or_hold;rebalance_trim;3;42,24940125248556;3,60673412818826;26,850000381469727;42,93000030517578;96,84081271771464;154,8370972238099;0,23241795052251513;0,37160903333714373;42,02000045776367;2,1656350249848133;59,888267021416944;59,40826702141695
NVDA;2007-07-27;2007-07-30;2007-09-04;36;enter_or_hold;rebalance_trim;13;31,76430411462887;141,75821643732823;0,758167028427124;0,8790000081062317;107,47640571141824;124,60547339753646;0,2579433737074037;0,29905313615408746;0,852666974067688;3,088314059230024;15,937514445831935;15,457514445831935
ON;2007-04-27;2007-04-30;2007-09-04;127;enter_or_hold;rebalance_trim;11;38,566848725818325;46,171082484195175;10,71021480202334;12,09000015258789;494,5022110476678;558,2083942790678;1,1868053065144024;1,3397001462697624;12,199999809265137;-0,9016365442375496;12,882891483221105;12,402891483221104
ALGN;2007-03-30;2007-04-02;2007-10-29;210;enter_or_hold;left_top_n;4;66,17989260626882;31,83331454720858;15,93480501250528;20,149999618530277;507,2576602115165;641,4412759828072;1,2174183845076394;1,539459062358737;28,700000762939453;-29,79094396209865;26,452752968844038;25,972752968844038
ON;2007-04-27;2007-04-30;2007-10-29;182;enter_or_hold;left_top_n;11;38,566848725818325;72,09563417568918;10,71021480202334;12,1899995803833;772,1597283097262;878,8457503491192;1,8531833479433426;2,109229800837886;12,989999771118164;-6,158585102623137;13,8165742304291;13,3365742304291
MGM;2007-08-31;2007-09-04;2007-10-29;55;enter_or_hold;left_top_n;13;29,890946334782708;10,3749117091887;84,0;92,91999816894533;871,4925835718508;964,0367770207835;2,0915822005724416;2,31368826484988;99,75;-6,847119630129994;10,619045439220631;10,13904543922063
AAPL;2007-05-25;2007-05-29;2007-10-29;153;enter_or_hold;rebalance_trim;11;47,14149076324525;27,990009244517374;4,6259558934863785;6,61035680770874;129,48054822341334;185,023948157326;0,310753315736192;0,44405747557758235;6,648571014404297;-0,5747732349216772;42,89709975437761;42,41709975437761
BG;2007-09-28;2007-10-01;2007-10-29;28;enter_or_hold;rebalance_trim;13;36,9877095266752;0,05379711647611712;108,3499984741211;115,1500015258789;5,828917488099404;6,194738044312771;0,013989401971438569;0,01486737130635065;116,75;-1,3704483718381955;6,275960449950513;5,795960449950513
CF;2007-03-30;2007-04-02;2007-10-29;210;enter_or_hold;rebalance_trim;1;83,52628573492346;8,35476568936954;10,106993051792374;17,601999282836914;84,44155877181126;147,0605796725531;0,20265974105234696;0,35294539121412744;17,086000442504883;3,0200095222307155;74,15663781143469;73,67663781143469
FCX;2007-06-29;2007-07-02;2007-10-29;119;enter_or_hold;rebalance_trim;8;48,50306487718281;0,038061030641196966;46,135309927195124;58,93000030517578;1,755957444780092;2,242936547301042;0,004214297867472221;0,005383047713522501;58,70000076293945;0,3918220430101593;27,732967217889314;27,252967217889314
GRMN;2007-06-29;2007-07-02;2007-10-29;119;enter_or_hold;rebalance_trim;2;82,6278806086496;1,1443507627607634;88,3305730559399;123,8000030517578;101,08115865166015;141,6706279220639;0,24259478076398436;0,3400095070129533;121,80999755859376;1,6336963574823171;40,15532648401936;39,675326484019365
ISRG;2007-07-27;2007-07-30;2007-10-29;91;enter_or_hold;rebalance_trim;5;68,82735382704823;13,642556071625998;24,624878098205883;35,69889068603516;335,9462802117288;487,0241178790818;0,8062710725081489;1,1688578829097962;36,60555648803711;-2,4768529397941275;44,9708321140323;44,4908321140323
J;2007-07-27;2007-07-30;2007-10-29;91;enter_or_hold;rebalance_trim;10;47,758984505258816;1,1231422349612246;55,55036401279122;72,83885955810547;62,3909599902359;81,80839951611733;0,14973830397656612;0,19634015883868158;72,0861587524414;1,0441682823591592;31,12220028177195;30,64220028177195
MOS;2007-03-30;2007-04-02;2007-10-29;210;enter_or_hold;rebalance_trim;3;80,36669154666411;4,854243049982604;33,82468639785345;69,66000366210938;164,19324886462118;338,1465886385572;0,39406379727509083;0,8115518127325372;68,83000183105469;1,2058721618110058;105,94427053292672;105,46427053292672
LVS;2007-09-28;2007-10-01;2007-11-02;32;enter_or_hold;stop_loss;10;47,09968283983039;10,839853357150064;138,33788720436021;116,7699966430664;1499,562411033231;1265,7696401257451;3,598949786479754;3,037847136301788;144,55999755859375;-19,223852645863094;-15,590732948980602;-16,070732948980602
AXON;2007-06-29;2007-07-02;2007-11-26;147;enter_or_hold;stop_loss;9;50,94931317637917;95,39468103360011;15,104991753742791;12,68000030517578;1440,9358703634532;1209,6045846181955;3,4582460888722877;2,903051003083669;18,809999465942383;-32,589044842163105;-16,054238811260092;-16,534238811260092
CMI;2007-04-27;2007-04-30;2007-12-03;217;enter_or_hold;left_top_n;6;51,99823517431208;22,268440297315575;53,180679497211564;58,8849983215332;1184,2507863543303;1311,2770695305899;2,8422018872503925;3,1470649668734154;70,08000183105469;-15,974605047114343;10,72629924674191;10,24629924674191
NVDA;2007-07-27;2007-07-30;2007-12-03;126;enter_or_hold;left_top_n;12;45,95850344824903;1563,4484809309743;0,8262262340449816;0,800000011920929;1291,762150522946;1250,7588033825377;3,1002291612550703;3,0018211281180904;0,9884999990463256;-19,069295630476034;-3,1742180341643444;-3,6542180341643444
TRMB;2007-09-28;2007-10-01;2007-12-03;63;enter_or_hold;left_top_n;13;34,6414144001229;75,85265856002303;20,001077998376395;18,674999237060547;1517,1349402432336;1416,5483407374443;3,6411238565837603;3,3997160177698658;21,524999618530277;-13,240420125332985;-6,630036448152909;-7,1100364481529095
STLD;2007-10-26;2007-10-29;2007-12-03;35;enter_or_hold;left_top_n;15;33,95844919980664;57,34182734942999;27,25;25,190000534057617;1562,5647952719673;1444,4406615559813;3,750155508652721;3,4666575877343546;27,25;-7,559631067678474;-7,559631067678474;-8,039631067678474
AAPL;2007-05-25;2007-05-29;2007-12-03;188;enter_or_hold;rebalance_trim;11;47,14149076324525;90,53836798364527;4,6259558934863785;6,387856960296631;418,82649696058223;578,3461440982261;1,0051835927053974;1,3880307458357426;6,849643230438232;-6,741756535428445;38,087286333428175;37,60728633342818
AMZN;2007-04-27;2007-04-30;2007-12-03;217;enter_or_hold;rebalance_trim;8;52,56027331092537;141,85821460938132;3,7079429143156166;4,545499801635742;526,0021616983196;644,8164863673434;1,262405188075967;1,547559567281624;5,040999889373779;-9,829400884981787;22,58818182142146;22,10818182142146
BG;2007-09-28;2007-10-01;2007-12-03;63;enter_or_hold;rebalance_trim;13;36,9877095266752;5,7358807802406675;108,3499984741211;118,91999816894533;621,4826737868168;682,1109318835089;1,4915584170883602;1,6370662365204212;116,75;1,8586708085184922;9,755422098458855;9,275422098458854
BIIB;2007-08-31;2007-09-04;2007-12-03;90;enter_or_hold;rebalance_trim;11;43,3962017343481;8,26178275762238;67,41965845140848;73,81999969482422;557,0065717186366;609,884800646388;1,3368157721247276;1,4637235215513311;82,51000213623047;-10,532059406638206;9,493286365472574;9,013286365472574
CF;2007-03-30;2007-04-02;2007-12-03;245;enter_or_hold;rebalance_trim;1;83,52628573492346;39,82268773445212;10,106993051792374;19,03199958801269;402,48762823580495;757,9053765556507;0,9659703077659316;1,8189729037335616;19,29199981689453;-1,347710094078225;88,30526043191014;87,82526043191014
GOOG;2007-10-26;2007-10-29;2007-12-03;35;enter_or_hold;rebalance_trim;14;33,97241071148376;37,47124156555385;16,917339324951172;16,974624633789062;633,9137084916891;636,060260137311;1,5213929003800537;1,5265446243295464;18,47549819946289;-8,12358914206417;0,3386189029938036;-0,1413810970061964
GRMN;2007-06-29;2007-07-02;2007-12-03;154;enter_or_hold;rebalance_trim;2;82,6278806086496;3,6661323873477603;88,3305730559399;104,02999877929688;323,83157467336866;381,38774778052823;0,7771957792160848;0,9153305946732677;123,8000030517578;-15,969308388623837;17,77349017470373;17,29349017470373
ISRG;2007-07-27;2007-07-30;2007-12-03;126;enter_or_hold;rebalance_trim;5;68,82735382704823;18,223679615683867;24,624878098205883;36,46666717529297;448,7558890369747;664,5568592543144;1,0770141336887389;1,5949364622103546;36,60555648803711;-0,37942139409772313;48,088721616655846;47,60872161665585
J;2007-07-27;2007-07-30;2007-12-03;126;enter_or_hold;rebalance_trim;10;47,758984505258816;8,478026684985782;55,55036401279122;71,80492401123047;470,95746846111774;608,7640618805882;1,1302979243066822;1,4610337485134115;73,0787353515625;-1,7430670279173;29,260942366995856;28,780942366995856
MOS;2007-03-30;2007-04-02;2007-12-03;245;enter_or_hold;rebalance_trim;3;80,36669154666411;9,52809988067834;33,82468639785345;72,19999694824219;322,28499043136964;687,9287823075229;0,773483977035287;1,6510290775380547;71,08999633789062;1,5614019799293999;113,45355903380695;112,97355903380695
BIIB;2007-08-31;2007-09-04;2007-12-17;104;enter_or_hold;stop_loss;11;43,3962017343481;12,622536964983288;67,41965845140848;55,56999969482422;851,0071309694514;701,4343752920288;2,0424171143266836;1,6834425007008689;82,51000213623047;-32,65058992111792;-17,575969722725148;-18,05596972272515
EXPE;2007-03-30;2007-04-02;2007-12-31;273;enter_or_hold;left_top_n;14;36,06375363953238;22,073658333775676;53,182852964774455;63,2400016784668;1173,94012555986;1395,9381900778762;2,8174563013436633;3,3502516561869027;70,08000183105469;-9,76027393531954;18,910509972741906;18,430509972741906
FCX;2007-06-29;2007-07-02;2007-12-31;182;enter_or_hold;left_top_n;8;48,50306487718281;26,518625508009194;46,135309927195124;51,220001220703125;1223,4450066552263;1358,2840308916;2,936268015972543;3,2598816741398395;58,93000030517578;-13,083317570924047;11,02125747400855;10,54125747400855
GRMN;2007-06-29;2007-07-02;2007-12-31;182;enter_or_hold;left_top_n;2;82,6278806086496;8,956990155116788;88,3305730559399;97,0;791,1760732578779;868,8280450463285;1,8988225758189068;2,085187308111188;123,8000030517578;-21,647820994441624;9,814752292583616;9,334752292583616
VRSN;2007-11-30;2007-12-03;2007-12-31;28;enter_or_hold;left_top_n;10;40,612091683094405;23,535394014893427;39,56999969482422;37,61000061035156;931,2955339869006;885,1661832650063;2,2351092815685614;2,124398839836015;40,040000915527344;-6,068931692340285;-4,953245134164163;-5,433245134164164
WAT;2007-11-30;2007-12-03;2007-12-31;28;enter_or_hold;left_top_n;15;27,71499304892393;11,79900583284087;78,93000030517578;79,06999969482422;931,2955339869006;932,9473876019567;2,2351092815685614;2,239073730244696;80,06999969482422;-1,2489072109546195;0,17737158128359187;-0,3026284187164081
AAPL;2007-05-25;2007-05-29;2007-12-31;216;enter_or_hold;rebalance_trim;11;47,14149076324525;92,11750787551694;4,6259558934863785;7,074285984039307;426,13152845002526;651,6655948483999;1,0227156682800607;1,5639974276361597;7,136785984039307;-0,8757443496242523;52,92592810926544;52,445928109265445
AMZN;2007-04-27;2007-04-30;2007-12-31;245;enter_or_hold;rebalance_trim;8;52,56027331092537;122,89901469293304;3,7079429143156166;4,631999969482422;455,70253070703194;569,2682323070856;1,093686073696877;1,3662437575370052;5,040999889373779;-8,113468138603064;24,92101622166858;24,44101622166858
BG;2007-09-28;2007-10-01;2007-12-31;91;enter_or_hold;rebalance_trim;13;36,9877095266752;4,568931068267042;108,3499984741211;116,41000366210938;495,0436742750984;531,8692823888916;1,1881048182602363;1,27648627773334;124,2300033569336;-6,294775403294528;7,4388604536191005;6,958860453619101
CF;2007-03-30;2007-04-02;2007-12-31;273;enter_or_hold;rebalance_trim;1;83,52628573492346;31,684325896410027;10,106993051792374;22,011999130249023;320,23326168574135;697,4353540743041;0,7685598280457789;1,6738448497783296;23,312000274658203;-5,576531953898323;117,7897918545162;117,30979185451619
FSLR;2007-11-30;2007-12-03;2007-12-31;28;enter_or_hold;rebalance_trim;1;176,61496975554093;2,639443539751613;229,22000122070312;267,1400146484375;605,0132514038418;705,1009858729697;1,45203180336922;1,6922423660951271;280,9100036621094;-4,901921908852702;16,543064839801346;16,063064839801346
ISRG;2007-07-27;2007-07-30;2007-12-31;154;enter_or_hold;rebalance_trim;5;68,82735382704823;14,956521159287563;24,624878098205883;35,88888931274414;368,3025103206933;536,772932389387;0,8839260247696635;1,2882550377345288;39,22222137451172;-8,498580511132703;45,742403960809575;45,26240396080958
J;2007-07-27;2007-07-30;2007-12-31;154;enter_or_hold;rebalance_trim;10;47,758984505258816;8,168459244728892;55,55036401279122;79,08384704589844;453,7608844683395;645,9931815107948;1,0890261227240146;1,5503836356259073;81,63973999023438;-3,1306970657202893;42,36422830224535;41,884228302245354
MA;2007-11-30;2007-12-03;2007-12-31;28;enter_or_hold;rebalance_trim;6;48,533785249983;28,46109977540581;20,1879997253418;21,520000457763672;574,572674448818;612,4828801951905;1,3789744186771633;1,4699589124684571;22,31999969482422;-3,5842260214997146;6,597982715196027;6,117982715196026
MOS;2007-03-30;2007-04-02;2007-12-31;273;enter_or_hold;rebalance_trim;3;80,36669154666411;8,87502443728687;33,82468639785345;94,33999633789062;300,1949183645141;837,2697729123331;0,7204678040748338;2,009447454989599;95,83999633789062;-1,565108573994145;178,90870953907068;178,4287095390707
WDC;2007-11-30;2007-12-03;2007-12-31;28;enter_or_hold;rebalance_trim;13;31,893915452487036;27,89174720897647;20,907028198242188;22,8344669342041;583,1335453963139;636,8931793805527;1,3995205089511533;1,5285436305133264;23,832199096679688;-4,186488030030722;9,219094735443889;8,739094735443889
FSLR;2007-11-30;2007-12-03;2008-01-16;44;enter_or_hold;stop_loss;1;176,61496975554093;1,423445950813428;229,22000122070312;181,55999755859372;326,2822825830589;258,4408433544761;0,7830774781993413;0,6202580240507426;280,9100036621094;-35,36720117059915;-20,79225347190372;-21,27225347190372
NDAQ;2007-12-28;2007-12-31;2008-01-16;16;enter_or_hold;stop_loss;9;39,86715239818541;23,03821494665354;16,496667861938477;13,619999885559082;380,0537801068901;313,78048493690676;0,9121290722565362;0,7530731638485761;16,496667861938477;-17,437872911392695;-17,437872911392695;-17,917872911392696
STLD;2007-12-28;2007-12-31;2008-01-17;17;enter_or_hold;stop_loss;11;35,609652453982044;12,759905390427972;29,78499984741211;23,55500030517578;380,0537801068901;300,559575365545;0,9121290722565362;0,721342980877308;29,78499984741211;-20,9165673129175;-20,9165673129175;-21,3965673129175
OXY;2007-12-28;2007-12-31;2008-01-22;22;enter_or_hold;stop_loss;12;35,29081252376942;5,1524928489677775;73,76114654541016;62,42728042602539;380,0537801068901;321,65611597560195;0,9121290722565362;0,7719746783414446;77,1335220336914;-19,065953712372195;-15,365631704771843;-15,845631704771844
GOOG;2007-10-26;2007-10-29;2008-01-23;86;enter_or_hold;stop_loss;14;33,97241071148376;54,89344801464273;16,917339324951172;13,66428279876709;928,6510867802782;750,0795974714981;2,2287626082726675;1,8001910339315954;18,47549819946289;-26,041059075936957;-19,22912618644582;-19,709126186445822
APA;2007-12-28;2007-12-31;2008-01-23;23;enter_or_hold;stop_loss;15;31,79401127217256;3,53406896848943;107,54000091552734;91,33000183105467;380,0537801068901;322,76652536321313;0,9121290722565362;0,7746396608717114;110,58999633789062;-17,415675146592847;-15,073460058090959;-15,553460058090959
CF;2007-03-30;2007-04-02;2008-01-28;301;enter_or_hold;market_filter_failed;1;83,52628573492346;17,275094819943153;10,106993051792374;21,28199958801269;174,59926331421985;367,64856084091036;0,4190382319541276;0,8823565460181848;23,96999931335449;-11,214016697298035;110,5670744894649;110,0870744894649
MOS;2007-03-30;2007-04-02;2008-01-28;301;enter_or_hold;market_filter_failed;3;80,36669154666411;4,030733378339461;33,82468639785345;92,6999969482422;136,33829247569258;373,648971871246;0,32721190194166216;0,8967575324909902;109,54000091552734;-15,373383080644166;174,0601815428067;173,5801815428067
AMZN;2007-04-27;2007-04-30;2008-01-28;273;enter_or_hold;market_filter_failed;8;52,56027331092537;82,0939928015691;3,7079429143156166;3,7909998893737793;304,3998389164554;311,2183176290003;0,7305596133994929;0,7469239623096007;5,040999889373779;-24,79666787208127;2,2399744812007905;1,7599744812007905
AAPL;2007-05-25;2007-05-29;2008-01-28;244;enter_or_hold;market_filter_failed;11;47,14149076324525;53,752332462877916;4,6259558934863785;4,643214225769043;248,6559191452892;249,58359475990187;0,5967742059486942;0,5990006274237645;7,136785984039307;-34,93970204300483;0,3730760232055985;-0,10692397679440147
ISRG;2007-07-27;2007-07-30;2008-01-28;182;enter_or_hold;market_filter_failed;5;68,82735382704823;10,595462256797342;24,624878098205883;30,841110229492188;260,911966467776;326,7758193943109;0,6261887195226622;0,7842619665463461;39,22222137451172;-21,368272502959094;25,243707223627652;24,76370722362765
J;2007-07-27;2007-07-30;2008-01-28;182;enter_or_hold;market_filter_failed;10;47,758984505258816;4,808306453919274;55,55036401279122;63,35144805908203;267,10317380026896;304,61317656761577;0,6410476171206454;0,7310716237622777;84,02193450927734;-24,601297947874514;14,043263594986533;13,563263594986532
BG;2007-09-28;2007-10-01;2008-01-28;119;enter_or_hold;market_filter_failed;13;36,9877095266752;3,266552359669152;108,3499984741211;117,31999969482422;353,93094318578926;383,23192183951227;0,8494342636458942;0,9197566124148293;133,0;-11,789473913666004;8,278727593010139;7,798727593010138
MA;2007-11-30;2007-12-03;2008-01-28;56;enter_or_hold;market_filter_failed;6;48,533785249983;17,670044798459738;20,1879997253418;18,899999618530277;356,7228595380826;333,963839950302;0,8561348628913981;0,8015132158807247;22,31999969482422;-15,322581196481844;-6,380028355135692;-6,860028355135691
WDC;2007-11-30;2007-12-03;2008-01-28;56;enter_or_hold;market_filter_failed;13;31,893915452487036;16,652868369874746;20,907028198242188;20,400604248046875;348,1619885905867;339,7285772086322;0,835588772617408;0,8153485853007172;23,832199096679688;-14,3989853169316;-2,422266547848684;-2,9022665478486838
ADM;2007-12-28;2007-12-31;2008-01-28;28;enter_or_hold;market_filter_failed;13;33,3834472175574;8,18552180936608;46,43000030517578;43,29999923706055;380,0537801068901;354,4330881004937;0,9121290722565362;0,8506394114411848;46,43000030517578;-6,7413332921436915;-6,7413332921436915;-7,221333292143692
MA;2008-05-30;2008-06-02;2008-06-27;25;enter_or_hold;stop_loss;1;61,53212755946412;28,59361528456186;32,0;27,17200088500977;914,9956891059795;776,9457398177437;2,1959896538543506;1,8646697755625847;32,0;-15,087497234344472;-15,087497234344472;-15,567497234344472
NSC;2008-05-30;2008-06-02;2008-06-30;28;enter_or_hold;left_top_n;14;25,78070373125394;13,703695298912306;66,7699966430664;62,66999816894531;914,9956891059795;858,8105592906187;2,1959896538543506;2,061145342297485;66,94999694824219;-6,392828938596762;-6,140480275951687;-6,620480275951687
APA;2008-05-30;2008-06-02;2008-06-30;28;enter_or_hold;rebalance_trim;10;31,110761983786997;4,092869845229853;136,0;139,0;556,63029895126;568,9089084869495;1,3359127174830239;1,3653813803686787;143,92999267578125;-3,4252712614851744;2,2058823529411686;1,7258823529411687
CF;2008-05-30;2008-06-02;2008-06-30;28;enter_or_hold;rebalance_trim;4;45,58408617916469;20,81025312467942;27,899999618530277;30,559999465942383;580,6060542400743;635,9613243763289;1,3934545301761783;1,5263071785031892;33,92399978637695;-9,916284464149394;9,534049762658125;9,054049762658124
DVN;2008-05-30;2008-06-02;2008-06-30;28;enter_or_hold;rebalance_trim;11;27,22243071659345;4,683079228746667;118,3499984741211;120,16000366210938;554,2424195763563;562,7188172761479;1,330181806983255;1,350525161462755;122,51000213623048;-1,9182094793435134;1,529366464997528;1,049366464997528
FSLR;2008-05-30;2008-06-02;2008-06-30;28;enter_or_hold;rebalance_trim;3;47,64587659178392;2,2322250046707017;255,9600067138672;272,82000732421875;571,360327182375;608,9956421235651;1,3712647852377;1,461589541096556;290,1300048828125;-5,966290031113985;6,586966779227765;6,106966779227765
HAS;2008-05-30;2008-06-02;2008-06-30;28;enter_or_hold;rebalance_trim;13;26,013406472520863;15,0361629503579;36,18000030517578;35,720001220703125;544,0083801326216;537,0917589414753;1,3056201123182916;1,2890202214595405;39,290000915527344;-9,086280508111066;-1,2714181332023067;-1,7514181332023067
MOS;2008-05-30;2008-06-02;2008-06-30;28;enter_or_hold;rebalance_trim;2;61,31175364712378;4,741597053269743;125,80999755859376;144,6999969482422;596,5403136957018;686,109079137926;1,4316967528696842;1,646661789931022;161,0800018310547;-10,168863109395987;15,014704519687117;14,534704519687116
OXY;2008-05-30;2008-06-02;2008-06-30;28;enter_or_hold;rebalance_trim;9;31,58342167995365;6,070417175498767;88,62068176269531;86,09140014648438;537,9645086766759;522,6107141119558;1,291114820824022;1,2542657138686937;89,63622283935547;-3,9546765588550747;-2,854053439787052;-3,334053439787052
ROST;2008-05-30;2008-06-02;2008-06-30;28;enter_or_hold;rebalance_trim;12;27,13324907065573;60,70269765247539;8,975000381469727;8,880000114440918;544,8067345872082;539,0399621008539;1,3075361630092994;1,2936959090420492;9,484999656677246;-6,378487761045104;-1,0584987519883682;-1,5384987519883682
STLD;2008-05-30;2008-06-02;2008-06-30;28;enter_or_hold;rebalance_trim;7;33,62422825278577;16,465311358665815;35,40999984741211;39,06999969482422;583,0366726979494;643,2997097582592;1,3992880144750783;1,5439193034198218;40,66999816894531;-3,9341001872550296;10,33606287258879;9,85606287258879
TTWO;2008-05-30;2008-06-02;2008-06-30;28;enter_or_hold;rebalance_trim;6;38,36339361307131;19,564501090574495;27,0;25,56999969482422;528,2415294455114;500,26428691537797;1,2677796706692273;1,200634288596907;27,649999618530277;-7,522603806157379;-5,2962974265769684;-5,776297426576969
WAB;2008-05-30;2008-06-02;2008-06-30;28;enter_or_hold;rebalance_trim;15;25,31709003480682;25,00322018602706;22,834999084472656;24,309999465942383;570,9485100567963;607,8282693691576;1,3702764241363108;1,4587878464859783;25,55500030517578;-4,871848265958512;6,459384456348394;5,979384456348393
WDC;2008-05-30;2008-06-02;2008-06-30;28;enter_or_hold;rebalance_trim;5;42,72780260697222;18,6749640208458;27,974300384521484;26,099773406982425;522,4190531892715;487,4123293276248;1,2538057276542514;1,1697895903862994;30,21919822692871;-13,631813753004918;-6,700889572831848;-7,180889572831848
NUE;2008-06-27;2008-06-30;2008-07-02;2;enter_or_hold;stop_loss;15;19,25246261739446;4,902232627906598;74,66999816894531;61,93999862670898;366,0497013495297;303,64428224034265;0,8785192832388712;0,7287462773768223;74,66999816894531;-17,04834586098951;-17,04834586098951;-17,52834586098951
APA;2008-05-30;2008-06-02;2008-07-16;44;enter_or_hold;stop_loss;10;31,110761983786997;2,6350396334905852;136,0;114,45999908447266;358,36539015471953;301,60663403688153;0,8600769363713268;0,7238559216885156;143,92999267578125;-20,47522760436258;-15,838235967299518;-16,31823596729952
OXY;2008-05-30;2008-06-02;2008-07-16;44;enter_or_hold;stop_loss;9;31,58342167995365;4,254437823429317;88,62068176269531;73,7707290649414;377,0311804293036;313,85297999584316;0,9048748330303287;0,7532471519900235;89,63622283935547;-17,69986872700776;-16,75675745478745;-17,23675745478745
DVN;2008-05-30;2008-06-02;2008-07-17;45;enter_or_hold;stop_loss;11;27,22243071659345;3,048189895908677;118,3499984741211;97,51000213623048;360,75326952962325;297,2290032616913;0,8658078468710957;0,713349607828059;123,0;-20,7235754989996;-17,608784627443463;-18,088784627443463
STLD;2008-05-30;2008-06-02;2008-07-24;52;enter_or_hold;stop_loss;7;33,62422825278577;9,374725157822638;35,40999984741211;29,31999969482422;331,95901640803015;274,8669387664207;0,7967016393792723;0,6596806530394096;40,66999816894531;-27,907546066199963;-17,19853199330914;-17,67853199330914
WDC;2008-05-30;2008-06-02;2008-07-25;53;enter_or_hold;stop_loss;5;42,72780260697222;14,033474672128904;27,974300384521484;23,38624382019043;392,576635916708;328,1902603268735;0,9421839262000993;0,7876566247844964;30,21919822692871;-22,611302773246145;-16,400969823251344;-16,880969823251345
HAS;2008-05-30;2008-06-02;2008-07-28;56;enter_or_hold;rebalance_trim;13;26,013406472520863;0,8158380756679698;36,18000030517578;38,150001525878906;29,517021826641173;31,12422383160316;0,07084085238393882;0,07469813719584757;40,40999984741211;-5,592670947950862;5,445000564085967;4,965000564085967
ROST;2008-05-30;2008-06-02;2008-07-28;56;enter_or_hold;rebalance_trim;12;27,13324907065573;1,5484029670283668;8,975000381469727;9,06999969482422;13,896917219748444;14,044014438412205;0,033352601327396265;0,03370563465218929;9,922499656677246;-8,591584694884258;1,0584881260911727;0,5784881260911727
UNP;2008-05-30;2008-06-02;2008-07-28;56;enter_or_hold;rebalance_trim;8;32,16426391219582;13,138805087113596;40,59000015258789;38,290000915527344;533,3041004907634;503,0848588145149;1,279929841177832;1,2074036611548358;40,85499954223633;-6,278298018476935;-5,666418399640993;-6,146418399640993
WAB;2008-05-30;2008-06-02;2008-07-28;56;enter_or_hold;rebalance_trim;15;25,31709003480682;2,1054172706218797;22,834999084472656;27,780000686645508;48,07720144708353;58,48849322355113;0,11538528347300049;0,1403723837365227;29,09000015258789;-4,503263867552243;21,65536150835825;21,17536150835825
TTWO;2008-05-30;2008-06-02;2008-07-31;59;enter_or_hold;stop_loss;11;17,88573337398276;15,146988790214992;26,824551495041657;22,799999237060547;406,31118079794066;345,3513328606665;0,9751468339150576;0,8288431988655995;27,649999618530277;-17,540688782575575;-15,003241559229885;-15,483241559229885
MA;2008-06-27;2008-06-30;2008-08-07;38;enter_or_hold;stop_loss;8;26,31607826914093;14,191719297082647;26,518220527138133;22,5;376,3391419792794;319,31368418435954;0,9032139407502705;0,7663528420424628;28,600000381469727;-21,32867237799755;-15,152677846637486;-15,632677846637486
MOS;2008-05-30;2008-06-02;2008-08-08;67;enter_or_hold;stop_loss;4;31,009544405833324;2,9353001771381155;125,37638427125488;104,41999816894533;368,01732296035084;306,5040391220669;0,8832415751048419;0,7356096938929605;161,0800018310547;-35,17507016267357;-16,7147794412143;-17,1947794412143
APH;2008-07-25;2008-07-28;2008-09-02;36;enter_or_hold;left_top_n;15;15,580024387486311;60,25839936800675;5,974999904632568;5,84499979019165;360,04393047715155;352,21033166328414;0,8641054331451636;0,8453047959918819;6,493750095367432;-9,990379913735703;-2,1757341676294506;-2,6557341676294506
GILD;2008-07-25;2008-07-28;2008-09-02;36;enter_or_hold;left_top_n;13;16,630111852100814;13,671689500435052;26,334999084472656;25,13999938964844;360,04393047715155;343,70626569640024;0,8641054331451636;0,8248950376713605;28,549999237060547;-11,943957753195345;-4,537686487062754;-5,017686487062754
TECH;2008-07-25;2008-07-28;2008-09-02;36;enter_or_hold;left_top_n;14;16,577977493989348;18,09720644347363;19,895000457763672;19,184999465942383;360,04393047715155;347,1948959530907;0,8641054331451636;0,8332677502874175;20,475000381469727;-6,300370654424114;-3,5687407664483084;-4,048740766448308
NSC;2008-07-25;2008-07-28;2008-09-02;36;enter_or_hold;rebalance_trim;5;27,655284543376023;0,07521301188553595;69,0199966430664;69,9800033569336;5,191201827854606;5,263406824234892;0,012458884386851051;0,012632176378163738;73,63999938964844;-4,970119585890886;1,390910983134086;0,910910983134086
ROST;2008-05-30;2008-06-02;2008-09-02;92;enter_or_hold;rebalance_trim;12;27,13324907065573;3,9517847162399384;8,975000381469727;10,0649995803833;35,46726933573967;39,774711510720124;0,08512144640577522;0,0954593076257283;10,0649995803833;0,0;12,14483735470413;11,66483735470413
STE;2008-07-25;2008-07-28;2008-09-02;36;enter_or_hold;rebalance_trim;12;17,757885344690692;1,6789756455019456;31,63999938964844;37,09000015258789;53,12278839891615;62,27320694785851;0,12749469215739875;0,14945569667486042;37,84999847412109;-2,007921670202506;17,225034349155234;16,745034349155233
TDY;2008-07-25;2008-07-28;2008-09-02;36;enter_or_hold;rebalance_trim;6;26,450194398281912;0,11856451170007808;61,58000183105469;62,810001373291016;7,301202847588912;7,447037142705483;0,017522886834213387;0,01787288914249316;64,5199966430664;-2,650333786028114;1,9974009510601132;1,5174009510601132
UNP;2008-05-30;2008-06-02;2008-09-02;92;enter_or_hold;rebalance_trim;8;32,16426391219582;0,6239767637240768;40,59000015258789;40,97999954223633;25,32721693477158;25,570567491778775;0,06078532064345179;0,06136936198026905;41,95000076293945;-2,312279387513305;0,9608262827847547;0,4808262827847547
WAB;2008-05-30;2008-06-02;2008-09-02;92;enter_or_hold;rebalance_trim;15;25,31709003480682;0,6733878546819888;22,834999084472656;29,280000686645508;15,376811045158215;19,71679684746738;0,036904346508379725;0,04732031243392171;29,84499931335449;-1,8931098666709167;28,224225358324297;27,744225358324297
PWR;2008-06-27;2008-06-30;2008-09-04;66;enter_or_hold;stop_loss;13;21,895601788696474;11,002395440728368;33,27000045776367;27,82999992370605;366,0497013495297;306,19666427605426;0,8785192832388712;0,7348719942625301;35,220001220703125;-20,982399321022914;-16,351068407599545;-16,831068407599545
CF;2008-05-30;2008-06-02;2008-09-09;99;enter_or_hold;stop_loss;2;30,458614809725184;13,033737558669042;27,919922020463943;21,016000747680664;363,9009362732318;273,91703827806214;0,8733622470557562;0,6574008918673491;33,92399978637695;-38,049755689126684;-24,72758078522942;-25,20758078522942
FSLR;2008-05-30;2008-06-02;2008-09-09;99;enter_or_hold;stop_loss;8;23,13109310220052;1,380595872357199;256,117351520346;200,25999450683597;353,5945583480474;276,47812181441304;0,8486269400353137;0,6635474923545912;290,1300048828125;-30,97577253765127;-21,809282612807557;-22,289282612807558
TTWO;2008-08-29;2008-09-02;2008-09-15;13;enter_or_hold;stop_loss;15;17,222215936483632;14,661095327634103;24,540000915527344;16,56999969482422;359,7832927627745;242,93434510468586;0,8634799026306588;0,583042428251246;24,540000915527344;-32,47759137474285;-32,47759137474285;-32,95759137474285
FFIV;2008-08-29;2008-09-02;2008-09-17;15;enter_or_hold;stop_loss;12;18,388489392542272;10,778408665374236;33,380001068115234;27,420000076293945;359,7832927627745;295,54396642688886;0,8634799026306588;0,7093055194245332;33,5;-18,14925350360016;-17,85500539577368;-18,33500539577368
HAS;2008-05-30;2008-06-02;2008-09-29;119;enter_or_hold;market_filter_failed;9;21,9623908631432;9,463000747789494;36,18484297786408;34,0;342,41719615817317;321,7420254248428;0,8218012707796156;0,7721808610196226;40,79999923706055;-16,666665108375266;-6,03800596620151;-6,51800596620151
ROST;2008-05-30;2008-06-02;2008-09-29;119;enter_or_hold;market_filter_failed;12;27,13324907065573;35,746490732822195;8,975000381469727;9,050000190734863;320,8247679632832;323,5057479501429;0,7699794431118797;0,7764137950803429;10,327500343322754;-12,369887292367498;0,8356524354025119;0,3556524354025119
UNP;2008-05-30;2008-06-02;2008-09-29;119;enter_or_hold;market_filter_failed;8;32,16426391219582;8,779610010859383;40,59000015258789;34,57500076293945;356,36437168044455;303,55502282377404;0,8552744920330669;0,7285320547770576;41,95000076293945;-17,58045260040951;-14,818919357074556;-15,298919357074556
WAB;2008-05-30;2008-06-02;2008-09-29;119;enter_or_hold;market_filter_failed;15;25,31709003480682;12,28785538895595;22,834999084472656;24,09499931335449;280,59316655694147;296,0758671594929;0,6734235997366597;0,7105820811827829;29,84499931335449;-19,26620918844215;5,517846636300527;5,037846636300527
NSC;2008-07-25;2008-07-28;2008-09-29;63;enter_or_hold;market_filter_failed;5;27,655284543376023;5,141303186153438;69,0199966430664;65,5;354,8527286492969;336,7553586930502;0,8516465487583126;0,8082128608633204;73,63999938964844;-11,053774385001791;-5,099966407228185;-5,579966407228184
STE;2008-07-25;2008-07-28;2008-09-29;63;enter_or_hold;market_filter_failed;12;17,757885344690692;9,700415549901997;31,63999938964844;36,560001373291016;306,9211420782354;354,64720582591053;0,7366107409877649;0,8511532939821852;38,380001068115234;-4,74205222556966;15,549943358255035;15,069943358255035
TDY;2008-07-25;2008-07-28;2008-09-29;63;enter_or_hold;market_filter_failed;6;26,450194398281912;5,728202616773472;61,58000183105469;54,02000045776367;352,74272762956264;309,437507980266;0,8465825463109502;0,7426500191526383;64,5199966430664;-16,274018492887055;-12,276715083627233;-12,756715083627233
COHR;2008-08-29;2008-09-02;2008-09-29;27;enter_or_hold;market_filter_failed;7;23,621833629280346;16,496254084031392;21,809999465942383;18,90999984741211;359,7832927627745;311,944162211905;0,8634799026306588;0,748665989308572;21,920000076293945;-13,731752821192245;-13,296651488042432;-13,776651488042432
DLR;2008-08-29;2008-09-02;2008-09-29;27;enter_or_hold;market_filter_failed;14;17,51629318965189;7,8521015966618455;45,81999969482422;44,400001525878906;359,7832927627745;348,63332287314216;0,8634799026306588;0,8367199748955411;49,27999877929688;-9,902592074470828;-3,099079394157467;-3,579079394157467
DLTR;2008-08-29;2008-09-02;2008-09-29;27;enter_or_hold;market_filter_failed;11;18,52028060715549;27,77534519590491;12,953332901000977;12,266667366027832;359,7832927627745;340,7109204947647;0,8634799026306588;0,8177062091874352;13,6899995803833;-10,39687551484656;-5,301072243114213;-5,781072243114213
GEN;2008-08-29;2008-09-02;2008-09-29;27;enter_or_hold;market_filter_failed;10;19,672788173783665;16,17003562978762;22,25;18,6200008392334;359,7832927627745;301,08607699707943;0,8634799026306588;0,7226065847929906;22,25;-16,314602969737535;-16,314602969737535;-16,794602969737536
FFIV;2009-07-31;2009-08-03;2009-08-31;28;enter_or_hold;left_top_n;10;38,90015845751063;36,818561435604714;37,91999816894531;34,5;1396,1597822213312;1270,2403695283626;3,3507834773311944;3,0485768868680703;38,02000045776367;-9,258286205635457;-9,01898294854384;-9,49898294854384
ISRG;2009-07-31;2009-08-03;2009-08-31;28;enter_or_hold;left_top_n;9;39,60275886161539;53,54057480419071;26,07666778564453;24,745555877685547;1396,1597822213312;1324,8912855405042;3,3507834773311944;3,17973908529721;26,53222274780273;-6,733950966340152;-5,104608912844977;-5,584608912844978
ROK;2009-07-31;2009-08-03;2009-08-31;28;enter_or_hold;left_top_n;15;32,498137539798044;33,40894356627255;41,790000915527344;41,84999847412109;1396,1597822213312;1398,1642372705037;3,3507834773311944;3,3555941694492084;42,380001068115234;-1,2505959901754182;0,14356917271913794;-0,33643082728086204
AES;2009-07-31;2009-08-03;2009-08-31;28;enter_or_hold;rebalance_trim;13;36,18363035704704;1,3028226250355024;13,199999809265137;13,670000076293944;17,19725840197494;17,809585383632793;0,041273420164739845;0,0427430049207187;14,420000076293944;-5,201109542523364;3,5606081350009644;3,0806081350009644
BLDR;2009-07-31;2009-08-03;2009-08-31;28;enter_or_hold;rebalance_trim;2;84,1653489505503;42,27807037380537;5,306981086730957;6,467619895935059;224,36891985726552;273,43848911136615;0,5384854076574371;0,6562523738672787;6,989066123962402;-7,460885600145295;21,87003854424969;21,39003854424969
CBRE;2009-07-31;2009-08-03;2009-08-31;28;enter_or_hold;rebalance_trim;6;49,62645631820155;2,6134720482114107;11,329999923706056;11,84000015258789;29,610638106843194;30,94350944960729;0,07106553145642366;0,07426442267905749;12,109999656677246;-2,2295583133273067;4,501325969250436;4,0213259692504355
DXCM;2009-07-31;2009-08-03;2009-08-31;28;enter_or_hold;rebalance_trim;7;40,864679528513314;104,62205772711857;1,6699999570846558;1,9524999856948853;174,7188319143964;204,27456621556848;0,4193251965945513;0,4902589589173643;2,0924999713897705;-6,690560937112067;16,916169812566583;16,436169812566582
EXPE;2009-07-31;2009-08-03;2009-08-31;28;enter_or_hold;rebalance_trim;3;67,51753116248803;1,8424441263472255;42,540000915527344;46,09999847412109;78,37757482161895;84,93667141326046;0,18810617957188547;0,20384801139182507;46,58000183105469;-1,0304923530801258;8,368588345032979;7,888588345032979
LULU;2009-07-31;2009-08-03;2009-08-31;28;enter_or_hold;rebalance_trim;8;40,55339725446536;6,942831578159411;9,350000381469728;10,029999732971191;64,91547790427057;69,63659887500285;0,15579714697024935;0,16712783730000683;10,324999809265137;-2,857143648847593;7,272720040195058;6,792720040195057
WDC;2009-07-31;2009-08-03;2009-08-31;28;enter_or_hold;rebalance_trim;5;51,67146406474748;3,7296709708484483;23,72637939453125;25,910808563232425;88,49158847111998;96,63879052949937;0,21237981233068795;0,23193309727079847;26,311412811279297;-1,5225493625911968;9,206753092739772;8,726753092739772
BLDR;2009-07-31;2009-08-03;2009-09-01;29;enter_or_hold;stop_loss;2;84,1653489505503;220,80177849020302;5,306981086730957;4,188394069671631;1171,7908623640656;924,8048596013153;2,812298069673757;2,2195316630431567;6,989066123962402;-40,072192831149664;-21,07765222408893;-21,55765222408893
F;2009-07-31;2009-08-03;2009-09-17;45;enter_or_hold;stop_loss;2;90,23189860996368;187,8897961485059;8,251193022956631;6,920000076293945;1550,3149750652954;1300,1974036825147;3,7207559401567085;3,120473768838035;8,4399995803833;-18,009473692655387;-16,133339057261352;-16,613339057261353
AAPL;2009-07-31;2009-08-03;2009-09-28;56;enter_or_hold;left_top_n;11;38,25407820913307;234,8883602619065;5,943929195404053;6,648213863372803;1396,1597822213312;1561,5880530381123;3,3507834773311944;3,747811327291469;6,625;0,35039793770268446;11,84880648499842;11,36880648499842
MSCI;2009-07-31;2009-08-03;2009-09-28;56;enter_or_hold;left_top_n;14;35,31706836745781;49,00525775492259;28,489999771118164;29,649999618530277;1396,1597822213312;1453,0058737394327;3,3507834773311944;3,487214096974638;30,549999237060547;-2,9459890049308712;4,071603568730331;3,591603568730331
AXP;2009-08-28;2009-08-31;2009-09-28;28;enter_or_hold;left_top_n;15;46,08707764190241;42,22242595196154;33,81999969482422;34,40999984741211;1427,9624328100774;1452,8736705643657;3,4271098387441854;3,4868968093544774;35,84000015258789;-3,9899561916506454;1,744530330904115;1,264530330904115
NVDA;2009-08-28;2009-08-31;2009-09-28;28;enter_or_hold;left_top_n;14;48,828357133046566;3933,7807472140216;0,3630000054836273;0,3707500100135803;1427,9624328100774;1458,449251420828;3,4271098387441854;3,500278203409987;0,4117499887943268;-9,957493599648004;2,1349874415642622;1,6549874415642623
ON;2009-08-28;2009-08-31;2009-09-28;28;enter_or_hold;left_top_n;12;52,395897047821634;176,94702438785922;8,069999694824219;8,180000305175781;1427,9624328100774;1447,4267134926347;3,4271098387441854;3,473824112382323;9,06999969482422;-9,812562509305444;1,3630807250477606;0,8830807250477606
CTSH;2009-08-28;2009-08-31;2009-09-28;28;enter_or_hold;rebalance_trim;11;52,67254482014825;6,327551928851687;17,434999465942383;19,325000762939453;110,32086450025184;122,27994585259786;0,2647700748006044;0,2934718700462348;19,65999984741211;-1,7039628030147358;10,840271608203999;10,360271608203998
EXPE;2009-07-31;2009-08-03;2009-09-28;56;enter_or_hold;rebalance_trim;3;67,51753116248803;0,626745957466353;42,540000915527344;48,119998931884766;26,661773604421715;30,159014803844;0,06398825665061211;0,0723816355292256;49,84000015258789;-3,4510457773620495;13,117061345244796;12,637061345244796
FCX;2009-07-31;2009-08-03;2009-09-28;56;enter_or_hold;rebalance_trim;9;55,16871381229671;2,9893003373902642;32,51093213026184;34,47999954223633;97,18494038586371;103,07107426482321;0,23324385692607288;0,24737057823557568;36,57500076293945;-5,727959472323341;6,056631671109902;5,576631671109903
LULU;2009-07-31;2009-08-03;2009-09-28;56;enter_or_hold;rebalance_trim;8;40,55339725446536;18,29432021776778;9,350000381469728;11,770000457763672;171,05190101485806;215,32415733760197;0,4105245624356593;0,5167779776102447;12,25;-3,918363610092479;25,88235270118291;25,40235270118291
SWKS;2009-07-31;2009-08-03;2009-09-28;56;enter_or_hold;rebalance_trim;10;52,72550310841482;12,39131840524738;11,952985604515654;13,229999542236328;148,1132505188918;163,93713682912744;0,3554718012453403;0,3934491283899058;14,279999732971191;-7,352942649645222;10,683639886910257;10,203639886910256
WDC;2009-07-31;2009-08-03;2009-09-28;56;enter_or_hold;rebalance_trim;5;51,67146406474748;2,8219235194627066;23,72637939453125;27,9289493560791;66,95402804512307;78,81335906180243;0,16068966730829534;0,18915206174832583;27,853364944458008;0,27136545897350484;17,712647562722992;17,232647562722992
HIG;2009-09-25;2009-09-28;2009-10-26;28;enter_or_hold;stop_loss;5;74,99023446673625;51,026768395309496;28,6200008392334;24,31999969482422;1460,386154297126;1240,970991801793;3,5049267703131024;2,978330380324303;29,200000762939453;-16,712331988391306;-15,024461978752191;-15,504461978752191
LVS;2009-09-25;2009-09-28;2009-10-27;29;enter_or_hold;stop_loss;1;108,36938466630808;82,7883336069793;17,639999389648438;14,3100004196167;1460,386154297126;1184,701088655241;3,5049267703131024;2,843282612772578;18,280000686645508;-21,717724933834937;-18,877545834756994;-19,357545834756994
LEN;2009-08-28;2009-08-31;2009-10-28;58;enter_or_hold;stop_loss;7;65,78702332151514;99,02056763662428;14,42086696624756;12,02214813232422;1427,9624328100774;1190,4399322743268;3,4271098387441854;2,857055837458384;16,543542861938477;-27,330268778258937;-16,633665919931218;-17,11366591993122
AMD;2009-09-25;2009-09-28;2009-10-28;30;enter_or_hold;stop_loss;6;71,79123644790018;245,85625256382465;5,940000057220459;4,849999904632568;1460,386154297126;1192,4028014878702;3,5049267703131024;2,8617667235708883;6,25;-22,40000152587891;-18,350170742219508;-18,830170742219508
RCL;2009-09-25;2009-09-28;2009-10-28;30;enter_or_hold;stop_loss;2;78,52247201303169;60,07347537555834;24,309999465942383;19,76000022888184;1460,386154297126;1187,0518871707602;3,5049267703131024;2,848924529209824;24,61000061035156;-19,707437062921862;-18,716574812907595;-19,196574812907595
AES;2009-07-31;2009-08-03;2009-11-02;91;enter_or_hold;left_top_n;13;36,18363035704704;104,4668593746082;13,199999809265137;13,210000038146973;1378,9625238193562;1380,007216323669;3,3095100571664546;3,312017319176805;15,239999771118164;-13,320208421645209;0,07575931080556764;-0,40424068919443235
DXCM;2009-07-31;2009-08-03;2009-11-02;91;enter_or_hold;left_top_n;12;62,94852624651144;732,0231332363746;1,670275820035209;1,6950000524520874;1222,6805391511286;1240,7792492317963;2,9344332939627082;2,9778701981563107;2,119999885559082;-20,04716302118642;1,4802484787427073;1,0002484787427073
SWKS;2009-07-31;2009-08-03;2009-11-02;91;enter_or_hold;left_top_n;10;52,72550310841482;110,39134872791826;11,952985604515654;10,31999969482422;1319,5062022078741;1139,2386851833505;3,1668148852988978;2,734172844440041;14,279999732971191;-27,731093222667912;-13,66174078779544;-14,14174078779544
CTSH;2009-08-28;2009-08-31;2009-11-02;63;enter_or_hold;rebalance_trim;11;52,67254482014825;6,561526778765461;17,434999465942383;19,399999618530277;114,40021588354244;127,29361700502614;0,27456051812050186;0,3055046808120627;20,57999992370605;-5,733723564384152;11,270434257404682;10,790434257404682
EXPE;2009-07-31;2009-08-03;2009-11-02;91;enter_or_hold;rebalance_trim;3;67,51753116248803;1,3335753805919202;42,540000915527344;46,13999938964844;56,730297911305016;61,53116724656138;0,13615271498713205;0,1476748013917473;53,040000915527344;-13,00905242605105;8,462619644201919;7,982619644201918
F;2009-09-25;2009-09-28;2009-11-02;35;enter_or_hold;rebalance_trim;7;71,63037008981397;18,34859356222858;7,489999771118164;7,579999923706055;137,43096158143226;139,08233780180603;0,32983430779543743;0,33379761072433445;7,78000020980835;-2,5706976954853022;1,201604210122098;0,7216042101220981
FCX;2009-07-31;2009-08-03;2009-11-02;91;enter_or_hold;rebalance_trim;9;55,16871381229671;6,467895413997379;32,51093213026184;37,30500030517578;210,2773088301006;241,28484039301725;0,5046655411922413;0,5790836169432414;41,4900016784668;-10,086770797753475;14,746018833620344;14,266018833620343
ISRG;2009-09-25;2009-09-28;2009-11-02;35;enter_or_hold;rebalance_trim;9;66,72227962320827;1,8401715797874139;28,77777862548828;27,37555694580078;52,95605035603724;50,37572187251453;0,12709452085448936;0,12090173249403487;29,71666717529297;-7,878104955991272;-4,872584843798755;-5,3525848437987555
LULU;2009-07-31;2009-08-03;2009-11-02;91;enter_or_hold;rebalance_trim;8;40,55339725446536;15,631779267703799;9,350000381469728;12,345000267028809;146,15714211608108;192,9743192339388;0,35077714107859453;0,46313836616145304;13,949999809265137;-11,5053732199361;32,03208303065648;31,55208303065648
ULTA;2009-09-25;2009-09-28;2009-11-02;35;enter_or_hold;rebalance_trim;8;69,93748341558437;2,818430318390476;16,25;15,380000114440918;45,79949267384523;43,34745861938927;0,10991878241722855;0,10403390068653424;17,440000534057617;-11,811928649852032;-5,353845449594353;-5,833845449594353
CBRE;2009-07-31;2009-08-03;2009-11-30;119;enter_or_hold;left_top_n;11;65,61986671045474;121,29453147210508;11,333987286274557;11,43000030517578;1374,750677599468;1386,3965317423142;3,2994016262387227;3,327351676181554;13,619999885559082;-16,07929220840376;0,847124815619793;0,36712481561979304
ALGN;2009-10-30;2009-11-02;2009-11-30;28;enter_or_hold;left_top_n;11;51,31053048696717;83,41074067262187;16,049999237060547;16,360000610351562;1338,7423241582362;1364,5997683139697;3,212981577979767;3,275039443953527;17,079999923706055;-4,215452673130137;1,9314728225980238;1,4514728225980238
MSI;2009-10-30;2009-11-02;2009-11-30;28;enter_or_hold;left_top_n;12;49,153226961250574;36,67407733317094;36,50377655029297;32,38042449951172;1338,7423241582362;1187,5221921759958;3,212981577979767;2,8500532612223894;37,63567352294922;-13,963478082125969;-11,295686201399779;-11,775686201399779
AMZN;2009-10-30;2009-11-02;2009-11-30;28;enter_or_hold;rebalance_trim;4;61,23620166672876;14,644140580257531;5,941999912261963;6,795499801635742;87,0154820430421;99,51425440826597;0,20883715690330104;0,2388342105798383;6,701499938964844;1,402669007341939;14,36384890569402;13,88384890569402
CTSH;2009-08-28;2009-08-31;2009-11-30;91;enter_or_hold;rebalance_trim;11;52,67254482014825;3,8400740159358233;17,434999465942383;21,96500015258789;66,95168841702029;84,34722634597915;0,1606840522008487;0,20243334323034995;22,854999542236328;-3,8941124807450045;25,982224407258702;25,5022244072587
EXPE;2009-07-31;2009-08-03;2009-11-30;119;enter_or_hold;rebalance_trim;3;67,51753116248803;0,9260518190833185;42,540000915527344;50,959999084472656;39,39424523163013;47,19159985266015;0,0945461885559123;0,11325983964638434;53,040000915527344;-3,9215720119751607;19,79313114182837;19,313131141828368
F;2009-09-25;2009-09-28;2009-11-30;63;enter_or_hold;rebalance_trim;7;71,63037008981397;15,603334756766387;7,489999771118164;8,890000343322754;116,86897375686033;138,71365134463304;0,2804855370164648;0,33291276322711927;8,979999542236328;-1,0022183017969422;18,69159699581122;18,21159699581122
FCX;2009-07-31;2009-08-03;2009-11-30;119;enter_or_hold;rebalance_trim;9;55,16871381229671;1,3114921956587409;32,51093213026184;41,400001525878906;42,63783376242941;54,29577890145015;0,10233080102983057;0,13030986936348035;43,65999984741211;-5,176358977168349;27,341785710730004;26,861785710730004
ISRG;2009-09-25;2009-09-28;2009-11-30;63;enter_or_hold;rebalance_trim;9;66,72227962320827;2,982164636717154;28,77777862548828;31,17111015319824;85,82007374020594;92,95738238608283;0,20596817697649425;0,22309771772659875;31,405555725097656;-0,7465098658071545;8,31659579725239;7,836595797252389
LVS;2009-10-30;2009-11-02;2009-11-30;28;enter_or_hold;rebalance_trim;2;73,94041585089701;0,24240720004634467;14,289999961853027;15,31999969482422;3,463998879415164;3,713678230733194;0,008313597310596393;0,008912827753759666;18,1200008392334;-15,452544231381161;7,207835799305551;6,72783579930555
RCL;2009-10-30;2009-11-02;2009-11-30;28;enter_or_hold;rebalance_trim;15;47,43451079422933;6,504362939603066;20,670000076293945;24,56999969482422;134,44518245783888;159,8121954410733;0,32266843789881333;0,3835492690585759;24,88999938964844;-1,2856556957462462;18,867922613135903;18,387922613135903
FCX;2009-07-31;2009-08-03;2009-12-28;147;enter_or_hold;left_top_n;9;55,16871381229671;34,577848832536844;32,51093213026184;40,900001525878906;1124,1580966050592;1414,234070012367;2,6979794318521413;3,3941617680296807;43,65999984741211;-6,321571990790553;25,803841495545264;25,323841495545263
HIG;2009-10-30;2009-11-02;2009-12-28;56;enter_or_hold;left_top_n;3;61,3790864745765;53,95978851172399;24,809999465942383;23,700000762939453;1338,7423241582362;1278,8470288959102;3,212981577979767;3,0692328693501842;25,96999931335449;-8,740849481839374;-4,473997286967569;-4,953997286967569
LVS;2009-10-30;2009-11-02;2009-12-28;56;enter_or_hold;left_top_n;2;73,94041585089701;93,44145058385791;14,289999961853027;15,210000038146973;1335,278325278821;1421,2444669449874;3,2046679806691705;3,4109867206679696;18,1200008392334;-16,059606326207753;6,438069130509971;5,958069130509971
TXT;2009-11-27;2009-11-30;2009-12-28;28;enter_or_hold;left_top_n;15;54,516396586567375;71,39331366779287;20,049999237060547;19,25;1431,4358845704712;1374,3212881050126;3,4354461229691307;3,29837109145203;20,6200008392334;-6,644038717140677;-3,9900212842992167;-4,470021284299216
AMD;2009-11-27;2009-11-30;2009-12-28;28;enter_or_hold;rebalance_trim;2;77,99320170127453;47,12149691902847;7,010000228881836;9,829999923706056;330,32170418764434;463,20431111896505;0,7927720900503464;1,111690346685516;9,90999984741211;-0,8072646310579357;40,22823969684861;39,748239696848614
F;2009-09-25;2009-09-28;2009-12-28;91;enter_or_hold;rebalance_trim;7;71,63037008981397;9,646490508223021;7,489999771118164;10,199999809265137;72,25221169868398;98,39420134395277;0,17340530807684154;0,23614608322548664;10,130000114440918;0,6910137614354994;36,181577048865556;35,70157704886556
FFIV;2009-10-30;2009-11-02;2009-12-28;56;enter_or_hold;rebalance_trim;10;51,33291584300135;0,3884901942617902;44,790000915527344;52,34000015258789;17,40047615665898;20,333576826940998;0,041761142775981544;0,04880058438465839;52,59000015258789;-0,4753755453025921;16,85643912198089;16,37643912198089
ISRG;2009-09-25;2009-09-28;2009-12-28;91;enter_or_hold;rebalance_trim;9;66,72227962320827;0,5863235943666479;28,77777862548828;34,05666732788086;16,873090601583982;19,96822759983229;0,04049541744380155;0,04792374623959749;33,985557556152344;0,20923526592442343;18,34362815522217;17,86362815522217
LULU;2009-07-31;2009-08-03;2009-12-28;147;enter_or_hold;rebalance_trim;1;80,60633318849277;6,764865493474357;9,382169621033308;15,045000076293944;63,4691155232516;101,77740186543997;0,1523258772558038;0,24426576447705592;15,119999885559082;-0,49603048831217134;60,357365982442744;59,87736598244275
PODD;2009-10-30;2009-11-02;2009-12-28;56;enter_or_hold;rebalance_trim;11;56,90423321226479;9,005510788860994;11,873284792605793;14,329999923706056;106,92499429903062;129,0489689173121;0,25661998631767347;0,309717525401549;14,279999732971191;0,3501413982482049;20,691116013912247;20,211116013912246
ULTA;2009-09-25;2009-09-28;2009-12-28;91;enter_or_hold;rebalance_trim;12;55,87471847298238;2,4701745448603347;16,25014837376681;18,239999771118164;40,14070286308234;45,055983132874424;0,0963376868713976;0,1081343595188986;18,82999992370605;-3,133298751876812;12,24512756181133;11,76512756181133
WDC;2009-07-31;2009-08-03;2009-12-28;147;enter_or_hold;rebalance_trim;5;51,67146406474748;5,833460585591297;23,72637939453125;33,23507308959961;138,40689903678356;193,8754889274253;0,33217655768828047;0,46530117342582067;33,74149703979492;-1,500893542447257;40,07646315080016;39,59646315080016
EXPE;2009-07-31;2009-08-03;2010-02-01;182;enter_or_hold;left_top_n;12;58,14728896016006;28,506939887529324;42,70950105935648;44,20000076293945;1217,517179325445;1260,0067647778653;2,922041230381068;3,0240162354668767;54,18000030517578;-18,420080262131233;3,489855106271378;3,009855106271378
WDC;2009-07-31;2009-08-03;2010-02-01;182;enter_or_hold;left_top_n;5;51,67146406474748;46,459143569219755;23,72637939453125;30,00755882263184;1102,3072666683047;1394,1254835024595;2,6455374400039307;3,3459011604059024;35,14739227294922;-14,623655178746198;26,47340044452107;25,99340044452107
CTSH;2009-08-28;2009-08-31;2010-02-01;154;enter_or_hold;left_top_n;11;52,67254482014825;65,17291074363936;17,434999465942383;22,34499931335449;1136,2896640092629;1456,2886458159348;2,7270951936222305;3,495092749958243;24,38999938964844;-8,384584368468195;28,161743606607637;27,681743606607636
AMZN;2009-10-30;2009-11-02;2010-02-01;91;enter_or_hold;left_top_n;11;59,42204395707853;221,65471064765399;5,992779999207494;5,94350004196167;1328,3279166993852;1317,4047820353333;3,1879870000785244;3,1617714768847995;7,112500190734863;-16,4358540235401;-0,8223221485244125;-1,3023221485244125
AXP;2009-11-27;2009-11-30;2010-02-01;63;enter_or_hold;left_top_n;15;55,58155898573973;37,61110569193107;41,759681519034416;38,209999084472656;1570,6277952737842;1437,1203140546907;3,7695067086570817;3,449088753731257;42,97999954223633;-11,098186385684361;-8,500262227679546;-8,980262227679546
CBRE;2009-12-25;2009-12-28;2010-02-01;35;enter_or_hold;left_top_n;10;64,18316857219834;112,61384796957672;13,710000038146973;12,770000457763672;1543,9358599587742;1438,0788901220233;3,705446063901058;3,4513893362928556;14,199999809265137;-10,070418103586364;-6,85630618357278;-7,3363061835727805
AMD;2009-11-27;2009-11-30;2010-02-01;63;enter_or_hold;rebalance_trim;2;77,99320170127453;39,67764175202848;7,010000228881836;7,980000019073486;278,14027776321115;316,6275819379782;0,6675366666317067;0,7599061966511477;9,90999984741211;-19,475276065141635;13,837371733529524;13,357371733529524
F;2009-09-25;2009-09-28;2010-02-01;126;enter_or_hold;rebalance_trim;7;71,63037008981397;67,13044294610192;7,489999771118164;11,119999885559082;502,8070023013644;746,4905178781838;1,2067368055232746;1,791577242907641;12,109999656677246;-8,175060274029777;48,464622501570574;47,98462250157058
ISRG;2009-09-25;2009-09-28;2010-02-01;126;enter_or_hold;rebalance_trim;9;66,72227962320827;19,682888291583904;28,77777862548828;36,51666641235352;566,4298019654168;718,7534657753883;1,3594315247170001;1,725008317860932;37,81666564941406;-3,437635800872574;26,89188727030849;26,41188727030849
LULU;2009-07-31;2009-08-03;2010-02-01;182;enter_or_hold;rebalance_trim;1;80,60633318849277;36,538469550716464;9,382169621033308;14,175000190734863;342,81011901778254;517,9328128505658;0,8227442856426779;1,2430387508413578;16,25;-12,76922959547776;51,0844587477592;50,6044587477592
PODD;2009-10-30;2009-11-02;2010-02-01;91;enter_or_hold;rebalance_trim;11;56,90423321226479;41,02374377406213;11,873284792605793;14,039999961853027;487,0865930883284;575,9733610229007;1,1690078234119883;1,3823360664549615;15,029999732971191;-6,586824941496239;18,248658287019094;17,768658287019093
RCL;2009-10-30;2009-11-02;2010-02-01;91;enter_or_hold;rebalance_trim;7;66,34248817199138;24,299505667885498;20,78124964659682;26,600000381469727;504,974093573223;646,3668600352801;1,211937824575735;1,551280464084672;27,6200008392334;-3,692977649424223;28,000004012394886;27,520004012394885
SMCI;2009-12-25;2009-12-28;2010-02-01;35;enter_or_hold;rebalance_trim;13;56,3507995981204;598,8875250441723;1,1430000066757202;1,246000051498413;684,5284451234945;746,2138870467959;1,6428682682963867;1,79091332891231;1,350000023841858;-7,703701519017725;9,011377447166979;8,531377447166978
UAL;2009-12-25;2009-12-28;2010-02-01;35;enter_or_hold;rebalance_trim;2;92,6580085143755;48,668243728865704;12,640000343322754;12,75;615,166617441778;620,5201075430377;1,476399881860267;1,4892482581032904;13,949999809265137;-8,602149287974436;0,870250424758523;0,390250424758523
ULTA;2009-09-25;2009-09-28;2010-02-01;126;enter_or_hold;rebalance_trim;12;55,87471847298238;37,31347055369239;16,25014837376681;19,790000915527344;606,3494328376802;738,433616419075;1,4552386388104321;1,7722406794057797;21,61000061035156;-8,422025189357951;21,783509050754546;21,303509050754545
DD;2009-11-27;2009-11-30;2010-03-01;91;enter_or_hold;left_top_n;14;54,92519562334266;86,52673956310346;16,543277740478516;17,08519172668457;1431,4358845704712;1478,3259349205257;3,4354461229691307;3,5479822438092614;18,550148010253903;-7,897275443622087;3,275735284792347;2,795735284792347
ALGN;2010-01-29;2010-02-01;2010-03-01;28;enter_or_hold;left_top_n;12;47,7989321065353;50,39836811965968;18,57999992370605;18,780000686645508;936,4016758181863;946,4813878930219;2,247364021963647;2,271555330943252;18,57999992370605;1,0764303754613014;1,0764303754613014;0,5964303754613014
DXCM;2010-01-29;2010-02-01;2010-03-01;28;enter_or_hold;left_top_n;14;43,38061444853527;400,1716710107676;2,3399999141693115;2,302500009536743;936,4016758181863;921,3952763186269;2,247364021963647;2,211348663164704;2,444999933242798;-5,828217897620036;-1,6025600858143862;-2,0825600858143862
REGN;2010-01-29;2010-02-01;2010-03-01;28;enter_or_hold;left_top_n;13;44,88524699754253;35,322582713447325;26,51000022888184;25,3700008392334;936,4016758181863;896,1339530840497;2,247364021963647;2,1507214874017193;30,459999084472656;-16,71043466259966;-4,3002617118292115;-4,780261711829212
TXT;2010-01-29;2010-02-01;2010-03-01;28;enter_or_hold;left_top_n;15;38,85532073836471;45,368299588604586;20,63999938964844;20,209999084472656;936,4016758181863;916,8932931497799;2,247364021963647;2,2005439035594714;20,68000030517578;-2,2727331420081875;-2,083334873505094;-2,563334873505094
FFIV;2009-10-30;2009-11-02;2010-03-01;119;enter_or_hold;rebalance_trim;10;51,33291584300135;2,6788919388609935;44,790000915527344;58,25;119,98757239418272;156,04545543865288;0,2879701737460385;0,37450909305276686;55,79999923706055;4,3906824308919346;30,05134808962793;29,57134808962793
AXON;2010-02-26;2010-03-01;2010-03-29;28;enter_or_hold;left_top_n;5;57,15998929973909;223,83344594157884;6,980000019073486;6,059999942779541;1562,3574569415046;1356,4306695981152;3,7496578966596106;3,255433607035476;7,150000095367432;-15,244757175515488;-13,180516816331822;-13,660516816331823
ROK;2010-02-26;2010-03-01;2010-03-29;28;enter_or_hold;left_top_n;13;39,2367592730958;28,339514360087747;55,130001068115234;55,54999923706055;1562,3574569415046;1574,2600010815408;3,7496578966596106;3,7782240025956977;56,77999877929688;-2,166254964212533;0,7618323250645043;0,2818323250645043
AMD;2009-11-27;2009-11-30;2010-03-29;119;enter_or_hold;rebalance_trim;9;46,68520794187223;7,69496529038374;7,469692855709516;9,109999656677246;57,47902725451213;70,1011311535392;0,1379496654108291;0,16824271476849406;9,90999984741211;-8,072655933932982;21,959494622512477;21,479494622512476
DAL;2010-01-29;2010-02-01;2010-03-29;56;enter_or_hold;rebalance_trim;6;56,65718556151758;5,078784908796466;12,832512391413639;14,649999618530272;65,17357027545523;74,40419697646553;0,15641656866109255;0,17857007274351724;14,5;1,0344801277949678;14,163144142628937;13,683144142628937
F;2009-09-25;2009-09-28;2010-03-29;182;enter_or_hold;rebalance_trim;3;61,489826018943575;3,3065617661156668;9,11752381625783;13,56999969482422;30,14765565248714;44,87004215710704;0,07235437356596915;0,10768810117705688;14,100000381469728;-3,758870016358562;48,834266499276914;48,35426649927692
FFIV;2009-10-30;2009-11-02;2010-03-29;147;enter_or_hold;rebalance_trim;10;51,33291584300135;0,2565249496844784;44,790000915527344;62,619998931884766;11,489752731223394;16,063592075243832;0,027575406554936142;0,03855262098058519;64,5999984741211;-3,065014843660596;39,80798761309312;39,32798761309312
FITB;2010-01-29;2010-02-01;2010-03-29;56;enter_or_hold;rebalance_trim;10;44,90927956402339;2,660445552198217;12,392590063307761;13,3100004196167;32,969811114142956;35,41053141612565;0,07912754667394309;0,08498527539870156;13,699999809265137;-2,8467109129788892;7,402894404013449;6,92289440401345
LULU;2009-07-31;2009-08-03;2010-03-29;238;enter_or_hold;rebalance_trim;12;43,04505811062367;22,68441961386337;11,448811720270967;20,61000061035156;259,7096491427436;467,52590208719494;0,6233031579425845;1,1220621650092677;20,28499984741211;1,6021728636143484;80,01868765000326;79,53868765000325
RCL;2009-10-30;2009-11-02;2010-03-29;147;enter_or_hold;rebalance_trim;8;49,88173254576138;5,388187760721195;23,514789006851085;33,470001220703125;126,70209832265635;180,34265092871604;0,3040850359743752;0,43282236222891846;33,61000061035156;-0,4165408720799624;42,33596232120802;41,855962321208025
SMCI;2009-12-25;2009-12-28;2010-03-29;91;enter_or_hold;rebalance_trim;2;75,05943976098087;4,474139963774901;1,2480309000460905;1,7050000429153442;5,583864925922172;7,628408830245463;0,013401275822213211;0,01830818119258911;1,784000039100647;-4,428250810192158;36,615210637202786;36,13521063720279
UAL;2009-12-25;2009-12-28;2010-03-29;91;enter_or_hold;rebalance_trim;1;125,85219622547824;3,435319036384992;13,459488508185759;19,989999771118164;46,237637092175575;68,67202675105386;0,11097032902122138;0,16481286420252925;20,18000030517578;-0,9415288958587675;48,51975807966771;48,03975807966771
ISRG;2009-09-25;2009-09-28;2010-05-03;217;enter_or_hold;left_top_n;7;56,52732939161631;39,20814466449411;32,60423408598037;41,3577766418457;1278,3515267181483;1621,5616895753217;3,0680436641235556;3,8917480549807717;43,11222076416016;-4,069482135731118;26,847870533567608;26,367870533567608
PODD;2009-10-30;2009-11-02;2010-05-03;182;enter_or_hold;left_top_n;12;44,52305801206735;110,23208121732817;13,165880307629145;14,40999984741211;1451,3023873681975;1588,4442735216182;3,483125729683674;3,8122662564518834;16,469999313354492;-12,507586835611207;9,44957352424085;8,96957352424085
SMCI;2009-12-25;2009-12-28;2010-05-03;126;enter_or_hold;left_top_n;2;75,05943976098087;975,6748404011058;1,2480309000460905;1,4110000133514404;1217,6723492181177;1376,6772128326247;2,922413638123482;3,304025310798299;1,8890000581741333;-25,304395452730553;13,058099226496033;12,578099226496033
DAL;2010-01-29;2010-02-01;2010-05-03;91;enter_or_hold;left_top_n;6;56,65718556151758;113,55124150659852;12,832512391413639;12,59000015258789;1457,147713693828;1429,6101478946198;3,497154512865187;3,4310643549470874;14,93000030517578;-15,673142027844978;-1,8898266483499793;-2,3698266483499792
CTSH;2010-02-26;2010-03-01;2010-05-03;63;enter_or_hold;left_top_n;14;39,19146863234309;61,9000582848377;25,239999771118164;26,01000022888184;1562,3574569415046;1610,0205301564276;3,7496578966596106;3,864049272375426;26,96500015258789;-3,5416277333653157;3,0507149950325108;2,5707149950325108
TSN;2010-03-26;2010-03-29;2010-05-03;35;enter_or_hold;left_top_n;13;42,76695903993127;87,1347359399611;19,09000015258789;19,899999618530277;1663,402122389563;1733,9812119659623;3,992165093734951;4,161554908718309;20,399999618530277;-2,450980437988959;4,243056361801978;3,763056361801978
CMI;2010-02-26;2010-03-01;2010-05-03;63;enter_or_hold;rebalance_trim;15;38,13598188753489;2,412439742757294;58,959999084472656;73,25;142,23744502431552;176,71121115697179;0,34136986805835723;0,42410690677673224;75,79000091552734;-3,351366783011833;24,236772621135728;23,756772621135728
FFIV;2009-10-30;2009-11-02;2010-05-03;182;enter_or_hold;rebalance_trim;10;51,33291584300135;1,7439191946005288;44,790000915527344;71,08000183105469;78,1101423227634;123,957779545417;0,18746434157463213;0,2974986709090008;71,79000091552734;-0,988994393952003;58,696138374967965;58,21613837496797
LEN;2010-03-26;2010-03-29;2010-05-03;35;enter_or_hold;rebalance_trim;14;42,61949539280187;6,307592045354726;17,362152099609375;19,71327781677246;109,51337247373495;124,34331434494175;0,26283209393696383;0,2984239544278602;19,541940689086918;0,8767661841345475;13,541672159501372;13,061672159501372
LVS;2010-03-26;2010-03-29;2010-05-03;35;enter_or_hold;rebalance_trim;6;61,06747699398865;7,309349963857921;21,86000061035156;25,649999618530277;159,78239467120727;187,48482378465997;0,38347774721089745;0,44996357708318385;26,200000762939453;-2,0992409480657948;17,337597906488654;16,857597906488653
NFLX;2010-03-26;2010-03-29;2010-05-03;35;enter_or_hold;rebalance_trim;11;47,24204124927933;364,6975614833354;1,0557140111923218;1,4570000171661377;385,0163255056304;531,3643533416682;0,9240391812135129;1,2752744480200036;1,5452860593795776;-5,713249121582464;38,01086295336784;37,530862953367844
RCL;2009-10-30;2009-11-02;2010-05-03;182;enter_or_hold;rebalance_trim;8;49,88173254576138;1,5099314382637132;23,514789006851085;36,61000061035156;35,50571918558242;55,27859087642356;0,0852137260453978;0,1326686181034165;37,63999938964844;-2,7364473857567018;55,68925836283354;55,209258362833545
UAL;2009-12-25;2009-12-28;2010-05-03;126;enter_or_hold;rebalance_trim;1;125,85219622547824;3,420912423450646;13,459488508185759;22,11000061035156;46,043731450943866;75,63637577045301;0,11050495548226527;0,18152730184908722;23,540000915527344;-6,074767415291538;64,27073433663362;63,790734336633626
MGM;2010-04-30;2010-05-03;2010-05-06;3;enter_or_hold;stop_loss;7;54,95171302864368;107,50445552536456;16,40999984741211;13,720000267028809;1764,1480987673544;1474,9611585147884;4,23395543704165;3,539906780435492;16,40999984741211;-16,392441227277153;-16,392441227277153;-16,872441227277154
URI;2010-04-30;2010-05-03;2010-05-07;4;enter_or_hold;stop_loss;3;67,35095940619236;120,91487870577164;14,59000015258789;12,119999885559082;1764,1480987673544;1465,4883160763425;4,23395543704165;3,5171719585832215;14,59000015258789;-16,929405354328896;-16,929405354328896;-17,409405354328896
CBRE;2010-04-30;2010-05-03;2010-05-20;17;enter_or_hold;stop_loss;15;44,86030713605076;99,7821305608747;17,68000030517578;14,100000381469728;1764,1480987673544;1406,9280789721956;4,23395543704165;3,3766273895332692;17,68000030517578;-20,2488679972365;-20,2488679972365;-20,7288679972365
RF;2010-04-30;2010-05-03;2010-05-20;17;enter_or_hold;stop_loss;8;52,69731826356743;199,5642611217494;8,84000015258789;7,25;1764,1480987673544;1446,8408931326833;4,23395543704165;3,4724181435184396;8,84000015258789;-17,986426755008843;-17,986426755008843;-18,466426755008843
F;2009-09-25;2009-09-28;2010-06-01;246;enter_or_hold;left_top_n;13;45,33122045457281;132,64271229080938;9,434552815840897;11,40999984741211;1251,4246747440295;1513,4533269984634;3,0034192193856715;3,632287984796312;14,460000038146973;-21,092670696325367;20,93842782091777;20,45842782091777
RCL;2009-10-30;2009-11-02;2010-06-01;211;enter_or_hold;left_top_n;8;49,88173254576138;48,192057927853206;23,514789006851085;29,020000457763672;1133,2260739794135;1398,5335431268734;2,719742577550592;3,356480503504496;37,63999938964844;-22,901166502822512;23,411698269155767;22,931698269155767
AMD;2009-11-27;2009-11-30;2010-06-01;183;enter_or_hold;left_top_n;9;46,68520794187223;182,60435866603055;7,469692855709516;8,140000343322754;1363,9984733490667;1486,39954223372;3,2735963360377593;3,5673589013609277;10,15999984741211;-19,8818851813652;8,973695445869412;8,493695445869411
FITB;2010-01-29;2010-02-01;2010-06-01;120;enter_or_hold;left_top_n;10;44,90927956402339;124,98313991812881;12,392590063307761;12,399999618530272;1548,8648178304065;1549,7908873075128;3,7172755627929757;3,7194981295380303;15,359999656677246;-19,270834012422732;0,059790206765963916;-0,42020979323403607
LEN;2010-03-26;2010-03-29;2010-06-01;64;enter_or_hold;left_top_n;14;42,61949539280187;89,49862557365734;17,362152099609375;15,544075965881348;1553,888749915828;1391,1734347589008;3,729332999797987;3,3388162434213617;19,71327781677246;-21,14920658878896;-10,471490649877047;-10,951490649877048
AKAM;2010-04-30;2010-05-03;2010-06-01;29;enter_or_hold;rebalance_trim;4;62,590294535592925;19,491546532704213;39,7599983215332;39,5;774,9838574244059;769,9160880418164;1,8599612578185736;1,847798611300359;41,02999877929688;-3,728975931797729;-0,6539193473566907;-1,1339193473566906
CMI;2010-02-26;2010-03-01;2010-06-01;92;enter_or_hold;rebalance_trim;15;38,13598188753489;9,217103952287948;58,959999084472656;66,08999633789062;543,4404405883867;609,1583664526677;1,304257057412128;1,4619800794864024;75,79000091552734;-12,798528117776353;12,092939898460209;11,612939898460208
EQR;2010-04-30;2010-05-03;2010-06-01;29;enter_or_hold;rebalance_trim;12;47,8037035796131;14,956589443505512;47,52000045776367;44,33000183105469;710,7371372019652;663,0256374169326;1,7057691292847164;1,591261529800638;48,09999847412109;-7,8378311074058455;-6,712960008374347;-7,192960008374348
FFIV;2009-10-30;2009-11-02;2010-06-01;211;enter_or_hold;rebalance_trim;10;51,33291584300135;10,318890454261687;44,790000915527344;67,76000213623047;462,1831128936074;699,2080392243001;1,1092394709446578;1,6780992941383202;73,22000122070312;-7,4569775927958215;51,2837703754994;50,803770375499404
LULU;2009-07-31;2009-08-03;2010-06-01;302;enter_or_hold;rebalance_trim;10;49,84832755561357;35,572370406712984;11,910348657468344;19,915000915527344;423,67933411656065;708,4237892171669;1,0168304018797454;1,7002170941212005;22,53499984741211;-11,626354336033618;67,207539327908;66,72753932790799
LVS;2010-03-26;2010-03-29;2010-06-01;64;enter_or_hold;rebalance_trim;6;61,06747699398865;26,095278757754663;21,86000061035156;23,020000457763672;570,4428095718109;600,713328948983;1,3690627429723463;1,441711989477559;26,200000762939453;-12,137405391506595;5,306495036705572;4,8264950367055715
NFLX;2010-03-26;2010-03-29;2010-06-01;64;enter_or_hold;rebalance_trim;11;47,24204124927933;569,7729578163933;1,0557140111923218;1,5327140092849731;601,5172947652582;873,298994556922;1,4436415074366196;2,0959175869366127;1,587857007980347;-3,472793735092816;45,182690864728436;44,70269086472844
UAL;2009-12-25;2009-12-28;2010-06-01;155;enter_or_hold;rebalance_trim;1;125,85219622547824;29,01166262650281;13,459488508185759;19,350000381469727;390,4821397247769;561,3756828899004;0,9371571353394644;1,3473016389357608;23,540000915527344;-17,79949180585557;43,76475279652337;43,28475279652337
ULTA;2009-09-25;2009-09-28;2010-06-01;246;enter_or_hold;rebalance_trim;8;54,266048861468086;33,21936577557952;18,551592983101667;24,75;616,2721530253286;822,1793029455931;1,4790531672607885;1,9732303270694234;25,57999992370605;-3,2447221508271173;33,411723847889284;32,93172384788929
DAL;2010-05-28;2010-06-01;2010-06-28;27;enter_or_hold;left_top_n;9;35,76344819679922;72,53997960269407;13,539999961853027;12,039999961853027;982,1913210532972;873,3813516492561;2,357259170527913;2,0961152439582142;14,279999732971191;-15,686273200315348;-11,078286589557095;-11,558286589557095
TSCO;2010-05-28;2010-06-01;2010-06-28;27;enter_or_hold;left_top_n;15;30,08447129337146;296,37638903892696;3,313999891281128;3,1519999504089355;982,1913210532972;934,1783635530771;2,357259170527913;2,242028072527385;3,4205000400543213;-7,849732100606022;-4,888350820360654;-5,368350820360654
URI;2010-05-28;2010-06-01;2010-06-28;27;enter_or_hold;left_top_n;12;33,07776109820857;80,44154938449596;12,210000038146973;10,529999732971191;982,1913210532972;847,0494935385314;2,357259170527913;2,032918784492475;12,630000114440918;-16,627081254485688;-13,759216215618808;-14,239216215618809
AAPL;2010-05-28;2010-06-01;2010-06-28;27;enter_or_hold;rebalance_trim;14;30,810823433383597;64,0146227867082;9,315357208251951;9,58214282989502;596,3190778096917;613,3972587440903;1,4311657867432601;1,4721534209858167;9,788213729858398;-2,105296284395297;2,8639333487580965;2,3839333487580965
AKAM;2010-04-30;2010-05-03;2010-06-28;56;enter_or_hold;rebalance_trim;4;62,590294535592925;16,044115948161448;39,7599983215332;44,93000030517578;637,9140231693832;720,8621344471694;1,5309936556065196;1,7300691226732063;45,720001220703125;-1,7279109677049043;13,00302364661472;12,52302364661472
CMI;2010-02-26;2010-03-01;2010-06-28;119;enter_or_hold;rebalance_trim;15;38,13598188753489;9,235741769875451;58,959999084472656;70,45999908447266;544,5393262962825;650,7503566498501;1,306894383111078;1,5618008559596401;75,79000091552734;-7,032592382463887;19,504749285229494;19,024749285229493
EQR;2010-04-30;2010-05-03;2010-06-28;56;enter_or_hold;rebalance_trim;12;47,8037035796131;13,124144148425113;47,52000045776367;43,88999938964844;623,6593359409179;576,0186786640363;1,4967824062582027;1,382444828793687;48,09999847412109;-8,752597126874607;-7,638891063020125;-8,118891063020126
FFIV;2009-10-30;2009-11-02;2010-06-28;238;enter_or_hold;rebalance_trim;10;51,33291584300135;9,103012417600084;44,790000915527344;73,51000213623047;407,7239345183646;669,1624622639147;0,978537442844075;1,6059899094333951;74,69000244140625;-1,5798637924821057;64,12145709679315;63,641457096793154
LULU;2009-07-31;2009-08-03;2010-06-28;329;enter_or_hold;rebalance_trim;10;49,84832755561357;29,333244962007473;11,910348657468344;19,834999084472656;349,36917475243575;581,8248869660304;0,8384860194058458;1,3963797287184727;22,790000915527344;-12,966220765008297;66,53583916735457;66,05583916735456
LVS;2010-03-26;2010-03-29;2010-06-28;91;enter_or_hold;rebalance_trim;6;61,06747699398865;27,031061101120702;21,86000061035156;25,350000381469727;590,8990121689487;685,2374092249413;1,4181576292054772;1,644569782139859;27,040000915527344;-6,250001763450975;15,965231810037173;15,485231810037172
NFLX;2010-03-26;2010-03-29;2010-06-28;91;enter_or_hold;rebalance_trim;11;47,24204124927933;404,90379736017206;1,0557140111923218;1,6801429986953735;427,4626120581102;680,2962802798634;1,0259102689394646;1,632711072671672;1,8115710020065308;-7,254918695738954;59,14755140910015;58,667551409100156
UAL;2009-12-25;2009-12-28;2010-06-28;182;enter_or_hold;rebalance_trim;1;125,85219622547824;31,711632449620666;13,459488508185759;20,809999465942383;426,8223525314799;659,9190543407672;1,0243736460755517;1,583805730417841;23,96999931335449;-13,18314533973125;54,61211214145476;54,13211214145476
ULTA;2009-09-25;2009-09-28;2010-06-28;273;enter_or_hold;rebalance_trim;8;54,266048861468086;24,33217506593782;18,551592983101667;25,81999969482422;451,40060821685347;628,256752776924;1,083361459720448;1,5078162066646175;26,18000030517578;-1,3750978080790621;39,17942097125147;38,69942097125147
EQR;2010-04-30;2010-05-03;2010-07-06;64;enter_or_hold;stop_loss;12;47,8037035796131;9,043594728212167;47,52000045776367;40,220001220703125;429,75162562447133;363,7333910082377;1,0314039014987308;0,8729601384197704;48,09999847412109;-16,382531192090543;-15,361951108457738;-15,841951108457739
LULU;2009-07-31;2009-08-03;2010-08-02;364;enter_or_hold;market_filter_failed;10;49,84832755561357;20,011262184134996;11,910348657468344;20,73500061035156;238,34110968905935;414,9335336019442;0,5720186632537424;0,995840480644666;22,790000915527344;-9,017113745597383;74,09230583144807;73,61230583144807
ULTA;2009-09-25;2009-09-28;2010-08-02;308;enter_or_hold;market_filter_failed;8;54,266048861468086;15,372709984230777;18,551592983101667;25,43000030517578;285,18825867471264;390,92801959036746;0,6844518208193102;0,9382272470168818;26,18000030517578;-2,864782243152708;37,07717891579196;36,597178915791964
FFIV;2009-10-30;2009-11-02;2010-08-02;273;enter_or_hold;market_filter_failed;10;51,33291584300135;5,399583125652374;44,790000915527344;88,5999984741211;241,84733314143585;478,4030566936903;0,5804335995394461;1,1481673360648565;87,83000183105469;0,8766897723030187;97,81200415962962;97,33200415962962
UAL;2009-12-25;2009-12-28;2010-08-02;217;enter_or_hold;market_filter_failed;1;125,85219622547824;19,073684636612512;13,459488508185759;24,170000076293945;256,72203917524536;461,01095912213106;0,6161328940205888;1,1064263018931144;24,25;-0,32989659260228565;79,57591822002964;79,09591822002963
CMI;2010-02-26;2010-03-01;2010-08-02;154;enter_or_hold;market_filter_failed;15;38,13598188753489;5,633314962516515;58,959999084472656;81,41000366210938;332,14024503251983;458,608191728285;0,7971365880780474;1,100659660147884;79,76000213623047;2,068707976036288;38,07667049904859;37,59667049904859
LVS;2010-03-26;2010-03-29;2010-08-02;126;enter_or_hold;market_filter_failed;6;61,06747699398865;15,657726277258835;21,86000061035156;27,959999084472656;342,2779059775959;437,7900123770805;0,8214669743462302;1,050696029704993;27,040000915527344;3,4023599770553803;27,90484127997925;27,42484127997925
NFLX;2010-03-26;2010-03-29;2010-08-02;126;enter_or_hold;market_filter_failed;11;47,24204124927933;236,243800325133;1,0557140111923218;1,455428957939148;249,4058900605641;343,8360681267925;0,598574136145354;0,8252065635043019;1,8115710020065308;-19,659292606964506;37,862048102912716;37,38204810291272
AKAM;2010-04-30;2010-05-03;2010-08-02;91;enter_or_hold;market_filter_failed;4;62,590294535592925;8,834261393399892;39,7599983215332;37,20000076293945;351,2502181735654;328,63453057448254;0,8430005236165565;0,788722873378758;45,720001220703125;-18,63517110735686;-6,438625922193031;-6,918625922193032
AAPL;2010-05-28;2010-06-01;2010-08-02;62;enter_or_hold;market_filter_failed;14;30,810823433383597;41,42323634157398;9,315357208251951;9,35178565979004;385,87224324360545;387,38122760122525;0,926093383784653;0,9297149462429405;9,788213729858398;-4,45871005796551;0,39105802089713926;-0,08894197910286072
KDP;2010-05-28;2010-06-01;2010-08-02;62;enter_or_hold;market_filter_failed;13;31,9464378013993;26,08741782860708;37,650001525878906;37,709999084472656;982,1913210532972;983,7565024330287;2,357259170527913;2,3610156058392686;40,09999847412109;-5,9600984553424325;0,15935605886365778;-0,3206439411363422
UDR;2010-05-28;2010-06-01;2010-08-02;62;enter_or_hold;market_filter_failed;11;33,939793257452465;49,555566911022;19,81999969482422;21,649999618530277;982,1913210532972;1072,8780047196778;2,357259170527913;2,5749072113272264;21,38999938964844;1,2155223763478107;9,233097638159627;8,753097638159627
AVB;2010-06-25;2010-06-28;2010-08-02;35;enter_or_hold;market_filter_failed;13;28,00657165362872;4,053918469429439;97,86000061035156;106,88999938964844;396,7164638926804;433,32334272299727;0,9521195133424328;1,0399760225351933;107,05999755859376;-0,15878775716605675;9,22746650620978;8,74746650620978
DXCM;2010-06-25;2010-06-28;2010-08-02;35;enter_or_hold;market_filter_failed;11;30,78965514430776;139,07676396074947;2,852499961853028;2,9100000858306885;396,7164638926804;404,7133950628354;0,9521195133424328;0,9713121481508048;2,9749999046325684;-2,1848679289254602;2,015780008645729;1,535780008645729
HAS;2010-06-25;2010-06-28;2010-08-02;35;enter_or_hold;market_filter_failed;9;31,84584177905854;9,234554756684538;42,959999084472656;43,09000015258789;396,7164638926804;397,916965874618;0,9521195133424328;0,955000718099083;42,959999084472656;0,30260956910082015;0,30260956910082015;-0,17739043089917983
NEM;2010-06-25;2010-06-28;2010-08-02;35;enter_or_hold;market_filter_failed;15;27,31466283475388;6,454872596848239;61,459999084472656;55,59999847412109;396,7164638926804;358,89090653540813;0,9521195133424328;0,8613381756849795;61,93000030517578;-10,221220409917652;-9,534657822394998;-10,014657822394998
SWKS;2010-06-25;2010-06-28;2010-08-02;35;enter_or_hold;market_filter_failed;14;27,88256033735097;22,15055651996578;17,90999984741211;18,09000015258789;396,7164638926804;400,7035708260876;0,9521195133424328;0,9616885699826102;19,1299991607666;-5,4364822467511065;1,0050268381313732;0,5250268381313732
CAT;2010-09-24;2010-09-27;2010-11-01;35;enter_or_hold;left_top_n;13;29,307893399477926;20,06353012676003;79,54000091552734;79,2699966430664;1595,8532046512032;1590,4359657963291;3,8300476911628873;3,8170463179111898;80,37000274658203;-1,3686774492021603;-0,33945721568156006;-0,81945721568156
CBRE;2010-09-24;2010-09-27;2010-11-01;35;enter_or_hold;left_top_n;12;30,605810766381648;86,16917738693759;18,520000457763672;18,600000381469727;1595,8532046512032;1602,7467322679718;3,8300476911628873;3,846592157443132;19,920000076293945;-6,626504466709826;0,43196502013322924;-0,048034979866770744
CTSH;2010-09-24;2010-09-27;2010-11-01;35;enter_or_hold;left_top_n;15;29,00115659438194;49,995401028723585;31,920000076293945;32,52000045776367;1595,8532046512032;1625,8504643401693;3,8300476911628873;3,902041114416406;33,97999954223633;-4,296642448914434;1,8797004387081095;1,3997004387081096
FFIV;2010-09-24;2010-09-27;2010-11-01;35;enter_or_hold;rebalance_trim;2;59,62283480507236;0,9089934443950872;103,2300033569336;116,37000274658205;93,83539631633549;105,77956962088138;0,22520495115920514;0,25387096709011525;117,6999969482422;-1,1299866067498776;12,728856884964813;12,248856884964813
LVS;2010-09-24;2010-09-27;2010-11-01;35;enter_or_hold;rebalance_trim;3;57,60407422722072;9,615650702263553;35,099998474121094;47,22999954223633;337,50932497713217;454,147178266212;0,810022379945117;1,0899532278389088;45,880001068115234;2,942455193313598;34,55840910380259;34,07840910380259
SWKS;2010-09-24;2010-09-27;2010-11-01;35;enter_or_hold;rebalance_trim;9;36,13078503118705;1,542206272170754;20,8799991607666;22,61000061035156;32,20126566865433;34,86928475506875;0,07728303760477039;0,08368628341216498;22,920000076293945;-1,3525282064157484;8,28544788850194;7,80544788850194
UAL;2010-09-24;2010-09-27;2010-11-01;35;enter_or_hold;rebalance_trim;8;37,07954067216295;10,250997081992764;22,84000015258789;28,399999618530277;234,1327749168928;291,1283132181495;0,5619186598005427;0,6987079517235588;29,530000686645508;-3,8266205277342147;24,343254942195824;23,863254942195823
ULTA;2010-09-24;2010-09-27;2010-11-01;35;enter_or_hold;rebalance_trim;10;34,94559610086674;0,04183260058517609;28,63999938964844;30,40999984741211;1,1980856552268502;1,2721293774120568;0,0028754055725444404;0,003053110505788936;32,33000183105469;-5,938762372102047;6,18016932780876;5,70016932780876
URI;2010-09-24;2010-09-27;2010-11-01;35;enter_or_hold;rebalance_trim;7;37,86656344894326;19,68238135912063;14,630000114440918;18,940000534057617;287,9532415364046;372,7843134532704;0,691087779687371;0,8946823522878489;18,8700008392334;0,3709575607367288;29,460016308286985;28,980016308286984
DXCM;2010-09-24;2010-09-27;2010-11-05;39;enter_or_hold;stop_loss;13;31,787106026101817;500,1613686184508;3,4153429552413366;2,712500095367432;1708,2226067948914;1356,6877600766531;4,099734256307739;3,2560506241839673;3,587500095367432;-24,390243254066934;-20,57898340180715;-21,05898340180715
TSCO;2010-09-24;2010-09-27;2010-11-29;63;enter_or_hold;left_top_n;14;29,07931807075006;416,1286020279418;3,8350000381469727;4,199999809265137;1595,8532046512032;1747,7400491471235;3,8300476911628873;4,194576117953096;4,238999843597412;-0,9200291524233295;9,51759498011706;9,03759498011706
MOS;2010-10-29;2010-11-01;2010-11-29;28;enter_or_hold;left_top_n;12;32,64159804911244;23,407247133189493;72,33000183105469;68,31999969482422;1693,0462280035456;1599,1831169961813;4,063310947208509;3,838039480790835;73,86000061035156;-7,500678133965389;-5,544037100395571;-6,024037100395571
AME;2010-10-29;2010-11-01;2010-11-29;28;enter_or_hold;rebalance_trim;15;29,810869204902545;0,8431795317088435;24,26666641235352;25,822221755981445;20,46115642170296;21,772768847890347;0,049106775412087106;0,05225464523493683;25,995555877685547;-0,6667836707153874;6,410255604107351;5,9302556041073515
CMI;2010-09-24;2010-09-27;2010-11-29;63;enter_or_hold;rebalance_trim;11;33,00352171903942;0,8979920631673285;89,49900906006226;97,2699966430664;80,36939979727674;87,34768496978631;0,19288655951346417;0,20963444392748715;98,6500015258789;-1,398889874776621;8,68276382567441;8,20276382567441
FFIV;2010-09-24;2010-09-27;2010-11-29;63;enter_or_hold;rebalance_trim;2;59,62283480507236;1,2859180683275278;103,2300033569336;134,17999267578125;132,74532651019226;172,54447698984245;0,31858878362446136;0,41410674477562187;135,0399932861328;-0,6368488248731818;29,981583175807238;29,501583175807237
LVS;2010-09-24;2010-09-27;2010-11-29;63;enter_or_hold;rebalance_trim;3;57,60407422722072;0,6066495928123661;35,099998474121094;50,5;21,293399782040233;30,635804437024486;0,051104159476896546;0,07352593064885876;52,79999923706055;-4,356059224042886;43,87465012921066;43,39465012921066
NFLX;2010-09-24;2010-09-27;2010-11-29;63;enter_or_hold;rebalance_trim;2;79,29108351019158;81,77837055245624;2,3584896561485453;2,8417139053344727;192,87344104465083;232,39073275451005;0,46289625850716193;0,5577377586108241;2,741429090499878;3,6581217869949834;20,48871606988689;20,00871606988689
SWKS;2010-09-24;2010-09-27;2010-11-29;63;enter_or_hold;rebalance_trim;9;36,13078503118705;5,902970364216848;20,8799991607666;25,799999237060547;123,25401625087791;152,2966308931857;0,29580963900210694;0,36551191414364564;26,13999938964844;-1,3006892139505344;23,56321970327757;23,08321970327757
TMUS;2010-09-24;2010-09-27;2010-11-29;63;enter_or_hold;rebalance_trim;14;30,1439048166106;7,422022142943463;20,810435523143266;24,34000015258789;154,45551325706654;180,6520200917546;0,3706932318169596;0,43356484822021096;24,600000381469727;-1,0569114831302406;16,960551476779038;16,480551476779038
ULTA;2010-09-24;2010-09-27;2010-11-29;63;enter_or_hold;rebalance_trim;10;34,94559610086674;5,044820017023315;28,63999938964844;35,150001525878906;144,48364220843396;177,32543129615397;0,3467607413002415;0,4255810351107695;34,9900016784668;0,45727304869085383;22,730454870691872;22,250454870691872
URI;2010-09-24;2010-09-27;2010-11-29;63;enter_or_hold;rebalance_trim;7;37,86656344894326;1,2458430553680455;14,630000114440918;20,190000534057617;18,226684042609925;25,153571953232813;0,04374404170226382;0,06036857268775875;20,6200008392334;-2,085355420343271;38,0041037329081;37,5241037329081
AKAM;2010-09-24;2010-09-27;2011-01-03;98;enter_or_hold;left_top_n;6;42,42006028152188;33,32768215414467;51,12765141770993;48,2599983215332;1703,9661157373405;1608,3938848196137;4,089518677769616;3,8601453235670724;54,13999938964844;-10,86073353233079;-5,608810529449448;-6,088810529449448
UAL;2010-09-24;2010-09-27;2011-01-03;98;enter_or_hold;left_top_n;9;43,18754519256809;63,10864349186741;23,13630219995351;25,1299991607666;1460,1006472569738;1585,9201579877467;3,504241553416737;3,8062083791705916;29,530000686645508;-14,90010641235352;8,617180669506897;8,137180669506897
AME;2010-10-29;2010-11-01;2011-01-03;63;enter_or_hold;left_top_n;15;29,810869204902545;68,92520971608914;24,26666641235352;26,440000534057617;1672,5850715818426;1822,38258170343;4,014204171796422;4,373718196088232;27,46666717529297;-3,7378639158625937;8,956047298683401;8,476047298683401
DLTR;2010-11-26;2010-11-29;2011-01-03;35;enter_or_hold;left_top_n;13;36,85522753427819;64,5039429059882;27,59000015258789;28,274999618530277;1779,663794618735;1823,848961060515;4,271193107084963;4,377237506545235;28,68000030517578;-1,4121362703486962;2,4827816678287817;2,0027816678287818
CF;2010-10-29;2010-11-01;2011-01-03;63;enter_or_hold;rebalance_trim;9;37,98035221662672;1,5002756728178168;24,277999877929688;27,246000289916992;36,42369260153184;40,87651141654965;0,08741686224367641;0,09810362739971915;27,333999633789062;-0,3219409711387011;12,225061483279;11,745061483278999
CMI;2010-09-24;2010-09-27;2011-01-03;98;enter_or_hold;rebalance_trim;11;33,00352171903942;1,66089387439353;89,49900906006226;111,75;148,64835591214845;185,60489046347698;0,3567560541891563;0,4454517371123447;111,25;0,44943820224718767;24,861717658801364;24,381717658801364
FTNT;2010-11-26;2010-11-29;2011-01-03;35;enter_or_hold;rebalance_trim;5;60,98128175622146;2,938721562585212;3,1519999504089355;3,309999942779541;9,262850219534256;9,727168204002055;0,02223084052688221;0,02334520368960493;3,345999956130981;-1,0759119492956382;5,0126901921463185;4,532690192146319
LULU;2010-11-26;2010-11-29;2011-01-03;35;enter_or_hold;rebalance_trim;11;40,14347784917391;14,484198871117806;26,790000915527344;35,790000915527344;388,0317010179261;518,3894908579864;0,9312760824430225;1,2441347780591672;36,755001068115234;-2,625493469037121;33,594623711952345;33,11462371195235
RCL;2010-10-29;2010-11-01;2011-01-03;63;enter_or_hold;rebalance_trim;12;37,70559269886993;4,56125791614882;39,26431957956983;47,72999954223633;179,09468850451;217,708838249805;0,42982725241082403;0,522501211799532;47,0;1,553190515396441;21,560745361983535;21,080745361983535
SWKS;2010-09-24;2010-09-27;2011-01-03;98;enter_or_hold;rebalance_trim;9;36,13078503118705;6,090609669976473;20,8799991607666;29,559999465942383;127,1719247976657;180,03841859176805;0,3052126195143976;0,4320922046202433;29,18000030517578;1,3022589334901413;41,570884358489124;41,09088435848913
TMUS;2010-09-24;2010-09-27;2011-01-03;98;enter_or_hold;rebalance_trim;14;30,1439048166106;1,99988007437326;20,810435523143266;26,13999938964844;41,61837534176369;52,2768639234871;0,09988410082023284;0,12546447341636902;25,479999542236328;2,590266323663304;25,610054439169105;25,130054439169104
URI;2010-09-24;2010-09-27;2011-01-03;98;enter_or_hold;rebalance_trim;7;37,86656344894326;6,860757062324199;14,630000114440918;22,8700008392334;100,37287660695434;156,9055197731309;0,2408949038566904;0,3765732474555141;23,51000022888184;-2,7222432301902244;56,3226292572546;55,8426292572546
AIG;2010-12-31;2011-01-03;2011-01-20;17;enter_or_hold;stop_loss;4;54,80044074687407;32,02362459581503;58,04999923706055;43,18000030517578;1858,9713833549758;1382,7801198201275;4,461531320051941;3,318672287568306;61,18000030517578;-29,421379389037394;-25,61584690321821;-26,09584690321821
CMI;2010-09-24;2010-09-27;2011-01-31;126;enter_or_hold;left_top_n;11;33,00352171903942;16,63665019150573;89,49900906006226;105,87999725341795;1488,963706218658;1761,4884765827019;3,573512894924779;4,227572343798484;113,8499984741211;-7,0004403403788995;18,302982754102338;17,822982754102338
FFIV;2010-09-24;2010-09-27;2011-01-31;126;enter_or_hold;left_top_n;5;53,99835698067472;13,838839857182336;104,5211929338996;108,37999725341795;1446,4520506938948;1499,8534257119125;3,4714849216653465;3,5996482217085894;144,1699981689453;-24,824860491145262;3,6918869859806414;3,2118869859806414
AZO;2010-11-26;2010-11-29;2011-01-31;63;enter_or_hold;left_top_n;15;34,322869336692044;6,9032733859084905;257,79998779296875;253,52999877929688;1779,663794618735;1750,1868931025322;4,271193107084963;4,200448543446077;275,5;-7,9745920946290845;-1,6563185476567877;-2,1363185476567876
FCX;2010-12-31;2011-01-03;2011-01-31;28;enter_or_hold;left_top_n;10;46,39181984640408;31,091676783570758;59,790000915527344;54,375;1858,9713833549758;1690,60992510666;4,461531320051941;4,057463820255983;60,91999816894531;-10,743595478769564;-9,056699837114534;-9,536699837114535
FTNT;2010-11-26;2010-11-29;2011-01-31;63;enter_or_hold;rebalance_trim;5;60,98128175622146;78,68740680844702;3,1519999504089355;3,8450000286102295;248,02270235803272;302,55308142974354;0,5952544856592785;0,7261273954313845;3,964999914169312;-3,026478894242879;21,986043436053528;21,506043436053528
LVS;2010-09-24;2010-09-27;2011-01-31;126;enter_or_hold;rebalance_trim;3;57,62877658253214;0,8298716497989967;36,52322655121314;46,4900016784668;30,30959027403777;38,58073439206737;0,07274301665769063;0,09259376254096167;52,79999923706055;-11,95075312456584;27,28886812143545;26,80886812143545
NFLX;2010-09-24;2010-09-27;2011-01-31;126;enter_or_hold;rebalance_trim;8;48,55209686204489;122,14427866347006;2,385368994066029;3,05828595161438;291,35917512640236;373,55213150656255;0,6992620203033656;0,89652511561575;3,114000082015991;-1,7891499336616046;28,210182962146924;27,730182962146923
SWKS;2010-09-24;2010-09-27;2011-01-31;126;enter_or_hold;rebalance_trim;9;36,13078503118705;4,439798703547532;20,8799991607666;31,770000457763672;92,70299320404511;141,05240684408363;0,22248718368970824;0,3385257764258007;32,7599983215332;-3,0219716559594656;52,155180721746966;51,67518072174697
TSCO;2010-12-31;2011-01-03;2011-01-31;28;enter_or_hold;rebalance_trim;14;39,45390361247363;15,904611991300131;4,920000076293945;5,13100004196167;78,25069221062225;81,60656479474505;0,18780166130549336;0,19585575550738812;5,301000118255615;-3,206943454094602;4,288617121865235;3,8086171218652347
ULTA;2010-09-24;2010-09-27;2011-01-31;126;enter_or_hold;rebalance_trim;10;34,94559610086674;0,49708969064722414;28,63999938964844;37,040000915527344;14,23664843673703;18,412202596672387;0,03416795624816887;0,04418928623201372;37,84999847412109;-2,140020056137004;29,329614891384992;28,84961489138499
URI;2010-09-24;2010-09-27;2011-01-31;126;enter_or_hold;rebalance_trim;7;37,86656344894326;11,6075022765146;14,630000114440918;26,649999618530277;169,81775963378178;309,33993124120343;0,4075626231210763;0,7424158349788882;27,709999084472656;-3,82533201358477;82,15994128547347;81,67994128547346
LVS;2010-09-24;2010-09-27;2011-02-28;154;enter_or_hold;left_top_n;3;57,62877658253214;39,945986589575284;36,52322655121314;46,63999938964844;1458,95631802278;1863,080790156696;3,5014951632546714;4,47139389637607;52,79999923706055;-11,666666546253246;27,699559413923858;27,219559413923857
RCL;2010-10-29;2010-11-01;2011-02-28;119;enter_or_hold;left_top_n;12;37,70559269886993;38,951302676121024;39,26431957956983;43,790000915527344;1529,3963963157694;1705,6775798483222;3,6705513511578465;4,093626191635973;49,959999084472656;-12,349876465195775;11,52619320649666;11,04619320649666
CAT;2010-12-31;2011-01-03;2011-02-28;56;enter_or_hold;left_top_n;15;35,120024407357;19,74478335875547;94,1500015258789;102,93000030517578;1858,9713833549758;2032,3305571423302;4,461531320051941;4,877593337141592;105,86000061035156;-2,7678068092598096;9,32554289644225;8,84554289644225
TSCO;2010-12-31;2011-01-03;2011-02-28;56;enter_or_hold;left_top_n;14;39,45390361247363;361,935094213597;4,920000076293945;5,206999778747559;1780,7206911443536;1884,5959554911763;4,273729658746448;4,523030293178823;5,36899995803833;-3,017325024341433;5,833327195185722;5,353327195185722
COHR;2011-01-28;2011-01-31;2011-02-28;28;enter_or_hold;left_top_n;15;36,41936569680588;75,20968047826267;24,690000534057617;25,59499931335449;1856,927051174608;1924,9917201987435;4,456624922819059;4,619980128476984;26,020000457763672;-1,6333633241054524;3,6654465764328625;3,1854465764328626
FTNT;2010-11-26;2010-11-29;2011-02-28;91;enter_or_hold;rebalance_trim;5;60,98128175622146;4,494391937103994;3,1519999504089355;4,084000110626221;14,166323162870105;18,355097168330303;0,03399917559088825;0,04405223320399272;4,170000076293945;-2,062349258855567;29,568533467025237;29,088533467025236
LULU;2010-11-26;2010-11-29;2011-02-28;91;enter_or_hold;rebalance_trim;6;52,80558412826601;3,7031038450959093;27,08722748724408;38,79499816894531;100,30681626100115;143,66190688991014;0,2407363590264027;0,3447885765357843;42,15499877929688;-7,970586425450755;43,22247704093991;42,74247704093991
SWKS;2010-09-24;2010-09-27;2011-02-28;154;enter_or_hold;rebalance_trim;9;36,13078503118705;4,081099138717483;20,8799991607666;35,939998626708984;85,21334659142634;146,67469744096957;0,20451203181942318;0,35201927385832693;36,97999954223633;-2,8123335002736227;72,12643712285217;71,64643712285216
TER;2011-01-28;2011-01-31;2011-02-28;28;enter_or_hold;rebalance_trim;8;42,71509461097276;6,432939124203168;16,68000030517578;18,6299991607666;107,30142655488606;119,84565048516765;0,25752342373172654;0,28762956116440236;18,920000076293945;-1,5327743887839862;11,690640407157172;11,210640407157172
TRMB;2011-01-28;2011-01-31;2011-02-28;28;enter_or_hold;rebalance_trim;13;36,93404762896624;1,0772536816335418;23,040000915527344;24,575000762939453;24,819925811092006;26,473510048023627;0,05956782194662081;0,0635364241152567;25,09499931335449;-2,0721202018057605;6,662325461878038;6,1823254618780386
ULTA;2010-09-24;2010-09-27;2011-02-28;154;enter_or_hold;rebalance_trim;10;34,94559610086674;3,3085361136992684;28,63999938964844;41,72999954223633;94,75647227697685;138,06521051014283;0,22741553346474447;0,3313565052243428;43,459999084472656;-3,9806709127484075;45,705308769381816;45,22530876938182
URI;2010-09-24;2010-09-27;2011-02-28;154;enter_or_hold;rebalance_trim;7;37,86656344894326;6,606014456083185;14,630000114440918;30,979999542236328;96,64599224849532;204,65432482546362;0,2319503813963888;0,49117037958111265;33,18000030517578;-6,630502539797368;111,75665960287122;111,27665960287122
NVDA;2011-01-28;2011-01-31;2011-03-08;36;enter_or_hold;stop_loss;5;58,896147115854205;3449,3661560693145;0,594857294690747;0,488750010728836;2051,880619997213;1685,8777457865613;4,924513487993312;4,046106589887747;0,6420000195503235;-23,870717158050635;-17,837435114093005;-18,317435114093005
CF;2010-10-29;2010-11-01;2011-03-28;147;enter_or_hold;left_top_n;9;37,98035221662672;68,23554426771348;24,277999877929688;25,56399917602539;1656,6225354020137;1744,3733974354714;3,9758940849648328;4,186496153845131;30,40399932861328;-15,918958885231104;5,296973822233042;4,816973822233042
ON;2011-01-28;2011-01-31;2011-03-28;56;enter_or_hold;left_top_n;12;38,86147396914512;168,04769403819495;11,050000190734863;9,979999542236328;1856,927051174608;1677,115909575056;4,456624922819059;4,025078182980134;11,739999771118164;-14,9914843542983;-9,683263620173532;-10,163263620173533
TRMB;2011-01-28;2011-01-31;2011-03-28;56;enter_or_hold;left_top_n;13;36,93404762896624;79,51853526745325;23,040000915527344;23,940000534057617;1832,1071253635162;1903,6737767703103;4,397057100872439;4,568817064248744;25,239999771118164;-5,15055169908567;3,906248189095063;3,426248189095063
AVGO;2011-02-25;2011-02-28;2011-03-28;28;enter_or_hold;left_top_n;11;45,62289056359192;574,894379507507;3,3989999294281006;3,0989999771118164;1954,0659553746277;1781,5976689354761;4,689758292899106;4,275834405445142;3,3989999294281006;-8,82612411135768;-8,82612411135768;-9,306124111357681
FTNT;2010-11-26;2010-11-29;2011-03-28;119;enter_or_hold;rebalance_trim;5;60,98128175622146;12,94090587788515;3,1519999504089355;4,230999946594238;40,78973468534069;54,75297207821313;0,09789536324481765;0,1314071329877115;4,377999782562256;-3,3576939988330667;34,2322339200962;33,7522339200962
LULU;2010-11-26;2010-11-29;2011-03-28;119;enter_or_hold;rebalance_trim;6;52,80558412826601;4,171259205142481;27,08722748724408;42,6349983215332;112,98784699795532;177,8416292099296;0,27117083279509263;0,426819910103831;42,15499877929688;1,1386539108905414;57,3989007978424;56,918900797842404
NFLX;2010-09-24;2010-09-27;2011-03-28;182;enter_or_hold;rebalance_trim;8;50,376852702557386;80,85102347773079;2,432164862272487;3,3902859687805176;196,64301838130473;274,1080904580949;0,4719432441151313;0,6578594170994277;3,536428928375244;-4,132500965087105;39,39375662276498;38,913756622764986
ROK;2011-02-25;2011-02-28;2011-03-28;28;enter_or_hold;rebalance_trim;15;42,56425793339058;0,9097112686024209;87,7300033569336;92,1999969482422;79,8089726483307;83,87537618892475;0,19154153435599366;0,20130090285341937;93,0500030517578;-0,9134939018140553;5,095170888256129;4,615170888256129
SATS;2011-02-25;2011-02-28;2011-03-28;28;enter_or_hold;rebalance_trim;4;66,97375540719786;3,849697182514786;28,11993408203125;30,00810432434082;108,2532310080972;115,52211467002462;0,25980775441943327;0,2772530752080591;30,024311065673828;-0,0539787284296267;6,7147036575598396;6,234703657559839
TMUS;2010-09-24;2010-09-27;2011-03-28;182;enter_or_hold;rebalance_trim;10;39,10356601159592;9,433471137631193;20,858555509107134;31,57999992370605;196,76858136784026;297,9090178066763;0,4722445952828166;0,714981642736023;31,559999465942383;0,06337280767463316;51,40070418547338;50,92070418547338
ULTA;2010-09-24;2010-09-27;2011-03-28;182;enter_or_hold;rebalance_trim;10;34,94559610086674;5,740960276531052;28,63999938964844;47,93999862670898;164,42109881584523;275,2216277728894;0,3946106371580286;0,6605319066549346;47,84000015258789;0,20902691012152363;67,38826692865179;66,90826692865178
URI;2010-09-24;2010-09-27;2011-03-28;182;enter_or_hold;rebalance_trim;7;37,86656344894326;2,208365609568566;14,630000114440918;32,36000061035156;32,308389120715496;71,4627124735182;0,07754013388971723;0,17151050993644365;33,18000030517578;-2,4713673516642665;121,18933942050889;120,70933942050888
VLO;2011-02-25;2011-02-28;2011-03-28;28;enter_or_hold;rebalance_trim;13;43,334751003000974;2,9855820214982534;25,758684158325195;27,02924919128418;76,90466432054758;80,69804044009425;0,18457119436931418;0,1936752970562262;27,358318328857425;-1,2028120062706704;4,9325696341842695;4,45256963418427
SWKS;2010-09-24;2010-09-27;2011-05-02;217;enter_or_hold;left_top_n;14;41,48737032772496;60,471918305602074;22,058985055910295;30,57999992370605;1333,9491422055044;1849,23125717167;3,2014779412932097;4,438155017212008;36,97999954223633;-17,306651427133158;38,62831787681324;38,148317876813245
TER;2011-01-28;2011-01-31;2011-05-02;91;enter_or_hold;left_top_n;11;43,69080253819524;110,09337216067951;16,737149018416485;15,81999969482422;1842,6491757932777;1741,6771139841192;4,422358021903865;4,180025073561886;19,06999969482422;-17,042475364496624;-5,479722517754315;-5,959722517754315
ROK;2011-02-25;2011-02-28;2011-05-02;63;enter_or_hold;left_top_n;15;42,56425793339058;21,363922386971712;87,7300033569336;86,98999786376953;1874,256982726297;1858,4475628044072;4,498216758543112;4,4602741507305765;97,83999633789062;-11,089532788462709;-0,8435033225216215;-1,3235033225216215
TTWO;2011-02-25;2011-02-28;2011-05-02;63;enter_or_hold;left_top_n;10;47,49196470337005;121,5971370555774;16,06999969482422;16,100000381469727;1954,0659553746277;1957,7139529804228;4,689758292899106;4,698513487153014;16,290000915527344;-1,1663629427823508;0,18668753712030028;-0,2933124628796997
VLO;2011-02-25;2011-02-28;2011-05-02;63;enter_or_hold;left_top_n;13;43,334751003000974;72,87489063944993;25,758684158325195;25,575868606567383;1877,16129105408;1863,8386277125387;4,505187098529792;4,473212706510092;28,089580535888672;-8,948912306147271;-0,7097239541978939;-1,189723954197894
CBRE;2011-03-25;2011-03-28;2011-05-02;35;enter_or_hold;left_top_n;12;43,647579966168834;73,10951454024504;26,940000534057617;27,030000686645508;1969,5703607588946;1976,1502282231434;4,7269688658213465;4,742760547735544;29,700000762939453;-8,989899015846659;0,334076283607021;-0,14592371639297896
BKR;2011-01-28;2011-01-31;2011-05-02;91;enter_or_hold;rebalance_trim;12;45,51973055634137;0,5335361086037956;68,5467796072765;74,30000305175781;36,572182048988324;39,641734497485004;0,08777323691757197;0,095140162793964;78,0;-4,7435858310797325;8,393134553429228;7,913134553429227
COO;2011-03-25;2011-03-28;2011-05-02;35;enter_or_hold;rebalance_trim;10;43,84924735343802;7,921908369519115;17,202499389648438;18,802499771118164;136,27662389150342;148,95168030470222;0,32706389733960817;0,3574840327312853;18,725000381469727;0,41388191225422144;9,300976243211046;8,820976243211046
FTNT;2010-11-26;2010-11-29;2011-05-02;154;enter_or_hold;rebalance_trim;5;60,98128175622146;32,29695737357768;3,1519999504089355;4,625;101,80000803987635;149,3734278527968;0,2443200192957032;0,3584962268467123;4,869999885559082;-5,030798589658603;46,73223581110653;46,25223581110653
LULU;2010-11-26;2010-11-29;2011-05-02;154;enter_or_hold;rebalance_trim;6;52,80558412826601;4,606037098717624;27,08722748724408;48,17499923706055;124,76477470765002;221,8958337165941;0,29943545929835996;0,5325500009198257;51,084999084472656;-5,6963881757151835;77,85134805600582;77,37134805600581
REGN;2011-03-25;2011-03-28;2011-05-02;35;enter_or_hold;rebalance_trim;9;44,14999112833746;9,878725670072942;41,7400016784668;53,709999084472656;412,33802604995765;530,5863466953742;0,9896112625198982;1,273407232068898;67,05000305175781;-19,895605309648722;28,677520183668427;28,197520183668427
TMUS;2010-09-24;2010-09-27;2011-05-02;217;enter_or_hold;rebalance_trim;10;39,10356601159592;1,5783051761222722;20,858555509107134;32,959999084472656;32,92116612645752;52,02093716000854;0,07901079870349804;0,12485024918402049;34,099998474121094;-3,34310686410616;58,01669041790485;57,53669041790485
ULTA;2010-09-24;2010-09-27;2011-05-02;217;enter_or_hold;rebalance_trim;10;34,94559610086674;3,535271580965768;28,63999938964844;53,36000061035156;101,25017592110105;188,64209371809193;0,24300042221064252;0,4527410249234206;53,18999862670898;0,3196126866550131;86,31285526366963;85,83285526366963
LYB;2011-04-29;2011-05-02;2011-05-16;14;enter_or_hold;stop_loss;5;59,69524027835964;43,920158184361874;45,619998931884766;38,09999847412109;2003,6375694587987;1673,357959807344;4,808730166701117;4,016059103537625;45,619998931884766;-16,483999635755787;-16,483999635755787;-16,963999635755787
URI;2010-09-24;2010-09-27;2011-05-31;246;enter_or_hold;left_top_n;8;46,54903307554326;68,50042972508713;16,258555260220774;27,34000015258789;1113,7180220341988;1872,8017591362182;2,6729232528820774;4,494724221926923;34,09000015258789;-19,800527925452606;68,15762357114036;67,67762357114036
SATS;2011-02-25;2011-02-28;2011-05-31;92;enter_or_hold;left_top_n;7;51,82362013030255;70,66272774323198;28,136636142604413;27,30145835876465;1988,211459355237;1929,1955189985715;4,771707502452569;4,630069245596571;30,672609329223636;-10,990753783855912;-2,968292938810624;-3,448292938810624
BX;2011-03-25;2011-03-28;2011-05-31;64;enter_or_hold;left_top_n;15;41,01644108491331;106,02177715241206;18,577035903930664;16,918548583984375;1969,5703607588946;1793,734587713448;4,7269688658213465;4,3049630105122745;19,12659454345703;-11,544375839911346;-8,927620792267376;-9,407620792267377
FTNT;2010-11-26;2010-11-29;2011-05-31;183;enter_or_hold;rebalance_trim;5;60,98128175622146;20,008990331886377;3,1519999504089355;4,848999977111816;63,068336533838725;97,0235936613476;0,15136400768121291;0,23285662478723423;4,869999885559082;-0,43120962917342354;53,83883418153972;53,35883418153972
MCO;2011-04-29;2011-05-02;2011-05-31;29;enter_or_hold;rebalance_trim;9;46,25887230615224;1,192871681615462;38,97999954223633;39,90999984741211;46,498137603317396;47,60750863125532;0,11159553024796175;0,11425802071501276;39,04999923706055;2,202306343543725;2,3858397026610856;1,9058397026610856
NFLX;2010-09-24;2010-09-27;2011-05-31;246;enter_or_hold;rebalance_trim;8;50,376852702557386;63,021513738282565;2,432164862272487;3,8685710430145264;153,27871128147368;243,8032031348621;0,36786890707553677;0,585127687523669;3,7787139415740967;2,3779810493672393;59,0587506226834;58,5787506226834
REGN;2011-03-25;2011-03-28;2011-05-31;64;enter_or_hold;rebalance_trim;9;44,14999112833746;3,9218142005141003;41,7400016784668;60,02000045776367;163,69653131209344;235,38729011012038;0,3928716751490242;0,5649294962642889;67,05000305175781;-10,484716292357932;43,79491625350682;43,31491625350682
TMUS;2010-09-24;2010-09-27;2011-05-31;246;enter_or_hold;rebalance_trim;10;39,10356601159592;4,82213791998099;20,858555509107134;35,79999923706055;100,58283147649388;172,63253385632015;0,2413987955435853;0,41431808125516834;37,380001068115234;-4,226864060746138;71,6322073282101;71,1522073282101
TSCO;2011-04-29;2011-05-02;2011-05-31;29;enter_or_hold;rebalance_trim;14;42,99574836829163;19,030554900123608;5,958000183105469;6,315999984741211;113,38404957953514;120,19698445879749;0,27212171899088433;0,28847276270111394;6,290999889373779;0,3973946241782489;6,008724246952668;5,5287242469526685
ULTA;2010-09-24;2010-09-27;2011-05-31;246;enter_or_hold;rebalance_trim;10;34,94559610086674;1,757094348149294;28,63999938964844;55,97999954223633;50,32318105855049;98,36214080506352;0,1207756345405212;0,23606913793215242;55,90999984741211;0,1252006707481046;95,46089642190975;94,98089642190975
COHR;2011-04-29;2011-05-02;2011-06-10;39;enter_or_hold;stop_loss;15;34,87744456595912;70,47849800394647;28,658146544389865;23,63500022888184;2019,7831240255866;1665,759316454523;4,847479497661408;3,997822359490855;28,75;-17,791303551715345;-17,527812930007368;-18,00781293000737
LYB;2011-05-27;2011-05-31;2011-06-16;16;enter_or_hold;stop_loss;7;44,238213113204175;45,73621677588206;43,810001373291016;37,0099983215332;2003,7037197605289;1692,697306108674;4,808888927425269;4,062473534660817;43,810001373291016;-15,521576897058642;-15,521576897058642;-16,00157689705864
BKR;2011-01-28;2011-01-31;2011-06-27;147;enter_or_hold;left_top_n;12;45,51973055634137;26,969150329722588;68,5467796072765;68,13999938964844;1848,6484038470026;1837,6778870066341;4,4367561692328055;4,410426928815921;78,0;-12,641026423527645;-0,5934344690715188;-1,0734344690715187
CF;2011-05-27;2011-05-31;2011-06-27;27;enter_or_hold;left_top_n;14;35,18587166355922;65,14838359870022;30,756000518798828;28,79599952697754;2003,7037197605289;1876,0128232915229;4,808888927425269;4,502430775899654;30,972000122070312;-7,025702526528721;-6,372743395628722;-6,852743395628721
EA;2011-05-27;2011-05-31;2011-06-27;27;enter_or_hold;left_top_n;9;38,41955571149048;82,08536387897425;24,40999984741211;21,709999084472656;2003,7037197605289;1782,0731746611357;4,808888927425269;4,276975619186725;24,420000076293945;-11,097465124302186;-11,061043751811827;-11,541043751811827
BIIB;2011-04-29;2011-05-02;2011-06-27;56;enter_or_hold;rebalance_trim;8;41,73896881596066;9,39452695794203;98,51254523070517;104,6500015258789;925,4787618653436;983,137260483544;2,2211490284768245;2,3595294251605052;103,41999816894533;1,1893283491692497;6,230126610575848;5,7501266105758475
COO;2011-03-25;2011-03-28;2011-06-27;91;enter_or_hold;rebalance_trim;13;36,541546145017925;41,754431020787166;17,208503257007497;18,86000061035156;718,5312622157109;787,488594536928;1,724475029317706;1,889972626888627;19,375;-2,6580613659274333;9,596984285495914;9,116984285495914
FTNT;2010-11-26;2010-11-29;2011-06-27;210;enter_or_hold;rebalance_trim;5;60,98128175622146;176,72398860478438;3,1519999504089355;5,202000141143799;557,0340033183496;919,3182136655835;1,3368816079640387;2,2063637127974003;5,170000076293945;0,6189567577877586;65,03807814048028;64,55807814048028
HUM;2011-05-27;2011-05-31;2011-06-27;27;enter_or_hold;rebalance_trim;12;36,958767182287325;9,676419681437222;80,52999877929688;80,91999816894531;779,2420651341038;783,0158629038464;1,8701809563218488;1,8792380709692311;81,63999938964844;-0,8819221289636858;0,484290817782429;0,004290817782429013
LULU;2010-11-26;2010-11-29;2011-06-27;210;enter_or_hold;rebalance_trim;6;46,64625817534511;21,471122669775156;28,14119028288888;54,290000915527344;604,2229486373917;1165,667269399493;1,4501350767297396;2,797601446558783;53,34999847412109;1,7619540174161896;92,92005906565413;92,44005906565413
NFLX;2010-09-24;2010-09-27;2011-06-27;273;enter_or_hold;rebalance_trim;8;50,376852702557386;186,87127440711342;2,432164862272487;3,7160000801086426;454,50174738106114;694,4136706668376;1,0908041937145465;1,66659280960041;3,910000085830689;-4,961636866072617;52,785698771941284;52,30569877194129
REGN;2011-03-25;2011-03-28;2011-06-27;91;enter_or_hold;rebalance_trim;9;44,14999112833746;10,197414307275473;41,7400016784668;53,060001373291016;425,6400903016995;541,0748171480541;1,0215362167240787;1,2985795611553297;67,05000305175781;-20,865027653567015;27,120266506036295;26,640266506036294
TMUS;2010-09-24;2010-09-27;2011-06-27;273;enter_or_hold;rebalance_trim;10;39,10356601159592;19,506157054870176;20,858555509107134;33,7400016784668;406,8702596983712;658,1377717717567;0,9764886232760909;1,579530652252216;37,380001068115234;-9,73782580427297;61,75617560734465;61,276175607344655
TSCO;2011-04-29;2011-05-02;2011-06-27;56;enter_or_hold;rebalance_trim;14;42,99574836829163;130,9530317858724;5,958000183105469;6,604000091552734;780,2181873584441;864,8138339030096;1,872523649660266;2,0755532013672227;6,619999885559082;-0,24168873539182067;10,842562749143013;10,362562749143013
ULTA;2010-09-24;2010-09-27;2011-06-27;273;enter_or_hold;rebalance_trim;10;34,94559610086674;16,3180601323955;28,63999938964844;63,16999816894531;467,34923223205357;1030,8118286841634;1,1216381573569287;2,473948388841992;62,81999969482422;0,5571449790215954;120,56564076526234;120,08564076526234
TMUS;2010-09-24;2010-09-27;2011-08-01;308;enter_or_hold;left_top_n;10;39,10356601159592;36,46685088259186;20,858555509107134;32,36000061035156;760,6458333768746;1180,0673168182718;1,8255500001044989;2,832161560363852;37,380001068115234;-13,429642360405602;55,1401802307103;54,6601802307103
FTNT;2010-11-26;2010-11-29;2011-08-01;245;enter_or_hold;left_top_n;5;60,98128175622146;236,52279442585967;3,1519999504089355;4,047999858856201;745,5198363008925;957,4442384521542;1,7892476071221415;2,2978661722851697;5,633999824523926;-28,150514999381315;28,42639348173277;27,94639348173277
CNC;2011-04-29;2011-05-02;2011-08-01;91;enter_or_hold;left_top_n;13;43,838993393372846;220,1799434578918;9,100000381469728;7,897500038146973;2003,6375694587987;1738,8711118578988;4,808730166701117;4,173290668458956;9,467499732971191;-16,583044511283074;-13,214288933123552;-13,694288933123552
MCO;2011-04-29;2011-05-02;2011-08-01;91;enter_or_hold;left_top_n;9;46,25887230615224;50,208811052828395;38,97999954223633;35,349998474121094;1957,1394318554812;1774,8813941049182;4,697134636453155;4,259715345851803;41,75;-15,32934497216505;-9,312470781796666;-9,792470781796666
HUM;2011-05-27;2011-05-31;2011-08-01;62;enter_or_hold;left_top_n;12;36,958767182287325;15,205037541130784;80,52999877929688;72,36000061035156;1224,4616546264251;1100,2365257566419;2,93870797110342;2,64056766181594;83,55000305175781;-13,393180170770592;-10,14528535053909;-10,625285350539091
AVGO;2011-06-24;2011-06-27;2011-08-01;35;enter_or_hold;left_top_n;13;28,421844843981425;346,88782882701105;3,5450000762939453;3,319999933242798;1229,7173796571951;1151,6675685484158;2,951321711177268;2,7640021645161976;3,9079999923706055;-15,04606090777203;-6,346971458640127;-6,826971458640127
IRM;2011-06-24;2011-06-27;2011-08-01;35;enter_or_hold;left_top_n;15;26,171240583562195;40,27101261703538;30,536043167114254;29,038816452026367;1229,7173796571951;1169,4225437233285;2,951321711177268;2,806614104935988;32,71718978881836;-11,242937918980855;-4,903145790350216;-5,383145790350216
SATS;2011-06-24;2011-06-27;2011-08-01;35;enter_or_hold;left_top_n;10;32,81403647051639;42,80595931172975;28,72771453857422;27,204214096069336;1229,7173796571951;1164,5024817039289;2,951321711177268;2,794805956089429;31,085899353027344;-12,486964629446963;-5,3032427639142625;-5,783242763914263
UNH;2011-06-24;2011-06-27;2011-08-01;35;enter_or_hold;left_top_n;14;27,52456550521533;24,097930806851153;51,02999877929688;48,02000045776367;1229,7173796571951;1157,1826483761497;2,951321711177268;2,777238356102759;53,130001068115234;-9,61791926900264;-5,898487935599128;-6,378487935599129
BIIB;2011-04-29;2011-05-02;2011-08-01;91;enter_or_hold;rebalance_trim;8;41,73896881596066;0,0872749256981842;98,51254523070517;102,9000015258789;8,597675065348806;8,980589987514122;0,02063442015683713;0,021553415970033893;108,9800033569336;-5,579006830401112;4,4537031145615025;3,9737031145615025
COO;2011-03-25;2011-03-28;2011-08-01;126;enter_or_hold;rebalance_trim;13;36,541546145017925;1,8193022460064898;17,208503257007497;18,934999465942383;31,307468625883732;34,44848705652066;0,07513792470212095;0,08267636893564959;20,51749992370605;-7,71293024807197;10,032808682718164;9,552808682718164
LULU;2010-11-26;2010-11-29;2011-08-01;245;enter_or_hold;rebalance_trim;6;46,64625817534511;3,341744109434114;28,14119028288888;62,150001525878906;94,04065686030845;207,68940150042704;0,2256975764647402;0,49845456360102486;63,7599983215332;-2,5250891437218925;120,85064953229407;120,37064953229407
NFLX;2010-09-24;2010-09-27;2011-08-01;308;enter_or_hold;rebalance_trim;8;50,376852702557386;11,953439056692744;2,432164862272487;3,762571096420288;29,072734457003683;44,97566429753351;0,06977456269680883;0,10794159431408042;4,267570972442627;-11,833426538968428;54,700495627781564;54,22049562778157
OKE;2011-06-24;2011-06-27;2011-08-01;35;enter_or_hold;rebalance_trim;11;29,68052784951873;0,518080620881676;32,170372009277344;31,846437454223636;16,666846304560895;16,49902208915364;0,040000431130946146;0,03959765301396873;33,24724197387695;-4,213295408846118;-1,0069344394285862;-1,4869344394285862
REGN;2011-03-25;2011-03-28;2011-08-01;126;enter_or_hold;rebalance_trim;9;44,14999112833746;0,3851156714696083;41,7400016784668;52,65999984741211;16,074728773545313;20,280191200825584;0,03857934905650875;0,0486724588819814;67,05000305175781;-21,461599626233653;26,161949520425676;25,681949520425675
TSCO;2011-04-29;2011-05-02;2011-08-01;91;enter_or_hold;rebalance_trim;14;42,99574836829163;4,061477216839628;5,958000183105469;6,589000225067139;24,19828200160919;26,761074295861366;0,05807587680386206;0,06422657831006727;7,22599983215332;-8,815383640776508;10,590802661452358;10,110802661452357
ULTA;2010-09-24;2010-09-27;2011-08-01;308;enter_or_hold;rebalance_trim;10;34,94559610086674;0,48591452262481477;28,63999938964844;63,22999954223633;13,916591631396006;30,724375043133023;0,03339981991535042;0,07373850010351925;68,69999694824219;-7,962150871894358;120,77514277144155;120,29514277144155
OKE;2011-06-24;2011-06-27;2011-08-08;42;enter_or_hold;stop_loss;11;29,68052784951873;37,70707199167025;32,170372009277344;25,963054656982425;1213,0505333526341;978,9907710745058;2,9113212800463217;2,3495778505788136;33,24724197387695;-21,90914759972531;-19,295136999052552;-19,775136999052553
BKR;2011-07-29;2011-08-01;2011-08-08;7;enter_or_hold;stop_loss;7;28,395876617382036;15,919457459922626;75,43000030517578;57,58000183105469;1200,8046810601966;916,642389691742;2,8819312345444716;2,1999417352601807;75,43000030517578;-23,6643224206593;-23,6643224206593;-24,1443224206593
ISRG;2011-07-29;2011-08-01;2011-08-08;7;enter_or_hold;stop_loss;8;26,54861858413984;27,42119699287214;43,79111099243164;36,86333465576172;1200,8046810601966;1010,8367614098125;2,8819312345444716;2,4260082273835497;43,79111099243164;-15,820051557648862;-15,820051557648862;-16,30005155764886
WMB;2011-07-29;2011-08-01;2011-08-08;7;enter_or_hold;stop_loss;15;21,093695887406373;46,599761513528904;25,76847267150879;19,59740829467773;1200,8046810601966;913,2345528152355;2,8819312345444716;2,191762926756565;25,76847267150879;-23,948118522578042;-23,948118522578042;-24,428118522578043
AMZN;2011-07-29;2011-08-01;2011-08-18;17;enter_or_hold;stop_loss;9;26,416766318557386;108,5129841601277;11,065999984741213;9,12600040435791;1200,8046810601966;990,2895373234089;2,8819312345444716;2,3766948895761812;11,065999984741213;-17,53117280913019;-17,53117280913019;-18,01117280913019
EXPE;2011-07-29;2011-08-01;2011-08-19;18;enter_or_hold;stop_loss;12;22,04529861332553;19,121093879752124;62,79999923706055;53,060001373291016;1200,8046810601966;1014,5652675184741;2,8819312345444716;2,434956642044338;62,79999923706055;-15,509550926907668;-15,509550926907668;-15,989550926907668
NFLX;2010-09-24;2010-09-27;2011-08-29;336;enter_or_hold;market_filter_failed;8;50,376852702557386;319,15301505056215;2,432164862272487;3,2148571014404297;776,2327488942996;1026,031336881424;1,8629585973463185;2,4624752085154173;4,267570972442627;-24,667753103580047;32,180887542164236;31,700887542164235
ULTA;2010-09-24;2010-09-27;2011-08-29;336;enter_or_hold;market_filter_failed;10;34,94559610086674;18,991553352178993;28,63999938964844;58,970001220703125;543,918076414882;1119,9319243610437;1,305403383395717;2,6878366184665046;68,69999694824219;-14,163022066608722;105,90084663904382;105,42084663904382
LULU;2010-11-26;2010-11-29;2011-08-29;273;enter_or_hold;market_filter_failed;6;46,64625817534511;19,32157490397829;28,14119028288888;55,2400016784668;543,7321159379435;1067,3238301263827;1,304957078251064;2,5615771923033184;63,7599983215332;-13,362604873515204;96,29589624023554;95,81589624023553
COO;2011-03-25;2011-03-28;2011-08-29;154;enter_or_hold;market_filter_failed;13;36,541546145017925;63,41885099730419;17,208503257007497;18,59000015258789;1091,3435039427823;1178,9564497168335;2,6192244094626775;2,8294954793204004;20,51749992370605;-9,394418317463305;8,027989854479834;7,547989854479834
REGN;2011-03-25;2011-03-28;2011-08-29;154;enter_or_hold;market_filter_failed;9;44,14999112833746;22,803568424690138;41,7400016784668;58,619998931884766;951,8209843215986;1336,745156698497;2,284370362371836;3,208188376076393;67,05000305175781;-12,572712507359151;40,44081594305775;39,96081594305775
BIIB;2011-04-29;2011-05-02;2011-08-29;119;enter_or_hold;market_filter_failed;8;41,73896881596066;11,669930922815675;98,51254523070517;93,88999938964844;1149,6345978730844;1095,6898072204033;2,759123034895402;2,6296555373289676;108,9800033569336;-13,846580567502887;-4,692342310546593;-5,172342310546593
TSCO;2011-04-29;2011-05-02;2011-08-29;119;enter_or_hold;market_filter_failed;14;42,99574836829163;182,2485762249915;5,958000183105469;6,0960001945495605;1085,8370505192102;1110,9873561239285;2,6060089212461044;2,6663696546974283;7,22599983215332;-15,637969330910217;2,3162136153571433;1,8362136153571433
CF;2011-07-29;2011-08-01;2011-08-29;28;enter_or_hold;market_filter_failed;14;21,09994657756502;38,18138797869982;31,450000762939453;37,720001220703125;1200,8046810601966;1440,2020011646966;2,8819312345444716;3,4564848027952717;36,06999969482422;4,574442860657046;19,936407967125437;19,456407967125436
MA;2011-07-29;2011-08-01;2011-08-29;28;enter_or_hold;market_filter_failed;13;21,36712893137527;39,48456711670621;30,41200065612793;32,73699951171875;1200,8046810601966;1292,6062544200374;2,8819312345444716;3,1022550106080895;33,84700012207031;-3,279465259397607;7,645004621300178;7,165004621300177
BIIB;2012-01-27;2012-01-30;2012-02-27;28;enter_or_hold;left_top_n;14;23,13124510539435;15,758035771949972;116,58000183105467;116,4000015258789;1837,0718391477528;1834,235387899831;4,408972413954606;4,402164930959594;122,08999633789062;-4,660492245625392;-0,15440067108304367;-0,6344006710830437
DHI;2012-01-27;2012-01-30;2012-02-27;28;enter_or_hold;left_top_n;7;25,552445801478928;130,47385291918448;14,079999923706056;14,239999771118164;1837,0718391477528;1857,9476357060921;4,408972413954606;4,459074325694621;14,729999542236328;-3,326543016604677;1,136362558800319;0,656362558800319
CNC;2012-01-27;2012-01-30;2012-02-27;28;enter_or_hold;rebalance_trim;3;31,182804226331086;6,990805149665582;10,9375;12,147500038146973;76,4619313244673;84,92080582224071;0,18350863517872149;0,20380993397337768;12,442500114440918;-2,3709067597400657;11,062857491629474;10,582857491629474
EQIX;2012-01-27;2012-01-30;2012-02-27;28;enter_or_hold;rebalance_trim;8;25,35423740400471;1,3476403607212433;119,4000015258789;139,2899932861328;160,90826112645243;187,7128167969836;0,3861798267034858;0,45051076031276055;138,7899932861328;0,3602565200570229;16,6582843434411;16,1782843434411
GWW;2012-01-27;2012-01-30;2012-02-27;28;enter_or_hold;rebalance_trim;13;23,43633063981432;0,17485952704854166;193,82000732421875;210,17999267578125;33,89127481325777;36,75197411435306;0,08133905955181864;0,08820473787444734;209,1000061035156;0,5164928458830431;8,440813503941214;7,960813503941214
LULU;2012-01-27;2012-01-30;2012-02-27;28;enter_or_hold;rebalance_trim;5;27,965126602809782;0,06665690745722282;63,130001068115234;67,3499984741211;4,208050638971734;4,489342615533587;0,01009932153353216;0,010774422277280609;66,69999694824219;0,97451507589017;6,684614818004864;6,204614818004863
REGN;2012-01-27;2012-01-30;2012-02-27;28;enter_or_hold;rebalance_trim;1;57,43632664848592;2,2116627640410345;88,87999725341797;105,94000244140624;196,57258039345396;234,30355862207446;0,4717741929442894;0,5623285406929787;114,6500015258789;-7,597033553031951;19,19442587216349;18,71442587216349
TRGP;2012-01-27;2012-01-30;2012-02-27;28;enter_or_hold;rebalance_trim;15;21,80498802592692;2,851346914230486;41,25;46,90999984741211;117,61806021200755;133,75668331147108;0,2822833445088181;0,3210160399475306;45,95000076293945;2,0892253939785332;13,721211751302075;13,241211751302075
ULTA;2012-01-27;2012-01-30;2012-02-27;28;enter_or_hold;rebalance_trim;4;29,05847599223046;0,44356042270315854;77,2699966430664;83,80999755859375;34,27391237327018;37,17479794384053;0,0822573896958484;0,08921951506521726;84,16999816894531;-0,4277065678782277;8,46382968765691;7,983829687656909
URI;2012-01-27;2012-01-30;2012-02-27;28;enter_or_hold;rebalance_trim;2;48,48311652851318;2,741616949550228;38,310001373291016;43,25;105,03134910230715;118,57493306804736;0,2520752378455371;0,28457983936331366;42,88999938964844;0,8393579283623165;12,894801486885488;12,414801486885487
DLTR;2012-01-27;2012-01-30;2012-04-02;63;enter_or_hold;left_top_n;11;24,033173390832708;43,24557106742006;42,47999954223633;47,47999954223633;1837,0718391477528;2053,299694484853;4,408972413954606;4,927919266763646;47,90999984741211;-0,8975168159993441;11,770244947928221;11,29024494792822
GWW;2012-01-27;2012-01-30;2012-04-02;63;enter_or_hold;left_top_n;13;23,43633063981432;9,303376824860841;193,82000732421875;218,19000244140625;1803,180564334495;2029,9038121297092;4,327633354402788;4,8717691491113015;219,3600006103516;-0,5333689668535313;12,573518829984254;12,093518829984253
TRGP;2012-01-27;2012-01-30;2012-04-02;63;enter_or_hold;left_top_n;15;21,80498802592692;41,68372797419989;41,25;45,43000030517578;1719,4537789357453;1893,6917745887652;4,126689069445788;4,544860259013036;46,90999984741211;-3,154976651141417;10,1333340731534;9,653334073153399
MA;2012-02-24;2012-02-27;2012-04-02;35;enter_or_hold;left_top_n;11;30,05539084229387;44,6303037563118;42,13999938964844;43,20500183105469;1880,7209730508034;1928,252355511978;4,513730335321928;4,627805653228747;43,56800079345703;-0,8331779190952848;2,527295815927011;2,047295815927011
AAPL;2012-02-24;2012-02-27;2012-04-02;35;enter_or_hold;rebalance_trim;6;36,98777239425475;3,9133546263894052;18,777143478393555;22,093929290771484;73,48162130154907;86,46138040516098;0,17635589112371775;0,20750731297238634;22,05785751342773;0,16353255216103868;17,663953072492;17,183953072492
BLDR;2012-02-24;2012-02-27;2012-04-02;35;enter_or_hold;rebalance_trim;3;45,83370204721824;110,27799879225847;3,0799999237060547;4,25;339,6562278666125;468,68149486709854;0,8151749468798699;1,1248355876810363;4,480000019073486;-5,133928975318458;37,987016405056465;37,50701640505647
EQIX;2012-01-27;2012-01-30;2012-04-02;63;enter_or_hold;rebalance_trim;8;25,35423740400471;0,6346950908769471;119,4000015258789;158,64999389648438;75,78259481917533;100,69437229375625;0,18187822756602076;0,24166649350501496;157,4499969482422;0,7621447897751654;32,872690007544406;32,39269000754441
LEN;2012-01-27;2012-01-30;2012-04-02;63;enter_or_hold;rebalance_trim;9;24,856942737363006;3,0912963377834206;21,07445526123047;25,291248321533203;65,14738636982229;78,18274331432667;0,15635372728757346;0,187638583954384;26,338308334350582;-3,975426210087296;20,009025182540018;19,529025182540018
LULU;2012-01-27;2012-01-30;2012-04-02;63;enter_or_hold;rebalance_trim;5;27,965126602809782;0,581609432795415;63,130001068115234;74,73999786376953;36,71700411360044;43,469487764677524;0,08812080987264104;0,10432677063522605;75,94999694824219;-1,5931522489687988;18,39061713800303;17,91061713800303
REGN;2012-01-27;2012-01-30;2012-04-02;63;enter_or_hold;rebalance_trim;1;57,43632664848592;0,766370492254063;88,87999725341797;120,1999969482422;68,1150072466417;92,11773083016124;0,16347601739194004;0,22108255399238694;119,95999908447266;0,20006490963753176;35,23852459797392;34,758524597973924
ROST;2012-01-27;2012-01-30;2012-04-02;63;enter_or_hold;rebalance_trim;15;26,724758790960543;0,9509942011245474;25,368591233651895;29,26499938964844;24,12538315390198;27,830844715469084;0,05790091956936475;0,06679402731712579;29,670000076293945;-1,3650174776005386;15,359182226988978;14,879182226988977
ULTA;2012-01-27;2012-01-30;2012-04-02;63;enter_or_hold;rebalance_trim;4;29,05847599223046;0,6898675255292591;77,2699966430664;93,91999816894533;53,30606138180638;64,79235673452285;0,1279345473163353;0,15550165616285483;94,51000213623048;-0,6242767473803479;21,547822245664563;21,067822245664562
PTC;2012-01-27;2012-01-30;2012-04-09;70;enter_or_hold;stop_loss;13;29,80139826678718;74,60863499148253;25,030336644856384;20,959999084472656;1867,4792504500194;1563,7969211152285;4,481950201080046;3,753112610676548;28,5;-26,456143563253843;-16,26161732515157;-16,74161732515157
CNC;2012-01-27;2012-01-30;2012-04-30;91;enter_or_hold;left_top_n;9;33,56412238776472;172,03447866671547;11,028988333787728;9,897500038146973;1897,3662582244588;1702,7112591664109;4,5536790197387;4,0865070219993855;12,699999809265137;-22,066927663051096;-10,25922107628311;-10,73922107628311
ULTA;2012-01-27;2012-01-30;2012-04-30;91;enter_or_hold;left_top_n;4;29,05847599223046;22,641283051610717;77,2699966430664;88,18000030517578;1749,4918653926763;1996,5083464006043;4,198780476942423;4,79162003136145;95,55999755859376;-7,7228939325713615;14,119327211189091;13,63932721118909
GRMN;2012-02-24;2012-02-27;2012-04-30;63;enter_or_hold;left_top_n;7;35,43428061973408;39,56913573223166;47,52999877929688;47,130001068115234;1880,7209730508034;1864,8934093244748;4,513730335321928;4,475744182378739;47,880001068115234;-1,5664160051563791;-0,8415689489894906;-1,3215689489894906
TXT;2012-02-24;2012-02-27;2012-04-30;63;enter_or_hold;left_top_n;14;27,74199123596561;68,34015050026036;27,520000457763672;26,63999938964844;1880,7209730508034;1820,5815676154186;4,513730335321928;4,369395762277004;28,88999938964844;-7,788162158307954;-3,197678246647606;-3,677678246647606
FFIV;2012-03-30;2012-04-02;2012-04-30;28;enter_or_hold;left_top_n;14;29,54813281180668;15,559388557566733;136,66000366210938;133,92999267578125;2126,3460972572525;2083,868795554547;5,103230633417406;5,0012851093309125;138,05999755859375;-2,991456581085117;-1,997666407998977;-2,477666407998977
KMI;2012-03-30;2012-04-02;2012-04-30;28;enter_or_hold;left_top_n;12;29,963857172340223;54,38225524905343;39,09999847412109;35,900001525878906;2126,3460972572525;1952,3230464217543;5,103230633417406;4,68557531141221;39,84999847412109;-9,912163361329462;-8,184135736885379;-8,66413573688538
BLDR;2012-02-24;2012-02-27;2012-04-30;63;enter_or_hold;rebalance_trim;3;45,83370204721824;0,2981142615672142;3,0799999237060547;4,170000076293945;0,9181919028827065;1,2431364934795965;0,0022036605669184957;0,0029835275843510312;4,480000019073486;-6,91964155044027;35,38961622039043;34,90961622039043
EQIX;2012-01-27;2012-01-30;2012-04-30;91;enter_or_hold;rebalance_trim;8;25,35423740400471;0,7043871220989996;119,4000015258789;164,1999969482422;84,10382345343001;115,66036329903683;0,20184917628823199;0,2775848719176884;169,27999877929688;-3,000946282896577;37,520933710083135;37,04093371008314
ISRG;2012-02-24;2012-02-27;2012-04-30;63;enter_or_hold;rebalance_trim;11;31,67211594276129;2,6039618129832;57,35140627597884;64,24444580078125;149,3408718635339;167,29008356150325;0,35841809247248135;0,40149620054760776;65,09111022949219;-1,3007374213250378;12,018954673286707;11,538954673286707
LEN;2012-01-27;2012-01-30;2012-04-30;91;enter_or_hold;rebalance_trim;9;24,856942737363006;5,109236822721942;21,07445526123047;26,404939651489254;107,67438283948489;134,9090899691396;0,2584185188147637;0,32378181592593497;27,042694091796875;-2,3583243523842445;25,293580897746804;24,813580897746803
REGN;2012-01-27;2012-01-30;2012-04-30;91;enter_or_hold;rebalance_trim;1;57,43632664848592;2,274867493457992;88,87999725341797;135,25999450683594;202,19021657043615;307,6985646689077;0,4852565197690467;0,7384765552053784;140,00999450683594;-3,3926149463337607;52,1827167941709;51,702716794170904
ROST;2012-01-27;2012-01-30;2012-04-30;91;enter_or_hold;rebalance_trim;15;26,724758790960543;4,851208944240237;25,368591233651895;30,75;123,06833669546653;149,17467503538728;0,29536400806911967;0,3580192200849294;31,11000061035156;-1,1571861243608317;21,21287980394264;20,73287980394264
TSCO;2012-01-27;2012-01-30;2012-04-30;91;enter_or_hold;rebalance_trim;15;29,47457806292919;19,587933826647934;8,109706972737769;9,840999603271484;158,85240353549275;192,7648490169504;0,38124576848518255;0,4626356376406809;9,965999603271484;-1,2542645492276239;21,348399348506252;20,86839934850625
URI;2012-01-27;2012-01-30;2012-04-30;91;enter_or_hold;rebalance_trim;3;55,16394337425754;3,382957148622259;38,66129046999863;46,68000030517578;130,7894889704435;157,91644073008365;0,3138947735290644;0,37899945775220073;46,81999969482422;-0,29901621221906094;20,74092648666166;20,26092648666166
ISRG;2012-02-24;2012-02-27;2012-05-29;92;enter_or_hold;left_top_n;11;31,67211594276129;32,457257304160244;57,35140627597884;58,655555725097656;1861,4693502548755;1903,7984644880041;4,467526440611701;4,569116314771209;65,36444091796875;-10,263814848949181;2,273962460210943;1,7939624602109432
MA;2012-04-27;2012-04-30;2012-05-29;29;enter_or_hold;left_top_n;15;30,94031461822655;46,101696790138774;45,22700119018555;41,60499954223633;2085,0414955971796;1918,0610738500418;5,00409958943323;4,6033465772401;45,59000015258789;-8,740953272678054;-8,00849393643903;-8,488493936439031
AAPL;2012-02-24;2012-02-27;2012-05-29;92;enter_or_hold;rebalance_trim;6;42,43164238206427;37,21646581626953;18,85460672622537;20,438213348388672;701,7018267057722;760,6380684259307;1,684084384093853;1,8255313642222335;22,72249984741211;-10,052971787272769;8,399043507816174;7,919043507816173
ALGN;2012-04-27;2012-04-30;2012-05-29;29;enter_or_hold;rebalance_trim;7;39,025100947285615;25,995408416924686;31,709999084472656;32,2599983215332;824,3143771011746;838,6118318975605;1,9783545050428188;2,0126683965541448;32,43000030517578;-0,5242120938723671;1,734466265973067;1,254466265973067
BLDR;2012-02-24;2012-02-27;2012-05-29;92;enter_or_hold;rebalance_trim;3;45,83370204721824;179,3990933526776;3,0799999237060547;4,0;552,5491938391824;717,5963734107104;1,3261180652140376;1,7222312961857047;4,480000019073486;-10,71428609441738;29,87013308711195;29,39013308711195
DHI;2012-04-27;2012-04-30;2012-05-29;29;enter_or_hold;rebalance_trim;12;35,289484699340235;53,940044334862925;16,350000381469727;17,43000030517578;881,9197454515028;940,1749892178559;2,1166073890836063;2,256419974122854;17,329999923706055;0,5770362487591996;6,605503966410131;6,125503966410131
EQIX;2012-01-27;2012-01-30;2012-05-29;120;enter_or_hold;rebalance_trim;8;25,35423740400471;5,03362365381397;119,4000015258789;167,32000732421875;601,0146719460882;842,2259466235141;1,4424352126706113;2,0213422718964336;169,27999877929688;-1,1578399510939974;40,13400769342002;39,65400769342002
LEN;2012-01-27;2012-01-30;2012-05-29;120;enter_or_hold;rebalance_trim;9;24,856942737363006;32,102425332958305;21,07445526123047;27,366331100463867;676,5411264564214;878,525600789656;1,623698703495411;2,1084614418951744;27,861305236816406;-1,7765647809581897;29,85546132149959;29,37546132149959
REGN;2012-01-27;2012-01-30;2012-05-29;120;enter_or_hold;rebalance_trim;1;57,43632664848592;5,985386719299212;88,87999725341797;136,0;531,9811551719583;814,0125938246929;1,2767547724127;1,9536302251792628;140,00999450683594;-2,864077326022718;53,01530625865314;52,535306258653144
ROST;2012-01-27;2012-01-30;2012-05-29;120;enter_or_hold;rebalance_trim;15;26,724758790960543;27,0681943301365;25,368591233651895;31,479999542236328;686,6819573942868;852,106745121861;1,6480366977462884;2,0450561882924663;31,924999237060547;-1,39389101161711;24,09045205662639;23,61045205662639
SHW;2012-04-27;2012-04-30;2012-05-29;29;enter_or_hold;rebalance_trim;11;36,0723130826184;22,28520413161249;40,09333419799805;43,15666580200195;893,4881369193463;961,7551070373933;2,1443715286064307;2,3082122568897434;42,10333251953125;2,501781259196223;7,640501009159939;7,160501009159939
TSCO;2012-01-27;2012-01-30;2012-05-29;120;enter_or_hold;rebalance_trim;15;29,47457806292919;73,18509230484864;8,109706972737769;9,246999740600586;593,5096533650882;676,7425295587653;1,4244231680762114;1,6241820709410366;9,97700023651123;-7,316833503112274;14,023845395228584;13,543845395228583
URI;2012-01-27;2012-01-30;2012-05-29;120;enter_or_hold;rebalance_trim;3;55,16394337425754;11,277872199748114;38,66129046999863;38,40999984741211;436,01709299798426;433,1830694714583;1,0464410231951622;1,0396393667314998;46,81999969482422;-17,962409018003058;-0,6499799140991636;-1,1299799140991635
URI;2012-01-27;2012-01-30;2012-06-01;123;enter_or_hold;stop_loss;3;55,16394337425754;33,39218979868619;38,66129046999863;31,11000061035156;1290,9851492363318;1038,8310450181025;3,0983643581671965;2,493194508043446;46,81999969482422;-33,55403499972544;-19,531913621732087;-20,011913621732088
RF;2012-04-27;2012-04-30;2012-06-04;35;enter_or_hold;stop_loss;14;31,956331319239805;309,35334813094096;6,739999771118164;5,550000190734863;2085,0414955971796;1716,9111411311908;5,00409958943323;4,120586738714858;6,980000019073486;-20,487103501877048;-17,6557807239492;-18,1357807239492
LULU;2012-01-27;2012-01-30;2012-07-02;154;enter_or_hold;left_top_n;5;27,965126602809782;28,451556375821955;63,130001068115234;58,09999847412109;1796,1467843951805;1653,0353820216258;4,310752282548433;3,9672849168519013;80,30000305175781;-27,64633092644789;-7,967689702027625;-8,447689702027626
TSCO;2012-01-27;2012-01-30;2012-07-02;154;enter_or_hold;left_top_n;15;29,47457806292919;138,70380026516457;8,109706972737769;8,390000343322754;1124,847176155632;1163,7249318449014;2,6996332227735156;2,792939836427763;9,97700023651123;-15,90658369818202;3,456270017242802;2,976270017242802
DAL;2012-05-25;2012-05-29;2012-07-02;34;enter_or_hold;left_top_n;11;26,41166380776432;108,63531682401019;11,800000190734863;11,119999885559082;1281,8967592438626;1208,0247106506679;3,0765522221852697;2,8992593055616025;12,100000381469728;-8,099177396816003;-5,762714357493859;-6,24271435749386
ULTA;2012-05-25;2012-05-29;2012-07-02;34;enter_or_hold;left_top_n;13;24,75500530658461;14,049723687607525;91,23999786376952;92,06999969482422;1281,8967592438626;1293,5580556303894;3,0765522221852697;3,104539333512934;97,6999969482422;-5,762535751562559;0,9096907611659377;0,42969076116593774
ALGN;2012-04-27;2012-04-30;2012-07-02;63;enter_or_hold;rebalance_trim;7;39,025100947285615;3,671394375742982;31,709999084472656;35,220001220703125;116,41991229354804;129,3065143953504;0,2794077895045153;0,31033563454884094;34,72999954223633;1,4108888134907405;11,069070443301277;10,589070443301276
BLDR;2012-02-24;2012-02-27;2012-07-02;126;enter_or_hold;rebalance_trim;3;45,83370204721824;74,81264862029894;3,0799999237060547;5,170000076293945;230,42295204276863;386,7813990746977;0,5530150849026446;0,9282753577792744;4,739999771118164;9,071736834163268;67,85714949216842;67,37714949216841
DHI;2012-04-27;2012-04-30;2012-07-02;63;enter_or_hold;rebalance_trim;12;35,289484699340235;4,921387462329163;16,350000381469727;18,51000022888184;80,46468688644212;91,09488305412901;0,1931152485274611;0,21862771932990963;18,3799991607666;0,7072963767742468;13,211007932820284;12,731007932820283
DLTR;2012-05-25;2012-05-29;2012-07-02;34;enter_or_hold;rebalance_trim;12;26,14258735123025;0,7052382680478272;51,09999847412109;52,130001068115234;36,03767442113577;36,76407166660897;0,08649041861072583;0,08823377199986152;56,744998931884766;-8,132871531655606;2,0156607137978177;1,5356607137978178
EQIX;2012-01-27;2012-01-30;2012-07-02;154;enter_or_hold;rebalance_trim;8;25,35423740400471;0,46576760435047426;119,4000015258789;176,52999877929688;55,61265267015159;82,22195462742525;0,1334703664083638;0,19733269110582058;175,64999389648438;0,500999096721344;47,84756827748913;47,367568277489134
LEN;2012-01-27;2012-01-30;2012-07-02;154;enter_or_hold;rebalance_trim;9;24,856942737363006;3,934055560602164;21,07445526123047;29,60323143005371;82,90807790710525;116,46075721919556;0,19897938697705256;0,27950581732606933;29,4223747253418;0,6146910519637228;40,4697348667093;39,989734866709306
SBAC;2012-05-25;2012-05-29;2012-07-02;34;enter_or_hold;rebalance_trim;15;23,2732709820495;2,4707490739227826;52,400001525878906;57,790000915527344;129,46725524361773;142,78459124403594;0,31072141258468244;0,3426830189856862;57,45000076293945;0,5918192307618142;10,286258077657617;9,806258077657617
SHW;2012-04-27;2012-04-30;2012-07-02;63;enter_or_hold;rebalance_trim;11;36,0723130826184;0,8905586284271757;40,09333419799805;44,08666610717773;35,70546471244152;39,26176090033505;0,08569311530985962;0,0942282261608041;44,33666610717773;-0,5638673855080989;9,96008934916437;9,48008934916437
EQIX;2012-01-27;2012-01-30;2012-07-30;182;enter_or_hold;market_filter_failed;8;25,35423740400471;7,1997472709088175;119,4000015258789;181,5800018310547;859,6498351324553;1307,3301226347542;2,063159604317893;3,13759229432341;186,75999450683597;-2,7736093532556128;52,0770515163677;51,597051516367706
LEN;2012-01-27;2012-01-30;2012-07-30;182;enter_or_hold;market_filter_failed;9;24,856942737363006;42,93353514287186;21,07445526123047;28,137348175048828;904,800865574919;1208,0358267006802;2,171522077379805;2,899285984081632;30,27906036376953;-7,073245216299295;33,513999893565824;33,03399989356583
REGN;2012-01-27;2012-01-30;2012-07-30;182;enter_or_hold;market_filter_failed;7;35,16175571849669;10,524092252304724;92,1917263200094;135,47000122070312;970,2342326910084;1425,6987902665132;2,32856215845842;3,4216770966396313;140,00999450683594;-3,2426208586924465;46,943773186835934;46,46377318683594
ROST;2012-01-27;2012-01-30;2012-07-30;182;enter_or_hold;market_filter_failed;15;26,724758790960543;40,74313925422559;25,368591233651895;33,560001373291016;1033,5960453162056;1367,3398093239978;2,4806305087588933;3,2816155423775943;34,6150016784668;-3,0478123761931597;32,289574396125985;31,809574396125985
AAPL;2012-02-24;2012-02-27;2012-07-30;154;enter_or_hold;market_filter_failed;6;42,43164238206427;62,75470283088178;18,85460672622537;21,25107192993164;1183,215242097418;1333,6047038005536;2,8397165810338034;3,2006512891213283;22,72249984741211;-6,475642765371392;12,710237017953618;12,230237017953618
BLDR;2012-02-24;2012-02-27;2012-07-30;154;enter_or_hold;market_filter_failed;3;45,83370204721824;245,83585264777417;3,0799999237060547;3,680000066757202;757,1744073993573;904,6759541551227;1,817218577758457;2,1712222899722944;5,389999866485596;-31,725414509951612;19,48052460758469;19,00052460758469
ALGN;2012-04-27;2012-04-30;2012-07-30;91;enter_or_hold;market_filter_failed;7;39,025100947285615;36,086636368362;31,709999084472656;34,34000015258789;1144,3072062024569;1239,2150983959348;2,7463372948858966;2,9741162361502433;35,81999969482422;-4,131768718161599;8,293917199773926;7,813917199773925
DHI;2012-04-27;2012-04-30;2012-07-30;91;enter_or_hold;market_filter_failed;12;35,289484699340235;68,66403896428028;16,350000381469727;17,899999618530273;1122,6570632592345;1229,0862712673647;2,694376951822163;2,949807051041675;19,06999969482422;-6,135291531291919;9,480117436677492;9,000117436677492
SHW;2012-04-27;2012-04-30;2012-07-30;91;enter_or_hold;market_filter_failed;11;36,0723130826184;28,82892922442719;40,09333419799805;45,14666748046875;1155,847893965392;1301,530081513182;2,77403494551694;3,1236721956316367;45,08000183105469;0,14788297849654963;12,60392377824;12,12392377824
TPL;2012-04-27;2012-04-30;2012-07-30;91;enter_or_hold;market_filter_failed;13;33,714550906844806;328,1807354956836;6,353332996368408;6,2733330726623535;2085,0414955971796;2058,787061795728;5,00409958943323;4,941088948309746;6,679999828338623;-6,087825840220285;-1,2591803979388971;-1,7391803979388971
DLTR;2012-05-25;2012-05-29;2012-07-30;62;enter_or_hold;market_filter_failed;12;26,14258735123025;24,380804736299073;51,09999847412109;51,43999862670898;1245,8590848227268;1254,148562153284;2,9900618035745437;3,0099565491678812;56,744998931884766;-9,3488420213802;0,6653623536996278;0,18536235369962784
SBAC;2012-05-25;2012-05-29;2012-07-30;62;enter_or_hold;market_filter_failed;15;23,2732709820495;21,992928825223256;52,400001525878906;59,40999984741211;1152,4295040002448;1306,599898150659;2,7658308096005872;3,1358397555615816;58,83000183105469;0,9858881494225313;13,377859002678004;12,897859002678004
CSGP;2012-06-29;2012-07-02;2012-07-30;28;enter_or_hold;market_filter_failed;11;29,93159198706683;151,82049442777014;8,371000289916992;8,418999671936035;1270,889402870205;1278,1766927805636;3,0501345668884916;3,067624062673352;8,539999961853027;-1,4168652278393812;0,5734007926968987;0,09340079269689872
DG;2012-06-29;2012-07-02;2012-07-30;28;enter_or_hold;market_filter_failed;9;31,41648961716823;23,221074611729755;54,72999954223633;50,95000076293945;1270,889402870205;1183,1137691839049;3,0501345668884916;2,8394730460413715;55,59999847412109;-8,363305465459614;-6,906630387197;-7,386630387197
LII;2012-06-29;2012-07-02;2012-07-30;28;enter_or_hold;market_filter_failed;13;27,79247914968444;27,5024762616203;46,209999084472656;44,63999938964844;1270,889402870205;1227,7105235325507;3,0501345668884916;2,9465052564781216;48,29999923706055;-7,577639555331084;-3,3975324084171366;-3,8775324084171365
MAS;2012-06-29;2012-07-02;2012-07-30;28;enter_or_hold;market_filter_failed;14;27,234239368037617;102,06578187545107;12,451669692993164;11,528998374938965;1270,889402870205;1176,7162333789502;3,0501345668884916;2,8241189601094803;12,627416610717772;-8,698677406798339;-7,410020830968611;-7,890020830968611
RF;2012-06-29;2012-07-02;2012-07-30;28;enter_or_hold;market_filter_failed;10;30,12048192771084;185,5313022720947;6,849999904632568;7,050000190734863;1270,889402870205;1307,9957164055552;3,0501345668884916;3,139189719373332;7,099999904632568;-0,7042213319620072;2,9197122465218994;2,4397122465218994
STZ;2012-06-29;2012-07-02;2012-07-30;28;enter_or_hold;market_filter_failed;8;32,32273534757037;44,112788144011645;28,809999465942383;28,649999618530277;1270,889402870205;1263,8313634982405;3,0501345668884916;3,033195272395777;29,350000381469727;-2,385011086341926;-0,5553622019370374;-1,0353622019370374
STZ;2013-01-25;2013-01-28;2013-01-31;3;enter_or_hold;stop_loss;11;34,851137799362775;51,959218022525505;38,65999984741211;32,36000061035156;2008,7433608224885;1681,4003269223153;4,820984065973972;4,035360784613556;39,41999816894531;-17,909685151014408;-16,29591117932264;-16,77591117932264
AXON;2013-01-25;2013-01-28;2013-02-21;24;enter_or_hold;stop_loss;2;53,947373103210985;227,74868824556376;8,819999694824219;6,900000095367432;2008,7433608224885;1571,4659706141974;4,820984065973972;3,7715183294740733;8,869999885559082;-22,20969352433627;-21,76870369489341;-22,24870369489341
BLDR;2013-01-25;2013-01-28;2013-02-25;28;enter_or_hold;left_top_n;3;41,334833823720544;315,3443323250837;6,369999885559082;5,610000133514404;2008,7433608224885;1769,0817464467302;4,820984065973972;4,245796191472152;6,400000095367432;-12,343749220017353;-11,930922538438537;-12,410922538438538
EXPE;2013-01-25;2013-01-28;2013-02-25;28;enter_or_hold;left_top_n;8;35,678430731907326;30,134162173235683;66,66000366210938;62,13999938964844;2008,7433608224885;1872,5368190524323;4,820984065973972;4,494088365725837;67,5;-7,940741644965277;-6,780684104627765;-7,2606841046277655
LEN;2013-01-25;2013-01-28;2013-02-25;28;enter_or_hold;left_top_n;9;35,5246653660445;50,35331559707236;39,89297103881836;34,8956413269043;2008,7433608224885;1757,111240695853;4,820984065973972;4,217066977670047;40,62591171264648;-14,104964403687214;-12,526842653687908;-13,006842653687908
LYB;2013-01-25;2013-01-28;2013-02-25;28;enter_or_hold;left_top_n;14;32,76478745577822;32,80116436588542;61,2400016784668;56,97999954223633;2008,7433608224885;1869,0103305529697;4,820984065973972;4,485624793327127;63,41999816894531;-10,154523514102587;-6,956241050738521;-7,436241050738522
RMD;2013-01-25;2013-01-28;2013-02-25;28;enter_or_hold;left_top_n;10;34,925293278797696;41,52870384907855;48,369998931884766;42,790000915527344;2008,7433608224885;1777,0132757227352;4,820984065973972;4,264831861734564;48,369998931884766;-11,536072233979667;-11,536072233979667;-12,016072233979667
CPAY;2013-01-25;2013-01-28;2013-02-25;28;enter_or_hold;rebalance_trim;4;40,449197371244814;4,5667014273450794;59,34000015258789;67,27999877929688;270,98806339548037;307,24766645719023;0,6503713521491529;0,7373943994972565;69,55000305175781;-3,26384496456692;13,380516694121901;12,900516694121901
DAL;2013-01-25;2013-01-28;2013-02-25;28;enter_or_hold;rebalance_trim;6;36,06633162119386;3,5660121118233836;13,9399995803833;14,020000457763672;49,71020734245973;49,99549144015464;0,11930449762190336;0,11998917945637112;14,859999656677246;-5,652753824500434;0,5738944030740933;0,09389440307409336
GILD;2013-01-25;2013-01-28;2013-02-25;28;enter_or_hold;rebalance_trim;12;34,40421170766494;4,120606284514285;39,43999862670898;42,09000015258789;162,51670620245176;173,43631914396087;0,3900400948858842;0,41624716594550604;42,45000076293945;-0,8480579596734872;6,719071039937408;6,239071039937407
MPC;2013-01-25;2013-01-28;2013-02-25;28;enter_or_hold;rebalance_trim;5;39,72335403216889;8,817053804301052;34,32500076293945;39,63999938964844;302,6453785595118;349,50800742099113;0,7263489085428283;0,8388192178103786;42,10499954223633;-5,854412016119848;15,484336514414787;15,004336514414787
MS;2013-01-25;2013-01-28;2013-02-25;28;enter_or_hold;rebalance_trim;13;34,308832184761286;0,6017680470071266;22,309999465942383;22,030000686645508;13,425444807350186;13,256950488768325;0,032221067537640445;0,031816681173043974;24,31999969482422;-9,416114460996761;-1,255037140293569;-1,735037140293569
NFLX;2013-01-25;2013-01-28;2013-02-25;28;enter_or_hold;rebalance_trim;1;100,0104574792632;98,26253410465519;2,31585693359375;2,561713933944702;227,56197091875805;251,7205028006117;0,5461487302050193;0,6041292067214681;2,806428909301758;-8,719799548314267;10,616243032311633;10,136243032311633
VLO;2013-01-25;2013-01-28;2013-02-25;28;enter_or_hold;rebalance_trim;7;35,8922260367931;7,91223392704051;35,475318908691406;40,447898864746094;280,6890218419299;320,03323767514735;0,6736536524206317;0,7680797704203536;43,628883361816406;-7,2910059849349285;14,01701269790816;13,53701269790816
FSLR;2013-02-22;2013-02-25;2013-02-27;2;enter_or_hold;stop_loss;5;47,99737919309919;60,17374125644885;32,7400016784668;27,040000915527344;1970,0883897357621;1627,0980186650825;4,728212135365829;3,905035244796198;32,7400016784668;-17,409897589248935;-17,409897589248935;-17,889897589248935
AOS;2013-01-25;2013-01-28;2013-04-01;63;enter_or_hold;left_top_n;12;28,880524019093446;115,19300010369366;17,551986244927477;17,837499618530273;2021,8659533319608;2054,7550954069934;4,852478287996705;4,931412228976784;18,667499542236328;-4,446229779345279;1,6266727287648663;1,1466727287648664
MS;2013-01-25;2013-01-28;2013-04-01;63;enter_or_hold;left_top_n;13;34,308832184761286;89,43603602775144;22,309999465942383;21,65999984741211;1995,3179160151383;1937,18452671424;4,788762998436332;4,649242864114176;24,31999969482422;-10,937499509830218;-2,9134900676377806;-3,3934900676377806
CBRE;2013-02-22;2013-02-25;2013-04-01;35;enter_or_hold;rebalance_trim;15;28,273854450422363;0,6485191560708036;23,239999771118164;24,440000534057617;15,07158503865122;15,849808520717035;0,036171804092762924;0,03803954044972088;25,36000061035156;-3,6277604658984552;5,163514521333057;4,683514521333057
CPAY;2013-01-25;2013-01-28;2013-04-01;63;enter_or_hold;rebalance_trim;4;40,449197371244814;2,6668480742553826;59,34000015258789;77,23999786376953;158,25076513324314;205,98733955848365;0,3798018363197835;0,49436961494036075;76,69000244140625;0,7171670424492405;30,16514604845515;29,68514604845515
DAL;2013-01-25;2013-01-28;2013-04-01;63;enter_or_hold;rebalance_trim;6;36,06633162119386;14,01234401042924;13,9399995803833;16,25;195,33206962557009;227,70059016947516;0,46879696710136814;0,5464814164067403;17,06999969482422;-4,803747565811911;16,571022160340565;16,091022160340565
GEN;2013-02-22;2013-02-25;2013-04-01;35;enter_or_hold;rebalance_trim;13;28,864777952857175;3,778592285507874;22,43000030517578;24,459999084472656;84,75382611707647;92,42436384411803;0,2034091826809835;0,22181847322588327;24,729999542236328;-1,0917932177982426;9,050373391338962;8,570373391338961
GILD;2013-01-25;2013-01-28;2013-04-01;63;enter_or_hold;rebalance_trim;12;34,40421170766494;3,9605762463167036;39,43999862670898;47,97999954223633;156,20512171570698;190,02844648526752;0,37489229211769676;0,456068271564642;48,93999862670898;-1,961583799368416;21,65314709150121;21,17314709150121
MPC;2013-01-25;2013-01-28;2013-04-01;63;enter_or_hold;rebalance_trim;5;39,72335403216889;3,929677783630279;34,32500076293945;44,915000915527344;134,88619292121555;176,50148124948146;0,3237268630109173;0,42360355499875546;45,56499862670898;-1,4265285433381347;30,852148338542396;30,372148338542395
STZ;2013-02-22;2013-02-25;2013-04-01;35;enter_or_hold;rebalance_trim;6;47,538673494790174;1,3388058374782463;43,970001220703125;47,29999923706055;58,867294308202965;63,325515091293255;0,1412815063396871;0,1519812362191038;47,63999938964844;-0,713686307606809;7,57334074120859;7,093340741208589
URI;2013-02-22;2013-02-25;2013-04-01;35;enter_or_hold;rebalance_trim;9;32,121180539421616;0,35981325693547755;50,470001220703125;53,15999984741211;18,159775516758717;19,12767268378684;0,04358346124022092;0,045906414441088415;55,22999954223633;-3,747962542062344;5,329896099953979;4,849896099953979
VLO;2013-01-25;2013-01-28;2013-04-29;91;enter_or_hold;left_top_n;7;44,7263579728425;50,01303638447157;35,62185755903047;37,65996170043945;1781,5572581822544;1883,489034761884;4,27573741963741;4,520373683428521;44,34186553955078;-15,069063418523509;5,721498768085187;5,2414987680851866
CBRE;2013-02-22;2013-02-25;2013-04-29;63;enter_or_hold;left_top_n;15;28,273854450422363;84,12292702028058;23,239999771118164;24,350000381469727;1955,016804697111;2048,393305034182;4,692040331273066;4,916143932082036;25,51000022888184;-4,547235738942835;4,77625052187407;4,29625052187407
GEN;2013-02-22;2013-02-25;2013-04-29;63;enter_or_hold;left_top_n;13;28,864777952857175;84,05414792543003;22,43000030517578;24,59000015258789;1885,3345636186857;2066,8915103119693;4,524802952684845;4,960539624748726;24,729999542236328;-0,5661115739583167;9,629959063860039;9,149959063860038
TSN;2013-02-22;2013-02-25;2013-04-29;63;enter_or_hold;left_top_n;11;29,02418284025365;84,6985541852881;23,26000022888184;24,5;1970,0883897357621;2075,1145775395585;4,728212135365829;4,98027498609494;24,8799991607666;-1,5273278681046887;5,3310393762527;4,8510393762527
URI;2013-02-22;2013-02-25;2013-04-29;63;enter_or_hold;left_top_n;9;32,121180539421616;38,67502609487375;50,470001220703125;52,40999984741211;1951,9286142190033;2026,9581117309926;4,684628674125608;4,864699468154382;55,22999954223633;-5,105920185039414;3,8438648301700074;3,3638648301700074
J;2013-03-29;2013-04-01;2013-04-29;28;enter_or_hold;left_top_n;14;33,38623734853798;45,083366084066945;45,60079956054688;43,0366325378418;2055,837540314294;1940,236259728989;4,934010096754306;4,656567023349573;45,60079956054688;-5,623074699162867;-5,623074699162867;-6,1030746991628675
TRGP;2013-03-29;2013-04-01;2013-04-29;28;enter_or_hold;left_top_n;10;34,93445756294405;30,241798158202204;67,9800033569336;66,62999725341797;2055,837540314294;2015,0109282194335;4,934010096754306;4,83602622772664;68,72000122070312;-3,0413328436546982;-1,9858870798039385;-2,4658870798039385
APTV;2013-03-29;2013-04-01;2013-04-29;28;enter_or_hold;rebalance_trim;11;34,286423514250686;1,4185582407055628;36,88180923461914;37,99664688110352;52,31899442189951;53,90045655236872;0,12556558661255882;0,12936109572568494;37,62783050537109;0,9801691215755692;3,022730363883386;2,542730363883386
DAL;2013-01-25;2013-01-28;2013-04-29;91;enter_or_hold;rebalance_trim;6;36,06633162119386;4,746288164361027;13,9399995803833;16,950000762939453;66,16325501957095;80,4495880070499;0,15879181204697027;0,19307901121691973;17,06999969482422;-0,7029814530175482;21,592548587963357;21,112548587963357
GILD;2013-01-25;2013-01-28;2013-04-29;91;enter_or_hold;rebalance_trim;12;34,40421170766494;2,449594537799821;39,43999862670898;51,09000015258789;96,61200520681875;125,14978530997132;0,23186881249636498;0,30035948474393115;54,04999923706055;-5,4764091142541;29,538544451138684;29,058544451138683
NFLX;2013-01-25;2013-01-28;2013-04-29;91;enter_or_hold;rebalance_trim;1;96,86419207538994;116,84825325892248;2,3231132666281855;3,071571111679077;271,4517273281329;358,9077191602669;0,6514841455875189;0,8613785259846405;3,0998570919036865;-0,9124930403561993;32,217880023440216;31,737880023440216
STZ;2013-02-22;2013-02-25;2013-04-29;63;enter_or_hold;rebalance_trim;6;47,538673494790174;0,2396821002618008;43,970001220703125;47,75;10,538822241092072;11,444820287500988;0,025293173378620974;0,02746756869000237;49,41999816894531;-3,3791951250915053;8,596767510475022;8,116767510475022
UAL;2013-03-29;2013-04-01;2013-04-29;28;enter_or_hold;rebalance_trim;8;40,03330727562777;1,8790970544459924;30,96999931335449;32,0;58,19563448591883;60,13110574227176;0,13966952276620517;0,1443146537814522;31,38999938964844;1,9432960248884967;3,3258014513463996;2,8458014513463996
MPC;2013-01-25;2013-01-28;2013-06-03;126;enter_or_hold;left_top_n;10;37,091335466928754;50,0907923728026;34,91783799813587;41,0099983215332;1749,0621732717816;2054,223311132903;4,197749215852276;4,930135946718966;45,56499862670898;-9,996708970612712;17,44712924013958;16,96712924013958
BX;2013-02-22;2013-02-25;2013-06-03;98;enter_or_hold;left_top_n;10;29,525262587043244;108,16379313831513;18,21393585205078;21,442590713500977;1970,0883897357621;2319,3119462846767;4,728212135365829;5,566348671083223;23,012758255004883;-6,823030616777204;17,72628874767157;17,24628874767157
TTWO;2013-03-29;2013-04-01;2013-06-03;63;enter_or_hold;left_top_n;9;35,135566472575185;129,37932636220438;15,890000343322754;16,260000228881836;2055,837540314294;2103,707876262021;4,934010096754306;5,048898903028849;16,65999984741211;-2,400958116409635;2,3285077253919706;1,8485077253919706
UAL;2013-03-29;2013-04-01;2013-06-03;63;enter_or_hold;left_top_n;8;40,03330727562777;64,50248466640997;30,96999931335449;32,15999984741211;1997,6419058283752;2074,3998970294465;4,794340573988101;4,978559752870671;34,75;-7,453237849173789;3,8424299659073125;3,3624299659073125
DHI;2013-04-26;2013-04-29;2013-06-03;35;enter_or_hold;left_top_n;13;31,6343191948399;77,82772080745129;26,520000457763672;23,780000686645508;2063,9911914403115;1850,7432542412464;4,953578859456747;4,441783810178991;27,600000381469727;-13,840578413139859;-10,331823996315336;-10,811823996315336
KKR;2013-04-26;2013-04-29;2013-06-03;35;enter_or_hold;left_top_n;9;37,87803866640078;98,19177671225896;21,020000457763672;19,040000915527344;2063,9911914403115;1869,571518498667;4,953578859456747;4,4869716443968;21,149999618530277;-9,976353385625059;-9,419597997701379;-9,89959799770138
BBY;2013-04-26;2013-04-29;2013-06-03;35;enter_or_hold;rebalance_trim;11;32,53221105230048;6,039634455989446;24,200000762939453;27,36000061035156;146,15915844282;165,24440240217154;0,35078198026276797;0,3965865657652117;27,739999771118164;-1,3698599996465943;13,05785019747361;12,577850197473609
CPAY;2013-01-25;2013-01-28;2013-06-03;126;enter_or_hold;rebalance_trim;3;47,28634587481526;2,1880280600934823;59,77634685098947;86,13999938964844;130,79232423984564;188,47673576098623;0,31390157817562947;0,45234416582636694;87,38999938964844;-1,4303696174966074;44,10382020229222;43,62382020229222
DAL;2013-01-25;2013-01-28;2013-06-03;126;enter_or_hold;rebalance_trim;6;36,06633162119386;0,03064782572342686;13,9399995803833;17,809999465942383;0,42723067772423107;0,5458377597665276;0,0010253536265381544;0,0013100106234396661;18,959999084472656;-6,065399124792514;27,761836456616805;27,281836456616805
FSLR;2013-04-26;2013-04-29;2013-06-03;35;enter_or_hold;rebalance_trim;2;83,49464707167631;4,635354451371419;45,56999969482422;53,33000183105469;211,23310093439764;247,20346137922527;0,5069594422425543;0,5932883073101406;55,630001068115234;-4,134458372999761;17,02875178450316;16,54875178450316
REGN;2013-04-26;2013-04-29;2013-06-03;35;enter_or_hold;rebalance_trim;8;39,17642726369668;0,39375812936822263;215,47999572753903;236,07000732421875;84,84700003394838;92,95448448392699;0,20363280008147608;0,22309076276142475;282,79998779296875;-16,52403906854477;9,555416746301827;9,075416746301826
STZ;2013-02-22;2013-02-25;2013-06-03;98;enter_or_hold;rebalance_trim;6;47,538673494790174;2,6302846213003996;43,970001220703125;53,40999984741211;115,65361800937525;140,48350122230477;0,27756868322250056;0,3371604029335314;54,36000061035156;-1,7476099195601336;21,46917981495118;20,98917981495118
WDC;2013-04-26;2013-04-29;2013-06-03;35;enter_or_hold;rebalance_trim;15;31,5184208321297;5,493163207852564;40,90702819824219;48,22373580932617;224,70898224117133;264,9008512929927;0,5393015573788111;0,6357620431031824;48,2161750793457;0,01568089954879781;17,886187125659724;17,406187125659724
BIIB;2013-04-26;2013-04-29;2013-07-01;63;enter_or_hold;left_top_n;7;46,07750911303228;9,534803188961419;223,73071179604602;217,8800048828125;2133,2283043015477;2077,44296536757;5,119747930323714;4,985863116882168;240,8600006103516;-9,540810291998092;-2,6150665084224367;-3,0950665084224367
REGN;2013-04-26;2013-04-29;2013-07-01;63;enter_or_hold;left_top_n;8;39,17642726369668;9,184816366475461;215,47999572753903;230,13999938964844;1979,144191406363;2113,793632974696;4,7499460593752705;5,07310471913927;282,79998779296875;-18,620930225029376;6,803417464629091;6,323417464629092
C;2013-05-31;2013-06-03;2013-07-01;28;enter_or_hold;left_top_n;15;37,33566827512449;41,72669225404701;51,959999084472656;48,25;2168,118891318355;2013,312901257768;5,203485339164052;4,831950963018643;51,959999084472656;-7,140106139034408;-7,140106139034408;-7,620106139034409
MCO;2013-05-31;2013-06-03;2013-07-01;28;enter_or_hold;left_top_n;13;38,61659966802306;32,935118198577435;65,83000183105469;61,29999923706055;2168,118891318355;2018,9227204452957;5,203485339164052;4,84541452906871;65,83000183105469;-6,881364830613079;-6,881364830613079;-7,361364830613079
MS;2013-05-31;2013-06-03;2013-07-01;28;enter_or_hold;left_top_n;14;37,55208477512424;84,52705355020923;25,649999618530277;24,59000015258789;2168,118891318355;2078,52025969745;5,203485339164052;4,98844862327388;27,149999618530277;-9,42909577131319;-4,13255158560164;-4,61255158560164
APTV;2013-03-29;2013-04-01;2013-07-01;91;enter_or_hold;rebalance_trim;11;34,286423514250686;4,98566453174941;36,88180923461914;43,5540657043457;183,88032816778852;217,14596059563974;0,4413127876026925;0,5211503054295353;43,66303253173828;-0,2495631225645445;18,090914215411225;17,610914215411224
BBY;2013-04-26;2013-04-29;2013-07-01;63;enter_or_hold;rebalance_trim;11;32,53221105230048;6,995474859615111;24,200000762939453;29,739999771118164;169,29049693980946;208,04542072381628;0,40629719265554265;0,499309009737159;28,059999465942383;5,98717155078663;22,89255716331553;22,41255716331553
DAL;2013-01-25;2013-01-28;2013-07-01;154;enter_or_hold;rebalance_trim;6;36,06633162119386;10,75080133858116;13,9399995803833;19,36000061035156;149,86616614860563;208,1355204766996;0,3596787987566535;0,49952524914407903;18,96999931335449;2,055884613145542;38,8809267799076;38,4009267799076
DXCM;2013-05-31;2013-06-03;2013-07-01;28;enter_or_hold;rebalance_trim;11;42,96122257709598;26,879074981635483;5,375;5,707499980926514;144,47502802629072;153,41231994500686;0,34674006726309775;0,36818956786801643;5,699999809265137;0,13158196337454964;6,18604615677234;5,70604615677234
EA;2013-05-31;2013-06-03;2013-07-01;28;enter_or_hold;rebalance_trim;4;51,1027957864796;1,6052576614767404;22,989999771118164;23,18000030517578;36,90487326993595;37,2098730829166;0,08857169584784627;0,08930369539899984;23,61000061035156;-1,8212634225314162;0,8264486122192549;0,34644861221925494
NFLX;2013-01-25;2013-01-28;2013-07-01;154;enter_or_hold;rebalance_trim;2;93,39482584499872;13,063259835713744;2,337670344687307;3,2039999961853027;30,537595122892792;41,854684463794456;0,0732902282949427;0,10045124271310668;3,4771430492401123;-7,85538728740256;37,059530376763995;36,579530376764
STZ;2013-02-22;2013-02-25;2013-07-29;154;enter_or_hold;left_top_n;6;47,538673494790174;40,59651138550838;43,970001220703125;51,11000061035156;1785,0286551770919;2074,8877216914775;4,28406877242502;4,979730532059546;54,36000061035156;-5,978660712857153;16,23834248675571;15,758342486755708
WDC;2013-04-26;2013-04-29;2013-07-29;91;enter_or_hold;left_top_n;10;36,88155623917464;45,080115668797276;40,92465859260364;47,31670379638672;1844,8883430606106;2133,0424802073326;4,427732023345465;5,119301952497597;52,97808074951172;-10,686262833666692;15,61905565887438;15,13905565887438
HIG;2013-06-28;2013-07-01;2013-07-29;28;enter_or_hold;left_top_n;15;32,63708496972186;68,86911959286167;31,200000762939453;30,780000686645508;2148,7165838402525;2119,7915483569536;5,156919801216605;5,087499716056688;32,209999084472656;-4,43961017843214;-1,3461540577679676;-1,8261540577679676
TPL;2013-06-28;2013-07-01;2013-07-29;28;enter_or_hold;left_top_n;11;36,473141198880455;240,10987698917756;8,948888778686523;9,124444007873535;2148,7165838402525;2190,869128325153;5,156919801216605;5,258085907980366;9,45111083984375;-3,456385577376375;1,961754509734548;1,481754509734548
APTV;2013-03-29;2013-04-01;2013-07-29;119;enter_or_hold;rebalance_trim;11;34,286423514250686;0,8680399615820529;36,88180923461914;46,2699089050293;32,014884271095404;40,16412994832672;0,07683572225062897;0,09639391187598412;46,70578384399414;-0,9332354648425301;25,45455297675041;24,97455297675041
CBOE;2013-06-28;2013-07-01;2013-07-29;28;enter_or_hold;rebalance_trim;7;40,28852589696774;0,007507086853894116;47,38999938964844;49,470001220703125;0,35576084142407993;0,3713755958260663;0,0008538260194177917;0,0008913014299825589;49,66999816894531;-0,4026514105394674;4,389115547254119;3,909115547254119
CPAY;2013-01-25;2013-01-28;2013-07-29;182;enter_or_hold;rebalance_trim;8;37,195156749085335;0,7611964390404132;60,44853301488246;89,12000274658203;46,01320807614539;67,83782873797009;0,11043169938274891;0,1628107889711282;90,45999908447266;-1,4813136761579249;47,43120850367146;46,95120850367147
CSGP;2013-06-28;2013-07-01;2013-07-29;28;enter_or_hold;rebalance_trim;9;37,05251405800243;20,923659481318705;13,102999687194824;15,675999641418455;274,16270363869;327,9992785263139;0,6579904887328559;0,7871982684631533;16,006000518798828;-2,06173226717562;19,63672453368177;19,15672453368177
DAL;2013-01-25;2013-01-28;2013-07-29;182;enter_or_hold;rebalance_trim;6;36,06633162119386;5,802955648573252;13,9399995803833;21,31999969482422;80,89319930609405;123,71901265666021;0,1941436783346257;0,29692563037598446;21,899999618530277;-2,648401524241595;52,941178885157434;52,46117888515744
EA;2013-05-31;2013-06-03;2013-07-29;56;enter_or_hold;rebalance_trim;4;51,1027957864796;4,685501646881048;22,989999771118164;25,479999542236328;107,71968178936906;119,38657981767666;0,2585272362944858;0,286527791562424;25,81999969482422;-1,3168092819770494;10,830795110517123;10,350795110517122
GILD;2013-01-25;2013-01-28;2013-07-29;182;enter_or_hold;rebalance_trim;9;44,117084719795294;4,655304230143958;39,578972380292754;62,02000045776367;184,25215754672772;288,72197048455746;0,4422051781121465;0,6929327291629378;62,56999969482422;-0,8790142875868434;56,69937021569766;56,219370215697666
NFLX;2013-01-25;2013-01-28;2013-07-29;182;enter_or_hold;rebalance_trim;2;93,39482584499872;29,807141123829908;2,337670344687307;3,499428987503052;69,67926986508665;104,30797368332469;0,16723024767620792;0,2503391368399792;3,8274290561676025;-8,56972301383363;49,6972828292924;49,2172828292924
FSLR;2013-04-26;2013-04-29;2013-08-14;107;enter_or_hold;stop_loss;7;46,713974175912966;47,41052044440619;45,69653637482375;38,84000015258789;2166,4965720371324;1841,4246212950077;5,199591772889117;4,4194190911080184;56,400001525878906;-31,13475336562479;-15,004498734861293;-15,484498734861294
REGN;2013-07-26;2013-07-29;2013-08-19;21;enter_or_hold;stop_loss;8;43,44977808188739;8,330302671473964;269,20001220703125;227,6499938964844;2242,5175808490562;1896,3933523169158;5,3820421940377345;4,551344045560597;278,2900085449219;-18,196849722782304;-15,434627201499662;-15,914627201499663
UAL;2013-07-26;2013-07-29;2013-08-27;29;enter_or_hold;stop_loss;13;39,44061053724373;64,34770958496037;34,849998474121094;27,709999084472656;2242,5175808490562;1783,0749736871642;5,3820421940377345;4,279379936849193;35,650001525878906;-22,272095656552704;-20,487804023723143;-20,967804023723144
HPQ;2013-06-28;2013-07-01;2013-09-03;64;enter_or_hold;left_top_n;14;37,47825207455353;192,36554883316185;11,32602434896445;10,15894603729248;2178,7368899863013;1954,2312300302428;5,228968535967122;4,690154952072582;12,397820472717283;-18,05861312761935;-10,304395220364126;-10,784395220364127
PFG;2013-07-26;2013-07-29;2013-09-03;36;enter_or_hold;left_top_n;15;35,4976013920224;52,74030001661484;42,52000045776367;41,380001068115234;2242,5175808490562;2182,39367102024;5,3820421940377345;5,237744810448576;44,84999847412109;-7,736895259891874;-2,681089786865909;-3,161089786865909
APTV;2013-03-29;2013-04-01;2013-09-03;155;enter_or_hold;rebalance_trim;11;34,286423514250686;18,50067391654828;36,88180923461914;46,92372131347656;682,3383261020278;868,1204669716165;1,637611982644867;2,0834891207318793;47,61106491088867;-1,4436635658088615;27,227276229799415;26,747276229799414
BBY;2013-04-26;2013-04-29;2013-09-03;127;enter_or_hold;rebalance_trim;5;49,90908785184105;39,68698296902476;24,526818359809745;36,9900016784668;973,3954225301333;1468,021566637509;2,336149014072319;3,5232517599300213;36,34999847412109;1,7606691367576088;50,8145130600369;50,334513060036905
CPAY;2013-01-25;2013-01-28;2013-09-03;218;enter_or_hold;rebalance_trim;8;37,195156749085335;11,873097016894947;60,44853301488246;105,8000030517578;717,7112970146767;1256,1737006213018;1,7225071128352238;3,0148168814911243;104,6999969482422;1,0506266815455412;75,02493075507685;74,54493075507685
CSGP;2013-06-28;2013-07-01;2013-09-03;64;enter_or_hold;rebalance_trim;9;37,05251405800243;50,596886956827355;13,102999687194824;15,208000183105469;662,9709939683408;769,4774661039971;1,5911303855240178;1,846745918649593;16,281999588012695;-6,5962377599980915;16,065027445339865;15,585027445339865
DAL;2013-01-25;2013-01-28;2013-09-03;218;enter_or_hold;rebalance_trim;6;36,06633162119386;34,31196628935377;13,9399995803833;19,84000015258789;478,3087956757176;680,7494164163694;1,147941109621722;1,6337985993992865;22,049999237060547;-10,022671931698756;42,3242521506759;41,844252150675906
DXCM;2013-05-31;2013-06-03;2013-09-03;92;enter_or_hold;rebalance_trim;11;40,4298048928994;188,80613948173593;5,38887224906597;6,695000171661377;1017,4521655064054;1264,057136240944;2,441885197215373;3,033737126978265;6,925000190734863;-3,3212998229402158;24,237500208356067;23,757500208356067
EA;2013-05-31;2013-06-03;2013-09-03;92;enter_or_hold;rebalance_trim;4;51,1027957864796;36,61920822369925;22,989999771118164;27,36000061035156;841,8755886813742;1001,9015593510024;2,0205014128352983;2,404563742442406;27,96999931335449;-2,180903532277456;19,00826830247877;18,528268302478768
GILD;2013-01-25;2013-01-28;2013-09-03;218;enter_or_hold;rebalance_trim;9;44,117084719795294;13,07706150851998;39,578972380292754;60,91999816894531;517,5766562611017;796,6545631542224;1,2421839750266441;1,9119709515701335;62,56999969482422;-2,637048959447885;53,92011086997985;53,440110869979854
NFLX;2013-01-25;2013-01-28;2013-09-03;218;enter_or_hold;rebalance_trim;2;93,39482584499872;300,25516233975145;2,337670344687307;4,128571033477783;701,89758884091;1239,6247658880673;1,6845542132181834;2,975099438131361;4,112143039703369;0,3994995703164861;76,61048927880513;76,13048927880513
PODD;2013-06-28;2013-07-01;2013-09-03;64;enter_or_hold;rebalance_trim;14;33,61802308923865;26,332302186493777;31,450000762939453;33,4900016784668;828,1509238551816;881,8688444235715;1,9875622172524356;2,1164852266165717;34,63999938964844;-3,3198548829227126;6,486489240188731;6,006489240188731
CBOE;2013-06-28;2013-07-01;2013-09-30;91;enter_or_hold;left_top_n;7;40,28852589696774;45,33363263701798;47,38999938964844;45,22999954223633;2148,3608229988286;2050,440183420233;5,156065975197188;4,921056440208559;50,84000015258789;-11,03461957811579;-4,557923349296189;-5,0379233492961895
TPL;2013-08-30;2013-09-03;2013-09-30;27;enter_or_hold;left_top_n;15;28,90118456129496;146,63405313053022;9,584444046020508;9,39222240447998;1405,405877470765;1377,2196390722738;3,3729741059298357;3,305327133773457;9,584444046020508;-2,0055585970094825;-2,0055585970094825;-2,4855585970094825
APTV;2013-03-29;2013-04-01;2013-10-28;210;enter_or_hold;left_top_n;11;34,286423514250686;29,968296845752512;36,88180923461914;47,79547500610352;1105,2850073514828;1432,3489828666552;2,652684017643559;3,437637558879972;50,326908111572266;-5,029979389667016;29,59091757689658;29,11091757689658
EA;2013-05-31;2013-06-03;2013-10-28;147;enter_or_hold;left_top_n;13;34,55651822398684;91,25007284204729;24,108066304626465;24,82999992370605;2199,8628063780707;2265,739301706206;5,27967073530737;5,437774324094893;27,989999771118164;-11,28974588514573;2,9945728950523165;2,5145728950523165
CNC;2013-09-27;2013-09-30;2013-10-28;28;enter_or_hold;left_top_n;12;35,056516511982004;145,80608660840477;15,989999771118164;14,74250030517578;2331,4392914960276;2149,5462763208934;5,5954542995904655;5,158911063170144;16,594999313354492;-11,162995389146847;-7,801747866161158;-8,281747866161158
ALGN;2013-08-30;2013-09-03;2013-10-28;55;enter_or_hold;rebalance_trim;11;38,7100163061436;5,52446416225941;45,662512771471;56,04999923706055;252,26091536470418;309,64621207980827;0,6054261968752901;0,7431509089915398;58,25;-3,776825344102064;22,748389948613234;22,268389948613233
BBY;2013-04-26;2013-04-29;2013-10-28;182;enter_or_hold;rebalance_trim;2;67,44611698079981;6,022075397326775;29,5672491763199;42,869998931884766;178,05620383134644;258,1663658511284;0,4273348891952314;0,6195992780427081;43,08000183105469;-0,48747189007438685;44,99150284910136;44,51150284910136
CSGP;2013-06-28;2013-07-01;2013-10-28;119;enter_or_hold;rebalance_trim;6;48,50142036370886;4,710935913115569;14,33501456488622;17,94499969482422;67,53133492875726;84,53774352319535;0,16207520382901738;0,20289058445566882;17,957000732421875;-0,06683208279870678;25,182988922666993;24,702988922666993
DAL;2013-01-25;2013-01-28;2013-10-28;273;enter_or_hold;rebalance_trim;5;48,67776096764889;6,745410577961698;16,669396000282333;26,13999938964844;112,44192010853688;176,3250283908469;0,26986060826048847;0,42318006813803255;26,31999969482422;-0,6838917449196402;56,81431642277681;56,334316422776816
DXCM;2013-05-31;2013-06-03;2013-10-28;147;enter_or_hold;rebalance_trim;7;47,99686204418053;15,910880230046903;5,996026393384702;7,652500152587891;95,4020578013441;121,75801338824158;0,22896493872322582;0,29221923213177975;7,71999979019165;-0,8743476611167589;27,626191923216737;27,146191923216737
GILD;2013-01-25;2013-01-28;2013-10-28;273;enter_or_hold;rebalance_trim;15;33,36212755309589;2,0604359615515087;48,37218241037694;68,7300033569336;99,66778417706999;141,61377055418188;0,23920268202496797;0,3398730493300365;69,83000183105469;-1,5752519623046912;42,08580207079808;41,605802070798084
NOW;2013-08-30;2013-09-03;2013-10-28;55;enter_or_hold;rebalance_trim;10;41,08578858408267;4,923711477318061;9,715609221072025;10,968000411987305;47,83685663092951;54,00326951173111;0,11480845591423082;0,12960784682815465;11,673999786376951;-6,047621957416149;12,890506013755566;12,410506013755565
PODD;2013-06-28;2013-07-01;2013-12-02;154;enter_or_hold;left_top_n;14;34,25638463604388;64,33331080338581;33,113641332431015;36,310001373291016;2130,310179671127;2335,9426036192967;5,112744431210705;5,606262248686312;39,86000061035156;-8,906169550179632;9,652698743612742;9,172698743612742
MGM;2013-08-30;2013-09-03;2013-12-02;90;enter_or_hold;left_top_n;11;39,537829094262754;120,65103655536429;18,812137863892033;19,229999542236328;2269,7039331009905;2320,1193777299936;5,447289439442376;5,568286506551984;20,780000686645508;-7,459100544714148;2,2212344039129084;1,7412344039129084
NOW;2013-08-30;2013-09-03;2013-12-02;90;enter_or_hold;left_top_n;10;41,08578858408267;219,46889819129976;9,715609221072025;10,468000411987305;2132,2740510059093;2297,4005166849256;5,117457722414182;5,513761240043821;11,673999786376951;-10,330644136185397;7,744148347212554;7,264148347212554
REGN;2013-09-27;2013-09-30;2013-12-02;63;enter_or_hold;left_top_n;9;46,455452214254464;7,451782938222541;312,8699951171875;296,69000244140625;2331,4392914960276;2210,869498134075;5,5954542995904655;5,30608679552178;316,6300048828125;-6,297571971672811;-5,1714747109964705;-5,651474710996471
LDOS;2013-10-25;2013-10-28;2013-12-02;35;enter_or_hold;left_top_n;14;38,75311448369079;50,94155071595669;47,25;48,880001068115234;2406,9882713289535;2490,0230534074094;5,776771851189488;5,976055328177782;49,02000045776367;-0,2855964674440603;3,4497377102967963;2,9697377102967963
AXON;2013-08-30;2013-09-03;2013-12-02;90;enter_or_hold;rebalance_trim;4;57,57575923553173;7,717360137605439;12,718008298556265;16,600000381469727;98,14945027301331;128,10818122818955;0,23555868065523192;0,3074596349476549;17,969999313354492;-7,623811820997927;30,523585075456673;30,043585075456672
CPAY;2013-01-25;2013-01-28;2013-12-02;308;enter_or_hold;rebalance_trim;12;39,35338946477973;1,8810039994584649;80,30620544105561;122,6999969482422;151,05629361595877;230,799184993185;0,3625351046783009;0,553918043983644;121,77999877929688;0,7554591707729097;52,79018137434404;52,31018137434404
DAL;2013-01-25;2013-01-28;2013-12-02;308;enter_or_hold;rebalance_trim;5;48,67776096764889;6,156687770058821;16,669396000282333;29,0;102,62826648920567;178,5439453317058;0,24630783957409358;0,42850546879609386;29,34000015258789;-1,1588280532367379;73,97151042250614;73,49151042250614
DXCM;2013-05-31;2013-06-03;2013-12-02;182;enter_or_hold;rebalance_trim;7;47,99686204418053;21,642299555726307;5,996026393384702;8,507499694824219;129,76779934967297;184,1218568656359;0,31144271843921517;0,4418924564775261;8,417499542236328;1,0692029400928282;41,88562785864944;41,405627858649446
FSLR;2013-10-25;2013-10-28;2013-12-02;35;enter_or_hold;rebalance_trim;10;40,77545166493384;5,091227491397814;51,47999954223633;59,810001373291016;262,09638892658046;304,50632325224024;0,629031333423793;0,7308151758053765;64,27999877929688;-6,9539475589497695;16,181044881751426;15,701044881751425
GILD;2013-01-25;2013-01-28;2013-12-02;308;enter_or_hold;rebalance_trim;15;33,36212755309589;1,5829367588545544;48,37218241037694;74,5199966430664;76,57010564340338;117,96044195602781;0,18376825354416812;0,2831050606944667;74,80999755859375;-0,3876499465197858;54,055477610785154;53,57547761078516
NFLX;2013-01-25;2013-01-28;2013-12-02;308;enter_or_hold;rebalance_trim;3;63,99229693234636;57,26175157228008;3,0983416605670424;5,198856830596924;177,41647045343572;297,69564829349247;0,42579952908824564;0,7144695559043819;5,225714206695557;-0,5139465159464951;67,7948205894587;67,31482058945869
WST;2013-10-25;2013-10-28;2013-12-02;35;enter_or_hold;rebalance_trim;15;38,40572510509945;0,650924323439554;46,90999984741211;49,18999862670898;30,534859913226306;32,01896657608313;0,07328366379174313;0,0768455197825995;50,08000183105469;-1,7771628829969743;4,86036833663015;4,38036833663015
FANG;2013-10-25;2013-10-28;2013-12-09;42;enter_or_hold;stop_loss;7;47,66048321467433;49,46931135230617;53,2337335206281;45,06999969482422;2633,436137977649;2229,5818475516035;6,320246731146358;5,350996434123847;55,13999938964844;-18,262603928709296;-15,335640177558519;-15,81564017755852
CPAY;2013-01-25;2013-01-28;2013-12-30;336;enter_or_hold;left_top_n;12;39,35338946477973;20,309355032910975;80,30620544105561;114,2699966430664;1630,9672376482856;2320,749931433581;3,914321370355885;5,569799835440594;122,6999969482422;-6,870416067517726;42,292860203611625;41,81286020361163
GILD;2013-01-25;2013-01-28;2013-12-30;336;enter_or_hold;left_top_n;15;33,36212755309589;33,440122286838616;48,37218241037694;75,08000183105469;1617,5716950842693;2510,684442526536;3,8821720682022467;6,025642662063685;75,19999694824219;-0,15956798145895235;55,213178504322144;54,73317850432215
FSLR;2013-10-25;2013-10-28;2013-12-30;63;enter_or_hold;left_top_n;10;40,77545166493384;41,664566850716746;51,47999954223633;55,59999847412109;2144,891882402373;2316,549853324767;5,147740517765695;5,55971964797944;64,27999877929688;-13,503423257642345;8,003105999456238;7,523105999456238
WST;2013-10-25;2013-10-28;2013-12-30;63;enter_or_hold;left_top_n;15;38,40572510509945;50,65984692274156;46,90999984741211;48,90999984741211;2376,4534114157273;2477,7731052612103;5,7034881873977445;5,946655452626904;50,08000183105469;-2,336265856358377;4,263483279696345;3,783483279696345
BIIB;2013-11-29;2013-12-02;2013-12-30;28;enter_or_hold;left_top_n;13;41,12070678667883;8,451258957150221;294,8399963378906;279,57000732421875;2491,769159976737;2362,7185285493565;5,980245983944168;5,6705244685184555;294,8399963378906;-5,179076517207748;-5,179076517207748;-5,6590765172077475
ALGN;2013-08-30;2013-09-03;2013-12-30;118;enter_or_hold;rebalance_trim;12;41,19845215453444;2,1086792088543724;46,136461056769065;57,04999923706055;97,28699620052835;120,30014725634739;0,23348879088126812;0,2887203534152337;58,59000015258789;-2,6284364422540896;23,654909653479518;23,174909653479517
DXCM;2013-05-31;2013-06-03;2013-12-30;210;enter_or_hold;rebalance_trim;7;47,99686204418053;14,488508529293382;5,996026393384702;8,832500457763672;86,8734795424225;127,96975821729666;0,208496350901814;0,307127419721512;8,765000343322754;0,7701096611175906;47,30589691046716;46,825896910467165
NFLX;2013-01-25;2013-01-28;2013-12-30;336;enter_or_hold;rebalance_trim;3;63,99229693234636;10,260854577129825;3,0983416605670424;5,242713928222656;31,79163320934136;53,794725206985724;0,07629991970241924;0,12910734049676573;5,436857223510742;-3,5708735268703995;69,21032289457587;68,73032289457586
TKO;2013-11-29;2013-12-02;2013-12-30;28;enter_or_hold;rebalance_trim;3;55,025903212534246;24,926799708870725;14,390000343322754;16,59000015258789;358,69665636858724;413,5356109736931;0,8608719752846092;0,9924854663368634;16,190000534057617;2,470658464086073;15,288393028329427;14,808393028329426
BBY;2013-04-26;2013-04-29;2014-01-17;263;enter_or_hold;stop_loss;14;36,57011498479624;61,46197245363504;30,54830657774694;24,43000030517578;1877,5591773866804;1501,5160057990095;4,506142025728033;3,6036384139176225;44,33000183105469;-44,89059486557087;-20,02829930032216;-20,50829930032216
IBKR;2013-11-29;2013-12-02;2014-01-27;56;enter_or_hold;stop_loss;8;40,06077954644116;400,66696393144053;6,244553244749808;5,199999809265137;2501,986189682131;2083,468136022332;6,004766855237115;5,000323526453597;6,244999885559082;-16,73338823769077;-16,72743260477271;-17,20743260477271
CSGP;2013-06-28;2013-07-01;2014-02-03;217;enter_or_hold;left_top_n;15;35,473891778044056;134,92967699514244;14,358571871749774;16,916000366210938;1937,397464766735;2282,470465462553;4,649753915440164;5,4779291171101265;18,66200065612793;-9,35591163074827;17,811161982570532;17,33116198257053
BR;2013-12-27;2013-12-30;2014-02-03;35;enter_or_hold;left_top_n;12;37,69535176377661;62,09832094602466;39,59999847412109;35,279998779296875;2459,093414708058;2190,8286871721357;5,901824195299339;5,257988849213125;39,59999847412109;-10,909090558797285;-10,909090558797285;-11,389090558797285
TMUS;2013-12-27;2013-12-30;2014-02-03;35;enter_or_hold;left_top_n;7;41,851482042991584;74,40524875869161;33,04999923706055;29,530000686645508;2459,093414708058;2197,187046934193;5,901824195299339;5,273248912642063;33,63999938964844;-12,217594463654013;-10,650525360581241;-11,130525360581242
AVGO;2013-12-27;2013-12-30;2014-02-03;35;enter_or_hold;rebalance_trim;13;36,9062672417741;3,0808972775157906;5,269999980926514;5,326000213623047;16,236328593744766;16,408859558199765;0,03896718862498744;0,03938126293967943;5,715000152587891;-6,806647919137765;1,0626230151653315;0,5826230151653315
AXON;2013-08-30;2013-09-03;2014-02-03;153;enter_or_hold;rebalance_trim;5;44,21337938102905;8,576209298249685;12,811456539212406;16,899999618530273;109,87373269571518;144,93793386885545;0,26369695846971636;0,34785104128525307;18,68000030517578;-9,528911443070543;31,913179167442387;31,433179167442386
DAL;2013-01-25;2013-01-28;2014-02-03;371;enter_or_hold;rebalance_trim;5;48,67776096764889;1,8990987897907583;16,669396000282333;29,3799991607666;31,656829770679085;55,79552085026535;0,0759763914496298;0,13390925004063683;32,84000015258789;-10,535934761707455;76,25113207622512;75,77113207622511
DXCM;2013-05-31;2013-06-03;2014-02-03;245;enter_or_hold;rebalance_trim;7;47,99686204418053;25,082792611994652;5,996026393384702;9,744999885559082;150,39708652131475;244,43181113339006;0,36095300765115546;0,5866363467201361;10,114999771118164;-3,6579327131134542;62,524299364501616;62,04429936450162
MGM;2013-12-27;2013-12-30;2014-02-03;35;enter_or_hold;rebalance_trim;6;42,56782882478439;1,7084749602434928;23,3799991607666;23,86000061035156;39,944143136683614;40,76421359418009;0,09586594352804068;0,09783411262603221;26,40999984741211;-9,655430714856372;2,0530430573771685;1,5730430573771685
NFLX;2013-01-25;2013-01-28;2014-02-03;371;enter_or_hold;rebalance_trim;3;63,99229693234636;41,70407930502119;3,0983416605670424;5,776856899261475;129,21348632633897;240,91849826055935;0,31011236718321344;0,5782043958253423;5,847570896148682;-1,2092884061274178;86,44996363003506;85,96996363003505
SMCI;2013-12-27;2013-12-30;2014-02-03;35;enter_or_hold;rebalance_trim;11;38,067328899915424;215,94798906561397;1,7020000219345093;2,009000062942505;367,54348212638814;433,8395236251258;0,8821043571033315;1,041214856700302;2,296999931335449;-12,538087810281496;18,0376049971525;17,5576049971525
TKO;2013-11-29;2013-12-02;2014-02-03;63;enter_or_hold;rebalance_trim;3;55,025903212534246;45,66481649247519;14,390000343322754;24,06999969482422;657,1167250044884;1099,1521190380818;1,5770801400107726;2,637965085691396;24,190000534057617;-0,49607621572578253;67,26893065011758;66,78893065011758
ALGN;2013-08-30;2013-09-03;2014-03-03;181;enter_or_hold;left_top_n;12;35,126361223773614;44,91492228992668;46,491866104519026;52,29999923706055;2088,178553198148;2349,050401495799;5,0116285276755566;5,637720963589918;63,95000076293945;-18,217359479110996;12,49279415776552;12,01279415776552
BX;2013-12-27;2013-12-30;2014-03-03;63;enter_or_hold;left_top_n;9;36,09192626996938;80,72612589427796;30,705559983708213;32,07065963745117;2478,7409008991326;2588,9401074054217;5,9489781621579185;6,213456257773012;32,72816467285156;-2,0089884109688594;4,44577351615556;3,96577351615556
UAL;2014-01-31;2014-02-03;2014-03-03;28;enter_or_hold;left_top_n;8;36,21651335082572;56,33327487734098;43,81999969482422;44,0099983215332;2468,5240879335306;2479,2273327982452;5,924457811040473;5,950145598715788;47,2599983215332;-6,876851704243913;0,4335888362213325;-0,0464111637786675
AVGO;2013-12-27;2013-12-30;2014-03-03;63;enter_or_hold;rebalance_trim;13;36,9062672417741;27,980158832924893;5,269999980926514;6,173999786376953;147,455436515835;172,7494946572715;0,35389304763800405;0,4145987871774516;6,190000057220459;-0,2584857947592778;17,153696560194454;16,673696560194454
AXON;2013-08-30;2013-09-03;2014-03-03;181;enter_or_hold;rebalance_trim;5;44,21337938102905;8,601755718501787;12,811456539212406;19,559999465942383;110,20101954850742;168,2503372600618;0,26448244691641776;0,40380080942414825;20,5;-4,585368458817641;52,67584451521583;52,19584451521583
BIIB;2014-01-31;2014-02-03;2014-03-03;28;enter_or_hold;rebalance_trim;11;35,445847736029904;0,27060610064827173;300,3900146484375;338,3800048828125;81,28737053769089;91,56769365868104;0,19508968929045814;0,21976246478083447;347,1099853515625;-2,5150473444052746;12,646888505543942;12,166888505543941
DAL;2013-01-25;2013-01-28;2014-03-03;399;enter_or_hold;rebalance_trim;5;48,67776096764889;1,5159708491994728;16,669396000282333;32,59000015258789;25,270318410190303;49,40549020672961;0,06064876418445671;0,11857317649615105;33,5099983215332;-2,7454437929772424;95,50798452466968;95,02798452466968
DXCM;2013-05-31;2013-06-03;2014-03-03;273;enter_or_hold;rebalance_trim;7;47,99686204418053;14,730602532946195;5,996026393384702;11,270000457763672;88,32508157800493;166,01389728943832;0,21198019578721186;0,3984333534946519;11,5600004196167;-2,508650097978482;87,95781936846778;87,47781936846778
FANG;2013-12-27;2013-12-30;2014-03-03;63;enter_or_hold;rebalance_trim;4;48,040137028706354;5,603534126116881;51,93000030517578;64,41000366210938;290,9915288793125;360,9236535839432;0,69837966931035;0,8662167686014636;64,80000305175781;-0,6018508816071133;24,03235756516977;23,55235756516977
MGM;2013-12-27;2013-12-30;2014-03-03;63;enter_or_hold;rebalance_trim;6;42,56782882478439;6,037994890567487;23,3799991607666;27,600000381469727;141,16831547418087;166,6486612829749;0,3388039571380341;0,39995678707913973;27,86000061035156;-0,9332384177523245;18,049620924643172;17,56962092464317
NFLX;2013-01-25;2013-01-28;2014-03-03;399;enter_or_hold;rebalance_trim;3;63,99229693234636;4,911146886569235;3,0983416605670424;6,365571022033691;15,216410999821582;31,26225430609611;0,03651938639957179;0,07502941033463066;6,471857070922852;-1,6422805343877078;105,45090630413875;104,97090630413875
NXPI;2014-01-31;2014-02-03;2014-03-03;28;enter_or_hold;rebalance_trim;13;35,063116738016234;5,776582197108819;45,81999969482422;55,90999984741211;264,6829945086531;322,9687097589176;0,6352391868207674;0,7751249034214022;56,790000915527344;-1,5495704418533096;22,02095202922414;21,54095202922414
URI;2014-01-31;2014-02-03;2014-03-03;28;enter_or_hold;rebalance_trim;15;34,64797117436933;2,4192331762237727;74,45999908447266;87,5;180,13610008674797;211,6829029195801;0,4323266402081951;0,5080389670069922;88,33999633789062;-0,9508675262762445;17,512759972953873;17,032759972953873
NFLX;2013-01-25;2013-01-28;2014-03-31;427;enter_or_hold;left_top_n;3;63,99229693234636;422,45194878827414;3,0983416605670424;5,02899980545044;1308,900472518444;2124,51076826839;3,1413611340442658;5,098825843844136;6,499713897705078;-22,627366610304467;62,31262902523342;61,83262902523342
SMCI;2013-12-27;2013-12-30;2014-03-31;91;enter_or_hold;left_top_n;9;46,06416676699801;1325,8998129122306;1,7258549211703154;1,7369999885559082;2288,3107170933736;2303,0879598548254;5,491945721024096;5,5274111036515805;2,296999931335449;-24,379623836295174;0,6457708147354246;0,16577081473542465
BIIB;2014-01-31;2014-02-03;2014-03-31;56;enter_or_hold;left_top_n;11;35,445847736029904;7,947124075311726;300,3900146484375;305,8699951171875;2387,2367173958396;2430,786802111281;5,729368121750015;5,833888325067074;351,94000244140625;-13,090301473157728;1,82428849213363;1,34428849213363
NOW;2014-01-31;2014-02-03;2014-03-31;56;enter_or_hold;left_top_n;13;40,81174396211684;197,8605551626949;12,601187453717634;11,984000205993652;2493,277945301757;2371,160933827754;5,983867068724217;5,6907862411866095;14,161999702453612;-15,379180498659483;-4,897849904946039;-5,377849904946039
AVGO;2013-12-27;2013-12-30;2014-03-31;91;enter_or_hold;rebalance_trim;13;36,9062672417741;24,29759643896755;5,269999980926514;6,440999984741211;128,04833276991909;156,5008182926381;0,3073159986478059;0,37560196390233136;6,531000137329102;-1,3780454860730873;22,220114004797864;21,740114004797864
DAL;2013-01-25;2013-01-28;2014-03-31;427;enter_or_hold;rebalance_trim;5;48,67776096764889;6,065979299187459;16,669396000282333;34,650001525878906;101,11621106767086;210,1861919727953;0,24267890656241003;0,5044468607347087;35,369998931884766;-2,035616137259222;107,86596902066536;107,38596902066536
FANG;2013-12-27;2013-12-30;2014-03-31;91;enter_or_hold;rebalance_trim;4;48,040137028706354;2,3961120311914925;51,93000030517578;67,30999755859375;124,43009851100955;161,2822949696165;0,2986322364264229;0,3870775079270795;69,69999694824219;-3,428980623088407;29,61678637210612;29,13678637210612
NXPI;2014-01-31;2014-02-03;2014-03-31;56;enter_or_hold;rebalance_trim;13;35,063116738016234;3,055430578574994;45,81999969482422;58,810001373291016;139,9998281778628;179,68987652199075;0,33599958762687077;0,43125570365277777;59,90999984741211;-1,8360849222546105;28,350069325587835;27,870069325587835
SWKS;2014-02-28;2014-03-03;2014-03-31;28;enter_or_hold;rebalance_trim;14;40,754024620919125;3,67890329681942;36,20000076293945;37,52000045776367;133,17630215164348;138,03245338073293;0,31962312516394437;0,331277888113759;39,27000045776367;-4,456327933793103;3,646407919901473;3,166407919901473
TKO;2013-11-29;2013-12-02;2014-03-31;119;enter_or_hold;rebalance_trim;1;81,08116398881671;24,179574244121085;15,403534844230355;28,8799991607666;372,45091438797397;698,3060838779106;0,8938821945311376;1,6759346013069853;31,38999938964844;-7,99617801110748;87,48942663367995;87,00942663367995
URI;2014-01-31;2014-02-03;2014-03-31;56;enter_or_hold;rebalance_trim;15;34,64797117436933;2,8319007762612918;74,45999908447266;94,94000244140624;210,86332920773322;268,86066661206723;0,5060719900985596;0,6452655998689613;94,91000366210938;0,031607605246386505;27,504705356898572;27,024705356898572
PODD;2014-03-28;2014-03-31;2014-04-25;25;enter_or_hold;stop_loss;14;31,726514184465127;55,85638446050963;47,41999816894531;40,16999816894531;2648,709648841272;2243,750861502577;6,356903157219053;5,385002067606185;49,06999969482422;-18,137358021662376;-15,288908224268816;-15,768908224268817
DXCM;2013-05-31;2013-06-03;2014-04-28;329;enter_or_hold;left_top_n;11;36,066766099528856;256,1614709626822;6,293643711177263;8,164999961853027;1612,1890307702017;2091,5584006385156;3,869253673848485;5,019740161532437;12,282500267028809;-33,523307271800476;29,734067204222402;29,2540672042224
MGM;2013-12-27;2013-12-30;2014-04-28;119;enter_or_hold;left_top_n;6;42,56782882478439;97,43289297973188;23,3799991607666;23,020000457763672;2277,9809560971935;2242,9052409946667;5,467154294633264;5,382972578387199;28,38999938964844;-18,915107598920123;-1,5397720954885008;-2,019772095488501
PANW;2014-03-28;2014-03-31;2014-04-28;28;enter_or_hold;left_top_n;15;30,903059706183168;231,6655656658052;11,43333339691162;10,720000267028809;2648,709648841272;2483,4549257988115;6,356903157219053;5,960291821917147;11,864999771118164;-9,650227780674037;-6,2390652412488645;-6,719065241248865
STZ;2014-03-28;2014-03-31;2014-04-28;28;enter_or_hold;left_top_n;13;32,138656354475884;31,172291523939727;84,97000122070312;79,61000061035156;2648,709648841272;2481,6261472468987;6,356903157219053;5,955902753392556;85,3499984741211;-6,725246592136669;-6,308109371952774;-6,788109371952775
DAL;2013-01-25;2013-01-28;2014-04-28;455;enter_or_hold;rebalance_trim;5;48,67776096764889;6,605023150302041;16,669396000282333;35,84000015258789;110,10174648341706;236,7240307146717;0,2642441915602009;0,5681376737152121;37,09000015258789;-3,3701806278175095;115,00479172719191;114,52479172719191
FANG;2013-12-27;2013-12-30;2014-04-28;119;enter_or_hold;rebalance_trim;4;48,040137028706354;4,078267369140407;51,93000030517578;70,95999908447266;211,78442572404975;289,393848780438;0,5082826217377194;0,6945452370730512;75,41999816894531;-5,913549711950394;36,645481739772265;36,16548173977227
NXPI;2014-01-31;2014-02-03;2014-04-28;84;enter_or_hold;rebalance_trim;13;35,063116738016234;1,8987740796408947;45,81999969482422;58,02000045776367;87,00182774968594;110,16687296995451;0,20880438659924622;0,2644004951278908;62,0;-6,419354100381169;26,625929384974544;26,145929384974544
SWKS;2014-02-28;2014-03-03;2014-04-28;56;enter_or_hold;rebalance_trim;14;40,754024620919125;10,10801035407199;36,20000076293945;41,380001068115234;365,9099825292059;418,2694792480188;0,8781839580700942;1,003846750195245;42,15999984741211;-1,8500919879504085;14,309392806640275;13,829392806640275
TPL;2014-02-28;2014-03-03;2014-04-28;56;enter_or_hold;rebalance_trim;12;35,50213595706766;11,618118572144068;15,217727573239822;14,514444351196287;176,80136334448645;168,63053548098515;0,42432327202676745;0,40471328515436433;15,467778205871582;-6,163353533951044;-4,621473335350334;-5,1014733353503345
TSN;2014-03-28;2014-03-31;2014-04-28;28;enter_or_hold;rebalance_trim;6;40,89442479818908;1,3133561478918816;44,0099983215332;42,52000045776367;57,80080186429702;55,84390400956954;0,13872192447431284;0,13402536962296688;44,0099983215332;-3,3855894582947688;-3,3855894582947688;-3,8655894582947687
URI;2014-01-31;2014-02-03;2014-04-28;84;enter_or_hold;rebalance_trim;15;34,64797117436933;0,20185710669722443;74,45999908447266;90,37000274658205;15,030279979869631;18,241827286645275;0,03607267195168711;0,04378038548794866;96,0999984741211;-5,962534670676489;21,367182188734613;20,887182188734613
TKO;2013-11-29;2013-12-02;2014-05-16;165;enter_or_hold;stop_loss;10;32,42629836339861;128,29447617589;16,574139623788223;11,270000457763672;2126,3705610999727;1445,8788052308307;5,103289346639935;3,4701091325539934;31,38999938964844;-64,09684397292403;-32,002500801982656;-32,48250080198265
FSLR;2014-03-28;2014-03-31;2014-05-20;50;enter_or_hold;stop_loss;11;32,12980066751743;37,97065123000953;69,78815770083028;58,630001068115234;2649,9017960431306;2226,2193221724897;6,359764310503513;5,342926373213975;73,33999633789062;-20,057262072940098;-15,988610389384583;-16,468610389384583
AXON;2013-08-30;2013-09-03;2014-06-02;272;enter_or_hold;left_top_n;10;36,76548454033488;144,81736010153193;13,088958390428187;13,31999969482422;1895,5084005806063;1928,9671923576545;4,549220161393454;4,62952126165837;20,5;-35,02439173256477;1,765161883049382;1,285161883049382
AVGO;2013-12-27;2013-12-30;2014-06-02;154;enter_or_hold;rebalance_trim;8;33,8171410926084;58,115298912827896;5,271088434304462;7,164000034332275;306,3308799555538;416,3380034067295;0,7351941118933292;0,9992112081761507;7,0929999351501465;1,000988295943439;35,911209299936345;35,43120929993635
DAL;2013-01-25;2013-01-28;2014-06-02;490;enter_or_hold;rebalance_trim;5;48,67776096764889;7,6919069340808965;16,669396000282333;40,77000045776367;128,21944268151202;313,5990492235537;0,30772666243562885;0,7526377181365289;40,27000045776367;1,2416190571550079;144,57995032977286;144,09995032977287
FANG;2013-12-27;2013-12-30;2014-06-02;154;enter_or_hold;rebalance_trim;4;48,040137028706354;1,9832144664561988;51,93000030517578;76,11000061035156;102,9883278482994;150,94245425243935;0,2471719868359186;0,3622618902058544;75,72000122070312;0,5150546531446754;46,562680845518486;46,08268084551849
NXPI;2014-01-31;2014-02-03;2014-06-02;119;enter_or_hold;rebalance_trim;13;35,063116738016234;2,5358897214405323;45,81999969482422;62,400001525878906;116,19446626251307;158,23952248734986;0,2788667190300313;0,3797748539696396;62,619998931884766;-0,35132131868153005;36,18507625814662;35,705076258146626
SMCI;2014-04-25;2014-04-28;2014-06-02;35;enter_or_hold;rebalance_trim;5;36,526172731470695;1,827481208544348;2,088000059127808;2,117000102996826;3,815780871495557;3,868777906713149;0,009157874091589335;0,009285066976111558;2,1760001182556152;-2,7113976127026262;1,3888909505650027;0,9088909505650027
SWKS;2014-02-28;2014-03-03;2014-06-02;91;enter_or_hold;rebalance_trim;14;40,754024620919125;1,6601637617136868;36,20000076293945;43,06999969482422;60,097929440639895;71,50325271036672;0,14423503065753576;0,1716078065048801;43,310001373291016;-0,5541483972678951;18,977897201919625;18,497897201919624
TPL;2014-02-28;2014-03-03;2014-06-02;91;enter_or_hold;rebalance_trim;12;35,50213595706766;28,525660136201576;15,217727573239822;17,60444450378418;434,09572479954267;502,1784008015693;1,0418297395189025;1,2052281619237661;18,334444046020508;-3,9815744639105866;15,68379325400311;15,20379325400311
TRGP;2014-04-25;2014-04-28;2014-06-02;35;enter_or_hold;rebalance_trim;12;31,960410783681542;1,478720229851239;107,26000213623048;115,93000030517578;158,60753501273115;171,42803669792374;0,3806580840305547;0,41142728807501694;115,51000213623048;0,36360329077820275;8,083160540994182;7,603160540994182
TSN;2014-03-28;2014-03-31;2014-06-02;63;enter_or_hold;rebalance_trim;6;40,89442479818908;0,485645255368197;44,0099983215332;43,400001525878906;21,37324687361491;21,077004824015603;0,05129579249667579;0,050584811577637445;44,0099983215332;-1,386041397224591;-1,386041397224591;-1,866041397224591
URI;2014-01-31;2014-02-03;2014-06-02;119;enter_or_hold;rebalance_trim;15;34,64797117436933;2,734624105062385;74,45999908447266;101,5;203,62010835932207;277,5643466638321;0,488688260062373;0,666154431993197;101,51000213623048;-0,009853350428523644;36,31480156862648;35,83480156862648
TSN;2014-03-28;2014-03-31;2014-06-10;71;enter_or_hold;stop_loss;6;40,89442479818908;58,38526921383995;44,0099983215332;36,06999969482422;2569,53560010336;2105,9566427254367;6,166885440248064;5,054295942541048;44,0099983215332;-18,041351805333072;-18,041351805333072;-18,521351805333072
VLO;2014-04-25;2014-04-28;2014-06-30;63;enter_or_hold;left_top_n;13;31,435066604303017;43,1779404320932;57,970001220703125;50,09999847412109;2503,0252595558895;2163,2147497635606;6,007260622934134;5,191715399432545;58,5099983215332;-14,373611500031469;-13,575992031843153;-14,055992031843154
LYB;2014-05-30;2014-06-02;2014-06-30;28;enter_or_hold;left_top_n;14;26,011286836576964;25,285965544545693;100,1999969482422;97,6500015258789;2533,653670396836;2469,1745740082083;6,0807688089524055;5,9260189776197;100,72000122070312;-3,0480536711840034;-2,5449056886503563;-3,0249056886503563
FANG;2013-12-27;2013-12-30;2014-06-30;182;enter_or_hold;rebalance_trim;4;48,040137028706354;3,604190198016835;51,93000030517578;88,80000305175781;187,16559808292578;320,05210058301054;0,44919743539902185;0,7681250413992252;91,41000366210938;-2,8552680295246935;70,9994271710167;70,5194271710167
NXPI;2014-01-31;2014-02-03;2014-06-30;147;enter_or_hold;rebalance_trim;13;35,063116738016234;0,7715699557410489;45,81999969482422;66,18000030517578;35,3533351365904;51,06249990640708;0,08484800432781694;0,12254999977537699;66,44000244140625;-0,3913337246785442;44,43474628100317;43,954746281003175
PANW;2014-05-30;2014-06-02;2014-06-30;28;enter_or_hold;rebalance_trim;9;34,809012610739565;17,64762625672421;12,28166675567627;13,975000381469728;216,74226471380936;246,62558366975603;0,5201814353131424;0,5919014008074144;13,53499984741211;3,250835160827492;13,787490407284043;13,307490407284043
SMCI;2014-04-25;2014-04-28;2014-06-30;63;enter_or_hold;rebalance_trim;5;36,526172731470695;153,66458125160045;2,088000059127808;2,5269999504089355;320,8516547391917;388,31038920240417;0,7700439713740599;0,93194493408577;2,6029999256134038;-2,9197071600591262;21,024898412335524;20,544898412335524
SWKS;2014-02-28;2014-03-03;2014-06-30;119;enter_or_hold;rebalance_trim;14;40,754024620919125;2,692169379631105;36,20000076293945;46,959999084472656;97,45653359660824;126,42427160272202;0,23389568063185975;0,3034182518465328;48,34000015258789;-2,8547808517980666;29,723751642980602;29,2437516429806
TRGP;2014-04-25;2014-04-28;2014-06-30;63;enter_or_hold;rebalance_trim;12;31,960410783681542;2,968209100780808;107,26000213623048;139,57000732421875;318,37011449052824;414,2729659357901;0,7640882747772677;0,9942551182458962;150,6199951171875;-7,33633524843198;30,12306968533476;29,64306968533476
BKR;2014-04-25;2014-04-28;2014-07-28;91;enter_or_hold;left_top_n;14;29,41727031852468;36,10826991597315;69,31999969482422;72,63999938964844;2503,0252595558895;2622,904704657551;6,007260622934134;6,294971291178122;75,3499984741211;-3,596548293764601;4,7893821544146675;4,309382154414667
OKE;2014-04-25;2014-04-28;2014-07-28;91;enter_or_hold;left_top_n;15;26,31548958275276;40,099732985913064;62,41999816894531;67,37000274658203;2503,0252595558895;2701,5191213981693;6,007260622934134;6,483645891355605;68,29000091552734;-1,3471930833378165;7,9301581589911185;7,450158158991119
GRMN;2014-05-30;2014-06-02;2014-07-28;56;enter_or_hold;left_top_n;13;26,50140127273588;43,13336053794556;58,7400016784668;57,52000045776367;2533,653670396836;2481,030917887514;6,0807688089524055;5,954474202930033;61,68999862670898;-6,7596016563046035;-2,0769512867589213;-2,5569512867589212
NFLX;2014-05-30;2014-06-02;2014-07-28;56;enter_or_hold;left_top_n;15;25,91367310918205;420,214532366277;6,029428958892822;6,066571235656738;2533,653670396836;2549,2613948582034;6,0807688089524055;6,118227347659688;6,758571147918701;-10,238849264390215;0,6160164920615774;0,1360164920615774
CDW;2014-06-27;2014-06-30;2014-07-28;28;enter_or_hold;left_top_n;15;28,31905450561776;76,43111692341262;31,8799991607666;31,0;2436,6239433748483;2369,3646246257913;5,847897464099636;5,686475099101899;32,5;-4,61538461538461;-2,7603487576297714;-3,2403487576297714
FSLR;2014-06-27;2014-06-30;2014-07-28;28;enter_or_hold;left_top_n;14;30,42516295016915;34,28967108204145;71,05999755859375;65,52999877929688;2436,6239433748483;2247,0021041486675;5,847897464099636;5,392805049956801;71,05999755859375;-7,782154474093561;-7,782154474093561;-8,262154474093562
SMCI;2014-04-25;2014-04-28;2014-07-28;91;enter_or_hold;rebalance_trim;5;36,526172731470695;6,915651880195572;2,088000059127808;2,503999948501587;14,439881534755694;17,316791951864616;0,03465571568341366;0,041560300684475075;2,6549999713897705;-5,687383220917397;19,92336578513072;19,44336578513072
SWKS;2014-02-28;2014-03-03;2014-07-28;147;enter_or_hold;rebalance_trim;14;40,754024620919125;6,407920936252853;36,20000076293945;52,18000030517578;231,96674278120898;334,3653164092161;0,5567201826749015;0,8024767593821186;54,2400016784668;-3,797937517595673;44,143644213942125;43,66364421394213
TPL;2014-02-28;2014-03-03;2014-07-28;147;enter_or_hold;rebalance_trim;6;44,76114428823639;11,875812003941965;15,285995275518424;19,083332061767575;181,53360618520182;226,63006397434992;0,43568065484448437;0,5439121535384398;19,649999618530277;-2,883804416099456;24,841933533309724;24,361933533309724
URI;2014-01-31;2014-02-03;2014-07-28;175;enter_or_hold;rebalance_trim;8;37,22736398773194;1,8144563679375085;74,68939708435714;111,18000030517578;135,52065215712503;201,73125954102034;0,3252495651771;0,48415502289844875;113,33000183105467;-1,8971159367701995;48,85647045671653;48,37647045671653
DAL;2013-01-25;2013-01-28;2014-09-02;582;enter_or_hold;left_top_n;11;33,70205398532078;67,63365287506686;18,456710034584887;40,93000030517578;1248,2947196948776;2768,2454328166395;2,995907327267706;6,643789038759935;42,22999954223633;-3,0783785251059514;121,76216795127401;121,282167951274
TAP;2014-06-27;2014-06-30;2014-09-02;64;enter_or_hold;left_top_n;12;32,653517516178354;32,85630829357408;74,16000366210938;73,11000061035156;2436,6239433748483;2402,1247193971003;5,847897464099636;5,76509932655304;75,20999908447266;-2,7921798958705835;-1,4158616503605836;-1,8958616503605836
CBRE;2014-07-25;2014-07-28;2014-09-02;36;enter_or_hold;left_top_n;14;27,05484608323023;78,68233534947207;32,97999954223633;31,780000686645508;2594,9433838076743;2500,5246714330947;6,227864121138418;6,001259211439427;32,97999954223633;-3,63856541008748;-3,63856541008748;-4,11856541008748
AVGO;2013-12-27;2013-12-30;2014-09-02;246;enter_or_hold;rebalance_trim;15;26,751451563888384;42,77422295938876;5,345090789108714;8,501999855041504;228,63210515151133;363,6664374002362;0,5487170523636272;0,8727994497605668;8,208999633789062;3,569256113088648;59,06184180005667;58,58184180005667
EA;2014-05-30;2014-06-02;2014-09-02;92;enter_or_hold;rebalance_trim;13;27,365405522526;1,199670343924785;34,56634074178039;38,0099983215332;41,46821388591299;45,59946775897424;0,09952371332619116;0,10943872262153817;38,41999816894531;-1,0671521784285543;9,962459160713145;9,482459160713145
HCA;2014-07-25;2014-07-28;2014-09-02;36;enter_or_hold;rebalance_trim;11;29,147404593839266;1,3494025550695272;63,650001525878906;70,1500015258789;85,8894746892003;94,66059129715222;0,2061347392540807;0,2271854191131653;69,81999969482422;0,47264656616599066;10,21209716288416;9,732097162884159
PANW;2014-05-30;2014-06-02;2014-09-02;92;enter_or_hold;rebalance_trim;8;36,26948143962792;4,733358332104645;12,288857141154578;14,956666946411133;58,16756434112769;70,79526411130928;0,13960215441870644;0,16990863386714225;14,265000343322754;4,848696715329126;21,709177465512507;21,229177465512507
SMCI;2014-04-25;2014-04-28;2014-09-02;127;enter_or_hold;rebalance_trim;5;36,526172731470695;12,18103352905373;2,088000059127808;2,700000047683716;25,433998728902004;32,88879110928201;0,061041596949364806;0,07893309866227682;2,688999891281128;0,40907983813072146;29,31034344948966;28,83034344948966
SWKS;2014-02-28;2014-03-03;2014-09-02;183;enter_or_hold;rebalance_trim;14;40,754024620919125;0,6069108088533344;36,20000076293945;56,290000915527344;21,970171743526905;34,16300998599763;0,052728412184464564;0,08199122396639431;56,65999984741211;-0,6530161187454753;55,49723682093253;55,01723682093253
TPL;2014-02-28;2014-03-03;2014-09-02;183;enter_or_hold;rebalance_trim;6;44,76114428823639;18,590804212101816;15,285995275518424;23,55555534362793;284,1789453542763;437,91671750071555;0,6820294688502632;1,0510001220017173;22,28444480895996;5,704026039530907;54,098931205047386;53,61893120504739
URI;2014-01-31;2014-02-03;2014-09-02;211;enter_or_hold;rebalance_trim;8;37,22736398773194;0,07197605098572923;74,68939708435714;118,83999633789062;5,375847852637066;8,55363363555989;0,012902034846328958;0,020528720725343737;118,33000183105467;0,4309934073728039;59,112271590126866;58,63227159012687
FANG;2013-12-27;2013-12-30;2014-09-29;273;enter_or_hold;left_top_n;9;35,417890187421094;33,222894694688286;55,30275581272717;76,76000213623047;1837,317632692295;2550,189467736033;4,409562318461508;6,120454722566478;91,41000366210938;-16,026693949200133;38,79959688838004;38,31959688838004
AVGO;2013-12-27;2013-12-30;2014-09-29;273;enter_or_hold;rebalance_trim;15;26,751451563888384;8,264853751150461;5,345090789108714;8,711000442504883;44,17639365860493;71,9951446835098;0,10602334478065184;0,17278834724042352;8,95199966430664;-2,6921272435103893;62,971982819349435;62,49198281934944
HCA;2014-07-25;2014-07-28;2014-09-29;63;enter_or_hold;rebalance_trim;11;29,147404593839266;0,945757805055488;63,650001525878906;71,7699966430664;60,19748573489369;67,87703449398623;0,14447396576374483;0,16290488278556695;73,4800033569336;-2,3271728847925166;12,75725832290211;12,27725832290211
INTC;2014-07-25;2014-07-28;2014-09-29;63;enter_or_hold;rebalance_trim;11;30,6622847185158;0,8674511060036915;34,247757728134474;34,900001525878906;29,70825531941672;30,274044923154175;0,07129981276660012;0,07265770781557002;35,33000183105469;-1,217096753156166;1,9044861357700338;1,4244861357700338
NXPI;2014-01-31;2014-02-03;2014-09-29;238;enter_or_hold;rebalance_trim;14;29,685337662513376;0,744440239576283;45,934855464849626;70,27999877929688;34,19575480715459;52,31925912868064;0,082069811537171;0,12556622190883354;73,01000213623047;-3,739218294829849;52,99928141294947;52,519281412949475
PANW;2014-05-30;2014-06-02;2014-09-29;119;enter_or_hold;rebalance_trim;8;36,26948143962792;18,00886018316868;12,288857141154578;16,546667098999023;221,30831006598675;297,9866142833107;0,5311399441583682;0,7151678742799457;16,748332977294922;-1,2040952288761453;34,647729312315946;34,16772931231595
RCL;2014-07-25;2014-07-28;2014-09-29;63;enter_or_hold;rebalance_trim;10;31,62496422142216;0,21002732181273318;62,58000183105469;66,93000030517578;13,143510183612355;14,057128713021484;0,03154442444066965;0,03373710891125156;68,36000061035156;-2,09186701639561;6,9510999470160595;6,471099947016059
SMCI;2014-04-25;2014-04-28;2014-09-29;154;enter_or_hold;rebalance_trim;5;36,526172731470695;84,97289762143131;2,088000059127808;2,940000057220459;177,42341525780978;249,82032386919627;0,4258161966187435;0,599568777286071;2,9030001163482666;1,274541487746661;40,80459645430017;40,32459645430017
SWKS;2014-02-28;2014-03-03;2014-09-29;210;enter_or_hold;rebalance_trim;14;40,754024620919125;1,9487244951464235;36,20000076293945;58,52999877929688;70,54382821105933;114,0588423221061;0,16930518770654238;0,27374122157305464;58,84000015258789;-0,5268548138801732;61,68507609319791;61,20507609319791
WMB;2014-06-27;2014-06-30;2014-10-13;105;enter_or_hold;stop_loss;11;25,37471044419013;49,31502566143496;58,11637566367324;47,88999938964844;2866,01055720364;2361,6965488266173;6,8784253372887365;5,6680717171838815;59,43999862670898;-19,431358519363464;-17,596376507038435;-18,076376507038436
LYB;2014-07-25;2014-07-28;2014-10-13;77;enter_or_hold;stop_loss;12;24,151190514449805;24,370240910726427;109,77559399679286;86,58999633789062;2675,2576718199357;2110,219071213314;6,420618412367845;5,064525770911953;114,58999633789062;-24,434942747913713;-21,120903850066718;-21,600903850066718
AVGO;2013-12-27;2013-12-30;2014-11-03;308;enter_or_hold;market_filter_failed;15;26,751451563888384;316,9857907248129;5,345090789108714;8,633999824523926;1694,3178302815397;2736,8552614946125;4,066362792675696;6,568452627587069;8,95199966430664;-3,552277163845774;61,53139703663728;61,05139703663728
NXPI;2014-01-31;2014-02-03;2014-11-03;273;enter_or_hold;market_filter_failed;14;29,685337662513376;39,28946231121762;45,934855464849626;69,25;1804,7557725574384;2720,79526505182;4,331413854137851;6,529908636124367;73,01000213623047;-5,149982230125982;50,75697811434638;50,276978114346385
URI;2014-01-31;2014-02-03;2014-11-03;273;enter_or_hold;market_filter_failed;15;24,009776662092808;24,539179274207;76,64764731784909;111,80999755859376;1880,8703584788905;2743,7255747389795;4,514088860349337;6,58494137937355;118,83999633789062;-5,915515816164185;45,87531577444302;45,39531577444302
SWKS;2014-02-28;2014-03-03;2014-11-03;245;enter_or_hold;market_filter_failed;14;40,754024620919125;47,176890839921114;36,20000076293945;60,22999954223633;1707,8034843982557;2841,464113692582;4,098728362555813;6,8195138728621965;58,84000015258789;2,362337501773948;66,38121069847634;65,90121069847633
TPL;2014-02-28;2014-03-03;2014-11-03;245;enter_or_hold;market_filter_failed;3;43,80507014037931;128,4255055608082;15,81976626897058;17,383333206176758;2031,6614809463674;2232,463355335235;4,875987554271282;5,357912052804564;25,833332061767575;-32,70967459941615;9,88362856076459;9,40362856076459
SMCI;2014-04-25;2014-04-28;2014-11-03;189;enter_or_hold;market_filter_failed;5;36,526172731470695;939,205207323079;2,088000059127808;3,2679998874664307;1961,0605284237345;3069,3225118397077;4,706545268216963;7,366374028415298;3,196000099182129;2,2528093257170756;56,51340014001378;56,03340014001378
TRGP;2014-04-25;2014-04-28;2014-11-03;189;enter_or_hold;market_filter_failed;9;28,70793205029245;20,08546115544476;108,92854641683523;127,88999938964844;2187,8800877744056;2568,729614910638;5,250912210658572;6,16495107578553;150,6199951171875;-15,090955028815634;17,40723951300489;16,92723951300489
EA;2014-05-30;2014-06-02;2014-11-03;154;enter_or_hold;market_filter_failed;13;27,365405522526;72,75140895284453;34,56634074178039;40,959999084472656;2514,7499913086363;2979,8976441026075;6,035399979140726;7,151754345846258;40,970001220703125;-0,024413316896398918;18,496775202369765;18,016775202369764
PANW;2014-05-30;2014-06-02;2014-11-03;154;enter_or_hold;market_filter_failed;8;36,26948143962792;166,87731412923907;12,288857141154578;17,65999984741211;2050,731473433795;2947,0533420589045;4,9217555362411085;7,0729280209413705;18,010000228881836;-1,9433668907368862;43,70742246054702;43,227422460547025
HCA;2014-07-25;2014-07-28;2014-11-03;98;enter_or_hold;market_filter_failed;11;29,147404593839266;38,47378420545554;63,650001525878906;70,2300033569336;2448,8564233835805;2702,013993903081;5,877255416120592;6,484833585367394;73,4800033569336;-4,422972035280026;10,337787389336327;9,857787389336327
INTC;2014-07-25;2014-07-28;2014-11-03;98;enter_or_hold;market_filter_failed;11;30,6622847185158;79,1192906173395;34,247757728134474;34,310001373291016;2709,658296684506;2714,5829697347294;6,503179912042813;6,51499912736335;35,33000183105469;-2,887065963486879;0,18174516898490367;-0,2982548310150963
RCL;2014-07-25;2014-07-28;2014-11-03;98;enter_or_hold;market_filter_failed;10;31,62496422142216;41,255989103261264;62,58000183105469;68,4000015258789;2581,799873624062;2821,909717614714;6,196319696697748;6,772583322275312;68,36000061035156;0,0585150894824471;9,300095117504625;8,820095117504625
GILD;2014-08-29;2014-09-02;2014-11-03;62;enter_or_hold;market_filter_failed;6;33,90865137990817;25,682711512354064;109,33133521192758;109,9800033569336;2807,9251415084136;2824,584698343857;6,739020339620192;6,779003276025256;114,22000122070312;-3,7121325673747263;0,5933048780101702;0,1133048780101702
CNC;2014-09-26;2014-09-29;2014-11-03;35;enter_or_hold;market_filter_failed;14;24,04312486643432;131,9229970997455;20,93000030517578;22,89249992370605;2761,1483695573766;3020,047201040997;6,626756086937704;7,248113282498393;23,167499542236328;-1,187006038476135;9,37649111283081;8,896491112830809
AAPL;2014-11-28;2014-12-01;2014-12-29;28;enter_or_hold;left_top_n;9;32,85821283617383;94,6131370277892;28,76749992370605;28,477500915527344;2721,7834122285158;2694,345696329781;6,5322801893484375;6,466429671191474;28,982500076293945;-1,7424278769506918;-1,0080785919798774;-1,4880785919798774
NXPI;2014-11-28;2014-12-01;2014-12-29;28;enter_or_hold;left_top_n;15;29,07312762176013;35,86957710526162;75,87999725341797;76,27999877929688;2721,7834122285158;2736,1312978032515;6,5322801893484375;6,566715114727803;77,81999969482422;-1,978926910262846;0,5271501586155969;0,047150158615596904
REGN;2014-11-28;2014-12-01;2014-12-29;28;enter_or_hold;left_top_n;12;29,56601758505011;6,65928607383907;408,7200012207031;413,8699951171875;2721,7834122285158;2756,0786948637306;6,5322801893484375;6,6145888676729525;434,9500122070313;-4,8465378775090056;1,2600298201955296;0,7800298201955296
AVGO;2014-11-28;2014-12-01;2014-12-29;28;enter_or_hold;rebalance_trim;7;34,73745109189432;14,065605787990343;9,095000267028809;10,128999710083008;127,92668839769411;142,47051694869606;0,3070240521544658;0,3419292406768705;10,39900016784668;-2,5964078604258867;11,36887754476108;10,88887754476108
AXON;2014-11-28;2014-12-01;2014-12-29;28;enter_or_hold;rebalance_trim;8;34,651361545926385;15,061024179911362;22,09000015258789;26,709999084472656;332,6980264323719;402,279942056653;0,7984752634376925;0,9654718609359672;26,90999984741211;-0,7432209738889584;20,914435943738653;20,434435943738652
CNC;2014-11-28;2014-12-01;2014-12-29;28;enter_or_hold;rebalance_trim;4;37,82883250380251;1,6810105104724555;24,44750022888184;26,34499931335449;41,09650483952813;44,28622074413852;0,09863161161486751;0,10628692978593243;26,787500381469727;-1,6518938378488612;7,761525991238072;7,281525991238071
EA;2014-11-28;2014-12-01;2014-12-29;28;enter_or_hold;rebalance_trim;5;35,21723831668913;2,376490745502406;43,150001525878906;47,59000015258789;102,54557929466591;113,09719494108322;0,24610939030719817;0,27143326785859967;48,33000183105469;-1,5311434935458723;10,289683591427279;9,809683591427278
RCL;2014-11-28;2014-12-01;2014-12-29;28;enter_or_hold;rebalance_trim;10;30,245067332928176;3,0799400351753543;72,29000091552734;83,55999755859375;222,6488679625957;257,35978181986775;0,5343572831102296;0,6176634763676826;82,36000061035156;1,4570142537023711;15,589979942365307;15,109979942365307
SMCI;2014-11-28;2014-12-01;2014-12-29;28;enter_or_hold;rebalance_trim;3;44,763436757572975;29,01294529290677;3,220000028610229;3,5390000343322754;93,4216846732268;102,6768143876775;0,22421204321574434;0,24642435453042597;3,6530001163482666;-3,1207248394492737;9,906832387816111;9,42683238781611
SWKS;2014-11-28;2014-12-01;2014-12-29;28;enter_or_hold;rebalance_trim;2;52,61452482953044;1,903392378760271;65,7699966430664;73,16999816894531;125,1861103615012;139,2712168686735;0,3004466648676029;0,33425092048481636;74,48999786376953;-1,77204958072128;11,25133328809289;10,77133328809289
TTWO;2014-11-28;2014-12-01;2014-12-29;28;enter_or_hold;rebalance_trim;11;29,9952996864397;1,321226745072567;26,700000762939453;28,709999084472656;35,276755101453546;37,93241864141419;0,08466421224348851;0,09103780473939405;28,989999771118164;-0,9658526693900327;7,528083386136641;7,048083386136641
UAL;2014-11-28;2014-12-01;2014-12-29;28;enter_or_hold;rebalance_trim;6;34,891838162066;1,3981251019510776;59,56999969482422;65,22000122070312;83,28631189655177;91,18572085594496;0,19988714855172424;0,21884573005426788;65,80000305175781;-0,8814617084416554;9,484642529500986;9,004642529500986
AVGO;2014-11-28;2014-12-01;2015-02-02;63;enter_or_hold;market_filter_failed;7;34,73745109189432;285,19589309239166;9,095000267028809;10,241999626159668;2593,8567238308215;2920,976230434548;6,225256137193972;7,010342953042915;10,697999954223633;-4,262482052861982;12,611317487135887;12,131317487135886
AXON;2014-11-28;2014-12-01;2015-02-02;63;enter_or_hold;market_filter_failed;8;34,651361545926385;108,15234808933478;22,09000015258789;26,899999618530277;2389,085385796144;2909,2981223462593;5,733804925910745;6,982315493631022;27,88999938964844;-3,549658633142927;21,774556055758488;21,294556055758488
BBY;2014-11-28;2014-12-01;2015-02-02;63;enter_or_hold;market_filter_failed;15;29,068423878459647;73,9145002929969;37,281324288681354;34,970001220703125;2755,6304550590507;2584,7901654737634;6,613513092141721;6,203496397137032;39,90999984741211;-12,377846769220946;-6,199680703616927;-6,679680703616928
CNC;2014-11-28;2014-12-01;2015-02-02;63;enter_or_hold;market_filter_failed;4;37,82883250380251;109,65075702185993;24,44750022888184;27,26000022888184;2680,6869073889875;2989,079661512969;6,43364857773357;7,1737911876311244;27,950000762939453;-2,4686959399748076;11,50424368000358;11,024243680003579
DAL;2014-11-28;2014-12-01;2015-02-02;63;enter_or_hold;market_filter_failed;13;29,42248861723662;59,662066548761025;45,619998931884766;46,5099983215332;2721,7834122285158;2774,8826150420778;6,5322801893484375;6,659718276100986;50,70000076293945;-8,264304493796072;1,9508974364012888;1,4708974364012888
EA;2014-11-28;2014-12-01;2015-02-02;63;enter_or_hold;market_filter_failed;5;35,21723831668913;60,7007587557785;43,150001525878906;54,970001220703125;2619,23783293385;3336,72078290275;6,28617079904124;8,0081298789666;55,33000183105469;-0,6506426864954618;27,392814083066153;26,912814083066152
PANW;2014-11-28;2014-12-01;2015-02-02;63;enter_or_hold;market_filter_failed;3;51,81881252127298;141,0324105039484;19,969005543311624;20,851667404174805;2816,2769871399464;2940,760917037381;6,759064769135871;7,057826200889714;21,54833221435547;-3,233033551044595;4,420159326155404;3,940159326155404
RCL;2014-11-28;2014-12-01;2015-02-02;63;enter_or_hold;market_filter_failed;10;30,245067332928176;34,570957430007795;72,29000091552734;74,73999786376953;2499,13454426592;2583,83328446725;5,997922906238208;6,2011998827214;85,12999725341797;-12,204862827281815;3,3891228623790903;2,9091228623790903
SMCI;2014-11-28;2014-12-01;2015-02-02;63;enter_or_hold;market_filter_failed;3;44,763436757572975;816,2613988204545;3,220000028610229;3,6470000743865967;2628,361727555289;2976,905382217105;6,308068146132693;7,144572917321051;3,786999940872192;-3,6968542031017737;13,260870869018703;12,780870869018703
SWKS;2014-11-28;2014-12-01;2015-02-02;63;enter_or_hold;market_filter_failed;2;52,61452482953044;39,479967073113;65,7699966430664;82,0199966430664;2596,5973018670147;3238,1467668051005;6,231833524480835;7,77155224033224;84,19000244140625;-2,5775100788838934;24,707314625829625;24,227314625829624
TTWO;2014-11-28;2014-12-01;2015-02-02;63;enter_or_hold;market_filter_failed;11;29,9952996864397;100,6182239835749;26,700000762939453;29,989999771118164;2686,506657127062;3017,540514237727;6,447615977104949;7,2420972341705445;30,5;-1,672131897973228;12,322093311492877;11,842093311492876
UAL;2014-11-28;2014-12-01;2015-02-02;63;enter_or_hold;market_filter_failed;6;34,891838162066;44,29238062529672;59,56999969482422;69,37999725341797;2638,497100331964;3073,00524613043;6,332393040796713;7,375212590713031;73,62000274658203;-5,7593117834553675;16,468016801830032;15,988016801830032
DXCM;2014-12-26;2014-12-29;2015-02-02;35;enter_or_hold;market_filter_failed;11;32,5286207383922;205,84918951178673;14,032500267028809;15,327500343322754;2888,578806791811;3155,1535229146216;6,932589136300346;7,572368454995091;15,69499969482422;-2,34150594869178;9,228576886876795;8,748576886876794
FTNT;2014-12-26;2014-12-29;2015-02-02;35;enter_or_hold;market_filter_failed;14;29,817568620714496;463,656307856865;6,230000019073486;6,00600004196167;2888,578806791811;2784,7198044441243;6,932589136300346;6,683327530665898;6,489999771118164;-7,457623208407382;-3,595505239583119;-4,075505239583119
IRM;2014-12-26;2014-12-29;2015-02-02;35;enter_or_hold;market_filter_failed;12;31,03439045983354;72,48629654697923;39,84999847412109;39,66999816894531;2888,578806791811;2875,5312512922933;6,932589136300346;6,901275003101503;40,86000061035156;-2,9123896809359673;-0,4516946350516582;-0,9316946350516582
NCLH;2014-12-26;2014-12-29;2015-02-02;35;enter_or_hold;market_filter_failed;10;34,78989398685788;60,141138459427154;48,02999877929688;43,33000183105469;2888,578806791811;2605,915639568692;6,932589136300346;6,2541975349648595;48,02999877929688;-9,785544592326968;-9,785544592326968;-10,265544592326968
SMCI;2015-02-27;2015-03-02;2015-03-25;23;enter_or_hold;stop_loss;4;47,046904564706814;721,346258690361;4,0329999923706055;3,3320000171661377;2909,189455794791;2403,525746339012;6,9820546939074974;5,768461791213628;4,0329999923706055;-17,38160120333694;-17,38160120333694;-17,86160120333694
AAPL;2015-02-27;2015-03-02;2015-03-30;28;enter_or_hold;left_top_n;15;29,28544371217832;90,14453600819826;32,272499084472656;31,592500686645508;2909,189455794791;2847,891315736344;6,9820546939074974;6,834939157767225;32,34000015258789;-2,311377434803652;-2,107052187211367;-2,5870521872113668
ON;2015-02-27;2015-03-02;2015-03-30;28;enter_or_hold;left_top_n;8;35,71881838434512;221,0630311190222;13,15999984741211;12,130000114440918;2909,189455794791;2681,4945927723957;6,9820546939074974;6,435587022653749;13,15999984741211;-7,826745782020195;-7,826745782020195;-8,306745782020196
AVGO;2015-02-27;2015-03-02;2015-03-30;28;enter_or_hold;rebalance_trim;2;55,10742129200917;85,09114312122134;12,902000427246094;13,05500030517578;1097,8459649048564;1110,8648994153004;2,634830315771655;2,6660757585967207;13,444000244140623;-2,893483575577771;1,1858616715481274;0,7058616715481274
CNC;2015-02-27;2015-03-02;2015-03-30;28;enter_or_hold;rebalance_trim;6;46,15131137885668;42,171271025036646;31,06999969482422;35,6150016784668;1310,261377878238;1501,9298883397582;3,1446273069077706;3,6046317320154193;35,29499816894531;0,9066539909982074;14,628265298630506;14,148265298630506
DLTR;2015-02-27;2015-03-02;2015-03-30;28;enter_or_hold;rebalance_trim;11;33,83550984386483;13,997852946239771;79,91999816894531;81,80999755859375;1118,7083818326482;1145,16431535743;2,6849001163983557;2,748394356857832;83,80999755859375;-2,386350147071359;2,364864155343338;1,884864155343338
DXCM;2015-02-27;2015-03-02;2015-03-30;28;enter_or_hold;rebalance_trim;10;34,52190160285629;76,76641873587491;14,914999961853027;15,494999885559082;1144,9711325171677;1189,4956495271622;2,7479307180412023;2,854789558865189;15,859999656677246;-2,301385744132056;3,8887021467614913;3,4087021467614913
EA;2015-02-27;2015-03-02;2015-03-30;28;enter_or_hold;rebalance_trim;5;46,63852429407871;19,819337021041562;57,45000076293945;59,470001220703125;1138,6209269797919;1178,6559968348683;2,7326902247515004;2,828774392403684;58,2400016784668;2,111949702589211;3,5161017074637924;3,0361017074637924
LULU;2015-02-27;2015-03-02;2015-03-30;28;enter_or_hold;rebalance_trim;7;43,23985411991895;14,834266174007514;67,48999786376953;64,83000183105469;1001,1645923943557;961,7055032232597;2,4027950217464538;2,308093207735823;67,48999786376953;-3,9413188871099347;-3,9413188871099347;-4,421318887109935
NCLH;2015-02-27;2015-03-02;2015-03-30;28;enter_or_hold;rebalance_trim;12;33,09391967598192;22,845130313839;50,81999969482422;53,27999877929688;1160,9895155775175;1217,1885152342202;2,7863748373860417;2,921252436562128;53,81999969482422;-1,003346188385923;4,840612159081137;4,360612159081137
PANW;2015-02-27;2015-03-02;2015-03-30;28;enter_or_hold;rebalance_trim;3;49,38260522837575;45,5734497848886;24,32999992370605;24,768333435058597;1108,8020297893613;1128,7784000580205;2,661124871494467;2,709068160139249;24,81666755676269;-0,1947647547501763;1,8016173971519667;1,3216173971519667
SWKS;2015-02-27;2015-03-02;2015-03-30;28;enter_or_hold;rebalance_trim;1;56,373692507192615;13,619070925137757;91,12999725341795;100,12999725341795;1241,1058960019081;1363,6775343281479;2,978654150404579;3,272826082387555;102,0500030517578;-1,8814362968377907;9,87600161445461;9,39600161445461
ULTA;2015-02-27;2015-03-02;2015-03-30;28;enter_or_hold;rebalance_trim;14;29,51715834350008;8,164699058878409;143,6199951171875;151,5800018310547;1172,6140389694224;1237,6050982947997;2,8142736935266135;2,970252235907519;153,77000427246094;-1,4242065295945738;5,542408428138557;5,062408428138557
DLTR;2015-02-27;2015-03-02;2015-04-27;56;enter_or_hold;left_top_n;11;33,83550984386483;22,403417354654966;79,91999816894531;80,41999816894531;1790,4810739621425;1801,68278263947;4,297154577509142;4,324038678334728;83,80999755859375;-4,044862771029678;0,625625639959404;0,14562563995940403
ROST;2015-02-27;2015-03-02;2015-04-27;56;enter_or_hold;left_top_n;9;35,601019187657855;54,89554702197492;52,994998931884766;51,2400016784668;2909,189455794791;2812,847921546348;6,9820546939074974;6,750835011711235;53,72999954223633;-4,6342785873507815;-3,311628056967586;-3,791628056967586
DRI;2015-03-27;2015-03-30;2015-04-27;28;enter_or_hold;left_top_n;15;29,62876499104605;29,520172922228074;62,05453872680664;58,94376754760742;1831,8607138244308;1740,0302106929864;4,3964657131786335;4,176072505663167;62,05453872680664;-5,012963182103891;-5,012963182103891;-5,492963182103891
RMD;2015-03-27;2015-03-30;2015-04-27;28;enter_or_hold;left_top_n;11;31,525740407343797;25,566792390964434;71,6500015258789;64,55000305175781;1831,8607138244308;1650,3365268604125;4,3964657131786335;3,9608076644649897;74,81999969482422;-13,726271965992598;-9,909278887533146;-10,389278887533147
FTNT;2015-02-27;2015-03-02;2015-04-27;56;enter_or_hold;rebalance_trim;13;29,58168547089481;45,256314113823926;6,820000171661377;7,639999866485596;308,6480700250404;345,758233787245;0,7407553680600969;0,8298197610893879;7,74399995803833;-1,3429763961295138;12,023455633205128;11,543455633205127
LULU;2015-02-27;2015-03-02;2015-06-01;91;enter_or_hold;left_top_n;10;33,54562726383723;44,428428885396826;66,79175567701331;59,97999954223633;2967,452767226986;2664,817144208381;7,121886641344766;6,395561146100113;69,7699966430664;-14,031815353115674;-10,198498401085276;-10,678498401085276
ULTA;2015-02-27;2015-03-02;2015-06-01;91;enter_or_hold;left_top_n;9;33,66082618041675;18,68495927157094;147,95686104285215;153,8699951171875;2764,5679225351737;2875,054591881468;6,634963014084416;6,900131020515522;157,0800018310547;-2,043548940952822;3,99652576613041;3,51652576613041
AMZN;2015-04-24;2015-04-27;2015-06-01;35;enter_or_hold;left_top_n;11;33,24405925663962;132,85170263376236;21,92799949645996;21,54599952697754;2913,1720684569896;2862,4227221052042;6,991612964296774;6,869814533052489;21,92799949645996;-1,7420648406348826;-1,7420648406348826;-2,2220648406348826
COHR;2015-04-24;2015-04-27;2015-06-01;35;enter_or_hold;left_top_n;15;28,25311443427832;155,7845962354425;18,700000762939453;18,65999984741211;2913,1720684569896;2906,9405419825143;6,991612964296774;6,976657300758034;19,26000022888184;-3,1152667411186385;-0,2139086304564164;-0,6939086304564164
AVGO;2015-02-27;2015-03-02;2015-06-01;91;enter_or_hold;rebalance_trim;14;29,754061588558823;32,071003930851006;12,528600413067176;14,661999702453612;401,80479309553897;470,22505009152604;0,9643315034292935;1,1285401202196623;14,807000160217283;-0,9792696440515503;17,028233154928675;16,548233154928674
AXON;2015-04-24;2015-04-27;2015-06-01;35;enter_or_hold;rebalance_trim;3;53,45992020374415;2,8227965226657887;28,3700008392334;30,88999938964844;80,08273971701354;87,19618286224795;0,19219857532083248;0,20927083886939507;34,599998474121094;-10,722541179438283;8,882617116211321;8,40261711621132
CNC;2015-02-27;2015-03-02;2015-06-01;91;enter_or_hold;rebalance_trim;2;53,833855963099175;1,0202527259104575;32,69073292911158;37,95000076293945;33,35280938293685;38,718591726692914;0,08004674251904842;0,09292462014406298;37,66999816894531;0,7433039755891713;16,087947141571778;15,607947141571778
DXCM;2015-02-27;2015-03-02;2015-06-01;91;enter_or_hold;rebalance_trim;6;42,30094701743221;1,9336025950565516;15,535560102496136;18,087499618530277;30,039599329843554;34,97403620047453;0,07209503839162452;0,08393768688113887;17,93000030517578;0,8784122179241072;16,42644036776064;15,94644036776064
HUM;2015-03-27;2015-03-30;2015-06-01;63;enter_or_hold;rebalance_trim;13;30,041722366267297;1,8205302961160075;180,7826430772034;214,9199981689453;329,12027873397557;391,2683679077618;0,7898886689615413;0,9390440829786282;214,6499938964844;0,12578815753012673;18,88309326087434;18,40309326087434
NFLX;2015-04-24;2015-04-27;2015-06-01;35;enter_or_hold;rebalance_trim;12;32,678395257004425;13,646318704041844;8,086856842041016;8,900285720825195;110,35582578045307;121,4561355034134;0,26485398187308734;0,29149472520819214;8,985713958740234;-0,9507117443010138;10,058653129055273;9,578653129055272
PANW;2015-02-27;2015-03-02;2015-06-01;91;enter_or_hold;rebalance_trim;4;44,25091600640636;5,071686641954885;24,786281327719138;28,416667938232425;125,70825191352898;144,12043519120107;0,30169980459246953;0,3458890444588825;28,24833297729492;0,595911132429694;14,646757867842531;14,16675786784253
SWKS;2015-02-27;2015-03-02;2015-06-01;91;enter_or_hold;rebalance_trim;5;43,24379997712544;2,6268863355766343;92,51821361928216;109,4499969482422;243,03483114845238;287,51270141224177;0,5832835947562858;0,6900304833893802;109,36000061035156;0,08229365159870827;18,301027080608478;17,821027080608477
AVGO;2015-02-27;2015-03-02;2015-06-29;119;enter_or_hold;market_filter_failed;14;29,754061588558823;210,39025160094457;12,528600413067176;13,201000213623049;2635,895393112901;2777,361756328276;6,326148943470963;6,6656682151878615;14,807000160217283;-10,846220903739546;5,36691871707049;4,88691871707049
CNC;2015-02-27;2015-03-02;2015-06-29;119;enter_or_hold;market_filter_failed;2;53,833855963099175;81,28436744024081;32,69073292911158;40,244998931884766;2657,2455473006858;3271,28928081142;6,377389313521645;7,851094273947408;40,7400016784668;-1,2150287829852169;23,10827970469269;22,62827970469269
DXCM;2015-02-27;2015-03-02;2015-06-29;119;enter_or_hold;market_filter_failed;6;42,30094701743221;170,54550775011123;15,535560102496136;19,774999618530277;2649,519985862574;3372,537350700502;6,358847966070177;8,094089641681204;19,899999618530277;-0,6281407155586227;27,288617134267202;26,8086171342672
EA;2015-02-27;2015-03-02;2015-06-29;119;enter_or_hold;market_filter_failed;11;35,9901958614542;49,04659208070821;58,36083132813928;66,22000122070312;2862,3998876422634;3247,865387455826;6,869759730341432;7,794876929893982;67,68000030517578;-2,15720903943466;13,466514636117722;12,986514636117722
FTNT;2015-02-27;2015-03-02;2015-06-29;119;enter_or_hold;market_filter_failed;12;35,44079237417827;386,92173843306796;6,836705151059562;8,119999885559082;2645,269842202276;3141,804471796833;6,348647621285462;7,540330732312398;8,748000144958496;-7,178786568280215;18,770660810209638;18,290660810209637
NCLH;2015-02-27;2015-03-02;2015-06-29;119;enter_or_hold;market_filter_failed;12;33,09391967598192;34,399841611870755;50,81999969482422;55,400001525878906;1748,1999402172733;1905,7512777876325;4,195679856521456;4,573803066690318;57,29999923706055;-3,315877376055454;9,012203578429268;8,532203578429268
PANW;2015-02-27;2015-03-02;2015-06-29;119;enter_or_hold;market_filter_failed;4;44,25091600640636;108,55395900312114;24,786281327719138;28,64166641235352;2690,648967089051;3109,1662815076957;6,4575575210137215;7,461999075618469;30,68000030517578;-6,643852257323446;15,55451192399242;15,07451192399242
SWKS;2015-02-27;2015-03-02;2015-06-29;119;enter_or_hold;market_filter_failed;5;43,24379997712544;28,184028253842094;92,51821361928216;102,04000091552734;2607,535946640847;2875,898268825296;6,258086271938033;6,90215584518071;110,91999816894533;-8,005767580245193;10,291797608012509;9,811797608012508
CI;2015-03-27;2015-03-30;2015-06-29;91;enter_or_hold;market_filter_failed;13;31,801592620522044;21,4412632624313;134,72208876499482;164,6699981689453;2888,611772474892;3530,7327821644362;6,93266825393974;8,473758677194645;169,77000427246094;-3,0040678418849054;22,229398073088614;21,749398073088614
HUM;2015-03-27;2015-03-30;2015-06-29;91;enter_or_hold;market_filter_failed;13;30,041722366267297;14,352977073577495;180,7826430772034;192,8999938964844;2594,7691313878436;2768,6891898894796;6,227445915330824;6,644854055734751;214,9199981689453;-10,245674883707812;6,702718033670019;6,222718033670018
NXPI;2015-03-27;2015-03-30;2015-06-29;91;enter_or_hold;market_filter_failed;8;41,92243215245195;27,54545502368112;105,77961582455467;97,5;2913,7476501175383;2685,6818648089093;6,992994360282092;6,445636475541382;112,25;-13,140311804008908;-7,827231891527364;-8,307231891527364
AXON;2015-04-24;2015-04-27;2015-06-29;63;enter_or_hold;market_filter_failed;3;53,45992020374415;99,86215174241534;28,3700008392334;31,600000381469727;2833,089328739976;3155,6440331547124;6,799414388975942;7,573545679571309;35,029998779296875;-9,791602961329005;11,385264175845577;10,905264175845577
BLDR;2015-04-24;2015-04-27;2015-06-29;63;enter_or_hold;market_filter_failed;1;69,39728004499979;251,7991955934755;13,025407143516835;12,779999732971191;3279,7870410150485;3217,9936524469776;7,871488898436115;7,7231847658727455;13,850000381469728;-7,7256362384662385;-1,8840670993366282;-2,364067099336628
NFLX;2015-04-24;2015-04-27;2015-06-29;63;enter_or_hold;market_filter_failed;12;32,678395257004425;346,5890762534066;8,086856842041016;9,223142623901367;2802,8162426765366;3196,6404821713954;6,726758982423687;7,671937157211349;9,73128604888916;-5,221749956120114;14,051018882307398;13,571018882307397
ON;2015-05-29;2015-06-01;2015-06-29;28;enter_or_hold;market_filter_failed;14;30,270170113552176;235,64095569626576;13,09000015258789;11,720000267028809;3084,540146020075;2761,7120636831582;7,40289635044818;6,628108952839579;13,260000228881836;-11,613875831606146;-10,46600358738906;-10,946003587389061
REGN;2015-05-29;2015-06-01;2015-06-29;28;enter_or_hold;market_filter_failed;15;30,12649251792148;6,003270003846745;513,8099975585938;504,9700012207031;3084,540146020075;3031,4712611707014;7,40289635044818;7,2755310268096824;539,4000244140625;-6,383022179274079;-1,7204796286359736;-2,2004796286359736
PANW;2015-07-31;2015-08-03;2015-08-24;21;enter_or_hold;stop_loss;6;39,49972478585006;99,67333970017656;30,81833267211914;25,834999084472656;3071,766141421181;2575,060639900393;7,372238739410834;6,180145535760943;31,71166610717773;-18,53156186383701;-16,170029834725053;-16,650029834725053
AMZN;2015-07-31;2015-08-03;2015-08-31;28;enter_or_hold;market_filter_failed;3;45,44387041915856;114,82594381753708;26,75149917602539;25,644500732421875;3071,766141421181;2944,654000329863;7,372238739410834;7,0671696007916704;26,850500106811523;-4,491534122612883;-4,138080024298619;-4,618080024298619
BLDR;2015-07-31;2015-08-03;2015-08-31;28;enter_or_hold;market_filter_failed;1;80,97001051220927;201,03181905120866;15,279999732971191;14,8100004196167;3071,766141421181;2977,2813245047087;7,372238739410834;7,1454751788113;15,350000381469728;-3,5179149735065085;-3,075911790366903;-3,555911790366903
DXCM;2015-07-31;2015-08-03;2015-08-31;28;enter_or_hold;market_filter_failed;5;42,45261589129443;145,35744402132983;21,13249969482422;23,53499984741211;3071,766141421181;3420,9874228622116;7,372238739410834;8,210369814869306;24,545000076293945;-4,114891936208687;11,368745710552709;10,888745710552708
EA;2015-07-31;2015-08-03;2015-08-31;28;enter_or_hold;market_filter_failed;7;38,22748710204604;43,28259952918101;70,97000122070312;66,1500015258789;3071,766141421181;2863,1440248993295;7,372238739410834;6,87154565975839;75,16000366210938;-11,987761704664079;-6,791601538564073;-7,271601538564074
EXPE;2015-07-31;2015-08-03;2015-08-31;28;enter_or_hold;market_filter_failed;10;30,077925969164767;25,057233323953913;122,58999633789062;114,98999786376952;3071,766141421181;2881,331206393435;7,372238739410834;6,915194895344244;126,79000091552734;-9,306729999646791;-6,199525818708318;-6,679525818708319
FTNT;2015-07-31;2015-08-03;2015-08-31;28;enter_or_hold;market_filter_failed;4;45,42685733785934;322,325942024291;9,529999732971191;8,428000450134277;3071,766141421181;2716,5631844706795;7,372238739410834;6,519751642729631;9,765999794006348;-13,700587467688008;-11,563476534257378;-12,043476534257378
HAS;2015-07-31;2015-08-03;2015-08-31;28;enter_or_hold;market_filter_failed;14;26,9181133780765;39,51332937780755;77,73999786376953;74,58999633789062;3071,766141421181;2947,2990935885314;7,372238739410834;7,073517824612475;80,70999908447266;-7,582706995420374;-4,051970172933272;-4,531970172933272
IBKR;2015-07-31;2015-08-03;2015-08-31;28;enter_or_hold;market_filter_failed;12;27,216451246686105;289,58436194462865;10,607500076293944;9,979999542236328;3071,766141421181;2890,051799646193;7,372238739410834;6,936124319150863;11,010000228881836;-9,355137740538577;-5,91563072867638;-6,39563072867638
MSCI;2015-07-31;2015-08-03;2015-08-31;28;enter_or_hold;market_filter_failed;15;25,051872133201396;45,480694400094194;67,54000091552734;60,52000045776367;3071,766141421181;2752,4916459131105;7,372238739410834;6,605979950191465;67,5999984741211;-10,473370083089295;-10,393841223875055;-10,873841223875056
NCLH;2015-07-31;2015-08-03;2015-08-31;28;enter_or_hold;market_filter_failed;9;34,137810314267455;49,544615184212596;62,0;57,59999847412109;3071,766141421181;2853,7697590115617;7,372238739410834;6,8490474216277475;62,0;-7,096776654643411;-7,096776654643411;-7,57677665464341
NFLX;2015-07-31;2015-08-03;2015-08-31;28;enter_or_hold;market_filter_failed;2;63,79156281128571;272,90034293699813;11,255999565124512;11,503000259399414;3071,766141421181;3139,1727155944786;7,372238739410834;7,534014517426748;12,645000457763672;-9,031238885112902;2,194391469596413;1,7143914695964129
REGN;2015-07-31;2015-08-03;2015-08-31;28;enter_or_hold;market_filter_failed;11;27,951056993308665;5,542003054790867;554,27001953125;513,5;3071,766141421181;2845,8185686351103;7,372238739410834;6,829964564724264;592,4000244140625;-13,31870715098329;-7,355624171361363;-7,8356241713613635
TKO;2015-07-31;2015-08-03;2015-08-31;28;enter_or_hold;market_filter_failed;8;38,01876840934868;152,29380911264678;20,170000076293945;20,059999465942383;3071,766141421181;3055,013729466026;7,372238739410834;7,332032950718461;23,01000022888184;-12,820516008672856;-0,5453674265517128;-1,0253674265517128
TMUS;2015-07-31;2015-08-03;2015-08-31;28;enter_or_hold;market_filter_failed;13;26,970170650986567;74,03629831655128;41,4900016784668;39,61000061035156;3071,766141421181;2932,5778215067667;7,372238739410834;7,038186771616239;42,040000915527344;-5,780209924491864;-4,531214731405875;-5,011214731405875
BLDR;2015-11-27;2015-11-30;2015-12-14;14;enter_or_hold;stop_loss;7;27,087761037376666;218,3205456529272;13,460000038146973;10,56999969482422;2938,594552816668;2307,648100925298;7,052626926760003;5,538355442220714;13,5;-21,70370596426503;-21,4710277498678;-21,9510277498678
AIZ;2015-11-27;2015-11-30;2015-12-28;28;enter_or_hold;left_top_n;14;21,53001075549721;34,36149050708501;85,5199966430664;80,94000244140625;2938,594552816668;2781,2191255338184;7,052626926760003;6,6749259012811635;86,80999755859375;-6,761888356494261;-5,355465834237128;-5,835465834237128
LII;2015-11-27;2015-11-30;2015-12-28;28;enter_or_hold;left_top_n;12;22,69580297271776;21,62003084464484;135,9199981689453;127,08000183105467;2938,594552816668;2747,4735593249247;7,052626926760003;6,593936542379819;137,7899932861328;-7,772691760596806;-6,503823173174805;-6,983823173174805
MAS;2015-11-27;2015-11-30;2015-12-28;28;enter_or_hold;left_top_n;10;23,28751095195889;98,24789594811459;29,90999984741211;28,51000022888184;2938,594552816668;2801,0475359679062;7,052626926760003;6,722514086322974;30,420000076293945;-6,278763453720549;-4,6807075415328026;-5,160707541532803
NKE;2015-11-27;2015-11-30;2015-12-28;28;enter_or_hold;left_top_n;8;24,745471096734327;44,42991502773717;66,13999938964844;63,810001373291016;2938,594552816668;2835,072938935112;7,052626926760003;6,8041750534442675;66,65499877929688;-4,268243129710358;-3,522827393194816;-4,002827393194816
AMZN;2015-11-27;2015-11-30;2015-12-28;28;enter_or_hold;rebalance_trim;1;49,88619557496177;35,164738925008976;33,2400016784668;33,7599983215332;1168,875980890145;1187,1615270854563;2,805302354136348;2,849187665005095;33,952999114990234;-0,5684351853672331;1,5643700866695864;1,0843700866695865
CASY;2015-11-27;2015-11-30;2015-12-28;28;enter_or_hold;rebalance_trim;11;22,756502627891063;10,478005511859442;116,2699966430664;121,4800033569336;1218,2776656899284;1272,8681447546537;2,923866397655828;3,0548835474111686;128,72000122070312;-5,624609847039885;4,480955417811883;4,000955417811882
GOOG;2015-11-27;2015-11-30;2015-12-28;28;enter_or_hold;rebalance_trim;6;28,62722985758681;31,999008297713782;37,130001068115234;38,1254997253418;1188,1232122727408;1219,9781820656967;2,851495709454578;2,927947636957672;38,35200119018555;-0,590585778615671;2,6811166942880327;2,2011166942880327
LDOS;2015-11-27;2015-11-30;2015-12-28;28;enter_or_hold;rebalance_trim;5;30,73185299397792;19,341914548708612;57,93000030517578;57,27000045776367;1120,4771157093737;1107,711455058568;2,6891450777024968;2,6585074921405627;59,04999923706055;-3,0143925525738635;-1,139305789634426;-1,619305789634426
NFLX;2015-11-27;2015-11-30;2015-12-28;28;enter_or_hold;rebalance_trim;2;46,32701144012814;84,79093012230658;12,333000183105469;11,711000442504885;1045,7265567240902;992,9866201827331;2,509743736137816;2,383167888438559;13,093000411987305;-10,555257969877774;-5,043377372625346;-5,523377372625346
NVDA;2015-11-27;2015-11-30;2015-12-28;28;enter_or_hold;rebalance_trim;3;38,07022066299701;1536,2006599439637;0,7929999828338623;0,828499972820282;1218,2070969649312;1272,7422050100731;2,9236970327158347;3,0545812920241753;0,84375;-1,8074106287073177;4,476669704273761;3,9966697042737613
TAP;2015-11-27;2015-11-30;2015-12-28;28;enter_or_hold;rebalance_trim;13;21,89111783359334;12,694922879659588;92,02999877929688;93,44000244140624;1168,3137371183398;1186,2136248688557;2,8039529690840155;2,8469126996852534;95,13999938964844;-1,7868372494725615;1,5321130944386807;1,0521130944386807
TTWO;2015-11-27;2015-11-30;2015-12-28;28;enter_or_hold;rebalance_trim;9;24,08683511276277;32,818591840408665;35,369998931884766;35,7599983215332;1160,7935583412166;1173,5927891280971;2,7859045400189193;2,816622693907433;36,4900016784668;-2,000557202945752;1,1026276545823332;0,6226276545823333
VRSN;2015-11-27;2015-11-30;2015-12-28;28;enter_or_hold;rebalance_trim;4;33,66570801046051;12,404880422351978;89,44000244140625;87,88999938964844;1109,4925352605135;1090,2649327491772;2,662782084625232;2,616635838598025;93,12000274658205;-5,61641237400583;-1,733008731493768;-2,213008731493768
AMD;2015-12-25;2015-12-28;2016-01-06;9;enter_or_hold;stop_loss;8;25,094747298977804;598,8544127751685;3,0;2,509999990463257;1796,5632383255056;1503,1245703545521;4,311751771981213;3,607498968850925;3,0;-16,33333365122477;-16,33333365122477;-16,81333365122477
VRSN;2015-11-27;2015-11-30;2016-01-14;45;enter_or_hold;stop_loss;4;33,66570801046051;20,45060339476659;89,44000244140625;75,6500015258789;1829,1020175561546;1547,0881780192367;4,389844842134771;3,7130116272461677;93,12000274658205;-18,760739589158113;-15,418158026730177;-15,898158026730178
NFLX;2015-11-27;2015-11-30;2016-01-15;46;enter_or_hold;stop_loss;2;46,32701144012814;153,47992929454014;12,333000183105469;10,404000282287598;1892,8679960925779;1596,8052277058762;4,542883190622187;3,8323325464941025;13,093000411987305;-20,53769224079296;-15,640962232858302;-16,1209622328583
RCL;2015-12-25;2015-12-28;2016-01-15;18;enter_or_hold;stop_loss;15;17,9473420929118;17,908325795361772;100,31999969482422;82,91999816894531;1796,5632383255056;1484,9583421602742;4,311751771981213;3,563900021184658;102,7300033569336;-19,28356326355677;-17,34449918142954;-17,82449918142954
LDOS;2015-11-27;2015-11-30;2016-01-26;57;enter_or_hold;stop_loss;5;30,73185299397792;31,38473032158527;57,93000030517578;48,83000183105469;1818,1174371072943;1532,5164390701664;4,363481849057506;3,678039453768399;59,04999923706055;-17,307362469179598;-15,708611127537054;-16,188611127537055
PODD;2015-12-25;2015-12-28;2016-01-28;31;enter_or_hold;stop_loss;14;18,68014618235876;46,531033668096775;38,61000061035156;32,06999969482422;1796,5632383255056;1492,250235535719;4,311751771981213;3,5814005652857253;39,31999969482422;-18,438453856230154;-16,938619042067383;-17,418619042067384
AMZN;2015-11-27;2015-11-30;2016-02-01;63;enter_or_hold;market_filter_failed;1;49,88619557496177;53,240628235977624;33,2400016784668;28,74049949645996;1769,718571926523;1530,1622490073269;4,247324572623655;3,672389397617584;34,69850158691406;-17,170776310124758;-13,536407806265716;-14,016407806265716
CASY;2015-11-27;2015-11-30;2016-02-01;63;enter_or_hold;market_filter_failed;11;22,756502627891063;14,795879735060852;116,2699966430664;122,18000030517578;1720,3168871267396;1807,7605905450791;4,128760529104175;4,338625417308189;128,72000122070312;-5,08079618824262;5,0829997701404395;4,602999770140439
GOOG;2015-11-27;2015-11-30;2016-02-01;63;enter_or_hold;market_filter_failed;6;28,62722985758681;47,144392410134216;37,130001068115234;37,59999847412109;1750,4713405439272;1772,6290826844122;4,201131217305425;4,254309798442589;38,83000183105469;-3,167662371702218;1,265815762147815;0,785815762147815
NVDA;2015-11-27;2015-11-30;2016-02-01;63;enter_or_hold;market_filter_failed;3;38,07022066299701;2169,4672044049303;0,7929999828338623;0,7325000166893005;1720,3874558517368;1589,1347634335016;4,128929894044168;3,8139234322404034;0,84375;-13,185183207194006;-7,629251885776755;-8,109251885776755
TAP;2015-11-27;2015-11-30;2016-02-01;63;enter_or_hold;market_filter_failed;13;21,89111783359334;19,23591045506535;92,02999877929688;91,91000366210938;1770,2808156983283;1767,9726003690644;4,2486739576759875;4,243134240885754;95,13999938964844;-3,3949923778226365;-0,1303869594470708;-0,6103869594470708
TTWO;2015-11-27;2015-11-30;2016-02-01;63;enter_or_hold;market_filter_failed;9;24,08683511276277;50,26296432462792;35,369998931884766;34,619998931884766;1777,8009944754515;1740,1037712319808;4,266722386741083;4,176249050956754;36,4900016784668;-5,12469898757375;-2,1204411157725644;-2,6004411157725644
VLO;2015-11-27;2015-11-30;2016-02-01;63;enter_or_hold;market_filter_failed;15;21,48334549572981;40,89332769075093;71,86000061035156;68,69999694824219;2938,594552816668;2809,3714875580567;7,052626926760003;6,742491570139336;72,56999969482422;-5,332785948541274;-4,397444524449634;-4,8774445244496345
FSLR;2015-12-25;2015-12-28;2016-02-01;35;enter_or_hold;market_filter_failed;4;28,32451072077924;27,056674654221332;66,4000015258789;69,12999725341797;1796,5632383255056;1870,4278445329442;4,311751771981213;4,489026826879066;72,02999877929688;-4,026102422637323;4,1114392542221045;3,6314392542221046
PSA;2015-12-25;2015-12-28;2016-02-01;35;enter_or_hold;market_filter_failed;13;20,14049483100657;7,15277800462887;251,1699981689453;254,0800018310547;1796,5632383255056;1817,3778485132311;4,311751771981213;4,361706836431754;253,55999755859372;0,20508135252714776;1,1585793221019935;0,6785793221019936
TSN;2015-12-25;2015-12-28;2016-02-01;35;enter_or_hold;market_filter_failed;7;25,604761994014;33,56180234064081;53,52999877929688;54,310001373291016;1796,5632383255056;1822,741531210324;4,311751771981213;4,374579674904777;53,900001525878906;0,7606675988965472;1,4571317238583736;0,9771317238583737
FSLR;2016-03-25;2016-03-28;2016-04-28;31;enter_or_hold;stop_loss;5;21,92884688775083;25,168182069581825;68,4000015258789;57,02000045776367;1721,503691962995;1435,089753128635;4,131608860711188;3,444215407508724;69,30000305175781;-17,720060682858307;-16,63742809100618;-17,11742809100618
AVGO;2016-03-25;2016-03-28;2016-05-02;35;enter_or_hold;left_top_n;15;16,74248127926823;112,44308587720434;15,3100004196167;14,607999801635742;1721,503691962995;1642,5685761895118;4,131608860711188;3,942164582854828;15,947999954223633;-8,402308480274401;-4,5852423170510415;-5,065242317051041
LNT;2016-03-25;2016-03-28;2016-05-02;35;enter_or_hold;left_top_n;12;18,45512554603721;47,281068365215965;36,40999984741211;35,63999938964844;1721,503691962995;1685,097247678223;4,131608860711188;4,044233394427735;37,51499938964844;-4,998000880995268;-2,1148048914875206;-2,5948048914875206
MAS;2016-03-25;2016-03-28;2016-05-02;35;enter_or_hold;left_top_n;13;17,530166280687574;55,17639903419049;31,200000762939453;31,3799991607666;1721,503691962995;1731,4353553870208;4,131608860711188;4,1554448529288495;32,720001220703125;-4,095360666089021;0,5769179276462033;0,09691792764620333
PSA;2016-03-25;2016-03-28;2016-05-02;35;enter_or_hold;left_top_n;8;21,22125165756634;6,379247704028038;269,8599853515625;252,57000732421875;1721,503691962995;1611,2066393293671;4,131608860711188;3,866895934390481;276,2699890136719;-8,578558161190742;-6,407018070804038;-6,887018070804038
TAP;2016-03-25;2016-03-28;2016-05-02;35;enter_or_hold;left_top_n;14;16,884106330217797;18,04511178646058;95,4000015258789;96,7699966430664;1721,503691962995;1746,2254069995483;4,131608860711188;4,190940976798916;97,75;-1,0025609789601986;1,436053558988526;0,956053558988526
VRSN;2016-03-25;2016-03-28;2016-05-02;35;enter_or_hold;left_top_n;10;19,871992103200363;19,46081516821053;88,45999908447266;88,12999725341797;1721,503691962995;1715,0815873236688;4,131608860711188;4,116195809576805;89,83999633789062;-1,903382851933011;-0,3730520398712245;-0,8530520398712245
FCX;2016-04-29;2016-05-02;2016-05-05;3;enter_or_hold;stop_loss;8;22,410546280691168;207,05412833075687;13,550000190734863;11,289999961853027;2805,5834783741966;2337,641100955757;6,733400348098071;5,610338642293816;13,550000190734863;-16,67896824405335;-16,67896824405335;-17,15896824405335
CPB;2016-03-25;2016-03-28;2016-05-31;64;enter_or_hold;left_top_n;4;23,08994856193096;27,161622955999555;63,380001068115234;60,56999969482422;1721,503691962995;1645,1794941558235;4,131608860711188;3,948430785973976;66,5;-8,917293691993656;-4,43357735237504;-4,9135773523750395
IRM;2016-04-29;2016-05-02;2016-05-31;29;enter_or_hold;left_top_n;12;19,75161115557296;76,65528949018815;36,59999847412109;36,7400016784668;2805,5834783741966;2816,315464532871;6,733400348098071;6,75915711487889;38,150001525878906;-3,6959365426385116;0,3825224321927223;-0,09747756780727768
ISRG;2016-04-29;2016-05-02;2016-05-31;29;enter_or_hold;left_top_n;15;18,33953788320861;39,86713727482999;70,37333679199219;70,52333068847656;2805,5834783741966;2811,563305635726;6,733400348098071;6,747751933525742;71,44889068603516;-1,2954154902498627;0,21314023651843872;-0,26685976348156126
WST;2016-04-29;2016-05-02;2016-05-31;29;enter_or_hold;left_top_n;14;18,774776943080607;39,04778758464011;71,8499984741211;75,08000183105469;2805,5834783741966;2931,707963353414;6,733400348098071;7,036099112048193;74,58000183105469;0,6704210079434558;4,495481455155459;4,015481455155459
ALB;2016-04-29;2016-05-02;2016-05-31;29;enter_or_hold;rebalance_trim;10;21,442924916927275;4,23498822651516;67,9000015258789;78,5;287,55570704245855;332,44657578144006;0,6901336969019004;0,797871781875456;80,08999633789062;-1,9852620933863085;15,611190332714632;15,131190332714631
AMD;2016-03-25;2016-03-28;2016-05-31;64;enter_or_hold;rebalance_trim;2;56,49372532513095;113,14905648867185;2,947530019039451;4,570000171661377;333,5102406263508;517,0912075765532;0,8004245775032418;1,2410188981837276;4,599999904632568;-0,6521681215901576;55,04507645864998;54,56507645864998
AMZN;2016-04-29;2016-05-02;2016-05-31;29;enter_or_hold;rebalance_trim;13;19,50055841620182;1,5002390423984895;34,192501068115234;36,13949966430664;51,29692505963853;54,21788836913993;0,12311262014313246;0,1301229320859358;35,89649963378906;0,6769463123051711;5,694226907568911;5,214226907568911
DLR;2016-03-25;2016-03-28;2016-05-31;64;enter_or_hold;rebalance_trim;11;20,223477636304963;0,8518844538417504;87,87943005819872;95,4499969482422;74,86312027905292;81,31236851945005;0,17967148866972696;0,1951496844466801;97,27999877929688;-1,8811696690153923;8,614720060234603;8,134720060234603
EVRG;2016-03-25;2016-03-28;2016-05-31;64;enter_or_hold;rebalance_trim;6;26,378941556289213;2,935437827238325;49,331777108034245;56,33000183105469;144,81036460781337;165,35321818328202;0,34754487505875203;0,3968477236398768;52,91999816894531;6,443695729586096;14,186038154868541;13,70603815486854
NVDA;2016-03-25;2016-03-28;2016-05-31;64;enter_or_hold;rebalance_trim;4;30,1446853982235;624,9161526189192;0,8814493257716709;1,1679999828338623;550,8319213897729;729,9020555315009;1,321996611335455;1,751764933275602;1,1475000381469729;1,7864874950238363;32,509033552363164;32,02903355236317
ULTA;2016-04-29;2016-05-02;2016-05-31;29;enter_or_hold;rebalance_trim;9;21,642071883358938;0,8207229047621084;210,72000122070312;233,00999450683597;172,9427314933305;191,23663953025334;0,4150625555839932;0,458967934872608;233,1499938964844;-0,06004691971409626;10,578014975800443;10,098014975800442
TSN;2016-03-25;2016-03-28;2016-06-27;91;enter_or_hold;left_top_n;11;24,52167774090237;45,639021250903056;66,89751171207494;65,23999786376953;3053,1369586599244;2977,4896489134476;7,327528700783818;7,145975157392273;69,2699966430664;-5,817812869347461;-2,477691330941134;-2,957691330941134
AMZN;2016-04-29;2016-05-02;2016-06-27;56;enter_or_hold;left_top_n;13;19,50055841620182;80,552357016169;34,192501068115234;34,56800079345703;2754,286553314558;2784,5339412497638;6,610287727954939;6,682881458999432;36,4119987487793;-5,0642590868046895;1,0981932108264258;0,6181932108264259
FANG;2016-05-27;2016-05-31;2016-06-27;27;enter_or_hold;left_top_n;10;25,64027304104541;32,00502273053853;90,9499969482422;83,7699966430664;2910,8567196709014;2681,0606466984764;6,986056127210163;6,434545552076343;94,58999633789062;-11,438841435381232;-7,894448099060181;-8,374448099060182
ALB;2016-04-29;2016-05-02;2016-06-27;56;enter_or_hold;rebalance_trim;10;21,442924916927275;12,870812019957958;67,9000015258789;75,33999633789062;873,928155794446;969,6869304493111;2,09742757390667;2,3272486330783466;84,4000015258789;-10,734603109231323;10,9572822456802;10,4772822456802
AMAT;2016-05-27;2016-05-31;2016-06-27;27;enter_or_hold;rebalance_trim;5;33,7303907875806;37,358150314161406;24,420000076293945;22,290000915527344;912,2860335220222;832,7132047050659;2,189486480452853;1,9985116912921579;24,520000457763672;-9,09461460279154;-8,72235525844378;-9,20235525844378
AMD;2016-03-25;2016-03-28;2016-06-27;91;enter_or_hold;rebalance_trim;2;56,49372532513095;250,51366120189113;2,947530019039451;4,71999979019165;738,3965365720526;1182,4244283130683;1,772151687772926;2,8378186279513637;5,449999809265137;-13,394496231586428;60,13407021143136;59,65407021143136
AWK;2016-03-25;2016-03-28;2016-06-27;91;enter_or_hold;rebalance_trim;7;24,791633798826453;15,490305824659316;69,40988991299076;81,70999908447266;1075,1804220081629;1265,7128747511142;2,5804330128195905;3,037710899402674;79,93000030517578;2,2269470442897177;17,720974902713117;17,240974902713116
DLR;2016-03-25;2016-03-28;2016-06-27;91;enter_or_hold;rebalance_trim;11;20,223477636304963;12,97828862309591;87,87943005819872;104,12000274658205;1140,5246073284732;1351,2994470826807;2,7372590575883353;3,2431186729984334;104,81999969482422;-0,6678085768747954;18,480516632422294;18,000516632422293
EQIX;2016-05-27;2016-05-31;2016-06-27;27;enter_or_hold;rebalance_trim;14;23,918909279414;3,126049195287427;362,0;371,1600036621094;1131,6298086940487;1160,2644307708156;2,715911540865717;2,784634633849957;385,4299926757813;-3,7023556248451217;2,530387751963925;2,050387751963925
EVRG;2016-03-25;2016-03-28;2016-06-27;91;enter_or_hold;rebalance_trim;6;26,378941556289213;18,981295658284182;49,331777108034245;55,790000915527344;936,3810466361733;1058,9665021535698;2,247314511926816;2,5415196051685673;56,470001220703125;-1,204179724590615;13,091407174223413;12,611407174223412
NEM;2016-03-25;2016-03-28;2016-06-27;91;enter_or_hold;rebalance_trim;4;43,77340784692383;41,41214888099905;27,721782564539733;37,68999862670898;1148,018586809403;1560,8238344539218;2,7552446083425672;3,745977202689412;37,18999862670898;1,3444474817509544;35,95806308256695;35,478063082566955
NVDA;2016-03-25;2016-03-28;2016-06-27;91;enter_or_hold;rebalance_trim;4;30,1446853982235;879,4473735460406;0,8814493257716709;1,13100004196167;775,1882944638243;994,6550163836523;1,860451906713178;2,3871720393207654;1,212249994277954;-6,702408966780704;28,311408142666416;27,831408142666415
OKE;2016-05-27;2016-05-31;2016-06-27;27;enter_or_hold;rebalance_trim;6;32,67016745617799;26,418951088794447;43,25;44,619998931884766;1142,61963459036;1178,813569363524;2,7422871230168635;2,8291525664724575;46,86000061035156;-4,78019984910536;3,167627588172861;2,687627588172861
ULTA;2016-04-29;2016-05-02;2016-06-27;56;enter_or_hold;rebalance_trim;9;21,642071883358938;4,732111769719242;210,72000122070312;235,0399932861328;997,1505978917423;1112,2355185840406;2,3931614349401813;2,669365244601697;242,0800018310547;-2,9081330517483295;11,541378096309662;11,061378096309662
EVRG;2016-03-25;2016-03-28;2016-08-01;126;enter_or_hold;left_top_n;6;26,378941556289213;32,69848038851951;49,331777108034245;55,41999816894531;1613,0741462978735;1812,1497232590457;3,871377951114897;4,349159335821709;56,470001220703125;-1,859399732707745;12,34137794707486;11,86137794707486
EQIX;2016-05-27;2016-05-31;2016-08-01;62;enter_or_hold;left_top_n;14;23,918909279414;4,914991466786885;362,0;378,9700012207031;1779,2269109768527;1862,6343221679713;4,270144586344446;4,470322373203131;389,4500122070313;-2,6909771877878463;4,687845641078203;4,207845641078203
MLM;2016-05-27;2016-05-31;2016-08-01;62;enter_or_hold;left_top_n;15;23,87456110940802;15,3980999949836;189,0399932861328;196,30999755859372;2910,8567196709014;3022,8009724222125;6,986056127210163;7,2547223338133096;205,6999969482422;-4,5649001113068355;3,8457493285333433;3,3657493285333433
DG;2016-06-24;2016-06-27;2016-08-01;35;enter_or_hold;left_top_n;15;20,768049431935665;19,497752128110395;93,51000213623048;94,05999755859376;1823,2348431512955;1833,9585175681302;4,375763623563109;4,401500442163512;96,70999908447266;-2,7401525705363805;0,5881674791986535;0,10816747919865355
LNT;2016-06-24;2016-06-27;2016-08-01;35;enter_or_hold;left_top_n;14;20,90231320567557;45,752444490940675;39,84999847412109;40,27000045776367;1823,2348431512955;1842,450960593988;4,375763623563109;4,42188230542557;40,869998931884766;-1,4680657934957875;1,0539573393342438;0,5739573393342439
AWK;2016-03-25;2016-03-28;2016-08-29;154;enter_or_hold;left_top_n;7;24,791633798826453;22,325887544386454;69,40988991299076;75,43000030517578;1549,6373966656754;1684,0417042863903;3,7191297519976207;4,041700090287336;84,76000213623047;-11,007552614332228;8,673274658311048;8,193274658311047
DLR;2016-03-25;2016-03-28;2016-08-29;154;enter_or_hold;left_top_n;11;20,223477636304963;17,52063198895508;87,87943005819872;100,68000030517578;1539,7031534488171;1763,9772339948702;3,6952875682771604;4,233545361587688;112,0999984741211;-10,187331243881935;14,566059700773891;14,086059700773891
STLD;2016-04-29;2016-05-02;2016-08-29;119;enter_or_hold;left_top_n;13;24,305398153688863;117,8961788864945;25,272938406029528;24,88999938964844;2979,5828673046144;2934,4358205267313;7,150998881531073;7,0426459692641545;27,979999542236328;-11,043603299290528;-1,5152136654190018;-1,9952136654190018
IRM;2016-06-24;2016-06-27;2016-08-29;63;enter_or_hold;left_top_n;15;29,32762576756287;75,47220776842799;39,08636626732026;38,459999084472656;2949,9343558400697;2902,661041676871;7,079842454016166;6,966386500024489;41,25;-6,763638583096587;-1,6025208855787176;-2,0825208855787176
FCX;2016-07-29;2016-08-01;2016-08-29;28;enter_or_hold;left_top_n;12;34,07874641562903;248,0665152856723;12,479999542236328;10,979999542236328;3095,8699972093514;2723,7702242808427;7,430087993302442;6,537048538274022;12,479999542236328;-12,01923121009354;-12,01923121009354;-12,49923121009354
ALGN;2016-07-29;2016-08-01;2016-08-29;28;enter_or_hold;rebalance_trim;14;30,41325775384301;1,198949779234859;89,69000244140625;93,4499969482422;107,53380862669796;112,04185321059323;0,25808114070407506;0,2689004477054237;96,0;-2,6562531789143695;4,192211399807166;3,7122113998071664
AMAT;2016-05-27;2016-05-31;2016-08-29;90;enter_or_hold;rebalance_trim;10;36,28280230318319;14,233683012613374;24,98523741545398;30,049999237060547;355,6319493664594;427,72216366959356;0,8535166784795025;1,0265331928070245;29,96999931335449;0,2669333518149575;20,27101739074886;19,79101739074886
AMD;2016-03-25;2016-03-28;2016-08-29;154;enter_or_hold;rebalance_trim;1;135,22585286988917;56,01973378771089;3,579134185425085;7,590000152587891;200,50214425800868;425,18978799665865;0,4812051462192207;1,0204554911919808;7,670000076293945;-1,0430237667573783;112,06246425450645;111,58246425450645
LITE;2016-07-29;2016-08-01;2016-08-29;28;enter_or_hold;rebalance_trim;7;38,3757348641969;11,633079323590286;30,40999984741211;34,529998779296875;353,76194045531355;401,6902148430363;0,8490286570927523;0,9640565156232871;34,599998474121094;-0,20231126563943214;13,548171498052074;13,068171498052074
NVDA;2016-03-25;2016-03-28;2016-08-29;154;enter_or_hold;rebalance_trim;3;68,45951474820313;173,77333348739603;1,0216027512389074;1,5497499704360962;177,52731558267993;269,30521843467386;0,4260655573984318;0,6463325242432172;1,5759999752044678;-1,6656094658228593;51,69790493973314;51,217904939733145
OKE;2016-05-27;2016-05-31;2016-08-29;90;enter_or_hold;rebalance_trim;11;34,08635837938559;6,270192554064361;43,13760960305803;47,36000061035156;270,48111853322973;296,95632318750995;0,6491546844797513;0,7126951756500238;49,709999084472656;-4,727416047881472;9,788189577834672;9,308189577834671
TSN;2016-07-29;2016-08-01;2016-08-29;28;enter_or_hold;rebalance_trim;13;30,57035629054534;0,7259450706178403;74,27999877929688;76,02999877929688;53,92319895932976;55,19360283291098;0,1294156775023914;0,13246464679898634;75,5999984741211;0,5687834839348316;2,3559504964447475;1,8759504964447475
VEEV;2016-06-24;2016-06-27;2016-08-29;63;enter_or_hold;rebalance_trim;8;37,50122388867505;0,37792720921240736;34,63900415755813;38,66999816894531;13,091022171162917;14,614444488238405;0,031418453210790995;0,03507466677177217;39,720001220703125;-2,6435121336565337;11,637153288391033;11,157153288391033
GRMN;2016-07-29;2016-08-01;2016-09-13;43;enter_or_hold;stop_loss;6;39,77499201020205;55,531300398374015;55,75;46,95000076293945;3095,8699972093514;2607,19459607068;7,430087993302442;6,257267030569631;55,75;-15,784751994727442;-15,784751994727442;-16,26475199472744
ULTA;2016-04-29;2016-05-02;2016-10-03;154;enter_or_hold;left_top_n;12;28,31196022229685;12,252970429669748;228,79672019444345;237,6000061035156;2803,4394469479394;2911,3058488757283;6,728254672675053;6,987134037301748;275,8900146484375;-13,87872213994924;3,8476451505033094;3,3676451505033094
TSN;2016-07-29;2016-08-01;2016-10-03;63;enter_or_hold;left_top_n;13;30,57035629054534;40,95243468283235;74,27999877929688;75,0999984741211;3041,9467982500214;3075,527782192253;7,300672315800051;7,381266677261407;76,76000213623047;-2,162589390192138;1,1039306789175196;0,6239306789175196
MCHP;2016-08-26;2016-08-29;2016-10-03;35;enter_or_hold;left_top_n;14;27,762398553015256;101,0830288546526;30,799999237060547;30,90999984741211;3113,357211603069;3124,476406473266;7,472057307847365;7,498743375535837;31,399999618530277;-1,560508844175279;0,3571448476505257;-0,1228551523494743
PODD;2016-08-26;2016-08-29;2016-10-03;35;enter_or_hold;left_top_n;13;27,96413344313717;73,01494503207915;42,63999938964844;40,720001220703125;3113,357211603069;2973,168650835835;7,472057307847365;7,135604762006003;45,06999969482422;-9,651649664023942;-4,502810029147009;-4,982810029147009
ALB;2016-04-29;2016-05-02;2016-10-03;154;enter_or_hold;rebalance_trim;10;30,56911552017669;1,0365177662521896;73,58394676187409;84,83000183105469;76,27106812963778;87,92780400909396;0,18305056351113064;0,21102672962182548;86,62000274658203;-2,0664983361455502;15,283299638131798;14,803299638131797
IDXX;2016-08-26;2016-08-29;2016-10-03;35;enter_or_hold;rebalance_trim;6;36,96743553681374;0,33839723098526936;112,08999633789062;113,12000274658205;37,930944381891166;38,27949569848943;0,09103426651653879;0,09187078967637462;114,76000213623048;-1,4290688036948662;0,9189101992532089;0,43891019925320895
LITE;2016-07-29;2016-08-01;2016-10-03;63;enter_or_hold;rebalance_trim;7;38,3757348641969;15,293418208725658;30,40999984741211;41,45000076293945;465,0728453937568;633,9121964196306;1,1161748289450162;1,5213892714071133;41,9900016784668;-1,286022610006865;36,30385061138646;35,82385061138646
NVDA;2016-03-25;2016-03-28;2016-10-03;189;enter_or_hold;rebalance_trim;3;68,45951474820313;195,41132829672458;1,0216027512389074;1,7112499475479126;199,6327506111832;334,39762529803784;0,47911860146683966;0,8025543007152908;1,7130000591278076;-0,10216646348431002;67,50639575634105;67,02639575634105
OKE;2016-05-27;2016-05-31;2016-10-03;125;enter_or_hold;rebalance_trim;11;34,08635837938559;5,0179048251487;43,13760960305803;51,11000061035156;216,4604193725658;256,4651186760361;0,5195050064941579;0,6155162848224867;51,38999938964844;-0,5448507153578142;18,481299915905325;18,001299915905324
VEEV;2016-06-24;2016-06-27;2016-10-03;98;enter_or_hold;rebalance_trim;8;37,50122388867505;5,2219039564919605;34,63900415755813;41,220001220703125;180,88155285929423;215,2468874609931;0,43411572686230604;0,5165925299063834;42,060001373291016;-1,9971472305307825;18,998805604257086;18,518805604257086
AXON;2016-07-29;2016-08-01;2016-10-04;64;enter_or_hold;stop_loss;10;33,67957797862826;127,7680559307414;28,409640092930157;23,709999084472656;3629,8444843657335;3029,38048914273;8,71162676247776;7,270513173942551;29,450000762939453;-19,49066733366658;-16,542416563830475;-17,022416563830475
NEM;2016-03-25;2016-03-28;2016-10-31;217;enter_or_hold;left_top_n;9;33,75319427202241;81,45633385368399;33,754842942662854;37,040000915527344;2749,5457559162146;3017,142680515956;6,598909814198914;7,241142433238293;45,86000061035156;-19,23244565512142;9,732404853563592;9,252404853563592
ALGN;2016-07-29;2016-08-01;2016-10-31;91;enter_or_hold;left_top_n;14;30,41325775384301;33,31849824103762;89,69000244140625;85,91999816894531;2988,3361885826534;2862,7253078619597;7,172006852598368;6,870540738868702;96,29000091552734;-10,76955306676065;-4,203371802697687;-4,683371802697687
IDXX;2016-08-26;2016-08-29;2016-10-31;63;enter_or_hold;left_top_n;6;36,96743553681374;27,43711631455883;112,08999633789062;107,13999938964844;3075,426267221178;2939,612625195546;7,381023041330826;7,0550703004693105;117,04000091552734;-8,458647854099176;-4,4160916316926535;-4,896091631692654
AMZN;2016-09-30;2016-10-03;2016-10-31;28;enter_or_hold;left_top_n;15;26,164268166998017;74,18041594684766;41,83700180053711;39,49100112915039;3103,4861955328574;2929,4588899178066;7,448366869278857;7,0307013358027355;42,21799850463867;-6,459324155759427;-5,60747799895307;-6,087477998953069
APA;2016-09-30;2016-10-03;2016-10-31;28;enter_or_hold;left_top_n;13;28,83759457220634;48,52988519949169;63,95000076293945;59,47999954223633;3103,4861955328574;2886,557549450547;7,448366869278857;6,9277381186813125;64,6500015258789;-7,996909298715272;-6,989837634675366;-7,4698376346753665
ON;2016-09-30;2016-10-03;2016-10-31;28;enter_or_hold;left_top_n;14;26,276779261467052;253,96776822554392;12,220000267028809;11,670000076293944;3103,4861955328574;2963,8038745683;7,448366869278857;7,11312929896392;12,43000030517578;-6,114241433810552;-4,5008197930964;-4,9808197930963996
AMAT;2016-05-27;2016-05-31;2016-10-31;153;enter_or_hold;rebalance_trim;6;39,48274302224388;39,1944413396462;24,990552108679896;29,07999992370605;979,4907286690257;1139,7743511666126;2,3507777488056614;2,73545844279987;30,56999969482422;-4,874058835435447;16,36397546257402;15,883975462574021
AMD;2016-03-25;2016-03-28;2016-10-31;217;enter_or_hold;rebalance_trim;1;82,95315180558795;186,98989733533085;3,853298340708839;7,230000019073486;720,5278611315465;1351,9369613009912;1,7292668667157114;3,2446487071223786;7,670000076293945;-5,736636934077611;87,6314621863274;87,1514621863274
LITE;2016-07-29;2016-08-01;2016-10-31;91;enter_or_hold;rebalance_trim;7;38,3757348641969;19,02719017285649;30,40999984741211;33,599998474121094;578,616850253247;639,31356077479;1,3886804406077926;1,5343525458594958;44,5;-24,49438545141327;10,489965941188428;10,009965941188428
NVDA;2016-03-25;2016-03-28;2016-10-31;217;enter_or_hold;rebalance_trim;3;68,45951474820313;758,8436364652928;1,0216027512389074;1,7790000438690186;775,2367467730805;1349,9828625614814;1,860568192255393;3,239958870147555;1,8040000200271609;-1,3858079756432495;74,13814143624889;73,65814143624888
OKE;2016-05-27;2016-05-31;2016-10-31;153;enter_or_hold;rebalance_trim;11;34,08635837938559;21,977289013731465;43,13760960305803;48,43000030517578;948,0477136079242;1064,360113641951;2,2753145126590177;2,5544642727406823;51,38999938964844;-5,759873749033151;12,2686230201837;11,7886230201837
TPL;2016-09-30;2016-10-03;2016-10-31;28;enter_or_hold;rebalance_trim;4;53,75822555278449;52,99209816228564;26,60333251953125;29,475555419921875;1409,7664083189256;1561,9715262003906;3,3834393799654214;3,748731662880937;33,83333206176758;-12,880128489532039;10,79647784081914;10,31647784081914
TRGP;2016-09-30;2016-10-03;2016-10-31;28;enter_or_hold;rebalance_trim;11;30,984855733185345;20,525152680612692;49,04999923706055;43,900001525878906;1006,7587233246038;901,0542339977947;2,416220935979049;2,162530161594707;49,7400016784668;-11,74105338865743;-10,499485813020105;-10,979485813020105
ALB;2016-04-29;2016-05-02;2016-11-28;210;enter_or_hold;left_top_n;10;30,56911552017669;36,58713433771239;73,58394676187409;83,95999908447266;2692,225745275765;3071,8557654978104;6,461341788661834;7,372453837194744;86,62000274658203;-3,070888452741749;14,10097280617013;13,62097280617013
AKAM;2016-10-28;2016-10-31;2016-11-28;28;enter_or_hold;left_top_n;7;30,70861102520364;27,00361543506382;69,47000122070312;66,16999816894531;1875,9411972372814;1786,8291838930763;4,502258873369475;4,288390041343383;69,47000122070312;-4,750256216742887;-4,750256216742887;-5,230256216742887
BKR;2016-10-28;2016-10-31;2016-11-28;28;enter_or_hold;left_top_n;10;25,682324643855026;33,86175353011455;55,400001525878906;61,27000045776367;1875,9411972372814;2074,709654290799;4,502258873369475;4,979303170297917;62,02000045776367;-1,2092873177431795;10,595665650194475;10,115665650194474
NFLX;2016-10-28;2016-10-31;2016-11-28;28;enter_or_hold;left_top_n;14;24,42345257132834;150,23153097786246;12,487000465393066;11,692999839782717;1875,9411972372814;1756,657267654458;4,502258873369475;4,215977442370699;12,487000465393066;-6,358617730582072;-6,358617730582072;-6,838617730582072
PFG;2016-10-28;2016-10-31;2016-11-28;28;enter_or_hold;left_top_n;13;24,58342879639792;34,35789834548121;54,59999847412109;57,060001373291016;1875,9411972372814;1960,461726776551;4,502258873369475;4,705108144263722;58,40999984741211;-2,3112454676387117;4,505499941242497;4,025499941242497
PTC;2016-10-28;2016-10-31;2016-11-28;28;enter_or_hold;left_top_n;8;27,26684183402848;39,54344965307643;47,43999862670898;49,619998931884766;1875,9411972372814;1962,1459295486914;4,502258873369475;4,709150230916859;49,790000915527344;-0,34143800063590746;4,5952790225175955;4,115279022517596
WMB;2016-10-28;2016-10-31;2016-11-28;28;enter_or_hold;left_top_n;11;25,36178364570798;64,24455987063602;29,200000762939453;29,239999771118164;1875,9411972372814;1878,5109159129845;4,502258873369475;4,508426198191162;30,96999931335449;-5,586049662875958;0,13698290114252387;-0,3430170988574761
VEEV;2016-06-24;2016-06-27;2016-11-28;154;enter_or_hold;rebalance_trim;8;37,50122388867505;6,6787130606527265;34,63900415755813;46,34000015258789;231,3439694750875;309,4915642497381;0,55522552674021;0,7427797541993714;46,290000915527344;0,10801303968817066;33,779827912508395;33,2998279125084
FCX;2016-11-25;2016-11-28;2016-12-30;32;enter_or_hold;stop_loss;4;60,45049622431389;201,49994810867418;15,779999732971191;13,1899995803833;3179,6691273485876;2657,7842310006695;7,63120590563661;6,378682154401607;15,890000343322754;-16,991823188185386;-16,413182486792245;-16,893182486792245
AMAT;2016-05-27;2016-05-31;2017-01-03;217;enter_or_hold;left_top_n;6;39,48274302224388;64,5317012946847;24,990552108679896;31,940000534057617;1612,6828438665837;2061,142573815876;3,8704388252798005;4,946742177158102;33,33000183105469;-4,170420703973554;27,80830289445262;27,32830289445262
VEEV;2016-06-24;2016-06-27;2017-01-03;190;enter_or_hold;left_top_n;8;37,50122388867505;68,61693422094733;34,63900415755813;41,34999847412109;2376,822269758287;2837,310125335039;5,704373447419887;6,8095443008040935;47,36000061035156;-12,690038130862813;19,374097147936165;18,894097147936165
LITE;2016-07-29;2016-08-01;2017-01-03;155;enter_or_hold;left_top_n;7;44,6463191679477;76,9895686703866;33,40005133702026;37,29999923706055;2571,455546005959;2871,710852667041;6,1714933104143;6,892106046400897;44,5;-16,179776995369554;11,676472771518242;11,196472771518241
BBY;2016-11-25;2016-11-28;2017-01-03;36;enter_or_hold;left_top_n;14;39,48276626116325;70,14491504322551;45,33000183105469;42,7599983215332;3179,6691273485876;2999,396449512412;7,63120590563661;7,1985514788297875;49,310001373291016;-13,283315492474623;-5,669542037743369;-6,14954203774337
AMD;2016-03-25;2016-03-28;2017-01-03;281;enter_or_hold;rebalance_trim;2;92,07346223551949;71,89648862950158;5,242849513458627;11,43000030517578;376,94247043056606;821,77688697627;0,9046619290333583;1,9722645287430478;12,06999969482422;-5,302397728501029;118,01122225298401;117,53122225298401
BAC;2016-11-25;2016-11-28;2017-01-03;36;enter_or_hold;rebalance_trim;15;39,15408800654036;10,422315203050754;20,299999237060547;22,530000686645508;211,57299067033483;234,8147686811694;0,5077751776088035;0,5635554448348065;23,15999984741211;-2,7202036481748793;10,985229228549787;10,505229228549787
MS;2016-11-25;2016-11-28;2017-01-03;36;enter_or_hold;rebalance_trim;11;41,73071129397064;2,1077100367693173;40,43999862670898;43,04999923706055;85,23579099245192;90,73691547486396;0,20456589838188458;0,2177685971396735;43,72999954223633;-1,5549972840018134;6,454007663164885;5,974007663164885
NVDA;2016-03-25;2016-03-28;2017-01-03;281;enter_or_hold;rebalance_trim;1;95,96176193521384;59,77295063027879;1,3137596502861262;2,5502500534057617;78,52729071660495;152,43597053708845;0,18846549771985185;0,36584632928901223;2,933000087738037;-13,04977916408644;94,11846397096593;93,63846397096593
OKE;2016-05-27;2016-05-31;2017-01-03;217;enter_or_hold;rebalance_trim;12;40,98645124193021;4,12759481864797;46,587646114717835;58,75;192,29492671611456;242,49619559556825;0,46150782411867486;0,5819908694293637;59,02999877929688;-0,4743330257277356;26,106392787764964;25,626392787764964
RF;2016-11-25;2016-11-28;2017-01-03;36;enter_or_hold;rebalance_trim;9;43,2973707045043;14,80927068151917;13,079999923706056;14,43000030517578;193,7052593844131;213,69778045375233;0,4648926225225914;0,5128746730890056;14,640000343322754;-1,4344264564362108;10,32110389406804;9,84110389406804
TRGP;2016-09-30;2016-10-03;2017-01-03;92;enter_or_hold;rebalance_trim;13;40,31419831218332;7,329777921124464;49,22346741754566;57,97999954223633;360,7970846783157;424,98052051149034;0,8659130032279574;1,0199532492275767;58,20000076293945;-0,37800896532499406;17,789344359697434;17,309344359697434
URI;2016-11-25;2016-11-28;2017-01-03;36;enter_or_hold;rebalance_trim;10;41,85459082926955;2,920291686770451;96,19000244140624;109,30999755859376;280,902864480068;319,2170771512597;0,6741668747521631;0,7661209851630232;109,12000274658205;0,17411547583348064;13,639666061116396;13,159666061116395
OKE;2016-05-27;2016-05-31;2017-01-30;244;enter_or_hold;left_top_n;12;40,98645124193021;56,07060937899727;46,587646114717835;53,77000045776367;2612,1977071853034;3014,9166919757713;6,269274497244727;7,235800060741851;59,02999877929688;-8,910720701857787;15,416864645532735;14,936864645532735
FITB;2016-12-30;2017-01-03;2017-01-30;27;enter_or_hold;left_top_n;13;38,11427508735528;121,7681469107225;27,049999237060547;26,32999992370605;3293,8282810333203;3206,155298869151;7,905187874479968;7,694772717285962;27,420000076293945;-3,975201128938932;-2,661735059748327;-3,141735059748327
COHR;2016-10-28;2016-10-31;2017-01-30;91;enter_or_hold;rebalance_trim;6;46,31741902587818;8,234558102421529;28,948737816235433;36,09999847412109;238,38006353955794;297,2675349324786;0,572112152494939;0,7134420838379486;36,5;-1,0958945914490759;24,703186381670108;24,223186381670107
NVDA;2016-03-25;2016-03-28;2017-01-30;308;enter_or_hold;rebalance_trim;1;95,96176193521384;62,1842906641816;1,3137596502861262;2,750499963760376;81,69521195626605;171,0378892182962;0,19606850869503847;0,4104909341239108;2,933000087738037;-6,222302029264759;109,36097125233974;108,88097125233973
PWR;2016-10-28;2016-10-31;2017-01-30;91;enter_or_hold;rebalance_trim;11;38,64066992927198;1,9033308813223966;30,649986437891393;36,58000183105469;58,33706569935132;69,6238471238762;0,14000895767844315;0,16709723309730287;37,59999847412109;-2,712757139520716;19,347530235224664;18,867530235224663
TPL;2016-09-30;2016-10-03;2017-01-30;119;enter_or_hold;rebalance_trim;3;65,98150064866869;3,586694273125998;28,575344147250608;35,46110916137695;102,49102320554826;127,18815714780658;0,24597845569331578;0,3052515771547358;36,9555549621582;-4,043900307576321;24,096875189476453;23,616875189476453
URI;2016-11-25;2016-11-28;2017-01-30;63;enter_or_hold;rebalance_trim;10;41,85459082926955;3,873723853670879;96,19000244140624;128,77000427246094;372,6135069419354;498,8194371875329;0,8942724166606448;1,197166649250079;128,25999450683594;0,39763744539831336;33,87046574918291;33,390465749182916
WDC;2016-12-30;2017-01-03;2017-01-30;27;enter_or_hold;rebalance_trim;15;34,62981508123124;6,28772652477118;52,47921371459961;59,87906265258789;329,9749440724235;376,50317051911225;0,7919398657738164;0,9036076092458694;60,48374938964844;-0,9997507481968926;14,10053317153579;13,62053317153579
FCX;2017-01-27;2017-01-30;2017-02-22;23;enter_or_hold;stop_loss;9;42,13154662473833;208,0969405273916;16,25;13,729999542236328;3381,5752835701137;2857,1708981818674;8,115780680568273;6,857210155636481;16,84000015258789;-18,46793694876322;-15,507695124699516;-15,987695124699517
TRGP;2016-09-30;2016-10-03;2017-02-27;147;enter_or_hold;left_top_n;13;37,46551506318945;59,149473357985556;49,53706208791344;55,90999984741211;2930,0911342019126;3307,047046419479;7,032218722084589;7,93691291140675;61,34999847412109;-8,867153646309712;12,864989345126299;12,384989345126298
STLD;2016-11-25;2016-11-28;2017-02-27;91;enter_or_hold;left_top_n;9;41,14632112437484;90,96460547677172;35,490801082639024;36,70000076293945;3228,4067185368413;3338,401090398009;7,748176124488419;8,012162616955221;39,02999877929688;-5,969761950372787;3,407079139985747;2,927079139985747
NFLX;2017-01-27;2017-01-30;2017-02-27;28;enter_or_hold;left_top_n;15;35,97272899443913;239,4544218725712;14,121999740600586;14,340999603271484;3381,5752835701137;3434,015769076146;8,115780680568273;8,24163784578275;14,482000350952148;-0,9736275670742756;1,5507709013850013;1,0707709013850013
TMUS;2017-01-27;2017-01-30;2017-02-27;28;enter_or_hold;left_top_n;14;36,231004015238646;55,31776909020713;61,130001068115234;62,16999816894531;3381,5752835701137;3439,105603048317;8,115780680568273;8,25385344731596;63,91999816894531;-2,737797324985236;1,7012875554692775;1,2212875554692775
AMD;2016-03-25;2016-03-28;2017-02-27;336;enter_or_hold;rebalance_trim;2;78,44531006072741;90,61382676940383;5,756701651237081;15,199999809265137;521,6367661883377;1377,3301496117224;1,2519282388520103;3,3055923590681333;14,31999969482422;6,145252326778894;164,04008284846148;163,5600828484615
BAC;2016-11-25;2016-11-28;2017-02-27;91;enter_or_hold;rebalance_trim;8;44,58715082117335;6,232133525762188;20,320388539443538;24,56999969482422;126,63937467317977;153,12351882608073;0,3039344992156314;0,3674964451825937;24,790000915527344;-0,8874595101984295;20,913040846299946;20,433040846299946
MS;2016-11-25;2016-11-28;2017-02-27;91;enter_or_hold;rebalance_trim;11;39,5434662998331;2,7865045589673745;40,505042103330524;45,84000015258789;112,86748448209596;127,73336940825129;0,27088196275703025;0,30656008657980305;46,58000183105469;-1,5886682039016997;13,171096170317774;12,691096170317774
PWR;2016-10-28;2016-10-31;2017-02-27;119;enter_or_hold;rebalance_trim;11;38,64066992927198;1,5189297816474383;30,649986437891393;38,130001068115234;46,55517720760332;57,91679419660886;0,11173242529824795;0,13900030607186126;38,470001220703125;-0,8838059313731272;24,404626231666416;23,924626231666416
RF;2016-11-25;2016-11-28;2017-02-27;91;enter_or_hold;rebalance_trim;10;41,9308817166099;7,555896691073427;13,113570109608542;15,3100004196167;99,08478099935056;115,68078151091458;0,23780347439844135;0,27763387562619496;15,59000015258789;-1,796021361325728;16,749293225639562;16,26929322563956
ARES;2017-02-24;2017-02-27;2017-03-21;22;enter_or_hold;stop_loss;9;39,91112424566008;159,03287541790695;21,799999237060547;18,36000061035156;3466,9165627779166;2919,843689738735;8,320599750666998;7,007624855372963;22,0;-16,545451771129283;-15,779810766510959;-16,25981076651096
TPL;2016-09-30;2016-10-03;2017-04-03;182;enter_or_hold;left_top_n;3;65,98150064866869;95,36567072690583;28,575344147250608;31,34000015258789;2725,1068608547175;2988,7601351328753;6,5402564660513205;7,1730243243189005;36,9555549621582;-15,195428171273672;9,674970110913916;9,194970110913916
PWR;2016-10-28;2016-10-31;2017-04-03;154;enter_or_hold;left_top_n;11;38,64066992927198;90,92973863322875;30,649986437891393;36,47999954223633;2786,9952559094704;3317,116823715854;6,6887886141827275;7,961080376918049;38,470001220703125;-5,172866169278545;19,02125834919626;18,54125834919626
MS;2016-11-25;2016-11-28;2017-04-03;126;enter_or_hold;left_top_n;11;39,5434662998331;75,63592974841458;40,505042103330524;42,709999084472656;3063,6365189840826;3230,410490308025;7,352727645561798;7,7529851767392595;46,83000183105469;-8,797784722378355;5,443660509022963;4,963660509022963
RF;2016-11-25;2016-11-28;2017-04-03;126;enter_or_hold;left_top_n;10;41,9308817166099;226,46315716399275;13,113570109608542;14,579999923706056;2969,7404887133166;3301,832814173247;7,12737717291196;7,924398754015791;15,90999984741211;-8,359521913649726;11,182536882332572;10,702536882332572
CFG;2016-12-30;2017-01-03;2017-04-03;90;enter_or_hold;left_top_n;13;37,09904206969284;93,22174484534827;35,87445763925212;34,81999969482422;3344,2795365116162;3245,981127066008;8,026270887627877;7,7903547049584185;39,59000015258789;-12,048498205049562;-2,939300030766634;-3,419300030766634
UAL;2016-12-30;2017-01-03;2017-04-03;90;enter_or_hold;left_top_n;14;37,280296475740535;45,300898397848044;72,70999908447266;71,3499984741211;3293,8282810333203;3232,2190315627727;7,905187874479968;7,7573256757506535;75,95999908447266;-6,068984552283796;-1,8704450934892036;-2,3504450934892036
IDXX;2017-02-24;2017-02-27;2017-04-03;35;enter_or_hold;rebalance_trim;12;37,35501015356988;2,354696949144049;143,61000061035156;155,27999877929688;338,1580303037698;365,637339388702;0,8115792727290474;0,8775296145328847;154,72000122070312;0,3619425763802475;8,126173747891574;7,646173747891574
LITE;2017-02-24;2017-02-27;2017-04-03;35;enter_or_hold;rebalance_trim;6;43,525305895102775;8,948145579006768;46,45000076293945;51,5;415,6413689717577;460,82949731884855;0,9975392855322183;1,1059907935652364;54,70000076293945;-5,850092720853361;10,871903453421972;10,391903453421971
NVDA;2016-03-25;2016-03-28;2017-04-03;371;enter_or_hold;rebalance_trim;2;52,41539679700027;79,62094815262476;1,4100855949656506;2,7095000743865967;112,27235204752311;215,73296494226815;0,26945364491405543;0,5177591158614435;2,978250026702881;-9,023753879180118;92,15146116378841;91,67146116378841
WDC;2016-12-30;2017-01-03;2017-04-03;90;enter_or_hold;rebalance_trim;14;36,022148881182204;5,78351297034864;52,79671070696828;62,08616638183594;305,3504611654959;359,07614854857184;0,7328411067971901;0,8617827565165723;63,3031005859375;-1,9223927309050315;17,59476215559317;17,11476215559317
COHR;2016-10-28;2016-10-31;2017-05-01;182;enter_or_hold;left_top_n;8;36,5152388839566;97,4878227457074;29,19185166263789;34,099998474121094;2845,8500605062263;3324,33460687401;6,830040145214943;7,978403056497624;40,0;-14,750003814697266;16,81341378479615;16,33341378479615
BAC;2016-11-25;2016-11-28;2017-05-01;154;enter_or_hold;left_top_n;15;30,57010298797405;143,40091147825817;20,37254972288206;23,61000061035156;2921,4421993974224;3385,6956075266453;7,011461278553813;8,125669458063948;25,5;-7,411762312346825;15,8912405737474;15,4112405737474
URI;2016-11-25;2016-11-28;2017-05-01;154;enter_or_hold;left_top_n;5;40,18363484803356;27,318319257304505;97,38351311554977;108,87999725341795;2660,353901688489;2974,4185257033096;6,384849364052373;7,138604461687942;133,36000061035156;-18,3563311674381;11,805370098146994;11,325370098146994
LITE;2017-02-24;2017-02-27;2017-05-01;63;enter_or_hold;left_top_n;6;43,525305895102775;65,68945411601901;46,45000076293945;43,70000076293945;3051,2751938061588;2870,629194987107;7,32306046513478;6,889510067969056;54,70000076293945;-20,109688933409963;-5,92034435916331;-6,400344359163309
ON;2017-02-24;2017-02-27;2017-05-01;63;enter_or_hold;left_top_n;10;33,572125297411006;224,47429277753616;15,527470303758587;14,350000381469728;3485,5179150604035;3221,2061869877916;8,365242996144968;7,730894848770699;15,529999732971191;-7,598192992857866;-7,583140712906977;-8,063140712906977
AMAT;2017-03-31;2017-04-03;2017-05-01;28;enter_or_hold;rebalance_trim;11;32,975721576421215;5,097965551583103;38,88999938964844;41,70000076293945;198,25987718951563;212,58516739045444;0,47582370525483747;0,5102044017370906;41,33000183105469;0,8952308625516547;7,225511487251324;6,745511487251324
GEN;2017-03-31;2017-04-03;2017-05-01;28;enter_or_hold;rebalance_trim;14;30,834776955483758;5,556243774992231;30,239999771118164;32,119998931884766;168,0208104840418;178,46654411804184;0,40324994516170026;0,4283197058833004;31,6299991607666;1,5491615052774188;6,216928488743467;5,736928488743468
IDXX;2017-02-24;2017-02-27;2017-05-01;63;enter_or_hold;rebalance_trim;12;37,35501015356988;0,931006889409486;143,61000061035156;163,72999572753906;133,7018999563378;152,43375402532456;0,32088455989521064;0,3658410096607789;167,72999572753906;-2,384785131991307;14,010162963356487;13,530162963356487
NFLX;2017-03-31;2017-04-03;2017-05-01;28;enter_or_hold;rebalance_trim;13;30,83670713420339;10,444730195189265;14,69200038909912;15,53499984741211;153,45398009175602;162,2588819885259;0,3682895522202144;0,3894213167724621;15,30799961090088;1,4828863488445698;5,73781265986395;5,25781265986395
TER;2017-03-31;2017-04-03;2017-05-01;28;enter_or_hold;rebalance_trim;9;33,94624751111619;14,112393262427473;30,8799991607666;35,779998779296875;435,7906921001686;504,9414137026124;1,0458976610404045;1,2118593928862698;36,34999847412109;-1,5680872592883754;15,867874843584119;15,387874843584118
VEEV;2017-03-31;2017-04-03;2017-05-01;28;enter_or_hold;rebalance_trim;12;32,054332601840606;2,9487055397142172;51,33000183105469;54,2400016784668;151,35706075277187;159,9377934234035;0,3632569458066525;0,38385070421616835;53,619998931884766;1,1562901136377146;5,66919879915444;5,18919879915444
WDC;2016-12-30;2017-01-03;2017-05-01;118;enter_or_hold;rebalance_trim;14;36,022148881182204;2,9768444046047393;52,79671070696828;66,28873443603516;157,16759284957365;197,33124819424074;0,3772022228389767;0,47359499566617774;67,32426452636719;-1,538123138243075;25,554667229082064;25,074667229082063
XYZ;2017-02-24;2017-02-27;2017-05-01;63;enter_or_hold;rebalance_trim;7;37,596476758144746;15,153608582210065;17,906073550048845;18,61000061035156;271,3416298217049;282,0086649639579;0,6512199115720916;0,676820795913499;18,239999771118164;2,028513398444587;3,931219529145702;3,451219529145702
BLDR;2017-04-28;2017-05-01;2017-05-24;23;enter_or_hold;stop_loss;12;30,734926452967716;210,63740561991344;16,209999084472656;13,770000457763672;3414,4321522544924;2900,4771718083603;8,19463716541078;6,961145212340064;16,389999389648438;-15,9853510033655;-15,05242914570073;-15,53242914570073
AMD;2016-03-25;2016-03-28;2017-05-30;428;enter_or_hold;left_top_n;1;53,48424505879095;250,6925242983829;6,477346970514228;11,119999885559082;1623,8224627946947;2787,700841508535;3,897173910707267;6,690482019620484;15,199999809265137;-26,842105098048073;71,67522345458484;71,19522345458483
GEN;2017-03-31;2017-04-03;2017-05-30;57;enter_or_hold;left_top_n;14;30,834776955483758;106,30974661050533;30,239999771118164;30,059999465942383;3214,806713169311;3195,6709263362604;7,715536111606346;7,669610223207024;33,13999938964844;-9,293904587904489;-0,5952391089225406;-1,0752391089225406
ALGN;2017-04-28;2017-05-01;2017-05-30;29;enter_or_hold;rebalance_trim;5;42,84600225548165;0,45034665602484103;133,67999267578125;143,3300018310547;60,202337678963325;64,54818703264982;0,14448561042951194;0,15491564887835957;142,10000610351562;0,8655845705193288;7,218738542780989;6,73873854278099
AMAT;2017-03-31;2017-04-03;2017-05-30;57;enter_or_hold;rebalance_trim;11;32,975721576421215;2,949696188795997;38,88999938964844;45,560001373291016;114,71368298192465;134,3881624123369;0,27531283915661914;0,3225315897896085;45,5;0,13187115009014594;17,150943914434635;16,670943914434634
BBY;2017-04-28;2017-05-01;2017-05-30;29;enter_or_hold;rebalance_trim;14;29,824598255205604;5,683798009825185;51,459999084472656;59,27999877929688;292,4882403819315;336,935539084207;0,7019717769166355;0,8086452938020967;61,25;-3,216328523596923;15,19626862407739;14,71626862407739
NVDA;2016-03-25;2016-03-28;2017-05-30;428;enter_or_hold;rebalance_trim;7;33,272396407829106;287,74194899626895;1,4416223394139362;3,6217501163482666;414,81522165952686;1042,129437255514;0,9955565319828643;2,501110649413233;3,5460000038146973;2,136212985112218;151,22738579513268;150,7473857951327
TTWO;2017-04-28;2017-05-01;2017-05-30;29;enter_or_hold;rebalance_trim;9;32,19910869329308;6,090160030185066;63,97999954223633;76,06999969482422;389,6484359433865;463,2784716376086;0,9351562462641275;1,1118683319302607;78,52999877929688;-3,1325596876504602;18,89653053937066;18,416530539370658
VEEV;2017-03-31;2017-04-03;2017-05-30;57;enter_or_hold;rebalance_trim;12;32,054332601840606;7,540898239384926;51,33000183105469;64,9000015258789;387,0743204354254;489,4043072425793;0,928978369045021;1,1745703373821903;66,81999969482422;-2,873388473083205;26,43678007160006;25,95678007160006
XYZ;2017-02-24;2017-02-27;2017-05-30;92;enter_or_hold;rebalance_trim;7;37,596476758144746;25,334293587751343;17,906073550048845;22,739999771118164;453,6377243208065;576,1018303869059;1,0887305383699355;1,382644392928574;22,32999992370605;1,8360942624851884;26,99601455091829;26,51601455091829
AMAT;2017-03-31;2017-04-03;2017-07-03;91;enter_or_hold;left_top_n;11;32,975721576421215;78,93684781849167;38,88999938964844;41,0099983215332;3069,8539634819126;3237,199996543465;7,367649512356589;7,769279991704316;47,43000030517578;-13,535740970556132;5,451270159826893;4,971270159826894
NFLX;2017-03-31;2017-04-03;2017-07-03;91;enter_or_hold;left_top_n;13;33,71285206889476;220,31400045810176;14,695767051829325;14,616999626159668;3237,6832289888825;3220,329662333814;7,770439749573318;7,728791189601154;16,58799934387207;-11,882082202037992;-0,5359871682223738;-1,0159871682223738
TER;2017-03-31;2017-04-03;2017-07-03;91;enter_or_hold;left_top_n;9;39,94857918464452;100,78377790519309;31,134737586768345;29,690000534057617;3137,8764780813285;2992,2704198295273;7,530903547395188;7,181449007590865;36,34999847412109;-18,321865803667002;-4,6402737414582;-5,120273741458201
EA;2017-05-26;2017-05-30;2017-07-03;34;enter_or_hold;left_top_n;12;33,83309264399592;31,86500022185369;112,8499984741211;105,41999816894533;3595,9652264140573;3359,2082650412585;8,630316543393736;8,06209983609902;115,37000274658205;-8,624429523064647;-6,583961369640267;-7,063961369640268
ALGN;2017-04-28;2017-05-01;2017-07-03;63;enter_or_hold;rebalance_trim;5;42,84600225548165;1,8602204299370966;133,67999267578125;149,02999877929688;248,6742534493297;277,2286484027486;0,5968182082783912;0,6653487561665966;153,5;-2,912052912510177;11,482650317571853;11,002650317571852
BBY;2017-04-28;2017-05-01;2017-07-03;63;enter_or_hold;rebalance_trim;14;29,824598255205604;2,2047847064659916;51,459999084472656;59,220001220703125;113,45821897619923;130,5673530083036;0,2722997255428781;0,3133616472199286;61,25;-3,3142837213010257;15,079677952368908;14,599677952368907
LITE;2017-05-26;2017-05-30;2017-07-03;34;enter_or_hold;rebalance_trim;5;48,69997454873256;1,6740583142751577;58,5;57,900001525878906;97,93241138509673;96,9279789509419;0,23503778732423208;0,23262714948226054;65,0999984741211;-11,059903405534444;-1,0256384173010114;-1,5056384173010113
MTD;2017-05-26;2017-05-30;2017-07-03;34;enter_or_hold;rebalance_trim;14;32,8944934184618;0,3175273238646682;579,8499755859375;588,4000244140625;184,11821099079592;186,8330851141027;0,44188370637791013;0,4483994042738464;601,1599731445312;-2,1225546111668714;1,4745277551292846;0,9945277551292846
RCL;2017-04-28;2017-05-01;2017-07-03;63;enter_or_hold;rebalance_trim;15;32,614262159661564;0,753710091826862;108,47623962119276;108,83999633789062;81,75963652592188;82,03380363426686;0,19622312766221248;0,19688112872224045;113,91000366210938;-4,450888562217836;0,33533308120574645;-0,14466691879425353
XYZ;2017-02-24;2017-02-27;2017-07-03;126;enter_or_hold;rebalance_trim;7;37,596476758144746;6,5020104857817485;17,906073550048845;22,82999992370605;116,42547798159681;148,44089889433326;0,27942114715583233;0,3562581573463998;24,780000686645508;-7,869252255470494;27,498638157016696;27,018638157016696
WDC;2016-12-30;2017-01-03;2017-07-31;209;enter_or_hold;left_top_n;9;28,51253143072028;53,702379927076;53,32351509996307;64,338623046875;2863,5996669453907;3455,1371788482093;6,872639200668936;8,292329229235701;71,81405639648438;-10,409429190766794;20,657130210306708;20,177130210306707
IDXX;2017-02-24;2017-02-27;2017-07-31;154;enter_or_hold;left_top_n;11;36,11102227106417;21,413478135241203;144,24372847042744;166,4600067138672;3088,7599257471666;3564,487714159499;7,413023821793199;8,554770513982797;171,94000244140625;-3,1871557809280193;15,401902376639187;14,921902376639187
MTD;2017-05-26;2017-05-30;2017-07-31;62;enter_or_hold;left_top_n;14;32,8944934184618;5,884016830345806;579,8499755859375;573,0800170898438;3411,8470154232614;3372,0124656915027;8,188432837015826;8,092829917659605;614,989990234375;-6,814740696602106;-1,1675362216326257;-1,6475362216326257
PKG;2017-06-30;2017-07-03;2017-07-31;28;enter_or_hold;left_top_n;11;25,783502341242936;30,880720789526595;112,11000061035156;109,4800033569336;3462,037626561923;3380,8214157019006;8,308890303748614;8,11397139768456;113,30999755859376;-3,380102624818826;-2,3459078040314774;-2,8259078040314773
PODD;2017-06-30;2017-07-03;2017-07-31;28;enter_or_hold;left_top_n;14;25,00152590035163;67,6840180505241;51,150001525878906;50,310001373291016;3462,037626561923;3405,1830410717216;8,308890303748614;8,172439298572131;53,52000045776367;-5,9977560856074525;-1,6422289883273988;-2,122228988327399
ALGN;2017-04-28;2017-05-01;2017-07-31;91;enter_or_hold;rebalance_trim;5;42,84600225548165;1,6154059935589524;133,67999267578125;167,22999572753906;215,9474613873739;270,1443374011046;0,5182739073296972;0,648346409762651;173,05999755859375;-3,3687749412343537;25,097250815331652;24,61725081533165
AMD;2017-06-30;2017-07-03;2017-07-31;28;enter_or_hold;rebalance_trim;12;25,71383860736658;19,34105532308365;12,149999618530272;13,609999656677246;234,99381479743926;263,23175630694413;0,5639851555138541;0,6317562151366659;14,760000228881836;-7,791331669184598;12,01646159659373;11,53646159659373
LITE;2017-05-26;2017-05-30;2017-07-31;62;enter_or_hold;rebalance_trim;5;48,69997454873256;2,0506982272008902;58,5;62,59999847412109;119,96584629125208;128,37370589365855;0,28791803109900493;0,3080968941447805;67,94999694824219;-7,87343445827704;7,008544400206995;6,528544400206995
NVDA;2016-03-25;2016-03-28;2017-07-31;490;enter_or_hold;rebalance_trim;2;52,66070817852124;104,16301102021922;1,4435118601429484;4,062749862670898;150,36054179588712;423,1882587177829;0,3608653003101289;1,0156518209226788;4,202499866485596;-3,3254017431192717;181,44901159790757;180,96901159790758
TTWO;2017-04-28;2017-05-01;2017-07-31;91;enter_or_hold;rebalance_trim;4;36,87744286676593;2,556275893781818;64,10801460179273;79,4800033569336;163,87777232477558;203,17281661902734;0,3933066535794613;0,4876147598856656;81,45999908447266;-2,4306355877635633;23,978263639303222;23,49826363930322
VEEV;2017-03-31;2017-04-03;2017-07-31;119;enter_or_hold;rebalance_trim;5;33,64970135377128;0,5769214873136925;51,62574442066128;63,7599983215332;29,784001254844473;36,78451306277748;0,07148160301162672;0,08828283135066593;66,81999969482422;-4,579469301506201;23,50426911425929;23,02426911425929
XYZ;2017-02-24;2017-02-27;2017-07-31;154;enter_or_hold;rebalance_trim;7;37,596476758144746;14,464564867088738;17,906073550048845;26,350000381469727;259,00356237954344;381,14128976558186;0,6216085497109042;0,9147390954373964;27,309999465942383;-3,515192615327023;47,15677508985685;46,676775089856854
VEEV;2017-03-31;2017-04-03;2017-08-28;147;enter_or_hold;left_top_n;5;33,64970135377128;56,69417169494514;51,62574442066128;57,130001068115234;2926,878818064327;3238,938089488124;7,0245091633543835;7,773451414771498;66,81999969482422;-14,501644224729858;10,661844607224857;10,181844607224857
LITE;2017-05-26;2017-05-30;2017-08-28;90;enter_or_hold;left_top_n;5;48,69997454873256;57,7447345083369;58,5;56,59999847412109;3378,0669687377085;3268,3518850603955;8,107360724970498;7,844044524144948;67,94999694824219;-16,70345692990457;-3,247865856203269;-3,727865856203269
AMD;2017-06-30;2017-07-03;2017-08-28;56;enter_or_hold;left_top_n;12;25,71383860736658;265,6003220644417;12,149999618530272;12,229999542236328;3227,0438117644835;3248,2918172659433;7,74490514823476;7,795900361438263;14,760000228881836;-17,14092579548131;0,6584356067307784;0,1784356067307784
AMAT;2017-07-28;2017-07-31;2017-08-28;28;enter_or_hold;left_top_n;12;26,4170200252966;79,83124245117051;44,310001373291016;43,630001068115234;3537,3224626428932;3483,0371934135355;8,489573910342942;8,359289264192485;44,459999084472656;-1,866842180496786;-1,5346429341021595;-2,0146429341021594
NFLX;2017-07-28;2017-07-31;2017-08-28;28;enter_or_hold;left_top_n;6;37,93317730399275;194,72213978495628;18,166000366210938;16,711999893188477;3537,3224626428932;3254,196379287621;8,489573910342942;7,810071310290289;18,202999114990234;-8,190953657597632;-8,003965890735786;-8,483965890735787
NOW;2017-07-28;2017-07-31;2017-08-28;28;enter_or_hold;left_top_n;11;26,661037721837545;160,13229688585983;22,09000015258789;22,381999969482425;3537,3224626428932;3584,0810640124655;8,489573910342942;8,601794553629917;22,149999618530277;1,047405665678025;1,3218642592916607;0,8418642592916608
REGN;2017-07-28;2017-07-31;2017-08-28;28;enter_or_hold;left_top_n;15;25,444196653158;7,195237170529855;491,6199951171875;479,2200012207031;3537,3224626428932;3448,1015656445657;8,489573910342942;8,275443757546958;491,6199951171875;-2,522272084057242;-2,522272084057242;-3,002272084057242
ALGN;2017-04-28;2017-05-01;2017-08-28;119;enter_or_hold;rebalance_trim;5;42,84600225548165;0,9881230548762596;133,67999267578125;175,11000061035156;132,092282738629;173,03022874248427;0,3170214785727095;0,4152725489819622;178,4600067138672;-1,8771747044069254;30,991928638904078;30,511928638904077
BBY;2017-04-28;2017-05-01;2017-08-28;119;enter_or_hold;rebalance_trim;14;29,824598255205604;0,6408830921340147;51,459999084472656;62,470001220703125;32,97984333447041;40,03596754793989;0,07915162400272896;0,09608632211505573;62,09999847412109;0,595817641986307;21,395262985056252;20,915262985056252
ISRG;2017-06-30;2017-07-03;2017-08-28;56;enter_or_hold;rebalance_trim;10;27,64378979201605;0,8360616375150445;102,40666961669922;109,55555725097656;85,6182878921997;91,59519859412467;0,20548389094127925;0,2198284766258992;110,73332977294922;-1,0636115832401982;6,980880894804131;6,500880894804132
NVDA;2016-03-25;2016-03-28;2017-08-28;518;enter_or_hold;rebalance_trim;2;52,66070817852124;13,921721221904797;1,4435118601429484;4,1242499351501465;20,096169697423363;57,41665784661927;0,048230807273816054;0,13779997883188624;4,308750152587891;-4,281989228986294;185,70945961896905;185,22945961896906
RCL;2017-04-28;2017-05-01;2017-08-28;119;enter_or_hold;rebalance_trim;15;32,614262159661564;1,8980042003818445;108,47623962119276;120,76000213623048;205,8883584426513;229,20299129268597;0,494132060262363;0,5500871791024463;121,72000122070312;-0,7886946063465516;11,323919927473103;10,843919927473102
TTWO;2017-04-28;2017-05-01;2017-08-28;119;enter_or_hold;rebalance_trim;4;36,87744286676593;7,779977297547873;64,10801460179273;95,80999755859376;498,75889819281497;745,3996058839766;1,1970213556627558;1,7889590541215437;95,25;0,5879239460301999;49,45088871292938;48,97088871292938
BBY;2017-04-28;2017-05-01;2017-10-02;154;enter_or_hold;left_top_n;14;29,824598255205604;57,82172371743607;51,459999084472656;57,41999816894531;2975,5058495618914;3320,123269980441;7,1412140389485375;7,9682958479530575;62,470001220703125;-8,08388498971918;11,581809542377176;11,101809542377175
RCL;2017-04-28;2017-05-01;2017-10-02;154;enter_or_hold;left_top_n;15;32,614262159661564;29,911585684939954;108,47623962119276;119,12000274658205;3244,6963362093857;3563,0681689446715;7,787271206902524;8,55136360546721;124,45999908447266;-4,2905322008449325;9,812068672879981;9,33206867287998
COO;2017-06-30;2017-07-03;2017-10-02;91;enter_or_hold;left_top_n;13;25,06808420959401;58,58427202044029;59,095001220703125;60,13999938964844;3462,037626561923;3523,2580835522767;8,308890303748614;8,455819400525463;63,72499847412109;-5,625734280603445;1,7683359799630871;1,2883359799630871
CSGP;2017-07-28;2017-07-31;2017-10-02;63;enter_or_hold;left_top_n;14;25,593506717806846;128,37315998789742;27,55500030517578;27,16900062561035;3537,3224626428932;3487,770464022763;8,489573910342942;8,37064911365463;28,70199966430664;-5,341087926367383;-1,4008335158425922;-1,8808335158425922
EA;2017-07-28;2017-07-31;2017-10-02;63;enter_or_hold;left_top_n;13;26,20117616371651;30,421561138423666;116,747893372313;117,9499969482422;3551,653176007987;3588,223043437835;8,523967622419168;8,611735304250804;121,97000122070312;-3,295895902457835;1,0296576162583504;0,5496576162583504
PGR;2017-07-28;2017-07-31;2017-10-02;63;enter_or_hold;left_top_n;15;25,47925028505127;76,34647962887905;47,13304694822884;49,02999877929688;3598,442208679953;3743,267803007554;8,636261300831887;8,983842727218128;48,88999938964844;0,2863558834040214;4,024674732256672;3,5446747322566723
PODD;2017-08-25;2017-08-28;2017-10-02;35;enter_or_hold;left_top_n;5;32,15168345566257;62,58797631934164;57,709999084472656;55,66999816894531;3611,9520560882024;3484,2725270957417;8,668684934611685;8,362254065029779;59,459999084472656;-6,374034601216572;-3,534917601612342;-4,014917601612342
SBAC;2017-08-25;2017-08-28;2017-10-02;35;enter_or_hold;left_top_n;9;28,156439298174483;23,706694943678027;152,36000061035156;142,8699951171875;3611,9520560882024;3386,9753908479333;8,668684934611685;8,128740938035039;153,5500030517578;-6,9553941532455426;-6,228672522412227;-6,708672522412227
ALGN;2017-04-28;2017-05-01;2017-10-02;154;enter_or_hold;rebalance_trim;5;42,84600225548165;0,9860390116592859;133,67999267578125;187,22000122070312;131,8136878566479;184,6062249665124;0,3163528508559549;0,44305493991962974;188,77999877929688;-0,8263574365298898;40,050876330292986;39,57087633029299
CBOE;2017-08-25;2017-08-28;2017-10-02;35;enter_or_hold;rebalance_trim;14;25,52600070412556;2,072827763173319;100,1500015258789;108,18000030517578;207,59370364469206;224,23850805266648;0,49822488874726084;0,5381724193263995;107,62999725341795;0,5110127899221606;8,017971699403237;7,537971699403236
ISRG;2017-06-30;2017-07-03;2017-10-02;91;enter_or_hold;rebalance_trim;10;27,64378979201605;1,762310457574024;102,40666961669922;117,83110809326172;180,4723447908371;207,65499402029036;0,433133627498009;0,49837198564869684;116,26333618164062;1,3484663034025957;15,06194717033087;14,581947170330869
NVDA;2016-03-25;2016-03-28;2017-10-02;553;enter_or_hold;rebalance_trim;2;52,66070817852124;54,078228534238676;1,4435118601429484;4,474999904632568;78,06256426469436;242,0000675334163;0,1873501542352664;0,5808001620801991;4,68874979019165;-4,55878208741749;210,00783770418187;209,52783770418188
TPL;2017-08-25;2017-08-28;2017-10-02;35;enter_or_hold;rebalance_trim;7;30,301582131870465;4,328766465359743;42,4900016784668;45,58000183105469;183,92929437882626;197,3051834173052;0,44143030650918297;0,4735324402015324;45,48444366455078;0,21008977752625668;7,2722994363962234;6,792299436396224
TTWO;2017-04-28;2017-05-01;2017-10-02;154;enter_or_hold;rebalance_trim;4;36,87744286676593;1,0851595283033155;64,10801460179273;100,43000030517578;69,56742288574348;108,98257175866638;0,1669618149257843;0,2615581722207993;102,95999908447266;-2,457263793506015;56,65748023706123;56,17748023706123
XYZ;2017-02-24;2017-02-27;2017-10-02;217;enter_or_hold;rebalance_trim;4;44,73563875655256;19,878650354477323;18,283573106480656;29,38999938964844;363,45275701425385;584,2335217851232;0,872286616834209;1,4021604522842956;28,809999465942383;2,0131896371317293;60,745381761462625;60,26538176146263
TPL;2017-08-25;2017-08-28;2017-10-30;63;enter_or_hold;left_top_n;7;30,301582131870465;80,67833905138768;42,4900016784668;43,96444320678711;3428,022761709376;3546,978255242648;8,227254628102502;8,512747812582354;47,27999877929688;-7,012596569612429;3,470090539129189;2,990090539129189
BLDR;2017-09-29;2017-10-02;2017-10-30;28;enter_or_hold;left_top_n;9;30,717528099407776;207,27705831079476;17,739999771118164;17,790000915527344;3677,0949669915453;3687,4590571168533;8,825027920779709;8,849901737080447;18,059999465942383;-1,4950086290102194;0,2818553836205995;-0,1981446163794005
CNC;2017-09-29;2017-10-02;2017-10-30;28;enter_or_hold;left_top_n;7;34,44047633626583;75,84766917722469;48,47999954223633;46,90499877929688;3677,0949669915453;3557,634830170238;8,825027920779709;8,53832359240857;49,005001068115234;-4,285281589728818;-3,2487639806334734;-3,7287639806334734
URI;2017-09-29;2017-10-02;2017-10-30;28;enter_or_hold;left_top_n;15;24,568644892784143;26,415912698322654;139,1999969482422;143,58999633789062;3677,0949669915453;3793,0608076141884;8,825027920779709;9,103345938274051;145,94000244140625;-1,6102549432662427;3,1537352628540294;2,6737352628540294
ALGN;2017-04-28;2017-05-01;2017-10-30;182;enter_or_hold;rebalance_trim;5;42,84600225548165;2,89407441112265;133,67999267578125;235,57000732421875;386,87984608204175;681,7571302249967;0,9285116305969;1,6362171125399918;235,94000244140625;-0,15681745925191226;76,21934487650289;75,73934487650288
AMAT;2017-09-29;2017-10-02;2017-10-30;28;enter_or_hold;rebalance_trim;6;34,83264640286896;0,028033818703527655;52,08000183105469;55,900001525878906;1,4600013294111753;1,5670905083034086;0,003504003190586821;0,0037610172199281804;56,68999862670898;-1,393538754572965;7,334868587785648;6,8548685877856474
FSLR;2017-07-28;2017-07-31;2017-10-30;91;enter_or_hold;rebalance_trim;6;31,564085750668937;9,931577677256056;49,25029709997559;60,43000030517578;489,13315127634615;600,1652420674604;1,1739195630632304;1,440396580961905;57,66999816894531;4,785854385056498;22,69976804912661;22,21976804912661
NVDA;2016-03-25;2016-03-28;2017-10-30;581;enter_or_hold;rebalance_trim;2;52,66070817852124;47,56400107447638;1,4435118601429484;5,0960001945495605;68,65919966685861;242,38615872908713;0,16478207920046065;0,581726780949809;5,046500205993652;0,9808775693126437;253,02794076419386;252,54794076419387
ON;2017-09-29;2017-10-02;2017-10-30;28;enter_or_hold;rebalance_trim;13;28,25018248502309;7,467230832352103;18,790000915527344;20,959999084472656;140,30927417635004;156,51315140964607;0,3367422580232401;0,3756315633831505;20,75;1,0120437805911209;11,5486858074185;11,0686858074185
TTD;2017-09-29;2017-10-02;2017-10-30;28;enter_or_hold;rebalance_trim;3;51,43718865024483;2,85356545838798;5,955999851226807;6,420000076293945;16,995835445624763;18,3198904605606;0,04079000506949943;0,043967737105345434;6,651000022888184;-3,473161115611112;7,7904673716800765;7,310467371680076
TTWO;2017-04-28;2017-05-01;2017-10-30;182;enter_or_hold;rebalance_trim;4;36,87744286676593;0,6551354515487908;64,10801460179273;109,70999908447266;41,99943309404197;71,87490978962342;0,10079863942570068;0,17249978349509618;107,83999633789062;1,7340530508948016;71,1330475072998;70,6530475072998
XYZ;2017-02-24;2017-02-27;2017-10-30;245;enter_or_hold;rebalance_trim;4;44,73563875655256;14,765126496498661;18,283573106480656;35,75;269,9592697251679;527,8532722498271;0,6479022473404028;1,266847853399585;35,20000076293945;1,5624977986921529;95,53070831285339;95,05070831285339
TTD;2017-09-29;2017-10-02;2017-11-13;42;enter_or_hold;stop_loss;3;51,43718865024483;614,5230394510537;5,955999851226807;4,840499877929688;3660,0991315459205;2974,5986974478064;8,784237915710209;7,139036873874735;6,651000022888184;-27,22147254139219;-18,729012779732514;-19,209012779732515
ALB;2017-09-29;2017-10-02;2017-11-27;56;enter_or_hold;left_top_n;8;32,79277725014658;26,91476429813565;136,6199951171875;136,22999572753906;3677,0949669915453;3666,5982253427405;8,825027920779709;8,799835740822576;144,5800018310547;-5,7753534359978875;-0,2854628923928071;-0,7654628923928071
DELL;2017-09-29;2017-10-02;2017-11-27;56;enter_or_hold;left_top_n;14;24,647083171558727;168,1083463845617;21,873363494873047;22,987518310546875;3677,0949669915453;3864,393690670869;8,825027920779709;9,274544857610085;23,54038619995117;-2,3485931144385352;5,093660222557794;4,613660222557794
NFLX;2017-10-27;2017-10-30;2017-11-27;28;enter_or_hold;left_top_n;15;30,01792219397545;198,8679500673148;19,83699989318848;19,5049991607666;3944,943504243936;3878,9191991663497;9,467864410185445;9,309406077999238;20,01300048828125;-2,5383566437831906;-1,6736438685765131;-2,153643868576513
ADBE;2017-10-27;2017-10-30;2017-11-27;28;enter_or_hold;rebalance_trim;11;34,545748293496615;0,5401204790586038;176,02999877929688;185,0;95,07740726935927;99,9222886258417;0,22818577744646223;0,23981349270202007;184,4600067138672;0,2927427444857633;5,095723048859169;4,615723048859168
ALGN;2017-04-28;2017-05-01;2017-11-27;210;enter_or_hold;rebalance_trim;5;42,84600225548165;1,329422848129359;133,67999267578125;262,4200134277344;177,71723660094895;348,8671616572433;0,42652136784227734;0,8372811879773838;256,42999267578125;2,3359282935076386;96,30462881920616;95,82462881920615
CBOE;2017-08-25;2017-08-28;2017-11-27;91;enter_or_hold;rebalance_trim;14;25,52600070412556;0,4154604130975396;100,1500015258789;120,5;41,608361005660875;50,06297977825352;0,09986006641358608;0,12015115146780844;120,12999725341795;0,30800196041087524;20,31951888574124;19,83951888574124
DHI;2017-10-27;2017-10-30;2017-11-27;28;enter_or_hold;rebalance_trim;13;32,642365511897275;7,242702146564059;44,310001373291016;49,470001220703125;320,92414206059124;358,29648403171313;0,7702179409454188;0,8599115616761115;50,0;-1,0599975585937504;11,64522610582095;11,165226105820949
IBKR;2017-10-27;2017-10-30;2017-11-27;28;enter_or_hold;rebalance_trim;8;38,50160597727543;5,48435084053603;13,295000076293944;13,892499923706056;72,91444484334927;76,19134363372405;0,17499466762403823;0,18285922472093769;13,90250015258789;-0,07193115462741373;4,494169567381223;4,014169567381224
ISRG;2017-06-30;2017-07-03;2017-11-27;147;enter_or_hold;rebalance_trim;12;33,99151882635003;1,4008673894255588;102,59612166839725;134,56666564941406;143,72356112679466;188,51005361199668;0,3449365467043072;0,452424128668792;132,8300018310547;1,3074334069258065;31,161552172848573;30,681552172848573
NVDA;2016-03-25;2016-03-28;2017-11-27;609;enter_or_hold;rebalance_trim;2;52,66070817852124;18,40763988814388;1,4435118601429484;5,353499889373779;26,571646495776115;98,54529810481063;0,06377195158986267;0,23650871545154548;5,423999786376953;-1,2997769133443415;270,8663598263496;270,3863598263496
TTWO;2017-04-28;2017-05-01;2017-11-27;210;enter_or_hold;rebalance_trim;4;36,87744286676593;1,6109610600875997;64,10801460179273;117,79000091552734;103,27551516301536;189,75510474259727;0,24786123639123678;0,4554122513822334;119,0199966430664;-1,0334361974717154;83,736778696362;83,25677869636199
XYZ;2017-02-24;2017-02-27;2017-11-27;273;enter_or_hold;rebalance_trim;4;44,73563875655256;11,720407848593977;18,283573106480656;41,02000045776367;214,29093373753773;480,77113531450186;0,5142982409700904;1,1538507247548044;48,86000061035156;-16,04584538406022;124,3543984475553;123,8743984475553
COHR;2017-11-24;2017-11-27;2017-12-04;7;enter_or_hold;stop_loss;8;43,12536950034461;79,56347481683022;50,84999847412109;43,0;4045,8025730315885;3421,2294171236995;9,709926175275811;8,210950601096878;51,0;-15,686274509803921;-15,43755891775721;-15,91755891775721
ISRG;2017-06-30;2017-07-03;2018-01-02;183;enter_or_hold;left_top_n;12;33,99151882635003;30,06721309101518;102,59612166839725;125,08333587646484;3084,77945251542;3760,9073139326924;7,403470686037007;9,026177553438462;134,56666564941406;-7,047309768123478;21,91819129454906;21,43819129454906
AMAT;2017-09-29;2017-10-02;2018-01-02;92;enter_or_hold;left_top_n;12;35,597401849309506;71,0537876819304;52,11263368145076;53,040000915527344;3702,8000091480176;3768,692963701274;8,886720021955242;9,044863112883057;58,79999923706055;-9,795915639915155;1,7795439772729793;1,2995439772729793
ON;2017-09-29;2017-10-02;2018-01-02;92;enter_or_hold;left_top_n;10;36,35378697582754;191,65336125322884;18,83147753503615;21,809999465942383;3609,115966954347;4179,959706578983;8,661878320690434;10,031903295789558;21,940000534057617;-0,5925299222916292;15,816719242367805;15,336719242367804
ADBE;2017-10-27;2017-10-30;2018-01-02;64;enter_or_hold;left_top_n;11;34,545748293496615;21,870511410963918;176,02999877929688;177,6999969482422;3849,8660969745765;3886,389810984784;9,239678632738983;9,32733554636348;185,3999938964844;-4,153180799208334;0,9487008921923223;0,46870089219232236
TER;2017-10-27;2017-10-30;2018-01-02;64;enter_or_hold;left_top_n;10;35,225189583692405;92,40908013934167;42,68999862670898;44,18000030517578;3944,943504243936;4082,633188757128;9,467864410185445;9,798319653017106;44,43000030517578;-0,562682868068487;3,490282797841515;3,010282797841515
TDY;2017-11-24;2017-11-27;2018-01-02;36;enter_or_hold;left_top_n;15;32,59163775344689;22,011983165703736;183,8000030517578;184,33999633789065;4045,8025730315885;4057,6888961555373;9,709926175275811;9,73845335077329;186,2400054931641;-1,020193889192711;0,2937939484042307;-0,1862060515957693
CAT;2017-10-27;2017-10-30;2018-01-02;64;enter_or_hold;rebalance_trim;14;32,3385619561106;3,536531887518687;136,49000549316406;157,0399932861328;482,70125675417546;555,3769438721292;1,158483016210021;1,33290466529311;158,4199981689453;-0,8711052258319141;15,056038512649895;14,576038512649895
CBOE;2017-08-25;2017-08-28;2018-01-02;127;enter_or_hold;rebalance_trim;14;25,52600070412556;1,124842266261512;100,1500015258789;122,75;112,65295468246353;138,0743881836006;0,27036709123791247;0,3313785316406414;127,62000274658205;-3,8160183684155857;22,56614890642934;22,08614890642934
DHI;2017-10-27;2017-10-30;2018-01-02;64;enter_or_hold;rebalance_trim;13;32,642365511897275;3,7714162238476887;44,310001373291016;51,060001373291016;167,1114580579431;192,568517568915;0,40106749933906344;0,462164442165396;51,45000076293945;-0,758016295170516;15,233581112161133;14,753581112161132
FSLR;2017-07-28;2017-07-31;2018-01-02;155;enter_or_hold;rebalance_trim;5;50,85630131758989;9,06537326396766;49,31439962966693;70,43000030517578;447,05343993139917;638,4742417477746;1,072928255835358;1,532338180194659;70,62999725341797;-0,2831614838162966;42,81832656197637;42,33832656197637
IBKR;2017-10-27;2017-10-30;2018-01-02;64;enter_or_hold;rebalance_trim;8;38,50160597727543;23,619826400371913;13,295000076293944;14,885000228881836;314,0255937949942;351,58112137568514;0,7536614251079862;0,8437946913016443;15,470000267028809;-3,781512786355812;11,959384305856391;11,47938430585639
DHI;2017-10-27;2017-10-30;2018-01-29;91;enter_or_hold;left_top_n;13;32,642365511897275;78,01642511817074;44,310001373291016;48,31999969482422;3456,9079041254013;3769,7536379012868;8,296578969900963;9,047408730963088;52,869998931884766;-8,606013483984654;9,049871806030518;8,569871806030518
BLDR;2017-12-29;2018-01-02;2018-01-29;27;enter_or_hold;left_top_n;7;37,501371749497615;181,05811982026464;22,0;21,739999771118164;3983,278636045822;3936,2034834516385;9,559868726509972;9,446888360283932;23,030000686645508;-5,601393300328395;-1,1818192221901613;-1,6618192221901613
CF;2017-12-29;2018-01-02;2018-01-29;27;enter_or_hold;left_top_n;13;31,635388752726733;92,33376662962172;43,13999938964844;42,09999847412109;3983,278636045822;3887,251434216927;9,559868726509972;9,329403442120624;43,720001220703125;-3,705404165942483;-2,4107578355156423;-2,8907578355156422
ALGN;2017-04-28;2017-05-01;2018-01-29;273;enter_or_hold;rebalance_trim;5;38,66159243497951;2,3525169417900265;145,55278745058706;276,7699890136719;342,4153984022688;651,1060881337025;0,8217969561654449;1,562654611520886;283,9700012207031;-2,535483387710158;90,15093689472009;89,67093689472009
IBKR;2017-10-27;2017-10-30;2018-01-29;91;enter_or_hold;rebalance_trim;8;38,50160597727543;1,2677306250822908;13,295000076293944;15,982500076293944;16,85447875718922;20,261504812097883;0,04045074901725414;0,048627611549034916;16,274999618530273;-1,7972322524868023;20,214366187120447;19,734366187120447
NVDA;2016-03-25;2016-03-28;2018-01-29;672;enter_or_hold;rebalance_trim;2;52,66070817852124;65,96885431913991;1,4435118601429484;6,171249866485596;95,22682360972087;407,1102834091999;0,22854437666333002;0,9770646801820797;6,083250045776367;1,4465922006662746;327,5163950419131;327,03639504191307
PODD;2017-11-24;2017-11-27;2018-01-29;63;enter_or_hold;rebalance_trim;12;32,53399251864315;3,1940878316535253;71,06039327303931;78,05999755859375;226,9731374659289;249,3304883408082;0,5447355299182293;0,5983931720179396;78,12000274658203;-0,07681155386404237;9,850218895720818;9,370218895720818
TKO;2017-12-29;2018-01-02;2018-01-29;27;enter_or_hold;rebalance_trim;10;35,549645395692295;2,4519088339624218;31,40999984741211;34,22999954223633;77,01445610062807;83,9288382641389;0,18483469464150734;0,20142921183393336;34,349998474121094;-0,3493418841784557;8,978031545761244;8,498031545761243
TPL;2017-12-29;2018-01-02;2018-01-29;27;enter_or_hold;rebalance_trim;15;30,479775162000443;8,271763687335802;51,176666259765625;61,1966667175293;423,3212896064327;506,20436554005033;1,0159710950554384;1,2148904772961207;62,21555709838867;-1,6376778226836142;19,57923637875032;19,09923637875032
XYZ;2017-02-24;2017-02-27;2018-01-29;336;enter_or_hold;rebalance_trim;4;38,82201816899856;16,42265681756898;20,14985646827068;45,43000030517578;330,9141777016821;746,081304233956;0,7941940264840367;1,7905951301614942;48,86000061035156;-7,020057843489047;125,46066457948677;124,98066457948677
ON;2018-01-26;2018-01-29;2018-02-08;10;enter_or_hold;stop_loss;9;44,777174068385776;167,4519591887555;25,420000076293945;20,809999465942383;4256,628815353735;3484,6751812890075;10,215909156848964;8,363220435093616;25,420000076293945;-18,135328861193567;-18,135328861193567;-18,615328861193568
TTWO;2017-04-28;2017-05-01;2018-02-26;301;enter_or_hold;left_top_n;11;34,981578819723104;35,287727967456256;65,40456193746667;114,58000183105467;2307,9783894799675;4043,267935124897;5,539148134751921;9,703843044299752;126,66999816894533;-9,544482918335328;75,18655952562554;74,70655952562554
FSLR;2017-07-28;2017-07-31;2018-02-26;210;enter_or_hold;left_top_n;5;52,29429637887648;62,276940898036656;51,061851323948204;65,0999984741211;3179,9758970458565;4054,2287574351158;7,631942152910054;9,730149017844276;76,2699966430664;-14,64533717133808;27,49243669429773;27,01243669429773
CBOE;2017-08-25;2017-08-28;2018-02-26;182;enter_or_hold;left_top_n;14;25,52600070412556;32,45229143521836;100,1500015258789;111,33000183105467;3250,097036755386;3612,9136649047805;7,800232888212926;8,670992795771472;137,16000366210938;-18,832021829546118;11,16325525196007;10,68325525196007
AMZN;2018-01-26;2018-01-29;2018-02-26;28;enter_or_hold;rebalance_trim;15;39,007611048313386;4,867323639446157;70,88400268554688;76,09750366210938;345,0153819299272;370,39117847742546;0,8280369166318251;0,888938828345821;75,0;1,4633382161458375;7,354975423284782;6,874975423284782
IBKR;2017-10-27;2017-10-30;2018-02-26;119;enter_or_hold;rebalance_trim;8;38,50160597727543;26,391269151750436;13,295000076293944;17,5;350,87192538601596;461,84721015563264;0,8420926209264383;1,1084333043735182;17,3075008392334;1,1122296774947138;31,628430985900557;31,148430985900557
NFLX;2018-01-26;2018-01-29;2018-02-26;28;enter_or_hold;rebalance_trim;3;58,61212881760134;6,8145335332112875;28,458999633789062;29,416000366210938;193,9348073261033;200,45632090849995;0,46544353758264795;0,4810951701803998;28,593000411987305;2,8783266616489778;3,3627349686797814;2,8827349686797814
NVDA;2016-03-25;2016-03-28;2018-02-26;700;enter_or_hold;rebalance_trim;2;52,66070817852124;8,597976774996168;1,4435118601429484;6,164500236511231;12,411281447940592;53,00222986298195;0,029787075475057413;0,12720535167115665;6,227000236511231;-1,0036935542982461;327,04881107805875;326,56881107805873
TKO;2017-12-29;2018-01-02;2018-02-26;55;enter_or_hold;rebalance_trim;10;35,549645395692295;14,66382255586487;31,40999984741211;38,27999877929688;460,5906642421938;561,3311095383333;1,105417594181265;1,3471946628919997;37,0;3,4594561602618423;21,872011987452456;21,392011987452456
URI;2017-12-29;2018-01-02;2018-02-26;55;enter_or_hold;rebalance_trim;13;40,52168712728943;0,3382111285568256;173,76653504421503;180,6300048828125;58,76977592271316;61,09107780264094;0,14104746221451156;0,14661858672633823;187,1199951171875;-3,4683574196923805;3,949822580539486;3,469822580539486
XYZ;2017-02-24;2017-02-27;2018-02-26;364;enter_or_hold;rebalance_trim;4;38,82201816899856;3,4931574718514593;20,14985646827068;46,54999923706055;70,3866216788742;162,60647764961777;0,16892789202929806;0,3902555463590826;48,86000061035156;-4,727796447881372;131,0190115267635;130,53901152676352
FCX;2017-12-29;2018-01-02;2018-03-28;85;enter_or_hold;stop_loss;10;34,965411108624565;215,00624882721948;19,754902912133705;16,75;4247,427571083782;3601,3546678559264;10,193826170601076;8,643251202854223;19,989999771118164;-16,20810309262415;-15,210922197385523;-15,690922197385524
ALGN;2017-04-28;2017-05-01;2018-04-02;336;enter_or_hold;left_top_n;6;43,30328063076387;15,751640778518718;148,40140925745374;242,69000244140625;2337,5656896493533;3822,7657389948617;5,610157655158446;9,174637773587667;283,9700012207031;-14,536746347095242;63,53618449834006;63,056184498340066
CAT;2017-10-27;2017-10-30;2018-04-02;154;enter_or_hold;left_top_n;12;40,9816461113647;26,18174909222242;137,3026273902058;143,88999938964844;3594,822940033274;3767,291860899813;8,627575056079857;9,041500466159551;170,88999938964844;-15,799637249946363;4,797702800487369;4,317702800487369
URI;2017-12-29;2018-01-02;2018-04-02;90;enter_or_hold;left_top_n;13;40,52168712728943;23,24813999108524;173,76653504421503;166,60000610351562;4039,7487324737303;3873,1402644101863;9,69539695793695;9,295536634584446;189,3999938964844;-12,038008726351912;-4,124228487882253;-4,604228487882253
TROW;2018-01-26;2018-01-29;2018-04-02;63;enter_or_hold;left_top_n;10;42,52188564170365;36,21121824624303;117,5500030517578;104,66999816894533;4256,628815353735;3790,228147529537;10,215909156848964;9,096547554070888;117,5999984741211;-10,994898361347449;-10,957043426992808;-11,437043426992808
CF;2018-02-23;2018-02-26;2018-04-02;35;enter_or_hold;left_top_n;14;32,06234917661534;98,40807048088189;42,66999816894531;36,619998931884766;4199,072187228671;3603,7034358987357;10,07777324934881;8,648888246156964;44,560001373291016;-17,818676383985565;-14,178578618884641;-14,658578618884642
ADBE;2018-02-23;2018-02-26;2018-04-02;35;enter_or_hold;rebalance_trim;11;33,1772005332021;8,099686146712612;212,1499938964844;212,27999877929688;1718,3483665885199;1719,401365336841;4,124036079812448;4,126563276808418;229,75;-7,603917832732588;0,0612797014153621;-0,4187202985846379
AMZN;2018-01-26;2018-01-29;2018-04-02;63;enter_or_hold;rebalance_trim;15;39,007611048313386;18,998726234897088;70,88400268554688;68,59950256347656;1346,7057614564148;1303,3031690536122;3,232093827495395;3,127927605728669;79,91950225830078;-14,164251997263255;-3,222871219906598;-3,702871219906598
GWW;2018-01-26;2018-01-29;2018-04-02;63;enter_or_hold;rebalance_trim;14;40,4204086178227;6,535143142730352;274,4800109863281;276,6400146484375;1793,7661616138537;1807,8820947345603;4,305038787873249;4,338917027362944;288,75;-4,193934320887449;0,7869438850383048;0,30694388503830483
IBKR;2017-10-27;2017-10-30;2018-04-02;154;enter_or_hold;rebalance_trim;8;38,50160597727543;86,71207952060567;13,295000076293944;16,197500228881836;1152,8371038420587;1404,5189278818302;2,766809049220941;3,370845426916392;18,440000534057617;-12,161064209483142;21,83151662979892;21,35151662979892
NFLX;2018-01-26;2018-01-29;2018-04-02;63;enter_or_hold;rebalance_trim;3;58,61212881760134;54,1961862391791;28,458999633789062;28,02899932861328;1542,369244333562;1519,0648677113513;3,701686186400549;3,645755682507243;33,14400100708008;-15,432662089812732;-1,5109466625989443;-1,9909466625989443
NOW;2018-02-23;2018-02-26;2018-04-02;35;enter_or_hold;rebalance_trim;9;39,568358253190894;53,96260011340679;32,11399841308594;32,32400131225586;1732,9548544079369;1744,2871568784994;4,1590916505790485;4,1862891765083985;35,06800079345703;-7,824795879761548;0,6539294686031649;0,17392946860316494
ON;2018-02-23;2018-02-26;2018-04-02;35;enter_or_hold;rebalance_trim;15;32,020061574008274;66,08999418499148;24,3700008392334;23,3700008392334;1610,6132137531729;1544,5232195681813;3,8654717130076146;3,7068557269636346;26,799999237060547;-12,798501848776;-4,103405685526673;-4,583405685526673
PODD;2017-11-24;2017-11-27;2018-04-02;126;enter_or_hold;rebalance_trim;12;32,551020076411994;25,47254633440024;71,07517693369743;85,0;1810,4657376693028;2165,1664384240203;4,345117770406326;5,196399452217648;87,19999694824219;-2,522932368389874;19,591682591648496;19,111682591648496
TKO;2017-12-29;2018-01-02;2018-04-02;90;enter_or_hold;rebalance_trim;10;35,549645395692295;38,65684156807712;31,40999984741211;34,939998626708984;1214,2113877547363;1350,6699913015213;2,9141073306113667;3,241607979123651;38,5;-9,246756813742895;11,238455257705816;10,758455257705815
XYZ;2017-02-24;2017-02-27;2018-04-02;399;enter_or_hold;rebalance_trim;4;38,82201816899856;38,15029158975365;20,14985646827068;47,68000030517578;768,7228997562104;1819,005914641999;1,8449349594149043;4,365614195140797;57,68999862670898;-17,351358224679913;136,62699722082846;136,14699722082847
NVDA;2016-03-25;2016-03-28;2018-04-30;763;enter_or_hold;left_top_n;2;52,66070817852124;681,2087726486349;1,4435118601429484;5,622499942779541;983,3329425517261;3830,0962852378707;2,359999062124142;9,192231084570889;6,26200008392334;-10,212394324069251;289,5014719326764;289,0214719326764
ON;2018-02-23;2018-02-26;2018-04-30;63;enter_or_hold;left_top_n;15;32,020061574008274;106,21497268511884;24,3700008392334;22,07999992370605;2588,458973475498;2345,2265887838644;6,2123015363411955;5,628543813081274;26,799999237060547;-17,611938237772094;-9,396802776636193;-9,876802776636193
BR;2018-03-30;2018-04-02;2018-04-30;28;enter_or_hold;left_top_n;11;30,189905298233487;23,07630662861526;107,51000213623048;107,20999908447266;2480,9337749387364;2474,0108125268525;5,954241059852967;5,9376259500644455;112,12000274658205;-4,379239691250425;-0,279046642913916;-0,759046642913916
AMZN;2018-01-26;2018-01-29;2018-04-30;91;enter_or_hold;rebalance_trim;15;39,007611048313386;3,464461190454722;70,88400268554688;78,30650329589844;245,57487632816537;271,2898416288549;0,5893797031875969;0,6510956199092517;79,91950225830078;-2,0182795398163367;10,471333910528436;9,991333910528436
AXON;2018-03-30;2018-04-02;2018-04-30;28;enter_or_hold;rebalance_trim;1;51,60159194939568;1,8064928551502983;39,47999954223633;41,97999954223633;71,32033709438699;75,83656923226272;0,17116880902652873;0,1820077661574305;43,09999847412109;-2,598605502404483;6,332320235529543;5,852320235529543
IBKR;2017-10-27;2017-10-30;2018-04-30;182;enter_or_hold;rebalance_trim;8;38,50160597727543;15,124705167547102;13,295000076293944;18,549999237060547;201,0829563564621;280,56326931876447;0,4825990952555091;0,6733518463650346;18,600000381469727;-0,26882335152527137;39,52613110651042;39,04613110651042
LULU;2018-03-30;2018-04-02;2018-04-30;28;enter_or_hold;rebalance_trim;6;36,39424937015752;2,7549310101937112;87,2699966430664;99,8000030517578;240,42282001148473;274,9421232247146;0,5770147680275632;0,659861095739315;99,16999816894533;0,6352776993493459;14,357748241860268;13,877748241860267
NFLX;2018-01-26;2018-01-29;2018-04-30;91;enter_or_hold;rebalance_trim;3;58,61212881760134;6,559023463097931;28,458999633789062;31,246000289916992;186,66324633431788;204,9432490295303;0,44799179120236293;0,4918637976708727;33,60599899291992;-7,022551847067938;9,793038026603561;9,31303802660356
TKO;2017-12-29;2018-01-02;2018-04-30;118;enter_or_hold;rebalance_trim;10;35,549645395692295;6,6500392840132605;31,40999984741211;39,790000915527344;208,87773289614108;264,60506919918043;0,5013065589507385;0,6350521660780329;40,310001373291016;-1,290003572434062;26,67940499466659;26,19940499466659
TPL;2017-12-29;2018-01-02;2018-04-30;118;enter_or_hold;rebalance_trim;8;41,02532102019947;28,71609227388999;51,34139540697885;60,54222106933594;1474,3242479770763;1738,5360066932976;3,5383781951449826;4,172486416063914;62,21555709838867;-2,6895781490897774;17,92087182170046;17,44087182170046
XYZ;2017-02-24;2017-02-27;2018-05-29;456;enter_or_hold;market_filter_failed;9;36,351809197546594;54,118061081938734;21,18362881555094;56,91999816894531;1146,4169181771038;3080,399937690823;2,751400603625048;7,392959850457975;57,68999862670898;-1,3347208807302224;168,698052937749;168,218052937749
IBKR;2017-10-27;2017-10-30;2018-05-29;211;enter_or_hold;market_filter_failed;8;38,50160597727543;138,12388046076356;13,295000076293944;18,51749992370605;1836,3570012638666;2557,7089458941728;4,407256803033281;6,138501470146014;19,924999237060547;-7,063986786692289;39,281683470797766;38,80168347079777
PODD;2017-11-24;2017-11-27;2018-05-29;183;enter_or_hold;market_filter_failed;8;36,57585426022194;29,79010488228768;71,36938092636711;94,20999908447266;2126,101343180418;2806,5257536866666;5,102643223633002;6,735661808848;93,1500015258789;1,1379469041653767;32,003385571847055;31,523385571847054
TKO;2017-12-29;2018-01-02;2018-05-29;147;enter_or_hold;market_filter_failed;10;35,549645395692295;64,39300875128036;31,40999984741211;59,18999862670898;2022,584395052123;3811,422099557944;4,854202548125094;9,147413038939066;58,77999877929688;0,6975159168538525;88,44316750796062;87,96316750796062
TPL;2017-12-29;2018-01-02;2018-05-29;147;enter_or_hold;market_filter_failed;8;41,02532102019947;42,32084373370859;51,34139540697885;75,44444274902344;2172,8111720892957;3192,8724721581452;5,21474681301431;7,662893933179548;78,00555419921875;-3,2832424261155513;46,94661520393397;46,466615203933976
AMZN;2018-01-26;2018-01-29;2018-05-29;120;enter_or_hold;market_filter_failed;15;39,007611048313386;32,72011607369537;70,88400268554688;80,64350128173828;2319,3327956392277;2638,664722527678;5,566398709534146;6,332795334066426;80,50749969482422;0,16893033249025802;13,768266782966743;13,288266782966742
GWW;2018-01-26;2018-01-29;2018-05-29;120;enter_or_hold;market_filter_failed;12;33,270734458632134;9,10591421467443;274,5804164436221;302,9200134277344;2500,3057171652026;2758,3636561809753;6,000733721196486;6,62007277483434;313,8999938964844;-3,4979231227289853;10,321055431107595;9,841055431107595
NFLX;2018-01-26;2018-01-29;2018-05-29;120;enter_or_hold;market_filter_failed;3;58,61212881760134;82,00082741450339;28,458999633789062;34,972999572753906;2333,6615173597515;2867,814902132894;5,600787641663405;6,8827557651189455;35,12900161743164;-0,4440833428079105;22,889068564556435;22,409068564556435
ADBE;2018-02-23;2018-02-26;2018-05-29;92;enter_or_hold;market_filter_failed;11;33,1772005332021;11,693254263540473;212,1499938964844;242,19000244140625;2480,7238206401516;2831,989278634851;5,953737169536363;6,796774268723642;245,1499938964844;-1,2074205705785213;14,159797034724143;13,679797034724142
NOW;2018-02-23;2018-02-26;2018-05-29;92;enter_or_hold;market_filter_failed;9;39,568358253190894;76,79259683265822;32,11399841308594;35,2599983215332;2466,117332820734;2707,706835425705;5,918681598769762;6,498496405021691;36,007999420166016;-2,077319236496933;9,796350700339197;9,316350700339196
AXON;2018-03-30;2018-04-02;2018-05-29;57;enter_or_hold;market_filter_failed;1;51,60159194939568;61,03377572906268;39,47999954223633;63,970001220703125;2409,6134378443494;3904,3307078922608;5,783072250826438;9,370393698941426;63,0099983215332;1,523572329380385;62,03141327868307;61,55141327868307
FSLR;2018-03-30;2018-04-02;2018-05-29;57;enter_or_hold;market_filter_failed;7;39,79506445353418;36,129585214585354;69,40582258502225;69,20999908447266;2507,603581473954;2500,528559623829;6,0182485955374885;6,001268543097189;77,94999694824219;-11,212313285365205;-0,28214275583249293;-0,7621427558324929
FTNT;2018-03-30;2018-04-02;2018-05-29;57;enter_or_hold;market_filter_failed;15;28,71476930423995;236,5948655825035;10,486000061035156;11,986000061035156;2480,9337749387364;2835,8260733124916;5,954241059852967;6,8059825759499795;12,128000259399414;-1,1708459377233749;14,304787252232032;13,824787252232031
LULU;2018-03-30;2018-04-02;2018-05-29;57;enter_or_hold;market_filter_failed;6;36,39424937015752;25,673324637457288;87,2699966430664;105,68000030517578;2240,5109549272515;2713,156955521363;5,377226291825403;6,511576693251271;106,41000366210938;-0,6860288805661696;21,095455907264604;20,615455907264604
CVNA;2018-04-27;2018-04-30;2018-05-29;29;enter_or_hold;market_filter_failed;2;51,36796917630031;488,7350189886655;5,242000102996826;5,421999931335449;2561,9490198767403;2649,9212393977737;6,148677647704176;6,359810974554656;5,5;-1,418183066628198;3,4338005494451984;2,9538005494451984
MPC;2018-04-27;2018-04-30;2018-05-29;29;enter_or_hold;market_filter_failed;13;32,99997224883915;34,2003590259149;74,91000366210938;77,61000061035156;2561,9490198767403;2654,289884875498;6,148677647704176;6,370295723701195;80,70999908447266;-3,8409100598261414;3,604320940125505;3,124320940125505
PTC;2018-04-27;2018-04-30;2018-05-29;29;enter_or_hold;market_filter_failed;15;30,100671670085923;31,110492621099997;82,3499984741211;84,97000122070312;2561,9490198767403;2643,458595991542;6,148677647704176;6,3443006303797;88,05000305175781;-3,498014451225162;3,1815455921415436;2,7015455921415437
VLO;2018-04-27;2018-04-30;2018-05-29;29;enter_or_hold;market_filter_failed;10;35,98122776940769;23,095186269076432;110,93000030517578;119,47000122070312;2561,9490198767403;2759,1819317589275;6,148677647704176;6,622036636221425;122,05999755859376;-2,1219043009134353;7,698549438414526;7,2185494384145255
GWW;2018-08-31;2018-09-04;2018-10-01;27;enter_or_hold;left_top_n;15;33,533704211650075;12,353498601478373;355,8699951171875;356,0;4396,239486988291;4397,845502126301;10,550974768771898;10,55482920510312;359,3800048828125;-0,9405099996908972;0,03653156618885767;-0,4434684338111423
ALGN;2018-08-31;2018-09-04;2018-10-01;27;enter_or_hold;rebalance_trim;13;40,80658979267533;0,13264544857847166;385,3299865722656;391,5199890136719;51,11226891961463;51,9333445701568;0,12266944540707511;0,12464002696837631;392,9800109863281;-0,3715257600486521;1,606415969976771;1,126415969976771
AMD;2018-08-31;2018-09-04;2018-10-01;27;enter_or_hold;rebalance_trim;5;88,23563290953516;16,159524184554385;28,059999465942383;31,420000076293945;453,4362399884791;507,7322511115726;1,0882469759723497;1,2185574026677741;32,720001220703125;-3,9731084838304453;11,97434310157326;11,494343101573259
FTNT;2018-08-31;2018-09-04;2018-10-01;27;enter_or_hold;rebalance_trim;9;58,49263342991944;16,17000556325749;17,215999603271484;18,45800018310547;278,38280936193866;298,4659656474232;0,6681187424686527;0,7163183175538157;18,45400047302246;0,02167394592220706;7,214222865095632;6,7342228650956315
HCA;2018-08-31;2018-09-04;2018-10-01;27;enter_or_hold;rebalance_trim;14;38,07186658867614;1,3326456523907808;134,02999877929688;140,3000030517578;178,61449516317163;186,97018909733833;0,4286747883916118;0,448728453833612;139,1199951171875;0,8481943473160225;4,678060381680349;4,1980603816803495
LULU;2018-08-31;2018-09-04;2018-10-01;27;enter_or_hold;rebalance_trim;7;69,49944898317611;0,6365607812979844;157,2899932861328;161,63999938964844;100,12464101657542;102,89368430048033;0,240299138439781;0,24694484232115277;162,49000549316406;-0,52311285296337;2,7655962166660775;2,2855962166660775
TKO;2018-08-31;2018-09-04;2018-10-01;27;enter_or_hold;rebalance_trim;3;97,2829481002376;2,677440737093465;88,75;94,22000122070312;237,62286541704503;252,26846951730656;0,5702948770009081;0,6054443268415357;96,7300033569336;-2,5948537673141203;6,163381657130285;5,683381657130285
TPL;2018-08-31;2018-09-04;2018-10-01;27;enter_or_hold;rebalance_trim;11;49,49821262369672;0,33490595796896566;95,21111297607422;96,31444549560548;31,886769000543552;32,256281634955485;0,07652824560130451;0,07741507592389316;96,44444274902344;-0,13478978125909258;1,1588274572617685;0,6788274572617685
VEEV;2018-08-31;2018-09-04;2018-10-01;27;enter_or_hold;rebalance_trim;10;50,32257293815468;0,20316519103739247;104,25;105,1999969482422;21,179971165648166;21,37297747712273;0,050831930797555595;0,05129514594509455;108,87000274658205;-3,3709981682305656;0,9112680558678088;0,4312680558678088
XYZ;2018-08-31;2018-09-04;2018-10-01;27;enter_or_hold;rebalance_trim;6;79,63319304416507;2,79424893982614;91,25;97,27999877929688;254,9752157591353;271,8245334553385;0,6119405178219247;0,6523788802928123;99,01000213623048;-1,7473016055016832;6,608217840325348;6,128217840325348
CVNA;2018-08-31;2018-09-04;2018-10-02;28;enter_or_hold;stop_loss;4;94,711259857629;384,0879569096841;13,171624606811827;10,892000198364258;5059,062384411676;4183,486102849602;12,14174972258802;10,040366646839043;14,163999557495115;-23,100815174760612;-17,30708607705568;-17,78708607705568
DXCM;2018-08-31;2018-09-04;2018-10-09;35;enter_or_hold;stop_loss;6;77,36317912010551;132,0088809972236;36,24469733188893;30,625;4784,621936865713;4042,771980539973;11,48309264847771;9,702652753295935;36,71749877929688;-16,592902517456142;-15,504881391145153;-15,984881391145153
ALGN;2018-08-31;2018-09-04;2018-10-10;36;enter_or_hold;stop_loss;13;40,80658979267533;11,27637964727612;385,3299865722656;316,0299987792969;4345,1272180686765;3563,67424616356;10,428305323364823;8,552818190792543;392,9800109863281;-19,58115172674988;-17,984582100508828;-18,464582100508828
AXON;2018-08-31;2018-09-04;2018-10-10;36;enter_or_hold;stop_loss;9;53,02536345000605;66,04888368684297;69,73558385733931;57,65999984741211;4605,957467027488;3808,378623305106;11,05429792086597;9,140108695932254;73,41000366210938;-21,454846790624316;-17,316244221358602;-17,796244221358602
TTD;2018-08-31;2018-09-04;2018-10-10;36;enter_or_hold;stop_loss;2;100,8530807115906;307,6022206660373;14,660851844107105;11,864999771118164;4509,710584103113;3649,7002777979715;10,823305401847472;8,759280666715132;15,574999809265137;-23,820225255733206;-19,070188435965452;-19,550188435965453
XYZ;2018-08-31;2018-09-04;2018-10-10;36;enter_or_hold;stop_loss;6;79,63319304416507;45,38371804086746;91,25;77,44999694824219;4141,264271229155;3514,9688237650685;9,939034250949973;8,435925177036163;99,01000213623048;-21,775582994456776;-15,123291015624996;-15,603291015624997
AMZN;2018-08-31;2018-09-04;2018-10-11;37;enter_or_hold;stop_loss;15;33,05612474521744;44,05103915046388;101,93798704959346;85,96800231933594;4490,4742584411215;3786,979835856237;10,77713822025869;9,088751606054968;101,97550201416016;-15,697397295089011;-15,66637246082565;-16,14637246082565
AMD;2018-08-31;2018-09-04;2018-10-19;45;enter_or_hold;stop_loss;5;88,23563290953516;140,51330442059916;28,059999465942383;23,65999984741211;3942,803246999812;3324,5447611507475;9,462727792799548;7,978907426761793;32,720001220703125;-27,689489716639827;-15,680683187006972;-16,16068318700697
TPL;2018-08-31;2018-09-04;2018-10-24;50;enter_or_hold;stop_loss;11;49,49821262369672;45,838690270162836;95,21111297607422;78,60221862792969;4364,352717987747;3603,0227542332927;10,474446523170593;8,647254610159901;96,88777923583984;-18,872927785247583;-17,4442812703158;-17,9242812703158
VEEV;2018-08-31;2018-09-04;2018-10-24;50;enter_or_hold;stop_loss;10;50,32257293815468;41,966997753694415;104,25;85,05999755859375;4375,059515822642;3569,7127264707565;10,500142837974343;8,567310543529814;108,87000274658205;-21,870124540559733;-18,40767620278777;-18,88767620278777
TKO;2018-08-31;2018-09-04;2018-10-26;52;enter_or_hold;stop_loss;3;97,2829481002376;46,857652074042214;88,75;69,77999877929688;4158,616621571246;3269,7269045273833;9,98067989177099;7,84734457086572;96,7300033569336;-27,861060314648434;-21,374649262764088;-21,854649262764088
FTNT;2018-08-31;2018-09-04;2018-10-29;55;enter_or_hold;market_filter_failed;9;58,49263342991944;239,18777721415915;17,215999603271484;15,508000373840332;4117,856677626352;3709,3241384552184;9,882856026303244;8,902377932292524;18,45800018310547;-15,982228735511983;-9,920999470205539;-10,400999470205539
HCA;2018-08-31;2018-09-04;2018-10-29;55;enter_or_hold;market_filter_failed;14;38,07186658867614;31,467768635663084;134,02999877929688;129,0;4217,62499182512;4059,342154000538;10,122299980380285;9,74242116960129;140,3000030517578;-8,054171636467567;-3,7528902671853492;-4,232890267185349
LULU;2018-08-31;2018-09-04;2018-10-29;55;enter_or_hold;market_filter_failed;7;69,49944898317611;27,31333860607695;157,2899932861328;135,8800048828125;4296,114845971715;3711,336583159647;10,310675630332117;8,907207799583151;162,49000549316406;-16,376392215379088;-13,611793068343836;-14,091793068343836
TECH;2018-09-28;2018-10-01;2018-10-29;28;enter_or_hold;market_filter_failed;13;35,917725763101885;86,64783273097737;50,95000076293945;44,3650016784668;4414,707143750347;3844,1312445453214;10,595297145000833;9,225914986908771;50,95000076293945;-12,924433730847994;-12,924433730847994;-13,404433730847995
AMD;2018-11-30;2018-12-03;2018-12-07;4;enter_or_hold;stop_loss;3;29,52567627302425;101,28863918330033;23,709999084472656;19,459999084472656;2401,553542303532;1971,0768257745058;5,763728501528477;4,730584381858813;23,709999084472656;-17,924926883625503;-17,924926883625503;-18,404926883625503
CVNA;2018-11-30;2018-12-03;2018-12-07;4;enter_or_hold;stop_loss;14;21,5171019790136;280,16258380941605;8,571999549865723;7,142000198364258;2401,553542303532;2000,9212291410925;5,763728501528477;4,802210949938622;8,571999549865723;-16,682214495961624;-16,682214495961624;-17,162214495961624
ULTA;2018-11-30;2018-12-03;2018-12-07;4;enter_or_hold;stop_loss;15;20,900871702317136;7,835667130489474;306,489990234375;254,47000122070312;2401,553542303532;1993,94222426068;5,763728501528477;4,785461338225631;306,489990234375;-16,972818255464674;-16,972818255464674;-17,452818255464674
MOS;2018-11-30;2018-12-03;2018-12-12;9;enter_or_hold;stop_loss;8;25,25257900664759;65,15337771397358;36,86000061035156;30,90999984741211;2401,553542303532;2013,890895197307;5,763728501528477;4,833338148473536;36,86000061035156;-16,14216132505567;-16,14216132505567;-16,62216132505567
DXCM;2018-11-30;2018-12-03;2018-12-17;14;enter_or_hold;stop_loss;2;36,821540809647416;70,32882661077666;34,147499084472656;28,424999237060547;2401,553542303532;1999,09684275469;5,763728501528477;4,797832422611256;34,147499084472656;-16,758181421298314;-16,758181421298314;-17,238181421298314
HCA;2018-11-30;2018-12-03;2018-12-17;14;enter_or_hold;stop_loss;5;28,94442322266688;16,416389722612568;146,2899932861328;123,12000274658205;2401,553542303532;2021,1859477370206;5,763728501528477;4,850846274568849;146,2899932861328;-15,838397431758654;-15,838397431758654;-16,318397431758655
TTD;2018-11-30;2018-12-03;2018-12-17;14;enter_or_hold;stop_loss;1;64,26502649115598;161,60107209744874;14,861000061035156;12,447999954223633;2401,553542303532;2011,6101380715318;5,763728501528477;4,827864331371676;14,861000061035156;-16,237131396952865;-16,237131396952865;-16,717131396952865
TSCO;2018-11-30;2018-12-03;2018-12-21;18;enter_or_hold;stop_loss;10;23,54575744682912;125,42058974078309;19,14800071716309;16,06599998474121;2401,553542303532;2015,0071928616546;5,763728501528477;4,836017262867971;19,14800071716309;-16,095679010808496;-16,095679010808496;-16,575679010808496
UAL;2018-11-30;2018-12-03;2018-12-21;18;enter_or_hold;stop_loss;7;27,3631702891548;24,896885393917806;96,45999908447266;81,47000122070312;2401,553542303532;2028,3492834341894;5,763728501528477;4,868038280242054;96,45999908447266;-15,540118189968444;-15,540118189968444;-16,020118189968443
VEEV;2018-11-30;2018-12-03;2018-12-21;18;enter_or_hold;stop_loss;13;22,227033988087182;24,282644138029905;98,9000015258789;80,98999786376953;2401,553542303532;1966,6512968657178;5,763728501528477;4,719963112477722;98,9000015258789;-18,10920463678952;-18,10920463678952;-18,58920463678952
DELL;2018-11-30;2018-12-03;2018-12-24;21;enter_or_hold;stop_loss;11;22,730203358981704;81,08885288594985;29,616321563720703;22,59181022644043;2401,553542303532;1831,9439758791252;5,763728501528477;4,396665542109901;29,708932876586918;-23,956170622861272;-23,71837880733012;-24,19837880733012
AES;2018-11-30;2018-12-03;2018-12-31;28;enter_or_hold;market_filter_failed;12;22,64636286229837;153,94573612678806;15,600000381469728;14,460000038146973;2401,553542303532;2226,055350265919;5,763728501528477;5,3425328406382055;15,949999809265137;-9,341691466683555;-7,307694329782777;-7,787694329782777
CHD;2018-11-30;2018-12-03;2018-12-31;28;enter_or_hold;market_filter_failed;9;24,20538007303117;36,16252687656081;66,41000366210938;65,76000213623047;2401,553542303532;2378,0478446541306;5,763728501528477;5,707314827169913;69,18000030517578;-4,943622656632806;-0,9787705014836057;-1,4587705014836057
LLY;2018-11-30;2018-12-03;2018-12-31;28;enter_or_hold;market_filter_failed;4;28,98725798945492;20,262855301422476;118,5199966430664;115,72000122070312;2401,553542303532;2344,8176402155395;5,763728501528477;5,627562336517294;118,5199966430664;-2,362466673700403;-2,362466673700403;-2,842466673700403
TKO;2018-11-30;2018-12-03;2018-12-31;28;enter_or_hold;market_filter_failed;6;27,617100006779683;32,63423918757556;73,58999633789062;74,72000122070312;2401,553542303532;2438,4303919323634;5,763728501528477;5,852232940637672;76,56999969482422;-2,416087869262651;1,5355414309630389;1,0555414309630389
