date;equity;cash;gross_exposure;positions_count
1999-01-04;10000,0;10000,0;0,0;0
1999-01-05;10000,0;10000,0;0,0;0
1999-01-06;10000,0;10000,0;0,0;0
1999-01-07;10000,0;10000,0;0,0;0
1999-01-08;10000,0;10000,0;0,0;0
1999-01-11;10000,0;10000,0;0,0;0
1999-01-12;10000,0;10000,0;0,0;0
1999-01-13;10000,0;10000,0;0,0;0
1999-01-14;10000,0;10000,0;0,0;0
1999-01-15;10000,0;10000,0;0,0;0
1999-01-19;10000,0;10000,0;0,0;0
1999-01-20;10000,0;10000,0;0,0;0
1999-01-21;10000,0;10000,0;0,0;0
1999-01-22;10000,0;10000,0;0,0;0
1999-01-25;10000,0;10000,0;0,0;0
1999-01-26;10000,0;10000,0;0,0;0
1999-01-27;10000,0;10000,0;0,0;0
1999-01-28;10000,0;10000,0;0,0;0
1999-01-29;10000,0;10000,0;0,0;0
1999-02-01;10000,0;10000,0;0,0;0
1999-02-02;10000,0;10000,0;0,0;0
1999-02-03;10000,0;10000,0;0,0;0
1999-02-04;10000,0;10000,0;0,0;0
1999-02-05;10000,0;10000,0;0,0;0
1999-02-08;10000,0;10000,0;0,0;0
1999-02-09;10000,0;10000,0;0,0;0
1999-02-10;10000,0;10000,0;0,0;0
1999-02-11;10000,0;10000,0;0,0;0
1999-02-12;10000,0;10000,0;0,0;0
1999-02-16;10000,0;10000,0;0,0;0
1999-02-17;10000,0;10000,0;0,0;0
1999-02-18;10000,0;10000,0;0,0;0
1999-02-19;10000,0;10000,0;0,0;0
1999-02-22;10000,0;10000,0;0,0;0
1999-02-23;10000,0;10000,0;0,0;0
1999-02-24;10000,0;10000,0;0,0;0
1999-02-25;10000,0;10000,0;0,0;0
1999-02-26;10000,0;10000,0;0,0;0
1999-03-01;10000,0;10000,0;0,0;0
1999-03-02;10000,0;10000,0;0,0;0
1999-03-03;10000,0;10000,0;0,0;0
1999-03-04;10000,0;10000,0;0,0;0
1999-03-05;10000,0;10000,0;0,0;0
1999-03-08;10000,0;10000,0;0,0;0
1999-03-09;10000,0;10000,0;0,0;0
1999-03-10;10000,0;10000,0;0,0;0
1999-03-11;10000,0;10000,0;0,0;0
1999-03-12;10000,0;10000,0;0,0;0
1999-03-15;10000,0;10000,0;0,0;0
1999-03-16;10000,0;10000,0;0,0;0
1999-03-17;10000,0;10000,0;0,0;0
1999-03-18;10000,0;10000,0;0,0;0
1999-03-19;10000,0;10000,0;0,0;0
1999-03-22;10000,0;10000,0;0,0;0
1999-03-23;10000,0;10000,0;0,0;0
1999-03-24;10000,0;10000,0;0,0;0
1999-03-25;10000,0;10000,0;0,0;0
1999-03-26;10000,0;10000,0;0,0;0
1999-03-29;10000,0;10000,0;0,0;0
1999-03-30;10000,0;10000,0;0,0;0
1999-03-31;10000,0;10000,0;0,0;0
1999-04-01;10000,0;10000,0;0,0;0
1999-04-05;10000,0;10000,0;0,0;0
1999-04-06;10000,0;10000,0;0,0;0
1999-04-07;10000,0;10000,0;0,0;0
1999-04-08;10000,0;10000,0;0,0;0
1999-04-09;10000,0;10000,0;0,0;0
1999-04-12;10000,0;10000,0;0,0;0
1999-04-13;10000,0;10000,0;0,0;0
1999-04-14;10000,0;10000,0;0,0;0
1999-04-15;10000,0;10000,0;0,0;0
1999-04-16;10000,0;10000,0;0,0;0
1999-04-19;10000,0;10000,0;0,0;0
1999-04-20;10000,0;10000,0;0,0;0
1999-04-21;10000,0;10000,0;0,0;0
1999-04-22;10000,0;10000,0;0,0;0
1999-04-23;10000,0;10000,0;0,0;0
1999-04-26;10000,0;10000,0;0,0;0
1999-04-27;10000,0;10000,0;0,0;0
1999-04-28;10000,0;10000,0;0,0;0
1999-04-29;10000,0;10000,0;0,0;0
1999-04-30;10000,0;10000,0;0,0;0
1999-05-03;10000,0;10000,0;0,0;0
1999-05-04;10000,0;10000,0;0,0;0
1999-05-05;10000,0;10000,0;0,0;0
1999-05-06;10000,0;10000,0;0,0;0
1999-05-07;10000,0;10000,0;0,0;0
1999-05-10;10000,0;10000,0;0,0;0
1999-05-11;10000,0;10000,0;0,0;0
1999-05-12;10000,0;10000,0;0,0;0
1999-05-13;10000,0;10000,0;0,0;0
1999-05-14;10000,0;10000,0;0,0;0
1999-05-17;10000,0;10000,0;0,0;0
1999-05-18;10000,0;10000,0;0,0;0
1999-05-19;10000,0;10000,0;0,0;0
1999-05-20;10000,0;10000,0;0,0;0
1999-05-21;10000,0;10000,0;0,0;0
1999-05-24;10000,0;10000,0;0,0;0
1999-05-25;10000,0;10000,0;0,0;0
1999-05-26;10000,0;10000,0;0,0;0
1999-05-27;10000,0;10000,0;0,0;0
1999-05-28;10000,0;10000,0;0,0;0
1999-06-01;10000,0;10000,0;0,0;0
1999-06-02;10000,0;10000,0;0,0;0
1999-06-03;10000,0;10000,0;0,0;0
1999-06-04;10000,0;10000,0;0,0;0
1999-06-07;10000,0;10000,0;0,0;0
1999-06-08;10000,0;10000,0;0,0;0
1999-06-09;10000,0;10000,0;0,0;0
1999-06-10;10000,0;10000,0;0,0;0
1999-06-11;10000,0;10000,0;0,0;0
1999-06-14;10000,0;10000,0;0,0;0
1999-06-15;10000,0;10000,0;0,0;0
1999-06-16;10000,0;10000,0;0,0;0
1999-06-17;10000,0;10000,0;0,0;0
1999-06-18;10000,0;10000,0;0,0;0
1999-06-21;10000,0;10000,0;0,0;0
1999-06-22;10000,0;10000,0;0,0;0
1999-06-23;10000,0;10000,0;0,0;0
1999-06-24;10000,0;10000,0;0,0;0
1999-06-25;10000,0;10000,0;0,0;0
1999-06-28;10000,0;10000,0;0,0;0
1999-06-29;10000,0;10000,0;0,0;0
1999-06-30;10000,0;10000,0;0,0;0
1999-07-01;10000,0;10000,0;0,0;0
1999-07-02;10000,0;10000,0;0,0;0
1999-07-06;10000,0;10000,0;0,0;0
1999-07-07;10000,0;10000,0;0,0;0
1999-07-08;10000,0;10000,0;0,0;0
1999-07-09;10000,0;10000,0;0,0;0
1999-07-12;10000,0;10000,0;0,0;0
1999-07-13;10000,0;10000,0;0,0;0
1999-07-14;10000,0;10000,0;0,0;0
1999-07-15;10000,0;10000,0;0,0;0
1999-07-16;10000,0;10000,0;0,0;0
1999-07-19;10000,0;10000,0;0,0;0
1999-07-20;10000,0;10000,0;0,0;0
1999-07-21;10000,0;10000,0;0,0;0
1999-07-22;10000,0;10000,0;0,0;0
1999-07-23;10000,0;10000,0;0,0;0
1999-07-26;10000,0;10000,0;0,0;0
1999-07-27;10000,0;10000,0;0,0;0
1999-07-28;10000,0;10000,0;0,0;0
1999-07-29;10000,0;10000,0;0,0;0
1999-07-30;10000,0;10000,0;0,0;0
1999-08-02;10000,0;10000,0;0,0;0
1999-08-03;10000,0;10000,0;0,0;0
1999-08-04;10000,0;10000,0;0,0;0
1999-08-05;10000,0;10000,0;0,0;0
1999-08-06;10000,0;10000,0;0,0;0
1999-08-09;10000,0;10000,0;0,0;0
1999-08-10;10000,0;10000,0;0,0;0
1999-08-11;10000,0;10000,0;0,0;0
1999-08-12;10000,0;10000,0;0,0;0
1999-08-13;10000,0;10000,0;0,0;0
1999-08-16;10000,0;10000,0;0,0;0
1999-08-17;10000,0;10000,0;0,0;0
1999-08-18;10000,0;10000,0;0,0;0
1999-08-19;10000,0;10000,0;0,0;0
1999-08-20;10000,0;10000,0;0,0;0
1999-08-23;10000,0;10000,0;0,0;0
1999-08-24;10000,0;10000,0;0,0;0
1999-08-25;10000,0;10000,0;0,0;0
1999-08-26;10000,0;10000,0;0,0;0
1999-08-27;10000,0;10000,0;0,0;0
1999-08-30;10000,0;10000,0;0,0;0
1999-08-31;10000,0;10000,0;0,0;0
1999-09-01;10000,0;10000,0;0,0;0
1999-09-02;10000,0;10000,0;0,0;0
1999-09-03;10000,0;10000,0;0,0;0
1999-09-07;10000,0;10000,0;0,0;0
1999-09-08;10000,0;10000,0;0,0;0
1999-09-09;10000,0;10000,0;0,0;0
1999-09-10;10000,0;10000,0;0,0;0
1999-09-13;10000,0;10000,0;0,0;0
1999-09-14;10000,0;10000,0;0,0;0
1999-09-15;10000,0;10000,0;0,0;0
1999-09-16;10000,0;10000,0;0,0;0
1999-09-17;10000,0;10000,0;0,0;0
1999-09-20;10000,0;10000,0;0,0;0
1999-09-21;10000,0;10000,0;0,0;0
1999-09-22;10000,0;10000,0;0,0;0
1999-09-23;10000,0;10000,0;0,0;0
1999-09-24;10000,0;10000,0;0,0;0
1999-09-27;10000,0;10000,0;0,0;0
1999-09-28;10000,0;10000,0;0,0;0
1999-09-29;10000,0;10000,0;0,0;0
1999-09-30;10000,0;10000,0;0,0;0
1999-10-01;10000,0;10000,0;0,0;0
1999-10-04;10000,0;10000,0;0,0;0
1999-10-05;10000,0;10000,0;0,0;0
1999-10-06;10000,0;10000,0;0,0;0
1999-10-07;10000,0;10000,0;0,0;0
1999-10-08;10000,0;10000,0;0,0;0
1999-10-11;10000,0;10000,0;0,0;0
1999-10-12;10000,0;10000,0;0,0;0
1999-10-13;10000,0;10000,0;0,0;0
1999-10-14;10000,0;10000,0;0,0;0
1999-10-15;10000,0;10000,0;0,0;0
1999-10-18;10000,0;10000,0;0,0;0
1999-10-19;10000,0;10000,0;0,0;0
1999-10-20;10000,0;10000,0;0,0;0
1999-10-21;10000,0;10000,0;0,0;0
1999-10-22;10000,0;10000,0;0,0;0
1999-10-25;10000,0;10000,0;0,0;0
1999-10-26;10000,0;10000,0;0,0;0
1999-10-27;10000,0;10000,0;0,0;0
1999-10-28;10000,0;10000,0;0,0;0
1999-10-29;10000,0;10000,0;0,0;0
1999-11-01;10000,0;10000,0;0,0;0
1999-11-02;10000,0;10000,0;0,0;0
1999-11-03;10000,0;10000,0;0,0;0
1999-11-04;10000,0;10000,0;0,0;0
1999-11-05;10000,0;10000,0;0,0;0
1999-11-08;10000,0;10000,0;0,0;0
1999-11-09;10000,0;10000,0;0,0;0
1999-11-10;10000,0;10000,0;0,0;0
1999-11-11;10000,0;10000,0;0,0;0
1999-11-12;10000,0;10000,0;0,0;0
1999-11-15;10000,0;10000,0;0,0;0
1999-11-16;10000,0;10000,0;0,0;0
1999-11-17;10000,0;10000,0;0,0;0
1999-11-18;10000,0;10000,0;0,0;0
1999-11-19;10000,0;10000,0;0,0;0
1999-11-22;10000,0;10000,0;0,0;0
1999-11-23;10000,0;10000,0;0,0;0
1999-11-24;10000,0;10000,0;0,0;0
1999-11-26;10000,0;10000,0;0,0;0
1999-11-29;10000,0;10000,0;0,0;0
1999-11-30;10000,0;10000,0;0,0;0
1999-12-01;10000,0;10000,0;0,0;0
1999-12-02;10000,0;10000,0;0,0;0
1999-12-03;10000,0;10000,0;0,0;0
1999-12-06;10000,0;10000,0;0,0;0
1999-12-07;10000,0;10000,0;0,0;0
1999-12-08;10000,0;10000,0;0,0;0
1999-12-09;10000,0;10000,0;0,0;0
1999-12-10;10000,0;10000,0;0,0;0
1999-12-13;10000,0;10000,0;0,0;0
1999-12-14;10000,0;10000,0;0,0;0
1999-12-15;10000,0;10000,0;0,0;0
1999-12-16;10000,0;10000,0;0,0;0
1999-12-17;10000,0;10000,0;0,0;0
1999-12-20;10000,0;10000,0;0,0;0
1999-12-21;10000,0;10000,0;0,0;0
1999-12-22;10000,0;10000,0;0,0;0
1999-12-23;10000,0;10000,0;0,0;0
1999-12-27;10000,0;10000,0;0,0;0
1999-12-28;10000,0;10000,0;0,0;0
1999-12-29;10000,0;10000,0;0,0;0
1999-12-30;10000,0;10000,0;0,0;0
1999-12-31;10000,0;10000,0;0,0;0
2000-01-03;10000,0;10000,0;0,0;0
2000-01-04;10000,0;10000,0;0,0;0
2000-01-05;10000,0;10000,0;0,0;0
2000-01-06;10000,0;10000,0;0,0;0
2000-01-07;10000,0;10000,0;0,0;0
2000-01-10;10000,0;10000,0;0,0;0
2000-01-11;10000,0;10000,0;0,0;0
2000-01-12;10000,0;10000,0;0,0;0
2000-01-13;10000,0;10000,0;0,0;0
2000-01-14;10000,0;10000,0;0,0;0
2000-01-18;10000,0;10000,0;0,0;0
2000-01-19;10000,0;10000,0;0,0;0
2000-01-20;10000,0;10000,0;0,0;0
2000-01-21;10000,0;10000,0;0,0;0
2000-01-24;10000,0;10000,0;0,0;0
2000-01-25;10000,0;10000,0;0,0;0
2000-01-26;10000,0;10000,0;0,0;0
2000-01-27;10000,0;10000,0;0,0;0
2000-01-28;10000,0;10000,0;0,0;0
2000-01-31;9993,999999999993;7493,999999999992;2500,0;15
2000-02-01;10085,433332658115;7493,999999999992;2591,433332658123;15
2000-02-02;10110,054177091572;7493,999999999992;2616,0541770915797;15
2000-02-03;10173,094970907827;7493,999999999992;2679,0949709078345;15
2000-02-04;10221,203264301963;7493,999999999992;2727,2032643019716;15
2000-02-07;10314,232289290432;7493,999999999992;2820,232289290441;15
2000-02-08;10397,724190624174;7493,999999999992;2903,724190624183;15
2000-02-09;10375,818438255104;7493,999999999992;2881,818438255112;15
2000-02-10;10518,98239761926;7493,999999999992;3024,982397619269;15
2000-02-11;10487,533348552308;7493,999999999992;2993,533348552315;15
2000-02-14;10540,326752666437;7493,999999999992;3046,326752666445;15
2000-02-15;10568,455323638178;7493,999999999992;3074,4553236381857;15
2000-02-16;10614,167797852288;7493,999999999992;3120,167797852296;15
2000-02-17;10707,200601109505;7493,999999999992;3213,200601109513;15
2000-02-18;10707,996464487442;7493,999999999992;3213,9964644874494;15
2000-02-22;10702,847105026043;7493,999999999992;3208,8471050260514;15
2000-02-23;10969,553217148095;7493,999999999992;3475,5532171481045;15
2000-02-24;11034,55525786855;7493,999999999992;3540,5552578685565;15
2000-02-25;11118,914752579743;7493,999999999992;3624,914752579752;15
2000-02-28;11101,823606458689;7946,380958434569;3155,442648024119;17
2000-02-29;11246,71990370857;7946,380958434569;3300,338945274001;17
2000-03-01;11299,682290989813;7946,380958434569;3353,3013325552433;17
2000-03-02;11307,058584448598;7946,380958434569;3360,6776260140286;17
2000-03-03;11463,924185636835;7946,380958434569;3517,543227202267;17
2000-03-06;11580,174204654451;7946,380958434569;3633,793246219883;17
2000-03-07;11593,220429876992;7946,380958434569;3646,8394714424226;17
2000-03-08;11491,972780955988;7946,380958434569;3545,591822521418;17
2000-03-09;11574,221408546768;7946,380958434569;3627,840450112198;17
2000-03-10;11519,574024442301;7946,380958434569;3573,1930660077323;17
2000-03-13;11507,99760836343;7946,380958434569;3561,6166499288606;17
2000-03-14;11189,343059276809;7946,380958434569;3242,9621008422405;17
2000-03-15;11124,85116382259;7946,380958434569;3178,470205388021;17
2000-03-16;11156,949995647792;7946,380958434569;3210,569037213224;17
2000-03-17;11278,018352328385;7946,380958434569;3331,637393893817;17
2000-03-20;11183,984209523729;7946,380958434569;3237,6032510891605;17
2000-03-21;11248,385584046033;7946,380958434569;3302,0046256114633;17
2000-03-22;11462,176049168778;7946,380958434569;3515,7950907342088;17
2000-03-23;11467,60730612635;7946,380958434569;3521,2263476917815;17
2000-03-24;11470,138841794034;7946,380958434569;3523,757883359465;17
2000-03-27;11438,881675695147;7946,380958434569;3492,500717260578;17
2000-03-28;11385,582329158458;7946,380958434569;3439,2013707238893;17
2000-03-29;11212,693948351527;7946,380958434569;3266,312989916958;17
2000-03-30;11076,725576282206;7946,380958434569;3130,344617847638;17
2000-03-31;11174,665706818672;7946,380958434569;3228,284748384104;17
2000-04-03;10922,375578839637;8056,1389535034505;2866,2366253361865;16
2000-04-04;10851,338193425394;8056,1389535034505;2795,1992399219434;16
2000-04-05;10980,211301364428;8056,1389535034505;2924,0723478609775;16
2000-04-06;11094,4325399635;8056,1389535034505;3038,293586460049;16
2000-04-07;11233,886148188452;8056,1389535034505;3177,7471946850023;16
2000-04-10;11102,353424706567;8056,1389535034505;3046,2144712031172;16
2000-04-11;11005,913317844926;8056,1389535034505;2949,774364341476;16
2000-04-12;10851,366459128185;8056,1389535034505;2795,227505624735;16
2000-04-13;10784,231890684383;8056,1389535034505;2728,0929371809316;16
2000-04-14;10564,432787591388;8056,1389535034505;2508,2938340879364;16
2000-04-17;10744,183725555278;8056,1389535034505;2688,044772051827;16
2000-04-18;11042,554985437868;8056,1389535034505;2986,416031934417;16
2000-04-19;11008,472402197338;8056,1389535034505;2952,3334486938884;16
2000-04-20;10967,837917455421;8056,1389535034505;2911,6989639519716;16
2000-04-24;10877,730562022505;8056,1389535034505;2821,5916085190543;16
2000-04-25;11101,62045817951;8056,1389535034505;3045,481504676059;16
2000-04-26;11032,746596404484;8056,1389535034505;2976,6076429010336;16
2000-04-27;11187,965033660545;8056,1389535034505;3131,8260801570946;16
2000-04-28;11275,131862083948;8056,1389535034505;3218,992908580497;16
2000-05-01;11379,03327884384;8176,695944545128;3202,337334298712;17
2000-05-02;11262,781629768637;8176,695944545128;3086,085685223509;17
2000-05-03;11121,241091858783;8176,695944545128;2944,5451473136545;17
2000-05-04;11227,433737655721;8176,695944545128;3050,7377931105925;17
2000-05-05;11361,370825640022;8176,695944545128;3184,6748810948934;17
2000-05-08;11246,430063685608;8176,695944545128;3069,7341191404794;17
2000-05-09;11174,384175462083;8176,695944545128;2997,6882309169546;17
2000-05-10;11023,476014688691;8176,695944545128;2846,7800701435635;17
2000-05-11;11144,440428962185;8176,695944545128;2967,7444844170564;17
2000-05-12;11140,01632012747;8176,695944545128;2963,3203755823415;17
2000-05-15;11186,562483094353;8176,695944545128;3009,8665385492236;17
2000-05-16;11283,926269757667;8176,695944545128;3107,2303252125384;17
2000-05-17;11313,33972162795;8176,695944545128;3136,643777082821;17
2000-05-18;11228,303785542663;8176,695944545128;3051,6078409975335;17
2000-05-19;11122,279195571684;8176,695944545128;2945,5832510265554;17
2000-05-22;11108,823120915144;8176,695944545128;2932,127176370015;17
2000-05-23;10972,846901572775;8176,695944545128;2796,150957027647;17
2000-05-24;11005,799633313583;8176,695944545128;2829,1036887684545;17
2000-05-25;10984,656569464216;8176,695944545128;2807,9606249190874;17
2000-05-26;10986,141562973118;8176,695944545128;2809,4456184279898;17
2000-05-30;11197,575162369798;8245,431087036284;2952,144075333514;16
2000-05-31;11242,32326287049;8245,431087036284;2996,892175834205;16
2000-06-01;11303,626183858225;8245,431087036284;3058,1950968219417;16
2000-06-02;11391,764188178942;8245,431087036284;3146,3331011426585;16
2000-06-05;11368,457390077947;8245,431087036284;3123,026303041663;16
2000-06-06;11339,916430913887;8245,431087036284;3094,485343877602;16
2000-06-07;11347,370766445267;8245,431087036284;3101,9396794089816;16
2000-06-08;11357,505106674791;8245,431087036284;3112,074019638506;16
2000-06-09;11394,51046104577;8245,431087036284;3149,0793740094846;16
2000-06-12;11411,006097782356;8245,431087036284;3165,575010746072;16
2000-06-13;11443,399876617683;8245,431087036284;3197,9687895813986;16
2000-06-14;11455,050899865535;8245,431087036284;3209,6198128292517;16
2000-06-15;11528,836552598303;8245,431087036284;3283,405465562019;16
2000-06-16;11564,321464781591;8245,431087036284;3318,8903777453074;16
2000-06-19;11660,422153720141;8245,431087036284;3414,991066683856;16
2000-06-20;11644,405298161968;8245,431087036284;3398,974211125683;16
2000-06-21;11676,860872751535;8245,431087036284;3431,4297857152515;16
2000-06-22;11589,818883448082;8245,431087036284;3344,3877964117983;16
2000-06-23;11501,082958576155;8245,431087036284;3255,651871539871;16
2000-06-26;11626,92202023082;8245,431087036284;3381,490933194537;16
2000-06-27;11564,305619225848;8245,431087036284;3318,8745321895644;16
2000-06-28;11643,65508420284;8245,431087036284;3398,223997166555;16
2000-06-29;11566,658105696417;8245,431087036284;3321,2270186601318;16
2000-06-30;11570,49412942252;8245,431087036284;3325,0630423862353;16
2000-07-03;11618,286515182297;8713,083440765027;2905,2030744172694;15
2000-07-05;11600,525263521866;8713,083440765027;2887,441822756838;15
2000-07-06;11582,630399264131;8713,083440765027;2869,5469584991038;15
2000-07-07;11633,135896303873;8713,083440765027;2920,0524555388465;15
2000-07-10;11645,900543408425;8713,083440765027;2932,8171026433974;15
2000-07-11;11678,972447007593;8713,083440765027;2965,8890062425644;15
2000-07-12;11749,30924847261;8713,083440765027;3036,2258077075826;15
2000-07-13;11741,957447810702;8713,083440765027;3028,874007045676;15
2000-07-14;11724,50351196169;8713,083440765027;3011,4200711966623;15
2000-07-17;11812,51790679323;8713,083440765027;3099,434466028203;15
2000-07-18;11777,540352171263;8713,083440765027;3064,4569114062356;15
2000-07-19;11684,043334663302;8713,083440765027;2970,959893898274;15
2000-07-20;11722,946408741296;8713,083440765027;3009,862967976268;15
2000-07-21;11629,684507555905;8713,083440765027;2916,601066790878;15
2000-07-24;11551,171612568924;8713,083440765027;2838,088171803897;15
2000-07-25;11509,382220229325;8713,083440765027;2796,2987794642977;15
2000-07-26;11539,94448200969;8713,083440765027;2826,861041244664;15
2000-07-27;11400,480256283594;8713,083440765027;2687,3968155185667;15
2000-07-28;11307,607610048572;8713,083440765027;2594,5241692835443;15
2000-07-31;11368,718864543265;8526,042183324382;2842,6766812188835;15
2000-08-01;11349,698502508149;8526,042183324382;2823,656319183766;15
2000-08-02;11317,12496734543;8526,042183324382;2791,0827840210486;15
2000-08-03;11351,193422702894;8526,042183324382;2825,151239378512;15
2000-08-04;11346,787125453571;8526,042183324382;2820,74494212919;15
2000-08-07;11382,872877500637;8526,042183324382;2856,830694176255;15
2000-08-08;11355,423453882755;8526,042183324382;2829,381270558374;15
2000-08-09;11254,036010100557;8526,042183324382;2727,993826776175;15
2000-08-10;11258,427883824294;8526,042183324382;2732,3857004999113;15
2000-08-11;11257,026396264537;8526,042183324382;2730,984212940156;15
2000-08-14;11288,965739197523;8526,042183324382;2762,923555873141;15
2000-08-15;11268,087102558738;8526,042183324382;2742,0449192343567;15
2000-08-16;11298,71801586412;8526,042183324382;2772,6758325397386;15
2000-08-17;11331,560443832946;8526,042183324382;2805,5182605085643;15
2000-08-18;11413,988480348879;8526,042183324382;2887,946297024497;15
2000-08-21;11422,68883225504;8526,042183324382;2896,6466489306576;15
2000-08-22;11378,545763122951;8526,042183324382;2852,5035797985697;15
2000-08-23;11483,765235020954;8526,042183324382;2957,7230516965715;15
2000-08-24;11531,908156493884;8526,042183324382;3005,865973169502;15
2000-08-25;11580,258906029703;8526,042183324382;3054,2167227053224;15
2000-08-28;11635,217493400893;8725,708764389201;2909,5087290116917;15
2000-08-29;11606,54630619416;8725,708764389201;2880,837541804959;15
2000-08-30;11638,871969284783;8725,708764389201;2913,1632048955817;15
2000-08-31;11703,817388131734;8725,708764389201;2978,108623742534;15
2000-09-01;11756,296421834284;8725,708764389201;3030,587657445083;15
2000-09-05;11663,612980880858;8725,708764389201;2937,9042164916564;15
2000-09-06;11577,260785706847;8725,708764389201;2851,5520213176464;15
2000-09-07;11607,889034087093;8725,708764389201;2882,180269697891;15
2000-09-08;11563,386635777058;8725,708764389201;2837,677871387858;15
2000-09-11;11515,346175082208;8725,708764389201;2789,6374106930066;15
2000-09-12;11492,787618349965;8725,708764389201;2767,0788539607647;15
2000-09-13;11519,027934778143;8725,708764389201;2793,3191703889424;15
2000-09-14;11539,499518496707;8725,708764389201;2813,790754107506;15
2000-09-15;11567,585852853954;8725,708764389201;2841,877088464753;15
2000-09-18;11429,979698899355;8725,708764389201;2704,270934510155;15
2000-09-19;11447,375963028408;8725,708764389201;2721,6671986392066;15
2000-09-20;11434,981323253913;8725,708764389201;2709,2725588647113;15
2000-09-21;11445,45807886287;8725,708764389201;2719,7493144736686;15
2000-09-22;11498,122666159392;8725,708764389201;2772,4139017701914;15
2000-09-25;11543,40074035753;8725,708764389201;2817,6919759683306;15
2000-09-26;11514,408208897985;8725,708764389201;2788,699444508784;15
2000-09-27;11526,919113043903;8725,708764389201;2801,210348654702;15
2000-09-28;11605,318141219801;8725,708764389201;2879,6093768306;15
2000-09-29;11584,416242936226;8725,708764389201;2858,707478547026;15
2000-10-02;11510,6129824451;8632,217245998267;2878,3957364468333;15
2000-10-03;11473,396414743189;8632,217245998267;2841,1791687449227;15
2000-10-04;11430,44972107407;8632,217245998267;2798,2324750758044;15
2000-10-05;11386,85647807561;8632,217245998267;2754,639232077344;15
2000-10-06;11356,207652165172;8632,217245998267;2723,9904061669067;15
2000-10-09;11363,635114227434;8632,217245998267;2731,417868229168;15
2000-10-10;11359,630218437043;8632,217245998267;2727,4129724387763;15
2000-10-11;11349,843135782476;8632,217245998267;2717,6258897842085;15
2000-10-12;11260,321484103031;8632,217245998267;2628,1042381047646;15
2000-10-13;11313,358590481394;8632,217245998267;2681,1413444831273;15
2000-10-16;11368,283232051599;8632,217245998267;2736,0659860533324;15
2000-10-17;11365,488603502556;8632,217245998267;2733,2713575042885;15
2000-10-18;11323,629485790674;8632,217245998267;2691,4122397924075;15
2000-10-19;11359,398483385674;8632,217245998267;2727,181237387408;15
2000-10-20;11372,569120951259;8632,217245998267;2740,351874952993;15
2000-10-23;11378,26451500171;8632,217245998267;2746,0472690034435;15
2000-10-24;11304,91178243142;8632,217245998267;2672,6945364331536;15
2000-10-25;11227,026446528884;8632,217245998267;2594,8092005306166;15
2000-10-26;11232,72366387224;8632,217245998267;2600,5064178739735;15
2000-10-27;11219,853656095682;8632,217245998267;2587,636410097415;15
2000-10-30;11231,046250411464;8080,302537458267;3150,7437129531977;17
2000-10-31;11268,286562733454;8080,302537458267;3187,9840252751883;17
2000-11-01;11275,318505177387;8080,302537458267;3195,0159677191214;17
2000-11-02;11316,846628679108;8080,302537458267;3236,544091220842;17
2000-11-03;11336,356028789847;8080,302537458267;3256,0534913315805;17
2000-11-06;11357,93017218495;8080,302537458267;3277,6276347266826;17
2000-11-07;11371,249552041652;8080,302537458267;3290,947014583386;17
2000-11-08;11418,012966734474;8080,302537458267;3337,7104292762074;17
2000-11-09;11406,290614189234;8080,302537458267;3325,9880767309683;17
2000-11-10;11346,580977960279;8080,302537458267;3266,278440502011;17
2000-11-13;11228,717544692412;8080,302537458267;3148,4150072341454;17
2000-11-14;11329,752204840532;8080,302537458267;3249,4496673822655;17
2000-11-15;11362,88480733943;8080,302537458267;3282,5822698811617;17
2000-11-16;11346,588426051192;8080,302537458267;3266,2858885929254;17
2000-11-17;11376,472994352865;8080,302537458267;3296,170456894598;17
2000-11-20;11262,440180948035;8080,302537458267;3182,137643489768;17
2000-11-21;11254,181584189158;8080,302537458267;3173,879046730892;17
2000-11-22;11184,025029145294;8080,302537458267;3103,722491687028;17
2000-11-24;11240,408850153604;8080,302537458267;3160,1063126953372;17
2000-11-27;11237,196460975898;8230,225493263146;3006,970967712753;16
2000-11-28;11238,55977053372;8230,225493263146;3008,3342772705737;16
2000-11-29;11243,160978200918;8230,225493263146;3012,9354849377714;16
2000-11-30;11196,867317789875;8230,225493263146;2966,6418245267287;16
2000-12-01;11264,832936578227;8230,225493263146;3034,607443315081;16
2000-12-04;11276,749351883727;8230,225493263146;3046,523858620581;16
2000-12-05;11364,633024245992;8230,225493263146;3134,4075309828454;16
2000-12-06;11370,034658610473;8230,225493263146;3139,8091653473275;16
2000-12-07;11392,03573680576;8230,225493263146;3161,8102435426135;16
2000-12-08;11462,249676107509;8230,225493263146;3232,0241828443627;16
2000-12-11;11487,123718041697;8230,225493263146;3256,898224778552;16
2000-12-12;11447,308753439724;8230,225493263146;3217,0832601765783;16
2000-12-13;11450,486571626287;8230,225493263146;3220,261078363141;16
2000-12-14;11427,157268761204;8230,225493263146;3196,931775498059;16
2000-12-15;11395,134472094654;8230,225493263146;3164,9089788315096;16
2000-12-18;11500,695723261782;8230,225493263146;3270,4702299986375;16
2000-12-19;11460,371174413729;8230,225493263146;3230,1456811505836;16
2000-12-20;11407,593635724548;8230,225493263146;3177,368142461403;16
2000-12-21;11465,879896501358;8230,225493263146;3235,654403238211;16
2000-12-22;11519,94452301894;8230,225493263146;3289,7190297557936;16
2000-12-26;11580,104202070099;8230,225493263146;3349,8787088069535;16
2000-12-27;11624,939332510665;8230,225493263146;3394,71383924752;16
2000-12-28;11718,509174648876;8230,225493263146;3488,2836813857293;16
2000-12-29;11673,344636498721;8230,225493263146;3443,119143235576;16
2001-01-02;11516,248028205078;8276,3029480768;3239,9450801282783;17
2001-01-03;11510,131406528864;8276,3029480768;3233,8284584520648;17
2001-01-04;11303,327196684455;8276,3029480768;3027,024248607654;17
2001-01-05;11289,232595467241;8276,3029480768;3012,9296473904415;17
2001-01-08;11322,794568468593;8276,3029480768;3046,491620391793;17
2001-01-09;11325,357267869882;8276,3029480768;3049,0543197930824;17
2001-01-10;11367,644521045451;8276,3029480768;3091,341572968652;17
2001-01-11;11311,582709448758;8276,3029480768;3035,2797613719576;17
2001-01-12;11273,89353740297;8276,3029480768;2997,5905893261693;17
2001-01-16;11274,896690407808;8276,3029480768;2998,593742331008;17
2001-01-17;11255,573101635131;8276,3029480768;2979,2701535583315;17
2001-01-18;11216,55250698669;8276,3029480768;2940,2495589098903;17
2001-01-19;11136,745139338007;8276,3029480768;2860,442191261207;17
2001-01-22;11203,601452771985;8276,3029480768;2927,298504695186;17
2001-01-23;11295,214542238227;8276,3029480768;3018,911594161427;17
2001-01-24;11336,667409533798;8276,3029480768;3060,364461456999;17
2001-01-25;11353,419718032223;8276,3029480768;3077,1167699554217;17
2001-01-26;11382,235033381789;8276,3029480768;3105,932085304989;17
2001-01-29;11398,677585041949;8548,698493153735;2849,9790918882136;15
2001-01-30;11386,728866723895;8548,698493153735;2838,0303735701596;15
2001-01-31;11349,901019696157;8548,698493153735;2801,2025265424227;15
2001-02-01;11349,33777519895;8548,698493153735;2800,639282045214;15
2001-02-02;11370,19038057444;8548,698493153735;2821,4918874207046;15
2001-02-05;11368,412734322947;8548,698493153735;2819,714241169211;15
2001-02-06;11375,330174706574;8548,698493153735;2826,631681552839;15
2001-02-07;11410,907811517975;8548,698493153735;2862,209318364239;15
2001-02-08;11424,691169446349;8548,698493153735;2875,992676292614;15
2001-02-09;11395,724385824267;8548,698493153735;2847,0258926705324;15
2001-02-12;11458,712030045743;8548,698493153735;2910,0135368920073;15
2001-02-13;11456,688569373682;8548,698493153735;2907,9900762199472;15
2001-02-14;11455,779954381167;8548,698493153735;2907,0814612274307;15
2001-02-15;11447,358141679219;8548,698493153735;2898,659648525482;15
2001-02-16;11459,248464419452;8548,698493153735;2910,549971265717;15
2001-02-20;11426,104209823592;8548,698493153735;2877,405716669856;15
2001-02-21;11399,68539370201;8548,698493153735;2850,986900548274;15
2001-02-22;11375,85282140851;8548,698493153735;2827,154328254776;15
2001-02-23;11362,852289786842;8548,698493153735;2814,153796633106;15
2001-02-26;11430,67223198247;8572,383151836826;2858,2890801456438;15
2001-02-27;11413,240651827586;8572,383151836826;2840,857499990759;15
2001-02-28;11418,644345482478;8572,383151836826;2846,261193645653;15
2001-03-01;11420,243660502718;8572,383151836826;2847,8605086658913;15
2001-03-02;11439,400315049681;8572,383151836826;2867,0171632128554;15
2001-03-05;11446,515162871325;8572,383151836826;2874,1320110344977;15
2001-03-06;11448,121250373315;8572,383151836826;2875,7380985364885;15
2001-03-07;11474,752062592508;8572,383151836826;2902,3689107556816;15
2001-03-08;11485,65920862695;8572,383151836826;2913,2760567901237;15
2001-03-09;11441,060588708335;8572,383151836826;2868,6774368715082;15
2001-03-12;11389,832899894973;8572,383151836826;2817,4497480581476;15
2001-03-13;11382,681796583054;8572,383151836826;2810,298644746228;15
2001-03-14;11316,921684951652;8572,383151836826;2744,5385331148264;15
2001-03-15;11287,06523459695;8572,383151836826;2714,682082760124;15
2001-03-16;11209,988422724273;8572,383151836826;2637,605270887446;15
2001-03-19;11237,776653786266;8572,383151836826;2665,393501949441;15
2001-03-20;11235,731021579679;8572,383151836826;2663,3478697428536;15
2001-03-21;11198,92087121262;8572,383151836826;2626,5377193757945;15
2001-03-22;11124,906095741735;8572,383151836826;2552,522943904908;15
2001-03-23;11178,212341801927;8572,383151836826;2605,8291899651012;15
2001-03-26;11204,691967420838;8572,383151836826;2632,308815584013;15
2001-03-27;11207,888746480367;8572,383151836826;2635,505594643541;15
2001-03-28;11194,010150877075;8572,383151836826;2621,6269990402493;15
2001-03-29;11247,428209630525;8572,383151836826;2675,045057793698;15
2001-03-30;11284,428133767791;8572,383151836826;2712,0449819309656;15
2001-04-02;11230,00754181979;8421,699844612565;2808,3076972072245;15
2001-04-03;11206,015959294884;8421,699844612565;2784,3161146823186;15
2001-04-04;11201,105822413809;8421,699844612565;2779,4059778012434;15
2001-04-05;11258,231377694323;8421,699844612565;2836,531533081758;15
2001-04-06;11225,2209569525;8421,699844612565;2803,5211123399345;15
2001-04-09;11268,39706088999;8421,699844612565;2846,6972162774246;15
2001-04-10;11295,698255915317;8421,699844612565;2873,9984113027517;15
2001-04-11;11277,343712325326;8421,699844612565;2855,6438677127603;15
2001-04-12;11281,886096988479;8421,699844612565;2860,186252375913;15
2001-04-16;11293,303141081116;8421,699844612565;2871,603296468551;15
2001-04-17;11298,31761487202;8421,699844612565;2876,617770259454;15
2001-04-18;11305,031007425534;8421,699844612565;2883,331162812968;15
2001-04-19;11338,520317979299;8421,699844612565;2916,8204733667344;15
2001-04-20;11288,63191042336;8421,699844612565;2866,932065810795;15
2001-04-23;11266,956302121931;8421,699844612565;2845,2564575093656;15
2001-04-24;11287,794680691426;8421,699844612565;2866,094836078861;15
2001-04-25;11339,348737974913;8421,699844612565;2917,6488933623477;15
2001-04-26;11373,100428051188;8421,699844612565;2951,400583438623;15
2001-04-27;11405,224529552224;8421,699844612565;2983,524684939659;15
2001-04-30;11355,191145838991;8317,173628049079;3038,017517789912;16
2001-05-01;11369,50418931146;8317,173628049079;3052,3305612623813;16
2001-05-02;11335,756612508214;8317,173628049079;3018,582984459135;16
2001-05-03;11269,201647380214;8317,173628049079;2952,0280193311364;16
2001-05-04;11330,560230765004;8317,173628049079;3013,3866027159247;16
2001-05-07;11322,758345566064;8317,173628049079;3005,5847175169865;16
2001-05-08;11338,745642124482;8317,173628049079;3021,572014075404;16
2001-05-09;11357,32748001994;8317,173628049079;3040,1538519708606;16
2001-05-10;11359,026632802143;8317,173628049079;3041,8530047530644;16
2001-05-11;11339,160182719184;8317,173628049079;3021,9865546701067;16
2001-05-14;11340,393128860367;8317,173628049079;3023,2195008112894;16
2001-05-15;11356,355963165868;8317,173628049079;3039,1823351167905;16
2001-05-16;11417,046672576653;8317,173628049079;3099,8730445275733;16
2001-05-17;11449,086502971579;8317,173628049079;3131,9128749225;16
2001-05-18;11489,297939027485;8317,173628049079;3172,1243109784054;16
2001-05-21;11514,687515505317;8317,173628049079;3197,513887456239;16
2001-05-22;11487,364414130203;8317,173628049079;3170,1907860811248;16
2001-05-23;11406,694171465737;8317,173628049079;3089,520543416658;16
2001-05-24;11432,565068121825;8317,173628049079;3115,391440072746;16
2001-05-25;11417,44781935893;8317,173628049079;3100,2741913098503;16
2001-05-29;11387,14128457635;8539,744484061392;2847,3968005149577;15
2001-05-30;11362,92460950426;8539,744484061392;2823,180125442868;15
2001-05-31;11370,434566326265;8539,744484061392;2830,690082264874;15
2001-06-01;11402,240435795562;8539,744484061392;2862,495951734171;15
2001-06-04;11414,314081806402;8539,744484061392;2874,56959774501;15
2001-06-05;11428,0072293965;8539,744484061392;2888,262745335109;15
2001-06-06;11388,539603058896;8539,744484061392;2848,795118997505;15
2001-06-07;11422,622925494736;8539,744484061392;2882,8784414333445;15
2001-06-08;11409,358264708235;8539,744484061392;2869,6137806468428;15
2001-06-11;11345,049467981946;8539,744484061392;2805,3049839205537;15
2001-06-12;11355,213703434962;8539,744484061392;2815,469219373571;15
2001-06-13;11334,728287160822;8539,744484061392;2794,9838030994306;15
2001-06-14;11258,419225700818;8539,744484061392;2718,674741639427;15
2001-06-15;11263,257165012876;8539,744484061392;2723,5126809514836;15
2001-06-18;11254,134162696613;8539,744484061392;2714,3896786352207;15
2001-06-19;11268,31237441764;8539,744484061392;2728,567890356248;15
2001-06-20;11270,25914070053;8539,744484061392;2730,514656639138;15
2001-06-21;11236,951621450748;8539,744484061392;2697,2071373893564;15
2001-06-22;11176,805918747683;8539,744484061392;2637,0614346862917;15
2001-06-25;11161,643686877716;8539,744484061392;2621,8992028163248;15
2001-06-26;11175,678813664377;8539,744484061392;2635,9343296029847;15
2001-06-27;11151,74219248611;8539,744484061392;2611,997708424719;15
2001-06-28;11176,44227512757;8539,744484061392;2636,6977910661794;15
2001-06-29;11202,292936471642;8539,744484061392;2662,5484524102503;15
2001-07-02;11158,136004398824;8024,877378812814;3133,2586255860097;17
2001-07-03;11152,279909550714;8024,877378812814;3127,4025307379;17
2001-07-05;11112,616862204128;8024,877378812814;3087,7394833913145;17
2001-07-06;11090,699908320823;8024,877378812814;3065,8225295080088;17
2001-07-09;11109,897247291821;8024,877378812814;3085,0198684790084;17
2001-07-10;11086,52470519391;8024,877378812814;3061,6473263810954;17
2001-07-11;11080,51351796814;8024,877378812814;3055,6361391553264;17
2001-07-12;11115,88620932443;8024,877378812814;3091,0088305116165;17
2001-07-13;11137,991407748039;8024,877378812814;3113,114028935226;17
2001-07-16;11108,887601754272;8024,877378812814;3084,010222941457;17
2001-07-17;11184,30186636277;8024,877378812814;3159,4244875499553;17
2001-07-18;11181,382459855811;8024,877378812814;3156,505081042998;17
2001-07-19;11161,393589239664;8024,877378812814;3136,5162104268497;17
2001-07-20;11146,52794964809;8024,877378812814;3121,650570835277;17
2001-07-23;11105,458130442275;8024,877378812814;3080,580751629461;17
2001-07-24;11001,897098470316;8024,877378812814;2977,019719657501;17
2001-07-25;11019,097429271089;8024,877378812814;2994,220050458275;17
2001-07-26;11076,11906320128;8024,877378812814;3051,2416843884675;17
2001-07-27;11075,947557411075;8024,877378812814;3051,070178598261;17
2001-07-30;11064,649284856061;8297,683251660279;2766,966033195782;15
2001-07-31;11075,169636248218;8297,683251660279;2777,486384587939;15
2001-08-01;11079,752904776396;8297,683251660279;2782,0696531161166;15
2001-08-02;11055,289887532104;8297,683251660279;2757,6066358718263;15
2001-08-03;11050,459101906043;8297,683251660279;2752,7758502457636;15
2001-08-06;11033,483825026186;8297,683251660279;2735,800573365907;15
2001-08-07;11030,28027954731;8297,683251660279;2732,597027887032;15
2001-08-08;11005,046728246218;8297,683251660279;2707,3634765859383;15
2001-08-09;11010,160863861238;8297,683251660279;2712,477612200958;15
2001-08-10;11014,431729811871;8297,683251660279;2716,748478151592;15
2001-08-13;11016,484856644518;8297,683251660279;2718,801604984238;15
2001-08-14;11045,200248519397;8297,683251660279;2747,5169968591176;15
2001-08-15;11042,146649802266;8297,683251660279;2744,463398141986;15
2001-08-16;11051,072908022703;8297,683251660279;2753,3896563624235;15
2001-08-17;11020,100569137308;8297,683251660279;2722,4173174770294;15
2001-08-20;11040,835229808159;8297,683251660279;2743,1519781478805;15
2001-08-21;11015,734159603879;8297,683251660279;2718,0509079436006;15
2001-08-22;11018,603529369217;8297,683251660279;2720,9202777089376;15
2001-08-23;11005,228714225848;8297,683251660279;2707,54546256557;15
2001-08-24;11037,164520074639;8297,683251660279;2739,48126841436;15
2001-08-27;11032,450587647989;8297,683251660279;2734,767335987709;15
2001-08-28;11016,576892133502;8297,683251660279;2718,893640473223;15
2001-08-29;10986,384581808232;8297,683251660279;2688,7013301479533;15
2001-08-30;10948,620518577973;8297,683251660279;2650,937266917694;15
2001-08-31;10986,104718691573;8297,683251660279;2688,421467031294;15
2001-09-04;10974,190140875311;7699,153415914119;3275,036724961192;18
2001-09-05;10942,709727218438;7699,153415914119;3243,5563113043195;18
2001-09-06;10888,293585078289;7699,153415914119;3189,1401691641686;18
2001-09-07;10794,202529686563;7699,153415914119;3095,049113772444;18
2001-09-10;10757,593153987775;7699,153415914119;3058,4397380736564;18
2001-09-17;10598,185675958794;7699,153415914119;2899,0322600446734;18
2001-09-18;10557,891362833952;7699,153415914119;2858,7379469198327;18
2001-09-19;10544,163320863421;7699,153415914119;2845,0099049493024;18
2001-09-20;10465,806288393107;7699,153415914119;2766,652872478988;18
2001-09-21;10413,665078254877;7699,153415914119;2714,511662340757;18
2001-09-24;10534,33642193373;7699,153415914119;2835,183006019611;18
2001-09-25;10600,57776838309;7699,153415914119;2901,4243524689696;18
2001-09-26;10607,339581536398;7699,153415914119;2908,18616562228;18
2001-09-27;10633,14869349968;7699,153415914119;2933,9952775855604;18
2001-09-28;10701,78998204712;7699,153415914119;3002,636566133;18
2001-10-01;10652,108214472344;7821,448624303472;2830,6595901688725;16
2001-10-02;10691,485328409171;7821,448624303472;2870,0367041056998;16
2001-10-03;10717,585232009224;7821,448624303472;2896,136607705752;16
2001-10-04;10691,744444892476;7821,448624303472;2870,2958205890036;16
2001-10-05;10702,351307338999;7821,448624303472;2880,902683035526;16
2001-10-08;10694,665357132924;7821,448624303472;2873,216732829453;16
2001-10-09;10707,040611582881;7821,448624303472;2885,5919872794098;16
2001-10-10;10753,598682382442;7821,448624303472;2932,1500580789716;16
2001-10-11;10771,706549565937;7821,448624303472;2950,2579252624655;16
2001-10-12;10760,124174627592;7821,448624303472;2938,6755503241193;16
2001-10-15;10804,660659295456;7821,448624303472;2983,2120349919833;16
2001-10-16;10826,1248053643;7821,448624303472;3004,6761810608286;16
2001-10-17;10779,678302111075;7821,448624303472;2958,2296778076043;16
2001-10-18;10766,134748640932;7821,448624303472;2944,6861243374597;16
2001-10-19;10798,330197856501;7821,448624303472;2976,88157355303;16
2001-10-22;10826,799957830204;7821,448624303472;3005,3513335267335;16
2001-10-23;10775,409318187625;7821,448624303472;2953,960693884153;16
2001-10-24;10773,052692849707;7821,448624303472;2951,6040685462362;16
2001-10-25;10796,937393534088;7821,448624303472;2975,4887692306174;16
2001-10-26;10817,333854845609;7821,448624303472;2995,8852305421365;16
2001-10-29;10765,220435053427;8073,1044462078735;2692,1159888455536;15
2001-10-30;10745,076401863658;8073,1044462078735;2671,971955655784;15
2001-10-31;10738,957115402782;8073,1044462078735;2665,8526691949082;15
2001-11-01;10794,665765768099;8073,1044462078735;2721,561319560226;15
2001-11-02;10819,94464883105;8073,1044462078735;2746,840202623175;15
2001-11-05;10853,667893456137;8073,1044462078735;2780,563447248263;15
2001-11-06;10901,34518316816;8073,1044462078735;2828,240736960287;15
2001-11-07;10898,01760374982;8073,1044462078735;2824,913157541946;15
2001-11-08;10868,236459274016;8073,1044462078735;2795,1320130661416;15
2001-11-09;10837,521229050177;8073,1044462078735;2764,416782842303;15
2001-11-12;10847,338124105452;8073,1044462078735;2774,2336778975796;15
2001-11-13;10874,536301284039;8073,1044462078735;2801,431855076166;15
2001-11-14;10856,890989106027;8073,1044462078735;2783,7865428981536;15
2001-11-15;10849,82614021848;8073,1044462078735;2776,721694010607;15
2001-11-16;10821,25441860485;8073,1044462078735;2748,149972396978;15
2001-11-19;10842,383954870837;8073,1044462078735;2769,2795086629626;15
2001-11-20;10828,293595481427;8073,1044462078735;2755,189149273554;15
2001-11-21;10812,300733223532;8073,1044462078735;2739,1962870156576;15
2001-11-23;10831,821457040589;8073,1044462078735;2758,7170108327155;15
2001-11-26;10856,72939784288;8073,1044462078735;2783,6249516350067;15
2001-11-27;10828,690441861936;8073,1044462078735;2755,585995654063;15
2001-11-28;10788,249139413032;8073,1044462078735;2715,144693205159;15
2001-11-29;10814,06952320251;8073,1044462078735;2740,9650769946365;15
2001-11-30;10815,878715379911;8073,1044462078735;2742,7742691720373;15
2001-12-03;10803,249890192112;7573,3172070392675;3229,9326831528438;18
2001-12-04;10856,895777041333;7573,3172070392675;3283,578570002065;18
2001-12-05;10964,100164106247;7573,3172070392675;3390,78295706698;18
2001-12-06;10953,267764299115;7573,3172070392675;3379,9505572598464;18
2001-12-07;10942,492540103676;7573,3172070392675;3369,1753330644087;18
2001-12-10;10883,707391380765;7573,3172070392675;3310,390184341497;18
2001-12-11;10925,113936281517;7573,3172070392675;3351,7967292422504;18
2001-12-12;10915,245002430242;7573,3172070392675;3341,9277953909746;18
2001-12-13;10909,918795876425;7573,3172070392675;3336,6015888371576;18
2001-12-14;10912,67388372625;7573,3172070392675;3339,356676686982;18
2001-12-17;10967,31560689236;7573,3172070392675;3393,998399853093;18
2001-12-18;11002,188279100988;7573,3172070392675;3428,871072061721;18
2001-12-19;10961,698308246665;7573,3172070392675;3388,3811012073984;18
2001-12-20;10887,264668400414;7573,3172070392675;3313,9474613611474;18
2001-12-21;10928,905577899168;7573,3172070392675;3355,5883708599;18
2001-12-24;10950,60646559271;7573,3172070392675;3377,289258553442;18
2001-12-26;10983,676376709745;7573,3172070392675;3410,359169670478;18
2001-12-27;11008,653766749001;7573,3172070392675;3435,3365597097345;18
2001-12-28;11024,419441981407;7573,3172070392675;3451,102234942139;18
2001-12-31;10977,90659348905;7690,199548708344;3287,707044780705;18
2002-01-02;10939,097140416323;7690,199548708344;3248,8975917079783;18
2002-01-03;10982,985751989516;7690,199548708344;3292,7862032811718;18
2002-01-04;11038,412380818947;7690,199548708344;3348,2128321106034;18
2002-01-07;11002,334240296434;7690,199548708344;3312,1346915880895;18
2002-01-08;10990,193988893363;7690,199548708344;3299,99444018502;18
2002-01-09;11039,184336575561;7690,199548708344;3348,984787867217;18
2002-01-10;11028,354080758325;7690,199548708344;3338,1545320499813;18
2002-01-11;10987,18899597053;7690,199548708344;3296,9894472621845;18
2002-01-14;10929,411905739908;7690,199548708344;3239,2123570315644;18
2002-01-15;10980,578791291595;7690,199548708344;3290,37924258325;18
2002-01-16;10943,432067130325;7690,199548708344;3253,232518421981;18
2002-01-17;10998,79719271942;7690,199548708344;3308,5976440110758;18
2002-01-18;10951,784872969854;7690,199548708344;3261,585324261511;18
2002-01-22;10964,381327959374;7690,199548708344;3274,181779251029;18
2002-01-23;10978,277299871164;7690,199548708344;3288,07775116282;18
2002-01-24;11031,12380691695;7690,199548708344;3340,9242582086063;18
2002-01-25;11034,236575915937;7690,199548708344;3344,0370272075925;18
2002-01-28;11045,000641267521;7915,392242786322;3129,6083984811985;17
2002-01-29;11022,79148673507;7915,392242786322;3107,3992439487474;17
2002-01-30;11068,184895852395;7915,392242786322;3152,792653066074;17
2002-01-31;11107,630799493723;7915,392242786322;3192,2385567074016;17
2002-02-01;11045,506982556652;7915,392242786322;3130,1147397703294;17
2002-02-04;10982,118184597419;7915,392242786322;3066,7259418110975;17
2002-02-05;10953,49913793941;7915,392242786322;3038,1068951530888;17
2002-02-06;10916,426191611074;7915,392242786322;3001,033948824752;17
2002-02-07;10907,62647861805;7915,392242786322;2992,23423583173;17
2002-02-08;10933,337355103515;7915,392242786322;3017,945112317194;17
2002-02-11;11028,24869172497;7915,392242786322;3112,856448938647;17
2002-02-12;11038,101239670801;7915,392242786322;3122,708996884479;17
2002-02-13;11049,247274018662;7915,392242786322;3133,855031232341;17
2002-02-14;11043,805378266468;7915,392242786322;3128,4131354801466;17
2002-02-15;10989,141017755916;7915,392242786322;3073,748774969594;17
2002-02-19;10884,638721843114;7915,392242786322;2969,246479056792;17
2002-02-20;10929,682620594676;7915,392242786322;3014,290377808355;17
2002-02-21;10913,557684974698;7915,392242786322;2998,1654421883754;17
2002-02-22;10902,706762541708;7915,392242786322;2987,314519755385;17
2002-02-25;10971,507452034279;8228,138413667039;2743,369038367239;15
2002-02-26;11017,545239662864;8228,138413667039;2789,4068259958267;15
2002-02-27;11038,611092370558;8228,138413667039;2810,4726787035193;15
2002-02-28;11016,753124110875;8228,138413667039;2788,614710443837;15
2002-03-01;11020,619995319237;8228,138413667039;2792,4815816521987;15
2002-03-04;11099,190955826683;8228,138413667039;2871,052542159645;15
2002-03-05;11049,502601713088;8228,138413667039;2821,3641880460495;15
2002-03-06;11093,299766646584;8228,138413667039;2865,1613529795445;15
2002-03-07;11070,416231575635;8228,138413667039;2842,277817908596;15
2002-03-08;11069,64037596529;8228,138413667039;2841,50196229825;15
2002-03-11;11083,142282038705;8228,138413667039;2855,003868371666;15
2002-03-12;11068,993607849581;8228,138413667039;2840,855194182542;15
2002-03-13;11053,800430787223;8228,138413667039;2825,662017120185;15
2002-03-14;11049,755657013573;8228,138413667039;2821,617243346535;15
2002-03-15;11061,009625291885;8228,138413667039;2832,8712116248457;15
2002-03-18;11069,570618447236;8228,138413667039;2841,432204780199;15
2002-03-19;11092,997956886242;8228,138413667039;2864,8595432192037;15
2002-03-20;11059,254658798087;8228,138413667039;2831,116245131049;15
2002-03-21;11048,21411032803;8228,138413667039;2820,075696660992;15
2002-03-22;11041,569315828081;8228,138413667039;2813,430902161043;15
2002-03-25;11006,99265205216;8228,138413667039;2778,8542383851222;15
2002-03-26;11038,256116915843;8228,138413667039;2810,117703248806;15
2002-03-27;11050,69330585072;8228,138413667039;2822,5548921836817;15
2002-03-28;11058,964001468537;8228,138413667039;2830,8255878014984;15
2002-04-01;11020,202646443126;8099,176261995277;2921,0263844478477;16
2002-04-02;10972,020865780327;8099,176261995277;2872,844603785049;16
2002-04-03;10967,580741191941;8099,176261995277;2868,4044791966653;16
2002-04-04;10945,408058508918;8099,176261995277;2846,2317965136417;16
2002-04-05;10958,41007209081;8099,176261995277;2859,2338100955335;16
2002-04-08;10996,33650072905;8099,176261995277;2897,160238733773;16
2002-04-09;10980,727103806632;8099,176261995277;2881,5508418113545;16
2002-04-10;11026,580064006623;8099,176261995277;2927,4038020113458;16
2002-04-11;10973,193730651104;8099,176261995277;2874,017468655827;16
2002-04-12;11017,498093234768;8099,176261995277;2918,32183123949;16
2002-04-15;11038,037956537048;8099,176261995277;2938,8616945417707;16
2002-04-16;11090,88688971231;8099,176261995277;2991,710627717034;16
2002-04-17;11101,558709728204;8099,176261995277;3002,3824477329263;16
2002-04-18;11098,402822617418;8099,176261995277;2999,226560622141;16
2002-04-19;11092,28381927461;8099,176261995277;2993,1075572793316;16
2002-04-22;11084,171836171687;8099,176261995277;2984,9955741764093;16
2002-04-23;11092,765889169565;8099,176261995277;2993,589627174288;16
2002-04-24;11065,501744644294;8099,176261995277;2966,325482649018;16
2002-04-25;11071,537897607339;8099,176261995277;2972,361635612062;16
2002-04-26;11049,295628203572;8099,176261995277;2950,119366208295;16
2002-04-29;11022,183683262865;7510,332046552381;3511,851636710484;19
2002-04-30;11057,236399259402;7510,332046552381;3546,9043527070203;19
2002-05-01;11076,54762648953;7510,332046552381;3566,215579937149;19
2002-05-02;11099,739042870122;7510,332046552381;3589,40699631774;19
2002-05-03;11080,038689802386;7510,332046552381;3569,706643250006;19
2002-05-06;11032,893855244783;7510,332046552381;3522,5618086924014;19
2002-05-07;10992,115291173024;7510,332046552381;3481,783244620642;19
2002-05-08;11054,841581028339;7510,332046552381;3544,5095344759575;19
2002-05-09;11017,68217783501;7510,332046552381;3507,3501312826284;19
2002-05-10;10977,040785401154;7510,332046552381;3466,7087388487716;19
2002-05-13;11001,035273743777;7510,332046552381;3490,703227191396;19
2002-05-14;11034,045600191686;7510,332046552381;3523,7135536393043;19
2002-05-15;11033,99070917927;7510,332046552381;3523,658662626888;19
2002-05-16;11043,199935332064;7510,332046552381;3532,8678887796827;19
2002-05-17;11052,31371891156;7510,332046552381;3541,981672359179;19
2002-05-20;11048,11548733618;7510,332046552381;3537,7834407837986;19
2002-05-21;10991,929449746289;7510,332046552381;3481,597403193908;19
2002-05-22;10989,261501889217;7510,332046552381;3478,9294553368354;19
2002-05-23;11055,617911796711;7510,332046552381;3545,28586524433;19
2002-05-24;11016,937097292892;7510,332046552381;3506,6050507405116;19
2002-05-28;11026,145284187929;7510,332046552381;3515,8132376355484;19
2002-05-29;10987,45558061019;7510,332046552381;3477,12353405781;19
2002-05-30;10978,773361525817;7510,332046552381;3468,441314973435;19
2002-05-31;11019,327724369436;7510,332046552381;3508,9956778170554;19
2002-06-03;10961,690651447163;8027,28921359112;2934,4014378560423;16
2002-06-04;10957,572750732572;8027,28921359112;2930,2835371414517;16
2002-06-05;10987,005640674055;8027,28921359112;2959,716427082935;16
2002-06-06;10975,458478459881;8027,28921359112;2948,1692648687617;16
2002-06-07;10953,374441812095;8027,28921359112;2926,085228220976;16
2002-06-10;10938,282277377417;8027,28921359112;2910,993063786297;16
2002-06-11;10917,562808269759;8027,28921359112;2890,273594678638;16
2002-06-12;10914,672726444542;8027,28921359112;2887,3835128534215;16
2002-06-13;10904,562291318285;8027,28921359112;2877,273077727166;16
2002-06-14;10915,97358233044;8027,28921359112;2888,68436873932;16
2002-06-17;10954,726098159485;8027,28921359112;2927,4368845683653;16
2002-06-18;10979,47641235431;8027,28921359112;2952,1871987631907;16
2002-06-19;10958,065205989298;8027,28921359112;2930,7759923981785;16
2002-06-20;10963,890309471017;8027,28921359112;2936,601095879897;16
2002-06-21;10931,097528880022;8027,28921359112;2903,808315288903;16
2002-06-24;10937,849529085106;8027,28921359112;2910,560315493987;16
2002-06-25;10886,234777932421;8027,28921359112;2858,9455643413007;16
2002-06-26;10886,657681425602;8027,28921359112;2859,368467834483;16
2002-06-27;10929,442240867345;8027,28921359112;2902,1530272762247;16
2002-06-28;10953,902804050933;8027,28921359112;2926,613590459814;16
2002-07-01;10862,116377392736;7458,335176855515;3403,7812005372216;19
2002-07-02;10760,188311319092;7458,335176855515;3301,853134463577;19
2002-07-03;10730,166412833805;7458,335176855515;3271,8312359782904;19
2002-07-05;10839,782365930902;7458,335176855515;3381,4471890753866;19
2002-07-08;10822,002603620895;7458,335176855515;3363,6674267653807;19
2002-07-09;10815,644232898576;7458,335176855515;3357,3090560430605;19
2002-07-10;10738,289806125296;7458,335176855515;3279,9546292697823;19
2002-07-11;10709,981948262783;7458,335176855515;3251,646771407268;19
2002-07-12;10716,994203915741;7458,335176855515;3258,659027060227;19
2002-07-15;10682,249027549355;7458,335176855515;3223,913850693839;19
2002-07-16;10635,907873469447;7458,335176855515;3177,5726966139323;19
2002-07-17;10633,869581619889;7458,335176855515;3175,534404764375;19
2002-07-18;10591,331888513982;7458,335176855515;3132,996711658466;19
2002-07-19;10478,620968606656;7458,335176855515;3020,2857917511406;19
2002-07-22;10407,124448530794;7458,335176855515;2948,7892716752795;19
2002-07-23;10362,852923121362;7458,335176855515;2904,5177462658476;19
2002-07-24;10509,815097403813;7458,335176855515;3051,4799205482977;19
2002-07-25;10497,073380608252;7458,335176855515;3038,738203752737;19
2002-07-26;10537,646069635433;7458,335176855515;3079,310892779918;19
2002-07-29;10701,63053455616;7859,310367202279;2842,320167353881;16
2002-07-30;10670,934821395429;7859,310367202279;2811,624454193151;16
2002-07-31;10651,392712051846;7859,310367202279;2792,082344849566;16
2002-08-01;10609,531358162512;7859,310367202279;2750,220990960233;16
2002-08-02;10523,168628247464;7859,310367202279;2663,8582610451845;16
2002-08-05;10454,549227802081;7859,310367202279;2595,2388605998017;16
2002-08-06;10512,425057653352;7859,310367202279;2653,1146904510724;16
2002-08-07;10533,272648209288;7859,310367202279;2673,9622810070096;16
2002-08-08;10577,602152357056;7859,310367202279;2718,2917851547777;16
2002-08-09;10581,404969542302;7859,310367202279;2722,094602340023;16
2002-08-12;10574,636626010473;7859,310367202279;2715,3262588081934;16
2002-08-13;10546,531832108492;7859,310367202279;2687,2214649062144;16
2002-08-14;10600,804874707985;7859,310367202279;2741,4945075057058;16
2002-08-15;10631,972064215732;7859,310367202279;2772,661697013453;16
2002-08-16;10614,4179748524;7859,310367202279;2755,107607650121;16
2002-08-19;10651,611166944258;7859,310367202279;2792,30079974198;16
2002-08-20;10638,875562406734;7859,310367202279;2779,5651952044554;16
2002-08-21;10662,10293892907;7859,310367202279;2802,7925717267926;16
2002-08-22;10644,670369022262;7859,310367202279;2785,3600018199827;16
2002-08-23;10626,526801232569;7859,310367202279;2767,216434030289;16
2002-08-26;10649,702787784468;7859,310367202279;2790,39242058219;16
2002-08-27;10621,58706843638;7859,310367202279;2762,2767012341005;16
2002-08-28;10571,928414819844;7859,310367202279;2712,618047617565;16
2002-08-29;10579,97012943863;7859,310367202279;2720,6597622363515;16
2002-08-30;10587,486051182535;7859,310367202279;2728,175683980256;16
2002-09-03;10522,613456064679;7542,637730926628;2979,9757251380497;17
2002-09-04;10569,527441880491;7542,637730926628;3026,889710953864;17
2002-09-05;10552,964692858764;7542,637730926628;3010,3269619321363;17
2002-09-06;10569,891625017299;7542,637730926628;3027,2538940906716;17
2002-09-09;10599,463048081008;7542,637730926628;3056,8253171543797;17
2002-09-10;10610,801637620289;7542,637730926628;3068,163906693661;17
2002-09-11;10616,904811709863;7542,637730926628;3074,267080783235;17
2002-09-12;10573,284392420343;7542,637730926628;3030,6466614937144;17
2002-09-13;10588,419906007144;7542,637730926628;3045,782175080517;17
2002-09-16;10607,24122274024;7542,637730926628;3064,6034918136115;17
2002-09-17;10564,751088301087;7542,637730926628;3022,113357374459;17
2002-09-18;10525,283879873201;7542,637730926628;2982,646148946572;17
2002-09-19;10444,232776057972;7542,637730926628;2901,5950451313433;17
2002-09-20;10446,676449512825;7542,637730926628;2904,038718586197;17
2002-09-23;10382,746403964466;7542,637730926628;2840,1086730378365;17
2002-09-24;10352,412939958713;7542,637730926628;2809,7752090320846;17
2002-09-25;10389,905432477733;7542,637730926628;2847,2677015511053;17
2002-09-26;10441,257567582148;7542,637730926628;2898,61983665552;17
2002-09-27;10447,08776596547;7542,637730926628;2904,450035038842;17
2002-09-30;10428,554603420558;7820,8628976320115;2607,6917057885457;15
2002-10-01;10453,753272735434;7820,8628976320115;2632,8903751034227;15
2002-10-02;10430,300445747784;7820,8628976320115;2609,4375481157726;15
2002-10-03;10422,043350393313;7820,8628976320115;2601,180452761301;15
2002-10-04;10339,690606162761;7820,8628976320115;2518,8277085307495;15
2002-10-07;10289,755455485327;7820,8628976320115;2468,8925578533153;15
2002-10-08;10335,76389325364;7820,8628976320115;2514,9009956216287;15
2002-10-09;10318,216263017135;7820,8628976320115;2497,3533653851237;15
2002-10-10;10374,564702610796;7820,8628976320115;2553,701804978785;15
2002-10-11;10426,848124847194;7820,8628976320115;2605,9852272151825;15
2002-10-14;10452,22259300058;7820,8628976320115;2631,3596953685683;15
2002-10-15;10491,790626703125;7820,8628976320115;2670,9277290711143;15
2002-10-16;10484,99978155291;7820,8628976320115;2664,136883920897;15
2002-10-17;10497,04426436791;7820,8628976320115;2676,181366735899;15
2002-10-18;10507,665548941604;7820,8628976320115;2686,802651309594;15
2002-10-21;10540,6446609244;7820,8628976320115;2719,7817632923884;15
2002-10-22;10502,980674592243;7820,8628976320115;2682,117776960231;15
2002-10-23;10501,171586437138;7820,8628976320115;2680,3086888051266;15
2002-10-24;10476,226296776591;7820,8628976320115;2655,3633991445795;15
2002-10-25;10490,640836242917;7820,8628976320115;2669,777938610906;15
2002-10-28;10403,862209580648;7802,225689407947;2601,6365201727003;15
2002-10-29;10401,56430326045;7802,225689407947;2599,338613852502;15
2002-10-30;10419,551947084019;7802,225689407947;2617,326257676071;15
2002-10-31;10403,617800572936;7802,225689407947;2601,3921111649893;15
2002-11-01;10460,171079294816;7802,225689407947;2657,9453898868683;15
2002-11-04;10454,737376787063;7802,225689407947;2652,5116873791158;15
2002-11-05;10454,128452958972;7802,225689407947;2651,9027635510247;15
2002-11-06;10492,36073225582;7802,225689407947;2690,135042847873;15
2002-11-07;10451,986029336455;7802,225689407947;2649,7603399285076;15
2002-11-08;10402,054514860125;7802,225689407947;2599,828825452178;15
2002-11-11;10362,12272562717;7802,225689407947;2559,8970362192235;15
2002-11-12;10404,823635150122;7802,225689407947;2602,597945742174;15
2002-11-13;10443,805572545138;7802,225689407947;2641,579883137191;15
2002-11-14;10509,669482852009;7802,225689407947;2707,4437934440607;15
2002-11-15;10530,064112106764;7802,225689407947;2727,8384226988173;15
2002-11-18;10506,510150155238;7802,225689407947;2704,2844607472907;15
2002-11-19;10446,484122631262;7802,225689407947;2644,258433223314;15
2002-11-20;10488,546998098804;7802,225689407947;2686,3213086908568;15
2002-11-21;10503,224819019446;7802,225689407947;2700,9991296114986;15
2002-11-22;10496,197227688004;7802,225689407947;2693,971538280056;15
2002-11-25;10467,230712182914;7802,225689407947;2665,005022774967;15
2002-11-26;10397,28351055165;7802,225689407947;2595,057821143703;15
2002-11-27;10458,691821951052;7802,225689407947;2656,4661325431043;15
2002-11-29;10426,752660787617;7802,225689407947;2624,5269713796692;15
2002-12-02;10393,665275786914;7794,372130552802;2599,2931452341118;15
2002-12-03;10345,597825686698;7794,372130552802;2551,2256951338954;15
2002-12-04;10308,510439100366;7794,372130552802;2514,1383085475627;15
2002-12-05;10292,957101416714;7794,372130552802;2498,584970863911;15
2002-12-06;10316,44170178628;7794,372130552802;2522,0695712334764;15
2002-12-09;10231,318938810353;7794,372130552802;2436,9468082575495;15
2002-12-10;10267,89773726336;7794,372130552802;2473,5256067105574;15
2002-12-11;10260,315931636285;7794,372130552802;2465,9438010834824;15
2002-12-12;10276,22746269708;7794,372130552802;2481,855332144276;15
2002-12-13;10185,036903101347;7794,372130552802;2390,6647725485454;15
2002-12-16;10280,695969400585;7794,372130552802;2486,323838847782;15
2002-12-17;10261,176285858284;7794,372130552802;2466,804155305481;15
2002-12-18;10224,044537696222;7794,372130552802;2429,6724071434196;15
2002-12-19;10201,786333754513;7794,372130552802;2407,4142032017107;15
2002-12-20;10201,598112617674;7794,372130552802;2407,2259820648705;15
2002-12-23;10227,17361890664;7794,372130552802;2432,8014883538362;15
2002-12-24;10209,626407150692;7794,372130552802;2415,254276597889;15
2002-12-26;10201,363348625684;7794,372130552802;2406,991218072881;15
2002-12-27;10166,708740288772;7794,372130552802;2372,3366097359694;15
2002-12-30;10143,652584720836;7606,862286176871;2536,7902985439655;15
2002-12-31;10135,783136860024;7606,862286176871;2528,9208506831524;15
2003-01-02;10198,704901544077;7606,862286176871;2591,8426153672067;15
2003-01-03;10217,488827647898;7606,862286176871;2610,6265414710274;15
2003-01-06;10220,184655611158;7606,862286176871;2613,322369434287;15
2003-01-07;10205,615115218541;7606,862286176871;2598,75282904167;15
2003-01-08;10171,274506249149;7606,862286176871;2564,412220072277;15
2003-01-09;10226,437821529624;7606,862286176871;2619,575535352753;15
2003-01-10;10201,671079661817;7606,862286176871;2594,808793484947;15
2003-01-13;10180,819290753623;7606,862286176871;2573,9570045767523;15
2003-01-14;10173,363422897713;7606,862286176871;2566,5011367208435;15
2003-01-15;10131,823687130454;7606,862286176871;2524,9614009535844;15
2003-01-16;10145,486978411223;7606,862286176871;2538,6246922343535;15
2003-01-17;10102,815008229152;7606,862286176871;2495,9527220522814;15
2003-01-21;10072,256020297536;7606,862286176871;2465,3937341206647;15
2003-01-22;10063,638960354649;7606,862286176871;2456,7766741777773;15
2003-01-23;10115,467731549708;7606,862286176871;2508,6054453728375;15
2003-01-24;10103,23393844092;7606,862286176871;2496,3716522640507;15
2003-01-27;10067,641051964103;7606,862286176871;2460,7787657872314;15
2003-01-28;10101,207151461116;7606,862286176871;2494,3448652842458;15
2003-01-29;10116,347881283018;7606,862286176871;2509,4855951061477;15
2003-01-30;10097,424083189951;7606,862286176871;2490,5617970130797;15
2003-01-31;10112,82508830354;7606,862286176871;2505,9628021266685;15
2003-02-03;10109,172075449858;7077,4053149514675;3031,766760498391;18
2003-02-04;10100,675707951525;7077,4053149514675;3023,2703930000566;18
2003-02-05;10073,016248363254;7077,4053149514675;2995,610933411786;18
2003-02-06;10058,385934560334;7077,4053149514675;2980,9806196088657;18
2003-02-07;10024,826001983702;7077,4053149514675;2947,420687032234;18
2003-02-10;10013,735410040956;7077,4053149514675;2936,3300950894877;18
2003-02-11;10023,65340461882;7077,4053149514675;2946,248089667353;18
2003-02-12;10000,683743880687;7077,4053149514675;2923,2784289292185;18
2003-02-13;9995,248272918783;7077,4053149514675;2917,8429579673148;18
2003-02-14;10033,889656027162;7077,4053149514675;2956,4843410756944;18
2003-02-18;10108,153759239134;7077,4053149514675;3030,7484442876666;18
2003-02-19;10105,56943309711;7077,4053149514675;3028,1641181456407;18
2003-02-20;10121,52181520591;7077,4053149514675;3044,116500254442;18
2003-02-21;10150,842625897933;7077,4053149514675;3073,4373109464645;18
2003-02-24;10135,441886212997;7077,4053149514675;3058,0365712615303;18
2003-02-25;10140,070707406092;7077,4053149514675;3062,665392454625;18
2003-02-26;10138,748429243926;7077,4053149514675;3061,3431142924583;18
2003-02-27;10138,97781846462;7077,4053149514675;3061,5725035131527;18
2003-02-28;10132,236385101554;7077,4053149514675;3054,8310701500877;18
2003-03-03;10130,274064941008;7240,980312450608;2889,2937524904005;17
2003-03-04;10102,751196456531;7240,980312450608;2861,770884005923;17
2003-03-05;10128,171323319726;7240,980312450608;2887,1910108691172;17
2003-03-06;10126,827107522318;7240,980312450608;2885,84679507171;17
2003-03-07;10133,461972273126;7240,980312450608;2892,481659822518;17
2003-03-10;10090,002918162147;7240,980312450608;2849,0226057115383;17
2003-03-11;10075,861846089601;7240,980312450608;2834,881533638993;17
2003-03-12;10047,632385713572;7240,980312450608;2806,652073262964;17
2003-03-13;10111,962035554769;7240,980312450608;2870,98172310416;17
2003-03-14;10124,163287107716;7240,980312450608;2883,1829746571093;17
2003-03-17;10195,074724662805;7240,980312450608;2954,0944122121973;17
2003-03-18;10242,756595326064;7240,980312450608;3001,776282875456;17
2003-03-19;10231,834294480766;7240,980312450608;2990,853982030159;17
2003-03-20;10246,932911948776;7240,980312450608;3005,9525994981673;17
2003-03-21;10289,645365924855;7240,980312450608;3048,665053474247;17
2003-03-24;10214,57021519914;7240,980312450608;2973,5899027485325;17
2003-03-25;10290,600862364288;7240,980312450608;3049,6205499136795;17
2003-03-26;10291,428706631825;7240,980312450608;3050,448394181217;17
2003-03-27;10315,544344743334;7240,980312450608;3074,564032292725;17
2003-03-28;10299,562421452578;7240,980312450608;3058,5821090019695;17
2003-03-31;10276,945308281196;7359,983430622573;2916,9618776586235;17
2003-04-01;10303,985481797474;7359,983430622573;2944,0020511749;17
2003-04-02;10374,479757944253;7359,983430622573;3014,4963273216795;17
2003-04-03;10374,280739023754;7359,983430622573;3014,29730840118;17
2003-04-04;10321,392846016846;7359,983430622573;2961,4094153942738;17
2003-04-07;10335,766159514398;7359,983430622573;2975,7827288918247;17
2003-04-08;10315,237508040547;7359,983430622573;2955,254077417974;17
2003-04-09;10291,80672797504;7359,983430622573;2931,823297352466;17
2003-04-10;10316,800243818661;7359,983430622573;2956,816813196089;17
2003-04-11;10321,350447885197;7359,983430622573;2961,3670172626253;17
2003-04-14;10356,902503773465;7359,983430622573;2996,919073150892;17
2003-04-15;10375,885547045296;7359,983430622573;3015,9021164227233;17
2003-04-16;10300,3463077209;7359,983430622573;2940,3628770983264;17
2003-04-17;10373,003707593683;7359,983430622573;3013,0202769711104;17
2003-04-21;10355,793768621263;7359,983430622573;2995,81033799869;17
2003-04-22;10381,534719455818;7359,983430622573;3021,551288833245;17
2003-04-23;10403,959077544776;7359,983430622573;3043,975646922203;17
2003-04-24;10369,703448451884;7359,983430622573;3009,7200178293124;17
2003-04-25;10384,27756419574;7359,983430622573;3024,2941335731666;17
2003-04-28;10416,038799440461;7436,3724823506345;2979,666317089827;17
2003-04-29;10424,43640341454;7436,3724823506345;2988,063921063905;17
2003-04-30;10471,7569941245;7436,3724823506345;3035,3845117738656;17
2003-05-01;10451,295181427793;7436,3724823506345;3014,9226990771585;17
2003-05-02;10566,235032651;7436,3724823506345;3129,8625503003655;17
2003-05-05;10651,76839947696;7436,3724823506345;3215,3959171263245;17
2003-05-06;10669,697992455302;7436,3724823506345;3233,325510104667;17
2003-05-07;10661,821365980439;7436,3724823506345;3225,448883629804;17
2003-05-08;10614,482623342346;7436,3724823506345;3178,110140991712;17
2003-05-09;10697,169583826671;7436,3724823506345;3260,7971014760374;17
2003-05-12;10796,177294250934;7436,3724823506345;3359,8048119003006;17
2003-05-13;10813,284627343608;7436,3724823506345;3376,912144992974;17
2003-05-14;10869,654630488336;7436,3724823506345;3433,282148137701;17
2003-05-15;10908,250819142075;7436,3724823506345;3471,8783367914407;17
2003-05-16;10903,86760034698;7436,3724823506345;3467,4951179963473;17
2003-05-19;10814,647882233076;7436,3724823506345;3378,2753998824405;17
2003-05-20;10808,598537743183;7436,3724823506345;3372,226055392549;17
2003-05-21;10811,660918919211;7436,3724823506345;3375,288436568577;17
2003-05-22;10893,106174707616;7436,3724823506345;3456,7336923569824;17
2003-05-23;10920,094719770612;7436,3724823506345;3483,722237419977;17
2003-05-27;11121,912360816965;7436,3724823506345;3685,5398784663307;17
2003-05-28;11138,25548531431;7436,3724823506345;3701,883002963676;17
2003-05-29;11209,466303493908;7436,3724823506345;3773,093821143274;17
2003-05-30;11240,969381672947;7436,3724823506345;3804,5968993223123;17
2003-06-02;11265,10929952493;8259,455731016693;3005,6535685082363;16
2003-06-03;11239,876965192303;8259,455731016693;2980,421234175611;16
2003-06-04;11313,778920879184;8259,455731016693;3054,3231898624904;16
2003-06-05;11382,68674766972;8259,455731016693;3123,2310166530283;16
2003-06-06;11303,21870726567;8259,455731016693;3043,7629762489787;16
2003-06-09;11234,757263020303;8259,455731016693;2975,301532003611;16
2003-06-10;11287,079590938649;8259,455731016693;3027,623859921956;16
2003-06-11;11376,696654638934;8259,455731016693;3117,24092362224;16
2003-06-12;11390,014132833418;8259,455731016693;3130,5584018167247;16
2003-06-13;11320,083691057187;8259,455731016693;3060,6279600404937;16
2003-06-16;11366,188844779965;8259,455731016693;3106,733113763272;16
2003-06-17;11383,219323128442;8259,455731016693;3123,763592111749;16
2003-06-18;11390,808581773463;8259,455731016693;3131,3528507567703;16
2003-06-19;11343,585125126707;8259,455731016693;3084,1293941100143;16
2003-06-20;11307,248666020429;8259,455731016693;3047,792935003736;16
2003-06-23;11160,575578598218;8259,455731016693;2901,1198475815245;16
2003-06-24;11144,254880130866;8259,455731016693;2884,7991491141725;16
2003-06-25;11172,625952742032;8259,455731016693;2913,1702217253387;16
2003-06-26;11233,053526099944;8259,455731016693;2973,597795083251;16
2003-06-27;11259,481989334648;8259,455731016693;3000,0262583179556;16
2003-06-30;11254,500307120123;8079,100522529077;3175,399784591046;17
2003-07-01;11267,92804728324;8079,100522529077;3188,8275247541633;17
2003-07-02;11403,853045095519;8079,100522529077;3324,7525225664417;17
2003-07-03;11429,376951530598;8079,100522529077;3350,2764290015202;17
2003-07-07;11542,069210098165;8079,100522529077;3462,9686875690873;17
2003-07-08;11605,54964906768;8079,100522529077;3526,4491265386027;17
2003-07-09;11640,01926363618;8079,100522529077;3560,9187411071034;17
2003-07-10;11535,49427918085;8079,100522529077;3456,3937566517725;17
2003-07-11;11520,507187939842;8079,100522529077;3441,406665410764;17
2003-07-14;11633,247047482302;8079,100522529077;3554,1465249532243;17
2003-07-15;11590,443717910333;8079,100522529077;3511,343195381257;17
2003-07-16;11520,89822661445;8079,100522529077;3441,7977040853734;17
2003-07-17;11364,780740101038;8079,100522529077;3285,680217571961;17
2003-07-18;11355,758479397102;8079,100522529077;3276,657956868025;17
2003-07-21;11287,697268635282;8079,100522529077;3208,596746106204;17
2003-07-22;11397,671726617229;8079,100522529077;3318,5712040881513;17
2003-07-23;11469,663293119396;8079,100522529077;3390,562770590318;17
2003-07-24;11486,114004220359;8079,100522529077;3407,013481691281;17
2003-07-25;11502,679245655496;8079,100522529077;3423,5787231264185;17
2003-07-28;11558,813138415619;8477,374667692062;3081,4384707235567;16
2003-07-29;11485,685733667506;8477,374667692062;3008,3110659754443;16
2003-07-30;11472,898435236508;8477,374667692062;2995,523767544447;16
2003-07-31;11450,616315826463;8477,374667692062;2973,2416481344003;16
2003-08-01;11323,086735083372;8477,374667692062;2845,7120673913114;16
2003-08-04;11315,428478010374;8477,374667692062;2838,053810318312;16
2003-08-05;11263,648682489043;8477,374667692062;2786,2740147969816;16
2003-08-06;11188,155986858832;8477,374667692062;2710,78131916677;16
2003-08-07;11214,734518207766;8477,374667692062;2737,359850515704;16
2003-08-08;11253,793233516953;8477,374667692062;2776,4185658248907;16
2003-08-11;11356,725061478868;8477,374667692062;2879,350393786806;16
2003-08-12;11380,308080784758;8477,374667692062;2902,9334130926973;16
2003-08-13;11391,165356179674;8477,374667692062;2913,790688487611;16
2003-08-14;11380,531282523114;8477,374667692062;2903,156614831052;16
2003-08-15;11412,433258217063;8477,374667692062;2935,058590525001;16
2003-08-18;11486,319942310614;8477,374667692062;3008,945274618552;16
2003-08-19;11481,081219014937;8477,374667692062;3003,7065513228763;16
2003-08-20;11562,752677047367;8477,374667692062;3085,378009355306;16
2003-08-21;11651,498665548037;8477,374667692062;3174,1239978559756;16
2003-08-22;11617,649504018273;8477,374667692062;3140,2748363262112;16
2003-08-25;11601,77783819079;8477,374667692062;3124,4031704987283;16
2003-08-26;11604,700318665633;8477,374667692062;3127,32565097357;16
2003-08-27;11703,363222859512;8477,374667692062;3225,9885551674497;16
2003-08-28;11729,021770731262;8477,374667692062;3251,647103039201;16
2003-08-29;11797,234726337409;8477,374667692062;3319,8600586453467;16
2003-09-02;11834,529613076429;8676,947863272662;3157,581749803766;16
2003-09-03;11839,840013643408;8676,947863272662;3162,8921503707456;16
2003-09-04;11900,076854995967;8676,947863272662;3223,128991723305;16
2003-09-05;11909,304287185825;8676,947863272662;3232,3564239131633;16
2003-09-08;11936,938909608329;8676,947863272662;3259,9910463356673;16
2003-09-09;11886,868825263447;8676,947863272662;3209,9209619907856;16
2003-09-10;11786,969505149531;8676,947863272662;3110,021641876869;16
2003-09-11;11838,672883467967;8676,947863272662;3161,7250201953057;16
2003-09-12;11874,5831323099;8676,947863272662;3197,635269037237;16
2003-09-15;11857,840136308669;8676,947863272662;3180,8922730360064;16
2003-09-16;11927,441500883342;8676,947863272662;3250,493637610679;16
2003-09-17;11961,745874376218;8676,947863272662;3284,7980111035554;16
2003-09-18;11994,882785820337;8676,947863272662;3317,934922547675;16
2003-09-19;12031,325855521294;8676,947863272662;3354,3779922486324;16
2003-09-22;12007,676311599942;8676,947863272662;3330,72844832728;16
2003-09-23;12052,477213752467;8676,947863272662;3375,529350479805;16
2003-09-24;11943,196334694563;8676,947863272662;3266,2484714219017;16
2003-09-25;11845,35851897908;8676,947863272662;3168,410655706418;16
2003-09-26;11732,362532114152;8676,947863272662;3055,4146688414885;16
2003-09-29;11763,601097495848;8279,784023450497;3483,8170740453525;18
2003-09-30;11737,390458793105;8279,784023450497;3457,6064353426086;18
2003-10-01;11822,943770544603;8279,784023450497;3543,159747094106;18
2003-10-02;11945,950544922756;8279,784023450497;3666,16652147226;18
2003-10-03;12038,060492334793;8279,784023450497;3758,2764688842963;18
2003-10-06;12122,184786586331;8279,784023450497;3842,4007631358336;18
2003-10-07;12167,039817567253;8279,784023450497;3887,255794116756;18
2003-10-08;12192,778489694663;8279,784023450497;3912,9944662441662;18
2003-10-09;12227,113242101754;8279,784023450497;3947,329218651257;18
2003-10-10;12230,205346547875;8279,784023450497;3950,4213230973783;18
2003-10-13;12347,850050857909;8279,784023450497;4068,0660274074135;18
2003-10-14;12409,906590829087;8279,784023450497;4130,122567378589;18
2003-10-15;12349,994818735642;8279,784023450497;4070,2107952851457;18
2003-10-16;12456,818546700802;8279,784023450497;4177,034523250306;18
2003-10-17;12399,424547895453;8279,784023450497;4119,640524444956;18
2003-10-20;12442,810311767233;8279,784023450497;4163,026288316735;18
2003-10-21;12562,866352450319;8279,784023450497;4283,0823289998225;18
2003-10-22;12470,12940216998;8279,784023450497;4190,345378719483;18
2003-10-23;12473,159665482479;8279,784023450497;4193,375642031982;18
2003-10-24;12447,886550302854;8279,784023450497;4168,102526852358;18
2003-10-27;12537,66739467971;8279,784023450497;4257,8833712292135;18
2003-10-28;12681,678960112544;8279,784023450497;4401,894936662047;18
2003-10-29;12805,097007681858;8279,784023450497;4525,312984231361;18
2003-10-30;12870,221955896472;8279,784023450497;4590,437932445974;18
2003-10-31;12809,734204425346;8279,784023450497;4529,95018097485;18
2003-11-03;12905,694844540812;8983,1035103117;3922,5913342291124;18
2003-11-04;12936,694157605423;8983,1035103117;3953,5906472937236;18
2003-11-05;12904,917920872716;8983,1035103117;3921,8144105610177;18
2003-11-06;12880,38255318382;8983,1035103117;3897,27904287212;18
2003-11-07;12938,819433848194;8983,1035103117;3955,715923536494;18
2003-11-10;12885,792471699808;8983,1035103117;3902,688961388108;18
2003-11-11;12813,153707199108;8983,1035103117;3830,0501968874078;18
2003-11-12;12937,39571680657;8983,1035103117;3954,2922064948707;18
2003-11-13;12941,286736391843;8983,1035103117;3958,183226080144;18
2003-11-14;12879,361170532127;8983,1035103117;3896,257660220429;18
2003-11-17;12823,866464823968;8983,1035103117;3840,762954512268;18
2003-11-18;12838,294654368881;8983,1035103117;3855,191144057181;18
2003-11-19;12857,979935333966;8983,1035103117;3874,8764250222666;18
2003-11-20;12841,088551377452;8983,1035103117;3857,9850410657536;18
2003-11-21;12876,249567092269;8983,1035103117;3893,14605678057;18
2003-11-24;13054,303006620625;8983,1035103117;4071,199496308926;18
2003-11-25;13125,671070006027;8983,1035103117;4142,567559694327;18
2003-11-26;13197,497914039312;8983,1035103117;4214,394403727613;18
2003-11-28;13258,225060636956;8983,1035103117;4275,121550325257;18
2003-12-01;13341,86700059061;9331,977094276648;4009,8899063139606;18
2003-12-02;13344,177890356323;9331,977094276648;4012,2007960796745;18
2003-12-03;13232,748077099197;9331,977094276648;3900,7709828225493;18
2003-12-04;13133,194514625808;9331,977094276648;3801,2174203491586;18
2003-12-05;13083,164544135652;9331,977094276648;3751,187449859005;18
2003-12-08;13087,203389466922;9331,977094276648;3755,226295190274;18
2003-12-09;13003,59731326326;9331,977094276648;3671,620218986613;18
2003-12-10;12926,211659836628;9331,977094276648;3594,2345655599806;18
2003-12-11;13060,277309479632;9331,977094276648;3728,300215202985;18
2003-12-12;13076,334820545377;9331,977094276648;3744,3577262687295;18
2003-12-15;13027,69729157466;9331,977094276648;3695,7201972980106;18
2003-12-16;12977,930687913578;9331,977094276648;3645,9535936369302;18
2003-12-17;12979,861863990996;9331,977094276648;3647,8847697143483;18
2003-12-18;13076,97107163096;9331,977094276648;3744,993977354313;18
2003-12-19;13029,733357812092;9331,977094276648;3697,7562635354448;18
2003-12-22;13010,600472182015;9331,977094276648;3678,6233779053678;18
2003-12-23;13054,51103971176;9331,977094276648;3722,533945435113;18
2003-12-24;13059,845182880286;9331,977094276648;3727,868088603638;18
2003-12-26;13095,80937908452;9331,977094276648;3763,832284807872;18
2003-12-29;13169,65241196825;9440,794907189524;3728,857504778728;17
2003-12-30;13134,419250123294;9440,794907189524;3693,6243429337696;17
2003-12-31;13093,35475897886;9440,794907189524;3652,5598517893363;17
2004-01-02;13106,378420560735;9440,794907189524;3665,5835133712117;17
2004-01-05;13188,132498740504;9440,794907189524;3747,33759155098;17
2004-01-06;13230,382937092665;9440,794907189524;3789,588029903141;17
2004-01-07;13289,886363547623;9440,794907189524;3849,091456358099;17
2004-01-08;13326,353012064483;9440,794907189524;3885,558104874958;17
2004-01-09;13374,514913836803;9440,794907189524;3933,720006647279;17
2004-01-12;13432,310617438041;9440,794907189524;3991,5157102485173;17
2004-01-13;13364,63559479667;9440,794907189524;3923,8406876071463;17
2004-01-14;13467,112158295497;9440,794907189524;4026,3172511059734;17
2004-01-15;13491,909691942807;9440,794907189524;4051,1147847532825;17
2004-01-16;13570,103446158239;9440,794907189524;4129,308538968716;17
2004-01-20;13622,141439304738;9440,794907189524;4181,346532115213;17
2004-01-21;13600,365359478401;9440,794907189524;4159,570452288878;17
2004-01-22;13583,33678096766;9440,794907189524;4142,541873778136;17
2004-01-23;13566,950129387593;9440,794907189524;4126,155222198069;17
2004-01-26;13640,306106036463;9440,794907189524;4199,511198846939;17
2004-01-27;13585,328957882946;9440,794907189524;4144,534050693423;17
2004-01-28;13475,582331665573;9440,794907189524;4034,7874244760487;17
2004-01-29;13430,149989618329;9440,794907189524;3989,355082428805;17
2004-01-30;13487,924396771545;9440,794907189524;4047,1294895820215;17
2004-02-02;13464,061536533796;9221,623178764825;4242,438357768971;19
2004-02-03;13366,300101506553;9221,623178764825;4144,676922741727;19
2004-02-04;13263,392614805358;9221,623178764825;4041,769436040534;19
2004-02-05;13317,925174734251;9221,623178764825;4096,301995969427;19
2004-02-06;13468,958591962328;9221,623178764825;4247,335413197503;19
2004-02-09;13490,76707445372;9221,623178764825;4269,143895688896;19
2004-02-10;13493,133274825203;9221,623178764825;4271,510096060377;19
2004-02-11;13581,39120977977;9221,623178764825;4359,768031014944;19
2004-02-12;13621,116558468551;9221,623178764825;4399,493379703727;19
2004-02-13;13523,900845565735;9221,623178764825;4302,277666800911;19
2004-02-17;13603,208862178126;9221,623178764825;4381,585683413301;19
2004-02-18;13592,906512121848;9221,623178764825;4371,2833333570225;19
2004-02-19;13463,579045568433;9221,623178764825;4241,955866803607;19
2004-02-20;13487,43987986213;9221,623178764825;4265,816701097306;19
2004-02-23;13360,108370167309;9221,623178764825;4138,485191402484;19
2004-02-24;13294,201070408828;9221,623178764825;4072,577891644004;19
2004-02-25;13346,983341504238;9221,623178764825;4125,360162739412;19
2004-02-26;13420,732235455685;9221,623178764825;4199,109056690861;19
2004-02-27;13446,50052972149;9221,623178764825;4224,877350956665;19
2004-03-01;13504,572464111268;9677,755148260958;3826,8173158503114;17
2004-03-02;13487,412442463887;9677,755148260958;3809,657294202928;17
2004-03-03;13459,672331633767;9677,755148260958;3781,9171833728083;17
2004-03-04;13509,536167776329;9677,755148260958;3831,7810195153706;17
2004-03-05;13527,228812608551;9677,755148260958;3849,4736643475944;17
2004-03-08;13478,221782675628;9677,755148260958;3800,46663441467;17
2004-03-09;13404,699426973515;9677,755148260958;3726,9442787125568;17
2004-03-10;13315,14215530154;9677,755148260958;3637,3870070405833;17
2004-03-11;13241,505742367484;9677,755148260958;3563,750594106527;17
2004-03-12;13321,744128546954;9677,755148260958;3643,9889802859957;17
2004-03-15;13209,7502460055;9677,755148260958;3531,9950977445415;17
2004-03-16;13174,410292909532;9677,755148260958;3496,6551446485746;17
2004-03-17;13274,409048037094;9677,755148260958;3596,6538997761354;17
2004-03-18;13287,805032570212;9677,755148260958;3610,0498843092532;17
2004-03-19;13268,25896904118;9677,755148260958;3590,5038207802236;17
2004-03-22;13193,941140961908;9677,755148260958;3516,18599270095;17
2004-03-23;13162,535364311196;9677,755148260958;3484,780216050239;17
2004-03-24;13167,862820600225;9677,755148260958;3490,1076723392675;17
2004-03-25;13325,995883047886;9677,755148260958;3648,2407347869284;17
2004-03-26;13366,431892690722;9677,755148260958;3688,6767444297643;17
2004-03-29;13490,28787715972;9669,556851178359;3820,731025981363;17
2004-03-30;13564,444371767117;9669,556851178359;3894,887520588757;17
2004-03-31;13513,011087824498;9669,556851178359;3843,4542366461387;17
2004-04-01;13570,121072292948;9669,556851178359;3900,564221114589;17
2004-04-02;13620,715090745174;9669,556851178359;3951,1582395668156;17
2004-04-05;13604,197907970338;9669,556851178359;3934,6410567919784;17
2004-04-06;13610,061794097608;9669,556851178359;3940,50494291925;17
2004-04-07;13600,808988585635;9669,556851178359;3931,252137407277;17
2004-04-08;13636,880833133426;9669,556851178359;3967,3239819550677;17
2004-04-12;13655,214088802557;9669,556851178359;3985,6572376241975;17
2004-04-13;13556,243837826112;9669,556851178359;3886,6869866477537;17
2004-04-14;13557,211358261997;9669,556851178359;3887,6545070836387;17
2004-04-15;13550,882385977962;9669,556851178359;3881,325534799604;17
2004-04-16;13543,176403023697;9669,556851178359;3873,6195518453387;17
2004-04-19;13568,33807761844;9669,556851178359;3898,7812264400823;17
2004-04-20;13352,389213918308;9669,556851178359;3682,8323627399486;17
2004-04-21;13435,727163188769;9669,556851178359;3766,17031201041;17
2004-04-22;13472,693707022756;9669,556851178359;3803,136855844397;17
2004-04-23;13449,695903210386;9669,556851178359;3780,139052032028;17
2004-04-26;13419,070216560414;9669,556851178359;3749,5133653820562;17
2004-04-27;13378,673997689468;9669,556851178359;3709,1171465111097;17
2004-04-28;13261,737430828034;9669,556851178359;3592,1805796496747;17
2004-04-29;13198,843968275418;9669,556851178359;3529,28711709706;17
2004-04-30;13095,037177687163;9669,556851178359;3425,4803265088044;17
2004-05-03;13153,821143501875;9653,425948415063;3500,395195086813;16
2004-05-04;13188,165025519489;9653,425948415063;3534,7390771044265;16
2004-05-05;13202,165387324283;9653,425948415063;3548,73943890922;16
2004-05-06;13151,284197304103;9653,425948415063;3497,858248889041;16
2004-05-07;13093,21399016683;9653,425948415063;3439,7880417517686;16
2004-05-10;13001,125176032583;9653,425948415063;3347,6992276175215;16
2004-05-11;13055,450026032551;9653,425948415063;3402,0240776174883;16
2004-05-12;13079,873002470176;9653,425948415063;3426,4470540551133;16
2004-05-13;13100,578662488824;9653,425948415063;3447,152714073761;16
2004-05-14;13084,18105951816;9653,425948415063;3430,755111103096;16
2004-05-17;13047,453377862856;9653,425948415063;3394,027429447793;16
2004-05-18;13103,078925952137;9653,425948415063;3449,652977537074;16
2004-05-19;13122,72215074257;9653,425948415063;3469,2962023275063;16
2004-05-20;13125,179630104827;9653,425948415063;3471,753681689765;16
2004-05-21;13142,084044175028;9653,425948415063;3488,658095759965;16
2004-05-24;13159,880205929547;9653,425948415063;3506,4542575144837;16
2004-05-25;13241,990256192063;9653,425948415063;3588,564307777;16
2004-05-26;13252,188637708405;9653,425948415063;3598,762689293342;16
2004-05-27;13266,768975226532;9653,425948415063;3613,34302681147;16
2004-05-28;13271,531458117512;9653,425948415063;3618,1055097024496;16
2004-06-01;13300,26483914666;9752,060958031523;3548,203881115136;16
2004-06-02;13294,111075477056;9752,060958031523;3542,050117445533;16
2004-06-03;13221,591706993406;9752,060958031523;3469,5307489618826;16
2004-06-04;13242,358314797752;9752,060958031523;3490,2973567662293;16
2004-06-07;13308,568836037684;9752,060958031523;3556,507878006161;16
2004-06-08;13319,667144624165;9752,060958031523;3567,606186592642;16
2004-06-09;13243,956360519813;9752,060958031523;3491,8954024882905;16
2004-06-10;13244,710178716174;9752,060958031523;3492,6492206846506;16
2004-06-14;13179,976587837584;9752,060958031523;3427,9156298060598;16
2004-06-15;13210,804016320406;9752,060958031523;3458,743058288883;16
2004-06-16;13214,34874991819;9752,060958031523;3462,2877918866666;16
2004-06-17;13204,067450515075;9752,060958031523;3452,006492483552;16
2004-06-18;13193,351231401779;9752,060958031523;3441,2902733702554;16
2004-06-21;13242,816648106329;9752,060958031523;3490,755690074806;16
2004-06-22;13267,485691937858;9752,060958031523;3515,424733906334;16
2004-06-23;13380,22872202378;9752,060958031523;3628,167763992257;16
2004-06-24;13395,994820628035;9752,060958031523;3643,933862596513;16
2004-06-25;13494,22382871201;9752,060958031523;3742,1628706804872;16
2004-06-28;13502,387970534639;9896,357503015222;3606,030467519416;16
2004-06-29;13511,033446253161;9896,357503015222;3614,6759432379376;16
2004-06-30;13565,876023084176;9896,357503015222;3669,518520068954;16
2004-07-01;13540,387708678947;9896,357503015222;3644,0302056637247;16
2004-07-02;13509,114103145766;9896,357503015222;3612,756600130545;16
2004-07-06;13464,964840946426;9896,357503015222;3568,6073379312043;16
2004-07-07;13490,05263294983;9896,357503015222;3593,695129934608;16
2004-07-08;13413,493522704564;9896,357503015222;3517,1360196893424;16
2004-07-09;13427,234299357548;9896,357503015222;3530,876796342325;16
2004-07-12;13395,303507325068;9896,357503015222;3498,946004309847;16
2004-07-13;13394,126645931276;9896,357503015222;3497,769142916053;16
2004-07-14;13408,166130434716;9896,357503015222;3511,8086274194934;16
2004-07-15;13422,224880489666;9896,357503015222;3525,8673774744448;16
2004-07-16;13406,176667584039;9896,357503015222;3509,819164568816;16
2004-07-19;13359,609827409191;9896,357503015222;3463,252324393969;16
2004-07-20;13395,04491308811;9896,357503015222;3498,6874100728874;16
2004-07-21;13281,745130289379;9896,357503015222;3385,3876272741554;16
2004-07-22;13265,805957311011;9896,357503015222;3369,4484542957894;16
2004-07-23;13215,601351513515;9896,357503015222;3319,2438484982927;16
2004-07-26;13126,703294440016;9896,357503015222;3230,3457914247933;16
2004-07-27;13297,206931519477;9896,357503015222;3400,8494285042543;16
2004-07-28;13328,339387301967;9896,357503015222;3431,9818842867453;16
2004-07-29;13384,919469470218;9896,357503015222;3488,5619664549963;16
2004-07-30;13395,345211814336;9896,357503015222;3498,9877087991126;16
2004-08-02;13363,349852692878;10021,741964165418;3341,6078885274605;15
2004-08-03;13335,41252572815;10021,741964165418;3313,6705615627325;15
2004-08-04;13318,134465078918;10021,741964165418;3296,392500913499;15
2004-08-05;13239,016650092773;10021,741964165418;3217,2746859273548;15
2004-08-06;13166,369257854241;10021,741964165418;3144,627293688824;15
2004-08-09;13174,867271362671;10021,741964165418;3153,125307197253;15
2004-08-10;13275,620201441216;10021,741964165418;3253,8782372757987;15
2004-08-11;13261,508895654064;10021,741964165418;3239,766931488647;15
2004-08-12;13215,996425555919;10021,741964165418;3194,2544613905015;15
2004-08-13;13222,06319970287;10021,741964165418;3200,3212355374526;15
2004-08-16;13275,19821424034;10021,741964165418;3253,4562500749216;15
2004-08-17;13259,274489708336;10021,741964165418;3237,532525542918;15
2004-08-18;13338,333004824473;10021,741964165418;3316,591040659056;15
2004-08-19;13326,55216879937;10021,741964165418;3304,8102046339523;15
2004-08-20;13345,649041245455;10021,741964165418;3323,9070770800363;15
2004-08-23;13310,79516477529;10021,741964165418;3289,0532006098724;15
2004-08-24;13314,421808924722;10021,741964165418;3292,679844759305;15
2004-08-25;13355,667514552875;10021,741964165418;3333,9255503874583;15
2004-08-26;13356,12927485983;10021,741964165418;3334,3873106944116;15
2004-08-27;13384,1979467838;10021,741964165418;3362,455982618382;15
2004-08-30;13321,436027242962;9576,397315911483;3745,038711331478;17
2004-08-31;13389,641075994783;9576,397315911483;3813,2437600833;17
2004-09-01;13409,81386636617;9576,397315911483;3833,4165504546872;17
2004-09-02;13484,213323254922;9576,397315911483;3907,8160073434397;17
2004-09-03;13478,945044376795;9576,397315911483;3902,547728465312;17
2004-09-07;13529,724032772454;9576,397315911483;3953,326716860972;17
2004-09-08;13514,123166661437;9576,397315911483;3937,7258507499528;17
2004-09-09;13561,423496803944;9576,397315911483;3985,026180892461;17
2004-09-10;13612,969261471328;9576,397315911483;4036,5719455598437;17
2004-09-13;13626,576201814674;9576,397315911483;4050,178885903192;17
2004-09-14;13640,650406079543;9576,397315911483;4064,25309016806;17
2004-09-15;13615,91692649267;9576,397315911483;4039,5196105811865;17
2004-09-16;13639,165003076792;9576,397315911483;4062,7676871653084;17
2004-09-17;13680,596241359332;9576,397315911483;4104,1989254478485;17
2004-09-20;13685,12150342574;9576,397315911483;4108,724187514258;17
2004-09-21;13732,886890694903;9576,397315911483;4156,48957478342;17
2004-09-22;13673,778807600105;9576,397315911483;4097,381491688622;17
2004-09-23;13659,218565646986;9576,397315911483;4082,8212497355034;17
2004-09-24;13678,196247384107;9576,397315911483;4101,798931472624;17
2004-09-27;13657,738860890251;9579,633418908197;4078,1054419820534;18
2004-09-28;13702,720842251885;9579,633418908197;4123,087423343689;18
2004-09-29;13727,481826471489;9579,633418908197;4147,8484075632905;18
2004-09-30;13772,653529730831;9579,633418908197;4193,020110822634;18
2004-10-01;13821,025373730492;9579,633418908197;4241,391954822294;18
2004-10-04;13867,478106650542;9579,633418908197;4287,844687742344;18
2004-10-05;13879,789934262464;9579,633418908197;4300,156515354267;18
2004-10-06;13945,439661309185;9579,633418908197;4365,806242400987;18
2004-10-07;13900,41481475048;9579,633418908197;4320,781395842283;18
2004-10-08;13841,484827433509;9579,633418908197;4261,851408525313;18
2004-10-11;13845,945635970218;9579,633418908197;4266,312217062021;18
2004-10-12;13844,196756355912;9579,633418908197;4264,563337447715;18
2004-10-13;13741,518133514759;9579,633418908197;4161,884714606562;18
2004-10-14;13780,066750356225;9579,633418908197;4200,433331448028;18
2004-10-15;13797,603860065661;9579,633418908197;4217,970441157463;18
2004-10-18;13825,97953326178;9579,633418908197;4246,346114353583;18
2004-10-19;13770,636063288775;9579,633418908197;4191,002644380578;18
2004-10-20;13771,788527136156;9579,633418908197;4192,155108227958;18
2004-10-21;13795,525810149586;9579,633418908197;4215,892391241389;18
2004-10-22;13751,02505555913;9579,633418908197;4171,391636650934;18
2004-10-25;13797,618894038818;9579,633418908197;4217,985475130621;18
2004-10-26;13856,350448965248;9579,633418908197;4276,7170300570515;18
2004-10-27;13943,939858085629;9579,633418908197;4364,306439177431;18
2004-10-28;13909,724526015216;9579,633418908197;4330,091107107018;18
2004-10-29;13949,69398753033;9579,633418908197;4370,060568622133;18
2004-11-01;13997,293561313392;10010,29563731589;3986,9979239975023;17
2004-11-02;14033,227684408248;10010,29563731589;4022,932047092358;17
2004-11-03;14085,57638666726;10010,29563731589;4075,2807493513706;17
2004-11-04;14134,29302795358;10010,29563731589;4123,997390637689;17
2004-11-05;14147,701288205039;10010,29563731589;4137,405650889148;17
2004-11-08;14181,76573224201;10010,29563731589;4171,47009492612;17
2004-11-09;14180,672252869887;10010,29563731589;4170,376615553996;17
2004-11-10;14213,315406854448;10010,29563731589;4203,019769538558;17
2004-11-11;14270,383063950434;10010,29563731589;4260,087426634543;17
2004-11-12;14322,502820620217;10010,29563731589;4312,2071833043265;17
2004-11-15;14344,292392768453;10010,29563731589;4333,996755452563;17
2004-11-16;14307,516800349382;10010,29563731589;4297,2211630334905;17
2004-11-17;14312,996914891755;10010,29563731589;4302,701277575866;17
2004-11-18;14348,535104928735;10010,29563731589;4338,239467612843;17
2004-11-19;14244,371239828142;10010,29563731589;4234,075602512252;17
2004-11-22;14310,023899085962;10010,29563731589;4299,72826177007;17
2004-11-23;14330,367050706416;10010,29563731589;4320,071413390526;17
2004-11-24;14369,168686570689;10010,29563731589;4358,873049254798;17
2004-11-26;14353,275670474188;10010,29563731589;4342,980033158297;17
2004-11-29;14413,668792660195;10028,405771460157;4385,263021200039;18
2004-11-30;14449,864426363934;10028,405771460157;4421,458654903778;18
2004-12-01;14542,005295812043;10028,405771460157;4513,599524351887;18
2004-12-02;14484,559992980583;10028,405771460157;4456,154221520425;18
2004-12-03;14533,7054367905;10028,405771460157;4505,299665330344;18
2004-12-06;14519,219634490235;10028,405771460157;4490,813863030078;18
2004-12-07;14351,788123701548;10028,405771460157;4323,382352241391;18
2004-12-08;14374,13712009391;10028,405771460157;4345,731348633754;18
2004-12-09;14388,565510856617;10028,405771460157;4360,159739396461;18
2004-12-10;14427,763798516044;10028,405771460157;4399,358027055887;18
2004-12-13;14512,616135145581;10028,405771460157;4484,2103636854235;18
2004-12-14;14488,23147410225;10028,405771460157;4459,825702642093;18
2004-12-15;14531,364646877464;10028,405771460157;4502,958875417306;18
2004-12-16;14467,796495316174;10028,405771460157;4439,390723856017;18
2004-12-17;14464,256895439661;10028,405771460157;4435,851123979504;18
2004-12-20;14434,454520737778;10028,405771460157;4406,04874927762;18
2004-12-21;14494,57618417998;10028,405771460157;4466,170412719824;18
2004-12-22;14490,048795219256;10028,405771460157;4461,6430237591;18
2004-12-23;14508,354311838106;10028,405771460157;4479,94854037795;18
2004-12-27;14469,280211543517;10028,405771460157;4440,87444008336;18
2004-12-28;14543,122630959519;10028,405771460157;4514,716859499361;18
2004-12-29;14550,446671712567;10028,405771460157;4522,04090025241;18
2004-12-30;14552,746139351566;10028,405771460157;4524,34036789141;18
2004-12-31;14548,828243552769;10028,405771460157;4520,422472092612;18
2005-01-03;14428,825909181083;9876,79908919929;4552,026819981794;19
2005-01-04;14329,223308904882;9876,79908919929;4452,424219705591;19
2005-01-05;14293,701021156932;9876,79908919929;4416,901931957641;19
2005-01-06;14291,800562690762;9876,79908919929;4415,001473491471;19
2005-01-07;14258,616222590332;9876,79908919929;4381,81713339104;19
2005-01-10;14282,597655500176;9876,79908919929;4405,798566300886;19
2005-01-11;14109,077127946046;9876,79908919929;4232,278038746756;19
2005-01-12;14121,270930343097;9876,79908919929;4244,471841143805;19
2005-01-13;14203,685962618201;9876,79908919929;4326,886873418911;19
2005-01-14;14252,729469337228;9876,79908919929;4375,9303801379365;19
2005-01-18;14302,548870184575;9876,79908919929;4425,749780985284;19
2005-01-19;14215,835768534831;9876,79908919929;4339,0366793355415;19
2005-01-20;14147,623451856936;9876,79908919929;4270,824362657645;19
2005-01-21;14154,578721652379;9876,79908919929;4277,779632453089;19
2005-01-24;14074,91987390034;9876,79908919929;4198,120784701049;19
2005-01-25;14098,070193310406;9876,79908919929;4221,271104111116;19
2005-01-26;14173,408711370295;9876,79908919929;4296,609622171006;19
2005-01-27;14202,066193010087;9876,79908919929;4325,2671038107965;19
2005-01-28;14192,717188107585;9876,79908919929;4315,918098908294;19
2005-01-31;14289,21775234246;10259,66590212172;4029,5518502207397;17
2005-02-01;14316,432434715713;10259,66590212172;4056,7665325939915;17
2005-02-02;14375,538528878962;10259,66590212172;4115,872626757241;17
2005-02-03;14414,672443715695;10259,66590212172;4155,006541593975;17
2005-02-04;14478,428688331496;10259,66590212172;4218,762786209775;17
2005-02-07;14427,465301511102;10259,66590212172;4167,7993993893815;17
2005-02-08;14456,274825882303;10259,66590212172;4196,608923760583;17
2005-02-09;14427,986075890156;10259,66590212172;4168,320173768435;17
2005-02-10;14501,673849247263;10259,66590212172;4242,007947125543;17
2005-02-11;14557,084353878052;10259,66590212172;4297,418451756332;17
2005-02-14;14563,350763273167;10259,66590212172;4303,684861151448;17
2005-02-15;14572,506594447943;10259,66590212172;4312,840692326224;17
2005-02-16;14651,211802709046;10259,66590212172;4391,545900587325;17
2005-02-17;14615,975951278178;10259,66590212172;4356,310049156457;17
2005-02-18;14632,446560108852;10259,66590212172;4372,780657987132;17
2005-02-22;14530,454259127615;10259,66590212172;4270,788357005894;17
2005-02-23;14582,83308509651;10259,66590212172;4323,167182974789;17
2005-02-24;14649,441387852014;10259,66590212172;4389,775485730294;17
2005-02-25;14738,24130463892;10259,66590212172;4478,575402517199;17
2005-02-28;14690,993551291298;10526,199913545275;4164,793637746023;17
2005-03-01;14679,565517560975;10526,199913545275;4153,365604015701;17
2005-03-02;14684,254161780553;10526,199913545275;4158,054248235278;17
2005-03-03;14679,961254117841;10526,199913545275;4153,761340572566;17
2005-03-04;14749,339013665944;10526,199913545275;4223,1391001206675;17
2005-03-07;14756,715139438527;10526,199913545275;4230,515225893252;17
2005-03-08;14663,858200385323;10526,199913545275;4137,658286840048;17
2005-03-09;14591,757019945755;10526,199913545275;4065,557106400479;17
2005-03-10;14538,001675991656;10526,199913545275;4011,8017624463805;17
2005-03-11;14604,997069820749;10526,199913545275;4078,7971562754738;17
2005-03-14;14612,276759024557;10526,199913545275;4086,0768454792806;17
2005-03-15;14597,788503832315;10526,199913545275;4071,5885902870396;17
2005-03-16;14556,725007011975;10526,199913545275;4030,5250934667;17
2005-03-17;14582,07669472694;10526,199913545275;4055,8767811816642;17
2005-03-18;14562,780018168429;10526,199913545275;4036,5801046231527;17
2005-03-21;14575,143868910056;10526,199913545275;4048,9439553647812;17
2005-03-22;14550,410579660525;10526,199913545275;4024,2106661152507;17
2005-03-23;14497,429140843436;10526,199913545275;3971,2292272981604;17
2005-03-24;14520,833948139085;10526,199913545275;3994,6340345938097;17
2005-03-28;14507,705485239592;10670,553585525213;3837,151899714379;16
2005-03-29;14427,972241333395;10670,553585525213;3757,418655808181;16
2005-03-30;14461,974148081219;10670,553585525213;3791,4205625560066;16
2005-03-31;14473,865094845705;10670,553585525213;3803,311509320492;16
2005-04-01;14487,086941136597;10670,553585525213;3816,533355611384;16
2005-04-04;14478,756755816084;10670,553585525213;3808,2031702908725;16
2005-04-05;14526,731100740384;10670,553585525213;3856,177515215171;16
2005-04-06;14585,160701422541;10670,553585525213;3914,607115897328;16
2005-04-07;14621,350172565872;10670,553585525213;3950,7965870406597;16
2005-04-08;14574,782592512396;10670,553585525213;3904,2290069871838;16
2005-04-11;14531,039120266703;10670,553585525213;3860,485534741491;16
2005-04-12;14542,774438776174;10670,553585525213;3872,220853250961;16
2005-04-13;14480,594464382548;10670,553585525213;3810,0408788573345;16
2005-04-14;14364,374659969373;10670,553585525213;3693,8210744441612;16
2005-04-15;14233,684136629287;10670,553585525213;3563,1305511040728;16
2005-04-18;14244,531091377688;10670,553585525213;3573,9775058524765;16
2005-04-19;14346,749542848182;10670,553585525213;3676,195957322968;16
2005-04-20;14284,759187995769;10670,553585525213;3614,205602470556;16
2005-04-21;14373,287937121187;10670,553585525213;3702,734351595974;16
2005-04-22;14342,578518770535;10670,553585525213;3672,024933245322;16
2005-04-25;14435,128661605371;10670,553585525213;3764,575076080159;16
2005-04-26;14345,514858699045;10670,553585525213;3674,961273173832;16
2005-04-27;14311,327865792642;10670,553585525213;3640,7742802674284;16
2005-04-28;14273,560600251885;10670,553585525213;3603,007014726673;16
2005-04-29;14342,838198431888;10670,553585525213;3672,284612906675;16
2005-05-02;14328,131164171064;10745,032966410387;3583,098197760676;15
2005-05-03;14320,78484180002;10745,032966410387;3575,7518753896334;15
2005-05-04;14368,930121250483;10745,032966410387;3623,8971548400978;15
2005-05-05;14356,961133732448;10745,032966410387;3611,9281673220607;15
2005-05-06;14390,086971621855;10745,032966410387;3645,0540052114693;15
2005-05-09;14413,128877966457;10745,032966410387;3668,0959115560704;15
2005-05-10;14366,254240478185;10745,032966410387;3621,221274067798;15
2005-05-11;14356,395923155866;10745,032966410387;3611,36295674548;15
2005-05-12;14283,992702431691;10745,032966410387;3538,9597360213047;15
2005-05-13;14261,587970876273;10745,032966410387;3516,5550044658876;15
2005-05-16;14290,747141094744;10745,032966410387;3545,714174684358;15
2005-05-17;14302,456304969844;10745,032966410387;3557,423338559457;15
2005-05-18;14336,039435632467;10745,032966410387;3591,0064692220803;15
2005-05-19;14371,713132811099;10745,032966410387;3626,680166400713;15
2005-05-20;14398,78519763337;10745,032966410387;3653,752231222982;15
2005-05-23;14444,26261250342;10745,032966410387;3699,2296460930343;15
2005-05-24;14469,994902644989;10745,032966410387;3724,9619362346025;15
2005-05-25;14462,570783307663;10745,032966410387;3717,5378168972766;15
2005-05-26;14512,865396425042;10745,032966410387;3767,8324300146555;15
2005-05-27;14532,984026246011;10745,032966410387;3787,951059835624;15
2005-05-31;14524,014213454124;10382,776422771873;4141,237790682251;17
2005-06-01;14549,374000070064;10382,776422771873;4166,597577298192;17
2005-06-02;14561,701445314093;10382,776422771873;4178,92502254222;17
2005-06-03;14554,247720099036;10382,776422771873;4171,4712973271635;17
2005-06-06;14564,010235944654;10382,776422771873;4181,23381317278;17
2005-06-07;14563,512655649518;10382,776422771873;4180,736232877645;17
2005-06-08;14516,343939328635;10382,776422771873;4133,567516556763;17
2005-06-09;14587,646111920627;10382,776422771873;4204,869689148754;17
2005-06-10;14564,929182433902;10382,776422771873;4182,152759662029;17
2005-06-13;14586,49550893341;10382,776422771873;4203,719086161537;17
2005-06-14;14579,193404890968;10382,776422771873;4196,416982119095;17
2005-06-15;14596,751458978379;10382,776422771873;4213,975036206507;17
2005-06-16;14634,45386568387;10382,776422771873;4251,677442911998;17
2005-06-17;14644,074163025383;10382,776422771873;4261,297740253511;17
2005-06-20;14637,980807372795;10382,776422771873;4255,204384600923;17
2005-06-21;14638,058892230223;10382,776422771873;4255,2824694583505;17
2005-06-22;14650,273640552454;10382,776422771873;4267,497217780581;17
2005-06-23;14608,926075681684;10382,776422771873;4226,14965290981;17
2005-06-24;14583,007670611178;10382,776422771873;4200,231247839305;17
2005-06-27;14565,26633784643;10460,134819029974;4105,131518816455;17
2005-06-28;14627,890717474067;10460,134819029974;4167,755898444092;17
2005-06-29;14690,29927803283;10460,134819029974;4230,164459002855;17
2005-06-30;14669,898758655192;10460,134819029974;4209,763939625219;17
2005-07-01;14691,923516506577;10460,134819029974;4231,788697476603;17
2005-07-05;14743,070691211062;10460,134819029974;4282,935872181087;17
2005-07-06;14767,111911284072;10460,134819029974;4306,9770922540965;17
2005-07-07;14799,476855341858;10460,134819029974;4339,342036311884;17
2005-07-08;14839,100179323359;10460,134819029974;4378,965360293386;17
2005-07-11;14886,696481626444;10460,134819029974;4426,561662596471;17
2005-07-12;14897,221677998221;10460,134819029974;4437,086858968247;17
2005-07-13;14865,320885674992;10460,134819029974;4405,186066645017;17
2005-07-14;14807,316204503017;10460,134819029974;4347,181385473043;17
2005-07-15;14823,13508836205;10460,134819029974;4363,000269332076;17
2005-07-18;14806,822674963903;10460,134819029974;4346,687855933928;17
2005-07-19;14847,794446479182;10460,134819029974;4387,659627449208;17
2005-07-20;14849,641411990258;10460,134819029974;4389,506592960285;17
2005-07-21;14769,781767320335;10460,134819029974;4309,64694829036;17
2005-07-22;14779,909036620955;10460,134819029974;4319,774217590981;17
2005-07-25;14768,95056156327;10460,134819029974;4308,8157425332965;17
2005-07-26;14826,517583818286;10460,134819029974;4366,382764788312;17
2005-07-27;14920,36001786828;10460,134819029974;4460,225198838304;17
2005-07-28;15039,69128270158;10460,134819029974;4579,556463671606;17
2005-07-29;15054,947290435706;10460,134819029974;4594,812471405732;17
2005-08-01;15064,45025752742;10525,338924586422;4539,111332940997;18
2005-08-02;15090,130785356901;10525,338924586422;4564,79186077048;18
2005-08-03;15109,540790368861;10525,338924586422;4584,201865782438;18
2005-08-04;15051,045517689174;10525,338924586422;4525,706593102751;18
2005-08-05;15012,632326312138;10525,338924586422;4487,293401725715;18
2005-08-08;14960,582778107164;10525,338924586422;4435,243853520742;18
2005-08-09;15021,429654644919;10525,338924586422;4496,090730058498;18
2005-08-10;15022,469412936125;10525,338924586422;4497,130488349703;18
2005-08-11;15062,478010434048;10525,338924586422;4537,139085847626;18
2005-08-12;15071,040709972436;10525,338924586422;4545,701785386015;18
2005-08-15;15071,367731681064;10525,338924586422;4546,028807094642;18
2005-08-16;14977,92137209282;10525,338924586422;4452,582447506397;18
2005-08-17;14958,312685172437;10525,338924586422;4432,9737605860155;18
2005-08-18;14899,23435013686;10525,338924586422;4373,895425550438;18
2005-08-19;14927,063256874353;10525,338924586422;4401,724332287932;18
2005-08-22;14976,629328089994;10525,338924586422;4451,290403503572;18
2005-08-23;14973,027764632101;10525,338924586422;4447,688840045679;18
2005-08-24;14979,46136224398;10525,338924586422;4454,122437657557;18
2005-08-25;14981,040409814983;10525,338924586422;4455,701485228561;18
2005-08-26;14913,01913598934;10525,338924586422;4387,680211402918;18
2005-08-29;14942,550966089937;10959,470833006571;3983,0801330833656;16
2005-08-30;15001,598973603423;10959,470833006571;4042,1281405968516;16
2005-08-31;15087,149446112537;10959,470833006571;4127,678613105964;16
2005-09-01;15097,141707201661;10959,470833006571;4137,67087419509;16
2005-09-02;15076,985480280018;10959,470833006571;4117,514647273447;16
2005-09-06;15130,902721131117;10959,470833006571;4171,431888124545;16
2005-09-07;15166,980518185394;10959,470833006571;4207,509685178822;16
2005-09-08;15197,804818063058;10959,470833006571;4238,333985056486;16
2005-09-09;15237,927391937039;10959,470833006571;4278,456558930468;16
2005-09-12;15236,772749626267;10959,470833006571;4277,3019166196955;16
2005-09-13;15215,164942936839;10959,470833006571;4255,694109930268;16
2005-09-14;15142,577163504106;10959,470833006571;4183,106330497535;16
2005-09-15;15115,69106101786;10959,470833006571;4156,220228011289;16
2005-09-16;15148,406793083195;10959,470833006571;4188,935960076625;16
2005-09-19;15145,746837850007;10959,470833006571;4186,276004843436;16
2005-09-20;15125,989600562873;10959,470833006571;4166,518767556302;16
2005-09-21;15133,907551708293;10959,470833006571;4174,4367187017215;16
2005-09-22;15128,40768539214;10959,470833006571;4168,936852385568;16
2005-09-23;15152,699092774517;10959,470833006571;4193,228259767945;16
2005-09-26;15153,866448826338;10959,470833006571;4194,395615819766;16
2005-09-27;15163,932042364126;10959,470833006571;4204,461209357555;16
2005-09-28;15147,733504308308;10959,470833006571;4188,262671301737;16
2005-09-29;15203,784673008528;10959,470833006571;4244,313840001956;16
2005-09-30;15227,499452640535;10959,470833006571;4268,028619633963;16
2005-10-03;15266,045616673317;10935,38984754504;4330,655769128276;17
2005-10-04;15190,955330278983;10935,38984754504;4255,565482733942;17
2005-10-05;15084,862334220466;10935,38984754504;4149,472486675426;17
2005-10-06;15040,03837335551;10935,38984754504;4104,64852581047;17
2005-10-07;15091,616426636305;10935,38984754504;4156,226579091263;17
2005-10-10;15062,185951882711;10935,38984754504;4126,796104337671;17
2005-10-11;15080,046885936445;10935,38984754504;4144,657038391405;17
2005-10-12;14939,579452019707;10935,38984754504;4004,189604474667;17
2005-10-13;14930,972507885679;10935,38984754504;3995,5826603406394;17
2005-10-14;14984,254382239611;10935,38984754504;4048,86453469457;17
2005-10-17;15029,010345517414;10935,38984754504;4093,620497972374;17
2005-10-18;14966,57763305762;10935,38984754504;4031,187785512578;17
2005-10-19;15026,931861616602;10935,38984754504;4091,5420140715623;17
2005-10-20;14951,528343980419;10935,38984754504;4016,138496435378;17
2005-10-21;15040,683266475948;10935,38984754504;4105,293418930907;17
2005-10-24;15139,810841113405;10935,38984754504;4204,420993568364;17
2005-10-25;15142,151584921417;10935,38984754504;4206,761737376377;17
2005-10-26;15149,65951489607;10935,38984754504;4214,269667351029;17
2005-10-27;15096,862538144516;10935,38984754504;4161,472690599477;17
2005-10-28;15142,171891676531;10935,38984754504;4206,78204413149;17
2005-10-31;15230,734428874446;10958,292639246185;4272,44178962826;17
2005-11-01;15215,834226174786;10958,292639246185;4257,541586928601;17
2005-11-02;15314,635334729672;10958,292639246185;4356,342695483488;17
2005-11-03;15354,26569363212;10958,292639246185;4395,973054385935;17
2005-11-04;15391,50529284804;10958,292639246185;4433,212653601854;17
2005-11-07;15411,663666391149;10958,292639246185;4453,371027144963;17
2005-11-08;15413,889451842997;10958,292639246185;4455,596812596812;17
2005-11-09;15398,715940777354;10958,292639246185;4440,423301531168;17
2005-11-10;15452,485351923317;10958,292639246185;4494,192712677132;17
2005-11-11;15471,449808456942;10958,292639246185;4513,157169210757;17
2005-11-14;15495,003779920615;10958,292639246185;4536,711140674429;17
2005-11-15;15462,17846672912;10958,292639246185;4503,8858274829345;17
2005-11-16;15461,776060470205;10958,292639246185;4503,483421224019;17
2005-11-17;15552,26561251646;10958,292639246185;4593,972973270274;17
2005-11-18;15561,960165769466;10958,292639246185;4603,66752652328;17
2005-11-21;15611,5266020903;10958,292639246185;4653,233962844114;17
2005-11-22;15728,789164054002;10958,292639246185;4770,496524807817;17
2005-11-23;15728,021777989168;10958,292639246185;4769,729138742983;17
2005-11-25;15777,648441177778;10958,292639246185;4819,355801931593;17
2005-11-28;15645,487827769126;11205,366969755964;4440,120858013162;17
2005-11-29;15587,87790320622;11205,366969755964;4382,510933450256;17
2005-11-30;15612,541039653132;11205,366969755964;4407,174069897168;17
2005-12-01;15684,226258851577;11205,366969755964;4478,859289095612;17
2005-12-02;15713,162225747637;11205,366969755964;4507,795255991673;17
2005-12-05;15657,346995439551;11205,366969755964;4451,980025683588;17
2005-12-06;15659,66617782674;11205,366969755964;4454,299208070778;17
2005-12-07;15596,352492470745;11205,366969755964;4390,985522714783;17
2005-12-08;15622,331417551573;11205,366969755964;4416,96444779561;17
2005-12-09;15650,757266941131;11205,366969755964;4445,390297185167;17
2005-12-12;15664,477530757445;11205,366969755964;4459,110561001483;17
2005-12-13;15614,449533675905;11205,366969755964;4409,082563919941;17
2005-12-14;15609,214100628444;11205,366969755964;4403,84713087248;17
2005-12-15;15621,849538021184;11205,366969755964;4416,482568265221;17
2005-12-16;15630,861323407275;11205,366969755964;4425,494353651311;17
2005-12-19;15551,438342863617;11205,366969755964;4346,071373107653;17
2005-12-20;15564,653981671847;11205,366969755964;4359,287011915883;17
2005-12-21;15630,794163893928;11205,366969755964;4425,427194137965;17
2005-12-22;15697,629893138266;11205,366969755964;4492,262923382303;17
2005-12-23;15732,598363243527;11205,366969755964;4527,231393487565;17
2005-12-27;15768,62639973349;11205,366969755964;4563,2594299775255;17
2005-12-28;15769,641034043323;11205,366969755964;4564,27406428736;17
2005-12-29;15728,224677202095;11205,366969755964;4522,857707446133;17
2005-12-30;15679,078049073185;11205,366969755964;4473,7110793172205;17
2006-01-03;15745,54459858339;11263,50280639094;4482,041792192451;17
2006-01-04;15798,093075089304;11263,50280639094;4534,5902686983645;17
2006-01-05;15837,48316399771;11263,50280639094;4573,980357606771;17
2006-01-06;15914,488232883412;11263,50280639094;4650,9854264924725;17
2006-01-09;15954,054339046768;11263,50280639094;4690,551532655828;17
2006-01-10;15991,864467455089;11263,50280639094;4728,36166106415;17
2006-01-11;16016,42961497066;11263,50280639094;4752,926808579722;17
2006-01-12;15996,495344126259;11263,50280639094;4732,992537735319;17
2006-01-13;15981,42901738847;11263,50280639094;4717,926210997531;17
2006-01-17;15932,232512264089;11263,50280639094;4668,729705873149;17
2006-01-18;15912,690887340694;11263,50280639094;4649,188080949754;17
2006-01-19;15996,138346878033;11263,50280639094;4732,635540487095;17
2006-01-20;15852,557333524157;11263,50280639094;4589,054527133218;17
2006-01-23;15874,442765343512;11263,50280639094;4610,939958952572;17
2006-01-24;15976,777444270077;11263,50280639094;4713,274637879138;17
2006-01-25;16006,338970390036;11263,50280639094;4742,836163999097;17
2006-01-26;16099,063050880479;11263,50280639094;4835,560244489539;17
2006-01-27;16109,247356662821;11263,50280639094;4845,744550271883;17
2006-01-30;16139,904415806113;10990,609887217981;5149,294528588132;19
2006-01-31;16131,885371167713;10990,609887217981;5141,275483949732;19
2006-02-01;16080,713569858915;10990,609887217981;5090,103682640934;19
2006-02-02;16025,656438884289;10990,609887217981;5035,046551666308;19
2006-02-03;15990,606739097155;10990,609887217981;4999,996851879174;19
2006-02-06;16012,885930438024;10990,609887217981;5022,276043220044;19
2006-02-07;15896,267450973086;10990,609887217981;4905,657563755106;19
2006-02-08;15910,035760089759;10990,609887217981;4919,425872871777;19
2006-02-09;15919,984815539945;10990,609887217981;4929,374928321965;19
2006-02-10;15926,3619350248;10990,609887217981;4935,752047806818;19
2006-02-13;15892,777602541088;10990,609887217981;4902,167715323107;19
2006-02-14;15974,801348118168;10990,609887217981;4984,191460900187;19
2006-02-15;16042,541497765127;10990,609887217981;5051,931610547147;19
2006-02-16;16130,232789441538;10990,609887217981;5139,622902223557;19
2006-02-17;16086,163061520369;10990,609887217981;5095,5531743023885;19
2006-02-21;16062,381573929506;10990,609887217981;5071,771686711524;19
2006-02-22;16121,398295676234;10990,609887217981;5130,788408458252;19
2006-02-23;16083,222929760723;10990,609887217981;5092,613042542743;19
2006-02-24;16152,859974525914;10990,609887217981;5162,250087307933;19
2006-02-27;16209,430265241019;11841,959282166481;4367,470983074538;16
2006-02-28;16124,371400782458;11841,959282166481;4282,412118615977;16
2006-03-01;16211,0216830168;11841,959282166481;4369,062400850319;16
2006-03-02;16222,306307866931;11841,959282166481;4380,34702570045;16
2006-03-03;16215,731620619476;11841,959282166481;4373,7723384529945;16
2006-03-06;16203,033746742733;11841,959282166481;4361,074464576252;16
2006-03-07;16083,15059593536;11841,959282166481;4241,191313768879;16
2006-03-08;16055,883105333309;11841,959282166481;4213,923823166828;16
2006-03-09;16024,165374252898;11841,959282166481;4182,206092086417;16
2006-03-10;16104,233563598436;11841,959282166481;4262,274281431955;16
2006-03-13;16075,614211264503;11841,959282166481;4233,654929098022;16
2006-03-14;16177,002051829106;11841,959282166481;4335,042769662626;16
2006-03-15;16239,659674424802;11841,959282166481;4397,700392258321;16
2006-03-16;16191,163976503387;11841,959282166481;4349,204694336906;16
2006-03-17;16233,26318097204;11841,959282166481;4391,30389880556;16
2006-03-20;16246,663257962222;11841,959282166481;4404,703975795741;16
2006-03-21;16212,568760132566;11841,959282166481;4370,609477966085;16
2006-03-22;16222,08618120031;11841,959282166481;4380,126899033829;16
2006-03-23;16243,444945709083;11841,959282166481;4401,485663542602;16
2006-03-24;16290,98944706027;11841,959282166481;4449,030164893788;16
2006-03-27;16336,975098585503;11841,959282166481;4495,015816419022;16
2006-03-28;16302,33734496623;11841,959282166481;4460,378062799749;16
2006-03-29;16418,93458051703;11841,959282166481;4576,9752983505505;16
2006-03-30;16399,65381679094;11841,959282166481;4557,694534624458;16
2006-03-31;16425,573459992556;11841,959282166481;4583,614177826075;16
2006-04-03;16443,62124562079;11486,007981931896;4957,613263688894;18
2006-04-04;16431,127205492296;11486,007981931896;4945,1192235603985;18
2006-04-05;16460,7095808073;11486,007981931896;4974,701598875403;18
2006-04-06;16499,100923275688;11486,007981931896;5013,092941343792;18
2006-04-07;16467,551137610244;11486,007981931896;4981,543155678348;18
2006-04-10;16419,67832540747;11486,007981931896;4933,670343475573;18
2006-04-11;16375,915629466717;11486,007981931896;4889,907647534821;18
2006-04-12;16430,099361265216;11486,007981931896;4944,091379333322;18
2006-04-13;16432,915431858368;11486,007981931896;4946,907449926473;18
2006-04-17;16426,115801216984;11486,007981931896;4940,1078192850855;18
2006-04-18;16521,09050679824;11486,007981931896;5035,0825248663405;18
2006-04-19;16565,192028590394;11486,007981931896;5079,184046658497;18
2006-04-20;16509,782581729793;11486,007981931896;5023,774599797895;18
2006-04-21;16461,28852711432;11486,007981931896;4975,280545182423;18
2006-04-24;16448,45957203197;11486,007981931896;4962,451590100075;18
2006-04-25;16409,775121785526;11486,007981931896;4923,767139853629;18
2006-04-26;16401,127011098226;11486,007981931896;4915,119029166329;18
2006-04-27;16381,47091724263;11486,007981931896;4895,462935310733;18
2006-04-28;16461,61771701422;11486,007981931896;4975,609735082323;18
2006-05-01;16443,75244387211;12058,698820623375;4385,053623248735;16
2006-05-02;16487,094341071723;12058,698820623375;4428,39552044835;16
2006-05-03;16533,9110983346;12058,698820623375;4475,2122777112245;16
2006-05-04;16545,08584833149;12058,698820623375;4486,387027708118;16
2006-05-05;16593,99444222283;12058,698820623375;4535,295621599453;16
2006-05-08;16606,90873403399;12058,698820623375;4548,209913410616;16
2006-05-09;16602,440853266962;12058,698820623375;4543,742032643589;16
2006-05-10;16586,43430223545;12058,698820623375;4527,735481612079;16
2006-05-11;16483,388545551355;12058,698820623375;4424,689724927982;16
2006-05-12;16349,081098621658;12058,698820623375;4290,382277998284;16
2006-05-15;16296,018182082073;12058,698820623375;4237,319361458699;16
2006-05-16;16315,54850697509;12058,698820623375;4256,849686351715;16
2006-05-17;16141,497717291531;12058,698820623375;4082,798896668157;16
2006-05-18;16050,807462782936;12058,698820623375;3992,1086421595614;16
2006-05-19;16085,077978766727;12058,698820623375;4026,3791581433525;16
2006-05-22;15960,20956670948;12058,698820623375;3901,5107460861045;16
2006-05-23;15973,062573457102;12058,698820623375;3914,3637528337276;16
2006-05-24;15930,999166357893;12058,698820623375;3872,300345734519;16
2006-05-25;16058,487622341503;12058,698820623375;3999,788801718128;16
2006-05-26;16148,932393816292;12058,698820623375;4090,233573192918;16
2006-05-30;16018,204782880544;11079,8330470521;4938,371735828446;19
2006-05-31;16100,512545003723;11079,8330470521;5020,679497951623;19
2006-06-01;16206,690403532433;11079,8330470521;5126,857356480335;19
2006-06-02;16260,603933994922;11079,8330470521;5180,7708869428225;19
2006-06-05;16080,286978159756;11079,8330470521;5000,453931107657;19
2006-06-06;16002,989510362433;11079,8330470521;4923,156463310333;19
2006-06-07;15923,835535989838;11079,8330470521;4844,002488937739;19
2006-06-08;15872,277115615412;11079,8330470521;4792,444068563313;19
2006-06-09;15848,238276222995;11079,8330470521;4768,405229170896;19
2006-06-12;15654,926573464201;11079,8330470521;4575,093526412102;19
2006-06-13;15465,024175966411;11079,8330470521;4385,191128914312;19
2006-06-14;15553,579698655849;11079,8330470521;4473,746651603749;19
2006-06-15;15797,453843116971;11079,8330470521;4717,620796064871;19
2006-06-16;15738,453753963091;11079,8330470521;4658,620706910991;19
2006-06-19;15638,780302245697;11079,8330470521;4558,947255193599;19
2006-06-20;15638,904803924455;11079,8330470521;4559,071756872357;19
2006-06-21;15749,840822428738;11079,8330470521;4670,007775376639;19
2006-06-22;15733,509078195482;11079,8330470521;4653,676031143384;19
2006-06-23;15781,05767492958;11079,8330470521;4701,22462787748;19
2006-06-26;15821,130491431162;11079,8330470521;4741,297444379062;19
2006-06-27;15740,191158752767;11079,8330470521;4660,358111700667;19
2006-06-28;15807,674307731446;11079,8330470521;4727,841260679347;19
2006-06-29;16059,15745804732;11079,8330470521;4979,324410995221;19
2006-06-30;16169,26606713088;11079,8330470521;5089,43302007878;19
2006-07-03;16195,11762333444;11875,731298773182;4319,386324561257;16
2006-07-05;16114,017339156502;11875,731298773182;4238,28604038332;16
2006-07-06;16123,551413460063;11875,731298773182;4247,8201146868805;16
2006-07-07;16053,045960390777;11875,731298773182;4177,3146616175945;16
2006-07-10;16022,388204960396;11875,731298773182;4146,656906187213;16
2006-07-11;16053,362224370754;11875,731298773182;4177,630925597572;16
2006-07-12;16001,579100559145;11875,731298773182;4125,847801785964;16
2006-07-13;15868,726289346452;11875,731298773182;3992,9949905732697;16
2006-07-14;15830,397913052166;11875,731298773182;3954,666614278983;16
2006-07-17;15778,960558825558;11875,731298773182;3903,229260052375;16
2006-07-18;15774,625937679139;11875,731298773182;3898,894638905956;16
2006-07-19;15892,814651021368;11875,731298773182;4017,083352248186;16
2006-07-20;15744,925442623375;11875,731298773182;3869,1941438501917;16
2006-07-21;15638,3625097408;11875,731298773182;3762,631210967618;16
2006-07-24;15737,340690244888;11875,731298773182;3861,609391471706;16
2006-07-25;15733,267815786417;11875,731298773182;3857,536517013235;16
2006-07-26;15687,003385340178;11875,731298773182;3811,2720865669958;16
2006-07-27;15703,283303707365;11875,731298773182;3827,552004934184;16
2006-07-28;15779,609380745938;11875,731298773182;3903,8780819727563;16
2006-07-31;15828,619210180004;11355,144705071694;4473,47450510831;17
2006-08-01;15761,88209922988;11355,144705071694;4406,737394158186;17
2006-08-02;15802,722290145277;11355,144705071694;4447,577585073584;17
2006-08-03;15834,864118608872;11355,144705071694;4479,719413537178;17
2006-08-04;15781,355173666143;11355,144705071694;4426,210468594448;17
2006-08-07;15769,115715021871;11355,144705071694;4413,971009950176;17
2006-08-08;15737,860036575865;11355,144705071694;4382,71533150417;17
2006-08-09;15704,271196214055;11355,144705071694;4349,1264911423605;17
2006-08-10;15716,095346056969;11355,144705071694;4360,950640985276;17
2006-08-11;15678,199570335915;11355,144705071694;4323,054865264221;17
2006-08-14;15666,829364245015;11355,144705071694;4311,684659173322;17
2006-08-15;15785,74587556317;11355,144705071694;4430,601170491475;17
2006-08-16;15837,362160056833;11355,144705071694;4482,21745498514;17
2006-08-17;15817,030829514897;11355,144705071694;4461,886124443203;17
2006-08-18;15843,610659476928;11355,144705071694;4488,465954405234;17
2006-08-21;15832,762361881778;11355,144705071694;4477,617656810084;17
2006-08-22;15843,199781996118;11355,144705071694;4488,055076924424;17
2006-08-23;15792,161920738106;11355,144705071694;4437,017215666412;17
2006-08-24;15788,066299002154;11355,144705071694;4432,9215939304595;17
2006-08-25;15777,874337646535;11355,144705071694;4422,729632574842;17
2006-08-28;15836,743062867816;11073,278057778018;4763,465005089797;18
2006-08-29;15857,345244962522;11073,278057778018;4784,067187184505;18
2006-08-30;15887,64007598765;11073,278057778018;4814,362018209633;18
2006-08-31;15887,997229764107;11073,278057778018;4814,719171986088;18
2006-09-01;15890,217331836011;11073,278057778018;4816,939274057994;18
2006-09-05;15909,61760316036;11073,278057778018;4836,339545382343;18
2006-09-06;15822,995343906388;11073,278057778018;4749,717286128371;18
2006-09-07;15791,97955443721;11073,278057778018;4718,701496659193;18
2006-09-08;15831,367899569424;11073,278057778018;4758,089841791406;18
2006-09-11;15841,80080945494;11073,278057778018;4768,522751676922;18
2006-09-12;15906,970260532391;11073,278057778018;4833,692202754374;18
2006-09-13;15919,877564251701;11073,278057778018;4846,5995064736835;18
2006-09-14;15934,546502656609;11073,278057778018;4861,268444878591;18
2006-09-15;15920,281193468243;11073,278057778018;4847,0031356902255;18
2006-09-18;15910,744399396;11073,278057778018;4837,466341617982;18
2006-09-19;15879,905936143674;11073,278057778018;4806,627878365655;18
2006-09-20;15919,992438109184;11073,278057778018;4846,714380331167;18
2006-09-21;15907,487324561975;11073,278057778018;4834,209266783958;18
2006-09-22;15875,679309877862;11073,278057778018;4802,401252099844;18
2006-09-25;15948,947427914929;11073,278057778018;4875,669370136911;18
2006-09-26;15954,699956929206;11073,278057778018;4881,421899151188;18
2006-09-27;15943,794202457759;11073,278057778018;4870,516144679741;18
2006-09-28;15942,62202781218;11073,278057778018;4869,343970034162;18
2006-09-29;15932,413179655618;11073,278057778018;4859,135121877601;18
2006-10-02;15887,647169933787;11381,051136547992;4506,596033385795;17
2006-10-03;15893,366307341059;11381,051136547992;4512,3151707930665;17
2006-10-04;15986,092067754007;11381,051136547992;4605,040931206015;17
2006-10-05;16052,44824170526;11381,051136547992;4671,397105157268;17
2006-10-06;16053,152083511693;11381,051136547992;4672,100946963701;17
2006-10-09;16095,417638042496;11381,051136547992;4714,366501494504;17
2006-10-10;16112,867946719382;11381,051136547992;4731,816810171389;17
2006-10-11;16096,137102893916;11381,051136547992;4715,085966345923;17
2006-10-12;16173,933827899336;11381,051136547992;4792,882691351344;17
2006-10-13;16205,416730613855;11381,051136547992;4824,365594065864;17
2006-10-16;16223,354598455458;11381,051136547992;4842,303461907467;17
2006-10-17;16175,388704150504;11381,051136547992;4794,337567602512;17
2006-10-18;16137,08471717501;11381,051136547992;4756,033580627019;17
2006-10-19;16150,091512147195;11381,051136547992;4769,040375599204;17
2006-10-20;16143,731444540643;11381,051136547992;4762,68030799265;17
2006-10-23;16169,129683147985;11381,051136547992;4788,078546599993;17
2006-10-24;16186,228833984147;11381,051136547992;4805,1776974361555;17
2006-10-25;16173,901074307934;11381,051136547992;4792,849937759943;17
2006-10-26;16246,229767305518;11381,051136547992;4865,178630757527;17
2006-10-27;16192,869048629289;11381,051136547992;4811,8179120812965;17
2006-10-30;16177,040403210307;11878,18371940918;4298,856683801127;16
2006-10-31;16193,177690857123;11878,18371940918;4314,993971447942;16
2006-11-01;16057,159703334284;11878,18371940918;4178,975983925103;16
2006-11-02;16076,58882252016;11878,18371940918;4198,405103110979;16
2006-11-03;16093,340192617357;11878,18371940918;4215,156473208177;16
2006-11-06;16197,726372555764;11878,18371940918;4319,542653146584;16
2006-11-07;16240,552197521993;11878,18371940918;4362,368478112812;16
2006-11-08;16276,674680891636;11878,18371940918;4398,490961482455;16
2006-11-09;16254,359604318503;11878,18371940918;4376,175884909323;16
2006-11-10;16311,618736423137;11878,18371940918;4433,435017013958;16
2006-11-13;16354,627323758263;11878,18371940918;4476,443604349082;16
2006-11-14;16414,79664412353;11878,18371940918;4536,612924714348;16
2006-11-15;16413,571330838888;11878,18371940918;4535,387611429709;16
2006-11-16;16426,660765132852;11878,18371940918;4548,47704572367;16
2006-11-17;16412,28851220652;11878,18371940918;4534,104792797341;16
2006-11-20;16446,896612388246;11878,18371940918;4568,712892979065;16
2006-11-21;16455,755133539336;11878,18371940918;4577,571414130158;16
2006-11-22;16463,7955518599;11878,18371940918;4585,61183245072;16
2006-11-24;16466,91228082438;11878,18371940918;4588,728561415201;16
2006-11-27;16346,13221600848;12258,69341427461;4087,4388017338692;15
2006-11-28;16339,600111994085;12258,69341427461;4080,906697719474;15
2006-11-29;16386,60887752537;12258,69341427461;4127,91546325076;15
2006-11-30;16402,30136619283;12258,69341427461;4143,607951918219;15
2006-12-01;16356,037158837427;12258,69341427461;4097,343744562817;15
2006-12-04;16460,72674710033;12258,69341427461;4202,03333282572;15
2006-12-05;16493,73635986092;12258,69341427461;4235,042945586309;15
2006-12-06;16486,530470927682;12258,69341427461;4227,837056653072;15
2006-12-07;16466,612833316776;12258,69341427461;4207,919419042165;15
2006-12-08;16492,023772780467;12258,69341427461;4233,3303585058575;15
2006-12-11;16496,24177538645;12258,69341427461;4237,548361111838;15
2006-12-12;16462,282502206002;12258,69341427461;4203,589087931393;15
2006-12-13;16472,168979718226;12258,69341427461;4213,475565443617;15
2006-12-14;16525,244429638515;12258,69341427461;4266,551015363904;15
2006-12-15;16501,62358719946;12258,69341427461;4242,93017292485;15
2006-12-18;16458,22707672188;12258,69341427461;4199,533662447269;15
2006-12-19;16467,056913441887;12258,69341427461;4208,363499167276;15
2006-12-20;16490,86381202573;12258,69341427461;4232,17039775112;15
2006-12-21;16472,30315950844;12258,69341427461;4213,60974523383;15
2006-12-22;16445,819623667256;12258,69341427461;4187,126209392645;15
2006-12-26;16478,066296220753;12258,69341427461;4219,372881946143;15
2006-12-27;16523,936668286573;12258,69341427461;4265,243254011964;15
2006-12-28;16506,467179549723;12258,69341427461;4247,773765275113;15
2006-12-29;16479,268751240546;12258,69341427461;4220,575336965934;15
2007-01-03;16483,570675592047;12362,101212558302;4121,469463033747;15
2007-01-04;16503,033462431256;12362,101212558302;4140,932249872955;15
2007-01-05;16456,257767570576;12362,101212558302;4094,156555012276;15
2007-01-08;16471,795010351958;12362,101212558302;4109,693797793657;15
2007-01-09;16466,32200745972;12362,101212558302;4104,220794901418;15
2007-01-10;16535,529489865068;12362,101212558302;4173,428277306765;15
2007-01-11;16617,880115140662;12362,101212558302;4255,77890258236;15
2007-01-12;16660,649017983967;12362,101212558302;4298,5478054256655;15
2007-01-16;16709,541094860793;12362,101212558302;4347,43988230249;15
2007-01-17;16681,981674684343;12362,101212558302;4319,88046212604;15
2007-01-18;16615,940477736356;12362,101212558302;4253,839265178053;15
2007-01-19;16646,82346691259;12362,101212558302;4284,722254354285;15
2007-01-22;16603,74073264891;12362,101212558302;4241,639520090607;15
2007-01-23;16644,633361247175;12362,101212558302;4282,532148688872;15
2007-01-24;16730,775285512766;12362,101212558302;4368,674072954463;15
2007-01-25;16639,072538470995;12362,101212558302;4276,971325912694;15
2007-01-26;16638,924480417954;12362,101212558302;4276,823267859651;15
2007-01-29;16686,352345381838;12231,69691284264;4454,655432539196;16
2007-01-30;16729,33672527092;12231,69691284264;4497,639812428281;16
2007-01-31;16757,28919166953;12231,69691284264;4525,592278826887;16
2007-02-01;16841,344493866705;12231,69691284264;4609,6475810240645;16
2007-02-02;16822,693169459762;12231,69691284264;4590,9962566171225;16
2007-02-05;16826,633016050364;12231,69691284264;4594,936103207724;16
2007-02-06;16808,66991113099;12231,69691284264;4576,97299828835;16
2007-02-07;16850,966251327533;12231,69691284264;4619,269338484891;16
2007-02-08;16867,660757936184;12231,69691284264;4635,963845093543;16
2007-02-09;16784,839786337085;12231,69691284264;4553,142873494442;16
2007-02-12;16764,82777168029;12231,69691284264;4533,1308588376505;16
2007-02-13;16832,196138015795;12231,69691284264;4600,499225173155;16
2007-02-14;16862,520113802097;12231,69691284264;4630,823200959455;16
2007-02-15;16893,894012033135;12231,69691284264;4662,197099190495;16
2007-02-16;16896,649346597056;12231,69691284264;4664,952433754415;16
2007-02-20;16958,186549818078;12231,69691284264;4726,489636975436;16
2007-02-21;16982,42838035119;12231,69691284264;4750,731467508548;16
2007-02-22;16992,243582532916;12231,69691284264;4760,546669690277;16
2007-02-23;16997,21877297469;12231,69691284264;4765,52186013205;16
2007-02-26;16956,221582975006;12167,00123275167;4789,220350223333;17
2007-02-27;16714,241938892665;12167,00123275167;4547,240706140994;17
2007-02-28;16737,59148665249;12167,00123275167;4570,590253900822;17
2007-03-01;16726,333040094767;12167,00123275167;4559,331807343097;17
2007-03-02;16615,882928905092;12167,00123275167;4448,881696153421;17
2007-03-05;16525,066109559008;12167,00123275167;4358,064876807337;17
2007-03-06;16657,470107455105;12167,00123275167;4490,468874703436;17
2007-03-07;16658,401044559636;12167,00123275167;4491,399811807965;17
2007-03-08;16768,23132457447;12167,00123275167;4601,2300918228;17
2007-03-09;16803,96954495893;12167,00123275167;4636,968312207259;17
2007-03-12;16846,227346751017;12167,00123275167;4679,226113999345;17
2007-03-13;16726,950481161253;12167,00123275167;4559,949248409582;17
2007-03-14;16771,380202400218;12167,00123275167;4604,378969648546;17
2007-03-15;16797,950982367027;12167,00123275167;4630,949749615357;17
2007-03-16;16760,534232794642;12167,00123275167;4593,533000042972;17
2007-03-19;16832,74633808486;12167,00123275167;4665,745105333191;17
2007-03-20;16855,62089038644;12167,00123275167;4688,619657634769;17
2007-03-21;16950,229043459854;12167,00123275167;4783,227810708182;17
2007-03-22;16944,075092394138;12167,00123275167;4777,073859642467;17
2007-03-23;16923,22862222427;12167,00123275167;4756,227389472598;17
2007-03-26;16931,649142450005;12167,00123275167;4764,647909698335;17
2007-03-27;16867,38966963786;12167,00123275167;4700,388436886191;17
2007-03-28;16816,471207896757;12167,00123275167;4649,469975145086;17
2007-03-29;16836,165463170375;12167,00123275167;4669,1642304187035;17
2007-03-30;16831,337589441886;12167,00123275167;4664,3363566902135;17
2007-04-02;16839,901676882007;12119,770324755178;4720,13135212683;17
2007-04-03;16878,31745762982;12119,770324755178;4758,547132874642;17
2007-04-04;16903,913797657257;12119,770324755178;4784,143472902078;17
2007-04-05;16947,60905511437;12119,770324755178;4827,838730359192;17
2007-04-09;16947,358790535232;12119,770324755178;4827,588465780053;17
2007-04-10;16929,861741179542;12119,770324755178;4810,091416424366;17
2007-04-11;16920,656820205542;12119,770324755178;4800,886495450366;17
2007-04-12;16965,960180544356;12119,770324755178;4846,189855789178;17
2007-04-13;16990,738597184878;12119,770324755178;4870,9682724297;17
2007-04-16;17019,275652203592;12119,770324755178;4899,505327448416;17
2007-04-17;17016,135999774237;12119,770324755178;4896,3656750190585;17
2007-04-18;16997,57038822327;12119,770324755178;4877,800063468093;17
2007-04-19;16941,725054965143;12119,770324755178;4821,9547302099645;17
2007-04-20;16987,539492412885;12119,770324755178;4867,769167657708;17
2007-04-23;17043,58019494651;12119,770324755178;4923,809870191333;17
2007-04-24;16956,618970139934;12119,770324755178;4836,8486453847545;17
2007-04-25;17006,00274129788;12119,770324755178;4886,2324165427035;17
2007-04-26;17146,27147394394;12119,770324755178;5026,501149188761;17
2007-04-27;17123,898685602784;12119,770324755178;5004,128360847608;17
2007-04-30;16975,49581304251;12449,976743014431;4525,519070028079;16
2007-05-01;16977,43980290757;12449,976743014431;4527,46305989314;16
2007-05-02;17005,527034607738;12449,976743014431;4555,550291593308;16
2007-05-03;17065,00847090361;12449,976743014431;4615,031727889177;16
2007-05-04;17055,213117077994;12449,976743014431;4605,236374063564;16
2007-05-07;17058,738620940596;12449,976743014431;4608,761877926166;16
2007-05-08;17049,153144625452;12449,976743014431;4599,176401611023;16
2007-05-09;17069,26326502989;12449,976743014431;4619,286522015458;16
2007-05-10;16985,371037050172;12449,976743014431;4535,394294035739;16
2007-05-11;17044,962522986927;12449,976743014431;4594,985779972498;16
2007-05-14;17023,454675856985;12449,976743014431;4573,477932842556;16
2007-05-15;16983,065024614676;12449,976743014431;4533,088281600247;16
2007-05-16;17020,32589384572;12449,976743014431;4570,349150831287;16
2007-05-17;16987,122430638366;12449,976743014431;4537,145687623934;16
2007-05-18;17011,759904518214;12449,976743014431;4561,783161503783;16
2007-05-21;17061,590585924645;12449,976743014431;4611,613842910213;16
2007-05-22;17147,59464976879;12449,976743014431;4697,61790675436;16
2007-05-23;17129,75170921315;12449,976743014431;4679,774966198718;16
2007-05-24;17028,79536556541;12449,976743014431;4578,818622550979;16
2007-05-25;17061,4873060759;12449,976743014431;4611,510563061469;16
2007-05-29;17098,428466919184;12228,08249632406;4870,345970595124;17
2007-05-30;17171,690170071135;12228,08249632406;4943,607673747077;17
2007-05-31;17184,808748888958;12228,08249632406;4956,726252564897;17
2007-06-01;17218,956552245865;12228,08249632406;4990,874055921805;17
2007-06-04;17282,92705071135;12228,08249632406;5054,844554387291;17
2007-06-05;17337,20027065803;12228,08249632406;5109,117774333972;17
2007-06-06;17266,607990290333;12228,08249632406;5038,525493966275;17
2007-06-07;17141,88017480212;12228,08249632406;4913,797678478063;17
2007-06-08;17219,6556447777;12228,08249632406;4991,57314845364;17
2007-06-11;17213,08041885238;12228,08249632406;4984,99792252832;17
2007-06-12;17186,10185740683;12228,08249632406;4958,019361082771;17
2007-06-13;17253,217586219467;12228,08249632406;5025,135089895408;17
2007-06-14;17312,883947386297;12228,08249632406;5084,801451062236;17
2007-06-15;17406,782992428605;12228,08249632406;5178,700496104547;17
2007-06-18;17459,578238496353;12228,08249632406;5231,495742172295;17
2007-06-19;17507,8734135061;12228,08249632406;5279,790917182039;17
2007-06-20;17435,783161384836;12228,08249632406;5207,700665060776;17
2007-06-21;17499,40818537012;12228,08249632406;5271,325689046062;17
2007-06-22;17447,689810408552;12228,08249632406;5219,607314084494;17
2007-06-25;17398,544916191524;12228,08249632406;5170,4624198674655;17
2007-06-26;17375,274597249685;12228,08249632406;5147,192100925626;17
2007-06-27;17404,883327215026;12228,08249632406;5176,800830890967;17
2007-06-28;17465,69865152249;12228,08249632406;5237,616155198429;17
2007-06-29;17443,754955180117;12228,08249632406;5215,672458856056;17
2007-07-02;17516,551997657614;12230,005725935194;5286,546271722419;18
2007-07-03;17527,08051598147;12230,005725935194;5297,074790046274;18
2007-07-05;17555,025904123657;12230,005725935194;5325,0201781884625;18
2007-07-06;17581,57871334952;12230,005725935194;5351,572987414327;18
2007-07-09;17671,566314584004;12230,005725935194;5441,560588648809;18
2007-07-10;17566,67111962287;12230,005725935194;5336,665393687679;18
2007-07-11;17607,20759603085;12230,005725935194;5377,201870095654;18
2007-07-12;17705,324624424087;12230,005725935194;5475,318898488895;18
2007-07-13;17820,620029977894;12230,005725935194;5590,6143040427005;18
2007-07-16;17787,170068579322;12230,005725935194;5557,164342644129;18
2007-07-17;17772,16638553398;12230,005725935194;5542,160659598785;18
2007-07-18;17730,549904482945;12230,005725935194;5500,54417854775;18
2007-07-19;17794,462504452382;12230,005725935194;5564,456778517187;18
2007-07-20;17717,62545572524;12230,005725935194;5487,619729790044;18
2007-07-23;17682,84172616723;12230,005725935194;5452,836000232035;18
2007-07-24;17492,816337848068;12230,005725935194;5262,810611912873;18
2007-07-25;17561,60161724361;12230,005725935194;5331,595891308416;18
2007-07-26;17451,48369646602;12230,005725935194;5221,477970530826;18
2007-07-27;17400,319856712013;12230,005725935194;5170,3141307768165;18
2007-07-30;17547,23945298306;12325,74741260391;5221,492040379149;18
2007-07-31;17505,427395419538;12325,74741260391;5179,679982815626;18
2007-08-01;17462,10301521084;12325,74741260391;5136,35560260693;18
2007-08-02;17551,921688437098;12325,74741260391;5226,174275833186;18
2007-08-03;17377,349473811293;12325,74741260391;5051,602061207382;18
2007-08-06;17378,276242443615;12325,74741260391;5052,528829839703;18
2007-08-07;17436,744429241306;12325,74741260391;5110,997016637395;18
2007-08-08;17498,7712168374;12325,74741260391;5173,0238042334895;18
2007-08-09;17339,452282921207;12325,74741260391;5013,704870317299;18
2007-08-10;17368,54716297786;12325,74741260391;5042,799750373948;18
2007-08-13;17410,970586776803;12325,74741260391;5085,223174172891;18
2007-08-14;17306,751385661577;12325,74741260391;4981,003973057667;18
2007-08-15;17156,50715669689;12325,74741260391;4830,759744092981;18
2007-08-16;17034,32761850118;12325,74741260391;4708,580205897269;18
2007-08-17;17143,317978659208;12325,74741260391;4817,5705660552985;18
2007-08-20;17209,630064610465;12325,74741260391;4883,882652006556;18
2007-08-21;17315,732151774602;12325,74741260391;4989,984739170693;18
2007-08-22;17447,667290117974;12325,74741260391;5121,919877514064;18
2007-08-23;17401,373148489838;12325,74741260391;5075,625735885926;18
2007-08-24;17508,640361824295;12325,74741260391;5182,892949220385;18
2007-08-27;17466,10491157302;12325,74741260391;5140,3574989691115;18
2007-08-28;17241,611151460864;12325,74741260391;4915,863738856952;18
2007-08-29;17396,82669325063;12325,74741260391;5071,079280646718;18
2007-08-30;17424,881369210176;12325,74741260391;5099,133956606265;18
2007-08-31;17559,148632992154;12325,74741260391;5233,401220388243;18
2007-09-04;17677,00964708504;12738,992294435897;4938,0173526491435;17
2007-09-05;17642,560133088402;12738,992294435897;4903,567838652504;17
2007-09-06;17711,957774910617;12738,992294435897;4972,96548047472;17
2007-09-07;17582,691235492115;12738,992294435897;4843,698941056218;17
2007-09-10;17563,85467501141;12738,992294435897;4824,862380575513;17
2007-09-11;17637,38230133034;12738,992294435897;4898,390006894444;17
2007-09-12;17606,749888351842;12738,992294435897;4867,757593915946;17
2007-09-13;17641,59762081045;12738,992294435897;4902,605326374553;17
2007-09-14;17624,13331713205;12738,992294435897;4885,141022696156;17
2007-09-17;17621,27695213449;12738,992294435897;4882,284657698592;17
2007-09-18;17828,162880103057;12738,992294435897;5089,170585667159;17
2007-09-19;17897,982202344403;12738,992294435897;5158,989907908507;17
2007-09-20;17874,97137388187;12738,992294435897;5135,979079445972;17
2007-09-21;17961,215820277048;12738,992294435897;5222,223525841151;17
2007-09-24;17974,26642140321;12738,992294435897;5235,2741269673115;17
2007-09-25;18050,64391199602;12738,992294435897;5311,651617560124;17
2007-09-26;18087,867274446602;12738,992294435897;5348,874980010704;17
2007-09-27;18124,593517245823;12738,992294435897;5385,601222809926;17
2007-09-28;18086,440099274776;12738,992294435897;5347,447804838879;17
2007-10-01;18182,281229191398;12396,438372232406;5785,842856958992;19
2007-10-02;18163,17121383731;12396,438372232406;5766,732841604907;19
2007-10-03;18037,91657592761;12396,438372232406;5641,4782036952065;19
2007-10-04;18120,436569654263;12396,438372232406;5723,998197421857;19
2007-10-05;18224,069788084027;12396,438372232406;5827,6314158516225;19
2007-10-08;18301,417545698787;12396,438372232406;5904,97917346638;19
2007-10-09;18378,711873939123;12396,438372232406;5982,273501706715;19
2007-10-10;18404,759361847842;12396,438372232406;6008,3209896154385;19
2007-10-11;18270,752709891207;12396,438372232406;5874,3143376588005;19
2007-10-12;18391,69484856059;12396,438372232406;5995,2564763281825;19
2007-10-15;18394,752783610344;12396,438372232406;5998,314411377938;19
2007-10-16;18367,57262205652;12396,438372232406;5971,134249824116;19
2007-10-17;18403,759690091538;12396,438372232406;6007,321317859134;19
2007-10-18;18466,14051860482;12396,438372232406;6069,702146372417;19
2007-10-19;18324,95119838079;12396,438372232406;5928,512826148382;19
2007-10-22;18377,68585707455;12396,438372232406;5981,247484842143;19
2007-10-23;18598,585919917554;12396,438372232406;6202,1475476851465;19
2007-10-24;18555,17494936705;12396,438372232406;6158,736577134647;19
2007-10-25;18385,207271319287;12396,438372232406;5988,768899086882;19
2007-10-26;18453,670144799966;12396,438372232406;6057,231772567561;19
2007-10-29;18496,370981027547;13034,384577662868;5461,986403364678;18
2007-10-30;18429,690765061932;13034,384577662868;5395,306187399063;18
2007-10-31;18468,177941000908;13034,384577662868;5433,79336333804;18
2007-11-01;18304,061611420035;13034,384577662868;5269,677033757168;18
2007-11-02;18317,918366285507;13034,384577662868;5283,533788622641;18
2007-11-05;18246,408184042506;13034,384577662868;5212,02360637964;18
2007-11-06;18395,934609318785;13034,384577662868;5361,550031655919;18
2007-11-07;18272,90557112031;13034,384577662868;5238,520993457442;18
2007-11-08;18216,838869063056;13034,384577662868;5182,454291400189;18
2007-11-09;18064,29393405062;13034,384577662868;5029,909356387754;18
2007-11-12;17741,967841112266;13034,384577662868;4707,583263449398;18
2007-11-13;17993,363526441564;13034,384577662868;4958,978948778695;18
2007-11-14;17979,332537479728;13034,384577662868;4944,947959816858;18
2007-11-15;17862,70390595628;13034,384577662868;4828,319328293415;18
2007-11-16;17946,489044076538;13034,384577662868;4912,104466413672;18
2007-11-19;17774,439725238943;13034,384577662868;4740,055147576075;18
2007-11-20;17845,70228831235;13034,384577662868;4811,317710649481;18
2007-11-21;17761,249816566014;13034,384577662868;4726,865238903147;18
2007-11-23;17829,68335954273;13034,384577662868;4795,298781879864;18
2007-11-26;17790,039912494285;13034,384577662868;4755,655334831418;18
2007-11-27;17905,342316773767;13034,384577662868;4870,957739110901;18
2007-11-28;18176,379802451578;13034,384577662868;5141,995224788711;18
2007-11-29;18184,21530891993;13034,384577662868;5149,830731257062;18
2007-11-30;18211,260493405873;13034,384577662868;5176,875915743005;18
2007-12-03;18251,555955114418;13136,60922427888;5114,946730835537;17
2007-12-04;18230,155785380146;13136,60922427888;5093,546561101267;17
2007-12-05;18366,170029966328;13136,60922427888;5229,56080568745;17
2007-12-06;18446,50525640313;13136,60922427888;5309,8960321242475;17
2007-12-07;18514,847720994465;13136,60922427888;5378,238496715584;17
2007-12-10;18570,000756159247;13136,60922427888;5433,391531880367;17
2007-12-11;18404,54881362724;13136,60922427888;5267,939589348359;17
2007-12-12;18422,450887856037;13136,60922427888;5285,841663577159;17
2007-12-13;18397,279085547678;13136,60922427888;5260,6698612688;17
2007-12-14;18347,308823481173;13136,60922427888;5210,699599202292;17
2007-12-17;18194,992304868574;13136,60922427888;5058,383080589693;17
2007-12-18;18194,597806193597;13136,60922427888;5057,988581914716;17
2007-12-19;18253,873741027335;13136,60922427888;5117,264516748454;17
2007-12-20;18373,642569723277;13136,60922427888;5237,033345444395;17
2007-12-21;18444,3407440569;13136,60922427888;5307,731519778019;17
2007-12-24;18509,4724383809;13136,60922427888;5372,863214102022;17
2007-12-26;18573,613737738593;13136,60922427888;5437,004513459714;17
2007-12-27;18521,919461932022;13136,60922427888;5385,3102376531415;17
2007-12-28;18505,697647502573;13136,60922427888;5369,088423223691;17
2007-12-31;18443,798334337494;13523,124412284942;4920,673922052551;16
2008-01-02;18442,99561946024;13523,124412284942;4919,871207175296;16
2008-01-03;18478,024663716915;13523,124412284942;4954,900251431974;16
2008-01-04;18249,061481730907;13523,124412284942;4725,937069445964;16
2008-01-07;18197,61364931756;13523,124412284942;4674,48923703262;16
2008-01-08;18049,775046038434;13523,124412284942;4526,650633753493;16
2008-01-09;18112,856902260344;13523,124412284942;4589,732489975403;16
2008-01-10;18118,185182332865;13523,124412284942;4595,060770047922;16
2008-01-11;18054,327169802338;13523,124412284942;4531,202757517395;16
2008-01-14;18207,12944114778;13523,124412284942;4684,005028862839;16
2008-01-15;18007,760936030743;13523,124412284942;4484,636523745801;16
2008-01-16;17788,626785373774;13523,124412284942;4265,502373088833;16
2008-01-17;17576,102444745393;13523,124412284942;4052,9780324604517;16
2008-01-18;17596,26610463074;13523,124412284942;4073,1416923457996;16
2008-01-22;17590,423846484104;13523,124412284942;4067,299434199161;16
2008-01-23;17540,939455606076;13523,124412284942;4017,815043321135;16
2008-01-24;17725,545454678697;13523,124412284942;4202,421042393756;16
2008-01-25;17700,471041646553;13523,124412284942;4177,34662936161;16
2008-01-28;17747,087861787775;12784,596952145912;4962,490909641864;17
2008-01-29;17755,417605380382;12784,596952145912;4970,820653234471;17
2008-01-30;17689,12020488303;12784,596952145912;4904,523252737119;17
2008-01-31;17772,450913141754;12784,596952145912;4987,853960995842;17
2008-02-01;17915,844930747742;12784,596952145912;5131,247978601828;17
2008-02-04;17903,670721437466;12784,596952145912;5119,073769291554;17
2008-02-05;17716,50166575121;12784,596952145912;4931,904713605299;17
2008-02-06;17657,803568518928;12784,596952145912;4873,206616373016;17
2008-02-07;17612,342531839844;12784,596952145912;4827,745579693934;17
2008-02-08;17683,375619676932;12784,596952145912;4898,77866753102;17
2008-02-11;17786,58409142019;12784,596952145912;5001,987139274279;17
2008-02-12;17742,797976486003;12784,596952145912;4958,201024340092;17
2008-02-13;17884,041969741564;12784,596952145912;5099,445017595652;17
2008-02-14;17825,372089630655;12784,596952145912;5040,775137484745;17
2008-02-15;17820,133279349036;12784,596952145912;5035,5363272031245;17
2008-02-19;17877,933914203524;12784,596952145912;5093,336962057611;17
2008-02-20;17929,958238835192;12784,596952145912;5145,361286689278;17
2008-02-21;17872,536255100804;12784,596952145912;5087,939302954891;17
2008-02-22;17886,24084195892;12784,596952145912;5101,643889813006;17
2008-02-25;18000,88914271033;12784,596952145912;5216,29219056442;17
2008-02-26;18008,463774814638;12784,596952145912;5223,866822668726;17
2008-02-27;17986,49482676192;12784,596952145912;5201,8978746160055;17
2008-02-28;17972,123034823635;12784,596952145912;5187,526082677725;17
2008-02-29;17827,945005874062;12784,596952145912;5043,348053728148;17
2008-03-03;17822,72435043777;12534,54187920056;5288,182471237208;18
2008-03-04;17778,043937654405;12534,54187920056;5243,502058453845;18
2008-03-05;17874,86376142684;12534,54187920056;5340,321882226281;18
2008-03-06;17769,950488589282;12534,54187920056;5235,408609388723;18
2008-03-07;17649,560538718724;12534,54187920056;5115,018659518165;18
2008-03-10;17468,28769425964;12534,54187920056;4933,745815059082;18
2008-03-11;17722,257209862822;12534,54187920056;5187,71533066226;18
2008-03-12;17731,103022244097;12534,54187920056;5196,561143043535;18
2008-03-13;17836,47884091999;12534,54187920056;5301,936961719429;18
2008-03-14;17755,160552729096;12534,54187920056;5220,618673528536;18
2008-03-17;17587,40262097384;12534,54187920056;5052,860741773281;18
2008-03-18;17814,63504424842;12534,54187920056;5280,093165047861;18
2008-03-19;17563,898145499013;12534,54187920056;5029,356266298454;18
2008-03-20;17579,37740336134;12534,54187920056;5044,8355241607815;18
2008-03-24;17738,90738105954;12534,54187920056;5204,365501858981;18
2008-03-25;17831,64497481702;12534,54187920056;5297,1030956164595;18
2008-03-26;17871,13889597399;12534,54187920056;5336,597016773429;18
2008-03-27;17775,23559485772;12534,54187920056;5240,69371565716;18
2008-03-28;17758,89933752601;12534,54187920056;5224,357458325449;18
2008-03-31;17719,123921417708;12763,739717884862;4955,384203532846;17
2008-04-01;17833,702634667417;12763,739717884862;5069,962916782555;17
2008-04-02;17814,706506759485;12763,739717884862;5050,9667888746235;17
2008-04-03;17888,637170941915;12763,739717884862;5124,897453057051;17
2008-04-04;18011,647073902517;12763,739717884862;5247,907356017654;17
2008-04-07;18057,77269758903;12763,739717884862;5294,032979704166;17
2008-04-08;18107,1359190578;12763,739717884862;5343,396201172936;17
2008-04-09;18076,9911117021;12763,739717884862;5313,251393817238;17
2008-04-10;18145,309365221783;12763,739717884862;5381,569647336922;17
2008-04-11;18037,849287591012;12763,739717884862;5274,10956970615;17
2008-04-14;18085,939981209594;12763,739717884862;5322,200263324731;17
2008-04-15;18157,964013065033;12763,739717884862;5394,224295180172;17
2008-04-16;18350,99695226134;12763,739717884862;5587,257234376478;17
2008-04-17;18319,90989414658;12763,739717884862;5556,170176261719;17
2008-04-18;18326,4562463566;12763,739717884862;5562,7165284717385;17
2008-04-21;18396,264017322348;12763,739717884862;5632,524299437484;17
2008-04-22;18241,097508735686;12763,739717884862;5477,357790850824;17
2008-04-23;18209,524414134292;12763,739717884862;5445,7846962494295;17
2008-04-24;18100,08958231436;12763,739717884862;5336,349864429495;17
2008-04-25;18214,5230479218;12763,739717884862;5450,7833300369375;17
2008-04-28;18179,029490548368;13342,602199494655;4836,427291053711;16
2008-04-29;18087,703490590487;13342,602199494655;4745,101291095832;16
2008-04-30;18118,57538447538;13342,602199494655;4775,973184980727;16
2008-05-01;18027,30528651388;13342,602199494655;4684,703087019228;16
2008-05-02;18071,55910007465;13342,602199494655;4728,956900579997;16
2008-05-05;18138,90368108363;13342,602199494655;4796,301481588976;16
2008-05-06;18233,245728760772;13342,602199494655;4890,643529266116;16
2008-05-07;18138,49001143807;13342,602199494655;4795,887811943413;16
2008-05-08;18212,00327096624;13342,602199494655;4869,401071471584;16
2008-05-09;18159,87986754463;13342,602199494655;4817,277668049974;16
2008-05-12;18205,599074158778;13342,602199494655;4862,9968746641225;16
2008-05-13;18243,160210513506;13342,602199494655;4900,558011018852;16
2008-05-14;18194,48670602645;13342,602199494655;4851,884506531795;16
2008-05-15;18267,740965033394;13342,602199494655;4925,138765538741;16
2008-05-16;18354,81420809454;13342,602199494655;5012,212008599884;16
2008-05-19;18287,658419905427;13342,602199494655;4945,056220410771;16
2008-05-20;18329,372239249235;13342,602199494655;4986,7700397545805;16
2008-05-21;18207,834100122185;13342,602199494655;4865,231900627532;16
2008-05-22;18197,709580505503;13342,602199494655;4855,107381010849;16
2008-05-23;18139,15106346494;13342,602199494655;4796,548863970284;16
2008-05-27;18103,067445627094;13342,602199494655;4760,4652461324395;16
2008-05-28;18189,83147659668;13342,602199494655;4847,229277102025;16
2008-05-29;18123,089545089126;13342,602199494655;4780,487345594472;16
2008-05-30;18194,846745921357;13342,602199494655;4852,2445464267;16
2008-06-02;18213,694001636555;13659,29913408701;4554,394867549547;15
2008-06-03;18219,882766659008;13659,29913408701;4560,583632571997;15
2008-06-04;18183,2085699846;13659,29913408701;4523,909435897591;15
2008-06-05;18351,256917276176;13659,29913408701;4691,957783189167;15
2008-06-06;18241,125623757514;13659,29913408701;4581,826489670502;15
2008-06-09;18312,991895352156;13659,29913408701;4653,692761265144;15
2008-06-10;18278,28418330586;13659,29913408701;4618,98504921885;15
2008-06-11;18218,313638933858;13659,29913408701;4559,014504846847;15
2008-06-12;18219,081096098624;13659,29913408701;4559,781962011614;15
2008-06-13;18322,38091755216;13659,29913408701;4663,08178346515;15
2008-06-16;18359,300096136252;13659,29913408701;4700,000962049241;15
2008-06-17;18396,153734961918;13659,29913408701;4736,854600874905;15
2008-06-18;18390,083704240253;13659,29913408701;4730,784570153242;15
2008-06-19;18389,478889398575;13659,29913408701;4730,179755311563;15
2008-06-20;18338,493283508284;13659,29913408701;4679,194149421273;15
2008-06-23;18378,984790856583;13659,29913408701;4719,685656769572;15
2008-06-24;18299,438875053755;13659,29913408701;4640,139740966743;15
2008-06-25;18322,891211879767;13659,29913408701;4663,592077792755;15
2008-06-26;18188,714807702556;13659,29913408701;4529,415673615545;15
2008-06-27;18202,6194752347;13659,29913408701;4543,320341147689;15
2008-06-30;18224,051765563927;13385,18770929801;4838,864056265917;16
2008-07-01;18210,801199721107;13385,18770929801;4825,613490423096;16
2008-07-02;17945,95162524714;13385,18770929801;4560,763915949131;16
2008-07-03;17915,277914859173;13385,18770929801;4530,090205561161;16
2008-07-07;17900,873355905576;13385,18770929801;4515,685646607567;16
2008-07-08;17937,255059419327;13385,18770929801;4552,067350121318;16
2008-07-09;17892,41903887984;13385,18770929801;4507,231329581832;16
2008-07-10;17982,880206961636;13385,18770929801;4597,692497663625;16
2008-07-11;18026,94662803186;13385,18770929801;4641,758918733847;16
2008-07-14;18062,86528189681;13385,18770929801;4677,677572598801;16
2008-07-15;17964,742422299925;13385,18770929801;4579,554713001915;16
2008-07-16;18045,785312502892;13385,18770929801;4660,597603204884;16
2008-07-17;17989,449298777006;13385,18770929801;4604,261589478996;16
2008-07-18;17956,08397456108;13385,18770929801;4570,896265263067;16
2008-07-21;18034,89834068463;13385,18770929801;4649,710631386622;16
2008-07-22;18058,361684562267;13385,18770929801;4673,173975264256;16
2008-07-23;17925,423388598723;13385,18770929801;4540,235679300714;16
2008-07-24;17822,334657757652;13385,18770929801;4437,146948459644;16
2008-07-25;17865,150021401372;13385,18770929801;4479,962312103363;16
2008-07-28;17804,383899760098;13080,168472910133;4724,215426849965;16
2008-07-29;17940,018315848767;13080,168472910133;4859,849842938634;16
2008-07-30;18058,015173769436;13080,168472910133;4977,846700859304;16
2008-07-31;17947,938731146365;13080,168472910133;4867,770258236231;16
2008-08-01;17908,96378207786;13080,168472910133;4828,7953091677255;16
2008-08-04;17803,091743226953;13080,168472910133;4722,923270316821;16
2008-08-05;17910,02450502183;13080,168472910133;4829,8560321116975;16
2008-08-06;17928,603687095885;13080,168472910133;4848,435214185751;16
2008-08-07;17875,09012525586;13080,168472910133;4794,921652345729;16
2008-08-08;17962,01223937702;13080,168472910133;4881,843766466891;16
2008-08-11;17883,996501653477;13080,168472910133;4803,828028743346;16
2008-08-12;17851,40190174265;13080,168472910133;4771,233428832517;16
2008-08-13;17916,767238828383;13080,168472910133;4836,598765918249;16
2008-08-14;17933,787193977936;13080,168472910133;4853,618721067804;16
2008-08-15;17912,240530085117;13080,168472910133;4832,072057174984;16
2008-08-18;17861,69663055368;13080,168472910133;4781,528157643548;16
2008-08-19;17825,352242692104;13080,168472910133;4745,183769781973;16
2008-08-20;17882,342562943068;13080,168472910133;4802,174090032935;16
2008-08-21;17891,46139071788;13080,168472910133;4811,292917807745;16
2008-08-22;17933,58888966395;13080,168472910133;4853,420416753819;16
2008-08-25;17835,187825334942;13080,168472910133;4755,019352424812;16
2008-08-26;17870,77486718031;13080,168472910133;4790,606394270177;16
2008-08-27;17907,01812440537;13080,168472910133;4826,849651495238;16
2008-08-28;17968,158604445176;13080,168472910133;4887,990131535042;16
2008-08-29;17947,11644525177;13080,168472910133;4866,947972341638;16
2008-09-02;17810,70188875632;13079,066842643308;4731,635046113013;16
2008-09-03;17762,112917522718;13079,066842643308;4683,046074879412;16
2008-09-04;17556,945097615684;13079,066842643308;4477,8782549723755;16
2008-09-05;17580,46316829479;13079,066842643308;4501,396325651484;16
2008-09-08;17619,69501606433;13079,066842643308;4540,628173421021;16
2008-09-09;17409,961161429375;13079,066842643308;4330,894318786067;16
2008-09-10;17466,796458829427;13079,066842643308;4387,7296161861195;16
2008-09-11;17553,009303885974;13079,066842643308;4473,9424612426665;16
2008-09-12;17566,635731487586;13079,066842643308;4487,568888844278;16
2008-09-15;17339,598414122323;13079,066842643308;4260,531571479015;16
2008-09-16;17440,48702920296;13079,066842643308;4361,420186559651;16
2008-09-17;17240,97776606182;13079,066842643308;4161,910923418514;16
2008-09-18;17352,942753659227;13079,066842643308;4273,875911015917;16
2008-09-19;17508,40502298489;13079,066842643308;4429,338180341584;16
2008-09-22;17339,49927710137;13079,066842643308;4260,432434458064;16
2008-09-23;17284,89581534519;13079,066842643308;4205,82897270188;16
2008-09-24;17242,472177219963;13079,066842643308;4163,405334576654;16
2008-09-25;17274,803200989183;13079,066842643308;4195,736358345874;16
2008-09-26;17262,586396610284;13079,066842643308;4183,5195539669785;16
2008-09-29;16976,974181578225;12465,651472306974;4511,322709271253;16
2008-09-30;17171,868193500366;12465,651472306974;4706,216721193392;16
2008-10-01;17133,239237163532;12465,651472306974;4667,587764856559;16
2008-10-02;16871,534629424452;12465,651472306974;4405,883157117479;16
2008-10-03;16775,980994059988;12465,651472306974;4310,329521753015;16
2008-10-06;16654,440772953185;12465,651472306974;4188,789300646211;16
2008-10-07;16431,441938707278;12465,651472306974;3965,790466400302;16
2008-10-08;16455,185574467585;12465,651472306974;3989,5341021606105;16
2008-10-09;16114,515614252114;12465,651472306974;3648,864141945139;16
2008-10-10;16331,929604775916;12465,651472306974;3866,278132468942;16
2008-10-13;16591,492392263;12465,651472306974;4125,840919956026;16
2008-10-14;16516,832125979767;12465,651472306974;4051,180653672794;16
2008-10-15;16184,401834758568;12465,651472306974;3718,7503624515944;16
2008-10-16;16425,430021809225;12465,651472306974;3959,778549502251;16
2008-10-17;16356,888224248372;12465,651472306974;3891,2367519413983;16
2008-10-20;16445,322003840338;12465,651472306974;3979,670531533364;16
2008-10-21;16366,990111054205;12465,651472306974;3901,338638747232;16
2008-10-22;16228,47048955457;12465,651472306974;3762,8190172475947;16
2008-10-23;16208,4918668791;12465,651472306974;3742,8403945721248;16
2008-10-24;16092,930331924823;12465,651472306974;3627,278859617849;16
2008-10-27;15988,450793636503;12465,651472306974;3522,7993213295285;16
2008-10-28;16335,414596661769;12465,651472306974;3869,763124354794;16
2008-10-29;16352,03573948014;12465,651472306974;3886,3842671731645;16
2008-10-30;16440,35522583845;12465,651472306974;3974,7037535314794;16
2008-10-31;16578,545391323067;12465,651472306974;4112,893919016093;16
2008-11-03;16506,49216795752;12135,019116642246;4371,4730513152745;16
2008-11-04;16583,553686375344;12135,019116642246;4448,534569733099;16
2008-11-05;16345,410354334515;12135,019116642246;4210,391237692268;16
2008-11-06;16230,857103615945;12135,019116642246;4095,837986973698;16
2008-11-07;16289,200329779529;12135,019116642246;4154,181213137283;16
2008-11-10;16234,477213388676;12135,019116642246;4099,45809674643;16
2008-11-11;16161,911479551214;12135,019116642246;4026,8923629089677;16
2008-11-12;15976,60368217006;12135,019116642246;3841,5845655278135;16
2008-11-13;16190,176188046476;12135,019116642246;4055,15707140423;16
2008-11-14;16051,07393679897;12135,019116642246;3916,054820156724;16
2008-11-17;16007,692968334217;12135,019116642246;3872,673851691971;16
2008-11-18;16029,798644199245;12135,019116642246;3894,779527556999;16
2008-11-19;15765,981598817605;12135,019116642246;3630,9624821753596;16
2008-11-20;15582,396300914565;12135,019116642246;3447,377184272318;16
2008-11-21;15714,862243628622;12135,019116642246;3579,8431269863754;16
2008-11-24;15909,412533457025;12135,019116642246;3774,3934168147784;16
2008-11-25;15986,567250805949;12135,019116642246;3851,548134163703;16
2008-11-26;16107,487913097231;12135,019116642246;3972,468796454985;16
2008-11-28;16119,248048951024;12135,019116642246;3984,228932308776;16
2008-12-01;15753,049820180448;11570,293924724743;4182,7558954557035;16
2008-12-02;15860,595095386572;11570,293924724743;4290,301170661828;16
2008-12-03;15957,627152621917;11570,293924724743;4387,333227897173;16
2008-12-04;15791,678993695255;11570,293924724743;4221,385068970511;16
2008-12-05;15969,076372328125;11570,293924724743;4398,782447603382;16
2008-12-08;16020,428906883217;11570,293924724743;4450,134982158474;16
2008-12-09;15925,120385883616;11570,293924724743;4354,826461158873;16
2008-12-10;15919,432851358344;11570,293924724743;4349,138926633601;16
2008-12-11;15758,052033487498;11570,293924724743;4187,758108762755;16
2008-12-12;15846,273827587742;11570,293924724743;4275,979902862999;16
2008-12-15;15802,408622856163;11570,293924724743;4232,11469813142;16
2008-12-16;16025,906847723698;11570,293924724743;4455,612922998954;16
2008-12-17;16019,114734401326;11570,293924724743;4448,820809676583;16
2008-12-18;15955,46259254926;11570,293924724743;4385,168667824517;16
2008-12-19;15916,83753945411;11570,293924724743;4346,543614729367;16
2008-12-22;15867,026549182905;11570,293924724743;4296,732624458163;16
2008-12-23;15819,371263130015;11570,293924724743;4249,077338405271;16
2008-12-24;15841,236870609577;11570,293924724743;4270,9429458848335;16
2008-12-26;15866,993722003295;11570,293924724743;4296,699797278552;16
2008-12-29;15820,388155042347;11611,07482244112;4209,313332601227;16
2008-12-30;15904,224641850404;11611,07482244112;4293,149819409283;16
2008-12-31;15958,011959037327;11611,07482244112;4346,937136596207;16
2009-01-02;15996,306779194005;11611,07482244112;4385,231956752884;16
2009-01-05;15978,021526714663;11611,07482244112;4366,946704273544;16
2009-01-06;15951,04512670132;11611,07482244112;4339,9703042602;16
2009-01-07;15894,169389512115;11611,07482244112;4283,094567070995;16
2009-01-08;15933,640861684291;11611,07482244112;4322,566039243171;16
2009-01-09;15855,189781119003;11611,07482244112;4244,114958677882;16
2009-01-12;15801,877749142603;11611,07482244112;4190,802926701483;16
2009-01-13;15799,113929166862;11611,07482244112;4188,0391067257415;16
2009-01-14;15663,841695846924;11611,07482244112;4052,7668734058043;16
2009-01-15;15751,548663154033;11611,07482244112;4140,4738407129125;16
2009-01-16;15808,892712078228;11611,07482244112;4197,817889637109;16
2009-01-20;15669,465226438137;11611,07482244112;4058,3904039970166;16
2009-01-21;15753,767936445267;11611,07482244112;4142,693114004148;16
2009-01-22;15720,121365324212;11611,07482244112;4109,046542883091;16
2009-01-23;15669,249487010187;11611,07482244112;4058,1746645690664;16
2009-01-26;15681,064588331497;11611,07482244112;4069,989765890378;16
2009-01-27;15718,667574654626;11611,07482244112;4107,592752213506;16
2009-01-28;15796,344621037017;11611,07482244112;4185,269798595898;16
2009-01-29;15723,789404179675;11611,07482244112;4112,714581738554;16
2009-01-30;15637,67837929928;11611,07482244112;4026,6035568581583;16
2009-02-02;15680,678052094008;11507,213783286628;4173,464268807379;16
2009-02-03;15746,559917432813;11507,213783286628;4239,346134146184;16
2009-02-04;15676,281597322497;11507,213783286628;4169,06781403587;16
2009-02-05;15642,432626882166;11507,213783286628;4135,218843595538;16
2009-02-06;15711,965420150787;11507,213783286628;4204,75163686416;16
2009-02-09;15658,845002216123;11507,213783286628;4151,631218929494;16
2009-02-10;15548,536022158769;11507,213783286628;4041,32223887214;16
2009-02-11;15573,36452954158;11507,213783286628;4066,150746254953;16
2009-02-12;15613,203002007343;11507,213783286628;4105,989218720716;16
2009-02-13;15585,540399255262;11507,213783286628;4078,326615968633;16
2009-02-17;15492,844374013057;11507,213783286628;3985,630590726428;16
2009-02-18;15470,46188258234;11507,213783286628;3963,2480992957117;16
2009-02-19;15470,690362847565;11507,213783286628;3963,476579560937;16
2009-02-20;15462,59159487628;11507,213783286628;3955,3778115896507;16
2009-02-23;15382,693162032;11507,213783286628;3875,47937874537;16
2009-02-24;15477,80582831339;11507,213783286628;3970,5920450267613;16
2009-02-25;15434,952642782906;11507,213783286628;3927,738859496278;16
2009-02-26;15354,161786388602;11507,213783286628;3846,948003101974;16
2009-02-27;15292,513109185578;11507,213783286628;3785,29932589895;16
2009-03-02;15200,492077636252;12808,044892662976;2392,4471849732768;10
2009-03-03;15228,82888098922;12808,044892662976;2420,7839883262445;10
2009-03-04;15271,086157363385;12808,044892662976;2463,0412647004077;10
2009-03-05;15219,254875873501;12808,044892662976;2411,209983210525;10
2009-03-06;15227,774068212308;12808,044892662976;2419,729175549332;10
2009-03-09;15182,123224171257;12808,044892662976;2374,0783315082817;10
2009-03-10;15232,83770579557;12808,044892662976;2424,792813132594;10
2009-03-11;15208,01044642898;12808,044892662976;2399,965553766003;10
2009-03-12;15271,660140592741;12808,044892662976;2463,6152479297652;10
2009-03-13;15291,66979359557;12808,044892662976;2483,6249009325948;10
2009-03-16;15270,583990911673;12808,044892662976;2462,539098248697;10
2009-03-17;15315,456401063459;12808,044892662976;2507,4115084004825;10
2009-03-18;15338,028285112392;12808,044892662976;2529,983392449415;10
2009-03-19;15309,955586287664;12808,044892662976;2501,910693624688;10
2009-03-20;15298,665000809024;12808,044892662976;2490,620108146047;10
2009-03-23;15365,206947525969;12808,044892662976;2557,1620548629926;10
2009-03-24;15330,910588108905;12808,044892662976;2522,86569544593;10
2009-03-25;15342,798774795983;12808,044892662976;2534,7538821330068;10
2009-03-26;15391,372457634092;12808,044892662976;2583,327564971116;10
2009-03-27;15360,03822609371;12808,044892662976;2551,993333430733;10
2009-03-30;15382,126844814256;14236,497029527316;1145,6298152869408;4
2009-03-31;15385,92350700708;14236,497029527316;1149,4264774797648;4
2009-04-01;15387,227416012753;14236,497029527316;1150,7303864854364;4
2009-04-02;15365,964809393705;14236,497029527316;1129,4677798663893;4
2009-04-03;15361,423873416572;14236,497029527316;1124,926843889256;4
2009-04-06;15371,083302413193;14236,497029527316;1134,5862728858776;4
2009-04-07;15371,602553953555;14236,497029527316;1135,1055244262382;4
2009-04-08;15385,425486282269;14236,497029527316;1148,9284567549523;4
2009-04-09;15411,352755470216;14236,497029527316;1174,8557259429;4
2009-04-13;15415,882338583164;14236,497029527316;1179,3853090558482;4
2009-04-14;15398,445258350404;14236,497029527316;1161,9482288230877;4
2009-04-15;15394,875861586706;14236,497029527316;1158,3788320593903;4
2009-04-16;15422,742824715146;14236,497029527316;1186,2457951878296;4
2009-04-17;15418,052709783778;14236,497029527316;1181,555680256463;4
2009-04-20;15427,182785242418;14236,497029527316;1190,6857557151015;4
2009-04-21;15405,854508811719;14236,497029527316;1169,357479284403;4
2009-04-22;15397,80979143868;14236,497029527316;1161,312761911364;4
2009-04-23;15391,568948268505;14236,497029527316;1155,071918741189;4
2009-04-24;15362,172569210043;14236,497029527316;1125,6755396827266;4
2009-04-27;15396,477522017662;14485,729117302153;910,7484047155087;3
2009-04-28;15402,084976515835;14485,729117302153;916,3558592136806;3
2009-04-29;15387,659351478575;14485,729117302153;901,9302341764214;3
2009-04-30;15388,73825916127;14485,729117302153;903,0091418591155;3
2009-05-01;15369,900064593981;14485,729117302153;884,1709472918277;3
2009-05-04;15385,061314078666;14485,729117302153;899,3321967765127;3
2009-05-05;15383,316373653774;14485,729117302153;897,5872563516203;3
2009-05-06;15368,998134547235;14485,729117302153;883,2690172450821;3
2009-05-07;15350,569207148174;14485,729117302153;864,8400898460197;3
2009-05-08;15335,488478157007;14485,729117302153;849,7593608548538;3
2009-05-11;15337,84760130871;14485,729117302153;852,1184840065557;3
2009-05-12;15335,435370511448;14485,729117302153;849,7062532092943;3
2009-05-13;15308,49446965383;14485,729117302153;822,7653523516761;3
2009-05-14;15309,640713693725;14485,729117302153;823,9115963915722;3
2009-05-15;15323,394295040542;14485,729117302153;837,6651777383894;3
2009-05-18;15326,483669252137;14485,729117302153;840,7545519499831;3
2009-05-19;15340,868284762384;14485,729117302153;855,1391674602302;3
2009-05-20;15333,148480943442;14485,729117302153;847,4193636412891;3
2009-05-21;15322,482409937493;14485,729117302153;836,7532926353389;3
2009-05-22;15323,793804661465;14485,729117302153;838,0646873593131;3
2009-05-26;15357,480611169038;14485,729117302153;871,751493866885;3
2009-05-27;15339,589061949855;14485,729117302153;853,8599446477015;3
2009-05-28;15324,567341360489;14485,729117302153;838,8382240583353;3
2009-05-29;15334,193411909657;14485,729117302153;848,4642946075044;3
2009-06-01;15357,170735833108;14485,729117302153;871,4416185309549;3
2009-06-02;15367,56148977095;14485,729117302153;881,8323724687955;3
2009-06-03;15358,441943009548;14485,729117302153;872,7128257073946;3
2009-06-04;15352,552803912702;14485,729117302153;866,8236866105497;3
2009-06-05;15344,565582372416;14485,729117302153;858,8364650702626;3
2009-06-08;15338,933724355355;14485,729117302153;853,204607053201;3
2009-06-09;15344,349479861925;14485,729117302153;858,6203625597722;3
2009-06-10;15330,723290483975;14485,729117302153;844,9941731818219;3
2009-06-11;15318,005448612015;14485,729117302153;832,2763313098628;3
2009-06-12;15320,49662051127;14485,729117302153;834,7675032091167;3
2009-06-15;15315,993401606254;14485,729117302153;830,2642843041015;3
2009-06-16;15304,775950459576;14485,729117302153;819,0468331574231;3
2009-06-17;15331,47867554346;14485,729117302153;845,7495582413069;3
2009-06-18;15339,215988165912;14485,729117302153;853,486870863758;3
2009-06-19;15340,633667224089;14485,729117302153;854,904549921936;3
2009-06-22;15330,09553083395;14485,729117302153;844,3664135317983;3
2009-06-23;15318,254206500227;14485,729117302153;832,5250891980731;3
2009-06-24;15307,804106487154;14485,729117302153;822,0749891850003;3
2009-06-25;15329,481139657291;14485,729117302153;843,7520223551386;3
2009-06-26;15323,550254693859;14485,729117302153;837,821137391705;3
2009-06-29;15332,151636303046;15040,680107922593;291,471528380452;1
2009-06-30;15333,142061484876;15040,680107922593;292,46195356228276;1
2009-07-01;15328,048754087831;15040,680107922593;287,36864616523803;1
2009-07-02;15323,096539626626;15040,680107922593;282,41643170403256;1
2009-07-06;15322,106114444796;15040,680107922593;281,4260065222018;1
2009-07-07;15315,173049619929;15040,680107922593;274,4929416973349;1
2009-07-08;15314,465371139437;15040,680107922593;273,785263216844;1
2009-07-09;15323,308503721242;15040,680107922593;282,628395798648;1
2009-07-10;15324,157806449883;15040,680107922593;283,47769852728885;1
2009-07-13;15339,155513251988;15040,680107922593;298,47540532939394;1
2009-07-14;15347,00819113461;15040,680107922593;306,3280832120166;1
2009-07-15;15354,861370812192;15040,680107922593;314,1812628895994;1
2009-07-16;15352,88052044853;15040,680107922593;312,2004125259379;1
2009-07-17;15352,950830777647;15040,680107922593;312,2707228550528;1
2009-07-20;15357,76189326831;15040,680107922593;317,0817853457178;1
2009-07-21;15357,47861525466;15040,680107922593;316,7985073320673;1
2009-07-22;15361,015974549844;15040,680107922593;320,335866627251;1
2009-07-23;15369,363865023382;15040,680107922593;328,6837571007891;1
2009-07-24;15339,226325376063;15040,680107922593;298,5462174534689;1
2009-07-27;15335,68896608088;15040,680107922593;295,00885815828514;1
2009-07-28;15340,216780075243;15040,680107922593;299,5366721526502;1
2009-07-29;15342,763684671247;15040,680107922593;302,08357674865266;1
2009-07-30;15349,201536905197;15040,680107922593;308,5214289826042;1
2009-07-31;15351,535975611625;15040,680107922593;310,8558676890311;1
2009-08-03;15358,059587319853;15358,059587319853;0,0;0
2009-08-04;15358,059587319853;15358,059587319853;0,0;0
2009-08-05;15358,059587319853;15358,059587319853;0,0;0
2009-08-06;15358,059587319853;15358,059587319853;0,0;0
2009-08-07;15358,059587319853;15358,059587319853;0,0;0
2009-08-10;15358,059587319853;15358,059587319853;0,0;0
2009-08-11;15358,059587319853;15358,059587319853;0,0;0
2009-08-12;15358,059587319853;15358,059587319853;0,0;0
2009-08-13;15358,059587319853;15358,059587319853;0,0;0
2009-08-14;15358,059587319853;15358,059587319853;0,0;0
2009-08-17;15358,059587319853;15358,059587319853;0,0;0
2009-08-18;15358,059587319853;15358,059587319853;0,0;0
2009-08-19;15358,059587319853;15358,059587319853;0,0;0
2009-08-20;15358,059587319853;15358,059587319853;0,0;0
2009-08-21;15358,059587319853;15358,059587319853;0,0;0
2009-08-24;15358,059587319853;15358,059587319853;0,0;0
2009-08-25;15358,059587319853;15358,059587319853;0,0;0
2009-08-26;15358,059587319853;15358,059587319853;0,0;0
2009-08-27;15358,059587319853;15358,059587319853;0,0;0
2009-08-28;15358,059587319853;15358,059587319853;0,0;0
2009-08-31;15358,059587319853;15358,059587319853;0,0;0
2009-09-01;15358,059587319853;15358,059587319853;0,0;0
2009-09-02;15358,059587319853;15358,059587319853;0,0;0
2009-09-03;15358,059587319853;15358,059587319853;0,0;0
2009-09-04;15358,059587319853;15358,059587319853;0,0;0
2009-09-08;15358,059587319853;15358,059587319853;0,0;0
2009-09-09;15358,059587319853;15358,059587319853;0,0;0
2009-09-10;15358,059587319853;15358,059587319853;0,0;0
2009-09-11;15358,059587319853;15358,059587319853;0,0;0
2009-09-14;15358,059587319853;15358,059587319853;0,0;0
2009-09-15;15358,059587319853;15358,059587319853;0,0;0
2009-09-16;15358,059587319853;15358,059587319853;0,0;0
2009-09-17;15358,059587319853;15358,059587319853;0,0;0
2009-09-18;15358,059587319853;15358,059587319853;0,0;0
2009-09-21;15358,059587319853;15358,059587319853;0,0;0
2009-09-22;15358,059587319853;15358,059587319853;0,0;0
2009-09-23;15358,059587319853;15358,059587319853;0,0;0
2009-09-24;15358,059587319853;15358,059587319853;0,0;0
2009-09-25;15358,059587319853;15358,059587319853;0,0;0
2009-09-28;15358,059587319853;15358,059587319853;0,0;0
2009-09-29;15358,059587319853;15358,059587319853;0,0;0
2009-09-30;15358,059587319853;15358,059587319853;0,0;0
2009-10-01;15358,059587319853;15358,059587319853;0,0;0
2009-10-02;15358,059587319853;15358,059587319853;0,0;0
2009-10-05;15358,059587319853;15358,059587319853;0,0;0
2009-10-06;15358,059587319853;15358,059587319853;0,0;0
2009-10-07;15358,059587319853;15358,059587319853;0,0;0
2009-10-08;15358,059587319853;15358,059587319853;0,0;0
2009-10-09;15358,059587319853;15358,059587319853;0,0;0
2009-10-12;15358,059587319853;15358,059587319853;0,0;0
2009-10-13;15358,059587319853;15358,059587319853;0,0;0
2009-10-14;15358,059587319853;15358,059587319853;0,0;0
2009-10-15;15358,059587319853;15358,059587319853;0,0;0
2009-10-16;15358,059587319853;15358,059587319853;0,0;0
2009-10-19;15358,059587319853;15358,059587319853;0,0;0
2009-10-20;15358,059587319853;15358,059587319853;0,0;0
2009-10-21;15358,059587319853;15358,059587319853;0,0;0
2009-10-22;15358,059587319853;15358,059587319853;0,0;0
2009-10-23;15358,059587319853;15358,059587319853;0,0;0
2009-10-26;15358,059587319853;15358,059587319853;0,0;0
2009-10-27;15358,059587319853;15358,059587319853;0,0;0
2009-10-28;15358,059587319853;15358,059587319853;0,0;0
2009-10-29;15358,059587319853;15358,059587319853;0,0;0
2009-10-30;15358,059587319853;15358,059587319853;0,0;0
2009-11-02;15358,059587319853;15358,059587319853;0,0;0
2009-11-03;15358,059587319853;15358,059587319853;0,0;0
2009-11-04;15358,059587319853;15358,059587319853;0,0;0
2009-11-05;15358,059587319853;15358,059587319853;0,0;0
2009-11-06;15358,059587319853;15358,059587319853;0,0;0
2009-11-09;15358,059587319853;15358,059587319853;0,0;0
2009-11-10;15358,059587319853;15358,059587319853;0,0;0
2009-11-11;15358,059587319853;15358,059587319853;0,0;0
2009-11-12;15358,059587319853;15358,059587319853;0,0;0
2009-11-13;15358,059587319853;15358,059587319853;0,0;0
2009-11-16;15358,059587319853;15358,059587319853;0,0;0
2009-11-17;15358,059587319853;15358,059587319853;0,0;0
2009-11-18;15358,059587319853;15358,059587319853;0,0;0
2009-11-19;15358,059587319853;15358,059587319853;0,0;0
2009-11-20;15358,059587319853;15358,059587319853;0,0;0
2009-11-23;15358,059587319853;15358,059587319853;0,0;0
2009-11-24;15358,059587319853;15358,059587319853;0,0;0
2009-11-25;15358,059587319853;15358,059587319853;0,0;0
2009-11-27;15358,059587319853;15358,059587319853;0,0;0
2009-11-30;15358,059587319853;15358,059587319853;0,0;0
2009-12-01;15358,059587319853;15358,059587319853;0,0;0
2009-12-02;15358,059587319853;15358,059587319853;0,0;0
2009-12-03;15358,059587319853;15358,059587319853;0,0;0
2009-12-04;15358,059587319853;15358,059587319853;0,0;0
2009-12-07;15358,059587319853;15358,059587319853;0,0;0
2009-12-08;15358,059587319853;15358,059587319853;0,0;0
2009-12-09;15358,059587319853;15358,059587319853;0,0;0
2009-12-10;15358,059587319853;15358,059587319853;0,0;0
2009-12-11;15358,059587319853;15358,059587319853;0,0;0
2009-12-14;15358,059587319853;15358,059587319853;0,0;0
2009-12-15;15358,059587319853;15358,059587319853;0,0;0
2009-12-16;15358,059587319853;15358,059587319853;0,0;0
2009-12-17;15358,059587319853;15358,059587319853;0,0;0
2009-12-18;15358,059587319853;15358,059587319853;0,0;0
2009-12-21;15358,059587319853;15358,059587319853;0,0;0
2009-12-22;15358,059587319853;15358,059587319853;0,0;0
2009-12-23;15358,059587319853;15358,059587319853;0,0;0
2009-12-24;15358,059587319853;15358,059587319853;0,0;0
2009-12-28;15358,059587319853;15358,059587319853;0,0;0
2009-12-29;15358,059587319853;15358,059587319853;0,0;0
2009-12-30;15358,059587319853;15358,059587319853;0,0;0
2009-12-31;15358,059587319853;15358,059587319853;0,0;0
2010-01-04;15358,059587319853;15358,059587319853;0,0;0
2010-01-05;15358,059587319853;15358,059587319853;0,0;0
2010-01-06;15358,059587319853;15358,059587319853;0,0;0
2010-01-07;15358,059587319853;15358,059587319853;0,0;0
2010-01-08;15358,059587319853;15358,059587319853;0,0;0
2010-01-11;15358,059587319853;15358,059587319853;0,0;0
2010-01-12;15358,059587319853;15358,059587319853;0,0;0
2010-01-13;15358,059587319853;15358,059587319853;0,0;0
2010-01-14;15358,059587319853;15358,059587319853;0,0;0
2010-01-15;15358,059587319853;15358,059587319853;0,0;0
2010-01-19;15358,059587319853;15358,059587319853;0,0;0
2010-01-20;15358,059587319853;15358,059587319853;0,0;0
2010-01-21;15358,059587319853;15358,059587319853;0,0;0
2010-01-22;15358,059587319853;15358,059587319853;0,0;0
2010-01-25;15358,059587319853;15358,059587319853;0,0;0
2010-01-26;15358,059587319853;15358,059587319853;0,0;0
2010-01-27;15358,059587319853;15358,059587319853;0,0;0
2010-01-28;15358,059587319853;15358,059587319853;0,0;0
2010-01-29;15358,059587319853;15358,059587319853;0,0;0
2010-02-01;15358,059587319853;15358,059587319853;0,0;0
2010-02-02;15358,059587319853;15358,059587319853;0,0;0
2010-02-03;15358,059587319853;15358,059587319853;0,0;0
2010-02-04;15358,059587319853;15358,059587319853;0,0;0
2010-02-05;15358,059587319853;15358,059587319853;0,0;0
2010-02-08;15358,059587319853;15358,059587319853;0,0;0
2010-02-09;15358,059587319853;15358,059587319853;0,0;0
2010-02-10;15358,059587319853;15358,059587319853;0,0;0
2010-02-11;15358,059587319853;15358,059587319853;0,0;0
2010-02-12;15358,059587319853;15358,059587319853;0,0;0
2010-02-16;15358,059587319853;15358,059587319853;0,0;0
2010-02-17;15358,059587319853;15358,059587319853;0,0;0
2010-02-18;15358,059587319853;15358,059587319853;0,0;0
2010-02-19;15358,059587319853;15358,059587319853;0,0;0
2010-02-22;15358,059587319853;15358,059587319853;0,0;0
2010-02-23;15358,059587319853;15358,059587319853;0,0;0
2010-02-24;15358,059587319853;15358,059587319853;0,0;0
2010-02-25;15358,059587319853;15358,059587319853;0,0;0
2010-02-26;15358,059587319853;15358,059587319853;0,0;0
2010-03-01;15358,059587319853;15358,059587319853;0,0;0
2010-03-02;15358,059587319853;15358,059587319853;0,0;0
2010-03-03;15358,059587319853;15358,059587319853;0,0;0
2010-03-04;15358,059587319853;15358,059587319853;0,0;0
2010-03-05;15358,059587319853;15358,059587319853;0,0;0
2010-03-08;15358,059587319853;15358,059587319853;0,0;0
2010-03-09;15358,059587319853;15358,059587319853;0,0;0
2010-03-10;15358,059587319853;15358,059587319853;0,0;0
2010-03-11;15358,059587319853;15358,059587319853;0,0;0
2010-03-12;15358,059587319853;15358,059587319853;0,0;0
2010-03-15;15358,059587319853;15358,059587319853;0,0;0
2010-03-16;15358,059587319853;15358,059587319853;0,0;0
2010-03-17;15358,059587319853;15358,059587319853;0,0;0
2010-03-18;15358,059587319853;15358,059587319853;0,0;0
2010-03-19;15358,059587319853;15358,059587319853;0,0;0
2010-03-22;15358,059587319853;15358,059587319853;0,0;0
2010-03-23;15358,059587319853;15358,059587319853;0,0;0
2010-03-24;15358,059587319853;15358,059587319853;0,0;0
2010-03-25;15358,059587319853;15358,059587319853;0,0;0
2010-03-26;15358,059587319853;15358,059587319853;0,0;0
2010-03-29;15358,059587319853;15358,059587319853;0,0;0
2010-03-30;15358,059587319853;15358,059587319853;0,0;0
2010-03-31;15358,059587319853;15358,059587319853;0,0;0
2010-04-01;15358,059587319853;15358,059587319853;0,0;0
2010-04-05;15358,059587319853;15358,059587319853;0,0;0
2010-04-06;15358,059587319853;15358,059587319853;0,0;0
2010-04-07;15358,059587319853;15358,059587319853;0,0;0
2010-04-08;15358,059587319853;15358,059587319853;0,0;0
2010-04-09;15358,059587319853;15358,059587319853;0,0;0
2010-04-12;15358,059587319853;15358,059587319853;0,0;0
2010-04-13;15358,059587319853;15358,059587319853;0,0;0
2010-04-14;15358,059587319853;15358,059587319853;0,0;0
2010-04-15;15358,059587319853;15358,059587319853;0,0;0
2010-04-16;15358,059587319853;15358,059587319853;0,0;0
2010-04-19;15358,059587319853;15358,059587319853;0,0;0
2010-04-20;15358,059587319853;15358,059587319853;0,0;0
2010-04-21;15358,059587319853;15358,059587319853;0,0;0
2010-04-22;15358,059587319853;15358,059587319853;0,0;0
2010-04-23;15358,059587319853;15358,059587319853;0,0;0
2010-04-26;15358,059587319853;15358,059587319853;0,0;0
2010-04-27;15358,059587319853;15358,059587319853;0,0;0
2010-04-28;15358,059587319853;15358,059587319853;0,0;0
2010-04-29;15358,059587319853;15358,059587319853;0,0;0
2010-04-30;15358,059587319853;15358,059587319853;0,0;0
2010-05-03;15358,059587319853;15358,059587319853;0,0;0
2010-05-04;15358,059587319853;15358,059587319853;0,0;0
2010-05-05;15358,059587319853;15358,059587319853;0,0;0
2010-05-06;15358,059587319853;15358,059587319853;0,0;0
2010-05-07;15358,059587319853;15358,059587319853;0,0;0
2010-05-10;15358,059587319853;15358,059587319853;0,0;0
2010-05-11;15358,059587319853;15358,059587319853;0,0;0
2010-05-12;15358,059587319853;15358,059587319853;0,0;0
2010-05-13;15358,059587319853;15358,059587319853;0,0;0
2010-05-14;15358,059587319853;15358,059587319853;0,0;0
2010-05-17;15358,059587319853;15358,059587319853;0,0;0
2010-05-18;15358,059587319853;15358,059587319853;0,0;0
2010-05-19;15358,059587319853;15358,059587319853;0,0;0
2010-05-20;15358,059587319853;15358,059587319853;0,0;0
2010-05-21;15358,059587319853;15358,059587319853;0,0;0
2010-05-24;15358,059587319853;15358,059587319853;0,0;0
2010-05-25;15358,059587319853;15358,059587319853;0,0;0
2010-05-26;15358,059587319853;15358,059587319853;0,0;0
2010-05-27;15358,059587319853;15358,059587319853;0,0;0
2010-05-28;15358,059587319853;15358,059587319853;0,0;0
2010-06-01;15358,059587319853;15358,059587319853;0,0;0
2010-06-02;15358,059587319853;15358,059587319853;0,0;0
2010-06-03;15358,059587319853;15358,059587319853;0,0;0
2010-06-04;15358,059587319853;15358,059587319853;0,0;0
2010-06-07;15358,059587319853;15358,059587319853;0,0;0
2010-06-08;15358,059587319853;15358,059587319853;0,0;0
2010-06-09;15358,059587319853;15358,059587319853;0,0;0
2010-06-10;15358,059587319853;15358,059587319853;0,0;0
2010-06-11;15358,059587319853;15358,059587319853;0,0;0
2010-06-14;15358,059587319853;15358,059587319853;0,0;0
2010-06-15;15358,059587319853;15358,059587319853;0,0;0
2010-06-16;15358,059587319853;15358,059587319853;0,0;0
2010-06-17;15358,059587319853;15358,059587319853;0,0;0
2010-06-18;15358,059587319853;15358,059587319853;0,0;0
2010-06-21;15358,059587319853;15358,059587319853;0,0;0
2010-06-22;15358,059587319853;15358,059587319853;0,0;0
2010-06-23;15358,059587319853;15358,059587319853;0,0;0
2010-06-24;15358,059587319853;15358,059587319853;0,0;0
2010-06-25;15358,059587319853;15358,059587319853;0,0;0
2010-06-28;15358,059587319853;15358,059587319853;0,0;0
2010-06-29;15358,059587319853;15358,059587319853;0,0;0
2010-06-30;15358,059587319853;15358,059587319853;0,0;0
2010-07-01;15358,059587319853;15358,059587319853;0,0;0
2010-07-02;15358,059587319853;15358,059587319853;0,0;0
2010-07-06;15358,059587319853;15358,059587319853;0,0;0
2010-07-07;15358,059587319853;15358,059587319853;0,0;0
2010-07-08;15358,059587319853;15358,059587319853;0,0;0
2010-07-09;15358,059587319853;15358,059587319853;0,0;0
2010-07-12;15358,059587319853;15358,059587319853;0,0;0
2010-07-13;15358,059587319853;15358,059587319853;0,0;0
2010-07-14;15358,059587319853;15358,059587319853;0,0;0
2010-07-15;15358,059587319853;15358,059587319853;0,0;0
2010-07-16;15358,059587319853;15358,059587319853;0,0;0
2010-07-19;15358,059587319853;15358,059587319853;0,0;0
2010-07-20;15358,059587319853;15358,059587319853;0,0;0
2010-07-21;15358,059587319853;15358,059587319853;0,0;0
2010-07-22;15358,059587319853;15358,059587319853;0,0;0
2010-07-23;15358,059587319853;15358,059587319853;0,0;0
2010-07-26;15358,059587319853;15358,059587319853;0,0;0
2010-07-27;15358,059587319853;15358,059587319853;0,0;0
2010-07-28;15358,059587319853;15358,059587319853;0,0;0
2010-07-29;15358,059587319853;15358,059587319853;0,0;0
2010-07-30;15358,059587319853;15358,059587319853;0,0;0
2010-08-02;15358,059587319853;15358,059587319853;0,0;0
2010-08-03;15358,059587319853;15358,059587319853;0,0;0
2010-08-04;15358,059587319853;15358,059587319853;0,0;0
2010-08-05;15358,059587319853;15358,059587319853;0,0;0
2010-08-06;15358,059587319853;15358,059587319853;0,0;0
2010-08-09;15358,059587319853;15358,059587319853;0,0;0
2010-08-10;15358,059587319853;15358,059587319853;0,0;0
2010-08-11;15358,059587319853;15358,059587319853;0,0;0
2010-08-12;15358,059587319853;15358,059587319853;0,0;0
2010-08-13;15358,059587319853;15358,059587319853;0,0;0
2010-08-16;15358,059587319853;15358,059587319853;0,0;0
2010-08-17;15358,059587319853;15358,059587319853;0,0;0
2010-08-18;15358,059587319853;15358,059587319853;0,0;0
2010-08-19;15358,059587319853;15358,059587319853;0,0;0
2010-08-20;15358,059587319853;15358,059587319853;0,0;0
2010-08-23;15358,059587319853;15358,059587319853;0,0;0
2010-08-24;15358,059587319853;15358,059587319853;0,0;0
2010-08-25;15358,059587319853;15358,059587319853;0,0;0
2010-08-26;15358,059587319853;15358,059587319853;0,0;0
2010-08-27;15358,059587319853;15358,059587319853;0,0;0
2010-08-30;15358,059587319853;15358,059587319853;0,0;0
2010-08-31;15358,059587319853;15358,059587319853;0,0;0
2010-09-01;15358,059587319853;15358,059587319853;0,0;0
2010-09-02;15358,059587319853;15358,059587319853;0,0;0
2010-09-03;15358,059587319853;15358,059587319853;0,0;0
2010-09-07;15358,059587319853;15358,059587319853;0,0;0
2010-09-08;15358,059587319853;15358,059587319853;0,0;0
2010-09-09;15358,059587319853;15358,059587319853;0,0;0
2010-09-10;15358,059587319853;15358,059587319853;0,0;0
2010-09-13;15358,059587319853;15358,059587319853;0,0;0
2010-09-14;15358,059587319853;15358,059587319853;0,0;0
2010-09-15;15358,059587319853;15358,059587319853;0,0;0
2010-09-16;15358,059587319853;15358,059587319853;0,0;0
2010-09-17;15358,059587319853;15358,059587319853;0,0;0
2010-09-20;15358,059587319853;15358,059587319853;0,0;0
2010-09-21;15358,059587319853;15358,059587319853;0,0;0
2010-09-22;15358,059587319853;15358,059587319853;0,0;0
2010-09-23;15358,059587319853;15358,059587319853;0,0;0
2010-09-24;15358,059587319853;15358,059587319853;0,0;0
2010-09-27;15358,059587319853;15358,059587319853;0,0;0
2010-09-28;15358,059587319853;15358,059587319853;0,0;0
2010-09-29;15358,059587319853;15358,059587319853;0,0;0
2010-09-30;15358,059587319853;15358,059587319853;0,0;0
2010-10-01;15358,059587319853;15358,059587319853;0,0;0
2010-10-04;15358,059587319853;15358,059587319853;0,0;0
2010-10-05;15358,059587319853;15358,059587319853;0,0;0
2010-10-06;15358,059587319853;15358,059587319853;0,0;0
2010-10-07;15358,059587319853;15358,059587319853;0,0;0
2010-10-08;15358,059587319853;15358,059587319853;0,0;0
2010-10-11;15358,059587319853;15358,059587319853;0,0;0
2010-10-12;15358,059587319853;15358,059587319853;0,0;0
2010-10-13;15358,059587319853;15358,059587319853;0,0;0
2010-10-14;15358,059587319853;15358,059587319853;0,0;0
2010-10-15;15358,059587319853;15358,059587319853;0,0;0
2010-10-18;15358,059587319853;15358,059587319853;0,0;0
2010-10-19;15358,059587319853;15358,059587319853;0,0;0
2010-10-20;15358,059587319853;15358,059587319853;0,0;0
2010-10-21;15358,059587319853;15358,059587319853;0,0;0
2010-10-22;15358,059587319853;15358,059587319853;0,0;0
2010-10-25;15358,059587319853;15358,059587319853;0,0;0
2010-10-26;15358,059587319853;15358,059587319853;0,0;0
2010-10-27;15358,059587319853;15358,059587319853;0,0;0
2010-10-28;15358,059587319853;15358,059587319853;0,0;0
2010-10-29;15358,059587319853;15358,059587319853;0,0;0
2010-11-01;15358,059587319853;15358,059587319853;0,0;0
2010-11-02;15358,059587319853;15358,059587319853;0,0;0
2010-11-03;15358,059587319853;15358,059587319853;0,0;0
2010-11-04;15358,059587319853;15358,059587319853;0,0;0
2010-11-05;15358,059587319853;15358,059587319853;0,0;0
2010-11-08;15358,059587319853;15358,059587319853;0,0;0
2010-11-09;15358,059587319853;15358,059587319853;0,0;0
2010-11-10;15358,059587319853;15358,059587319853;0,0;0
2010-11-11;15358,059587319853;15358,059587319853;0,0;0
2010-11-12;15358,059587319853;15358,059587319853;0,0;0
2010-11-15;15358,059587319853;15358,059587319853;0,0;0
2010-11-16;15358,059587319853;15358,059587319853;0,0;0
2010-11-17;15358,059587319853;15358,059587319853;0,0;0
2010-11-18;15358,059587319853;15358,059587319853;0,0;0
2010-11-19;15358,059587319853;15358,059587319853;0,0;0
2010-11-22;15358,059587319853;15358,059587319853;0,0;0
2010-11-23;15358,059587319853;15358,059587319853;0,0;0
2010-11-24;15358,059587319853;15358,059587319853;0,0;0
2010-11-26;15358,059587319853;15358,059587319853;0,0;0
2010-11-29;15358,059587319853;15358,059587319853;0,0;0
2010-11-30;15358,059587319853;15358,059587319853;0,0;0
2010-12-01;15358,059587319853;15358,059587319853;0,0;0
2010-12-02;15358,059587319853;15358,059587319853;0,0;0
2010-12-03;15358,059587319853;15358,059587319853;0,0;0
2010-12-06;15358,059587319853;15358,059587319853;0,0;0
2010-12-07;15358,059587319853;15358,059587319853;0,0;0
2010-12-08;15358,059587319853;15358,059587319853;0,0;0
2010-12-09;15358,059587319853;15358,059587319853;0,0;0
2010-12-10;15358,059587319853;15358,059587319853;0,0;0
2010-12-13;15358,059587319853;15358,059587319853;0,0;0
2010-12-14;15358,059587319853;15358,059587319853;0,0;0
2010-12-15;15358,059587319853;15358,059587319853;0,0;0
2010-12-16;15358,059587319853;15358,059587319853;0,0;0
2010-12-17;15358,059587319853;15358,059587319853;0,0;0
2010-12-20;15358,059587319853;15358,059587319853;0,0;0
2010-12-21;15358,059587319853;15358,059587319853;0,0;0
2010-12-22;15358,059587319853;15358,059587319853;0,0;0
2010-12-23;15358,059587319853;15358,059587319853;0,0;0
2010-12-27;15358,059587319853;15358,059587319853;0,0;0
2010-12-28;15358,059587319853;15358,059587319853;0,0;0
2010-12-29;15358,059587319853;15358,059587319853;0,0;0
2010-12-30;15358,059587319853;15358,059587319853;0,0;0
2010-12-31;15358,059587319853;15358,059587319853;0,0;0
2011-01-03;15358,059587319853;15358,059587319853;0,0;0
2011-01-04;15358,059587319853;15358,059587319853;0,0;0
2011-01-05;15358,059587319853;15358,059587319853;0,0;0
2011-01-06;15358,059587319853;15358,059587319853;0,0;0
2011-01-07;15358,059587319853;15358,059587319853;0,0;0
2011-01-10;15358,059587319853;15358,059587319853;0,0;0
2011-01-11;15358,059587319853;15358,059587319853;0,0;0
2011-01-12;15358,059587319853;15358,059587319853;0,0;0
2011-01-13;15358,059587319853;15358,059587319853;0,0;0
2011-01-14;15358,059587319853;15358,059587319853;0,0;0
2011-01-18;15358,059587319853;15358,059587319853;0,0;0
2011-01-19;15358,059587319853;15358,059587319853;0,0;0
2011-01-20;15358,059587319853;15358,059587319853;0,0;0
2011-01-21;15358,059587319853;15358,059587319853;0,0;0
2011-01-24;15358,059587319853;15358,059587319853;0,0;0
2011-01-25;15358,059587319853;15358,059587319853;0,0;0
2011-01-26;15358,059587319853;15358,059587319853;0,0;0
2011-01-27;15358,059587319853;15358,059587319853;0,0;0
2011-01-28;15358,059587319853;15358,059587319853;0,0;0
2011-01-31;15358,059587319853;15358,059587319853;0,0;0
2011-02-01;15358,059587319853;15358,059587319853;0,0;0
2011-02-02;15358,059587319853;15358,059587319853;0,0;0
2011-02-03;15358,059587319853;15358,059587319853;0,0;0
2011-02-04;15358,059587319853;15358,059587319853;0,0;0
2011-02-07;15358,059587319853;15358,059587319853;0,0;0
2011-02-08;15358,059587319853;15358,059587319853;0,0;0
2011-02-09;15358,059587319853;15358,059587319853;0,0;0
2011-02-10;15358,059587319853;15358,059587319853;0,0;0
2011-02-11;15358,059587319853;15358,059587319853;0,0;0
2011-02-14;15358,059587319853;15358,059587319853;0,0;0
2011-02-15;15358,059587319853;15358,059587319853;0,0;0
2011-02-16;15358,059587319853;15358,059587319853;0,0;0
2011-02-17;15358,059587319853;15358,059587319853;0,0;0
2011-02-18;15358,059587319853;15358,059587319853;0,0;0
2011-02-22;15358,059587319853;15358,059587319853;0,0;0
2011-02-23;15358,059587319853;15358,059587319853;0,0;0
2011-02-24;15358,059587319853;15358,059587319853;0,0;0
2011-02-25;15358,059587319853;15358,059587319853;0,0;0
2011-02-28;15358,059587319853;15358,059587319853;0,0;0
2011-03-01;15358,059587319853;15358,059587319853;0,0;0
2011-03-02;15358,059587319853;15358,059587319853;0,0;0
2011-03-03;15358,059587319853;15358,059587319853;0,0;0
2011-03-04;15358,059587319853;15358,059587319853;0,0;0
2011-03-07;15358,059587319853;15358,059587319853;0,0;0
2011-03-08;15358,059587319853;15358,059587319853;0,0;0
2011-03-09;15358,059587319853;15358,059587319853;0,0;0
2011-03-10;15358,059587319853;15358,059587319853;0,0;0
2011-03-11;15358,059587319853;15358,059587319853;0,0;0
2011-03-14;15358,059587319853;15358,059587319853;0,0;0
2011-03-15;15358,059587319853;15358,059587319853;0,0;0
2011-03-16;15358,059587319853;15358,059587319853;0,0;0
2011-03-17;15358,059587319853;15358,059587319853;0,0;0
2011-03-18;15358,059587319853;15358,059587319853;0,0;0
2011-03-21;15358,059587319853;15358,059587319853;0,0;0
2011-03-22;15358,059587319853;15358,059587319853;0,0;0
2011-03-23;15358,059587319853;15358,059587319853;0,0;0
2011-03-24;15358,059587319853;15358,059587319853;0,0;0
2011-03-25;15358,059587319853;15358,059587319853;0,0;0
2011-03-28;15358,059587319853;15358,059587319853;0,0;0
2011-03-29;15358,059587319853;15358,059587319853;0,0;0
2011-03-30;15358,059587319853;15358,059587319853;0,0;0
2011-03-31;15358,059587319853;15358,059587319853;0,0;0
2011-04-01;15358,059587319853;15358,059587319853;0,0;0
2011-04-04;15358,059587319853;15358,059587319853;0,0;0
2011-04-05;15358,059587319853;15358,059587319853;0,0;0
2011-04-06;15358,059587319853;15358,059587319853;0,0;0
2011-04-07;15358,059587319853;15358,059587319853;0,0;0
2011-04-08;15358,059587319853;15358,059587319853;0,0;0
2011-04-11;15358,059587319853;15358,059587319853;0,0;0
2011-04-12;15358,059587319853;15358,059587319853;0,0;0
2011-04-13;15358,059587319853;15358,059587319853;0,0;0
2011-04-14;15358,059587319853;15358,059587319853;0,0;0
2011-04-15;15358,059587319853;15358,059587319853;0,0;0
2011-04-18;15358,059587319853;15358,059587319853;0,0;0
2011-04-19;15358,059587319853;15358,059587319853;0,0;0
2011-04-20;15358,059587319853;15358,059587319853;0,0;0
2011-04-21;15358,059587319853;15358,059587319853;0,0;0
2011-04-25;15358,059587319853;15358,059587319853;0,0;0
2011-04-26;15358,059587319853;15358,059587319853;0,0;0
2011-04-27;15358,059587319853;15358,059587319853;0,0;0
2011-04-28;15358,059587319853;15358,059587319853;0,0;0
2011-04-29;15358,059587319853;15358,059587319853;0,0;0
2011-05-02;15358,059587319853;15358,059587319853;0,0;0
2011-05-03;15358,059587319853;15358,059587319853;0,0;0
2011-05-04;15358,059587319853;15358,059587319853;0,0;0
2011-05-05;15358,059587319853;15358,059587319853;0,0;0
2011-05-06;15358,059587319853;15358,059587319853;0,0;0
2011-05-09;15358,059587319853;15358,059587319853;0,0;0
2011-05-10;15358,059587319853;15358,059587319853;0,0;0
2011-05-11;15358,059587319853;15358,059587319853;0,0;0
2011-05-12;15358,059587319853;15358,059587319853;0,0;0
2011-05-13;15358,059587319853;15358,059587319853;0,0;0
2011-05-16;15358,059587319853;15358,059587319853;0,0;0
2011-05-17;15358,059587319853;15358,059587319853;0,0;0
2011-05-18;15358,059587319853;15358,059587319853;0,0;0
2011-05-19;15358,059587319853;15358,059587319853;0,0;0
2011-05-20;15358,059587319853;15358,059587319853;0,0;0
2011-05-23;15358,059587319853;15358,059587319853;0,0;0
2011-05-24;15358,059587319853;15358,059587319853;0,0;0
2011-05-25;15358,059587319853;15358,059587319853;0,0;0
2011-05-26;15358,059587319853;15358,059587319853;0,0;0
2011-05-27;15358,059587319853;15358,059587319853;0,0;0
2011-05-31;15358,059587319853;15358,059587319853;0,0;0
2011-06-01;15358,059587319853;15358,059587319853;0,0;0
2011-06-02;15358,059587319853;15358,059587319853;0,0;0
2011-06-03;15358,059587319853;15358,059587319853;0,0;0
2011-06-06;15358,059587319853;15358,059587319853;0,0;0
2011-06-07;15358,059587319853;15358,059587319853;0,0;0
2011-06-08;15358,059587319853;15358,059587319853;0,0;0
2011-06-09;15358,059587319853;15358,059587319853;0,0;0
2011-06-10;15358,059587319853;15358,059587319853;0,0;0
2011-06-13;15358,059587319853;15358,059587319853;0,0;0
2011-06-14;15358,059587319853;15358,059587319853;0,0;0
2011-06-15;15358,059587319853;15358,059587319853;0,0;0
2011-06-16;15358,059587319853;15358,059587319853;0,0;0
2011-06-17;15358,059587319853;15358,059587319853;0,0;0
2011-06-20;15358,059587319853;15358,059587319853;0,0;0
2011-06-21;15358,059587319853;15358,059587319853;0,0;0
2011-06-22;15358,059587319853;15358,059587319853;0,0;0
2011-06-23;15358,059587319853;15358,059587319853;0,0;0
2011-06-24;15358,059587319853;15358,059587319853;0,0;0
2011-06-27;15358,059587319853;15358,059587319853;0,0;0
2011-06-28;15358,059587319853;15358,059587319853;0,0;0
2011-06-29;15358,059587319853;15358,059587319853;0,0;0
2011-06-30;15358,059587319853;15358,059587319853;0,0;0
2011-07-01;15358,059587319853;15358,059587319853;0,0;0
2011-07-05;15358,059587319853;15358,059587319853;0,0;0
2011-07-06;15358,059587319853;15358,059587319853;0,0;0
2011-07-07;15358,059587319853;15358,059587319853;0,0;0
2011-07-08;15358,059587319853;15358,059587319853;0,0;0
2011-07-11;15358,059587319853;15358,059587319853;0,0;0
2011-07-12;15358,059587319853;15358,059587319853;0,0;0
2011-07-13;15358,059587319853;15358,059587319853;0,0;0
2011-07-14;15358,059587319853;15358,059587319853;0,0;0
2011-07-15;15358,059587319853;15358,059587319853;0,0;0
2011-07-18;15358,059587319853;15358,059587319853;0,0;0
2011-07-19;15358,059587319853;15358,059587319853;0,0;0
2011-07-20;15358,059587319853;15358,059587319853;0,0;0
2011-07-21;15358,059587319853;15358,059587319853;0,0;0
2011-07-22;15358,059587319853;15358,059587319853;0,0;0
2011-07-25;15358,059587319853;15358,059587319853;0,0;0
2011-07-26;15358,059587319853;15358,059587319853;0,0;0
2011-07-27;15358,059587319853;15358,059587319853;0,0;0
2011-07-28;15358,059587319853;15358,059587319853;0,0;0
2011-07-29;15358,059587319853;15358,059587319853;0,0;0
2011-08-01;15358,059587319853;15358,059587319853;0,0;0
2011-08-02;15358,059587319853;15358,059587319853;0,0;0
2011-08-03;15358,059587319853;15358,059587319853;0,0;0
2011-08-04;15358,059587319853;15358,059587319853;0,0;0
2011-08-05;15358,059587319853;15358,059587319853;0,0;0
2011-08-08;15358,059587319853;15358,059587319853;0,0;0
2011-08-09;15358,059587319853;15358,059587319853;0,0;0
2011-08-10;15358,059587319853;15358,059587319853;0,0;0
2011-08-11;15358,059587319853;15358,059587319853;0,0;0
2011-08-12;15358,059587319853;15358,059587319853;0,0;0
2011-08-15;15358,059587319853;15358,059587319853;0,0;0
2011-08-16;15358,059587319853;15358,059587319853;0,0;0
2011-08-17;15358,059587319853;15358,059587319853;0,0;0
2011-08-18;15358,059587319853;15358,059587319853;0,0;0
2011-08-19;15358,059587319853;15358,059587319853;0,0;0
2011-08-22;15358,059587319853;15358,059587319853;0,0;0
2011-08-23;15358,059587319853;15358,059587319853;0,0;0
2011-08-24;15358,059587319853;15358,059587319853;0,0;0
2011-08-25;15358,059587319853;15358,059587319853;0,0;0
2011-08-26;15358,059587319853;15358,059587319853;0,0;0
2011-08-29;15358,059587319853;15358,059587319853;0,0;0
2011-08-30;15358,059587319853;15358,059587319853;0,0;0
2011-08-31;15358,059587319853;15358,059587319853;0,0;0
2011-09-01;15358,059587319853;15358,059587319853;0,0;0
2011-09-02;15358,059587319853;15358,059587319853;0,0;0
2011-09-06;15358,059587319853;15358,059587319853;0,0;0
2011-09-07;15358,059587319853;15358,059587319853;0,0;0
2011-09-08;15358,059587319853;15358,059587319853;0,0;0
2011-09-09;15358,059587319853;15358,059587319853;0,0;0
2011-09-12;15358,059587319853;15358,059587319853;0,0;0
2011-09-13;15358,059587319853;15358,059587319853;0,0;0
2011-09-14;15358,059587319853;15358,059587319853;0,0;0
2011-09-15;15358,059587319853;15358,059587319853;0,0;0
2011-09-16;15358,059587319853;15358,059587319853;0,0;0
2011-09-19;15358,059587319853;15358,059587319853;0,0;0
2011-09-20;15358,059587319853;15358,059587319853;0,0;0
2011-09-21;15358,059587319853;15358,059587319853;0,0;0
2011-09-22;15358,059587319853;15358,059587319853;0,0;0
2011-09-23;15358,059587319853;15358,059587319853;0,0;0
2011-09-26;15358,059587319853;15358,059587319853;0,0;0
2011-09-27;15358,059587319853;15358,059587319853;0,0;0
2011-09-28;15358,059587319853;15358,059587319853;0,0;0
2011-09-29;15358,059587319853;15358,059587319853;0,0;0
2011-09-30;15358,059587319853;15358,059587319853;0,0;0
2011-10-03;15358,059587319853;15358,059587319853;0,0;0
2011-10-04;15358,059587319853;15358,059587319853;0,0;0
2011-10-05;15358,059587319853;15358,059587319853;0,0;0
2011-10-06;15358,059587319853;15358,059587319853;0,0;0
2011-10-07;15358,059587319853;15358,059587319853;0,0;0
2011-10-10;15358,059587319853;15358,059587319853;0,0;0
2011-10-11;15358,059587319853;15358,059587319853;0,0;0
2011-10-12;15358,059587319853;15358,059587319853;0,0;0
2011-10-13;15358,059587319853;15358,059587319853;0,0;0
2011-10-14;15358,059587319853;15358,059587319853;0,0;0
2011-10-17;15358,059587319853;15358,059587319853;0,0;0
2011-10-18;15358,059587319853;15358,059587319853;0,0;0
2011-10-19;15358,059587319853;15358,059587319853;0,0;0
2011-10-20;15358,059587319853;15358,059587319853;0,0;0
2011-10-21;15358,059587319853;15358,059587319853;0,0;0
2011-10-24;15358,059587319853;15358,059587319853;0,0;0
2011-10-25;15358,059587319853;15358,059587319853;0,0;0
2011-10-26;15358,059587319853;15358,059587319853;0,0;0
2011-10-27;15358,059587319853;15358,059587319853;0,0;0
2011-10-28;15358,059587319853;15358,059587319853;0,0;0
2011-10-31;15358,059587319853;15358,059587319853;0,0;0
2011-11-01;15358,059587319853;15358,059587319853;0,0;0
2011-11-02;15358,059587319853;15358,059587319853;0,0;0
2011-11-03;15358,059587319853;15358,059587319853;0,0;0
2011-11-04;15358,059587319853;15358,059587319853;0,0;0
2011-11-07;15358,059587319853;15358,059587319853;0,0;0
2011-11-08;15358,059587319853;15358,059587319853;0,0;0
2011-11-09;15358,059587319853;15358,059587319853;0,0;0
2011-11-10;15358,059587319853;15358,059587319853;0,0;0
2011-11-11;15358,059587319853;15358,059587319853;0,0;0
2011-11-14;15358,059587319853;15358,059587319853;0,0;0
2011-11-15;15358,059587319853;15358,059587319853;0,0;0
2011-11-16;15358,059587319853;15358,059587319853;0,0;0
2011-11-17;15358,059587319853;15358,059587319853;0,0;0
2011-11-18;15358,059587319853;15358,059587319853;0,0;0
2011-11-21;15358,059587319853;15358,059587319853;0,0;0
2011-11-22;15358,059587319853;15358,059587319853;0,0;0
2011-11-23;15358,059587319853;15358,059587319853;0,0;0
2011-11-25;15358,059587319853;15358,059587319853;0,0;0
2011-11-28;15358,059587319853;15358,059587319853;0,0;0
2011-11-29;15358,059587319853;15358,059587319853;0,0;0
2011-11-30;15358,059587319853;15358,059587319853;0,0;0
2011-12-01;15358,059587319853;15358,059587319853;0,0;0
2011-12-02;15358,059587319853;15358,059587319853;0,0;0
2011-12-05;15358,059587319853;15358,059587319853;0,0;0
2011-12-06;15358,059587319853;15358,059587319853;0,0;0
2011-12-07;15358,059587319853;15358,059587319853;0,0;0
2011-12-08;15358,059587319853;15358,059587319853;0,0;0
2011-12-09;15358,059587319853;15358,059587319853;0,0;0
2011-12-12;15358,059587319853;15358,059587319853;0,0;0
2011-12-13;15358,059587319853;15358,059587319853;0,0;0
2011-12-14;15358,059587319853;15358,059587319853;0,0;0
2011-12-15;15358,059587319853;15358,059587319853;0,0;0
2011-12-16;15358,059587319853;15358,059587319853;0,0;0
2011-12-19;15358,059587319853;15358,059587319853;0,0;0
2011-12-20;15358,059587319853;15358,059587319853;0,0;0
2011-12-21;15358,059587319853;15358,059587319853;0,0;0
2011-12-22;15358,059587319853;15358,059587319853;0,0;0
2011-12-23;15358,059587319853;15358,059587319853;0,0;0
2011-12-27;15358,059587319853;15358,059587319853;0,0;0
2011-12-28;15358,059587319853;15358,059587319853;0,0;0
2011-12-29;15358,059587319853;15358,059587319853;0,0;0
2011-12-30;15358,059587319853;15358,059587319853;0,0;0
2012-01-03;15358,059587319853;15358,059587319853;0,0;0
2012-01-04;15358,059587319853;15358,059587319853;0,0;0
2012-01-05;15358,059587319853;15358,059587319853;0,0;0
2012-01-06;15358,059587319853;15358,059587319853;0,0;0
2012-01-09;15358,059587319853;15358,059587319853;0,0;0
2012-01-10;15358,059587319853;15358,059587319853;0,0;0
2012-01-11;15358,059587319853;15358,059587319853;0,0;0
2012-01-12;15358,059587319853;15358,059587319853;0,0;0
2012-01-13;15358,059587319853;15358,059587319853;0,0;0
2012-01-17;15358,059587319853;15358,059587319853;0,0;0
2012-01-18;15358,059587319853;15358,059587319853;0,0;0
2012-01-19;15358,059587319853;15358,059587319853;0,0;0
2012-01-20;15358,059587319853;15358,059587319853;0,0;0
2012-01-23;15358,059587319853;15358,059587319853;0,0;0
2012-01-24;15358,059587319853;15358,059587319853;0,0;0
2012-01-25;15358,059587319853;15358,059587319853;0,0;0
2012-01-26;15358,059587319853;15358,059587319853;0,0;0
2012-01-27;15358,059587319853;15358,059587319853;0,0;0
2012-01-30;15358,059587319853;15358,059587319853;0,0;0
2012-01-31;15358,059587319853;15358,059587319853;0,0;0
2012-02-01;15358,059587319853;15358,059587319853;0,0;0
2012-02-02;15358,059587319853;15358,059587319853;0,0;0
2012-02-03;15358,059587319853;15358,059587319853;0,0;0
2012-02-06;15358,059587319853;15358,059587319853;0,0;0
2012-02-07;15358,059587319853;15358,059587319853;0,0;0
2012-02-08;15358,059587319853;15358,059587319853;0,0;0
2012-02-09;15358,059587319853;15358,059587319853;0,0;0
2012-02-10;15358,059587319853;15358,059587319853;0,0;0
2012-02-13;15358,059587319853;15358,059587319853;0,0;0
2012-02-14;15358,059587319853;15358,059587319853;0,0;0
2012-02-15;15358,059587319853;15358,059587319853;0,0;0
2012-02-16;15358,059587319853;15358,059587319853;0,0;0
2012-02-17;15358,059587319853;15358,059587319853;0,0;0
2012-02-21;15358,059587319853;15358,059587319853;0,0;0
2012-02-22;15358,059587319853;15358,059587319853;0,0;0
2012-02-23;15358,059587319853;15358,059587319853;0,0;0
2012-02-24;15358,059587319853;15358,059587319853;0,0;0
2012-02-27;15358,059587319853;15358,059587319853;0,0;0
2012-02-28;15358,059587319853;15358,059587319853;0,0;0
2012-02-29;15358,059587319853;15358,059587319853;0,0;0
2012-03-01;15358,059587319853;15358,059587319853;0,0;0
2012-03-02;15358,059587319853;15358,059587319853;0,0;0
2012-03-05;15358,059587319853;15358,059587319853;0,0;0
2012-03-06;15358,059587319853;15358,059587319853;0,0;0
2012-03-07;15358,059587319853;15358,059587319853;0,0;0
2012-03-08;15358,059587319853;15358,059587319853;0,0;0
2012-03-09;15358,059587319853;15358,059587319853;0,0;0
2012-03-12;15358,059587319853;15358,059587319853;0,0;0
2012-03-13;15358,059587319853;15358,059587319853;0,0;0
2012-03-14;15358,059587319853;15358,059587319853;0,0;0
2012-03-15;15358,059587319853;15358,059587319853;0,0;0
2012-03-16;15358,059587319853;15358,059587319853;0,0;0
2012-03-19;15358,059587319853;15358,059587319853;0,0;0
2012-03-20;15358,059587319853;15358,059587319853;0,0;0
2012-03-21;15358,059587319853;15358,059587319853;0,0;0
2012-03-22;15358,059587319853;15358,059587319853;0,0;0
2012-03-23;15358,059587319853;15358,059587319853;0,0;0
2012-03-26;15358,059587319853;15358,059587319853;0,0;0
2012-03-27;15358,059587319853;15358,059587319853;0,0;0
2012-03-28;15358,059587319853;15358,059587319853;0,0;0
2012-03-29;15358,059587319853;15358,059587319853;0,0;0
2012-03-30;15358,059587319853;15358,059587319853;0,0;0
2012-04-02;15358,059587319853;15358,059587319853;0,0;0
2012-04-03;15358,059587319853;15358,059587319853;0,0;0
2012-04-04;15358,059587319853;15358,059587319853;0,0;0
2012-04-05;15358,059587319853;15358,059587319853;0,0;0
2012-04-09;15358,059587319853;15358,059587319853;0,0;0
2012-04-10;15358,059587319853;15358,059587319853;0,0;0
2012-04-11;15358,059587319853;15358,059587319853;0,0;0
2012-04-12;15358,059587319853;15358,059587319853;0,0;0
2012-04-13;15358,059587319853;15358,059587319853;0,0;0
2012-04-16;15358,059587319853;15358,059587319853;0,0;0
2012-04-17;15358,059587319853;15358,059587319853;0,0;0
2012-04-18;15358,059587319853;15358,059587319853;0,0;0
2012-04-19;15358,059587319853;15358,059587319853;0,0;0
2012-04-20;15358,059587319853;15358,059587319853;0,0;0
2012-04-23;15358,059587319853;15358,059587319853;0,0;0
2012-04-24;15358,059587319853;15358,059587319853;0,0;0
2012-04-25;15358,059587319853;15358,059587319853;0,0;0
2012-04-26;15358,059587319853;15358,059587319853;0,0;0
2012-04-27;15358,059587319853;15358,059587319853;0,0;0
2012-04-30;15358,059587319853;15358,059587319853;0,0;0
2012-05-01;15358,059587319853;15358,059587319853;0,0;0
2012-05-02;15358,059587319853;15358,059587319853;0,0;0
2012-05-03;15358,059587319853;15358,059587319853;0,0;0
2012-05-04;15358,059587319853;15358,059587319853;0,0;0
2012-05-07;15358,059587319853;15358,059587319853;0,0;0
2012-05-08;15358,059587319853;15358,059587319853;0,0;0
2012-05-09;15358,059587319853;15358,059587319853;0,0;0
2012-05-10;15358,059587319853;15358,059587319853;0,0;0
2012-05-11;15358,059587319853;15358,059587319853;0,0;0
2012-05-14;15358,059587319853;15358,059587319853;0,0;0
2012-05-15;15358,059587319853;15358,059587319853;0,0;0
2012-05-16;15358,059587319853;15358,059587319853;0,0;0
2012-05-17;15358,059587319853;15358,059587319853;0,0;0
2012-05-18;15358,059587319853;15358,059587319853;0,0;0
2012-05-21;15358,059587319853;15358,059587319853;0,0;0
2012-05-22;15358,059587319853;15358,059587319853;0,0;0
2012-05-23;15358,059587319853;15358,059587319853;0,0;0
2012-05-24;15358,059587319853;15358,059587319853;0,0;0
2012-05-25;15358,059587319853;15358,059587319853;0,0;0
2012-05-29;15358,059587319853;15358,059587319853;0,0;0
2012-05-30;15358,059587319853;15358,059587319853;0,0;0
2012-05-31;15358,059587319853;15358,059587319853;0,0;0
2012-06-01;15358,059587319853;15358,059587319853;0,0;0
2012-06-04;15358,059587319853;15358,059587319853;0,0;0
2012-06-05;15358,059587319853;15358,059587319853;0,0;0
2012-06-06;15358,059587319853;15358,059587319853;0,0;0
2012-06-07;15358,059587319853;15358,059587319853;0,0;0
2012-06-08;15358,059587319853;15358,059587319853;0,0;0
2012-06-11;15358,059587319853;15358,059587319853;0,0;0
2012-06-12;15358,059587319853;15358,059587319853;0,0;0
2012-06-13;15358,059587319853;15358,059587319853;0,0;0
2012-06-14;15358,059587319853;15358,059587319853;0,0;0
2012-06-15;15358,059587319853;15358,059587319853;0,0;0
2012-06-18;15358,059587319853;15358,059587319853;0,0;0
2012-06-19;15358,059587319853;15358,059587319853;0,0;0
2012-06-20;15358,059587319853;15358,059587319853;0,0;0
2012-06-21;15358,059587319853;15358,059587319853;0,0;0
2012-06-22;15358,059587319853;15358,059587319853;0,0;0
2012-06-25;15358,059587319853;15358,059587319853;0,0;0
2012-06-26;15358,059587319853;15358,059587319853;0,0;0
2012-06-27;15358,059587319853;15358,059587319853;0,0;0
2012-06-28;15358,059587319853;15358,059587319853;0,0;0
2012-06-29;15358,059587319853;15358,059587319853;0,0;0
2012-07-02;15358,059587319853;15358,059587319853;0,0;0
2012-07-03;15358,059587319853;15358,059587319853;0,0;0
2012-07-05;15358,059587319853;15358,059587319853;0,0;0
2012-07-06;15358,059587319853;15358,059587319853;0,0;0
2012-07-09;15358,059587319853;15358,059587319853;0,0;0
2012-07-10;15358,059587319853;15358,059587319853;0,0;0
2012-07-11;15358,059587319853;15358,059587319853;0,0;0
2012-07-12;15358,059587319853;15358,059587319853;0,0;0
2012-07-13;15358,059587319853;15358,059587319853;0,0;0
2012-07-16;15358,059587319853;15358,059587319853;0,0;0
2012-07-17;15358,059587319853;15358,059587319853;0,0;0
2012-07-18;15358,059587319853;15358,059587319853;0,0;0
2012-07-19;15358,059587319853;15358,059587319853;0,0;0
2012-07-20;15358,059587319853;15358,059587319853;0,0;0
2012-07-23;15358,059587319853;15358,059587319853;0,0;0
2012-07-24;15358,059587319853;15358,059587319853;0,0;0
2012-07-25;15358,059587319853;15358,059587319853;0,0;0
2012-07-26;15358,059587319853;15358,059587319853;0,0;0
2012-07-27;15358,059587319853;15358,059587319853;0,0;0
2012-07-30;15358,059587319853;15358,059587319853;0,0;0
2012-07-31;15358,059587319853;15358,059587319853;0,0;0
2012-08-01;15358,059587319853;15358,059587319853;0,0;0
2012-08-02;15358,059587319853;15358,059587319853;0,0;0
2012-08-03;15358,059587319853;15358,059587319853;0,0;0
2012-08-06;15358,059587319853;15358,059587319853;0,0;0
2012-08-07;15358,059587319853;15358,059587319853;0,0;0
2012-08-08;15358,059587319853;15358,059587319853;0,0;0
2012-08-09;15358,059587319853;15358,059587319853;0,0;0
2012-08-10;15358,059587319853;15358,059587319853;0,0;0
2012-08-13;15358,059587319853;15358,059587319853;0,0;0
2012-08-14;15358,059587319853;15358,059587319853;0,0;0
2012-08-15;15358,059587319853;15358,059587319853;0,0;0
2012-08-16;15358,059587319853;15358,059587319853;0,0;0
2012-08-17;15358,059587319853;15358,059587319853;0,0;0
2012-08-20;15358,059587319853;15358,059587319853;0,0;0
2012-08-21;15358,059587319853;15358,059587319853;0,0;0
2012-08-22;15358,059587319853;15358,059587319853;0,0;0
2012-08-23;15358,059587319853;15358,059587319853;0,0;0
2012-08-24;15358,059587319853;15358,059587319853;0,0;0
2012-08-27;15358,059587319853;15358,059587319853;0,0;0
2012-08-28;15358,059587319853;15358,059587319853;0,0;0
2012-08-29;15358,059587319853;15358,059587319853;0,0;0
2012-08-30;15358,059587319853;15358,059587319853;0,0;0
2012-08-31;15358,059587319853;15358,059587319853;0,0;0
2012-09-04;15358,059587319853;15358,059587319853;0,0;0
2012-09-05;15358,059587319853;15358,059587319853;0,0;0
2012-09-06;15358,059587319853;15358,059587319853;0,0;0
2012-09-07;15358,059587319853;15358,059587319853;0,0;0
2012-09-10;15358,059587319853;15358,059587319853;0,0;0
2012-09-11;15358,059587319853;15358,059587319853;0,0;0
2012-09-12;15358,059587319853;15358,059587319853;0,0;0
2012-09-13;15358,059587319853;15358,059587319853;0,0;0
2012-09-14;15358,059587319853;15358,059587319853;0,0;0
2012-09-17;15358,059587319853;15358,059587319853;0,0;0
2012-09-18;15358,059587319853;15358,059587319853;0,0;0
2012-09-19;15358,059587319853;15358,059587319853;0,0;0
2012-09-20;15358,059587319853;15358,059587319853;0,0;0
2012-09-21;15358,059587319853;15358,059587319853;0,0;0
2012-09-24;15358,059587319853;15358,059587319853;0,0;0
2012-09-25;15358,059587319853;15358,059587319853;0,0;0
2012-09-26;15358,059587319853;15358,059587319853;0,0;0
2012-09-27;15358,059587319853;15358,059587319853;0,0;0
2012-09-28;15358,059587319853;15358,059587319853;0,0;0
2012-10-01;15358,059587319853;15358,059587319853;0,0;0
2012-10-02;15358,059587319853;15358,059587319853;0,0;0
2012-10-03;15358,059587319853;15358,059587319853;0,0;0
2012-10-04;15358,059587319853;15358,059587319853;0,0;0
2012-10-05;15358,059587319853;15358,059587319853;0,0;0
2012-10-08;15358,059587319853;15358,059587319853;0,0;0
2012-10-09;15358,059587319853;15358,059587319853;0,0;0
2012-10-10;15358,059587319853;15358,059587319853;0,0;0
2012-10-11;15358,059587319853;15358,059587319853;0,0;0
2012-10-12;15358,059587319853;15358,059587319853;0,0;0
2012-10-15;15358,059587319853;15358,059587319853;0,0;0
2012-10-16;15358,059587319853;15358,059587319853;0,0;0
2012-10-17;15358,059587319853;15358,059587319853;0,0;0
2012-10-18;15358,059587319853;15358,059587319853;0,0;0
2012-10-19;15358,059587319853;15358,059587319853;0,0;0
2012-10-22;15358,059587319853;15358,059587319853;0,0;0
2012-10-23;15358,059587319853;15358,059587319853;0,0;0
2012-10-24;15358,059587319853;15358,059587319853;0,0;0
2012-10-25;15358,059587319853;15358,059587319853;0,0;0
2012-10-26;15358,059587319853;15358,059587319853;0,0;0
2012-10-31;15358,059587319853;15358,059587319853;0,0;0
2012-11-01;15358,059587319853;15358,059587319853;0,0;0
2012-11-02;15358,059587319853;15358,059587319853;0,0;0
2012-11-05;15358,059587319853;15358,059587319853;0,0;0
2012-11-06;15358,059587319853;15358,059587319853;0,0;0
2012-11-07;15358,059587319853;15358,059587319853;0,0;0
2012-11-08;15358,059587319853;15358,059587319853;0,0;0
2012-11-09;15358,059587319853;15358,059587319853;0,0;0
2012-11-12;15358,059587319853;15358,059587319853;0,0;0
2012-11-13;15358,059587319853;15358,059587319853;0,0;0
2012-11-14;15358,059587319853;15358,059587319853;0,0;0
2012-11-15;15358,059587319853;15358,059587319853;0,0;0
2012-11-16;15358,059587319853;15358,059587319853;0,0;0
2012-11-19;15358,059587319853;15358,059587319853;0,0;0
2012-11-20;15358,059587319853;15358,059587319853;0,0;0
2012-11-21;15358,059587319853;15358,059587319853;0,0;0
2012-11-23;15358,059587319853;15358,059587319853;0,0;0
2012-11-26;15358,059587319853;15358,059587319853;0,0;0
2012-11-27;15358,059587319853;15358,059587319853;0,0;0
2012-11-28;15358,059587319853;15358,059587319853;0,0;0
2012-11-29;15358,059587319853;15358,059587319853;0,0;0
2012-11-30;15358,059587319853;15358,059587319853;0,0;0
2012-12-03;15358,059587319853;15358,059587319853;0,0;0
2012-12-04;15358,059587319853;15358,059587319853;0,0;0
2012-12-05;15358,059587319853;15358,059587319853;0,0;0
2012-12-06;15358,059587319853;15358,059587319853;0,0;0
2012-12-07;15358,059587319853;15358,059587319853;0,0;0
2012-12-10;15358,059587319853;15358,059587319853;0,0;0
2012-12-11;15358,059587319853;15358,059587319853;0,0;0
2012-12-12;15358,059587319853;15358,059587319853;0,0;0
2012-12-13;15358,059587319853;15358,059587319853;0,0;0
2012-12-14;15358,059587319853;15358,059587319853;0,0;0
2012-12-17;15358,059587319853;15358,059587319853;0,0;0
2012-12-18;15358,059587319853;15358,059587319853;0,0;0
2012-12-19;15358,059587319853;15358,059587319853;0,0;0
2012-12-20;15358,059587319853;15358,059587319853;0,0;0
2012-12-21;15358,059587319853;15358,059587319853;0,0;0
2012-12-24;15358,059587319853;15358,059587319853;0,0;0
2012-12-26;15358,059587319853;15358,059587319853;0,0;0
2012-12-27;15358,059587319853;15358,059587319853;0,0;0
2012-12-28;15358,059587319853;15358,059587319853;0,0;0
2012-12-31;15358,059587319853;15358,059587319853;0,0;0
2013-01-02;15358,059587319853;15358,059587319853;0,0;0
2013-01-03;15358,059587319853;15358,059587319853;0,0;0
2013-01-04;15358,059587319853;15358,059587319853;0,0;0
2013-01-07;15358,059587319853;15358,059587319853;0,0;0
2013-01-08;15358,059587319853;15358,059587319853;0,0;0
2013-01-09;15358,059587319853;15358,059587319853;0,0;0
2013-01-10;15358,059587319853;15358,059587319853;0,0;0
2013-01-11;15358,059587319853;15358,059587319853;0,0;0
2013-01-14;15358,059587319853;15358,059587319853;0,0;0
2013-01-15;15358,059587319853;15358,059587319853;0,0;0
2013-01-16;15358,059587319853;15358,059587319853;0,0;0
2013-01-17;15358,059587319853;15358,059587319853;0,0;0
2013-01-18;15358,059587319853;15358,059587319853;0,0;0
2013-01-22;15358,059587319853;15358,059587319853;0,0;0
2013-01-23;15358,059587319853;15358,059587319853;0,0;0
2013-01-24;15358,059587319853;15358,059587319853;0,0;0
2013-01-25;15358,059587319853;15358,059587319853;0,0;0
2013-01-28;15358,059587319853;15358,059587319853;0,0;0
2013-01-29;15358,059587319853;15358,059587319853;0,0;0
2013-01-30;15358,059587319853;15358,059587319853;0,0;0
2013-01-31;15358,059587319853;15358,059587319853;0,0;0
2013-02-01;15358,059587319853;15358,059587319853;0,0;0
2013-02-04;15358,059587319853;15358,059587319853;0,0;0
2013-02-05;15358,059587319853;15358,059587319853;0,0;0
2013-02-06;15358,059587319853;15358,059587319853;0,0;0
2013-02-07;15358,059587319853;15358,059587319853;0,0;0
2013-02-08;15358,059587319853;15358,059587319853;0,0;0
2013-02-11;15358,059587319853;15358,059587319853;0,0;0
2013-02-12;15358,059587319853;15358,059587319853;0,0;0
2013-02-13;15358,059587319853;15358,059587319853;0,0;0
2013-02-14;15358,059587319853;15358,059587319853;0,0;0
2013-02-15;15358,059587319853;15358,059587319853;0,0;0
2013-02-19;15358,059587319853;15358,059587319853;0,0;0
2013-02-20;15358,059587319853;15358,059587319853;0,0;0
2013-02-21;15358,059587319853;15358,059587319853;0,0;0
2013-02-22;15358,059587319853;15358,059587319853;0,0;0
2013-02-25;15358,059587319853;15358,059587319853;0,0;0
2013-02-26;15358,059587319853;15358,059587319853;0,0;0
2013-02-27;15358,059587319853;15358,059587319853;0,0;0
2013-02-28;15358,059587319853;15358,059587319853;0,0;0
2013-03-01;15358,059587319853;15358,059587319853;0,0;0
2013-03-04;15358,059587319853;15358,059587319853;0,0;0
2013-03-05;15358,059587319853;15358,059587319853;0,0;0
2013-03-06;15358,059587319853;15358,059587319853;0,0;0
2013-03-07;15358,059587319853;15358,059587319853;0,0;0
2013-03-08;15358,059587319853;15358,059587319853;0,0;0
2013-03-11;15358,059587319853;15358,059587319853;0,0;0
2013-03-12;15358,059587319853;15358,059587319853;0,0;0
2013-03-13;15358,059587319853;15358,059587319853;0,0;0
2013-03-14;15358,059587319853;15358,059587319853;0,0;0
2013-03-15;15358,059587319853;15358,059587319853;0,0;0
2013-03-18;15358,059587319853;15358,059587319853;0,0;0
2013-03-19;15358,059587319853;15358,059587319853;0,0;0
2013-03-20;15358,059587319853;15358,059587319853;0,0;0
2013-03-21;15358,059587319853;15358,059587319853;0,0;0
2013-03-22;15358,059587319853;15358,059587319853;0,0;0
2013-03-25;15358,059587319853;15358,059587319853;0,0;0
2013-03-26;15358,059587319853;15358,059587319853;0,0;0
2013-03-27;15358,059587319853;15358,059587319853;0,0;0
2013-03-28;15358,059587319853;15358,059587319853;0,0;0
2013-04-01;15358,059587319853;15358,059587319853;0,0;0
2013-04-02;15358,059587319853;15358,059587319853;0,0;0
2013-04-03;15358,059587319853;15358,059587319853;0,0;0
2013-04-04;15358,059587319853;15358,059587319853;0,0;0
2013-04-05;15358,059587319853;15358,059587319853;0,0;0
2013-04-08;15358,059587319853;15358,059587319853;0,0;0
2013-04-09;15358,059587319853;15358,059587319853;0,0;0
2013-04-10;15358,059587319853;15358,059587319853;0,0;0
2013-04-11;15358,059587319853;15358,059587319853;0,0;0
2013-04-12;15358,059587319853;15358,059587319853;0,0;0
2013-04-15;15358,059587319853;15358,059587319853;0,0;0
2013-04-16;15358,059587319853;15358,059587319853;0,0;0
2013-04-17;15358,059587319853;15358,059587319853;0,0;0
2013-04-18;15358,059587319853;15358,059587319853;0,0;0
2013-04-19;15358,059587319853;15358,059587319853;0,0;0
2013-04-22;15358,059587319853;15358,059587319853;0,0;0
2013-04-23;15358,059587319853;15358,059587319853;0,0;0
2013-04-24;15358,059587319853;15358,059587319853;0,0;0
2013-04-25;15358,059587319853;15358,059587319853;0,0;0
2013-04-26;15358,059587319853;15358,059587319853;0,0;0
2013-04-29;15358,059587319853;15358,059587319853;0,0;0
2013-04-30;15358,059587319853;15358,059587319853;0,0;0
2013-05-01;15358,059587319853;15358,059587319853;0,0;0
2013-05-02;15358,059587319853;15358,059587319853;0,0;0
2013-05-03;15358,059587319853;15358,059587319853;0,0;0
2013-05-06;15358,059587319853;15358,059587319853;0,0;0
2013-05-07;15358,059587319853;15358,059587319853;0,0;0
2013-05-08;15358,059587319853;15358,059587319853;0,0;0
2013-05-09;15358,059587319853;15358,059587319853;0,0;0
2013-05-10;15358,059587319853;15358,059587319853;0,0;0
2013-05-13;15358,059587319853;15358,059587319853;0,0;0
2013-05-14;15358,059587319853;15358,059587319853;0,0;0
2013-05-15;15358,059587319853;15358,059587319853;0,0;0
2013-05-16;15358,059587319853;15358,059587319853;0,0;0
2013-05-17;15358,059587319853;15358,059587319853;0,0;0
2013-05-20;15358,059587319853;15358,059587319853;0,0;0
2013-05-21;15358,059587319853;15358,059587319853;0,0;0
2013-05-22;15358,059587319853;15358,059587319853;0,0;0
2013-05-23;15358,059587319853;15358,059587319853;0,0;0
2013-05-24;15358,059587319853;15358,059587319853;0,0;0
2013-05-28;15358,059587319853;15358,059587319853;0,0;0
2013-05-29;15358,059587319853;15358,059587319853;0,0;0
2013-05-30;15358,059587319853;15358,059587319853;0,0;0
2013-05-31;15358,059587319853;15358,059587319853;0,0;0
2013-06-03;15358,059587319853;15358,059587319853;0,0;0
2013-06-04;15358,059587319853;15358,059587319853;0,0;0
2013-06-05;15358,059587319853;15358,059587319853;0,0;0
2013-06-06;15358,059587319853;15358,059587319853;0,0;0
2013-06-07;15358,059587319853;15358,059587319853;0,0;0
2013-06-10;15358,059587319853;15358,059587319853;0,0;0
2013-06-11;15358,059587319853;15358,059587319853;0,0;0
2013-06-12;15358,059587319853;15358,059587319853;0,0;0
2013-06-13;15358,059587319853;15358,059587319853;0,0;0
2013-06-14;15358,059587319853;15358,059587319853;0,0;0
2013-06-17;15358,059587319853;15358,059587319853;0,0;0
2013-06-18;15358,059587319853;15358,059587319853;0,0;0
2013-06-19;15358,059587319853;15358,059587319853;0,0;0
2013-06-20;15358,059587319853;15358,059587319853;0,0;0
2013-06-21;15358,059587319853;15358,059587319853;0,0;0
2013-06-24;15358,059587319853;15358,059587319853;0,0;0
2013-06-25;15358,059587319853;15358,059587319853;0,0;0
2013-06-26;15358,059587319853;15358,059587319853;0,0;0
2013-06-27;15358,059587319853;15358,059587319853;0,0;0
2013-06-28;15358,059587319853;15358,059587319853;0,0;0
2013-07-01;15358,059587319853;15358,059587319853;0,0;0
2013-07-02;15358,059587319853;15358,059587319853;0,0;0
2013-07-03;15358,059587319853;15358,059587319853;0,0;0
2013-07-05;15358,059587319853;15358,059587319853;0,0;0
2013-07-08;15358,059587319853;15358,059587319853;0,0;0
2013-07-09;15358,059587319853;15358,059587319853;0,0;0
2013-07-10;15358,059587319853;15358,059587319853;0,0;0
2013-07-11;15358,059587319853;15358,059587319853;0,0;0
2013-07-12;15358,059587319853;15358,059587319853;0,0;0
2013-07-15;15358,059587319853;15358,059587319853;0,0;0
2013-07-16;15358,059587319853;15358,059587319853;0,0;0
2013-07-17;15358,059587319853;15358,059587319853;0,0;0
2013-07-18;15358,059587319853;15358,059587319853;0,0;0
2013-07-19;15358,059587319853;15358,059587319853;0,0;0
2013-07-22;15358,059587319853;15358,059587319853;0,0;0
2013-07-23;15358,059587319853;15358,059587319853;0,0;0
2013-07-24;15358,059587319853;15358,059587319853;0,0;0
2013-07-25;15358,059587319853;15358,059587319853;0,0;0
2013-07-26;15358,059587319853;15358,059587319853;0,0;0
2013-07-29;15358,059587319853;15358,059587319853;0,0;0
2013-07-30;15358,059587319853;15358,059587319853;0,0;0
2013-07-31;15358,059587319853;15358,059587319853;0,0;0
2013-08-01;15358,059587319853;15358,059587319853;0,0;0
2013-08-02;15358,059587319853;15358,059587319853;0,0;0
2013-08-05;15358,059587319853;15358,059587319853;0,0;0
2013-08-06;15358,059587319853;15358,059587319853;0,0;0
2013-08-07;15358,059587319853;15358,059587319853;0,0;0
2013-08-08;15358,059587319853;15358,059587319853;0,0;0
2013-08-09;15358,059587319853;15358,059587319853;0,0;0
2013-08-12;15358,059587319853;15358,059587319853;0,0;0
2013-08-13;15358,059587319853;15358,059587319853;0,0;0
2013-08-14;15358,059587319853;15358,059587319853;0,0;0
2013-08-15;15358,059587319853;15358,059587319853;0,0;0
2013-08-16;15358,059587319853;15358,059587319853;0,0;0
2013-08-19;15358,059587319853;15358,059587319853;0,0;0
2013-08-20;15358,059587319853;15358,059587319853;0,0;0
2013-08-21;15358,059587319853;15358,059587319853;0,0;0
2013-08-22;15358,059587319853;15358,059587319853;0,0;0
2013-08-23;15358,059587319853;15358,059587319853;0,0;0
2013-08-26;15358,059587319853;15358,059587319853;0,0;0
2013-08-27;15358,059587319853;15358,059587319853;0,0;0
2013-08-28;15358,059587319853;15358,059587319853;0,0;0
2013-08-29;15358,059587319853;15358,059587319853;0,0;0
2013-08-30;15358,059587319853;15358,059587319853;0,0;0
2013-09-03;15358,059587319853;15358,059587319853;0,0;0
2013-09-04;15358,059587319853;15358,059587319853;0,0;0
2013-09-05;15358,059587319853;15358,059587319853;0,0;0
2013-09-06;15358,059587319853;15358,059587319853;0,0;0
2013-09-09;15358,059587319853;15358,059587319853;0,0;0
2013-09-10;15358,059587319853;15358,059587319853;0,0;0
2013-09-11;15358,059587319853;15358,059587319853;0,0;0
2013-09-12;15358,059587319853;15358,059587319853;0,0;0
2013-09-13;15358,059587319853;15358,059587319853;0,0;0
2013-09-16;15358,059587319853;15358,059587319853;0,0;0
2013-09-17;15358,059587319853;15358,059587319853;0,0;0
2013-09-18;15358,059587319853;15358,059587319853;0,0;0
2013-09-19;15358,059587319853;15358,059587319853;0,0;0
2013-09-20;15358,059587319853;15358,059587319853;0,0;0
2013-09-23;15358,059587319853;15358,059587319853;0,0;0
2013-09-24;15358,059587319853;15358,059587319853;0,0;0
2013-09-25;15358,059587319853;15358,059587319853;0,0;0
2013-09-26;15358,059587319853;15358,059587319853;0,0;0
2013-09-27;15358,059587319853;15358,059587319853;0,0;0
2013-09-30;15358,059587319853;15358,059587319853;0,0;0
2013-10-01;15358,059587319853;15358,059587319853;0,0;0
2013-10-02;15358,059587319853;15358,059587319853;0,0;0
2013-10-03;15358,059587319853;15358,059587319853;0,0;0
2013-10-04;15358,059587319853;15358,059587319853;0,0;0
2013-10-07;15358,059587319853;15358,059587319853;0,0;0
2013-10-08;15358,059587319853;15358,059587319853;0,0;0
2013-10-09;15358,059587319853;15358,059587319853;0,0;0
2013-10-10;15358,059587319853;15358,059587319853;0,0;0
2013-10-11;15358,059587319853;15358,059587319853;0,0;0
2013-10-14;15358,059587319853;15358,059587319853;0,0;0
2013-10-15;15358,059587319853;15358,059587319853;0,0;0
2013-10-16;15358,059587319853;15358,059587319853;0,0;0
2013-10-17;15358,059587319853;15358,059587319853;0,0;0
2013-10-18;15358,059587319853;15358,059587319853;0,0;0
2013-10-21;15358,059587319853;15358,059587319853;0,0;0
2013-10-22;15358,059587319853;15358,059587319853;0,0;0
2013-10-23;15358,059587319853;15358,059587319853;0,0;0
2013-10-24;15358,059587319853;15358,059587319853;0,0;0
2013-10-25;15358,059587319853;15358,059587319853;0,0;0
2013-10-28;15358,059587319853;15358,059587319853;0,0;0
2013-10-29;15358,059587319853;15358,059587319853;0,0;0
2013-10-30;15358,059587319853;15358,059587319853;0,0;0
2013-10-31;15358,059587319853;15358,059587319853;0,0;0
2013-11-01;15358,059587319853;15358,059587319853;0,0;0
2013-11-04;15358,059587319853;15358,059587319853;0,0;0
2013-11-05;15358,059587319853;15358,059587319853;0,0;0
2013-11-06;15358,059587319853;15358,059587319853;0,0;0
2013-11-07;15358,059587319853;15358,059587319853;0,0;0
2013-11-08;15358,059587319853;15358,059587319853;0,0;0
2013-11-11;15358,059587319853;15358,059587319853;0,0;0
2013-11-12;15358,059587319853;15358,059587319853;0,0;0
2013-11-13;15358,059587319853;15358,059587319853;0,0;0
2013-11-14;15358,059587319853;15358,059587319853;0,0;0
2013-11-15;15358,059587319853;15358,059587319853;0,0;0
2013-11-18;15358,059587319853;15358,059587319853;0,0;0
2013-11-19;15358,059587319853;15358,059587319853;0,0;0
2013-11-20;15358,059587319853;15358,059587319853;0,0;0
2013-11-21;15358,059587319853;15358,059587319853;0,0;0
2013-11-22;15358,059587319853;15358,059587319853;0,0;0
2013-11-25;15358,059587319853;15358,059587319853;0,0;0
2013-11-26;15358,059587319853;15358,059587319853;0,0;0
2013-11-27;15358,059587319853;15358,059587319853;0,0;0
2013-11-29;15358,059587319853;15358,059587319853;0,0;0
2013-12-02;15358,059587319853;15358,059587319853;0,0;0
2013-12-03;15358,059587319853;15358,059587319853;0,0;0
2013-12-04;15358,059587319853;15358,059587319853;0,0;0
2013-12-05;15358,059587319853;15358,059587319853;0,0;0
2013-12-06;15358,059587319853;15358,059587319853;0,0;0
2013-12-09;15358,059587319853;15358,059587319853;0,0;0
2013-12-10;15358,059587319853;15358,059587319853;0,0;0
2013-12-11;15358,059587319853;15358,059587319853;0,0;0
2013-12-12;15358,059587319853;15358,059587319853;0,0;0
2013-12-13;15358,059587319853;15358,059587319853;0,0;0
2013-12-16;15358,059587319853;15358,059587319853;0,0;0
2013-12-17;15358,059587319853;15358,059587319853;0,0;0
2013-12-18;15358,059587319853;15358,059587319853;0,0;0
2013-12-19;15358,059587319853;15358,059587319853;0,0;0
2013-12-20;15358,059587319853;15358,059587319853;0,0;0
2013-12-23;15358,059587319853;15358,059587319853;0,0;0
2013-12-24;15358,059587319853;15358,059587319853;0,0;0
2013-12-26;15358,059587319853;15358,059587319853;0,0;0
2013-12-27;15358,059587319853;15358,059587319853;0,0;0
2013-12-30;15358,059587319853;15358,059587319853;0,0;0
2013-12-31;15358,059587319853;15358,059587319853;0,0;0
2014-01-02;15358,059587319853;15358,059587319853;0,0;0
2014-01-03;15358,059587319853;15358,059587319853;0,0;0
2014-01-06;15358,059587319853;15358,059587319853;0,0;0
2014-01-07;15358,059587319853;15358,059587319853;0,0;0
2014-01-08;15358,059587319853;15358,059587319853;0,0;0
2014-01-09;15358,059587319853;15358,059587319853;0,0;0
2014-01-10;15358,059587319853;15358,059587319853;0,0;0
2014-01-13;15358,059587319853;15358,059587319853;0,0;0
2014-01-14;15358,059587319853;15358,059587319853;0,0;0
2014-01-15;15358,059587319853;15358,059587319853;0,0;0
2014-01-16;15358,059587319853;15358,059587319853;0,0;0
2014-01-17;15358,059587319853;15358,059587319853;0,0;0
2014-01-21;15358,059587319853;15358,059587319853;0,0;0
2014-01-22;15358,059587319853;15358,059587319853;0,0;0
2014-01-23;15358,059587319853;15358,059587319853;0,0;0
2014-01-24;15358,059587319853;15358,059587319853;0,0;0
2014-01-27;15358,059587319853;15358,059587319853;0,0;0
2014-01-28;15358,059587319853;15358,059587319853;0,0;0
2014-01-29;15358,059587319853;15358,059587319853;0,0;0
2014-01-30;15358,059587319853;15358,059587319853;0,0;0
2014-01-31;15358,059587319853;15358,059587319853;0,0;0
2014-02-03;15358,059587319853;15358,059587319853;0,0;0
2014-02-04;15358,059587319853;15358,059587319853;0,0;0
2014-02-05;15358,059587319853;15358,059587319853;0,0;0
2014-02-06;15358,059587319853;15358,059587319853;0,0;0
2014-02-07;15358,059587319853;15358,059587319853;0,0;0
2014-02-10;15358,059587319853;15358,059587319853;0,0;0
2014-02-11;15358,059587319853;15358,059587319853;0,0;0
2014-02-12;15358,059587319853;15358,059587319853;0,0;0
2014-02-13;15358,059587319853;15358,059587319853;0,0;0
2014-02-14;15358,059587319853;15358,059587319853;0,0;0
2014-02-18;15358,059587319853;15358,059587319853;0,0;0
2014-02-19;15358,059587319853;15358,059587319853;0,0;0
2014-02-20;15358,059587319853;15358,059587319853;0,0;0
2014-02-21;15358,059587319853;15358,059587319853;0,0;0
2014-02-24;15358,059587319853;15358,059587319853;0,0;0
2014-02-25;15358,059587319853;15358,059587319853;0,0;0
2014-02-26;15358,059587319853;15358,059587319853;0,0;0
2014-02-27;15358,059587319853;15358,059587319853;0,0;0
2014-02-28;15358,059587319853;15358,059587319853;0,0;0
2014-03-03;15358,059587319853;15358,059587319853;0,0;0
2014-03-04;15358,059587319853;15358,059587319853;0,0;0
2014-03-05;15358,059587319853;15358,059587319853;0,0;0
2014-03-06;15358,059587319853;15358,059587319853;0,0;0
2014-03-07;15358,059587319853;15358,059587319853;0,0;0
2014-03-10;15358,059587319853;15358,059587319853;0,0;0
2014-03-11;15358,059587319853;15358,059587319853;0,0;0
2014-03-12;15358,059587319853;15358,059587319853;0,0;0
2014-03-13;15358,059587319853;15358,059587319853;0,0;0
2014-03-14;15358,059587319853;15358,059587319853;0,0;0
2014-03-17;15358,059587319853;15358,059587319853;0,0;0
2014-03-18;15358,059587319853;15358,059587319853;0,0;0
2014-03-19;15358,059587319853;15358,059587319853;0,0;0
2014-03-20;15358,059587319853;15358,059587319853;0,0;0
2014-03-21;15358,059587319853;15358,059587319853;0,0;0
2014-03-24;15358,059587319853;15358,059587319853;0,0;0
2014-03-25;15358,059587319853;15358,059587319853;0,0;0
2014-03-26;15358,059587319853;15358,059587319853;0,0;0
2014-03-27;15358,059587319853;15358,059587319853;0,0;0
2014-03-28;15358,059587319853;15358,059587319853;0,0;0
2014-03-31;15358,059587319853;15358,059587319853;0,0;0
2014-04-01;15358,059587319853;15358,059587319853;0,0;0
2014-04-02;15358,059587319853;15358,059587319853;0,0;0
2014-04-03;15358,059587319853;15358,059587319853;0,0;0
2014-04-04;15358,059587319853;15358,059587319853;0,0;0
2014-04-07;15358,059587319853;15358,059587319853;0,0;0
2014-04-08;15358,059587319853;15358,059587319853;0,0;0
2014-04-09;15358,059587319853;15358,059587319853;0,0;0
2014-04-10;15358,059587319853;15358,059587319853;0,0;0
2014-04-11;15358,059587319853;15358,059587319853;0,0;0
2014-04-14;15358,059587319853;15358,059587319853;0,0;0
2014-04-15;15358,059587319853;15358,059587319853;0,0;0
2014-04-16;15358,059587319853;15358,059587319853;0,0;0
2014-04-17;15358,059587319853;15358,059587319853;0,0;0
2014-04-21;15358,059587319853;15358,059587319853;0,0;0
2014-04-22;15358,059587319853;15358,059587319853;0,0;0
2014-04-23;15358,059587319853;15358,059587319853;0,0;0
2014-04-24;15358,059587319853;15358,059587319853;0,0;0
2014-04-25;15358,059587319853;15358,059587319853;0,0;0
2014-04-28;15358,059587319853;15358,059587319853;0,0;0
2014-04-29;15358,059587319853;15358,059587319853;0,0;0
2014-04-30;15358,059587319853;15358,059587319853;0,0;0
2014-05-01;15358,059587319853;15358,059587319853;0,0;0
2014-05-02;15358,059587319853;15358,059587319853;0,0;0
2014-05-05;15358,059587319853;15358,059587319853;0,0;0
2014-05-06;15358,059587319853;15358,059587319853;0,0;0
2014-05-07;15358,059587319853;15358,059587319853;0,0;0
2014-05-08;15358,059587319853;15358,059587319853;0,0;0
2014-05-09;15358,059587319853;15358,059587319853;0,0;0
2014-05-12;15358,059587319853;15358,059587319853;0,0;0
2014-05-13;15358,059587319853;15358,059587319853;0,0;0
2014-05-14;15358,059587319853;15358,059587319853;0,0;0
2014-05-15;15358,059587319853;15358,059587319853;0,0;0
2014-05-16;15358,059587319853;15358,059587319853;0,0;0
2014-05-19;15358,059587319853;15358,059587319853;0,0;0
2014-05-20;15358,059587319853;15358,059587319853;0,0;0
2014-05-21;15358,059587319853;15358,059587319853;0,0;0
2014-05-22;15358,059587319853;15358,059587319853;0,0;0
2014-05-23;15358,059587319853;15358,059587319853;0,0;0
2014-05-27;15358,059587319853;15358,059587319853;0,0;0
2014-05-28;15358,059587319853;15358,059587319853;0,0;0
2014-05-29;15358,059587319853;15358,059587319853;0,0;0
2014-05-30;15358,059587319853;15358,059587319853;0,0;0
2014-06-02;15358,059587319853;15358,059587319853;0,0;0
2014-06-03;15358,059587319853;15358,059587319853;0,0;0
2014-06-04;15358,059587319853;15358,059587319853;0,0;0
2014-06-05;15358,059587319853;15358,059587319853;0,0;0
2014-06-06;15358,059587319853;15358,059587319853;0,0;0
2014-06-09;15358,059587319853;15358,059587319853;0,0;0
2014-06-10;15358,059587319853;15358,059587319853;0,0;0
2014-06-11;15358,059587319853;15358,059587319853;0,0;0
2014-06-12;15358,059587319853;15358,059587319853;0,0;0
2014-06-13;15358,059587319853;15358,059587319853;0,0;0
2014-06-16;15358,059587319853;15358,059587319853;0,0;0
2014-06-17;15358,059587319853;15358,059587319853;0,0;0
2014-06-18;15358,059587319853;15358,059587319853;0,0;0
2014-06-19;15358,059587319853;15358,059587319853;0,0;0
2014-06-20;15358,059587319853;15358,059587319853;0,0;0
2014-06-23;15358,059587319853;15358,059587319853;0,0;0
2014-06-24;15358,059587319853;15358,059587319853;0,0;0
2014-06-25;15358,059587319853;15358,059587319853;0,0;0
2014-06-26;15358,059587319853;15358,059587319853;0,0;0
2014-06-27;15358,059587319853;15358,059587319853;0,0;0
2014-06-30;15358,059587319853;15358,059587319853;0,0;0
2014-07-01;15358,059587319853;15358,059587319853;0,0;0
2014-07-02;15358,059587319853;15358,059587319853;0,0;0
2014-07-03;15358,059587319853;15358,059587319853;0,0;0
2014-07-07;15358,059587319853;15358,059587319853;0,0;0
2014-07-08;15358,059587319853;15358,059587319853;0,0;0
2014-07-09;15358,059587319853;15358,059587319853;0,0;0
2014-07-10;15358,059587319853;15358,059587319853;0,0;0
2014-07-11;15358,059587319853;15358,059587319853;0,0;0
2014-07-14;15358,059587319853;15358,059587319853;0,0;0
2014-07-15;15358,059587319853;15358,059587319853;0,0;0
2014-07-16;15358,059587319853;15358,059587319853;0,0;0
2014-07-17;15358,059587319853;15358,059587319853;0,0;0
2014-07-18;15358,059587319853;15358,059587319853;0,0;0
2014-07-21;15358,059587319853;15358,059587319853;0,0;0
2014-07-22;15358,059587319853;15358,059587319853;0,0;0
2014-07-23;15358,059587319853;15358,059587319853;0,0;0
2014-07-24;15358,059587319853;15358,059587319853;0,0;0
2014-07-25;15358,059587319853;15358,059587319853;0,0;0
2014-07-28;15358,059587319853;15358,059587319853;0,0;0
2014-07-29;15358,059587319853;15358,059587319853;0,0;0
2014-07-30;15358,059587319853;15358,059587319853;0,0;0
2014-07-31;15358,059587319853;15358,059587319853;0,0;0
2014-08-01;15358,059587319853;15358,059587319853;0,0;0
2014-08-04;15358,059587319853;15358,059587319853;0,0;0
2014-08-05;15358,059587319853;15358,059587319853;0,0;0
2014-08-06;15358,059587319853;15358,059587319853;0,0;0
2014-08-07;15358,059587319853;15358,059587319853;0,0;0
2014-08-08;15358,059587319853;15358,059587319853;0,0;0
2014-08-11;15358,059587319853;15358,059587319853;0,0;0
2014-08-12;15358,059587319853;15358,059587319853;0,0;0
2014-08-13;15358,059587319853;15358,059587319853;0,0;0
2014-08-14;15358,059587319853;15358,059587319853;0,0;0
2014-08-15;15358,059587319853;15358,059587319853;0,0;0
2014-08-18;15358,059587319853;15358,059587319853;0,0;0
2014-08-19;15358,059587319853;15358,059587319853;0,0;0
2014-08-20;15358,059587319853;15358,059587319853;0,0;0
2014-08-21;15358,059587319853;15358,059587319853;0,0;0
2014-08-22;15358,059587319853;15358,059587319853;0,0;0
2014-08-25;15358,059587319853;15358,059587319853;0,0;0
2014-08-26;15358,059587319853;15358,059587319853;0,0;0
2014-08-27;15358,059587319853;15358,059587319853;0,0;0
2014-08-28;15358,059587319853;15358,059587319853;0,0;0
2014-08-29;15358,059587319853;15358,059587319853;0,0;0
2014-09-02;15358,059587319853;15358,059587319853;0,0;0
2014-09-03;15358,059587319853;15358,059587319853;0,0;0
2014-09-04;15358,059587319853;15358,059587319853;0,0;0
2014-09-05;15358,059587319853;15358,059587319853;0,0;0
2014-09-08;15358,059587319853;15358,059587319853;0,0;0
2014-09-09;15358,059587319853;15358,059587319853;0,0;0
2014-09-10;15358,059587319853;15358,059587319853;0,0;0
2014-09-11;15358,059587319853;15358,059587319853;0,0;0
2014-09-12;15358,059587319853;15358,059587319853;0,0;0
2014-09-15;15358,059587319853;15358,059587319853;0,0;0
2014-09-16;15358,059587319853;15358,059587319853;0,0;0
2014-09-17;15358,059587319853;15358,059587319853;0,0;0
2014-09-18;15358,059587319853;15358,059587319853;0,0;0
2014-09-19;15358,059587319853;15358,059587319853;0,0;0
2014-09-22;15358,059587319853;15358,059587319853;0,0;0
2014-09-23;15358,059587319853;15358,059587319853;0,0;0
2014-09-24;15358,059587319853;15358,059587319853;0,0;0
2014-09-25;15358,059587319853;15358,059587319853;0,0;0
2014-09-26;15358,059587319853;15358,059587319853;0,0;0
2014-09-29;15358,059587319853;15358,059587319853;0,0;0
2014-09-30;15358,059587319853;15358,059587319853;0,0;0
2014-10-01;15358,059587319853;15358,059587319853;0,0;0
2014-10-02;15358,059587319853;15358,059587319853;0,0;0
2014-10-03;15358,059587319853;15358,059587319853;0,0;0
2014-10-06;15358,059587319853;15358,059587319853;0,0;0
2014-10-07;15358,059587319853;15358,059587319853;0,0;0
2014-10-08;15358,059587319853;15358,059587319853;0,0;0
2014-10-09;15358,059587319853;15358,059587319853;0,0;0
2014-10-10;15358,059587319853;15358,059587319853;0,0;0
2014-10-13;15358,059587319853;15358,059587319853;0,0;0
2014-10-14;15358,059587319853;15358,059587319853;0,0;0
2014-10-15;15358,059587319853;15358,059587319853;0,0;0
2014-10-16;15358,059587319853;15358,059587319853;0,0;0
2014-10-17;15358,059587319853;15358,059587319853;0,0;0
2014-10-20;15358,059587319853;15358,059587319853;0,0;0
2014-10-21;15358,059587319853;15358,059587319853;0,0;0
2014-10-22;15358,059587319853;15358,059587319853;0,0;0
2014-10-23;15358,059587319853;15358,059587319853;0,0;0
2014-10-24;15358,059587319853;15358,059587319853;0,0;0
2014-10-27;15358,059587319853;15358,059587319853;0,0;0
2014-10-28;15358,059587319853;15358,059587319853;0,0;0
2014-10-29;15358,059587319853;15358,059587319853;0,0;0
2014-10-30;15358,059587319853;15358,059587319853;0,0;0
2014-10-31;15358,059587319853;15358,059587319853;0,0;0
2014-11-03;15358,059587319853;15358,059587319853;0,0;0
2014-11-04;15358,059587319853;15358,059587319853;0,0;0
2014-11-05;15358,059587319853;15358,059587319853;0,0;0
2014-11-06;15358,059587319853;15358,059587319853;0,0;0
2014-11-07;15358,059587319853;15358,059587319853;0,0;0
2014-11-10;15358,059587319853;15358,059587319853;0,0;0
2014-11-11;15358,059587319853;15358,059587319853;0,0;0
2014-11-12;15358,059587319853;15358,059587319853;0,0;0
2014-11-13;15358,059587319853;15358,059587319853;0,0;0
2014-11-14;15358,059587319853;15358,059587319853;0,0;0
2014-11-17;15358,059587319853;15358,059587319853;0,0;0
2014-11-18;15358,059587319853;15358,059587319853;0,0;0
2014-11-19;15358,059587319853;15358,059587319853;0,0;0
2014-11-20;15358,059587319853;15358,059587319853;0,0;0
2014-11-21;15358,059587319853;15358,059587319853;0,0;0
2014-11-24;15358,059587319853;15358,059587319853;0,0;0
2014-11-25;15358,059587319853;15358,059587319853;0,0;0
2014-11-26;15358,059587319853;15358,059587319853;0,0;0
2014-11-28;15358,059587319853;15358,059587319853;0,0;0
2014-12-01;15358,059587319853;15358,059587319853;0,0;0
2014-12-02;15358,059587319853;15358,059587319853;0,0;0
2014-12-03;15358,059587319853;15358,059587319853;0,0;0
2014-12-04;15358,059587319853;15358,059587319853;0,0;0
2014-12-05;15358,059587319853;15358,059587319853;0,0;0
2014-12-08;15358,059587319853;15358,059587319853;0,0;0
2014-12-09;15358,059587319853;15358,059587319853;0,0;0
2014-12-10;15358,059587319853;15358,059587319853;0,0;0
2014-12-11;15358,059587319853;15358,059587319853;0,0;0
2014-12-12;15358,059587319853;15358,059587319853;0,0;0
2014-12-15;15358,059587319853;15358,059587319853;0,0;0
2014-12-16;15358,059587319853;15358,059587319853;0,0;0
2014-12-17;15358,059587319853;15358,059587319853;0,0;0
2014-12-18;15358,059587319853;15358,059587319853;0,0;0
2014-12-19;15358,059587319853;15358,059587319853;0,0;0
2014-12-22;15358,059587319853;15358,059587319853;0,0;0
2014-12-23;15358,059587319853;15358,059587319853;0,0;0
2014-12-24;15358,059587319853;15358,059587319853;0,0;0
2014-12-26;15358,059587319853;15358,059587319853;0,0;0
2014-12-29;15358,059587319853;15358,059587319853;0,0;0
2014-12-30;15358,059587319853;15358,059587319853;0,0;0
2014-12-31;15358,059587319853;15358,059587319853;0,0;0
2015-01-02;15358,059587319853;15358,059587319853;0,0;0
2015-01-05;15358,059587319853;15358,059587319853;0,0;0
2015-01-06;15358,059587319853;15358,059587319853;0,0;0
2015-01-07;15358,059587319853;15358,059587319853;0,0;0
2015-01-08;15358,059587319853;15358,059587319853;0,0;0
2015-01-09;15358,059587319853;15358,059587319853;0,0;0
2015-01-12;15358,059587319853;15358,059587319853;0,0;0
2015-01-13;15358,059587319853;15358,059587319853;0,0;0
2015-01-14;15358,059587319853;15358,059587319853;0,0;0
2015-01-15;15358,059587319853;15358,059587319853;0,0;0
2015-01-16;15358,059587319853;15358,059587319853;0,0;0
2015-01-20;15358,059587319853;15358,059587319853;0,0;0
2015-01-21;15358,059587319853;15358,059587319853;0,0;0
2015-01-22;15358,059587319853;15358,059587319853;0,0;0
2015-01-23;15358,059587319853;15358,059587319853;0,0;0
2015-01-26;15358,059587319853;15358,059587319853;0,0;0
2015-01-27;15358,059587319853;15358,059587319853;0,0;0
2015-01-28;15358,059587319853;15358,059587319853;0,0;0
2015-01-29;15358,059587319853;15358,059587319853;0,0;0
2015-01-30;15358,059587319853;15358,059587319853;0,0;0
2015-02-02;15358,059587319853;15358,059587319853;0,0;0
2015-02-03;15358,059587319853;15358,059587319853;0,0;0
2015-02-04;15358,059587319853;15358,059587319853;0,0;0
2015-02-05;15358,059587319853;15358,059587319853;0,0;0
2015-02-06;15358,059587319853;15358,059587319853;0,0;0
2015-02-09;15358,059587319853;15358,059587319853;0,0;0
2015-02-10;15358,059587319853;15358,059587319853;0,0;0
2015-02-11;15358,059587319853;15358,059587319853;0,0;0
2015-02-12;15358,059587319853;15358,059587319853;0,0;0
2015-02-13;15358,059587319853;15358,059587319853;0,0;0
2015-02-17;15358,059587319853;15358,059587319853;0,0;0
2015-02-18;15358,059587319853;15358,059587319853;0,0;0
2015-02-19;15358,059587319853;15358,059587319853;0,0;0
2015-02-20;15358,059587319853;15358,059587319853;0,0;0
2015-02-23;15358,059587319853;15358,059587319853;0,0;0
2015-02-24;15358,059587319853;15358,059587319853;0,0;0
2015-02-25;15358,059587319853;15358,059587319853;0,0;0
2015-02-26;15358,059587319853;15358,059587319853;0,0;0
2015-02-27;15358,059587319853;15358,059587319853;0,0;0
2015-03-02;15358,059587319853;15358,059587319853;0,0;0
2015-03-03;15358,059587319853;15358,059587319853;0,0;0
2015-03-04;15358,059587319853;15358,059587319853;0,0;0
2015-03-05;15358,059587319853;15358,059587319853;0,0;0
2015-03-06;15358,059587319853;15358,059587319853;0,0;0
2015-03-09;15358,059587319853;15358,059587319853;0,0;0
2015-03-10;15358,059587319853;15358,059587319853;0,0;0
2015-03-11;15358,059587319853;15358,059587319853;0,0;0
2015-03-12;15358,059587319853;15358,059587319853;0,0;0
2015-03-13;15358,059587319853;15358,059587319853;0,0;0
2015-03-16;15358,059587319853;15358,059587319853;0,0;0
2015-03-17;15358,059587319853;15358,059587319853;0,0;0
2015-03-18;15358,059587319853;15358,059587319853;0,0;0
2015-03-19;15358,059587319853;15358,059587319853;0,0;0
2015-03-20;15358,059587319853;15358,059587319853;0,0;0
2015-03-23;15358,059587319853;15358,059587319853;0,0;0
2015-03-24;15358,059587319853;15358,059587319853;0,0;0
2015-03-25;15358,059587319853;15358,059587319853;0,0;0
2015-03-26;15358,059587319853;15358,059587319853;0,0;0
2015-03-27;15358,059587319853;15358,059587319853;0,0;0
2015-03-30;15358,059587319853;15358,059587319853;0,0;0
2015-03-31;15358,059587319853;15358,059587319853;0,0;0
2015-04-01;15358,059587319853;15358,059587319853;0,0;0
2015-04-02;15358,059587319853;15358,059587319853;0,0;0
2015-04-06;15358,059587319853;15358,059587319853;0,0;0
2015-04-07;15358,059587319853;15358,059587319853;0,0;0
2015-04-08;15358,059587319853;15358,059587319853;0,0;0
2015-04-09;15358,059587319853;15358,059587319853;0,0;0
2015-04-10;15358,059587319853;15358,059587319853;0,0;0
2015-04-13;15358,059587319853;15358,059587319853;0,0;0
2015-04-14;15358,059587319853;15358,059587319853;0,0;0
2015-04-15;15358,059587319853;15358,059587319853;0,0;0
2015-04-16;15358,059587319853;15358,059587319853;0,0;0
2015-04-17;15358,059587319853;15358,059587319853;0,0;0
2015-04-20;15358,059587319853;15358,059587319853;0,0;0
2015-04-21;15358,059587319853;15358,059587319853;0,0;0
2015-04-22;15358,059587319853;15358,059587319853;0,0;0
2015-04-23;15358,059587319853;15358,059587319853;0,0;0
2015-04-24;15358,059587319853;15358,059587319853;0,0;0
2015-04-27;15358,059587319853;15358,059587319853;0,0;0
2015-04-28;15358,059587319853;15358,059587319853;0,0;0
2015-04-29;15358,059587319853;15358,059587319853;0,0;0
2015-04-30;15358,059587319853;15358,059587319853;0,0;0
2015-05-01;15358,059587319853;15358,059587319853;0,0;0
2015-05-04;15358,059587319853;15358,059587319853;0,0;0
2015-05-05;15358,059587319853;15358,059587319853;0,0;0
2015-05-06;15358,059587319853;15358,059587319853;0,0;0
2015-05-07;15358,059587319853;15358,059587319853;0,0;0
2015-05-08;15358,059587319853;15358,059587319853;0,0;0
2015-05-11;15358,059587319853;15358,059587319853;0,0;0
2015-05-12;15358,059587319853;15358,059587319853;0,0;0
2015-05-13;15358,059587319853;15358,059587319853;0,0;0
2015-05-14;15358,059587319853;15358,059587319853;0,0;0
2015-05-15;15358,059587319853;15358,059587319853;0,0;0
2015-05-18;15358,059587319853;15358,059587319853;0,0;0
2015-05-19;15358,059587319853;15358,059587319853;0,0;0
2015-05-20;15358,059587319853;15358,059587319853;0,0;0
2015-05-21;15358,059587319853;15358,059587319853;0,0;0
2015-05-22;15358,059587319853;15358,059587319853;0,0;0
2015-05-26;15358,059587319853;15358,059587319853;0,0;0
2015-05-27;15358,059587319853;15358,059587319853;0,0;0
2015-05-28;15358,059587319853;15358,059587319853;0,0;0
2015-05-29;15358,059587319853;15358,059587319853;0,0;0
2015-06-01;15358,059587319853;15358,059587319853;0,0;0
2015-06-02;15358,059587319853;15358,059587319853;0,0;0
2015-06-03;15358,059587319853;15358,059587319853;0,0;0
2015-06-04;15358,059587319853;15358,059587319853;0,0;0
2015-06-05;15358,059587319853;15358,059587319853;0,0;0
2015-06-08;15358,059587319853;15358,059587319853;0,0;0
2015-06-09;15358,059587319853;15358,059587319853;0,0;0
2015-06-10;15358,059587319853;15358,059587319853;0,0;0
2015-06-11;15358,059587319853;15358,059587319853;0,0;0
2015-06-12;15358,059587319853;15358,059587319853;0,0;0
2015-06-15;15358,059587319853;15358,059587319853;0,0;0
2015-06-16;15358,059587319853;15358,059587319853;0,0;0
2015-06-17;15358,059587319853;15358,059587319853;0,0;0
2015-06-18;15358,059587319853;15358,059587319853;0,0;0
2015-06-19;15358,059587319853;15358,059587319853;0,0;0
2015-06-22;15358,059587319853;15358,059587319853;0,0;0
2015-06-23;15358,059587319853;15358,059587319853;0,0;0
2015-06-24;15358,059587319853;15358,059587319853;0,0;0
2015-06-25;15358,059587319853;15358,059587319853;0,0;0
2015-06-26;15358,059587319853;15358,059587319853;0,0;0
2015-06-29;15358,059587319853;15358,059587319853;0,0;0
2015-06-30;15358,059587319853;15358,059587319853;0,0;0
2015-07-01;15358,059587319853;15358,059587319853;0,0;0
2015-07-02;15358,059587319853;15358,059587319853;0,0;0
2015-07-06;15358,059587319853;15358,059587319853;0,0;0
2015-07-07;15358,059587319853;15358,059587319853;0,0;0
2015-07-08;15358,059587319853;15358,059587319853;0,0;0
2015-07-09;15358,059587319853;15358,059587319853;0,0;0
2015-07-10;15358,059587319853;15358,059587319853;0,0;0
2015-07-13;15358,059587319853;15358,059587319853;0,0;0
2015-07-14;15358,059587319853;15358,059587319853;0,0;0
2015-07-15;15358,059587319853;15358,059587319853;0,0;0
2015-07-16;15358,059587319853;15358,059587319853;0,0;0
2015-07-17;15358,059587319853;15358,059587319853;0,0;0
2015-07-20;15358,059587319853;15358,059587319853;0,0;0
2015-07-21;15358,059587319853;15358,059587319853;0,0;0
2015-07-22;15358,059587319853;15358,059587319853;0,0;0
2015-07-23;15358,059587319853;15358,059587319853;0,0;0
2015-07-24;15358,059587319853;15358,059587319853;0,0;0
2015-07-27;15358,059587319853;15358,059587319853;0,0;0
2015-07-28;15358,059587319853;15358,059587319853;0,0;0
2015-07-29;15358,059587319853;15358,059587319853;0,0;0
2015-07-30;15358,059587319853;15358,059587319853;0,0;0
2015-07-31;15358,059587319853;15358,059587319853;0,0;0
2015-08-03;15358,059587319853;15358,059587319853;0,0;0
2015-08-04;15358,059587319853;15358,059587319853;0,0;0
2015-08-05;15358,059587319853;15358,059587319853;0,0;0
2015-08-06;15358,059587319853;15358,059587319853;0,0;0
2015-08-07;15358,059587319853;15358,059587319853;0,0;0
2015-08-10;15358,059587319853;15358,059587319853;0,0;0
2015-08-11;15358,059587319853;15358,059587319853;0,0;0
2015-08-12;15358,059587319853;15358,059587319853;0,0;0
2015-08-13;15358,059587319853;15358,059587319853;0,0;0
2015-08-14;15358,059587319853;15358,059587319853;0,0;0
2015-08-17;15358,059587319853;15358,059587319853;0,0;0
2015-08-18;15358,059587319853;15358,059587319853;0,0;0
2015-08-19;15358,059587319853;15358,059587319853;0,0;0
2015-08-20;15358,059587319853;15358,059587319853;0,0;0
2015-08-21;15358,059587319853;15358,059587319853;0,0;0
2015-08-24;15358,059587319853;15358,059587319853;0,0;0
2015-08-25;15358,059587319853;15358,059587319853;0,0;0
2015-08-26;15358,059587319853;15358,059587319853;0,0;0
2015-08-27;15358,059587319853;15358,059587319853;0,0;0
2015-08-28;15358,059587319853;15358,059587319853;0,0;0
2015-08-31;15358,059587319853;15358,059587319853;0,0;0
2015-09-01;15358,059587319853;15358,059587319853;0,0;0
2015-09-02;15358,059587319853;15358,059587319853;0,0;0
2015-09-03;15358,059587319853;15358,059587319853;0,0;0
2015-09-04;15358,059587319853;15358,059587319853;0,0;0
2015-09-08;15358,059587319853;15358,059587319853;0,0;0
2015-09-09;15358,059587319853;15358,059587319853;0,0;0
2015-09-10;15358,059587319853;15358,059587319853;0,0;0
2015-09-11;15358,059587319853;15358,059587319853;0,0;0
2015-09-14;15358,059587319853;15358,059587319853;0,0;0
2015-09-15;15358,059587319853;15358,059587319853;0,0;0
2015-09-16;15358,059587319853;15358,059587319853;0,0;0
2015-09-17;15358,059587319853;15358,059587319853;0,0;0
2015-09-18;15358,059587319853;15358,059587319853;0,0;0
2015-09-21;15358,059587319853;15358,059587319853;0,0;0
2015-09-22;15358,059587319853;15358,059587319853;0,0;0
2015-09-23;15358,059587319853;15358,059587319853;0,0;0
2015-09-24;15358,059587319853;15358,059587319853;0,0;0
2015-09-25;15358,059587319853;15358,059587319853;0,0;0
2015-09-28;15358,059587319853;15358,059587319853;0,0;0
2015-09-29;15358,059587319853;15358,059587319853;0,0;0
2015-09-30;15358,059587319853;15358,059587319853;0,0;0
2015-10-01;15358,059587319853;15358,059587319853;0,0;0
2015-10-02;15358,059587319853;15358,059587319853;0,0;0
2015-10-05;15358,059587319853;15358,059587319853;0,0;0
2015-10-06;15358,059587319853;15358,059587319853;0,0;0
2015-10-07;15358,059587319853;15358,059587319853;0,0;0
2015-10-08;15358,059587319853;15358,059587319853;0,0;0
2015-10-09;15358,059587319853;15358,059587319853;0,0;0
2015-10-12;15358,059587319853;15358,059587319853;0,0;0
2015-10-13;15358,059587319853;15358,059587319853;0,0;0
2015-10-14;15358,059587319853;15358,059587319853;0,0;0
2015-10-15;15358,059587319853;15358,059587319853;0,0;0
2015-10-16;15358,059587319853;15358,059587319853;0,0;0
2015-10-19;15358,059587319853;15358,059587319853;0,0;0
2015-10-20;15358,059587319853;15358,059587319853;0,0;0
2015-10-21;15358,059587319853;15358,059587319853;0,0;0
2015-10-22;15358,059587319853;15358,059587319853;0,0;0
2015-10-23;15358,059587319853;15358,059587319853;0,0;0
2015-10-26;15358,059587319853;15358,059587319853;0,0;0
2015-10-27;15358,059587319853;15358,059587319853;0,0;0
2015-10-28;15358,059587319853;15358,059587319853;0,0;0
2015-10-29;15358,059587319853;15358,059587319853;0,0;0
2015-10-30;15358,059587319853;15358,059587319853;0,0;0
2015-11-02;15358,059587319853;15358,059587319853;0,0;0
2015-11-03;15358,059587319853;15358,059587319853;0,0;0
2015-11-04;15358,059587319853;15358,059587319853;0,0;0
2015-11-05;15358,059587319853;15358,059587319853;0,0;0
2015-11-06;15358,059587319853;15358,059587319853;0,0;0
2015-11-09;15358,059587319853;15358,059587319853;0,0;0
2015-11-10;15358,059587319853;15358,059587319853;0,0;0
2015-11-11;15358,059587319853;15358,059587319853;0,0;0
2015-11-12;15358,059587319853;15358,059587319853;0,0;0
2015-11-13;15358,059587319853;15358,059587319853;0,0;0
2015-11-16;15358,059587319853;15358,059587319853;0,0;0
2015-11-17;15358,059587319853;15358,059587319853;0,0;0
2015-11-18;15358,059587319853;15358,059587319853;0,0;0
2015-11-19;15358,059587319853;15358,059587319853;0,0;0
2015-11-20;15358,059587319853;15358,059587319853;0,0;0
2015-11-23;15358,059587319853;15358,059587319853;0,0;0
2015-11-24;15358,059587319853;15358,059587319853;0,0;0
2015-11-25;15358,059587319853;15358,059587319853;0,0;0
2015-11-27;15358,059587319853;15358,059587319853;0,0;0
2015-11-30;15358,059587319853;15358,059587319853;0,0;0
2015-12-01;15358,059587319853;15358,059587319853;0,0;0
2015-12-02;15358,059587319853;15358,059587319853;0,0;0
2015-12-03;15358,059587319853;15358,059587319853;0,0;0
2015-12-04;15358,059587319853;15358,059587319853;0,0;0
2015-12-07;15358,059587319853;15358,059587319853;0,0;0
2015-12-08;15358,059587319853;15358,059587319853;0,0;0
2015-12-09;15358,059587319853;15358,059587319853;0,0;0
2015-12-10;15358,059587319853;15358,059587319853;0,0;0
2015-12-11;15358,059587319853;15358,059587319853;0,0;0
2015-12-14;15358,059587319853;15358,059587319853;0,0;0
2015-12-15;15358,059587319853;15358,059587319853;0,0;0
2015-12-16;15358,059587319853;15358,059587319853;0,0;0
2015-12-17;15358,059587319853;15358,059587319853;0,0;0
2015-12-18;15358,059587319853;15358,059587319853;0,0;0
2015-12-21;15358,059587319853;15358,059587319853;0,0;0
2015-12-22;15358,059587319853;15358,059587319853;0,0;0
2015-12-23;15358,059587319853;15358,059587319853;0,0;0
2015-12-24;15358,059587319853;15358,059587319853;0,0;0
2015-12-28;15358,059587319853;15358,059587319853;0,0;0
2015-12-29;15358,059587319853;15358,059587319853;0,0;0
2015-12-30;15358,059587319853;15358,059587319853;0,0;0
2015-12-31;15358,059587319853;15358,059587319853;0,0;0
2016-01-04;15358,059587319853;15358,059587319853;0,0;0
2016-01-05;15358,059587319853;15358,059587319853;0,0;0
2016-01-06;15358,059587319853;15358,059587319853;0,0;0
2016-01-07;15358,059587319853;15358,059587319853;0,0;0
2016-01-08;15358,059587319853;15358,059587319853;0,0;0
2016-01-11;15358,059587319853;15358,059587319853;0,0;0
2016-01-12;15358,059587319853;15358,059587319853;0,0;0
2016-01-13;15358,059587319853;15358,059587319853;0,0;0
2016-01-14;15358,059587319853;15358,059587319853;0,0;0
2016-01-15;15358,059587319853;15358,059587319853;0,0;0
2016-01-19;15358,059587319853;15358,059587319853;0,0;0
2016-01-20;15358,059587319853;15358,059587319853;0,0;0
2016-01-21;15358,059587319853;15358,059587319853;0,0;0
2016-01-22;15358,059587319853;15358,059587319853;0,0;0
2016-01-25;15358,059587319853;15358,059587319853;0,0;0
2016-01-26;15358,059587319853;15358,059587319853;0,0;0
2016-01-27;15358,059587319853;15358,059587319853;0,0;0
2016-01-28;15358,059587319853;15358,059587319853;0,0;0
2016-01-29;15358,059587319853;15358,059587319853;0,0;0
2016-02-01;15358,059587319853;15358,059587319853;0,0;0
2016-02-02;15358,059587319853;15358,059587319853;0,0;0
2016-02-03;15358,059587319853;15358,059587319853;0,0;0
2016-02-04;15358,059587319853;15358,059587319853;0,0;0
2016-02-05;15358,059587319853;15358,059587319853;0,0;0
2016-02-08;15358,059587319853;15358,059587319853;0,0;0
2016-02-09;15358,059587319853;15358,059587319853;0,0;0
2016-02-10;15358,059587319853;15358,059587319853;0,0;0
2016-02-11;15358,059587319853;15358,059587319853;0,0;0
2016-02-12;15358,059587319853;15358,059587319853;0,0;0
2016-02-16;15358,059587319853;15358,059587319853;0,0;0
2016-02-17;15358,059587319853;15358,059587319853;0,0;0
2016-02-18;15358,059587319853;15358,059587319853;0,0;0
2016-02-19;15358,059587319853;15358,059587319853;0,0;0
2016-02-22;15358,059587319853;15358,059587319853;0,0;0
2016-02-23;15358,059587319853;15358,059587319853;0,0;0
2016-02-24;15358,059587319853;15358,059587319853;0,0;0
2016-02-25;15358,059587319853;15358,059587319853;0,0;0
2016-02-26;15358,059587319853;15358,059587319853;0,0;0
2016-02-29;15358,059587319853;15358,059587319853;0,0;0
2016-03-01;15358,059587319853;15358,059587319853;0,0;0
2016-03-02;15358,059587319853;15358,059587319853;0,0;0
2016-03-03;15358,059587319853;15358,059587319853;0,0;0
2016-03-04;15358,059587319853;15358,059587319853;0,0;0
2016-03-07;15358,059587319853;15358,059587319853;0,0;0
2016-03-08;15358,059587319853;15358,059587319853;0,0;0
2016-03-09;15358,059587319853;15358,059587319853;0,0;0
2016-03-10;15358,059587319853;15358,059587319853;0,0;0
2016-03-11;15358,059587319853;15358,059587319853;0,0;0
2016-03-14;15358,059587319853;15358,059587319853;0,0;0
2016-03-15;15358,059587319853;15358,059587319853;0,0;0
2016-03-16;15358,059587319853;15358,059587319853;0,0;0
2016-03-17;15358,059587319853;15358,059587319853;0,0;0
2016-03-18;15358,059587319853;15358,059587319853;0,0;0
2016-03-21;15358,059587319853;15358,059587319853;0,0;0
2016-03-22;15358,059587319853;15358,059587319853;0,0;0
2016-03-23;15358,059587319853;15358,059587319853;0,0;0
2016-03-24;15358,059587319853;15358,059587319853;0,0;0
2016-03-28;15358,059587319853;15358,059587319853;0,0;0
2016-03-29;15358,059587319853;15358,059587319853;0,0;0
2016-03-30;15358,059587319853;15358,059587319853;0,0;0
2016-03-31;15358,059587319853;15358,059587319853;0,0;0
2016-04-01;15358,059587319853;15358,059587319853;0,0;0
2016-04-04;15358,059587319853;15358,059587319853;0,0;0
2016-04-05;15358,059587319853;15358,059587319853;0,0;0
2016-04-06;15358,059587319853;15358,059587319853;0,0;0
2016-04-07;15358,059587319853;15358,059587319853;0,0;0
2016-04-08;15358,059587319853;15358,059587319853;0,0;0
2016-04-11;15358,059587319853;15358,059587319853;0,0;0
2016-04-12;15358,059587319853;15358,059587319853;0,0;0
2016-04-13;15358,059587319853;15358,059587319853;0,0;0
2016-04-14;15358,059587319853;15358,059587319853;0,0;0
2016-04-15;15358,059587319853;15358,059587319853;0,0;0
2016-04-18;15358,059587319853;15358,059587319853;0,0;0
2016-04-19;15358,059587319853;15358,059587319853;0,0;0
2016-04-20;15358,059587319853;15358,059587319853;0,0;0
2016-04-21;15358,059587319853;15358,059587319853;0,0;0
2016-04-22;15358,059587319853;15358,059587319853;0,0;0
2016-04-25;15358,059587319853;15358,059587319853;0,0;0
2016-04-26;15358,059587319853;15358,059587319853;0,0;0
2016-04-27;15358,059587319853;15358,059587319853;0,0;0
2016-04-28;15358,059587319853;15358,059587319853;0,0;0
2016-04-29;15358,059587319853;15358,059587319853;0,0;0
2016-05-02;15358,059587319853;15358,059587319853;0,0;0
2016-05-03;15358,059587319853;15358,059587319853;0,0;0
2016-05-04;15358,059587319853;15358,059587319853;0,0;0
2016-05-05;15358,059587319853;15358,059587319853;0,0;0
2016-05-06;15358,059587319853;15358,059587319853;0,0;0
2016-05-09;15358,059587319853;15358,059587319853;0,0;0
2016-05-10;15358,059587319853;15358,059587319853;0,0;0
2016-05-11;15358,059587319853;15358,059587319853;0,0;0
2016-05-12;15358,059587319853;15358,059587319853;0,0;0
2016-05-13;15358,059587319853;15358,059587319853;0,0;0
2016-05-16;15358,059587319853;15358,059587319853;0,0;0
2016-05-17;15358,059587319853;15358,059587319853;0,0;0
2016-05-18;15358,059587319853;15358,059587319853;0,0;0
2016-05-19;15358,059587319853;15358,059587319853;0,0;0
2016-05-20;15358,059587319853;15358,059587319853;0,0;0
2016-05-23;15358,059587319853;15358,059587319853;0,0;0
2016-05-24;15358,059587319853;15358,059587319853;0,0;0
2016-05-25;15358,059587319853;15358,059587319853;0,0;0
2016-05-26;15358,059587319853;15358,059587319853;0,0;0
2016-05-27;15358,059587319853;15358,059587319853;0,0;0
2016-05-31;15358,059587319853;15358,059587319853;0,0;0
2016-06-01;15358,059587319853;15358,059587319853;0,0;0
2016-06-02;15358,059587319853;15358,059587319853;0,0;0
2016-06-03;15358,059587319853;15358,059587319853;0,0;0
2016-06-06;15358,059587319853;15358,059587319853;0,0;0
2016-06-07;15358,059587319853;15358,059587319853;0,0;0
2016-06-08;15358,059587319853;15358,059587319853;0,0;0
2016-06-09;15358,059587319853;15358,059587319853;0,0;0
2016-06-10;15358,059587319853;15358,059587319853;0,0;0
2016-06-13;15358,059587319853;15358,059587319853;0,0;0
2016-06-14;15358,059587319853;15358,059587319853;0,0;0
2016-06-15;15358,059587319853;15358,059587319853;0,0;0
2016-06-16;15358,059587319853;15358,059587319853;0,0;0
2016-06-17;15358,059587319853;15358,059587319853;0,0;0
2016-06-20;15358,059587319853;15358,059587319853;0,0;0
2016-06-21;15358,059587319853;15358,059587319853;0,0;0
2016-06-22;15358,059587319853;15358,059587319853;0,0;0
2016-06-23;15358,059587319853;15358,059587319853;0,0;0
2016-06-24;15358,059587319853;15358,059587319853;0,0;0
2016-06-27;15358,059587319853;15358,059587319853;0,0;0
2016-06-28;15358,059587319853;15358,059587319853;0,0;0
2016-06-29;15358,059587319853;15358,059587319853;0,0;0
2016-06-30;15358,059587319853;15358,059587319853;0,0;0
2016-07-01;15358,059587319853;15358,059587319853;0,0;0
2016-07-05;15358,059587319853;15358,059587319853;0,0;0
2016-07-06;15358,059587319853;15358,059587319853;0,0;0
2016-07-07;15358,059587319853;15358,059587319853;0,0;0
2016-07-08;15358,059587319853;15358,059587319853;0,0;0
2016-07-11;15358,059587319853;15358,059587319853;0,0;0
2016-07-12;15358,059587319853;15358,059587319853;0,0;0
2016-07-13;15358,059587319853;15358,059587319853;0,0;0
2016-07-14;15358,059587319853;15358,059587319853;0,0;0
2016-07-15;15358,059587319853;15358,059587319853;0,0;0
2016-07-18;15358,059587319853;15358,059587319853;0,0;0
2016-07-19;15358,059587319853;15358,059587319853;0,0;0
2016-07-20;15358,059587319853;15358,059587319853;0,0;0
2016-07-21;15358,059587319853;15358,059587319853;0,0;0
2016-07-22;15358,059587319853;15358,059587319853;0,0;0
2016-07-25;15358,059587319853;15358,059587319853;0,0;0
2016-07-26;15358,059587319853;15358,059587319853;0,0;0
2016-07-27;15358,059587319853;15358,059587319853;0,0;0
2016-07-28;15358,059587319853;15358,059587319853;0,0;0
2016-07-29;15358,059587319853;15358,059587319853;0,0;0
2016-08-01;15358,059587319853;15358,059587319853;0,0;0
2016-08-02;15358,059587319853;15358,059587319853;0,0;0
2016-08-03;15358,059587319853;15358,059587319853;0,0;0
2016-08-04;15358,059587319853;15358,059587319853;0,0;0
2016-08-05;15358,059587319853;15358,059587319853;0,0;0
2016-08-08;15358,059587319853;15358,059587319853;0,0;0
2016-08-09;15358,059587319853;15358,059587319853;0,0;0
2016-08-10;15358,059587319853;15358,059587319853;0,0;0
2016-08-11;15358,059587319853;15358,059587319853;0,0;0
2016-08-12;15358,059587319853;15358,059587319853;0,0;0
2016-08-15;15358,059587319853;15358,059587319853;0,0;0
2016-08-16;15358,059587319853;15358,059587319853;0,0;0
2016-08-17;15358,059587319853;15358,059587319853;0,0;0
2016-08-18;15358,059587319853;15358,059587319853;0,0;0
2016-08-19;15358,059587319853;15358,059587319853;0,0;0
2016-08-22;15358,059587319853;15358,059587319853;0,0;0
2016-08-23;15358,059587319853;15358,059587319853;0,0;0
2016-08-24;15358,059587319853;15358,059587319853;0,0;0
2016-08-25;15358,059587319853;15358,059587319853;0,0;0
2016-08-26;15358,059587319853;15358,059587319853;0,0;0
2016-08-29;15358,059587319853;15358,059587319853;0,0;0
2016-08-30;15358,059587319853;15358,059587319853;0,0;0
2016-08-31;15358,059587319853;15358,059587319853;0,0;0
2016-09-01;15358,059587319853;15358,059587319853;0,0;0
2016-09-02;15358,059587319853;15358,059587319853;0,0;0
2016-09-06;15358,059587319853;15358,059587319853;0,0;0
2016-09-07;15358,059587319853;15358,059587319853;0,0;0
2016-09-08;15358,059587319853;15358,059587319853;0,0;0
2016-09-09;15358,059587319853;15358,059587319853;0,0;0
2016-09-12;15358,059587319853;15358,059587319853;0,0;0
2016-09-13;15358,059587319853;15358,059587319853;0,0;0
2016-09-14;15358,059587319853;15358,059587319853;0,0;0
2016-09-15;15358,059587319853;15358,059587319853;0,0;0
2016-09-16;15358,059587319853;15358,059587319853;0,0;0
2016-09-19;15358,059587319853;15358,059587319853;0,0;0
2016-09-20;15358,059587319853;15358,059587319853;0,0;0
2016-09-21;15358,059587319853;15358,059587319853;0,0;0
2016-09-22;15358,059587319853;15358,059587319853;0,0;0
2016-09-23;15358,059587319853;15358,059587319853;0,0;0
2016-09-26;15358,059587319853;15358,059587319853;0,0;0
2016-09-27;15358,059587319853;15358,059587319853;0,0;0
2016-09-28;15358,059587319853;15358,059587319853;0,0;0
2016-09-29;15358,059587319853;15358,059587319853;0,0;0
2016-09-30;15358,059587319853;15358,059587319853;0,0;0
2016-10-03;15358,059587319853;15358,059587319853;0,0;0
2016-10-04;15358,059587319853;15358,059587319853;0,0;0
2016-10-05;15358,059587319853;15358,059587319853;0,0;0
2016-10-06;15358,059587319853;15358,059587319853;0,0;0
2016-10-07;15358,059587319853;15358,059587319853;0,0;0
2016-10-10;15358,059587319853;15358,059587319853;0,0;0
2016-10-11;15358,059587319853;15358,059587319853;0,0;0
2016-10-12;15358,059587319853;15358,059587319853;0,0;0
2016-10-13;15358,059587319853;15358,059587319853;0,0;0
2016-10-14;15358,059587319853;15358,059587319853;0,0;0
2016-10-17;15358,059587319853;15358,059587319853;0,0;0
2016-10-18;15358,059587319853;15358,059587319853;0,0;0
2016-10-19;15358,059587319853;15358,059587319853;0,0;0
2016-10-20;15358,059587319853;15358,059587319853;0,0;0
2016-10-21;15358,059587319853;15358,059587319853;0,0;0
2016-10-24;15358,059587319853;15358,059587319853;0,0;0
2016-10-25;15358,059587319853;15358,059587319853;0,0;0
2016-10-26;15358,059587319853;15358,059587319853;0,0;0
2016-10-27;15358,059587319853;15358,059587319853;0,0;0
2016-10-28;15358,059587319853;15358,059587319853;0,0;0
2016-10-31;15358,059587319853;15358,059587319853;0,0;0
2016-11-01;15358,059587319853;15358,059587319853;0,0;0
2016-11-02;15358,059587319853;15358,059587319853;0,0;0
2016-11-03;15358,059587319853;15358,059587319853;0,0;0
2016-11-04;15358,059587319853;15358,059587319853;0,0;0
2016-11-07;15358,059587319853;15358,059587319853;0,0;0
2016-11-08;15358,059587319853;15358,059587319853;0,0;0
2016-11-09;15358,059587319853;15358,059587319853;0,0;0
2016-11-10;15358,059587319853;15358,059587319853;0,0;0
2016-11-11;15358,059587319853;15358,059587319853;0,0;0
2016-11-14;15358,059587319853;15358,059587319853;0,0;0
2016-11-15;15358,059587319853;15358,059587319853;0,0;0
2016-11-16;15358,059587319853;15358,059587319853;0,0;0
2016-11-17;15358,059587319853;15358,059587319853;0,0;0
2016-11-18;15358,059587319853;15358,059587319853;0,0;0
2016-11-21;15358,059587319853;15358,059587319853;0,0;0
2016-11-22;15358,059587319853;15358,059587319853;0,0;0
2016-11-23;15358,059587319853;15358,059587319853;0,0;0
2016-11-25;15358,059587319853;15358,059587319853;0,0;0
2016-11-28;15358,059587319853;15358,059587319853;0,0;0
2016-11-29;15358,059587319853;15358,059587319853;0,0;0
2016-11-30;15358,059587319853;15358,059587319853;0,0;0
2016-12-01;15358,059587319853;15358,059587319853;0,0;0
2016-12-02;15358,059587319853;15358,059587319853;0,0;0
2016-12-05;15358,059587319853;15358,059587319853;0,0;0
2016-12-06;15358,059587319853;15358,059587319853;0,0;0
2016-12-07;15358,059587319853;15358,059587319853;0,0;0
2016-12-08;15358,059587319853;15358,059587319853;0,0;0
2016-12-09;15358,059587319853;15358,059587319853;0,0;0
2016-12-12;15358,059587319853;15358,059587319853;0,0;0
2016-12-13;15358,059587319853;15358,059587319853;0,0;0
2016-12-14;15358,059587319853;15358,059587319853;0,0;0
2016-12-15;15358,059587319853;15358,059587319853;0,0;0
2016-12-16;15358,059587319853;15358,059587319853;0,0;0
2016-12-19;15358,059587319853;15358,059587319853;0,0;0
2016-12-20;15358,059587319853;15358,059587319853;0,0;0
2016-12-21;15358,059587319853;15358,059587319853;0,0;0
2016-12-22;15358,059587319853;15358,059587319853;0,0;0
2016-12-23;15358,059587319853;15358,059587319853;0,0;0
2016-12-27;15358,059587319853;15358,059587319853;0,0;0
2016-12-28;15358,059587319853;15358,059587319853;0,0;0
2016-12-29;15358,059587319853;15358,059587319853;0,0;0
2016-12-30;15358,059587319853;15358,059587319853;0,0;0
2017-01-03;15358,059587319853;15358,059587319853;0,0;0
2017-01-04;15358,059587319853;15358,059587319853;0,0;0
2017-01-05;15358,059587319853;15358,059587319853;0,0;0
2017-01-06;15358,059587319853;15358,059587319853;0,0;0
2017-01-09;15358,059587319853;15358,059587319853;0,0;0
2017-01-10;15358,059587319853;15358,059587319853;0,0;0
2017-01-11;15358,059587319853;15358,059587319853;0,0;0
2017-01-12;15358,059587319853;15358,059587319853;0,0;0
2017-01-13;15358,059587319853;15358,059587319853;0,0;0
2017-01-17;15358,059587319853;15358,059587319853;0,0;0
2017-01-18;15358,059587319853;15358,059587319853;0,0;0
2017-01-19;15358,059587319853;15358,059587319853;0,0;0
2017-01-20;15358,059587319853;15358,059587319853;0,0;0
2017-01-23;15358,059587319853;15358,059587319853;0,0;0
2017-01-24;15358,059587319853;15358,059587319853;0,0;0
2017-01-25;15358,059587319853;15358,059587319853;0,0;0
2017-01-26;15358,059587319853;15358,059587319853;0,0;0
2017-01-27;15358,059587319853;15358,059587319853;0,0;0
2017-01-30;15358,059587319853;15358,059587319853;0,0;0
2017-01-31;15358,059587319853;15358,059587319853;0,0;0
2017-02-01;15358,059587319853;15358,059587319853;0,0;0
2017-02-02;15358,059587319853;15358,059587319853;0,0;0
2017-02-03;15358,059587319853;15358,059587319853;0,0;0
2017-02-06;15358,059587319853;15358,059587319853;0,0;0
2017-02-07;15358,059587319853;15358,059587319853;0,0;0
2017-02-08;15358,059587319853;15358,059587319853;0,0;0
2017-02-09;15358,059587319853;15358,059587319853;0,0;0
2017-02-10;15358,059587319853;15358,059587319853;0,0;0
2017-02-13;15358,059587319853;15358,059587319853;0,0;0
2017-02-14;15358,059587319853;15358,059587319853;0,0;0
2017-02-15;15358,059587319853;15358,059587319853;0,0;0
2017-02-16;15358,059587319853;15358,059587319853;0,0;0
2017-02-17;15358,059587319853;15358,059587319853;0,0;0
2017-02-21;15358,059587319853;15358,059587319853;0,0;0
2017-02-22;15358,059587319853;15358,059587319853;0,0;0
2017-02-23;15358,059587319853;15358,059587319853;0,0;0
2017-02-24;15358,059587319853;15358,059587319853;0,0;0
2017-02-27;15358,059587319853;15358,059587319853;0,0;0
2017-02-28;15358,059587319853;15358,059587319853;0,0;0
2017-03-01;15358,059587319853;15358,059587319853;0,0;0
2017-03-02;15358,059587319853;15358,059587319853;0,0;0
2017-03-03;15358,059587319853;15358,059587319853;0,0;0
2017-03-06;15358,059587319853;15358,059587319853;0,0;0
2017-03-07;15358,059587319853;15358,059587319853;0,0;0
2017-03-08;15358,059587319853;15358,059587319853;0,0;0
2017-03-09;15358,059587319853;15358,059587319853;0,0;0
2017-03-10;15358,059587319853;15358,059587319853;0,0;0
2017-03-13;15358,059587319853;15358,059587319853;0,0;0
2017-03-14;15358,059587319853;15358,059587319853;0,0;0
2017-03-15;15358,059587319853;15358,059587319853;0,0;0
2017-03-16;15358,059587319853;15358,059587319853;0,0;0
2017-03-17;15358,059587319853;15358,059587319853;0,0;0
2017-03-20;15358,059587319853;15358,059587319853;0,0;0
2017-03-21;15358,059587319853;15358,059587319853;0,0;0
2017-03-22;15358,059587319853;15358,059587319853;0,0;0
2017-03-23;15358,059587319853;15358,059587319853;0,0;0
2017-03-24;15358,059587319853;15358,059587319853;0,0;0
2017-03-27;15358,059587319853;15358,059587319853;0,0;0
2017-03-28;15358,059587319853;15358,059587319853;0,0;0
2017-03-29;15358,059587319853;15358,059587319853;0,0;0
2017-03-30;15358,059587319853;15358,059587319853;0,0;0
2017-03-31;15358,059587319853;15358,059587319853;0,0;0
2017-04-03;15358,059587319853;15358,059587319853;0,0;0
2017-04-04;15358,059587319853;15358,059587319853;0,0;0
2017-04-05;15358,059587319853;15358,059587319853;0,0;0
2017-04-06;15358,059587319853;15358,059587319853;0,0;0
2017-04-07;15358,059587319853;15358,059587319853;0,0;0
2017-04-10;15358,059587319853;15358,059587319853;0,0;0
2017-04-11;15358,059587319853;15358,059587319853;0,0;0
2017-04-12;15358,059587319853;15358,059587319853;0,0;0
2017-04-13;15358,059587319853;15358,059587319853;0,0;0
2017-04-17;15358,059587319853;15358,059587319853;0,0;0
2017-04-18;15358,059587319853;15358,059587319853;0,0;0
2017-04-19;15358,059587319853;15358,059587319853;0,0;0
2017-04-20;15358,059587319853;15358,059587319853;0,0;0
2017-04-21;15358,059587319853;15358,059587319853;0,0;0
2017-04-24;15358,059587319853;15358,059587319853;0,0;0
2017-04-25;15358,059587319853;15358,059587319853;0,0;0
2017-04-26;15358,059587319853;15358,059587319853;0,0;0
2017-04-27;15358,059587319853;15358,059587319853;0,0;0
2017-04-28;15358,059587319853;15358,059587319853;0,0;0
2017-05-01;15358,059587319853;15358,059587319853;0,0;0
2017-05-02;15358,059587319853;15358,059587319853;0,0;0
2017-05-03;15358,059587319853;15358,059587319853;0,0;0
2017-05-04;15358,059587319853;15358,059587319853;0,0;0
2017-05-05;15358,059587319853;15358,059587319853;0,0;0
2017-05-08;15358,059587319853;15358,059587319853;0,0;0
2017-05-09;15358,059587319853;15358,059587319853;0,0;0
2017-05-10;15358,059587319853;15358,059587319853;0,0;0
2017-05-11;15358,059587319853;15358,059587319853;0,0;0
2017-05-12;15358,059587319853;15358,059587319853;0,0;0
2017-05-15;15358,059587319853;15358,059587319853;0,0;0
2017-05-16;15358,059587319853;15358,059587319853;0,0;0
2017-05-17;15358,059587319853;15358,059587319853;0,0;0
2017-05-18;15358,059587319853;15358,059587319853;0,0;0
2017-05-19;15358,059587319853;15358,059587319853;0,0;0
2017-05-22;15358,059587319853;15358,059587319853;0,0;0
2017-05-23;15358,059587319853;15358,059587319853;0,0;0
2017-05-24;15358,059587319853;15358,059587319853;0,0;0
2017-05-25;15358,059587319853;15358,059587319853;0,0;0
2017-05-26;15358,059587319853;15358,059587319853;0,0;0
2017-05-30;15358,059587319853;15358,059587319853;0,0;0
2017-05-31;15358,059587319853;15358,059587319853;0,0;0
2017-06-01;15358,059587319853;15358,059587319853;0,0;0
2017-06-02;15358,059587319853;15358,059587319853;0,0;0
2017-06-05;15358,059587319853;15358,059587319853;0,0;0
2017-06-06;15358,059587319853;15358,059587319853;0,0;0
2017-06-07;15358,059587319853;15358,059587319853;0,0;0
2017-06-08;15358,059587319853;15358,059587319853;0,0;0
2017-06-09;15358,059587319853;15358,059587319853;0,0;0
2017-06-12;15358,059587319853;15358,059587319853;0,0;0
2017-06-13;15358,059587319853;15358,059587319853;0,0;0
2017-06-14;15358,059587319853;15358,059587319853;0,0;0
2017-06-15;15358,059587319853;15358,059587319853;0,0;0
2017-06-16;15358,059587319853;15358,059587319853;0,0;0
2017-06-19;15358,059587319853;15358,059587319853;0,0;0
2017-06-20;15358,059587319853;15358,059587319853;0,0;0
2017-06-21;15358,059587319853;15358,059587319853;0,0;0
2017-06-22;15358,059587319853;15358,059587319853;0,0;0
2017-06-23;15358,059587319853;15358,059587319853;0,0;0
2017-06-26;15358,059587319853;15358,059587319853;0,0;0
2017-06-27;15358,059587319853;15358,059587319853;0,0;0
2017-06-28;15358,059587319853;15358,059587319853;0,0;0
2017-06-29;15358,059587319853;15358,059587319853;0,0;0
2017-06-30;15358,059587319853;15358,059587319853;0,0;0
2017-07-03;15358,059587319853;15358,059587319853;0,0;0
2017-07-05;15358,059587319853;15358,059587319853;0,0;0
2017-07-06;15358,059587319853;15358,059587319853;0,0;0
2017-07-07;15358,059587319853;15358,059587319853;0,0;0
2017-07-10;15358,059587319853;15358,059587319853;0,0;0
2017-07-11;15358,059587319853;15358,059587319853;0,0;0
2017-07-12;15358,059587319853;15358,059587319853;0,0;0
2017-07-13;15358,059587319853;15358,059587319853;0,0;0
2017-07-14;15358,059587319853;15358,059587319853;0,0;0
2017-07-17;15358,059587319853;15358,059587319853;0,0;0
2017-07-18;15358,059587319853;15358,059587319853;0,0;0
2017-07-19;15358,059587319853;15358,059587319853;0,0;0
2017-07-20;15358,059587319853;15358,059587319853;0,0;0
2017-07-21;15358,059587319853;15358,059587319853;0,0;0
2017-07-24;15358,059587319853;15358,059587319853;0,0;0
2017-07-25;15358,059587319853;15358,059587319853;0,0;0
2017-07-26;15358,059587319853;15358,059587319853;0,0;0
2017-07-27;15358,059587319853;15358,059587319853;0,0;0
2017-07-28;15358,059587319853;15358,059587319853;0,0;0
2017-07-31;15358,059587319853;15358,059587319853;0,0;0
2017-08-01;15358,059587319853;15358,059587319853;0,0;0
2017-08-02;15358,059587319853;15358,059587319853;0,0;0
2017-08-03;15358,059587319853;15358,059587319853;0,0;0
2017-08-04;15358,059587319853;15358,059587319853;0,0;0
2017-08-07;15358,059587319853;15358,059587319853;0,0;0
2017-08-08;15358,059587319853;15358,059587319853;0,0;0
2017-08-09;15358,059587319853;15358,059587319853;0,0;0
2017-08-10;15358,059587319853;15358,059587319853;0,0;0
2017-08-11;15358,059587319853;15358,059587319853;0,0;0
2017-08-14;15358,059587319853;15358,059587319853;0,0;0
2017-08-15;15358,059587319853;15358,059587319853;0,0;0
2017-08-16;15358,059587319853;15358,059587319853;0,0;0
2017-08-17;15358,059587319853;15358,059587319853;0,0;0
2017-08-18;15358,059587319853;15358,059587319853;0,0;0
2017-08-21;15358,059587319853;15358,059587319853;0,0;0
2017-08-22;15358,059587319853;15358,059587319853;0,0;0
2017-08-23;15358,059587319853;15358,059587319853;0,0;0
2017-08-24;15358,059587319853;15358,059587319853;0,0;0
2017-08-25;15358,059587319853;15358,059587319853;0,0;0
2017-08-28;15358,059587319853;15358,059587319853;0,0;0
2017-08-29;15358,059587319853;15358,059587319853;0,0;0
2017-08-30;15358,059587319853;15358,059587319853;0,0;0
2017-08-31;15358,059587319853;15358,059587319853;0,0;0
2017-09-01;15358,059587319853;15358,059587319853;0,0;0
2017-09-05;15358,059587319853;15358,059587319853;0,0;0
2017-09-06;15358,059587319853;15358,059587319853;0,0;0
2017-09-07;15358,059587319853;15358,059587319853;0,0;0
2017-09-08;15358,059587319853;15358,059587319853;0,0;0
2017-09-11;15358,059587319853;15358,059587319853;0,0;0
2017-09-12;15358,059587319853;15358,059587319853;0,0;0
2017-09-13;15358,059587319853;15358,059587319853;0,0;0
2017-09-14;15358,059587319853;15358,059587319853;0,0;0
2017-09-15;15358,059587319853;15358,059587319853;0,0;0
2017-09-18;15358,059587319853;15358,059587319853;0,0;0
2017-09-19;15358,059587319853;15358,059587319853;0,0;0
2017-09-20;15358,059587319853;15358,059587319853;0,0;0
2017-09-21;15358,059587319853;15358,059587319853;0,0;0
2017-09-22;15358,059587319853;15358,059587319853;0,0;0
2017-09-25;15358,059587319853;15358,059587319853;0,0;0
2017-09-26;15358,059587319853;15358,059587319853;0,0;0
2017-09-27;15358,059587319853;15358,059587319853;0,0;0
2017-09-28;15358,059587319853;15358,059587319853;0,0;0
2017-09-29;15358,059587319853;15358,059587319853;0,0;0
2017-10-02;15358,059587319853;15358,059587319853;0,0;0
2017-10-03;15358,059587319853;15358,059587319853;0,0;0
2017-10-04;15358,059587319853;15358,059587319853;0,0;0
2017-10-05;15358,059587319853;15358,059587319853;0,0;0
2017-10-06;15358,059587319853;15358,059587319853;0,0;0
2017-10-09;15358,059587319853;15358,059587319853;0,0;0
2017-10-10;15358,059587319853;15358,059587319853;0,0;0
2017-10-11;15358,059587319853;15358,059587319853;0,0;0
2017-10-12;15358,059587319853;15358,059587319853;0,0;0
2017-10-13;15358,059587319853;15358,059587319853;0,0;0
2017-10-16;15358,059587319853;15358,059587319853;0,0;0
2017-10-17;15358,059587319853;15358,059587319853;0,0;0
2017-10-18;15358,059587319853;15358,059587319853;0,0;0
2017-10-19;15358,059587319853;15358,059587319853;0,0;0
2017-10-20;15358,059587319853;15358,059587319853;0,0;0
2017-10-23;15358,059587319853;15358,059587319853;0,0;0
2017-10-24;15358,059587319853;15358,059587319853;0,0;0
2017-10-25;15358,059587319853;15358,059587319853;0,0;0
2017-10-26;15358,059587319853;15358,059587319853;0,0;0
2017-10-27;15358,059587319853;15358,059587319853;0,0;0
2017-10-30;15358,059587319853;15358,059587319853;0,0;0
2017-10-31;15358,059587319853;15358,059587319853;0,0;0
2017-11-01;15358,059587319853;15358,059587319853;0,0;0
2017-11-02;15358,059587319853;15358,059587319853;0,0;0
2017-11-03;15358,059587319853;15358,059587319853;0,0;0
2017-11-06;15358,059587319853;15358,059587319853;0,0;0
2017-11-07;15358,059587319853;15358,059587319853;0,0;0
2017-11-08;15358,059587319853;15358,059587319853;0,0;0
2017-11-09;15358,059587319853;15358,059587319853;0,0;0
2017-11-10;15358,059587319853;15358,059587319853;0,0;0
2017-11-13;15358,059587319853;15358,059587319853;0,0;0
2017-11-14;15358,059587319853;15358,059587319853;0,0;0
2017-11-15;15358,059587319853;15358,059587319853;0,0;0
2017-11-16;15358,059587319853;15358,059587319853;0,0;0
2017-11-17;15358,059587319853;15358,059587319853;0,0;0
2017-11-20;15358,059587319853;15358,059587319853;0,0;0
2017-11-21;15358,059587319853;15358,059587319853;0,0;0
2017-11-22;15358,059587319853;15358,059587319853;0,0;0
2017-11-24;15358,059587319853;15358,059587319853;0,0;0
2017-11-27;15358,059587319853;15358,059587319853;0,0;0
2017-11-28;15358,059587319853;15358,059587319853;0,0;0
2017-11-29;15358,059587319853;15358,059587319853;0,0;0
2017-11-30;15358,059587319853;15358,059587319853;0,0;0
2017-12-01;15358,059587319853;15358,059587319853;0,0;0
2017-12-04;15358,059587319853;15358,059587319853;0,0;0
2017-12-05;15358,059587319853;15358,059587319853;0,0;0
2017-12-06;15358,059587319853;15358,059587319853;0,0;0
2017-12-07;15358,059587319853;15358,059587319853;0,0;0
2017-12-08;15358,059587319853;15358,059587319853;0,0;0
2017-12-11;15358,059587319853;15358,059587319853;0,0;0
2017-12-12;15358,059587319853;15358,059587319853;0,0;0
2017-12-13;15358,059587319853;15358,059587319853;0,0;0
2017-12-14;15358,059587319853;15358,059587319853;0,0;0
2017-12-15;15358,059587319853;15358,059587319853;0,0;0
2017-12-18;15358,059587319853;15358,059587319853;0,0;0
2017-12-19;15358,059587319853;15358,059587319853;0,0;0
2017-12-20;15358,059587319853;15358,059587319853;0,0;0
2017-12-21;15358,059587319853;15358,059587319853;0,0;0
2017-12-22;15358,059587319853;15358,059587319853;0,0;0
2017-12-26;15358,059587319853;15358,059587319853;0,0;0
2017-12-27;15358,059587319853;15358,059587319853;0,0;0
2017-12-28;15358,059587319853;15358,059587319853;0,0;0
2017-12-29;15358,059587319853;15358,059587319853;0,0;0
2018-01-02;15358,059587319853;15358,059587319853;0,0;0
2018-01-03;15358,059587319853;15358,059587319853;0,0;0
2018-01-04;15358,059587319853;15358,059587319853;0,0;0
2018-01-05;15358,059587319853;15358,059587319853;0,0;0
2018-01-08;15358,059587319853;15358,059587319853;0,0;0
2018-01-09;15358,059587319853;15358,059587319853;0,0;0
2018-01-10;15358,059587319853;15358,059587319853;0,0;0
2018-01-11;15358,059587319853;15358,059587319853;0,0;0
2018-01-12;15358,059587319853;15358,059587319853;0,0;0
2018-01-16;15358,059587319853;15358,059587319853;0,0;0
2018-01-17;15358,059587319853;15358,059587319853;0,0;0
2018-01-18;15358,059587319853;15358,059587319853;0,0;0
2018-01-19;15358,059587319853;15358,059587319853;0,0;0
2018-01-22;15358,059587319853;15358,059587319853;0,0;0
2018-01-23;15358,059587319853;15358,059587319853;0,0;0
2018-01-24;15358,059587319853;15358,059587319853;0,0;0
2018-01-25;15358,059587319853;15358,059587319853;0,0;0
2018-01-26;15358,059587319853;15358,059587319853;0,0;0
2018-01-29;15358,059587319853;15358,059587319853;0,0;0
2018-01-30;15358,059587319853;15358,059587319853;0,0;0
2018-01-31;15358,059587319853;15358,059587319853;0,0;0
2018-02-01;15358,059587319853;15358,059587319853;0,0;0
2018-02-02;15358,059587319853;15358,059587319853;0,0;0
2018-02-05;15358,059587319853;15358,059587319853;0,0;0
2018-02-06;15358,059587319853;15358,059587319853;0,0;0
2018-02-07;15358,059587319853;15358,059587319853;0,0;0
2018-02-08;15358,059587319853;15358,059587319853;0,0;0
2018-02-09;15358,059587319853;15358,059587319853;0,0;0
2018-02-12;15358,059587319853;15358,059587319853;0,0;0
2018-02-13;15358,059587319853;15358,059587319853;0,0;0
2018-02-14;15358,059587319853;15358,059587319853;0,0;0
2018-02-15;15358,059587319853;15358,059587319853;0,0;0
2018-02-16;15358,059587319853;15358,059587319853;0,0;0
2018-02-20;15358,059587319853;15358,059587319853;0,0;0
2018-02-21;15358,059587319853;15358,059587319853;0,0;0
2018-02-22;15358,059587319853;15358,059587319853;0,0;0
2018-02-23;15358,059587319853;15358,059587319853;0,0;0
2018-02-26;15358,059587319853;15358,059587319853;0,0;0
2018-02-27;15358,059587319853;15358,059587319853;0,0;0
2018-02-28;15358,059587319853;15358,059587319853;0,0;0
2018-03-01;15358,059587319853;15358,059587319853;0,0;0
2018-03-02;15358,059587319853;15358,059587319853;0,0;0
2018-03-05;15358,059587319853;15358,059587319853;0,0;0
2018-03-06;15358,059587319853;15358,059587319853;0,0;0
2018-03-07;15358,059587319853;15358,059587319853;0,0;0
2018-03-08;15358,059587319853;15358,059587319853;0,0;0
2018-03-09;15358,059587319853;15358,059587319853;0,0;0
2018-03-12;15358,059587319853;15358,059587319853;0,0;0
2018-03-13;15358,059587319853;15358,059587319853;0,0;0
2018-03-14;15358,059587319853;15358,059587319853;0,0;0
2018-03-15;15358,059587319853;15358,059587319853;0,0;0
2018-03-16;15358,059587319853;15358,059587319853;0,0;0
2018-03-19;15358,059587319853;15358,059587319853;0,0;0
2018-03-20;15358,059587319853;15358,059587319853;0,0;0
2018-03-21;15358,059587319853;15358,059587319853;0,0;0
2018-03-22;15358,059587319853;15358,059587319853;0,0;0
2018-03-23;15358,059587319853;15358,059587319853;0,0;0
2018-03-26;15358,059587319853;15358,059587319853;0,0;0
2018-03-27;15358,059587319853;15358,059587319853;0,0;0
2018-03-28;15358,059587319853;15358,059587319853;0,0;0
2018-03-29;15358,059587319853;15358,059587319853;0,0;0
2018-04-02;15358,059587319853;15358,059587319853;0,0;0
2018-04-03;15358,059587319853;15358,059587319853;0,0;0
2018-04-04;15358,059587319853;15358,059587319853;0,0;0
2018-04-05;15358,059587319853;15358,059587319853;0,0;0
2018-04-06;15358,059587319853;15358,059587319853;0,0;0
2018-04-09;15358,059587319853;15358,059587319853;0,0;0
2018-04-10;15358,059587319853;15358,059587319853;0,0;0
2018-04-11;15358,059587319853;15358,059587319853;0,0;0
2018-04-12;15358,059587319853;15358,059587319853;0,0;0
2018-04-13;15358,059587319853;15358,059587319853;0,0;0
2018-04-16;15358,059587319853;15358,059587319853;0,0;0
2018-04-17;15358,059587319853;15358,059587319853;0,0;0
2018-04-18;15358,059587319853;15358,059587319853;0,0;0
2018-04-19;15358,059587319853;15358,059587319853;0,0;0
2018-04-20;15358,059587319853;15358,059587319853;0,0;0
2018-04-23;15358,059587319853;15358,059587319853;0,0;0
2018-04-24;15358,059587319853;15358,059587319853;0,0;0
2018-04-25;15358,059587319853;15358,059587319853;0,0;0
2018-04-26;15358,059587319853;15358,059587319853;0,0;0
2018-04-27;15358,059587319853;15358,059587319853;0,0;0
2018-04-30;15358,059587319853;15358,059587319853;0,0;0
2018-05-01;15358,059587319853;15358,059587319853;0,0;0
2018-05-02;15358,059587319853;15358,059587319853;0,0;0
2018-05-03;15358,059587319853;15358,059587319853;0,0;0
2018-05-04;15358,059587319853;15358,059587319853;0,0;0
2018-05-07;15358,059587319853;15358,059587319853;0,0;0
2018-05-08;15358,059587319853;15358,059587319853;0,0;0
2018-05-09;15358,059587319853;15358,059587319853;0,0;0
2018-05-10;15358,059587319853;15358,059587319853;0,0;0
2018-05-11;15358,059587319853;15358,059587319853;0,0;0
2018-05-14;15358,059587319853;15358,059587319853;0,0;0
2018-05-15;15358,059587319853;15358,059587319853;0,0;0
2018-05-16;15358,059587319853;15358,059587319853;0,0;0
2018-05-17;15358,059587319853;15358,059587319853;0,0;0
2018-05-18;15358,059587319853;15358,059587319853;0,0;0
2018-05-21;15358,059587319853;15358,059587319853;0,0;0
2018-05-22;15358,059587319853;15358,059587319853;0,0;0
2018-05-23;15358,059587319853;15358,059587319853;0,0;0
2018-05-24;15358,059587319853;15358,059587319853;0,0;0
2018-05-25;15358,059587319853;15358,059587319853;0,0;0
2018-05-29;15358,059587319853;15358,059587319853;0,0;0
2018-05-30;15358,059587319853;15358,059587319853;0,0;0
2018-05-31;15358,059587319853;15358,059587319853;0,0;0
2018-06-01;15358,059587319853;15358,059587319853;0,0;0
2018-06-04;15358,059587319853;15358,059587319853;0,0;0
2018-06-05;15358,059587319853;15358,059587319853;0,0;0
2018-06-06;15358,059587319853;15358,059587319853;0,0;0
2018-06-07;15358,059587319853;15358,059587319853;0,0;0
2018-06-08;15358,059587319853;15358,059587319853;0,0;0
2018-06-11;15358,059587319853;15358,059587319853;0,0;0
2018-06-12;15358,059587319853;15358,059587319853;0,0;0
2018-06-13;15358,059587319853;15358,059587319853;0,0;0
2018-06-14;15358,059587319853;15358,059587319853;0,0;0
2018-06-15;15358,059587319853;15358,059587319853;0,0;0
2018-06-18;15358,059587319853;15358,059587319853;0,0;0
2018-06-19;15358,059587319853;15358,059587319853;0,0;0
2018-06-20;15358,059587319853;15358,059587319853;0,0;0
2018-06-21;15358,059587319853;15358,059587319853;0,0;0
2018-06-22;15358,059587319853;15358,059587319853;0,0;0
2018-06-25;15358,059587319853;15358,059587319853;0,0;0
2018-06-26;15358,059587319853;15358,059587319853;0,0;0
2018-06-27;15358,059587319853;15358,059587319853;0,0;0
2018-06-28;15358,059587319853;15358,059587319853;0,0;0
2018-06-29;15358,059587319853;15358,059587319853;0,0;0
2018-07-02;15358,059587319853;15358,059587319853;0,0;0
2018-07-03;15358,059587319853;15358,059587319853;0,0;0
2018-07-05;15358,059587319853;15358,059587319853;0,0;0
2018-07-06;15358,059587319853;15358,059587319853;0,0;0
2018-07-09;15358,059587319853;15358,059587319853;0,0;0
2018-07-10;15358,059587319853;15358,059587319853;0,0;0
2018-07-11;15358,059587319853;15358,059587319853;0,0;0
2018-07-12;15358,059587319853;15358,059587319853;0,0;0
2018-07-13;15358,059587319853;15358,059587319853;0,0;0
2018-07-16;15358,059587319853;15358,059587319853;0,0;0
2018-07-17;15358,059587319853;15358,059587319853;0,0;0
2018-07-18;15358,059587319853;15358,059587319853;0,0;0
2018-07-19;15358,059587319853;15358,059587319853;0,0;0
2018-07-20;15358,059587319853;15358,059587319853;0,0;0
2018-07-23;15358,059587319853;15358,059587319853;0,0;0
2018-07-24;15358,059587319853;15358,059587319853;0,0;0
2018-07-25;15358,059587319853;15358,059587319853;0,0;0
2018-07-26;15358,059587319853;15358,059587319853;0,0;0
2018-07-27;15358,059587319853;15358,059587319853;0,0;0
2018-07-30;15358,059587319853;15358,059587319853;0,0;0
2018-07-31;15358,059587319853;15358,059587319853;0,0;0
2018-08-01;15358,059587319853;15358,059587319853;0,0;0
2018-08-02;15358,059587319853;15358,059587319853;0,0;0
2018-08-03;15358,059587319853;15358,059587319853;0,0;0
2018-08-06;15358,059587319853;15358,059587319853;0,0;0
2018-08-07;15358,059587319853;15358,059587319853;0,0;0
2018-08-08;15358,059587319853;15358,059587319853;0,0;0
2018-08-09;15358,059587319853;15358,059587319853;0,0;0
2018-08-10;15358,059587319853;15358,059587319853;0,0;0
2018-08-13;15358,059587319853;15358,059587319853;0,0;0
2018-08-14;15358,059587319853;15358,059587319853;0,0;0
2018-08-15;15358,059587319853;15358,059587319853;0,0;0
2018-08-16;15358,059587319853;15358,059587319853;0,0;0
2018-08-17;15358,059587319853;15358,059587319853;0,0;0
2018-08-20;15358,059587319853;15358,059587319853;0,0;0
2018-08-21;15358,059587319853;15358,059587319853;0,0;0
2018-08-22;15358,059587319853;15358,059587319853;0,0;0
2018-08-23;15358,059587319853;15358,059587319853;0,0;0
2018-08-24;15358,059587319853;15358,059587319853;0,0;0
2018-08-27;15358,059587319853;15358,059587319853;0,0;0
2018-08-28;15358,059587319853;15358,059587319853;0,0;0
2018-08-29;15358,059587319853;15358,059587319853;0,0;0
2018-08-30;15358,059587319853;15358,059587319853;0,0;0
2018-08-31;15358,059587319853;15358,059587319853;0,0;0
2018-09-04;15358,059587319853;15358,059587319853;0,0;0
2018-09-05;15358,059587319853;15358,059587319853;0,0;0
2018-09-06;15358,059587319853;15358,059587319853;0,0;0
2018-09-07;15358,059587319853;15358,059587319853;0,0;0
2018-09-10;15358,059587319853;15358,059587319853;0,0;0
2018-09-11;15358,059587319853;15358,059587319853;0,0;0
2018-09-12;15358,059587319853;15358,059587319853;0,0;0
2018-09-13;15358,059587319853;15358,059587319853;0,0;0
2018-09-14;15358,059587319853;15358,059587319853;0,0;0
2018-09-17;15358,059587319853;15358,059587319853;0,0;0
2018-09-18;15358,059587319853;15358,059587319853;0,0;0
2018-09-19;15358,059587319853;15358,059587319853;0,0;0
2018-09-20;15358,059587319853;15358,059587319853;0,0;0
2018-09-21;15358,059587319853;15358,059587319853;0,0;0
2018-09-24;15358,059587319853;15358,059587319853;0,0;0
2018-09-25;15358,059587319853;15358,059587319853;0,0;0
2018-09-26;15358,059587319853;15358,059587319853;0,0;0
2018-09-27;15358,059587319853;15358,059587319853;0,0;0
2018-09-28;15358,059587319853;15358,059587319853;0,0;0
2018-10-01;15358,059587319853;15358,059587319853;0,0;0
2018-10-02;15358,059587319853;15358,059587319853;0,0;0
2018-10-03;15358,059587319853;15358,059587319853;0,0;0
2018-10-04;15358,059587319853;15358,059587319853;0,0;0
2018-10-05;15358,059587319853;15358,059587319853;0,0;0
2018-10-08;15358,059587319853;15358,059587319853;0,0;0
2018-10-09;15358,059587319853;15358,059587319853;0,0;0
2018-10-10;15358,059587319853;15358,059587319853;0,0;0
2018-10-11;15358,059587319853;15358,059587319853;0,0;0
2018-10-12;15358,059587319853;15358,059587319853;0,0;0
2018-10-15;15358,059587319853;15358,059587319853;0,0;0
2018-10-16;15358,059587319853;15358,059587319853;0,0;0
2018-10-17;15358,059587319853;15358,059587319853;0,0;0
2018-10-18;15358,059587319853;15358,059587319853;0,0;0
2018-10-19;15358,059587319853;15358,059587319853;0,0;0
2018-10-22;15358,059587319853;15358,059587319853;0,0;0
2018-10-23;15358,059587319853;15358,059587319853;0,0;0
2018-10-24;15358,059587319853;15358,059587319853;0,0;0
2018-10-25;15358,059587319853;15358,059587319853;0,0;0
2018-10-26;15358,059587319853;15358,059587319853;0,0;0
2018-10-29;15358,059587319853;15358,059587319853;0,0;0
2018-10-30;15358,059587319853;15358,059587319853;0,0;0
2018-10-31;15358,059587319853;15358,059587319853;0,0;0
2018-11-01;15358,059587319853;15358,059587319853;0,0;0
2018-11-02;15358,059587319853;15358,059587319853;0,0;0
2018-11-05;15358,059587319853;15358,059587319853;0,0;0
2018-11-06;15358,059587319853;15358,059587319853;0,0;0
2018-11-07;15358,059587319853;15358,059587319853;0,0;0
2018-11-08;15358,059587319853;15358,059587319853;0,0;0
2018-11-09;15358,059587319853;15358,059587319853;0,0;0
2018-11-12;15358,059587319853;15358,059587319853;0,0;0
2018-11-13;15358,059587319853;15358,059587319853;0,0;0
2018-11-14;15358,059587319853;15358,059587319853;0,0;0
2018-11-15;15358,059587319853;15358,059587319853;0,0;0
2018-11-16;15358,059587319853;15358,059587319853;0,0;0
2018-11-19;15358,059587319853;15358,059587319853;0,0;0
2018-11-20;15358,059587319853;15358,059587319853;0,0;0
2018-11-21;15358,059587319853;15358,059587319853;0,0;0
2018-11-23;15358,059587319853;15358,059587319853;0,0;0
2018-11-26;15358,059587319853;15358,059587319853;0,0;0
2018-11-27;15358,059587319853;15358,059587319853;0,0;0
2018-11-28;15358,059587319853;15358,059587319853;0,0;0
2018-11-29;15358,059587319853;15358,059587319853;0,0;0
2018-11-30;15358,059587319853;15358,059587319853;0,0;0
2018-12-03;15358,059587319853;15358,059587319853;0,0;0
2018-12-04;15358,059587319853;15358,059587319853;0,0;0
2018-12-06;15358,059587319853;15358,059587319853;0,0;0
2018-12-07;15358,059587319853;15358,059587319853;0,0;0
2018-12-10;15358,059587319853;15358,059587319853;0,0;0
2018-12-11;15358,059587319853;15358,059587319853;0,0;0
2018-12-12;15358,059587319853;15358,059587319853;0,0;0
2018-12-13;15358,059587319853;15358,059587319853;0,0;0
2018-12-14;15358,059587319853;15358,059587319853;0,0;0
2018-12-17;15358,059587319853;15358,059587319853;0,0;0
2018-12-18;15358,059587319853;15358,059587319853;0,0;0
2018-12-19;15358,059587319853;15358,059587319853;0,0;0
2018-12-20;15358,059587319853;15358,059587319853;0,0;0
2018-12-21;15358,059587319853;15358,059587319853;0,0;0
2018-12-24;15358,059587319853;15358,059587319853;0,0;0
2018-12-26;15358,059587319853;15358,059587319853;0,0;0
2018-12-27;15358,059587319853;15358,059587319853;0,0;0
2018-12-28;15358,059587319853;15358,059587319853;0,0;0
2018-12-31;15358,059587319853;15358,059587319853;0,0;0
2019-01-02;15358,059587319853;15358,059587319853;0,0;0
2019-01-03;15358,059587319853;15358,059587319853;0,0;0
2019-01-04;15358,059587319853;15358,059587319853;0,0;0
2019-01-07;15358,059587319853;15358,059587319853;0,0;0
2019-01-08;15358,059587319853;15358,059587319853;0,0;0
2019-01-09;15358,059587319853;15358,059587319853;0,0;0
2019-01-10;15358,059587319853;15358,059587319853;0,0;0
2019-01-11;15358,059587319853;15358,059587319853;0,0;0
2019-01-14;15358,059587319853;15358,059587319853;0,0;0
2019-01-15;15358,059587319853;15358,059587319853;0,0;0
2019-01-16;15358,059587319853;15358,059587319853;0,0;0
2019-01-17;15358,059587319853;15358,059587319853;0,0;0
2019-01-18;15358,059587319853;15358,059587319853;0,0;0
2019-01-22;15358,059587319853;15358,059587319853;0,0;0
2019-01-23;15358,059587319853;15358,059587319853;0,0;0
2019-01-24;15358,059587319853;15358,059587319853;0,0;0
2019-01-25;15358,059587319853;15358,059587319853;0,0;0
2019-01-28;15358,059587319853;15358,059587319853;0,0;0
2019-01-29;15358,059587319853;15358,059587319853;0,0;0
2019-01-30;15358,059587319853;15358,059587319853;0,0;0
2019-01-31;15358,059587319853;15358,059587319853;0,0;0
2019-02-01;15358,059587319853;15358,059587319853;0,0;0
2019-02-04;15358,059587319853;15358,059587319853;0,0;0
2019-02-05;15358,059587319853;15358,059587319853;0,0;0
2019-02-06;15358,059587319853;15358,059587319853;0,0;0
2019-02-07;15358,059587319853;15358,059587319853;0,0;0
2019-02-08;15358,059587319853;15358,059587319853;0,0;0
2019-02-11;15358,059587319853;15358,059587319853;0,0;0
2019-02-12;15358,059587319853;15358,059587319853;0,0;0
2019-02-13;15358,059587319853;15358,059587319853;0,0;0
2019-02-14;15358,059587319853;15358,059587319853;0,0;0
2019-02-15;15358,059587319853;15358,059587319853;0,0;0
2019-02-19;15358,059587319853;15358,059587319853;0,0;0
2019-02-20;15358,059587319853;15358,059587319853;0,0;0
2019-02-21;15358,059587319853;15358,059587319853;0,0;0
2019-02-22;15358,059587319853;15358,059587319853;0,0;0
2019-02-25;15358,059587319853;15358,059587319853;0,0;0
2019-02-26;15358,059587319853;15358,059587319853;0,0;0
2019-02-27;15358,059587319853;15358,059587319853;0,0;0
2019-02-28;15358,059587319853;15358,059587319853;0,0;0
2019-03-01;15358,059587319853;15358,059587319853;0,0;0
2019-03-04;15358,059587319853;15358,059587319853;0,0;0
2019-03-05;15358,059587319853;15358,059587319853;0,0;0
2019-03-06;15358,059587319853;15358,059587319853;0,0;0
2019-03-07;15358,059587319853;15358,059587319853;0,0;0
2019-03-08;15358,059587319853;15358,059587319853;0,0;0
2019-03-11;15358,059587319853;15358,059587319853;0,0;0
2019-03-12;15358,059587319853;15358,059587319853;0,0;0
2019-03-13;15358,059587319853;15358,059587319853;0,0;0
2019-03-14;15358,059587319853;15358,059587319853;0,0;0
2019-03-15;15358,059587319853;15358,059587319853;0,0;0
2019-03-18;15358,059587319853;15358,059587319853;0,0;0
2019-03-19;15358,059587319853;15358,059587319853;0,0;0
2019-03-20;15358,059587319853;15358,059587319853;0,0;0
2019-03-21;15358,059587319853;15358,059587319853;0,0;0
2019-03-22;15358,059587319853;15358,059587319853;0,0;0
2019-03-25;15358,059587319853;15358,059587319853;0,0;0
2019-03-26;15358,059587319853;15358,059587319853;0,0;0
2019-03-27;15358,059587319853;15358,059587319853;0,0;0
2019-03-28;15358,059587319853;15358,059587319853;0,0;0
2019-03-29;15358,059587319853;15358,059587319853;0,0;0
2019-04-01;15358,059587319853;15358,059587319853;0,0;0
2019-04-02;15358,059587319853;15358,059587319853;0,0;0
2019-04-03;15358,059587319853;15358,059587319853;0,0;0
2019-04-04;15358,059587319853;15358,059587319853;0,0;0
2019-04-05;15358,059587319853;15358,059587319853;0,0;0
2019-04-08;15358,059587319853;15358,059587319853;0,0;0
2019-04-09;15358,059587319853;15358,059587319853;0,0;0
2019-04-10;15358,059587319853;15358,059587319853;0,0;0
2019-04-11;15358,059587319853;15358,059587319853;0,0;0
2019-04-12;15358,059587319853;15358,059587319853;0,0;0
2019-04-15;15358,059587319853;15358,059587319853;0,0;0
2019-04-16;15358,059587319853;15358,059587319853;0,0;0
2019-04-17;15358,059587319853;15358,059587319853;0,0;0
2019-04-18;15358,059587319853;15358,059587319853;0,0;0
2019-04-22;15358,059587319853;15358,059587319853;0,0;0
2019-04-23;15358,059587319853;15358,059587319853;0,0;0
2019-04-24;15358,059587319853;15358,059587319853;0,0;0
2019-04-25;15358,059587319853;15358,059587319853;0,0;0
2019-04-26;15358,059587319853;15358,059587319853;0,0;0
2019-04-29;15358,059587319853;15358,059587319853;0,0;0
2019-04-30;15358,059587319853;15358,059587319853;0,0;0
2019-05-01;15358,059587319853;15358,059587319853;0,0;0
2019-05-02;15358,059587319853;15358,059587319853;0,0;0
2019-05-03;15358,059587319853;15358,059587319853;0,0;0
2019-05-06;15358,059587319853;15358,059587319853;0,0;0
2019-05-07;15358,059587319853;15358,059587319853;0,0;0
2019-05-08;15358,059587319853;15358,059587319853;0,0;0
2019-05-09;15358,059587319853;15358,059587319853;0,0;0
2019-05-10;15358,059587319853;15358,059587319853;0,0;0
2019-05-13;15358,059587319853;15358,059587319853;0,0;0
2019-05-14;15358,059587319853;15358,059587319853;0,0;0
2019-05-15;15358,059587319853;15358,059587319853;0,0;0
2019-05-16;15358,059587319853;15358,059587319853;0,0;0
2019-05-17;15358,059587319853;15358,059587319853;0,0;0
2019-05-20;15358,059587319853;15358,059587319853;0,0;0
2019-05-21;15358,059587319853;15358,059587319853;0,0;0
2019-05-22;15358,059587319853;15358,059587319853;0,0;0
2019-05-23;15358,059587319853;15358,059587319853;0,0;0
2019-05-24;15358,059587319853;15358,059587319853;0,0;0
2019-05-28;15358,059587319853;15358,059587319853;0,0;0
2019-05-29;15358,059587319853;15358,059587319853;0,0;0
2019-05-30;15358,059587319853;15358,059587319853;0,0;0
2019-05-31;15358,059587319853;15358,059587319853;0,0;0
2019-06-03;15358,059587319853;15358,059587319853;0,0;0
2019-06-04;15358,059587319853;15358,059587319853;0,0;0
2019-06-05;15358,059587319853;15358,059587319853;0,0;0
2019-06-06;15358,059587319853;15358,059587319853;0,0;0
2019-06-07;15358,059587319853;15358,059587319853;0,0;0
2019-06-10;15358,059587319853;15358,059587319853;0,0;0
2019-06-11;15358,059587319853;15358,059587319853;0,0;0
2019-06-12;15358,059587319853;15358,059587319853;0,0;0
2019-06-13;15358,059587319853;15358,059587319853;0,0;0
2019-06-14;15358,059587319853;15358,059587319853;0,0;0
2019-06-17;15358,059587319853;15358,059587319853;0,0;0
2019-06-18;15358,059587319853;15358,059587319853;0,0;0
2019-06-19;15358,059587319853;15358,059587319853;0,0;0
2019-06-20;15358,059587319853;15358,059587319853;0,0;0
2019-06-21;15358,059587319853;15358,059587319853;0,0;0
2019-06-24;15358,059587319853;15358,059587319853;0,0;0
2019-06-25;15358,059587319853;15358,059587319853;0,0;0
2019-06-26;15358,059587319853;15358,059587319853;0,0;0
2019-06-27;15358,059587319853;15358,059587319853;0,0;0
2019-06-28;15358,059587319853;15358,059587319853;0,0;0
2019-07-01;15358,059587319853;15358,059587319853;0,0;0
2019-07-02;15358,059587319853;15358,059587319853;0,0;0
2019-07-03;15358,059587319853;15358,059587319853;0,0;0
2019-07-05;15358,059587319853;15358,059587319853;0,0;0
2019-07-08;15358,059587319853;15358,059587319853;0,0;0
2019-07-09;15358,059587319853;15358,059587319853;0,0;0
2019-07-10;15358,059587319853;15358,059587319853;0,0;0
2019-07-11;15358,059587319853;15358,059587319853;0,0;0
2019-07-12;15358,059587319853;15358,059587319853;0,0;0
2019-07-15;15358,059587319853;15358,059587319853;0,0;0
2019-07-16;15358,059587319853;15358,059587319853;0,0;0
2019-07-17;15358,059587319853;15358,059587319853;0,0;0
2019-07-18;15358,059587319853;15358,059587319853;0,0;0
2019-07-19;15358,059587319853;15358,059587319853;0,0;0
2019-07-22;15358,059587319853;15358,059587319853;0,0;0
2019-07-23;15358,059587319853;15358,059587319853;0,0;0
2019-07-24;15358,059587319853;15358,059587319853;0,0;0
2019-07-25;15358,059587319853;15358,059587319853;0,0;0
2019-07-26;15358,059587319853;15358,059587319853;0,0;0
2019-07-29;15358,059587319853;15358,059587319853;0,0;0
2019-07-30;15358,059587319853;15358,059587319853;0,0;0
2019-07-31;15358,059587319853;15358,059587319853;0,0;0
2019-08-01;15358,059587319853;15358,059587319853;0,0;0
2019-08-02;15358,059587319853;15358,059587319853;0,0;0
2019-08-05;15358,059587319853;15358,059587319853;0,0;0
2019-08-06;15358,059587319853;15358,059587319853;0,0;0
2019-08-07;15358,059587319853;15358,059587319853;0,0;0
2019-08-08;15358,059587319853;15358,059587319853;0,0;0
2019-08-09;15358,059587319853;15358,059587319853;0,0;0
2019-08-12;15358,059587319853;15358,059587319853;0,0;0
2019-08-13;15358,059587319853;15358,059587319853;0,0;0
2019-08-14;15358,059587319853;15358,059587319853;0,0;0
2019-08-15;15358,059587319853;15358,059587319853;0,0;0
2019-08-16;15358,059587319853;15358,059587319853;0,0;0
2019-08-19;15358,059587319853;15358,059587319853;0,0;0
2019-08-20;15358,059587319853;15358,059587319853;0,0;0
2019-08-21;15358,059587319853;15358,059587319853;0,0;0
2019-08-22;15358,059587319853;15358,059587319853;0,0;0
2019-08-23;15358,059587319853;15358,059587319853;0,0;0
2019-08-26;15358,059587319853;15358,059587319853;0,0;0
2019-08-27;15358,059587319853;15358,059587319853;0,0;0
2019-08-28;15358,059587319853;15358,059587319853;0,0;0
2019-08-29;15358,059587319853;15358,059587319853;0,0;0
2019-08-30;15358,059587319853;15358,059587319853;0,0;0
2019-09-03;15358,059587319853;15358,059587319853;0,0;0
2019-09-04;15358,059587319853;15358,059587319853;0,0;0
2019-09-05;15358,059587319853;15358,059587319853;0,0;0
2019-09-06;15358,059587319853;15358,059587319853;0,0;0
2019-09-09;15358,059587319853;15358,059587319853;0,0;0
2019-09-10;15358,059587319853;15358,059587319853;0,0;0
2019-09-11;15358,059587319853;15358,059587319853;0,0;0
2019-09-12;15358,059587319853;15358,059587319853;0,0;0
2019-09-13;15358,059587319853;15358,059587319853;0,0;0
2019-09-16;15358,059587319853;15358,059587319853;0,0;0
2019-09-17;15358,059587319853;15358,059587319853;0,0;0
2019-09-18;15358,059587319853;15358,059587319853;0,0;0
2019-09-19;15358,059587319853;15358,059587319853;0,0;0
2019-09-20;15358,059587319853;15358,059587319853;0,0;0
2019-09-23;15358,059587319853;15358,059587319853;0,0;0
2019-09-24;15358,059587319853;15358,059587319853;0,0;0
2019-09-25;15358,059587319853;15358,059587319853;0,0;0
2019-09-26;15358,059587319853;15358,059587319853;0,0;0
2019-09-27;15358,059587319853;15358,059587319853;0,0;0
2019-09-30;15358,059587319853;15358,059587319853;0,0;0
2019-10-01;15358,059587319853;15358,059587319853;0,0;0
2019-10-02;15358,059587319853;15358,059587319853;0,0;0
2019-10-03;15358,059587319853;15358,059587319853;0,0;0
2019-10-04;15358,059587319853;15358,059587319853;0,0;0
2019-10-07;15358,059587319853;15358,059587319853;0,0;0
2019-10-08;15358,059587319853;15358,059587319853;0,0;0
2019-10-09;15358,059587319853;15358,059587319853;0,0;0
2019-10-10;15358,059587319853;15358,059587319853;0,0;0
2019-10-11;15358,059587319853;15358,059587319853;0,0;0
2019-10-14;15358,059587319853;15358,059587319853;0,0;0
2019-10-15;15358,059587319853;15358,059587319853;0,0;0
2019-10-16;15358,059587319853;15358,059587319853;0,0;0
2019-10-17;15358,059587319853;15358,059587319853;0,0;0
2019-10-18;15358,059587319853;15358,059587319853;0,0;0
2019-10-21;15358,059587319853;15358,059587319853;0,0;0
2019-10-22;15358,059587319853;15358,059587319853;0,0;0
2019-10-23;15358,059587319853;15358,059587319853;0,0;0
2019-10-24;15358,059587319853;15358,059587319853;0,0;0
2019-10-25;15358,059587319853;15358,059587319853;0,0;0
2019-10-28;15358,059587319853;15358,059587319853;0,0;0
2019-10-29;15358,059587319853;15358,059587319853;0,0;0
2019-10-30;15358,059587319853;15358,059587319853;0,0;0
2019-10-31;15358,059587319853;15358,059587319853;0,0;0
2019-11-01;15358,059587319853;15358,059587319853;0,0;0
2019-11-04;15358,059587319853;15358,059587319853;0,0;0
2019-11-05;15358,059587319853;15358,059587319853;0,0;0
2019-11-06;15358,059587319853;15358,059587319853;0,0;0
2019-11-07;15358,059587319853;15358,059587319853;0,0;0
2019-11-08;15358,059587319853;15358,059587319853;0,0;0
2019-11-11;15358,059587319853;15358,059587319853;0,0;0
2019-11-12;15358,059587319853;15358,059587319853;0,0;0
2019-11-13;15358,059587319853;15358,059587319853;0,0;0
2019-11-14;15358,059587319853;15358,059587319853;0,0;0
2019-11-15;15358,059587319853;15358,059587319853;0,0;0
2019-11-18;15358,059587319853;15358,059587319853;0,0;0
2019-11-19;15358,059587319853;15358,059587319853;0,0;0
2019-11-20;15358,059587319853;15358,059587319853;0,0;0
2019-11-21;15358,059587319853;15358,059587319853;0,0;0
2019-11-22;15358,059587319853;15358,059587319853;0,0;0
2019-11-25;15358,059587319853;15358,059587319853;0,0;0
2019-11-26;15358,059587319853;15358,059587319853;0,0;0
2019-11-27;15358,059587319853;15358,059587319853;0,0;0
2019-11-29;15358,059587319853;15358,059587319853;0,0;0
2019-12-02;15358,059587319853;15358,059587319853;0,0;0
2019-12-03;15358,059587319853;15358,059587319853;0,0;0
2019-12-04;15358,059587319853;15358,059587319853;0,0;0
2019-12-05;15358,059587319853;15358,059587319853;0,0;0
2019-12-06;15358,059587319853;15358,059587319853;0,0;0
2019-12-09;15358,059587319853;15358,059587319853;0,0;0
2019-12-10;15358,059587319853;15358,059587319853;0,0;0
2019-12-11;15358,059587319853;15358,059587319853;0,0;0
2019-12-12;15358,059587319853;15358,059587319853;0,0;0
2019-12-13;15358,059587319853;15358,059587319853;0,0;0
2019-12-16;15358,059587319853;15358,059587319853;0,0;0
2019-12-17;15358,059587319853;15358,059587319853;0,0;0
2019-12-18;15358,059587319853;15358,059587319853;0,0;0
2019-12-19;15358,059587319853;15358,059587319853;0,0;0
2019-12-20;15358,059587319853;15358,059587319853;0,0;0
2019-12-23;15358,059587319853;15358,059587319853;0,0;0
2019-12-24;15358,059587319853;15358,059587319853;0,0;0
2019-12-26;15358,059587319853;15358,059587319853;0,0;0
2019-12-27;15358,059587319853;15358,059587319853;0,0;0
2019-12-30;15358,059587319853;15358,059587319853;0,0;0
2019-12-31;15358,059587319853;15358,059587319853;0,0;0
2020-01-02;15358,059587319853;15358,059587319853;0,0;0
2020-01-03;15358,059587319853;15358,059587319853;0,0;0
2020-01-06;15358,059587319853;15358,059587319853;0,0;0
2020-01-07;15358,059587319853;15358,059587319853;0,0;0
2020-01-08;15358,059587319853;15358,059587319853;0,0;0
2020-01-09;15358,059587319853;15358,059587319853;0,0;0
2020-01-10;15358,059587319853;15358,059587319853;0,0;0
2020-01-13;15358,059587319853;15358,059587319853;0,0;0
2020-01-14;15358,059587319853;15358,059587319853;0,0;0
2020-01-15;15358,059587319853;15358,059587319853;0,0;0
2020-01-16;15358,059587319853;15358,059587319853;0,0;0
2020-01-17;15358,059587319853;15358,059587319853;0,0;0
2020-01-21;15358,059587319853;15358,059587319853;0,0;0
2020-01-22;15358,059587319853;15358,059587319853;0,0;0
2020-01-23;15358,059587319853;15358,059587319853;0,0;0
2020-01-24;15358,059587319853;15358,059587319853;0,0;0
2020-01-27;15358,059587319853;15358,059587319853;0,0;0
2020-01-28;15358,059587319853;15358,059587319853;0,0;0
2020-01-29;15358,059587319853;15358,059587319853;0,0;0
2020-01-30;15358,059587319853;15358,059587319853;0,0;0
2020-01-31;15358,059587319853;15358,059587319853;0,0;0
2020-02-03;15358,059587319853;15358,059587319853;0,0;0
2020-02-04;15358,059587319853;15358,059587319853;0,0;0
2020-02-05;15358,059587319853;15358,059587319853;0,0;0
2020-02-06;15358,059587319853;15358,059587319853;0,0;0
2020-02-07;15358,059587319853;15358,059587319853;0,0;0
2020-02-10;15358,059587319853;15358,059587319853;0,0;0
2020-02-11;15358,059587319853;15358,059587319853;0,0;0
2020-02-12;15358,059587319853;15358,059587319853;0,0;0
2020-02-13;15358,059587319853;15358,059587319853;0,0;0
2020-02-14;15358,059587319853;15358,059587319853;0,0;0
2020-02-18;15358,059587319853;15358,059587319853;0,0;0
2020-02-19;15358,059587319853;15358,059587319853;0,0;0
2020-02-20;15358,059587319853;15358,059587319853;0,0;0
2020-02-21;15358,059587319853;15358,059587319853;0,0;0
2020-02-24;15358,059587319853;15358,059587319853;0,0;0
2020-02-25;15358,059587319853;15358,059587319853;0,0;0
2020-02-26;15358,059587319853;15358,059587319853;0,0;0
2020-02-27;15358,059587319853;15358,059587319853;0,0;0
2020-02-28;15358,059587319853;15358,059587319853;0,0;0
2020-03-02;15358,059587319853;15358,059587319853;0,0;0
2020-03-03;15358,059587319853;15358,059587319853;0,0;0
2020-03-04;15358,059587319853;15358,059587319853;0,0;0
2020-03-05;15358,059587319853;15358,059587319853;0,0;0
2020-03-06;15358,059587319853;15358,059587319853;0,0;0
2020-03-09;15358,059587319853;15358,059587319853;0,0;0
2020-03-10;15358,059587319853;15358,059587319853;0,0;0
2020-03-11;15358,059587319853;15358,059587319853;0,0;0
2020-03-12;15358,059587319853;15358,059587319853;0,0;0
2020-03-13;15358,059587319853;15358,059587319853;0,0;0
2020-03-16;15358,059587319853;15358,059587319853;0,0;0
2020-03-17;15358,059587319853;15358,059587319853;0,0;0
2020-03-18;15358,059587319853;15358,059587319853;0,0;0
2020-03-19;15358,059587319853;15358,059587319853;0,0;0
2020-03-20;15358,059587319853;15358,059587319853;0,0;0
2020-03-23;15358,059587319853;15358,059587319853;0,0;0
2020-03-24;15358,059587319853;15358,059587319853;0,0;0
2020-03-25;15358,059587319853;15358,059587319853;0,0;0
2020-03-26;15358,059587319853;15358,059587319853;0,0;0
2020-03-27;15358,059587319853;15358,059587319853;0,0;0
2020-03-30;15358,059587319853;15358,059587319853;0,0;0
2020-03-31;15358,059587319853;15358,059587319853;0,0;0
2020-04-01;15358,059587319853;15358,059587319853;0,0;0
2020-04-02;15358,059587319853;15358,059587319853;0,0;0
2020-04-03;15358,059587319853;15358,059587319853;0,0;0
2020-04-06;15358,059587319853;15358,059587319853;0,0;0
2020-04-07;15358,059587319853;15358,059587319853;0,0;0
2020-04-08;15358,059587319853;15358,059587319853;0,0;0
2020-04-09;15358,059587319853;15358,059587319853;0,0;0
2020-04-13;15358,059587319853;15358,059587319853;0,0;0
2020-04-14;15358,059587319853;15358,059587319853;0,0;0
2020-04-15;15358,059587319853;15358,059587319853;0,0;0
2020-04-16;15358,059587319853;15358,059587319853;0,0;0
2020-04-17;15358,059587319853;15358,059587319853;0,0;0
2020-04-20;15358,059587319853;15358,059587319853;0,0;0
2020-04-21;15358,059587319853;15358,059587319853;0,0;0
2020-04-22;15358,059587319853;15358,059587319853;0,0;0
2020-04-23;15358,059587319853;15358,059587319853;0,0;0
2020-04-24;15358,059587319853;15358,059587319853;0,0;0
2020-04-27;15358,059587319853;15358,059587319853;0,0;0
2020-04-28;15358,059587319853;15358,059587319853;0,0;0
2020-04-29;15358,059587319853;15358,059587319853;0,0;0
2020-04-30;15358,059587319853;15358,059587319853;0,0;0
2020-05-01;15358,059587319853;15358,059587319853;0,0;0
2020-05-04;15358,059587319853;15358,059587319853;0,0;0
2020-05-05;15358,059587319853;15358,059587319853;0,0;0
2020-05-06;15358,059587319853;15358,059587319853;0,0;0
2020-05-07;15358,059587319853;15358,059587319853;0,0;0
2020-05-08;15358,059587319853;15358,059587319853;0,0;0
2020-05-11;15358,059587319853;15358,059587319853;0,0;0
2020-05-12;15358,059587319853;15358,059587319853;0,0;0
2020-05-13;15358,059587319853;15358,059587319853;0,0;0
2020-05-14;15358,059587319853;15358,059587319853;0,0;0
2020-05-15;15358,059587319853;15358,059587319853;0,0;0
2020-05-18;15358,059587319853;15358,059587319853;0,0;0
2020-05-19;15358,059587319853;15358,059587319853;0,0;0
2020-05-20;15358,059587319853;15358,059587319853;0,0;0
2020-05-21;15358,059587319853;15358,059587319853;0,0;0
2020-05-22;15358,059587319853;15358,059587319853;0,0;0
2020-05-26;15358,059587319853;15358,059587319853;0,0;0
2020-05-27;15358,059587319853;15358,059587319853;0,0;0
2020-05-28;15358,059587319853;15358,059587319853;0,0;0
2020-05-29;15358,059587319853;15358,059587319853;0,0;0
2020-06-01;15358,059587319853;15358,059587319853;0,0;0
2020-06-02;15358,059587319853;15358,059587319853;0,0;0
2020-06-03;15358,059587319853;15358,059587319853;0,0;0
2020-06-04;15358,059587319853;15358,059587319853;0,0;0
2020-06-05;15358,059587319853;15358,059587319853;0,0;0
2020-06-08;15358,059587319853;15358,059587319853;0,0;0
2020-06-09;15358,059587319853;15358,059587319853;0,0;0
2020-06-10;15358,059587319853;15358,059587319853;0,0;0
2020-06-11;15358,059587319853;15358,059587319853;0,0;0
2020-06-12;15358,059587319853;15358,059587319853;0,0;0
2020-06-15;15358,059587319853;15358,059587319853;0,0;0
2020-06-16;15358,059587319853;15358,059587319853;0,0;0
2020-06-17;15358,059587319853;15358,059587319853;0,0;0
2020-06-18;15358,059587319853;15358,059587319853;0,0;0
2020-06-19;15358,059587319853;15358,059587319853;0,0;0
2020-06-22;15358,059587319853;15358,059587319853;0,0;0
2020-06-23;15358,059587319853;15358,059587319853;0,0;0
2020-06-24;15358,059587319853;15358,059587319853;0,0;0
2020-06-25;15358,059587319853;15358,059587319853;0,0;0
2020-06-26;15358,059587319853;15358,059587319853;0,0;0
2020-06-29;15358,059587319853;15358,059587319853;0,0;0
2020-06-30;15358,059587319853;15358,059587319853;0,0;0
2020-07-01;15358,059587319853;15358,059587319853;0,0;0
2020-07-02;15358,059587319853;15358,059587319853;0,0;0
2020-07-06;15358,059587319853;15358,059587319853;0,0;0
2020-07-07;15358,059587319853;15358,059587319853;0,0;0
2020-07-08;15358,059587319853;15358,059587319853;0,0;0
2020-07-09;15358,059587319853;15358,059587319853;0,0;0
2020-07-10;15358,059587319853;15358,059587319853;0,0;0
2020-07-13;15358,059587319853;15358,059587319853;0,0;0
2020-07-14;15358,059587319853;15358,059587319853;0,0;0
2020-07-15;15358,059587319853;15358,059587319853;0,0;0
2020-07-16;15358,059587319853;15358,059587319853;0,0;0
2020-07-17;15358,059587319853;15358,059587319853;0,0;0
2020-07-20;15358,059587319853;15358,059587319853;0,0;0
2020-07-21;15358,059587319853;15358,059587319853;0,0;0
2020-07-22;15358,059587319853;15358,059587319853;0,0;0
2020-07-23;15358,059587319853;15358,059587319853;0,0;0
2020-07-24;15358,059587319853;15358,059587319853;0,0;0
2020-07-27;15358,059587319853;15358,059587319853;0,0;0
2020-07-28;15358,059587319853;15358,059587319853;0,0;0
2020-07-29;15358,059587319853;15358,059587319853;0,0;0
2020-07-30;15358,059587319853;15358,059587319853;0,0;0
2020-07-31;15358,059587319853;15358,059587319853;0,0;0
2020-08-03;15358,059587319853;15358,059587319853;0,0;0
2020-08-04;15358,059587319853;15358,059587319853;0,0;0
2020-08-05;15358,059587319853;15358,059587319853;0,0;0
2020-08-06;15358,059587319853;15358,059587319853;0,0;0
2020-08-07;15358,059587319853;15358,059587319853;0,0;0
2020-08-10;15358,059587319853;15358,059587319853;0,0;0
2020-08-11;15358,059587319853;15358,059587319853;0,0;0
2020-08-12;15358,059587319853;15358,059587319853;0,0;0
2020-08-13;15358,059587319853;15358,059587319853;0,0;0
2020-08-14;15358,059587319853;15358,059587319853;0,0;0
2020-08-17;15358,059587319853;15358,059587319853;0,0;0
2020-08-18;15358,059587319853;15358,059587319853;0,0;0
2020-08-19;15358,059587319853;15358,059587319853;0,0;0
2020-08-20;15358,059587319853;15358,059587319853;0,0;0
2020-08-21;15358,059587319853;15358,059587319853;0,0;0
2020-08-24;15358,059587319853;15358,059587319853;0,0;0
2020-08-25;15358,059587319853;15358,059587319853;0,0;0
2020-08-26;15358,059587319853;15358,059587319853;0,0;0
2020-08-27;15358,059587319853;15358,059587319853;0,0;0
2020-08-28;15358,059587319853;15358,059587319853;0,0;0
2020-08-31;15358,059587319853;15358,059587319853;0,0;0
2020-09-01;15358,059587319853;15358,059587319853;0,0;0
2020-09-02;15358,059587319853;15358,059587319853;0,0;0
2020-09-03;15358,059587319853;15358,059587319853;0,0;0
2020-09-04;15358,059587319853;15358,059587319853;0,0;0
2020-09-08;15358,059587319853;15358,059587319853;0,0;0
2020-09-09;15358,059587319853;15358,059587319853;0,0;0
2020-09-10;15358,059587319853;15358,059587319853;0,0;0
2020-09-11;15358,059587319853;15358,059587319853;0,0;0
2020-09-14;15358,059587319853;15358,059587319853;0,0;0
2020-09-15;15358,059587319853;15358,059587319853;0,0;0
2020-09-16;15358,059587319853;15358,059587319853;0,0;0
2020-09-17;15358,059587319853;15358,059587319853;0,0;0
2020-09-18;15358,059587319853;15358,059587319853;0,0;0
2020-09-21;15358,059587319853;15358,059587319853;0,0;0
2020-09-22;15358,059587319853;15358,059587319853;0,0;0
2020-09-23;15358,059587319853;15358,059587319853;0,0;0
2020-09-24;15358,059587319853;15358,059587319853;0,0;0
2020-09-25;15358,059587319853;15358,059587319853;0,0;0
2020-09-28;15358,059587319853;15358,059587319853;0,0;0
2020-09-29;15358,059587319853;15358,059587319853;0,0;0
2020-09-30;15358,059587319853;15358,059587319853;0,0;0
2020-10-01;15358,059587319853;15358,059587319853;0,0;0
2020-10-02;15358,059587319853;15358,059587319853;0,0;0
2020-10-05;15358,059587319853;15358,059587319853;0,0;0
2020-10-06;15358,059587319853;15358,059587319853;0,0;0
2020-10-07;15358,059587319853;15358,059587319853;0,0;0
2020-10-08;15358,059587319853;15358,059587319853;0,0;0
2020-10-09;15358,059587319853;15358,059587319853;0,0;0
2020-10-12;15358,059587319853;15358,059587319853;0,0;0
2020-10-13;15358,059587319853;15358,059587319853;0,0;0
2020-10-14;15358,059587319853;15358,059587319853;0,0;0
2020-10-15;15358,059587319853;15358,059587319853;0,0;0
2020-10-16;15358,059587319853;15358,059587319853;0,0;0
2020-10-19;15358,059587319853;15358,059587319853;0,0;0
2020-10-20;15358,059587319853;15358,059587319853;0,0;0
2020-10-21;15358,059587319853;15358,059587319853;0,0;0
2020-10-22;15358,059587319853;15358,059587319853;0,0;0
2020-10-23;15358,059587319853;15358,059587319853;0,0;0
2020-10-26;15358,059587319853;15358,059587319853;0,0;0
2020-10-27;15358,059587319853;15358,059587319853;0,0;0
2020-10-28;15358,059587319853;15358,059587319853;0,0;0
2020-10-29;15358,059587319853;15358,059587319853;0,0;0
2020-10-30;15358,059587319853;15358,059587319853;0,0;0
2020-11-02;15358,059587319853;15358,059587319853;0,0;0
2020-11-03;15358,059587319853;15358,059587319853;0,0;0
2020-11-04;15358,059587319853;15358,059587319853;0,0;0
2020-11-05;15358,059587319853;15358,059587319853;0,0;0
2020-11-06;15358,059587319853;15358,059587319853;0,0;0
2020-11-09;15358,059587319853;15358,059587319853;0,0;0
2020-11-10;15358,059587319853;15358,059587319853;0,0;0
2020-11-11;15358,059587319853;15358,059587319853;0,0;0
2020-11-12;15358,059587319853;15358,059587319853;0,0;0
2020-11-13;15358,059587319853;15358,059587319853;0,0;0
2020-11-16;15358,059587319853;15358,059587319853;0,0;0
2020-11-17;15358,059587319853;15358,059587319853;0,0;0
2020-11-18;15358,059587319853;15358,059587319853;0,0;0
2020-11-19;15358,059587319853;15358,059587319853;0,0;0
2020-11-20;15358,059587319853;15358,059587319853;0,0;0
2020-11-23;15358,059587319853;15358,059587319853;0,0;0
2020-11-24;15358,059587319853;15358,059587319853;0,0;0
2020-11-25;15358,059587319853;15358,059587319853;0,0;0
2020-11-27;15358,059587319853;15358,059587319853;0,0;0
2020-11-30;15358,059587319853;15358,059587319853;0,0;0
2020-12-01;15358,059587319853;15358,059587319853;0,0;0
2020-12-02;15358,059587319853;15358,059587319853;0,0;0
2020-12-03;15358,059587319853;15358,059587319853;0,0;0
2020-12-04;15358,059587319853;15358,059587319853;0,0;0
2020-12-07;15358,059587319853;15358,059587319853;0,0;0
2020-12-08;15358,059587319853;15358,059587319853;0,0;0
2020-12-09;15358,059587319853;15358,059587319853;0,0;0
2020-12-10;15358,059587319853;15358,059587319853;0,0;0
2020-12-11;15358,059587319853;15358,059587319853;0,0;0
2020-12-14;15358,059587319853;15358,059587319853;0,0;0
2020-12-15;15358,059587319853;15358,059587319853;0,0;0
2020-12-16;15358,059587319853;15358,059587319853;0,0;0
2020-12-17;15358,059587319853;15358,059587319853;0,0;0
2020-12-18;15358,059587319853;15358,059587319853;0,0;0
2020-12-21;15358,059587319853;15358,059587319853;0,0;0
2020-12-22;15358,059587319853;15358,059587319853;0,0;0
2020-12-23;15358,059587319853;15358,059587319853;0,0;0
2020-12-24;15358,059587319853;15358,059587319853;0,0;0
2020-12-28;15358,059587319853;15358,059587319853;0,0;0
2020-12-29;15358,059587319853;15358,059587319853;0,0;0
2020-12-30;15358,059587319853;15358,059587319853;0,0;0
2020-12-31;15358,059587319853;15358,059587319853;0,0;0
2021-01-04;15358,059587319853;15358,059587319853;0,0;0
2021-01-05;15358,059587319853;15358,059587319853;0,0;0
2021-01-06;15358,059587319853;15358,059587319853;0,0;0
2021-01-07;15358,059587319853;15358,059587319853;0,0;0
2021-01-08;15358,059587319853;15358,059587319853;0,0;0
2021-01-11;15358,059587319853;15358,059587319853;0,0;0
2021-01-12;15358,059587319853;15358,059587319853;0,0;0
2021-01-13;15358,059587319853;15358,059587319853;0,0;0
2021-01-14;15358,059587319853;15358,059587319853;0,0;0
2021-01-15;15358,059587319853;15358,059587319853;0,0;0
2021-01-19;15358,059587319853;15358,059587319853;0,0;0
2021-01-20;15358,059587319853;15358,059587319853;0,0;0
2021-01-21;15358,059587319853;15358,059587319853;0,0;0
2021-01-22;15358,059587319853;15358,059587319853;0,0;0
2021-01-25;15358,059587319853;15358,059587319853;0,0;0
2021-01-26;15358,059587319853;15358,059587319853;0,0;0
2021-01-27;15358,059587319853;15358,059587319853;0,0;0
2021-01-28;15358,059587319853;15358,059587319853;0,0;0
2021-01-29;15358,059587319853;15358,059587319853;0,0;0
2021-02-01;15358,059587319853;15358,059587319853;0,0;0
2021-02-02;15358,059587319853;15358,059587319853;0,0;0
2021-02-03;15358,059587319853;15358,059587319853;0,0;0
2021-02-04;15358,059587319853;15358,059587319853;0,0;0
2021-02-05;15358,059587319853;15358,059587319853;0,0;0
2021-02-08;15358,059587319853;15358,059587319853;0,0;0
2021-02-09;15358,059587319853;15358,059587319853;0,0;0
2021-02-10;15358,059587319853;15358,059587319853;0,0;0
2021-02-11;15358,059587319853;15358,059587319853;0,0;0
2021-02-12;15358,059587319853;15358,059587319853;0,0;0
2021-02-16;15358,059587319853;15358,059587319853;0,0;0
2021-02-17;15358,059587319853;15358,059587319853;0,0;0
2021-02-18;15358,059587319853;15358,059587319853;0,0;0
2021-02-19;15358,059587319853;15358,059587319853;0,0;0
2021-02-22;15358,059587319853;15358,059587319853;0,0;0
2021-02-23;15358,059587319853;15358,059587319853;0,0;0
2021-02-24;15358,059587319853;15358,059587319853;0,0;0
2021-02-25;15358,059587319853;15358,059587319853;0,0;0
2021-02-26;15358,059587319853;15358,059587319853;0,0;0
2021-03-01;15358,059587319853;15358,059587319853;0,0;0
2021-03-02;15358,059587319853;15358,059587319853;0,0;0
2021-03-03;15358,059587319853;15358,059587319853;0,0;0
2021-03-04;15358,059587319853;15358,059587319853;0,0;0
2021-03-05;15358,059587319853;15358,059587319853;0,0;0
2021-03-08;15358,059587319853;15358,059587319853;0,0;0
2021-03-09;15358,059587319853;15358,059587319853;0,0;0
2021-03-10;15358,059587319853;15358,059587319853;0,0;0
2021-03-11;15358,059587319853;15358,059587319853;0,0;0
2021-03-12;15358,059587319853;15358,059587319853;0,0;0
2021-03-15;15358,059587319853;15358,059587319853;0,0;0
2021-03-16;15358,059587319853;15358,059587319853;0,0;0
2021-03-17;15358,059587319853;15358,059587319853;0,0;0
2021-03-18;15358,059587319853;15358,059587319853;0,0;0
2021-03-19;15358,059587319853;15358,059587319853;0,0;0
2021-03-22;15358,059587319853;15358,059587319853;0,0;0
2021-03-23;15358,059587319853;15358,059587319853;0,0;0
2021-03-24;15358,059587319853;15358,059587319853;0,0;0
2021-03-25;15358,059587319853;15358,059587319853;0,0;0
2021-03-26;15358,059587319853;15358,059587319853;0,0;0
2021-03-29;15358,059587319853;15358,059587319853;0,0;0
2021-03-30;15358,059587319853;15358,059587319853;0,0;0
2021-03-31;15358,059587319853;15358,059587319853;0,0;0
2021-04-01;15358,059587319853;15358,059587319853;0,0;0
2021-04-05;15358,059587319853;15358,059587319853;0,0;0
2021-04-06;15358,059587319853;15358,059587319853;0,0;0
2021-04-07;15358,059587319853;15358,059587319853;0,0;0
2021-04-08;15358,059587319853;15358,059587319853;0,0;0
2021-04-09;15358,059587319853;15358,059587319853;0,0;0
2021-04-12;15358,059587319853;15358,059587319853;0,0;0
2021-04-13;15358,059587319853;15358,059587319853;0,0;0
2021-04-14;15358,059587319853;15358,059587319853;0,0;0
2021-04-15;15358,059587319853;15358,059587319853;0,0;0
2021-04-16;15358,059587319853;15358,059587319853;0,0;0
2021-04-19;15358,059587319853;15358,059587319853;0,0;0
2021-04-20;15358,059587319853;15358,059587319853;0,0;0
2021-04-21;15358,059587319853;15358,059587319853;0,0;0
2021-04-22;15358,059587319853;15358,059587319853;0,0;0
2021-04-23;15358,059587319853;15358,059587319853;0,0;0
2021-04-26;15358,059587319853;15358,059587319853;0,0;0
2021-04-27;15358,059587319853;15358,059587319853;0,0;0
2021-04-28;15358,059587319853;15358,059587319853;0,0;0
2021-04-29;15358,059587319853;15358,059587319853;0,0;0
2021-04-30;15358,059587319853;15358,059587319853;0,0;0
2021-05-03;15358,059587319853;15358,059587319853;0,0;0
2021-05-04;15358,059587319853;15358,059587319853;0,0;0
2021-05-05;15358,059587319853;15358,059587319853;0,0;0
2021-05-06;15358,059587319853;15358,059587319853;0,0;0
2021-05-07;15358,059587319853;15358,059587319853;0,0;0
2021-05-10;15358,059587319853;15358,059587319853;0,0;0
2021-05-11;15358,059587319853;15358,059587319853;0,0;0
2021-05-12;15358,059587319853;15358,059587319853;0,0;0
2021-05-13;15358,059587319853;15358,059587319853;0,0;0
2021-05-14;15358,059587319853;15358,059587319853;0,0;0
2021-05-17;15358,059587319853;15358,059587319853;0,0;0
2021-05-18;15358,059587319853;15358,059587319853;0,0;0
2021-05-19;15358,059587319853;15358,059587319853;0,0;0
2021-05-20;15358,059587319853;15358,059587319853;0,0;0
2021-05-21;15358,059587319853;15358,059587319853;0,0;0
2021-05-24;15358,059587319853;15358,059587319853;0,0;0
2021-05-25;15358,059587319853;15358,059587319853;0,0;0
2021-05-26;15358,059587319853;15358,059587319853;0,0;0
2021-05-27;15358,059587319853;15358,059587319853;0,0;0
2021-05-28;15358,059587319853;15358,059587319853;0,0;0
2021-06-01;15358,059587319853;15358,059587319853;0,0;0
2021-06-02;15358,059587319853;15358,059587319853;0,0;0
2021-06-03;15358,059587319853;15358,059587319853;0,0;0
2021-06-04;15358,059587319853;15358,059587319853;0,0;0
2021-06-07;15358,059587319853;15358,059587319853;0,0;0
2021-06-08;15358,059587319853;15358,059587319853;0,0;0
2021-06-09;15358,059587319853;15358,059587319853;0,0;0
2021-06-10;15358,059587319853;15358,059587319853;0,0;0
2021-06-11;15358,059587319853;15358,059587319853;0,0;0
2021-06-14;15358,059587319853;15358,059587319853;0,0;0
2021-06-15;15358,059587319853;15358,059587319853;0,0;0
2021-06-16;15358,059587319853;15358,059587319853;0,0;0
2021-06-17;15358,059587319853;15358,059587319853;0,0;0
2021-06-18;15358,059587319853;15358,059587319853;0,0;0
2021-06-21;15358,059587319853;15358,059587319853;0,0;0
2021-06-22;15358,059587319853;15358,059587319853;0,0;0
2021-06-23;15358,059587319853;15358,059587319853;0,0;0
2021-06-24;15358,059587319853;15358,059587319853;0,0;0
2021-06-25;15358,059587319853;15358,059587319853;0,0;0
2021-06-28;15358,059587319853;15358,059587319853;0,0;0
2021-06-29;15358,059587319853;15358,059587319853;0,0;0
2021-06-30;15358,059587319853;15358,059587319853;0,0;0
2021-07-01;15358,059587319853;15358,059587319853;0,0;0
2021-07-02;15358,059587319853;15358,059587319853;0,0;0
2021-07-06;15358,059587319853;15358,059587319853;0,0;0
2021-07-07;15358,059587319853;15358,059587319853;0,0;0
2021-07-08;15358,059587319853;15358,059587319853;0,0;0
2021-07-09;15358,059587319853;15358,059587319853;0,0;0
2021-07-12;15358,059587319853;15358,059587319853;0,0;0
2021-07-13;15358,059587319853;15358,059587319853;0,0;0
2021-07-14;15358,059587319853;15358,059587319853;0,0;0
2021-07-15;15358,059587319853;15358,059587319853;0,0;0
2021-07-16;15358,059587319853;15358,059587319853;0,0;0
2021-07-19;15358,059587319853;15358,059587319853;0,0;0
2021-07-20;15358,059587319853;15358,059587319853;0,0;0
2021-07-21;15358,059587319853;15358,059587319853;0,0;0
2021-07-22;15358,059587319853;15358,059587319853;0,0;0
2021-07-23;15358,059587319853;15358,059587319853;0,0;0
2021-07-26;15358,059587319853;15358,059587319853;0,0;0
2021-07-27;15358,059587319853;15358,059587319853;0,0;0
2021-07-28;15358,059587319853;15358,059587319853;0,0;0
2021-07-29;15358,059587319853;15358,059587319853;0,0;0
2021-07-30;15358,059587319853;15358,059587319853;0,0;0
2021-08-02;15358,059587319853;15358,059587319853;0,0;0
2021-08-03;15358,059587319853;15358,059587319853;0,0;0
2021-08-04;15358,059587319853;15358,059587319853;0,0;0
2021-08-05;15358,059587319853;15358,059587319853;0,0;0
2021-08-06;15358,059587319853;15358,059587319853;0,0;0
2021-08-09;15358,059587319853;15358,059587319853;0,0;0
2021-08-10;15358,059587319853;15358,059587319853;0,0;0
2021-08-11;15358,059587319853;15358,059587319853;0,0;0
2021-08-12;15358,059587319853;15358,059587319853;0,0;0
2021-08-13;15358,059587319853;15358,059587319853;0,0;0
2021-08-16;15358,059587319853;15358,059587319853;0,0;0
2021-08-17;15358,059587319853;15358,059587319853;0,0;0
2021-08-18;15358,059587319853;15358,059587319853;0,0;0
2021-08-19;15358,059587319853;15358,059587319853;0,0;0
2021-08-20;15358,059587319853;15358,059587319853;0,0;0
2021-08-23;15358,059587319853;15358,059587319853;0,0;0
2021-08-24;15358,059587319853;15358,059587319853;0,0;0
2021-08-25;15358,059587319853;15358,059587319853;0,0;0
2021-08-26;15358,059587319853;15358,059587319853;0,0;0
2021-08-27;15358,059587319853;15358,059587319853;0,0;0
2021-08-30;15358,059587319853;15358,059587319853;0,0;0
2021-08-31;15358,059587319853;15358,059587319853;0,0;0
2021-09-01;15358,059587319853;15358,059587319853;0,0;0
2021-09-02;15358,059587319853;15358,059587319853;0,0;0
2021-09-03;15358,059587319853;15358,059587319853;0,0;0
2021-09-07;15358,059587319853;15358,059587319853;0,0;0
2021-09-08;15358,059587319853;15358,059587319853;0,0;0
2021-09-09;15358,059587319853;15358,059587319853;0,0;0
2021-09-10;15358,059587319853;15358,059587319853;0,0;0
2021-09-13;15358,059587319853;15358,059587319853;0,0;0
2021-09-14;15358,059587319853;15358,059587319853;0,0;0
2021-09-15;15358,059587319853;15358,059587319853;0,0;0
2021-09-16;15358,059587319853;15358,059587319853;0,0;0
2021-09-17;15358,059587319853;15358,059587319853;0,0;0
2021-09-20;15358,059587319853;15358,059587319853;0,0;0
2021-09-21;15358,059587319853;15358,059587319853;0,0;0
2021-09-22;15358,059587319853;15358,059587319853;0,0;0
2021-09-23;15358,059587319853;15358,059587319853;0,0;0
2021-09-24;15358,059587319853;15358,059587319853;0,0;0
2021-09-27;15358,059587319853;15358,059587319853;0,0;0
2021-09-28;15358,059587319853;15358,059587319853;0,0;0
2021-09-29;15358,059587319853;15358,059587319853;0,0;0
2021-09-30;15358,059587319853;15358,059587319853;0,0;0
2021-10-01;15358,059587319853;15358,059587319853;0,0;0
2021-10-04;15358,059587319853;15358,059587319853;0,0;0
2021-10-05;15358,059587319853;15358,059587319853;0,0;0
2021-10-06;15358,059587319853;15358,059587319853;0,0;0
2021-10-07;15358,059587319853;15358,059587319853;0,0;0
2021-10-08;15358,059587319853;15358,059587319853;0,0;0
2021-10-11;15358,059587319853;15358,059587319853;0,0;0
2021-10-12;15358,059587319853;15358,059587319853;0,0;0
2021-10-13;15358,059587319853;15358,059587319853;0,0;0
2021-10-14;15358,059587319853;15358,059587319853;0,0;0
2021-10-15;15358,059587319853;15358,059587319853;0,0;0
2021-10-18;15358,059587319853;15358,059587319853;0,0;0
2021-10-19;15358,059587319853;15358,059587319853;0,0;0
2021-10-20;15358,059587319853;15358,059587319853;0,0;0
2021-10-21;15358,059587319853;15358,059587319853;0,0;0
2021-10-22;15358,059587319853;15358,059587319853;0,0;0
2021-10-25;15358,059587319853;15358,059587319853;0,0;0
2021-10-26;15358,059587319853;15358,059587319853;0,0;0
2021-10-27;15358,059587319853;15358,059587319853;0,0;0
2021-10-28;15358,059587319853;15358,059587319853;0,0;0
2021-10-29;15358,059587319853;15358,059587319853;0,0;0
2021-11-01;15358,059587319853;15358,059587319853;0,0;0
2021-11-02;15358,059587319853;15358,059587319853;0,0;0
2021-11-03;15358,059587319853;15358,059587319853;0,0;0
2021-11-04;15358,059587319853;15358,059587319853;0,0;0
2021-11-05;15358,059587319853;15358,059587319853;0,0;0
2021-11-08;15358,059587319853;15358,059587319853;0,0;0
2021-11-09;15358,059587319853;15358,059587319853;0,0;0
2021-11-10;15358,059587319853;15358,059587319853;0,0;0
2021-11-11;15358,059587319853;15358,059587319853;0,0;0
2021-11-12;15358,059587319853;15358,059587319853;0,0;0
2021-11-15;15358,059587319853;15358,059587319853;0,0;0
2021-11-16;15358,059587319853;15358,059587319853;0,0;0
2021-11-17;15358,059587319853;15358,059587319853;0,0;0
2021-11-18;15358,059587319853;15358,059587319853;0,0;0
2021-11-19;15358,059587319853;15358,059587319853;0,0;0
2021-11-22;15358,059587319853;15358,059587319853;0,0;0
2021-11-23;15358,059587319853;15358,059587319853;0,0;0
2021-11-24;15358,059587319853;15358,059587319853;0,0;0
2021-11-26;15358,059587319853;15358,059587319853;0,0;0
2021-11-29;15358,059587319853;15358,059587319853;0,0;0
2021-11-30;15358,059587319853;15358,059587319853;0,0;0
2021-12-01;15358,059587319853;15358,059587319853;0,0;0
2021-12-02;15358,059587319853;15358,059587319853;0,0;0
2021-12-03;15358,059587319853;15358,059587319853;0,0;0
2021-12-06;15358,059587319853;15358,059587319853;0,0;0
2021-12-07;15358,059587319853;15358,059587319853;0,0;0
2021-12-08;15358,059587319853;15358,059587319853;0,0;0
2021-12-09;15358,059587319853;15358,059587319853;0,0;0
2021-12-10;15358,059587319853;15358,059587319853;0,0;0
2021-12-13;15358,059587319853;15358,059587319853;0,0;0
2021-12-14;15358,059587319853;15358,059587319853;0,0;0
2021-12-15;15358,059587319853;15358,059587319853;0,0;0
2021-12-16;15358,059587319853;15358,059587319853;0,0;0
2021-12-17;15358,059587319853;15358,059587319853;0,0;0
2021-12-20;15358,059587319853;15358,059587319853;0,0;0
2021-12-21;15358,059587319853;15358,059587319853;0,0;0
2021-12-22;15358,059587319853;15358,059587319853;0,0;0
2021-12-23;15358,059587319853;15358,059587319853;0,0;0
2021-12-27;15358,059587319853;15358,059587319853;0,0;0
2021-12-28;15358,059587319853;15358,059587319853;0,0;0
2021-12-29;15358,059587319853;15358,059587319853;0,0;0
2021-12-30;15358,059587319853;15358,059587319853;0,0;0
2021-12-31;15358,059587319853;15358,059587319853;0,0;0
2022-01-03;15358,059587319853;15358,059587319853;0,0;0
2022-01-04;15358,059587319853;15358,059587319853;0,0;0
2022-01-05;15358,059587319853;15358,059587319853;0,0;0
2022-01-06;15358,059587319853;15358,059587319853;0,0;0
2022-01-07;15358,059587319853;15358,059587319853;0,0;0
2022-01-10;15358,059587319853;15358,059587319853;0,0;0
2022-01-11;15358,059587319853;15358,059587319853;0,0;0
2022-01-12;15358,059587319853;15358,059587319853;0,0;0
2022-01-13;15358,059587319853;15358,059587319853;0,0;0
2022-01-14;15358,059587319853;15358,059587319853;0,0;0
2022-01-18;15358,059587319853;15358,059587319853;0,0;0
2022-01-19;15358,059587319853;15358,059587319853;0,0;0
2022-01-20;15358,059587319853;15358,059587319853;0,0;0
2022-01-21;15358,059587319853;15358,059587319853;0,0;0
2022-01-24;15358,059587319853;15358,059587319853;0,0;0
2022-01-25;15358,059587319853;15358,059587319853;0,0;0
2022-01-26;15358,059587319853;15358,059587319853;0,0;0
2022-01-27;15358,059587319853;15358,059587319853;0,0;0
2022-01-28;15358,059587319853;15358,059587319853;0,0;0
2022-01-31;15358,059587319853;15358,059587319853;0,0;0
2022-02-01;15358,059587319853;15358,059587319853;0,0;0
2022-02-02;15358,059587319853;15358,059587319853;0,0;0
2022-02-03;15358,059587319853;15358,059587319853;0,0;0
2022-02-04;15358,059587319853;15358,059587319853;0,0;0
2022-02-07;15358,059587319853;15358,059587319853;0,0;0
2022-02-08;15358,059587319853;15358,059587319853;0,0;0
2022-02-09;15358,059587319853;15358,059587319853;0,0;0
2022-02-10;15358,059587319853;15358,059587319853;0,0;0
2022-02-11;15358,059587319853;15358,059587319853;0,0;0
2022-02-14;15358,059587319853;15358,059587319853;0,0;0
2022-02-15;15358,059587319853;15358,059587319853;0,0;0
2022-02-16;15358,059587319853;15358,059587319853;0,0;0
2022-02-17;15358,059587319853;15358,059587319853;0,0;0
2022-02-18;15358,059587319853;15358,059587319853;0,0;0
2022-02-22;15358,059587319853;15358,059587319853;0,0;0
2022-02-23;15358,059587319853;15358,059587319853;0,0;0
2022-02-24;15358,059587319853;15358,059587319853;0,0;0
2022-02-25;15358,059587319853;15358,059587319853;0,0;0
2022-02-28;15358,059587319853;15358,059587319853;0,0;0
2022-03-01;15358,059587319853;15358,059587319853;0,0;0
2022-03-02;15358,059587319853;15358,059587319853;0,0;0
2022-03-03;15358,059587319853;15358,059587319853;0,0;0
2022-03-04;15358,059587319853;15358,059587319853;0,0;0
2022-03-07;15358,059587319853;15358,059587319853;0,0;0
2022-03-08;15358,059587319853;15358,059587319853;0,0;0
2022-03-09;15358,059587319853;15358,059587319853;0,0;0
2022-03-10;15358,059587319853;15358,059587319853;0,0;0
2022-03-11;15358,059587319853;15358,059587319853;0,0;0
2022-03-14;15358,059587319853;15358,059587319853;0,0;0
2022-03-15;15358,059587319853;15358,059587319853;0,0;0
2022-03-16;15358,059587319853;15358,059587319853;0,0;0
2022-03-17;15358,059587319853;15358,059587319853;0,0;0
2022-03-18;15358,059587319853;15358,059587319853;0,0;0
2022-03-21;15358,059587319853;15358,059587319853;0,0;0
2022-03-22;15358,059587319853;15358,059587319853;0,0;0
2022-03-23;15358,059587319853;15358,059587319853;0,0;0
2022-03-24;15358,059587319853;15358,059587319853;0,0;0
2022-03-25;15358,059587319853;15358,059587319853;0,0;0
2022-03-28;15358,059587319853;15358,059587319853;0,0;0
2022-03-29;15358,059587319853;15358,059587319853;0,0;0
2022-03-30;15358,059587319853;15358,059587319853;0,0;0
2022-03-31;15358,059587319853;15358,059587319853;0,0;0
2022-04-01;15358,059587319853;15358,059587319853;0,0;0
2022-04-04;15358,059587319853;15358,059587319853;0,0;0
2022-04-05;15358,059587319853;15358,059587319853;0,0;0
2022-04-06;15358,059587319853;15358,059587319853;0,0;0
2022-04-07;15358,059587319853;15358,059587319853;0,0;0
2022-04-08;15358,059587319853;15358,059587319853;0,0;0
2022-04-11;15358,059587319853;15358,059587319853;0,0;0
2022-04-12;15358,059587319853;15358,059587319853;0,0;0
2022-04-13;15358,059587319853;15358,059587319853;0,0;0
2022-04-14;15358,059587319853;15358,059587319853;0,0;0
2022-04-18;15358,059587319853;15358,059587319853;0,0;0
2022-04-19;15358,059587319853;15358,059587319853;0,0;0
2022-04-20;15358,059587319853;15358,059587319853;0,0;0
2022-04-21;15358,059587319853;15358,059587319853;0,0;0
2022-04-22;15358,059587319853;15358,059587319853;0,0;0
2022-04-25;15358,059587319853;15358,059587319853;0,0;0
2022-04-26;15358,059587319853;15358,059587319853;0,0;0
2022-04-27;15358,059587319853;15358,059587319853;0,0;0
2022-04-28;15358,059587319853;15358,059587319853;0,0;0
2022-04-29;15358,059587319853;15358,059587319853;0,0;0
2022-05-02;15358,059587319853;15358,059587319853;0,0;0
2022-05-03;15358,059587319853;15358,059587319853;0,0;0
2022-05-04;15358,059587319853;15358,059587319853;0,0;0
2022-05-05;15358,059587319853;15358,059587319853;0,0;0
2022-05-06;15358,059587319853;15358,059587319853;0,0;0
2022-05-09;15358,059587319853;15358,059587319853;0,0;0
2022-05-10;15358,059587319853;15358,059587319853;0,0;0
2022-05-11;15358,059587319853;15358,059587319853;0,0;0
2022-05-12;15358,059587319853;15358,059587319853;0,0;0
2022-05-13;15358,059587319853;15358,059587319853;0,0;0
2022-05-16;15358,059587319853;15358,059587319853;0,0;0
2022-05-17;15358,059587319853;15358,059587319853;0,0;0
2022-05-18;15358,059587319853;15358,059587319853;0,0;0
2022-05-19;15358,059587319853;15358,059587319853;0,0;0
2022-05-20;15358,059587319853;15358,059587319853;0,0;0
2022-05-23;15358,059587319853;15358,059587319853;0,0;0
2022-05-24;15358,059587319853;15358,059587319853;0,0;0
2022-05-25;15358,059587319853;15358,059587319853;0,0;0
2022-05-26;15358,059587319853;15358,059587319853;0,0;0
2022-05-27;15358,059587319853;15358,059587319853;0,0;0
2022-05-31;15358,059587319853;15358,059587319853;0,0;0
2022-06-01;15358,059587319853;15358,059587319853;0,0;0
2022-06-02;15358,059587319853;15358,059587319853;0,0;0
2022-06-03;15358,059587319853;15358,059587319853;0,0;0
2022-06-06;15358,059587319853;15358,059587319853;0,0;0
2022-06-07;15358,059587319853;15358,059587319853;0,0;0
2022-06-08;15358,059587319853;15358,059587319853;0,0;0
2022-06-09;15358,059587319853;15358,059587319853;0,0;0
2022-06-10;15358,059587319853;15358,059587319853;0,0;0
2022-06-13;15358,059587319853;15358,059587319853;0,0;0
2022-06-14;15358,059587319853;15358,059587319853;0,0;0
2022-06-15;15358,059587319853;15358,059587319853;0,0;0
2022-06-16;15358,059587319853;15358,059587319853;0,0;0
2022-06-17;15358,059587319853;15358,059587319853;0,0;0
2022-06-21;15358,059587319853;15358,059587319853;0,0;0
2022-06-22;15358,059587319853;15358,059587319853;0,0;0
2022-06-23;15358,059587319853;15358,059587319853;0,0;0
2022-06-24;15358,059587319853;15358,059587319853;0,0;0
2022-06-27;15358,059587319853;15358,059587319853;0,0;0
2022-06-28;15358,059587319853;15358,059587319853;0,0;0
2022-06-29;15358,059587319853;15358,059587319853;0,0;0
2022-06-30;15358,059587319853;15358,059587319853;0,0;0
2022-07-01;15358,059587319853;15358,059587319853;0,0;0
2022-07-05;15358,059587319853;15358,059587319853;0,0;0
2022-07-06;15358,059587319853;15358,059587319853;0,0;0
2022-07-07;15358,059587319853;15358,059587319853;0,0;0
2022-07-08;15358,059587319853;15358,059587319853;0,0;0
2022-07-11;15358,059587319853;15358,059587319853;0,0;0
2022-07-12;15358,059587319853;15358,059587319853;0,0;0
2022-07-13;15358,059587319853;15358,059587319853;0,0;0
2022-07-14;15358,059587319853;15358,059587319853;0,0;0
2022-07-15;15358,059587319853;15358,059587319853;0,0;0
2022-07-18;15358,059587319853;15358,059587319853;0,0;0
2022-07-19;15358,059587319853;15358,059587319853;0,0;0
2022-07-20;15358,059587319853;15358,059587319853;0,0;0
2022-07-21;15358,059587319853;15358,059587319853;0,0;0
2022-07-22;15358,059587319853;15358,059587319853;0,0;0
2022-07-25;15358,059587319853;15358,059587319853;0,0;0
2022-07-26;15358,059587319853;15358,059587319853;0,0;0
2022-07-27;15358,059587319853;15358,059587319853;0,0;0
2022-07-28;15358,059587319853;15358,059587319853;0,0;0
2022-07-29;15358,059587319853;15358,059587319853;0,0;0
2022-08-01;15358,059587319853;15358,059587319853;0,0;0
2022-08-02;15358,059587319853;15358,059587319853;0,0;0
2022-08-03;15358,059587319853;15358,059587319853;0,0;0
2022-08-04;15358,059587319853;15358,059587319853;0,0;0
2022-08-05;15358,059587319853;15358,059587319853;0,0;0
2022-08-08;15358,059587319853;15358,059587319853;0,0;0
2022-08-09;15358,059587319853;15358,059587319853;0,0;0
2022-08-10;15358,059587319853;15358,059587319853;0,0;0
2022-08-11;15358,059587319853;15358,059587319853;0,0;0
2022-08-12;15358,059587319853;15358,059587319853;0,0;0
2022-08-15;15358,059587319853;15358,059587319853;0,0;0
2022-08-16;15358,059587319853;15358,059587319853;0,0;0
2022-08-17;15358,059587319853;15358,059587319853;0,0;0
2022-08-18;15358,059587319853;15358,059587319853;0,0;0
2022-08-19;15358,059587319853;15358,059587319853;0,0;0
2022-08-22;15358,059587319853;15358,059587319853;0,0;0
2022-08-23;15358,059587319853;15358,059587319853;0,0;0
2022-08-24;15358,059587319853;15358,059587319853;0,0;0
2022-08-25;15358,059587319853;15358,059587319853;0,0;0
2022-08-26;15358,059587319853;15358,059587319853;0,0;0
2022-08-29;15358,059587319853;15358,059587319853;0,0;0
2022-08-30;15358,059587319853;15358,059587319853;0,0;0
2022-08-31;15358,059587319853;15358,059587319853;0,0;0
2022-09-01;15358,059587319853;15358,059587319853;0,0;0
2022-09-02;15358,059587319853;15358,059587319853;0,0;0
2022-09-06;15358,059587319853;15358,059587319853;0,0;0
2022-09-07;15358,059587319853;15358,059587319853;0,0;0
2022-09-08;15358,059587319853;15358,059587319853;0,0;0
2022-09-09;15358,059587319853;15358,059587319853;0,0;0
2022-09-12;15358,059587319853;15358,059587319853;0,0;0
2022-09-13;15358,059587319853;15358,059587319853;0,0;0
2022-09-14;15358,059587319853;15358,059587319853;0,0;0
2022-09-15;15358,059587319853;15358,059587319853;0,0;0
2022-09-16;15358,059587319853;15358,059587319853;0,0;0
2022-09-19;15358,059587319853;15358,059587319853;0,0;0
2022-09-20;15358,059587319853;15358,059587319853;0,0;0
2022-09-21;15358,059587319853;15358,059587319853;0,0;0
2022-09-22;15358,059587319853;15358,059587319853;0,0;0
2022-09-23;15358,059587319853;15358,059587319853;0,0;0
2022-09-26;15358,059587319853;15358,059587319853;0,0;0
2022-09-27;15358,059587319853;15358,059587319853;0,0;0
2022-09-28;15358,059587319853;15358,059587319853;0,0;0
2022-09-29;15358,059587319853;15358,059587319853;0,0;0
2022-09-30;15358,059587319853;15358,059587319853;0,0;0
2022-10-03;15358,059587319853;15358,059587319853;0,0;0
2022-10-04;15358,059587319853;15358,059587319853;0,0;0
2022-10-05;15358,059587319853;15358,059587319853;0,0;0
2022-10-06;15358,059587319853;15358,059587319853;0,0;0
2022-10-07;15358,059587319853;15358,059587319853;0,0;0
2022-10-10;15358,059587319853;15358,059587319853;0,0;0
2022-10-11;15358,059587319853;15358,059587319853;0,0;0
2022-10-12;15358,059587319853;15358,059587319853;0,0;0
2022-10-13;15358,059587319853;15358,059587319853;0,0;0
2022-10-14;15358,059587319853;15358,059587319853;0,0;0
2022-10-17;15358,059587319853;15358,059587319853;0,0;0
2022-10-18;15358,059587319853;15358,059587319853;0,0;0
2022-10-19;15358,059587319853;15358,059587319853;0,0;0
2022-10-20;15358,059587319853;15358,059587319853;0,0;0
2022-10-21;15358,059587319853;15358,059587319853;0,0;0
2022-10-24;15358,059587319853;15358,059587319853;0,0;0
2022-10-25;15358,059587319853;15358,059587319853;0,0;0
2022-10-26;15358,059587319853;15358,059587319853;0,0;0
2022-10-27;15358,059587319853;15358,059587319853;0,0;0
2022-10-28;15358,059587319853;15358,059587319853;0,0;0
2022-10-31;15358,059587319853;15358,059587319853;0,0;0
2022-11-01;15358,059587319853;15358,059587319853;0,0;0
2022-11-02;15358,059587319853;15358,059587319853;0,0;0
2022-11-03;15358,059587319853;15358,059587319853;0,0;0
2022-11-04;15358,059587319853;15358,059587319853;0,0;0
2022-11-07;15358,059587319853;15358,059587319853;0,0;0
2022-11-08;15358,059587319853;15358,059587319853;0,0;0
2022-11-09;15358,059587319853;15358,059587319853;0,0;0
2022-11-10;15358,059587319853;15358,059587319853;0,0;0
2022-11-11;15358,059587319853;15358,059587319853;0,0;0
2022-11-14;15358,059587319853;15358,059587319853;0,0;0
2022-11-15;15358,059587319853;15358,059587319853;0,0;0
2022-11-16;15358,059587319853;15358,059587319853;0,0;0
2022-11-17;15358,059587319853;15358,059587319853;0,0;0
2022-11-18;15358,059587319853;15358,059587319853;0,0;0
2022-11-21;15358,059587319853;15358,059587319853;0,0;0
2022-11-22;15358,059587319853;15358,059587319853;0,0;0
2022-11-23;15358,059587319853;15358,059587319853;0,0;0
2022-11-25;15358,059587319853;15358,059587319853;0,0;0
2022-11-28;15358,059587319853;15358,059587319853;0,0;0
2022-11-29;15358,059587319853;15358,059587319853;0,0;0
2022-11-30;15358,059587319853;15358,059587319853;0,0;0
2022-12-01;15358,059587319853;15358,059587319853;0,0;0
2022-12-02;15358,059587319853;15358,059587319853;0,0;0
2022-12-05;15358,059587319853;15358,059587319853;0,0;0
2022-12-06;15358,059587319853;15358,059587319853;0,0;0
2022-12-07;15358,059587319853;15358,059587319853;0,0;0
2022-12-08;15358,059587319853;15358,059587319853;0,0;0
2022-12-09;15358,059587319853;15358,059587319853;0,0;0
2022-12-12;15358,059587319853;15358,059587319853;0,0;0
2022-12-13;15358,059587319853;15358,059587319853;0,0;0
2022-12-14;15358,059587319853;15358,059587319853;0,0;0
2022-12-15;15358,059587319853;15358,059587319853;0,0;0
2022-12-16;15358,059587319853;15358,059587319853;0,0;0
2022-12-19;15358,059587319853;15358,059587319853;0,0;0
2022-12-20;15358,059587319853;15358,059587319853;0,0;0
2022-12-21;15358,059587319853;15358,059587319853;0,0;0
2022-12-22;15358,059587319853;15358,059587319853;0,0;0
2022-12-23;15358,059587319853;15358,059587319853;0,0;0
2022-12-27;15358,059587319853;15358,059587319853;0,0;0
2022-12-28;15358,059587319853;15358,059587319853;0,0;0
2022-12-29;15358,059587319853;15358,059587319853;0,0;0
2022-12-30;15358,059587319853;15358,059587319853;0,0;0
2023-01-03;15358,059587319853;15358,059587319853;0,0;0
2023-01-04;15358,059587319853;15358,059587319853;0,0;0
2023-01-05;15358,059587319853;15358,059587319853;0,0;0
2023-01-06;15358,059587319853;15358,059587319853;0,0;0
2023-01-09;15358,059587319853;15358,059587319853;0,0;0
2023-01-10;15358,059587319853;15358,059587319853;0,0;0
2023-01-11;15358,059587319853;15358,059587319853;0,0;0
2023-01-12;15358,059587319853;15358,059587319853;0,0;0
2023-01-13;15358,059587319853;15358,059587319853;0,0;0
2023-01-17;15358,059587319853;15358,059587319853;0,0;0
2023-01-18;15358,059587319853;15358,059587319853;0,0;0
2023-01-19;15358,059587319853;15358,059587319853;0,0;0
2023-01-20;15358,059587319853;15358,059587319853;0,0;0
2023-01-23;15358,059587319853;15358,059587319853;0,0;0
2023-01-24;15358,059587319853;15358,059587319853;0,0;0
2023-01-25;15358,059587319853;15358,059587319853;0,0;0
2023-01-26;15358,059587319853;15358,059587319853;0,0;0
2023-01-27;15358,059587319853;15358,059587319853;0,0;0
2023-01-30;15358,059587319853;15358,059587319853;0,0;0
2023-01-31;15358,059587319853;15358,059587319853;0,0;0
2023-02-01;15358,059587319853;15358,059587319853;0,0;0
2023-02-02;15358,059587319853;15358,059587319853;0,0;0
2023-02-03;15358,059587319853;15358,059587319853;0,0;0
2023-02-06;15358,059587319853;15358,059587319853;0,0;0
2023-02-07;15358,059587319853;15358,059587319853;0,0;0
2023-02-08;15358,059587319853;15358,059587319853;0,0;0
2023-02-09;15358,059587319853;15358,059587319853;0,0;0
2023-02-10;15358,059587319853;15358,059587319853;0,0;0
2023-02-13;15358,059587319853;15358,059587319853;0,0;0
2023-02-14;15358,059587319853;15358,059587319853;0,0;0
2023-02-15;15358,059587319853;15358,059587319853;0,0;0
2023-02-16;15358,059587319853;15358,059587319853;0,0;0
2023-02-17;15358,059587319853;15358,059587319853;0,0;0
2023-02-21;15358,059587319853;15358,059587319853;0,0;0
2023-02-22;15358,059587319853;15358,059587319853;0,0;0
2023-02-23;15358,059587319853;15358,059587319853;0,0;0
2023-02-24;15358,059587319853;15358,059587319853;0,0;0
2023-02-27;15358,059587319853;15358,059587319853;0,0;0
2023-02-28;15358,059587319853;15358,059587319853;0,0;0
2023-03-01;15358,059587319853;15358,059587319853;0,0;0
2023-03-02;15358,059587319853;15358,059587319853;0,0;0
2023-03-03;15358,059587319853;15358,059587319853;0,0;0
2023-03-06;15358,059587319853;15358,059587319853;0,0;0
2023-03-07;15358,059587319853;15358,059587319853;0,0;0
2023-03-08;15358,059587319853;15358,059587319853;0,0;0
2023-03-09;15358,059587319853;15358,059587319853;0,0;0
2023-03-10;15358,059587319853;15358,059587319853;0,0;0
2023-03-13;15358,059587319853;15358,059587319853;0,0;0
2023-03-14;15358,059587319853;15358,059587319853;0,0;0
2023-03-15;15358,059587319853;15358,059587319853;0,0;0
2023-03-16;15358,059587319853;15358,059587319853;0,0;0
2023-03-17;15358,059587319853;15358,059587319853;0,0;0
2023-03-20;15358,059587319853;15358,059587319853;0,0;0
2023-03-21;15358,059587319853;15358,059587319853;0,0;0
2023-03-22;15358,059587319853;15358,059587319853;0,0;0
2023-03-23;15358,059587319853;15358,059587319853;0,0;0
2023-03-24;15358,059587319853;15358,059587319853;0,0;0
2023-03-27;15358,059587319853;15358,059587319853;0,0;0
2023-03-28;15358,059587319853;15358,059587319853;0,0;0
2023-03-29;15358,059587319853;15358,059587319853;0,0;0
2023-03-30;15358,059587319853;15358,059587319853;0,0;0
2023-03-31;15358,059587319853;15358,059587319853;0,0;0
2023-04-03;15358,059587319853;15358,059587319853;0,0;0
2023-04-04;15358,059587319853;15358,059587319853;0,0;0
2023-04-05;15358,059587319853;15358,059587319853;0,0;0
2023-04-06;15358,059587319853;15358,059587319853;0,0;0
2023-04-10;15358,059587319853;15358,059587319853;0,0;0
2023-04-11;15358,059587319853;15358,059587319853;0,0;0
2023-04-12;15358,059587319853;15358,059587319853;0,0;0
2023-04-13;15358,059587319853;15358,059587319853;0,0;0
2023-04-14;15358,059587319853;15358,059587319853;0,0;0
2023-04-17;15358,059587319853;15358,059587319853;0,0;0
2023-04-18;15358,059587319853;15358,059587319853;0,0;0
2023-04-19;15358,059587319853;15358,059587319853;0,0;0
2023-04-20;15358,059587319853;15358,059587319853;0,0;0
2023-04-21;15358,059587319853;15358,059587319853;0,0;0
2023-04-24;15358,059587319853;15358,059587319853;0,0;0
2023-04-25;15358,059587319853;15358,059587319853;0,0;0
2023-04-26;15358,059587319853;15358,059587319853;0,0;0
2023-04-27;15358,059587319853;15358,059587319853;0,0;0
2023-04-28;15358,059587319853;15358,059587319853;0,0;0
2023-05-01;15358,059587319853;15358,059587319853;0,0;0
2023-05-02;15358,059587319853;15358,059587319853;0,0;0
2023-05-03;15358,059587319853;15358,059587319853;0,0;0
2023-05-04;15358,059587319853;15358,059587319853;0,0;0
2023-05-05;15358,059587319853;15358,059587319853;0,0;0
2023-05-08;15358,059587319853;15358,059587319853;0,0;0
2023-05-09;15358,059587319853;15358,059587319853;0,0;0
2023-05-10;15358,059587319853;15358,059587319853;0,0;0
2023-05-11;15358,059587319853;15358,059587319853;0,0;0
2023-05-12;15358,059587319853;15358,059587319853;0,0;0
2023-05-15;15358,059587319853;15358,059587319853;0,0;0
2023-05-16;15358,059587319853;15358,059587319853;0,0;0
2023-05-17;15358,059587319853;15358,059587319853;0,0;0
2023-05-18;15358,059587319853;15358,059587319853;0,0;0
2023-05-19;15358,059587319853;15358,059587319853;0,0;0
2023-05-22;15358,059587319853;15358,059587319853;0,0;0
2023-05-23;15358,059587319853;15358,059587319853;0,0;0
2023-05-24;15358,059587319853;15358,059587319853;0,0;0
2023-05-25;15358,059587319853;15358,059587319853;0,0;0
2023-05-26;15358,059587319853;15358,059587319853;0,0;0
2023-05-30;15358,059587319853;15358,059587319853;0,0;0
2023-05-31;15358,059587319853;15358,059587319853;0,0;0
2023-06-01;15358,059587319853;15358,059587319853;0,0;0
2023-06-02;15358,059587319853;15358,059587319853;0,0;0
2023-06-05;15358,059587319853;15358,059587319853;0,0;0
2023-06-06;15358,059587319853;15358,059587319853;0,0;0
2023-06-07;15358,059587319853;15358,059587319853;0,0;0
2023-06-08;15358,059587319853;15358,059587319853;0,0;0
2023-06-09;15358,059587319853;15358,059587319853;0,0;0
2023-06-12;15358,059587319853;15358,059587319853;0,0;0
2023-06-13;15358,059587319853;15358,059587319853;0,0;0
2023-06-14;15358,059587319853;15358,059587319853;0,0;0
2023-06-15;15358,059587319853;15358,059587319853;0,0;0
2023-06-16;15358,059587319853;15358,059587319853;0,0;0
2023-06-20;15358,059587319853;15358,059587319853;0,0;0
2023-06-21;15358,059587319853;15358,059587319853;0,0;0
2023-06-22;15358,059587319853;15358,059587319853;0,0;0
2023-06-23;15358,059587319853;15358,059587319853;0,0;0
2023-06-26;15358,059587319853;15358,059587319853;0,0;0
2023-06-27;15358,059587319853;15358,059587319853;0,0;0
2023-06-28;15358,059587319853;15358,059587319853;0,0;0
2023-06-29;15358,059587319853;15358,059587319853;0,0;0
2023-06-30;15358,059587319853;15358,059587319853;0,0;0
2023-07-03;15358,059587319853;15358,059587319853;0,0;0
2023-07-05;15358,059587319853;15358,059587319853;0,0;0
2023-07-06;15358,059587319853;15358,059587319853;0,0;0
2023-07-07;15358,059587319853;15358,059587319853;0,0;0
2023-07-10;15358,059587319853;15358,059587319853;0,0;0
2023-07-11;15358,059587319853;15358,059587319853;0,0;0
2023-07-12;15358,059587319853;15358,059587319853;0,0;0
2023-07-13;15358,059587319853;15358,059587319853;0,0;0
2023-07-14;15358,059587319853;15358,059587319853;0,0;0
2023-07-17;15358,059587319853;15358,059587319853;0,0;0
2023-07-18;15358,059587319853;15358,059587319853;0,0;0
2023-07-19;15358,059587319853;15358,059587319853;0,0;0
2023-07-20;15358,059587319853;15358,059587319853;0,0;0
2023-07-21;15358,059587319853;15358,059587319853;0,0;0
2023-07-24;15358,059587319853;15358,059587319853;0,0;0
2023-07-25;15358,059587319853;15358,059587319853;0,0;0
2023-07-26;15358,059587319853;15358,059587319853;0,0;0
2023-07-27;15358,059587319853;15358,059587319853;0,0;0
2023-07-28;15358,059587319853;15358,059587319853;0,0;0
2023-07-31;15358,059587319853;15358,059587319853;0,0;0
2023-08-01;15358,059587319853;15358,059587319853;0,0;0
2023-08-02;15358,059587319853;15358,059587319853;0,0;0
2023-08-03;15358,059587319853;15358,059587319853;0,0;0
2023-08-04;15358,059587319853;15358,059587319853;0,0;0
2023-08-07;15358,059587319853;15358,059587319853;0,0;0
2023-08-08;15358,059587319853;15358,059587319853;0,0;0
2023-08-09;15358,059587319853;15358,059587319853;0,0;0
2023-08-10;15358,059587319853;15358,059587319853;0,0;0
2023-08-11;15358,059587319853;15358,059587319853;0,0;0
2023-08-14;15358,059587319853;15358,059587319853;0,0;0
2023-08-15;15358,059587319853;15358,059587319853;0,0;0
2023-08-16;15358,059587319853;15358,059587319853;0,0;0
2023-08-17;15358,059587319853;15358,059587319853;0,0;0
2023-08-18;15358,059587319853;15358,059587319853;0,0;0
2023-08-21;15358,059587319853;15358,059587319853;0,0;0
2023-08-22;15358,059587319853;15358,059587319853;0,0;0
2023-08-23;15358,059587319853;15358,059587319853;0,0;0
2023-08-24;15358,059587319853;15358,059587319853;0,0;0
2023-08-25;15358,059587319853;15358,059587319853;0,0;0
2023-08-28;15358,059587319853;15358,059587319853;0,0;0
2023-08-29;15358,059587319853;15358,059587319853;0,0;0
2023-08-30;15358,059587319853;15358,059587319853;0,0;0
2023-08-31;15358,059587319853;15358,059587319853;0,0;0
2023-09-01;15358,059587319853;15358,059587319853;0,0;0
2023-09-05;15358,059587319853;15358,059587319853;0,0;0
2023-09-06;15358,059587319853;15358,059587319853;0,0;0
2023-09-07;15358,059587319853;15358,059587319853;0,0;0
2023-09-08;15358,059587319853;15358,059587319853;0,0;0
2023-09-11;15358,059587319853;15358,059587319853;0,0;0
2023-09-12;15358,059587319853;15358,059587319853;0,0;0
2023-09-13;15358,059587319853;15358,059587319853;0,0;0
2023-09-14;15358,059587319853;15358,059587319853;0,0;0
2023-09-15;15358,059587319853;15358,059587319853;0,0;0
2023-09-18;15358,059587319853;15358,059587319853;0,0;0
2023-09-19;15358,059587319853;15358,059587319853;0,0;0
2023-09-20;15358,059587319853;15358,059587319853;0,0;0
2023-09-21;15358,059587319853;15358,059587319853;0,0;0
2023-09-22;15358,059587319853;15358,059587319853;0,0;0
2023-09-25;15358,059587319853;15358,059587319853;0,0;0
2023-09-26;15358,059587319853;15358,059587319853;0,0;0
2023-09-27;15358,059587319853;15358,059587319853;0,0;0
2023-09-28;15358,059587319853;15358,059587319853;0,0;0
2023-09-29;15358,059587319853;15358,059587319853;0,0;0
2023-10-02;15358,059587319853;15358,059587319853;0,0;0
2023-10-03;15358,059587319853;15358,059587319853;0,0;0
2023-10-04;15358,059587319853;15358,059587319853;0,0;0
2023-10-05;15358,059587319853;15358,059587319853;0,0;0
2023-10-06;15358,059587319853;15358,059587319853;0,0;0
2023-10-09;15358,059587319853;15358,059587319853;0,0;0
2023-10-10;15358,059587319853;15358,059587319853;0,0;0
2023-10-11;15358,059587319853;15358,059587319853;0,0;0
2023-10-12;15358,059587319853;15358,059587319853;0,0;0
2023-10-13;15358,059587319853;15358,059587319853;0,0;0
2023-10-16;15358,059587319853;15358,059587319853;0,0;0
2023-10-17;15358,059587319853;15358,059587319853;0,0;0
2023-10-18;15358,059587319853;15358,059587319853;0,0;0
2023-10-19;15358,059587319853;15358,059587319853;0,0;0
2023-10-20;15358,059587319853;15358,059587319853;0,0;0
2023-10-23;15358,059587319853;15358,059587319853;0,0;0
2023-10-24;15358,059587319853;15358,059587319853;0,0;0
2023-10-25;15358,059587319853;15358,059587319853;0,0;0
2023-10-26;15358,059587319853;15358,059587319853;0,0;0
2023-10-27;15358,059587319853;15358,059587319853;0,0;0
2023-10-30;15358,059587319853;15358,059587319853;0,0;0
2023-10-31;15358,059587319853;15358,059587319853;0,0;0
2023-11-01;15358,059587319853;15358,059587319853;0,0;0
2023-11-02;15358,059587319853;15358,059587319853;0,0;0
2023-11-03;15358,059587319853;15358,059587319853;0,0;0
2023-11-06;15358,059587319853;15358,059587319853;0,0;0
2023-11-07;15358,059587319853;15358,059587319853;0,0;0
2023-11-08;15358,059587319853;15358,059587319853;0,0;0
2023-11-09;15358,059587319853;15358,059587319853;0,0;0
2023-11-10;15358,059587319853;15358,059587319853;0,0;0
2023-11-13;15358,059587319853;15358,059587319853;0,0;0
2023-11-14;15358,059587319853;15358,059587319853;0,0;0
2023-11-15;15358,059587319853;15358,059587319853;0,0;0
2023-11-16;15358,059587319853;15358,059587319853;0,0;0
2023-11-17;15358,059587319853;15358,059587319853;0,0;0
2023-11-20;15358,059587319853;15358,059587319853;0,0;0
2023-11-21;15358,059587319853;15358,059587319853;0,0;0
2023-11-22;15358,059587319853;15358,059587319853;0,0;0
2023-11-24;15358,059587319853;15358,059587319853;0,0;0
2023-11-27;15358,059587319853;15358,059587319853;0,0;0
2023-11-28;15358,059587319853;15358,059587319853;0,0;0
2023-11-29;15358,059587319853;15358,059587319853;0,0;0
2023-11-30;15358,059587319853;15358,059587319853;0,0;0
2023-12-01;15358,059587319853;15358,059587319853;0,0;0
2023-12-04;15358,059587319853;15358,059587319853;0,0;0
2023-12-05;15358,059587319853;15358,059587319853;0,0;0
2023-12-06;15358,059587319853;15358,059587319853;0,0;0
2023-12-07;15358,059587319853;15358,059587319853;0,0;0
2023-12-08;15358,059587319853;15358,059587319853;0,0;0
2023-12-11;15358,059587319853;15358,059587319853;0,0;0
2023-12-12;15358,059587319853;15358,059587319853;0,0;0
2023-12-13;15358,059587319853;15358,059587319853;0,0;0
2023-12-14;15358,059587319853;15358,059587319853;0,0;0
2023-12-15;15358,059587319853;15358,059587319853;0,0;0
2023-12-18;15358,059587319853;15358,059587319853;0,0;0
2023-12-19;15358,059587319853;15358,059587319853;0,0;0
2023-12-20;15358,059587319853;15358,059587319853;0,0;0
2023-12-21;15358,059587319853;15358,059587319853;0,0;0
2023-12-22;15358,059587319853;15358,059587319853;0,0;0
2023-12-26;15358,059587319853;15358,059587319853;0,0;0
2023-12-27;15358,059587319853;15358,059587319853;0,0;0
2023-12-28;15358,059587319853;15358,059587319853;0,0;0
2023-12-29;15358,059587319853;15358,059587319853;0,0;0
2024-01-02;15358,059587319853;15358,059587319853;0,0;0
2024-01-03;15358,059587319853;15358,059587319853;0,0;0
2024-01-04;15358,059587319853;15358,059587319853;0,0;0
2024-01-05;15358,059587319853;15358,059587319853;0,0;0
2024-01-08;15358,059587319853;15358,059587319853;0,0;0
2024-01-09;15358,059587319853;15358,059587319853;0,0;0
2024-01-10;15358,059587319853;15358,059587319853;0,0;0
2024-01-11;15358,059587319853;15358,059587319853;0,0;0
2024-01-12;15358,059587319853;15358,059587319853;0,0;0
2024-01-16;15358,059587319853;15358,059587319853;0,0;0
2024-01-17;15358,059587319853;15358,059587319853;0,0;0
2024-01-18;15358,059587319853;15358,059587319853;0,0;0
2024-01-19;15358,059587319853;15358,059587319853;0,0;0
2024-01-22;15358,059587319853;15358,059587319853;0,0;0
2024-01-23;15358,059587319853;15358,059587319853;0,0;0
2024-01-24;15358,059587319853;15358,059587319853;0,0;0
2024-01-25;15358,059587319853;15358,059587319853;0,0;0
2024-01-26;15358,059587319853;15358,059587319853;0,0;0
2024-01-29;15358,059587319853;15358,059587319853;0,0;0
2024-01-30;15358,059587319853;15358,059587319853;0,0;0
2024-01-31;15358,059587319853;15358,059587319853;0,0;0
2024-02-01;15358,059587319853;15358,059587319853;0,0;0
2024-02-02;15358,059587319853;15358,059587319853;0,0;0
2024-02-05;15358,059587319853;15358,059587319853;0,0;0
2024-02-06;15358,059587319853;15358,059587319853;0,0;0
2024-02-07;15358,059587319853;15358,059587319853;0,0;0
2024-02-08;15358,059587319853;15358,059587319853;0,0;0
2024-02-09;15358,059587319853;15358,059587319853;0,0;0
2024-02-12;15358,059587319853;15358,059587319853;0,0;0
2024-02-13;15358,059587319853;15358,059587319853;0,0;0
2024-02-14;15358,059587319853;15358,059587319853;0,0;0
2024-02-15;15358,059587319853;15358,059587319853;0,0;0
2024-02-16;15358,059587319853;15358,059587319853;0,0;0
2024-02-20;15358,059587319853;15358,059587319853;0,0;0
2024-02-21;15358,059587319853;15358,059587319853;0,0;0
2024-02-22;15358,059587319853;15358,059587319853;0,0;0
2024-02-23;15358,059587319853;15358,059587319853;0,0;0
2024-02-26;15358,059587319853;15358,059587319853;0,0;0
2024-02-27;15358,059587319853;15358,059587319853;0,0;0
2024-02-28;15358,059587319853;15358,059587319853;0,0;0
2024-02-29;15358,059587319853;15358,059587319853;0,0;0
2024-03-01;15358,059587319853;15358,059587319853;0,0;0
2024-03-04;15358,059587319853;15358,059587319853;0,0;0
2024-03-05;15358,059587319853;15358,059587319853;0,0;0
2024-03-06;15358,059587319853;15358,059587319853;0,0;0
2024-03-07;15358,059587319853;15358,059587319853;0,0;0
2024-03-08;15358,059587319853;15358,059587319853;0,0;0
2024-03-11;15358,059587319853;15358,059587319853;0,0;0
2024-03-12;15358,059587319853;15358,059587319853;0,0;0
2024-03-13;15358,059587319853;15358,059587319853;0,0;0
2024-03-14;15358,059587319853;15358,059587319853;0,0;0
2024-03-15;15358,059587319853;15358,059587319853;0,0;0
2024-03-18;15358,059587319853;15358,059587319853;0,0;0
2024-03-19;15358,059587319853;15358,059587319853;0,0;0
2024-03-20;15358,059587319853;15358,059587319853;0,0;0
2024-03-21;15358,059587319853;15358,059587319853;0,0;0
2024-03-22;15358,059587319853;15358,059587319853;0,0;0
2024-03-25;15358,059587319853;15358,059587319853;0,0;0
2024-03-26;15358,059587319853;15358,059587319853;0,0;0
2024-03-27;15358,059587319853;15358,059587319853;0,0;0
2024-03-28;15358,059587319853;15358,059587319853;0,0;0
2024-04-01;15358,059587319853;15358,059587319853;0,0;0
2024-04-02;15358,059587319853;15358,059587319853;0,0;0
2024-04-03;15358,059587319853;15358,059587319853;0,0;0
2024-04-04;15358,059587319853;15358,059587319853;0,0;0
2024-04-05;15358,059587319853;15358,059587319853;0,0;0
2024-04-08;15358,059587319853;15358,059587319853;0,0;0
2024-04-09;15358,059587319853;15358,059587319853;0,0;0
2024-04-10;15358,059587319853;15358,059587319853;0,0;0
2024-04-11;15358,059587319853;15358,059587319853;0,0;0
2024-04-12;15358,059587319853;15358,059587319853;0,0;0
2024-04-15;15358,059587319853;15358,059587319853;0,0;0
2024-04-16;15358,059587319853;15358,059587319853;0,0;0
2024-04-17;15358,059587319853;15358,059587319853;0,0;0
2024-04-18;15358,059587319853;15358,059587319853;0,0;0
2024-04-19;15358,059587319853;15358,059587319853;0,0;0
2024-04-22;15358,059587319853;15358,059587319853;0,0;0
2024-04-23;15358,059587319853;15358,059587319853;0,0;0
2024-04-24;15358,059587319853;15358,059587319853;0,0;0
2024-04-25;15358,059587319853;15358,059587319853;0,0;0
2024-04-26;15358,059587319853;15358,059587319853;0,0;0
2024-04-29;15358,059587319853;15358,059587319853;0,0;0
2024-04-30;15358,059587319853;15358,059587319853;0,0;0
2024-05-01;15358,059587319853;15358,059587319853;0,0;0
2024-05-02;15358,059587319853;15358,059587319853;0,0;0
2024-05-03;15358,059587319853;15358,059587319853;0,0;0
2024-05-06;15358,059587319853;15358,059587319853;0,0;0
2024-05-07;15358,059587319853;15358,059587319853;0,0;0
2024-05-08;15358,059587319853;15358,059587319853;0,0;0
2024-05-09;15358,059587319853;15358,059587319853;0,0;0
2024-05-10;15358,059587319853;15358,059587319853;0,0;0
2024-05-13;15358,059587319853;15358,059587319853;0,0;0
2024-05-14;15358,059587319853;15358,059587319853;0,0;0
2024-05-15;15358,059587319853;15358,059587319853;0,0;0
2024-05-16;15358,059587319853;15358,059587319853;0,0;0
2024-05-17;15358,059587319853;15358,059587319853;0,0;0
2024-05-20;15358,059587319853;15358,059587319853;0,0;0
2024-05-21;15358,059587319853;15358,059587319853;0,0;0
2024-05-22;15358,059587319853;15358,059587319853;0,0;0
2024-05-23;15358,059587319853;15358,059587319853;0,0;0
2024-05-24;15358,059587319853;15358,059587319853;0,0;0
2024-05-28;15358,059587319853;15358,059587319853;0,0;0
2024-05-29;15358,059587319853;15358,059587319853;0,0;0
2024-05-30;15358,059587319853;15358,059587319853;0,0;0
2024-05-31;15358,059587319853;15358,059587319853;0,0;0
2024-06-03;15358,059587319853;15358,059587319853;0,0;0
2024-06-04;15358,059587319853;15358,059587319853;0,0;0
2024-06-05;15358,059587319853;15358,059587319853;0,0;0
2024-06-06;15358,059587319853;15358,059587319853;0,0;0
2024-06-07;15358,059587319853;15358,059587319853;0,0;0
2024-06-10;15358,059587319853;15358,059587319853;0,0;0
2024-06-11;15358,059587319853;15358,059587319853;0,0;0
2024-06-12;15358,059587319853;15358,059587319853;0,0;0
2024-06-13;15358,059587319853;15358,059587319853;0,0;0
2024-06-14;15358,059587319853;15358,059587319853;0,0;0
2024-06-17;15358,059587319853;15358,059587319853;0,0;0
2024-06-18;15358,059587319853;15358,059587319853;0,0;0
2024-06-20;15358,059587319853;15358,059587319853;0,0;0
2024-06-21;15358,059587319853;15358,059587319853;0,0;0
2024-06-24;15358,059587319853;15358,059587319853;0,0;0
2024-06-25;15358,059587319853;15358,059587319853;0,0;0
2024-06-26;15358,059587319853;15358,059587319853;0,0;0
2024-06-27;15358,059587319853;15358,059587319853;0,0;0
2024-06-28;15358,059587319853;15358,059587319853;0,0;0
2024-07-01;15358,059587319853;15358,059587319853;0,0;0
2024-07-02;15358,059587319853;15358,059587319853;0,0;0
2024-07-03;15358,059587319853;15358,059587319853;0,0;0
2024-07-05;15358,059587319853;15358,059587319853;0,0;0
2024-07-08;15358,059587319853;15358,059587319853;0,0;0
2024-07-09;15358,059587319853;15358,059587319853;0,0;0
2024-07-10;15358,059587319853;15358,059587319853;0,0;0
2024-07-11;15358,059587319853;15358,059587319853;0,0;0
2024-07-12;15358,059587319853;15358,059587319853;0,0;0
2024-07-15;15358,059587319853;15358,059587319853;0,0;0
2024-07-16;15358,059587319853;15358,059587319853;0,0;0
2024-07-17;15358,059587319853;15358,059587319853;0,0;0
2024-07-18;15358,059587319853;15358,059587319853;0,0;0
2024-07-19;15358,059587319853;15358,059587319853;0,0;0
2024-07-22;15358,059587319853;15358,059587319853;0,0;0
2024-07-23;15358,059587319853;15358,059587319853;0,0;0
2024-07-24;15358,059587319853;15358,059587319853;0,0;0
2024-07-25;15358,059587319853;15358,059587319853;0,0;0
2024-07-26;15358,059587319853;15358,059587319853;0,0;0
2024-07-29;15358,059587319853;15358,059587319853;0,0;0
2024-07-30;15358,059587319853;15358,059587319853;0,0;0
2024-07-31;15358,059587319853;15358,059587319853;0,0;0
2024-08-01;15358,059587319853;15358,059587319853;0,0;0
2024-08-02;15358,059587319853;15358,059587319853;0,0;0
2024-08-05;15358,059587319853;15358,059587319853;0,0;0
2024-08-06;15358,059587319853;15358,059587319853;0,0;0
2024-08-07;15358,059587319853;15358,059587319853;0,0;0
2024-08-08;15358,059587319853;15358,059587319853;0,0;0
2024-08-09;15358,059587319853;15358,059587319853;0,0;0
2024-08-12;15358,059587319853;15358,059587319853;0,0;0
2024-08-13;15358,059587319853;15358,059587319853;0,0;0
2024-08-14;15358,059587319853;15358,059587319853;0,0;0
2024-08-15;15358,059587319853;15358,059587319853;0,0;0
2024-08-16;15358,059587319853;15358,059587319853;0,0;0
2024-08-19;15358,059587319853;15358,059587319853;0,0;0
2024-08-20;15358,059587319853;15358,059587319853;0,0;0
2024-08-21;15358,059587319853;15358,059587319853;0,0;0
2024-08-22;15358,059587319853;15358,059587319853;0,0;0
2024-08-23;15358,059587319853;15358,059587319853;0,0;0
2024-08-26;15358,059587319853;15358,059587319853;0,0;0
2024-08-27;15358,059587319853;15358,059587319853;0,0;0
2024-08-28;15358,059587319853;15358,059587319853;0,0;0
2024-08-29;15358,059587319853;15358,059587319853;0,0;0
2024-08-30;15358,059587319853;15358,059587319853;0,0;0
2024-09-03;15358,059587319853;15358,059587319853;0,0;0
2024-09-04;15358,059587319853;15358,059587319853;0,0;0
2024-09-05;15358,059587319853;15358,059587319853;0,0;0
2024-09-06;15358,059587319853;15358,059587319853;0,0;0
2024-09-09;15358,059587319853;15358,059587319853;0,0;0
2024-09-10;15358,059587319853;15358,059587319853;0,0;0
2024-09-11;15358,059587319853;15358,059587319853;0,0;0
2024-09-12;15358,059587319853;15358,059587319853;0,0;0
2024-09-13;15358,059587319853;15358,059587319853;0,0;0
2024-09-16;15358,059587319853;15358,059587319853;0,0;0
2024-09-17;15358,059587319853;15358,059587319853;0,0;0
2024-09-18;15358,059587319853;15358,059587319853;0,0;0
2024-09-19;15358,059587319853;15358,059587319853;0,0;0
2024-09-20;15358,059587319853;15358,059587319853;0,0;0
2024-09-23;15358,059587319853;15358,059587319853;0,0;0
2024-09-24;15358,059587319853;15358,059587319853;0,0;0
2024-09-25;15358,059587319853;15358,059587319853;0,0;0
2024-09-26;15358,059587319853;15358,059587319853;0,0;0
2024-09-27;15358,059587319853;15358,059587319853;0,0;0
2024-09-30;15358,059587319853;15358,059587319853;0,0;0
2024-10-01;15358,059587319853;15358,059587319853;0,0;0
2024-10-02;15358,059587319853;15358,059587319853;0,0;0
2024-10-03;15358,059587319853;15358,059587319853;0,0;0
2024-10-04;15358,059587319853;15358,059587319853;0,0;0
2024-10-07;15358,059587319853;15358,059587319853;0,0;0
2024-10-08;15358,059587319853;15358,059587319853;0,0;0
2024-10-09;15358,059587319853;15358,059587319853;0,0;0
2024-10-10;15358,059587319853;15358,059587319853;0,0;0
2024-10-11;15358,059587319853;15358,059587319853;0,0;0
2024-10-14;15358,059587319853;15358,059587319853;0,0;0
2024-10-15;15358,059587319853;15358,059587319853;0,0;0
2024-10-16;15358,059587319853;15358,059587319853;0,0;0
2024-10-17;15358,059587319853;15358,059587319853;0,0;0
2024-10-18;15358,059587319853;15358,059587319853;0,0;0
2024-10-21;15358,059587319853;15358,059587319853;0,0;0
2024-10-22;15358,059587319853;15358,059587319853;0,0;0
2024-10-23;15358,059587319853;15358,059587319853;0,0;0
2024-10-24;15358,059587319853;15358,059587319853;0,0;0
2024-10-25;15358,059587319853;15358,059587319853;0,0;0
2024-10-28;15358,059587319853;15358,059587319853;0,0;0
2024-10-29;15358,059587319853;15358,059587319853;0,0;0
2024-10-30;15358,059587319853;15358,059587319853;0,0;0
2024-10-31;15358,059587319853;15358,059587319853;0,0;0
2024-11-01;15358,059587319853;15358,059587319853;0,0;0
2024-11-04;15358,059587319853;15358,059587319853;0,0;0
2024-11-05;15358,059587319853;15358,059587319853;0,0;0
2024-11-06;15358,059587319853;15358,059587319853;0,0;0
2024-11-07;15358,059587319853;15358,059587319853;0,0;0
2024-11-08;15358,059587319853;15358,059587319853;0,0;0
2024-11-11;15358,059587319853;15358,059587319853;0,0;0
2024-11-12;15358,059587319853;15358,059587319853;0,0;0
2024-11-13;15358,059587319853;15358,059587319853;0,0;0
2024-11-14;15358,059587319853;15358,059587319853;0,0;0
2024-11-15;15358,059587319853;15358,059587319853;0,0;0
2024-11-18;15358,059587319853;15358,059587319853;0,0;0
2024-11-19;15358,059587319853;15358,059587319853;0,0;0
2024-11-20;15358,059587319853;15358,059587319853;0,0;0
2024-11-21;15358,059587319853;15358,059587319853;0,0;0
2024-11-22;15358,059587319853;15358,059587319853;0,0;0
2024-11-25;15358,059587319853;15358,059587319853;0,0;0
2024-11-26;15358,059587319853;15358,059587319853;0,0;0
2024-11-27;15358,059587319853;15358,059587319853;0,0;0
2024-11-29;15358,059587319853;15358,059587319853;0,0;0
2024-12-02;15358,059587319853;15358,059587319853;0,0;0
2024-12-03;15358,059587319853;15358,059587319853;0,0;0
2024-12-04;15358,059587319853;15358,059587319853;0,0;0
2024-12-05;15358,059587319853;15358,059587319853;0,0;0
2024-12-06;15358,059587319853;15358,059587319853;0,0;0
2024-12-09;15358,059587319853;15358,059587319853;0,0;0
2024-12-10;15358,059587319853;15358,059587319853;0,0;0
2024-12-11;15358,059587319853;15358,059587319853;0,0;0
2024-12-12;15358,059587319853;15358,059587319853;0,0;0
2024-12-13;15358,059587319853;15358,059587319853;0,0;0
2024-12-16;15358,059587319853;15358,059587319853;0,0;0
2024-12-17;15358,059587319853;15358,059587319853;0,0;0
2024-12-18;15358,059587319853;15358,059587319853;0,0;0
2024-12-19;15358,059587319853;15358,059587319853;0,0;0
2024-12-20;15358,059587319853;15358,059587319853;0,0;0
2024-12-23;15358,059587319853;15358,059587319853;0,0;0
2024-12-24;15358,059587319853;15358,059587319853;0,0;0
2024-12-26;15358,059587319853;15358,059587319853;0,0;0
2024-12-27;15358,059587319853;15358,059587319853;0,0;0
2024-12-30;15358,059587319853;15358,059587319853;0,0;0
2024-12-31;15358,059587319853;15358,059587319853;0,0;0
2025-01-02;15358,059587319853;15358,059587319853;0,0;0
2025-01-03;15358,059587319853;15358,059587319853;0,0;0
2025-01-06;15358,059587319853;15358,059587319853;0,0;0
2025-01-07;15358,059587319853;15358,059587319853;0,0;0
2025-01-08;15358,059587319853;15358,059587319853;0,0;0
2025-01-10;15358,059587319853;15358,059587319853;0,0;0
2025-01-13;15358,059587319853;15358,059587319853;0,0;0
2025-01-14;15358,059587319853;15358,059587319853;0,0;0
2025-01-15;15358,059587319853;15358,059587319853;0,0;0
2025-01-16;15358,059587319853;15358,059587319853;0,0;0
2025-01-17;15358,059587319853;15358,059587319853;0,0;0
2025-01-21;15358,059587319853;15358,059587319853;0,0;0
2025-01-22;15358,059587319853;15358,059587319853;0,0;0
2025-01-23;15358,059587319853;15358,059587319853;0,0;0
2025-01-24;15358,059587319853;15358,059587319853;0,0;0
2025-01-27;15358,059587319853;15358,059587319853;0,0;0
2025-01-28;15358,059587319853;15358,059587319853;0,0;0
2025-01-29;15358,059587319853;15358,059587319853;0,0;0
2025-01-30;15358,059587319853;15358,059587319853;0,0;0
2025-01-31;15358,059587319853;15358,059587319853;0,0;0
2025-02-03;15358,059587319853;15358,059587319853;0,0;0
2025-02-04;15358,059587319853;15358,059587319853;0,0;0
2025-02-05;15358,059587319853;15358,059587319853;0,0;0
2025-02-06;15358,059587319853;15358,059587319853;0,0;0
2025-02-07;15358,059587319853;15358,059587319853;0,0;0
2025-02-10;15358,059587319853;15358,059587319853;0,0;0
2025-02-11;15358,059587319853;15358,059587319853;0,0;0
2025-02-12;15358,059587319853;15358,059587319853;0,0;0
2025-02-13;15358,059587319853;15358,059587319853;0,0;0
2025-02-14;15358,059587319853;15358,059587319853;0,0;0
2025-02-18;15358,059587319853;15358,059587319853;0,0;0
2025-02-19;15358,059587319853;15358,059587319853;0,0;0
2025-02-20;15358,059587319853;15358,059587319853;0,0;0
2025-02-21;15358,059587319853;15358,059587319853;0,0;0
2025-02-24;15358,059587319853;15358,059587319853;0,0;0
2025-02-25;15358,059587319853;15358,059587319853;0,0;0
2025-02-26;15358,059587319853;15358,059587319853;0,0;0
2025-02-27;15358,059587319853;15358,059587319853;0,0;0
2025-02-28;15358,059587319853;15358,059587319853;0,0;0
2025-03-03;15358,059587319853;15358,059587319853;0,0;0
2025-03-04;15358,059587319853;15358,059587319853;0,0;0
2025-03-05;15358,059587319853;15358,059587319853;0,0;0
2025-03-06;15358,059587319853;15358,059587319853;0,0;0
2025-03-07;15358,059587319853;15358,059587319853;0,0;0
2025-03-10;15358,059587319853;15358,059587319853;0,0;0
2025-03-11;15358,059587319853;15358,059587319853;0,0;0
2025-03-12;15358,059587319853;15358,059587319853;0,0;0
2025-03-13;15358,059587319853;15358,059587319853;0,0;0
2025-03-14;15358,059587319853;15358,059587319853;0,0;0
2025-03-17;15358,059587319853;15358,059587319853;0,0;0
2025-03-18;15358,059587319853;15358,059587319853;0,0;0
2025-03-19;15358,059587319853;15358,059587319853;0,0;0
2025-03-20;15358,059587319853;15358,059587319853;0,0;0
2025-03-21;15358,059587319853;15358,059587319853;0,0;0
2025-03-24;15358,059587319853;15358,059587319853;0,0;0
2025-03-25;15358,059587319853;15358,059587319853;0,0;0
2025-03-26;15358,059587319853;15358,059587319853;0,0;0
2025-03-27;15358,059587319853;15358,059587319853;0,0;0
2025-03-28;15358,059587319853;15358,059587319853;0,0;0
2025-03-31;15358,059587319853;15358,059587319853;0,0;0
2025-04-01;15358,059587319853;15358,059587319853;0,0;0
2025-04-02;15358,059587319853;15358,059587319853;0,0;0
2025-04-03;15358,059587319853;15358,059587319853;0,0;0
2025-04-04;15358,059587319853;15358,059587319853;0,0;0
2025-04-07;15358,059587319853;15358,059587319853;0,0;0
2025-04-08;15358,059587319853;15358,059587319853;0,0;0
2025-04-09;15358,059587319853;15358,059587319853;0,0;0
2025-04-10;15358,059587319853;15358,059587319853;0,0;0
2025-04-11;15358,059587319853;15358,059587319853;0,0;0
2025-04-14;15358,059587319853;15358,059587319853;0,0;0
2025-04-15;15358,059587319853;15358,059587319853;0,0;0
2025-04-16;15358,059587319853;15358,059587319853;0,0;0
2025-04-17;15358,059587319853;15358,059587319853;0,0;0
2025-04-21;15358,059587319853;15358,059587319853;0,0;0
2025-04-22;15358,059587319853;15358,059587319853;0,0;0
2025-04-23;15358,059587319853;15358,059587319853;0,0;0
2025-04-24;15358,059587319853;15358,059587319853;0,0;0
2025-04-25;15358,059587319853;15358,059587319853;0,0;0
2025-04-28;15358,059587319853;15358,059587319853;0,0;0
2025-04-29;15358,059587319853;15358,059587319853;0,0;0
2025-04-30;15358,059587319853;15358,059587319853;0,0;0
2025-05-01;15358,059587319853;15358,059587319853;0,0;0
2025-05-02;15358,059587319853;15358,059587319853;0,0;0
2025-05-05;15358,059587319853;15358,059587319853;0,0;0
2025-05-06;15358,059587319853;15358,059587319853;0,0;0
2025-05-07;15358,059587319853;15358,059587319853;0,0;0
2025-05-08;15358,059587319853;15358,059587319853;0,0;0
2025-05-09;15358,059587319853;15358,059587319853;0,0;0
2025-05-12;15358,059587319853;15358,059587319853;0,0;0
2025-05-13;15358,059587319853;15358,059587319853;0,0;0
2025-05-14;15358,059587319853;15358,059587319853;0,0;0
2025-05-15;15358,059587319853;15358,059587319853;0,0;0
2025-05-16;15358,059587319853;15358,059587319853;0,0;0
2025-05-19;15358,059587319853;15358,059587319853;0,0;0
2025-05-20;15358,059587319853;15358,059587319853;0,0;0
2025-05-21;15358,059587319853;15358,059587319853;0,0;0
2025-05-22;15358,059587319853;15358,059587319853;0,0;0
2025-05-23;15358,059587319853;15358,059587319853;0,0;0
2025-05-27;15358,059587319853;15358,059587319853;0,0;0
2025-05-28;15358,059587319853;15358,059587319853;0,0;0
2025-05-29;15358,059587319853;15358,059587319853;0,0;0
2025-05-30;15358,059587319853;15358,059587319853;0,0;0
2025-06-02;15358,059587319853;15358,059587319853;0,0;0
2025-06-03;15358,059587319853;15358,059587319853;0,0;0
2025-06-04;15358,059587319853;15358,059587319853;0,0;0
2025-06-05;15358,059587319853;15358,059587319853;0,0;0
2025-06-06;15358,059587319853;15358,059587319853;0,0;0
2025-06-09;15358,059587319853;15358,059587319853;0,0;0
2025-06-10;15358,059587319853;15358,059587319853;0,0;0
2025-06-11;15358,059587319853;15358,059587319853;0,0;0
2025-06-12;15358,059587319853;15358,059587319853;0,0;0
2025-06-13;15358,059587319853;15358,059587319853;0,0;0
2025-06-16;15358,059587319853;15358,059587319853;0,0;0
2025-06-17;15358,059587319853;15358,059587319853;0,0;0
2025-06-18;15358,059587319853;15358,059587319853;0,0;0
2025-06-20;15358,059587319853;15358,059587319853;0,0;0
2025-06-23;15358,059587319853;15358,059587319853;0,0;0
2025-06-24;15358,059587319853;15358,059587319853;0,0;0
2025-06-25;15358,059587319853;15358,059587319853;0,0;0
2025-06-26;15358,059587319853;15358,059587319853;0,0;0
2025-06-27;15358,059587319853;15358,059587319853;0,0;0
2025-06-30;15358,059587319853;15358,059587319853;0,0;0
2025-07-01;15358,059587319853;15358,059587319853;0,0;0
2025-07-02;15358,059587319853;15358,059587319853;0,0;0
2025-07-03;15358,059587319853;15358,059587319853;0,0;0
2025-07-07;15358,059587319853;15358,059587319853;0,0;0
2025-07-08;15358,059587319853;15358,059587319853;0,0;0
2025-07-09;15358,059587319853;15358,059587319853;0,0;0
2025-07-10;15358,059587319853;15358,059587319853;0,0;0
2025-07-11;15358,059587319853;15358,059587319853;0,0;0
2025-07-14;15358,059587319853;15358,059587319853;0,0;0
2025-07-15;15358,059587319853;15358,059587319853;0,0;0
2025-07-16;15358,059587319853;15358,059587319853;0,0;0
2025-07-17;15358,059587319853;15358,059587319853;0,0;0
2025-07-18;15358,059587319853;15358,059587319853;0,0;0
2025-07-21;15358,059587319853;15358,059587319853;0,0;0
2025-07-22;15358,059587319853;15358,059587319853;0,0;0
2025-07-23;15358,059587319853;15358,059587319853;0,0;0
2025-07-24;15358,059587319853;15358,059587319853;0,0;0
2025-07-25;15358,059587319853;15358,059587319853;0,0;0
2025-07-28;15358,059587319853;15358,059587319853;0,0;0
2025-07-29;15358,059587319853;15358,059587319853;0,0;0
2025-07-30;15358,059587319853;15358,059587319853;0,0;0
2025-07-31;15358,059587319853;15358,059587319853;0,0;0
2025-08-01;15358,059587319853;15358,059587319853;0,0;0
2025-08-04;15358,059587319853;15358,059587319853;0,0;0
2025-08-05;15358,059587319853;15358,059587319853;0,0;0
2025-08-06;15358,059587319853;15358,059587319853;0,0;0
2025-08-07;15358,059587319853;15358,059587319853;0,0;0
2025-08-08;15358,059587319853;15358,059587319853;0,0;0
2025-08-11;15358,059587319853;15358,059587319853;0,0;0
2025-08-12;15358,059587319853;15358,059587319853;0,0;0
2025-08-13;15358,059587319853;15358,059587319853;0,0;0
2025-08-14;15358,059587319853;15358,059587319853;0,0;0
2025-08-15;15358,059587319853;15358,059587319853;0,0;0
2025-08-18;15358,059587319853;15358,059587319853;0,0;0
2025-08-19;15358,059587319853;15358,059587319853;0,0;0
2025-08-20;15358,059587319853;15358,059587319853;0,0;0
2025-08-21;15358,059587319853;15358,059587319853;0,0;0
2025-08-22;15358,059587319853;15358,059587319853;0,0;0
2025-08-25;15358,059587319853;15358,059587319853;0,0;0
2025-08-26;15358,059587319853;15358,059587319853;0,0;0
2025-08-27;15358,059587319853;15358,059587319853;0,0;0
2025-08-28;15358,059587319853;15358,059587319853;0,0;0
2025-08-29;15358,059587319853;15358,059587319853;0,0;0
2025-09-02;15358,059587319853;15358,059587319853;0,0;0
2025-09-03;15358,059587319853;15358,059587319853;0,0;0
2025-09-04;15358,059587319853;15358,059587319853;0,0;0
2025-09-05;15358,059587319853;15358,059587319853;0,0;0
2025-09-08;15358,059587319853;15358,059587319853;0,0;0
2025-09-09;15358,059587319853;15358,059587319853;0,0;0
2025-09-10;15358,059587319853;15358,059587319853;0,0;0
2025-09-11;15358,059587319853;15358,059587319853;0,0;0
2025-09-12;15358,059587319853;15358,059587319853;0,0;0
2025-09-15;15358,059587319853;15358,059587319853;0,0;0
2025-09-16;15358,059587319853;15358,059587319853;0,0;0
2025-09-17;15358,059587319853;15358,059587319853;0,0;0
2025-09-18;15358,059587319853;15358,059587319853;0,0;0
2025-09-19;15358,059587319853;15358,059587319853;0,0;0
2025-09-22;15358,059587319853;15358,059587319853;0,0;0
2025-09-23;15358,059587319853;15358,059587319853;0,0;0
2025-09-24;15358,059587319853;15358,059587319853;0,0;0
2025-09-25;15358,059587319853;15358,059587319853;0,0;0
2025-09-26;15358,059587319853;15358,059587319853;0,0;0
2025-09-29;15358,059587319853;15358,059587319853;0,0;0
2025-09-30;15358,059587319853;15358,059587319853;0,0;0
2025-10-01;15358,059587319853;15358,059587319853;0,0;0
2025-10-02;15358,059587319853;15358,059587319853;0,0;0
2025-10-03;15358,059587319853;15358,059587319853;0,0;0
2025-10-06;15358,059587319853;15358,059587319853;0,0;0
2025-10-07;15358,059587319853;15358,059587319853;0,0;0
2025-10-08;15358,059587319853;15358,059587319853;0,0;0
2025-10-09;15358,059587319853;15358,059587319853;0,0;0
2025-10-10;15358,059587319853;15358,059587319853;0,0;0
2025-10-13;15358,059587319853;15358,059587319853;0,0;0
2025-10-14;15358,059587319853;15358,059587319853;0,0;0
2025-10-15;15358,059587319853;15358,059587319853;0,0;0
2025-10-16;15358,059587319853;15358,059587319853;0,0;0
2025-10-17;15358,059587319853;15358,059587319853;0,0;0
2025-10-20;15358,059587319853;15358,059587319853;0,0;0
2025-10-21;15358,059587319853;15358,059587319853;0,0;0
2025-10-22;15358,059587319853;15358,059587319853;0,0;0
2025-10-23;15358,059587319853;15358,059587319853;0,0;0
2025-10-24;15358,059587319853;15358,059587319853;0,0;0
2025-10-27;15358,059587319853;15358,059587319853;0,0;0
2025-10-28;15358,059587319853;15358,059587319853;0,0;0
2025-10-29;15358,059587319853;15358,059587319853;0,0;0
2025-10-30;15358,059587319853;15358,059587319853;0,0;0
2025-10-31;15358,059587319853;15358,059587319853;0,0;0
2025-11-03;15358,059587319853;15358,059587319853;0,0;0
2025-11-04;15358,059587319853;15358,059587319853;0,0;0
2025-11-05;15358,059587319853;15358,059587319853;0,0;0
2025-11-06;15358,059587319853;15358,059587319853;0,0;0
2025-11-07;15358,059587319853;15358,059587319853;0,0;0
2025-11-10;15358,059587319853;15358,059587319853;0,0;0
2025-11-11;15358,059587319853;15358,059587319853;0,0;0
2025-11-12;15358,059587319853;15358,059587319853;0,0;0
2025-11-13;15358,059587319853;15358,059587319853;0,0;0
2025-11-14;15358,059587319853;15358,059587319853;0,0;0
2025-11-17;15358,059587319853;15358,059587319853;0,0;0
2025-11-18;15358,059587319853;15358,059587319853;0,0;0
2025-11-19;15358,059587319853;15358,059587319853;0,0;0
2025-11-20;15358,059587319853;15358,059587319853;0,0;0
2025-11-21;15358,059587319853;15358,059587319853;0,0;0
2025-11-24;15358,059587319853;15358,059587319853;0,0;0
2025-11-25;15358,059587319853;15358,059587319853;0,0;0
2025-11-26;15358,059587319853;15358,059587319853;0,0;0
2025-11-28;15358,059587319853;15358,059587319853;0,0;0
2025-12-01;15358,059587319853;15358,059587319853;0,0;0
2025-12-02;15358,059587319853;15358,059587319853;0,0;0
2025-12-03;15358,059587319853;15358,059587319853;0,0;0
2025-12-04;15358,059587319853;15358,059587319853;0,0;0
2025-12-05;15358,059587319853;15358,059587319853;0,0;0
2025-12-08;15358,059587319853;15358,059587319853;0,0;0
2025-12-09;15358,059587319853;15358,059587319853;0,0;0
2025-12-10;15358,059587319853;15358,059587319853;0,0;0
2025-12-11;15358,059587319853;15358,059587319853;0,0;0
2025-12-12;15358,059587319853;15358,059587319853;0,0;0
2025-12-15;15358,059587319853;15358,059587319853;0,0;0
2025-12-16;15358,059587319853;15358,059587319853;0,0;0
2025-12-17;15358,059587319853;15358,059587319853;0,0;0
2025-12-18;15358,059587319853;15358,059587319853;0,0;0
2025-12-19;15358,059587319853;15358,059587319853;0,0;0
2025-12-22;15358,059587319853;15358,059587319853;0,0;0
2025-12-23;15358,059587319853;15358,059587319853;0,0;0
2025-12-24;15358,059587319853;15358,059587319853;0,0;0
2025-12-26;15358,059587319853;15358,059587319853;0,0;0
2025-12-29;15358,059587319853;15358,059587319853;0,0;0
2025-12-30;15358,059587319853;15358,059587319853;0,0;0
2025-12-31;15358,059587319853;15358,059587319853;0,0;0
2026-01-02;15358,059587319853;15358,059587319853;0,0;0
2026-01-05;15358,059587319853;15358,059587319853;0,0;0
2026-01-06;15358,059587319853;15358,059587319853;0,0;0
2026-01-07;15358,059587319853;15358,059587319853;0,0;0
2026-01-08;15358,059587319853;15358,059587319853;0,0;0
2026-01-09;15358,059587319853;15358,059587319853;0,0;0
2026-01-12;15358,059587319853;15358,059587319853;0,0;0
2026-01-13;15358,059587319853;15358,059587319853;0,0;0
2026-01-14;15358,059587319853;15358,059587319853;0,0;0
2026-01-15;15358,059587319853;15358,059587319853;0,0;0
2026-01-16;15358,059587319853;15358,059587319853;0,0;0
2026-01-20;15358,059587319853;15358,059587319853;0,0;0
2026-01-21;15358,059587319853;15358,059587319853;0,0;0
2026-01-22;15358,059587319853;15358,059587319853;0,0;0
2026-01-23;15358,059587319853;15358,059587319853;0,0;0
2026-01-26;15358,059587319853;15358,059587319853;0,0;0
2026-01-27;15358,059587319853;15358,059587319853;0,0;0
2026-01-28;15358,059587319853;15358,059587319853;0,0;0
2026-01-29;15358,059587319853;15358,059587319853;0,0;0
2026-01-30;15358,059587319853;15358,059587319853;0,0;0
2026-02-02;15358,059587319853;15358,059587319853;0,0;0
2026-02-03;15358,059587319853;15358,059587319853;0,0;0
2026-02-04;15358,059587319853;15358,059587319853;0,0;0
2026-02-05;15358,059587319853;15358,059587319853;0,0;0
2026-02-06;15358,059587319853;15358,059587319853;0,0;0
2026-02-09;15358,059587319853;15358,059587319853;0,0;0
2026-02-10;15358,059587319853;15358,059587319853;0,0;0
2026-02-11;15358,059587319853;15358,059587319853;0,0;0
2026-02-12;15358,059587319853;15358,059587319853;0,0;0
2026-02-13;15358,059587319853;15358,059587319853;0,0;0
2026-02-17;15358,059587319853;15358,059587319853;0,0;0
2026-02-18;15358,059587319853;15358,059587319853;0,0;0
2026-02-19;15358,059587319853;15358,059587319853;0,0;0
2026-02-20;15358,059587319853;15358,059587319853;0,0;0
2026-02-23;15358,059587319853;15358,059587319853;0,0;0
2026-02-24;15358,059587319853;15358,059587319853;0,0;0
2026-02-25;15358,059587319853;15358,059587319853;0,0;0
2026-02-26;15358,059587319853;15358,059587319853;0,0;0
2026-02-27;15358,059587319853;15358,059587319853;0,0;0
2026-03-02;15358,059587319853;15358,059587319853;0,0;0
2026-03-03;15358,059587319853;15358,059587319853;0,0;0
2026-03-04;15358,059587319853;15358,059587319853;0,0;0
2026-03-05;15358,059587319853;15358,059587319853;0,0;0
2026-03-06;15358,059587319853;15358,059587319853;0,0;0
2026-03-09;15358,059587319853;15358,059587319853;0,0;0
2026-03-10;15358,059587319853;15358,059587319853;0,0;0
2026-03-11;15358,059587319853;15358,059587319853;0,0;0
2026-03-12;15358,059587319853;15358,059587319853;0,0;0
2026-03-13;15358,059587319853;15358,059587319853;0,0;0
2026-03-16;15358,059587319853;15358,059587319853;0,0;0
2026-03-17;15358,059587319853;15358,059587319853;0,0;0
2026-03-18;15358,059587319853;15358,059587319853;0,0;0
2026-03-19;15358,059587319853;15358,059587319853;0,0;0
2026-03-20;15358,059587319853;15358,059587319853;0,0;0
2026-03-23;15358,059587319853;15358,059587319853;0,0;0
2026-03-24;15358,059587319853;15358,059587319853;0,0;0
2026-03-25;15358,059587319853;15358,059587319853;0,0;0
2026-03-26;15358,059587319853;15358,059587319853;0,0;0
2026-03-27;15358,059587319853;15358,059587319853;0,0;0
2026-03-30;15358,059587319853;15358,059587319853;0,0;0
2026-03-31;15358,059587319853;15358,059587319853;0,0;0
2026-04-01;15358,059587319853;15358,059587319853;0,0;0
2026-04-02;15358,059587319853;15358,059587319853;0,0;0
2026-04-06;15358,059587319853;15358,059587319853;0,0;0
2026-04-07;15358,059587319853;15358,059587319853;0,0;0
2026-04-08;15358,059587319853;15358,059587319853;0,0;0
2026-04-09;15358,059587319853;15358,059587319853;0,0;0
2026-04-10;15358,059587319853;15358,059587319853;0,0;0
2026-04-13;15358,059587319853;15358,059587319853;0,0;0
2026-04-14;15358,059587319853;15358,059587319853;0,0;0
2026-04-15;15358,059587319853;15358,059587319853;0,0;0
2026-04-16;15358,059587319853;15358,059587319853;0,0;0
2026-04-17;15358,059587319853;15358,059587319853;0,0;0
2026-04-20;15358,059587319853;15358,059587319853;0,0;0
2026-04-21;15358,059587319853;15358,059587319853;0,0;0
2026-04-22;15358,059587319853;15358,059587319853;0,0;0
2026-04-23;15358,059587319853;15358,059587319853;0,0;0
2026-04-24;15358,059587319853;15358,059587319853;0,0;0
2026-04-27;15358,059587319853;15358,059587319853;0,0;0
2026-04-28;15358,059587319853;15358,059587319853;0,0;0
2026-04-29;15358,059587319853;15358,059587319853;0,0;0
2026-04-30;15358,059587319853;15358,059587319853;0,0;0
2026-05-01;15358,059587319853;15358,059587319853;0,0;0
2026-05-04;15358,059587319853;15358,059587319853;0,0;0
2026-05-05;15358,059587319853;15358,059587319853;0,0;0
2026-05-06;15358,059587319853;15358,059587319853;0,0;0
2026-05-07;15358,059587319853;15358,059587319853;0,0;0
2026-05-08;15358,059587319853;15358,059587319853;0,0;0
2026-05-11;15358,059587319853;15358,059587319853;0,0;0
2026-05-12;15358,059587319853;15358,059587319853;0,0;0
2026-05-13;15358,059587319853;15358,059587319853;0,0;0
2026-05-14;15358,059587319853;15358,059587319853;0,0;0
2026-05-15;15358,059587319853;15358,059587319853;0,0;0
2026-05-18;15358,059587319853;15358,059587319853;0,0;0
2026-05-19;15358,059587319853;15358,059587319853;0,0;0
2026-05-20;15358,059587319853;15358,059587319853;0,0;0
2026-05-21;15358,059587319853;15358,059587319853;0,0;0
2026-05-22;15358,059587319853;15358,059587319853;0,0;0
