date;strategy_equity;spy_equity;strategy_daily_return_pct;spy_daily_return_pct;excess_daily_return_pct;winner
1999-01-04;10000,0;10000,0;0,0;0,0;0,0;tie
1999-01-05;10000,0;10114,300228600458;0,0;1,1430022860045685;-1,1430022860045685;spy
1999-01-06;10000,0;10358,140716281432;0,0;2,4108488196885824;-2,4108488196885824;spy
1999-01-07;10000,0;10307,340614681229;0,0;-0,49043648847474364;0,49043648847474364;strategy
1999-01-08;10000,0;10383,540767081533;0,0;0,7392804337111869;-0,7392804337111869;spy
1999-01-11;10000,0;10284,480568961138;0,0;-0,9540117416829585;0,9540117416829585;strategy
1999-01-12;10000,0;10099,060198120394;0,0;-1,8029142998271408;1,8029142998271408;strategy
1999-01-13;10000,0;10027,940055880112;0,0;-0,704225352112664;0,704225352112664;strategy
1999-01-14;10000,0;9852,679705359411;0,0;-1,747720364741634;1,747720364741634;strategy
1999-01-15;10000,0;10109,220218440438;0,0;2,6037638566640986;-2,6037638566640986;spy
1999-01-19;10000,0;10175,2603505207;0,0;0,6532663316582754;-0,6532663316582754;spy
1999-01-20;10000,0;10256,540513081027;0,0;0,7988017973040495;-0,7988017973040495;spy
1999-01-21;10000,0;9984,759969519939;0,0;-2,6498266468548914;2,6498266468548914;strategy
1999-01-22;10000,0;9961,899923799847;0,0;-0,22894937674892146;0,22894937674892146;strategy
1999-01-25;10000,0;10063,500127000254;0,0;1,0198878123406585;-1,0198878123406585;spy
1999-01-26;10000,0;10246,380492760985;0,0;1,8172640080767355;-1,8172640080767355;spy
1999-01-27;10000,0;10127,000254000508;0,0;-1,1650966782350003;1,1650966782350003;strategy
1999-01-28;10000,0;10297,180594361189;0,0;1,680461499874597;-1,680461499874597;spy
1999-01-29;10000,0;10375,920751841502;0,0;0,764676862358149;-0,764676862358149;spy
1999-02-01;10000,0;10314,96062992126;0,0;-0,5875152998775945;0,5875152998775945;strategy
1999-02-02;10000,0;10251,460502921005;0,0;-0,615611918246739;0,615611918246739;strategy
1999-02-03;10000,0;10355,600711201423;0,0;1,015857284440047;-1,015857284440047;spy
1999-02-04;10000,0;10200,660401320802;0,0;-1,496198184939923;1,496198184939923;strategy
1999-02-05;10000,0;10083,820167640337;0,0;-1,1454183266932039;1,1454183266932039;strategy
1999-02-08;10000,0;10104,140208280416;0,0;0,201511335012583;-0,201511335012583;spy
1999-02-09;10000,0;9878,079756159512;0,0;-2,2373051784816522;2,2373051784816522;strategy
1999-02-10;10000,0;9941,579883159768;0,0;0,642838776034993;-0,642838776034993;spy
1999-02-11;10000,0;10170,180340360681;0,0;2,2994379151762834;-2,2994379151762834;spy
1999-02-12;10000,0;10048,260096520195;0,0;-1,1988011988011804;1,1988011988011804;strategy
1999-02-16;10000,0;9987,29997459995;0,0;-0,6066734074823166;0,6066734074823166;strategy
1999-02-17;10000,0;9977,139954279908;0,0;-0,10172939979654627;0,10172939979654627;strategy
1999-02-18;10000,0;10055,880111760223;0,0;0,7892057026476662;-0,7892057026476662;spy
1999-02-19;10000,0;10099,060198120394;0,0;0,429401363980797;-0,429401363980797;spy
1999-02-22;10000,0;10368,300736601472;0,0;2,665995975855129;-2,665995975855129;spy
1999-02-23;10000,0;10363,220726441454;0,0;-0,04899559039683865;0,04899559039683865;strategy
1999-02-24;10000,0;10180,340360680722;0,0;-1,764705882352935;1,764705882352935;strategy
1999-02-25;10000,0;10083,820167640337;0,0;-0,948103792415167;0,948103792415167;strategy
1999-02-26;10000,0;10043,180086360173;0,0;-0,4030226700251993;0,4030226700251993;strategy
1999-03-01;10000,0;10071,120142240285;0,0;0,2781992918563514;-0,2781992918563514;spy
1999-03-02;10000,0;9982,21996443993;0,0;-0,8827238335434973;0,8827238335434973;strategy
1999-03-03;10000,0;10035,560071120142;0,0;0,5343511450381699;-0,5343511450381699;spy
1999-03-04;10000,0;10162,56032512065;0,0;1,265502404454577;-1,265502404454577;spy
1999-03-05;10000,0;10367,030734061469;0,0;2,01199700074981;-2,01199700074981;spy
1999-03-08;10000,0;10434,340868681737;0,0;0,6492711013107666;-0,6492711013107666;spy
1999-03-09;10000,0;10408,940817881636;0,0;-0,24342745861732906;0,24342745861732906;strategy
1999-03-10;10000,0;10500,381000762003;0,0;0,8784773060029449;-0,8784773060029449;spy
1999-03-11;10000,0;10617,221234442468;0,0;1,1127237542331692;-1,1127237542331692;spy
1999-03-12;10000,0;10515,621031242063;0,0;-0,9569377990430561;0,9569377990430561;strategy
1999-03-15;10000,0;10665,481330962662;0,0;1,425120772946853;-1,425120772946853;spy
1999-03-16;10000,0;10624,8412496825;0,0;-0,3810431055013108;0,3810431055013108;strategy
1999-03-17;10000,0;10579,121158242317;0,0;-0,4303131723643383;0,4303131723643383;strategy
1999-03-18;10000,0;10749,301498602998;0,0;1,6086434573829633;-1,6086434573829633;spy
1999-03-19;10000,0;10541,021082042163;0,0;-1,937618147448028;1,937618147448028;strategy
1999-03-22;10000,0;10561,341122682246;0,0;0,1927710843373731;-0,1927710843373731;spy
1999-03-23;10000,0;10256,540513081027;0,0;-2,886002886002892;2,886002886002892;strategy
1999-03-24;10000,0;10314,96062992126;0,0;0,5695889053987102;-0,5695889053987102;spy
1999-03-25;10000,0;10525,781051562104;0,0;2,043831568579191;-2,043831568579191;spy
1999-03-26;10000,0;10449,5808991618;0,0;-0,7239382239382253;0,7239382239382253;strategy
1999-03-29;10000,0;10660,40132080264;0,0;2,0175012153621497;-2,0175012153621497;spy
1999-03-30;10000,0;10604,52120904242;0,0;-0,5241839409101501;0,5241839409101501;strategy
1999-03-31;10000,0;10434,340868681737;0,0;-1,6047904191616946;1,6047904191616946;strategy
1999-04-01;10000,0;10513,081026162052;0,0;0,7546251217137367;-0,7546251217137367;spy
1999-04-05;10000,0;10762,001524003048;0,0;2,367721671901424;-2,367721671901424;spy
1999-04-06;10000,0;10736,601473202947;0,0;-0,23601604909133655;0,23601604909133655;strategy
1999-04-07;10000,0;10822,961645923293;0,0;0,8043529690087592;-0,8043529690087592;spy
1999-04-08;10000,0;10960,121920243842;0,0;1,267308143628254;-1,267308143628254;spy
1999-04-09;10000,0;10962,661925323851;0,0;0,02317497103128119;-0,02317497103128119;spy
1999-04-12;10000,0;11079,502159004318;0,0;1,065801668211308;-1,065801668211308;spy
1999-04-13;10000,0;11008,382016764033;0,0;-0,6419073819348919;0,6419073819348919;strategy
1999-04-14;10000,0;10822,961645923293;0,0;-1,684356252884156;1,684356252884156;strategy
1999-04-15;10000,0;10782,321564643129;0,0;-0,3754987092231987;0,3754987092231987;strategy
1999-04-16;10000,0;10690,881381762765;0,0;-0,8480565371024595;0,8480565371024595;strategy
1999-04-19;10000,0;10525,781051562104;0,0;-1,5443098123069654;1,5443098123069654;strategy
1999-04-20;10000,0;10657,861315722632;0,0;1,2548262548262468;-1,2548262548262468;spy
1999-04-21;10000,0;10962,661925323851;0,0;2,8598665395614953;-2,8598665395614953;spy
1999-04-22;10000,0;11066,802133604268;0,0;0,9499536607970205;-0,9499536607970205;spy
1999-04-23;10000,0;11038,862077724156;0,0;-0,2524672940096395;0,2524672940096395;strategy
1999-04-26;10000,0;11102,36220472441;0,0;0,5752416014726203;-0,5752416014726203;spy
1999-04-27;10000,0;11155,702311404622;0,0;0,48043925875085325;-0,48043925875085325;spy
1999-04-28;10000,0;11003,302006604012;0,0;-1,3661202185792476;1,3661202185792476;strategy
1999-04-29;10000,0;10919,481838963678;0,0;-0,7617728531855716;0,7617728531855716;strategy
1999-04-30;10000,0;10830,581661163324;0,0;-0,8141428239125337;0,8141428239125337;strategy
1999-05-03;10000,0;11028,702057404114;0,0;1,8292682926829062;-1,8292682926829062;spy
1999-05-04;10000,0;10871,221742443484;0,0;-1,4279134039613117;1,4279134039613117;strategy
1999-05-05;10000,0;10957,58191516383;0,0;0,7943925233644844;-0,7943925233644844;spy
1999-05-06;10000,0;10890,27178054356;0,0;-0,6142790913305496;0,6142790913305496;strategy
1999-05-07;10000,0;10972,821945643891;0,0;0,7580174927113825;-0,7580174927113825;spy
1999-05-10;10000,0;10918,211836423672;0,0;-0,49768518518519267;0,49768518518519267;strategy
1999-05-11;10000,0;11028,702057404114;0,0;1,011980923577993;-1,011980923577993;spy
1999-05-12;10000,0;11115,06223012446;0,0;0,7830492860432914;-0,7830492860432914;spy
1999-05-13;10000,0;11163,322326644653;0,0;0,43418647166362234;-0,43418647166362234;spy
1999-05-14;10000,0;10873,761747523497;0,0;-2,5938566552900832;2,5938566552900832;strategy
1999-05-17;10000,0;10906,781813563626;0,0;0,303667367437499;-0,303667367437499;spy
1999-05-18;10000,0;10886,461772923545;0,0;-0,18630647414997759;0,18630647414997759;strategy
1999-05-19;10000,0;10965,20193040386;0,0;0,7232851143257113;-0,7232851143257113;spy
1999-05-20;10000,0;10899,161798323596;0,0;-0,6022700949733673;0,6022700949733673;strategy
1999-05-21;10000,0;10838,201676403352;0,0;-0,5593101841062653;0,5593101841062653;strategy
1999-05-24;10000,0;10657,861315722632;0,0;-1,6639325052730136;1,6639325052730136;strategy
1999-05-25;10000,0;10485,14097028194;0,0;-1,620591039084851;1,620591039084851;strategy
1999-05-26;10000,0;10601,981203962407;0,0;1,1143410852713087;-1,1143410852713087;spy
1999-05-27;10000,0;10449,5808991618;0,0;-1,4374700527072126;1,4374700527072126;strategy
1999-05-28;10000,0;10582,931165862332;0,0;1,276130286825472;-1,276130286825472;spy
1999-06-01;10000,0;10546,101092202185;0,0;-0,34801392055682223;0,34801392055682223;strategy
1999-06-02;10000,0;10556,261112522225;0,0;0,09633911368014392;-0,09633911368014392;spy
1999-06-03;10000,0;10614,681229362459;0,0;0,553416746871993;-0,553416746871993;spy
1999-06-04;10000,0;10828,041656083311;0,0;2,010050251256268;-2,010050251256268;spy
1999-06-07;10000,0;10855,981711963424;0,0;0,25803424818204856;-0,25803424818204856;spy
1999-06-08;10000,0;10749,301498602998;0,0;-0,9826860084230282;0,9826860084230282;strategy
1999-06-09;10000,0;10739,141478282956;0,0;-0,0945179584121103;0,0945179584121103;strategy
1999-06-10;10000,0;10640,081280162562;0,0;-0,922421948912;0,922421948912;strategy
1999-06-11;10000,0;10551,181102362203;0,0;-0,8355216042015057;0,8355216042015057;strategy
1999-06-14;10000,0;10561,341122682246;0,0;0,09629272989892801;-0,09629272989892801;spy
1999-06-15;10000,0;10632,461264922531;0,0;0,6734006734006703;-0,6734006734006703;spy
1999-06-16;10000,0;10835,661671323342;0,0;1,9111323459149343;-1,9111323459149343;spy
1999-06-17;10000,0;10937,261874523749;0,0;0,9376465072667761;-0,9376465072667761;spy
1999-06-18;10000,0;10916,94183388367;0,0;-0,18578727357174696;0,18578727357174696;strategy
1999-06-21;10000,0;10942,341884683769;0,0;0,2326663564448328;-0,2326663564448328;spy
1999-06-22;10000,0;10866,141732283466;0,0;-0,6963788300835438;0,6963788300835438;strategy
1999-06-23;10000,0;10812,801625603252;0,0;-0,4908835904628428;0,4908835904628428;strategy
1999-06-24;10000,0;10731,521463042925;0,0;-0,7517030772844824;0,7517030772844824;strategy
1999-06-25;10000,0;10704,85140970282;0,0;-0,24852071005916354;0,24852071005916354;strategy
1999-06-28;10000,0;10835,661671323342;0,0;1,221971764147578;-1,221971764147578;spy
1999-06-29;10000,0;10937,261874523749;0,0;0,9376465072667761;-0,9376465072667761;spy
1999-06-30;10000,0;11135,382270764543;0,0;1,8114259173246827;-1,8114259173246827;spy
1999-07-01;10000,0;11219,202438404876;0,0;0,7527372262773557;-0,7527372262773557;spy
1999-07-02;10000,0;11330,962661925323;0,0;0,9961512338691358;-0,9961512338691358;spy
1999-07-06;10000,0;11328,422656845314;0,0;-0,022416498542920937;0,022416498542920937;strategy
1999-07-07;10000,0;11343,662687325375;0,0;0,1345291479820654;-0,1345291479820654;spy
1999-07-08;10000,0;11352,55270510541;0,0;0,07836990595611049;-0,07836990595611049;spy
1999-07-09;10000,0;11419,862839725678;0,0;0,5929074840586024;-0,5929074840586024;spy
1999-07-12;10000,0;11369,062738125478;0,0;-0,4448398576512136;0,4448398576512136;strategy
1999-07-13;10000,0;11328,422656845314;0,0;-0,3574620196604261;0,3574620196604261;strategy
1999-07-14;10000,0;11391,922783845568;0,0;0,5605381165919354;-0,5605381165919354;spy
1999-07-15;10000,0;11464,312928625857;0,0;0,6354515050167153;-0,6354515050167153;spy
1999-07-16;10000,0;11526,543053086107;0,0;0,5428159964550927;-0,5428159964550927;spy
1999-07-19;10000,0;11450,342900685802;0,0;-0,6610841780520071;0,6610841780520071;strategy
1999-07-20;10000,0;11215,392430784861;0,0;-2,0519077196095914;2,0519077196095914;strategy
1999-07-21;10000,0;11202,69240538481;0,0;-0,11323745895142068;0,11323745895142068;strategy
1999-07-22;10000,0;11055,372110744222;0,0;-1,3150436458451376;1,3150436458451376;strategy
1999-07-23;10000,0;11033,782067564136;0,0;-0,1952900631820742;0,1952900631820742;strategy
1999-07-26;10000,0;10952,50190500381;0,0;-0,7366482504604144;0,7366482504604144;strategy
1999-07-27;10000,0;11043,942087884176;0,0;0,8348794063079756;-0,8348794063079756;spy
1999-07-28;10000,0;11079,502159004318;0,0;0,3219871205151881;-0,3219871205151881;spy
1999-07-29;10000,0;10924,561849123696;0,0;-1,3984410820724547;1,3984410820724547;strategy
1999-07-30;10000,0;10789,94157988316;0,0;-1,232271564752363;1,232271564752363;strategy
1999-08-02;10000,0;10815,341630683262;0,0;0,23540489642186468;-0,23540489642186468;spy
1999-08-03;10000,0;10764,541529083059;0,0;-0,4697040864255597;0,4697040864255597;strategy
1999-08-04;10000,0;10617,221234442468;0,0;-1,3685700802265388;1,3685700802265388;strategy
1999-08-05;10000,0;10713,741427482855;0,0;0,909090909090926;-0,909090909090926;spy
1999-08-06;10000,0;10596,901193802389;0,0;-1,0905642484589806;1,0905642484589806;strategy
1999-08-09;10000,0;10574,041148082297;0,0;-0,2157238734419975;0,2157238734419975;strategy
1999-08-10;10000,0;10457,20091440183;0,0;-1,104972375690605;1,104972375690605;strategy
1999-08-11;10000,0;10584,201168402336;0,0;1,2144765606023622;-1,2144765606023622;spy
1999-08-12;10000,0;10577,851155702312;0,0;-0,05999520038395545;0,05999520038395545;strategy
1999-08-13;10000,0;10822,961645923293;0,0;2,3172049465722155;-2,3172049465722155;spy
1999-08-16;10000,0;10871,221742443484;0,0;0,44590471720251657;-0,44590471720251657;spy
1999-08-17;10000,0;10942,341884683769;0,0;0,6542056074766434;-0,6542056074766434;spy
1999-08-18;10000,0;10863,601727203453;0,0;-0,7195914577530216;0,7195914577530216;strategy
1999-08-19;10000,0;10774,701549403098;0,0;-0,8183306055646433;0,8183306055646433;strategy
1999-08-20;10000,0;10883,921767843536;0,0;1,0136727958510283;-1,0136727958510283;spy
1999-08-23;10000,0;11092,20218440437;0,0;1,9136522753792296;-1,9136522753792296;spy
1999-08-24;10000,0;11132,84226568453;0,0;0,36638424547741355;-0,36638424547741355;spy
1999-08-25;10000,0;11247,14249428499;0,0;1,0266940451745477;-1,0266940451745477;spy
1999-08-26;10000,0;11112,52222504445;0,0;-1,1969286359530429;1,1969286359530429;strategy
1999-08-27;10000,0;10977,901955803913;0,0;-1,2114285714285522;1,2114285714285522;strategy
1999-08-30;10000,0;10774,701549403098;0,0;-1,8509949097640144;1,8509949097640144;strategy
1999-08-31;10000,0;10734,061468122934;0,0;-0,3771805752003865;0,3771805752003865;strategy
1999-09-01;10000,0;10866,141732283466;0,0;1,2304779933743681;-1,2304779933743681;spy
1999-09-02;10000,0;10737,87147574295;0,0;-1,1804581580177942;1,1804581580177942;strategy
1999-09-03;10000,0;11051,562103124206;0,0;2,921348314606753;-2,921348314606753;spy
1999-09-07;10000,0;11010,922021844042;0,0;-0,36773155596415696;0,36773155596415696;strategy
1999-09-08;10000,0;10957,58191516383;0,0;-0,48442906574394096;0,48442906574394096;strategy
1999-09-09;10000,0;10952,50190500381;0,0;-0,046360686138147145;0,046360686138147145;strategy
1999-09-10;10000,0;11043,942087884176;0,0;0,8348794063079756;-0,8348794063079756;spy
1999-09-13;10000,0;10969,011938023876;0,0;-0,678472861085555;0,678472861085555;strategy
1999-09-14;10000,0;10896,621793243587;0,0;-0,6599513720041639;0,6599513720041639;strategy
1999-09-15;10000,0;10723,901447802895;0,0;-1,5850815850815936;1,5850815850815936;strategy
1999-09-16;10000,0;10765,811531623063;0,0;0,3908100426338379;-0,3908100426338379;spy
1999-09-17;10000,0;10871,221742443484;0,0;0,9791199716880916;-0,9791199716880916;spy
1999-09-20;10000,0;10855,981711963424;0,0;-0,14018691588784105;0,14018691588784105;strategy
1999-09-21;10000,0;10627,38125476251;0,0;-2,1057557323350573;2,1057557323350573;strategy
1999-09-22;10000,0;10615,951231902463;0,0;-0,10755258126194933;0,10755258126194933;strategy
1999-09-23;10000,0;10393,700787401574;0,0;-2,0935518602703707;2,0935518602703707;strategy
1999-09-24;10000,0;10383,540767081533;0,0;-0,09775171065494748;0,09775171065494748;strategy
1999-09-27;10000,0;10452,120904241809;0,0;0,6604696673189858;-0,6604696673189858;spy
1999-09-28;10000,0;10431,800863601728;0,0;-0,1944106925880873;0,1944106925880873;strategy
1999-09-29;10000,0;10307,340614681229;0,0;-1,1930849768687746;1,1930849768687746;strategy
1999-09-30;10000,0;10464,82092964186;0,0;1,5278462296698159;-1,5278462296698159;spy
1999-10-01;10000,0;10441,960883921769;0,0;-0,21844660194174637;0,21844660194174637;strategy
1999-10-04;10000,0;10627,38125476251;0,0;1,7757236682072408;-1,7757236682072408;spy
1999-10-05;10000,0;10617,221234442468;0,0;-0,09560229445507717;0,09560229445507717;strategy
1999-10-06;10000,0;10779,78155956312;0,0;1,5311004784689164;-1,5311004784689164;spy
1999-10-07;10000,0;10718,821437642875;0,0;-0,5655042412818223;0,5655042412818223;strategy
1999-10-08;10000,0;10881,381762763525;0,0;1,516587677725112;-1,516587677725112;spy
1999-10-11;10000,0;10863,601727203453;0,0;-0,16339869281046804;0,16339869281046804;strategy
1999-10-12;10000,0;10695,961391922783;0,0;-1,5431377133504731;1,5431377133504731;strategy
1999-10-13;10000,0;10419,100838201675;0,0;-2,588458798385185;2,588458798385185;strategy
1999-10-14;10000,0;10416,560833121666;0,0;-0,024378352023390892;0,024378352023390892;strategy
1999-10-15;10000,0;10149,860299720598;0,0;-2,560351133869798;2,560351133869798;strategy
1999-10-18;10000,0;10223,520447040895;0,0;0,7257257257257566;-0,7257257257257566;spy
1999-10-19;10000,0;10322,58064516129;0,0;0,9689440993788656;-0,9689440993788656;spy
1999-10-20;10000,0;10424,180848361697;0,0;0,9842519685039353;-0,9842519685039353;spy
1999-10-21;10000,0;10485,14097028194;0,0;0,5847953216374213;-0,5847953216374213;spy
1999-10-22;10000,0;10574,041148082297;0,0;0,8478682170542706;-0,8478682170542706;spy
1999-10-25;10000,0;10520,701041402082;0,0;-0,5044439106413723;0,5044439106413723;strategy
1999-10-26;10000,0;10388,620777241555;0,0;-1,2554321583775896;1,2554321583775896;strategy
1999-10-27;10000,0;10576,581153162306;0,0;1,8092909535452284;-1,8092909535452284;spy
1999-10-28;10000,0;10937,261874523749;0,0;3,410182516810756;-3,410182516810756;spy
1999-10-29;10000,0;11135,382270764543;0,0;1,8114259173246827;-1,8114259173246827;spy
1999-11-01;10000,0;11018,542037084073;0,0;-1,0492700729927251;1,0492700729927251;strategy
1999-11-02;10000,0;10939,80187960376;0,0;-0,7146150299677134;0,7146150299677134;strategy
1999-11-03;10000,0;11013,462026924055;0,0;0,6733224982586661;-0,6733224982586661;spy
1999-11-04;10000,0;11097,282194564388;0,0;0,7610701107010787;-0,7610701107010787;spy
1999-11-05;10000,0;11206,502413004826;0,0;0,9842069123369379;-0,9842069123369379;spy
1999-11-08;10000,0;11216,662433324867;0,0;0,09066183136900996;-0,09066183136900996;spy
1999-11-09;10000,0;11111,252222504445;0,0;-0,9397644927536253;0,9397644927536253;strategy
1999-11-10;10000,0;11193,802387604774;0,0;0,7429420505200568;-0,7429420505200568;spy
1999-11-11;10000,0;11257,30251460503;0,0;0,5672793283412858;-0,5672793283412858;spy
1999-11-12;10000,0;11358,902717805435;0,0;0,902527075812265;-0,902527075812265;spy
1999-11-15;10000,0;11385,572771145542;0,0;0,2347942754919563;-0,2347942754919563;spy
1999-11-16;10000,0;11480,822961645923;0,0;0,8365867261572735;-0,8365867261572735;spy
1999-11-17;10000,0;11511,303022606045;0,0;0,26548672566373277;-0,26548672566373277;spy
1999-11-18;10000,0;11592,58318516637;0,0;0,7060900264783676;-0,7060900264783676;spy
1999-11-19;10000,0;11582,42316484633;0,0;-0,08764241893075564;0,08764241893075564;strategy
1999-11-22;10000,0;11579,88315976632;0,0;-0,021929824561406353;0,021929824561406353;strategy
1999-11-23;10000,0;11478,282956565912;0,0;-0,8773853915332364;0,8773853915332364;strategy
1999-11-24;10000,0;11539,243078486157;0,0;0,5310909493250859;-0,5310909493250859;spy
1999-11-26;10000,0;11496,062992125984;0,0;-0,37420206911732423;0,37420206911732423;strategy
1999-11-29;10000,0;11455,422910845822;0,0;-0,35351303579319593;0,35351303579319593;strategy
1999-11-30;10000,0;11320,802641605283;0,0;-1,1751662971175136;1,1751662971175136;strategy
1999-12-01;10000,0;11412,24282448565;0,0;0,8077181960960189;-0,8077181960960189;spy
1999-12-02;10000,0;11480,822961645923;0,0;0,6009347874471382;-0,6009347874471382;spy
1999-12-03;10000,0;11691,643383286768;0,0;1,8362831858407258;-1,8362831858407258;spy
1999-12-06;10000,0;11605,283210566422;0,0;-0,7386487073647641;0,7386487073647641;strategy
1999-12-07;10000,0;11511,303022606045;0,0;-0,8098052090173002;0,8098052090173002;strategy
1999-12-08;10000,0;11437,64287528575;0,0;-0,6398940864960401;0,6398940864960401;strategy
1999-12-09;10000,0;11493,522987045973;0,0;0,4885631801021528;-0,4885631801021528;spy
1999-12-10;10000,0;11531,623063246127;0,0;0,33149171270718814;-0,33149171270718814;spy
1999-12-13;10000,0;11551,94310388621;0,0;0,17621145374451253;-0,17621145374451253;spy
1999-12-14;10000,0;11440,18288036576;0,0;-0,9674582233949125;0,9674582233949125;strategy
1999-12-15;10000,0;11501,143002286006;0,0;0,5328596802842034;-0,5328596802842034;spy
1999-12-16;10000,0;11551,94310388621;0,0;0,4416961130742081;-0,4416961130742081;spy
1999-12-17;10000,0;11597,663195326391;0,0;0,3957783641160839;-0,3957783641160839;spy
1999-12-20;10000,0;11513,843027686054;0,0;-0,7227332457293123;0,7227332457293123;strategy
1999-12-21;10000,0;11689,103378206755;0,0;1,5221707478491053;-1,5221707478491053;spy
1999-12-22;10000,0;11719,583439166878;0,0;0,26075619295957697;-0,26075619295957697;spy
1999-12-23;10000,0;11906,273812547624;0,0;1,5929778933680083;-1,5929778933680083;spy
1999-12-27;10000,0;11889,76377952756;0,0;-0,13866666666665362;0,13866666666665362;strategy
1999-12-28;10000,0;11882,14376428753;0,0;-0,06408886989959228;0,06408886989959228;strategy
1999-12-29;10000,0;11932,943865887732;0,0;0,42753313381784785;-0,42753313381784785;spy
1999-12-30;10000,0;11918,973837947675;0,0;-0,11707109408259919;0,11707109408259919;strategy
1999-12-31;10000,0;11938,023876047751;0,0;0,15982951518380695;-0,15982951518380695;spy
2000-01-03;10000,0;11821,183642367285;0,0;-0,9787234042553106;0,9787234042553106;strategy
2000-01-04;10000,0;11358,902717805435;0,0;-3,9106145251396773;3,9106145251396773;strategy
2000-01-05;10000,0;11379,222758445518;0,0;0,17889087656530744;-0,17889087656530744;spy
2000-01-06;10000,0;11196,342392684786;0,0;-1,6071428571428514;1,6071428571428514;strategy
2000-01-07;10000,0;11846,583693167388;0,0;5,807622504537213;-5,807622504537213;spy
2000-01-10;10000,0;11887,223774447548;0,0;0,34305317324183626;-0,34305317324183626;spy
2000-01-11;10000,0;11744,98348996698;0,0;-1,1965811965811812;1,1965811965811812;strategy
2000-01-12;10000,0;11628,143256286512;0,0;-0,9948096885813218;0,9948096885813218;strategy
2000-01-13;10000,0;11785,623571247144;0,0;1,3543031891655843;-1,3543031891655843;spy
2000-01-14;10000,0;11945,643891287782;0,0;1,3577586206896308;-1,3577586206896308;spy
2000-01-18;10000,0;11851,663703327406;0,0;-0,7867318732723838;0,7867318732723838;strategy
2000-01-19;10000,0;11948,183896367793;0,0;0,8144020574367916;-0,8144020574367916;spy
2000-01-20;10000,0;11765,303530607061;0,0;-1,5306122448979553;1,5306122448979553;strategy
2000-01-21;10000,0;11739,903479806959;0,0;-0,21588946459413227;0,21588946459413227;strategy
2000-01-24;10000,0;11407,16281432563;0,0;-2,8342708784076076;2,8342708784076076;strategy
2000-01-25;10000,0;11536,703073406146;0,0;1,135604542418167;-1,135604542418167;spy
2000-01-26;10000,0;11445,26289052578;0,0;-0,7926023778071278;0,7926023778071278;strategy
2000-01-27;10000,0;11399,542799085599;0,0;-0,3994673768308865;0,3994673768308865;strategy
2000-01-28;10000,0;11043,942087884176;0,0;-3,1194295900178304;3,1194295900178304;strategy
2000-01-31;9986,799999999994;11343,662687325375;-0,1320000000000654;2,7138914443422424;-2,845891444342308;spy
2000-02-01;10187,953331847864;11455,422910845822;2,01419205198734;0,9852216748768461;1,028970377110494;strategy
2000-02-02;10242,11918960147;11465,582931165864;0,5316657427579807;0,08869179600887733;0,4429739467491034;strategy
2000-02-03;10380,80893599723;11638,303276606553;1,3541118183487466;1,5064244572441154;-0,15231263889536883;spy
2000-02-04;10486,647181464334;11590,04318008636;1,0195568198938076;-0,41466608467917165;1,4342229045729793;strategy
2000-02-07;10691,311036438965;11572,263144526289;1,9516614932595822;-0,15340784571554744;2,1050693389751296;strategy
2000-02-08;10874,993219373197;11729,74345948692;1,7180510632250012;1,3608428446005405;0,3572082186244607;strategy
2000-02-09;10826,80056416124;11483,362966725934;-0,4431511288310874;-2,1004763967085283;1,6573252678774408;strategy
2000-02-10;11141,761274762386;11506,223012446024;2,9090838861826507;0,1990710019907027;2,710012884191948;strategy
2000-02-11;11072,57336681509;11272,542545085089;-0,6209781940312853;-2,03090507726269;1,409926883231405;strategy
2000-02-14;11188,718855866173;11338,582677165354;1,0489475680439009;0,5858494817485349;0,463098086295366;strategy
2000-02-15;11250,601712004001;11466,852933705866;0,5530825909115133;1,1312724014336917;-0,5781898105221783;spy
2000-02-16;11351,169155275045;11297,942595885192;0,8938850191785086;-1,4730313434488829;2,3669163626273915;strategy
2000-02-17;11555,841322440923;11239,52247904496;1,803093270535605;-0,5170863309352347;2,32017960147084;strategy
2000-02-18;11557,592221872383;10998,221996443994;0,015151639613275592;-2,1468926553672385;2,162044294980514;strategy
2000-02-22;11546,263631057307;10970,281940563882;-0,09801860627715042;-0,25404157043880105;0,15602296416165062;strategy
2000-02-23;12133,017077725823;11099,8221996444;5,081760346180375;1,1808288955776902;3,900931450602685;strategy
2000-02-24;12276,021567310818;10876,301752603506;1,1786391519016837;-2,0137299771167183;3,192369129018402;strategy
2000-02-25;12461,61245567545;10836,931673863348;1,511816245572839;-0,3619803829985946;1,8737966285714336;strategy
2000-02-28;12422,456219679067;11064,262128524257;-0,3142148428676994;2,0977381928981575;-2,411953035765857;spy
2000-02-29;12741,389409969008;11170,942341884684;2,567392346971631;0,9641873278236845;1,6032050191479463;strategy
2000-03-01;12824,58424412227;11252,222504445008;0,6529494663130686;0,7276034561163991;-0,07465398980333049;spy
2000-03-02;12885,091214164855;11259,842519685038;0,47180453487460916;0,06772009029345494;0,4040844445811542;strategy
2000-03-03;13212,50741182761;11470,662941325882;2,5410467975796713;1,8723212271599454;0,6687255704197259;strategy
2000-03-06;13443,089659423045;11358,902717805435;1,7451815950469962;-0,9743135518157642;2,7194951468627604;strategy
2000-03-07;13426,930804557463;11139,192278384558;-0,12020194222430725;-1,9342576028622327;1,8140556606379254;strategy
2000-03-08;13209,44330858757;11125,222250444502;-1,6197856318442616;-0,12541329380915123;-1,4943723380351104;spy
2000-03-09;13423,113839955453;11450,342900685802;1,6175589415564184;2,9223744292237397;-1,3048154876673212;spy
2000-03-10;13250,407044870848;11389,382778765557;-1,2866373417062427;-0,5323868677906018;-0,7542504739156408;spy
2000-03-13;13242,14498795944;11264,92252984506;-0,06235323098701118;-1,0927743086529773;1,0304210776659661;strategy
2000-03-14;12525,98611634901;11104,902209804419;-5,408178752472548;-1,4205186020293192;-3,9876601504432285;spy
2000-03-15;12379,524524594803;11363,982727965456;-1,1692619678305705;2,3330283623056003;-3,5022903301361707;spy
2000-03-16;12428,092168130843;11894,843789687578;0,39232236617448013;4,671434957532394;-4,279112591357914;spy
2000-03-17;12719,345955849978;11943,103886207773;2,3435116490847507;0,4057228272475122;1,9377888218372386;strategy
2000-03-20;12552,405194357521;11882,14376428753;-1,3124948568261519;-0,5104210974053558;-0,8020737594207961;spy
2000-03-21;12632,7153361602;12125,984251968504;0,6397988318507908;2,052159042325763;-1,4123602104749722;spy
2000-03-22;13133,329718585705;12199,644399288798;3,962840680756363;0,6074570590699491;3,355383621686414;strategy
2000-03-23;13158,065146786248;12407,924815849632;0,18834087569992164;1,7072662919008996;-1,518925416200978;spy
2000-03-24;13180,096605703642;12481,584963169928;0,16743691927056936;0,5936540429887449;-0,42621712371817555;spy
2000-03-27;13103,72666222115;12349,504699009398;-0,5794338673469457;-1,0582010582010692;0,47876719085412356;strategy
2000-03-28;12924,272147614614;12278,384556769113;-1,3694922004433563;-0,5758946935417564;-0,7935975069015999;spy
2000-03-29;12543,584065082643;12291,084582169166;-2,945528213766635;0,10343400910219902;-3,048962222868834;spy
2000-03-30;12262,584834100127;12085,34417068834;-2,2401829455165667;-1,6738995660260603;-0,5662833794905064;spy
2000-03-31;12442,329074781112;12222,50444500889;1,465794064732151;1,1349306431273742;0,3308634216047768;strategy
2000-04-03;11888,59460771088;12293,624587249175;-4,450408470489464;0,5818786367414841;-5,032287107230948;spy
2000-04-04;11671,562087538223;12202,184404368807;-1,8255523662308315;-0,7438016528925728;-1,0817507133382587;spy
2000-04-05;11977,893838472415;12125,984251968504;2,6245994206830714;-0,6244796003330388;3,2490790210161102;strategy
2000-04-06;12247,439991188552;12231,394462788925;2,2503635142462786;0,8692919983242398;1,3810715159220388;strategy
2000-04-07;12585,521662578782;12308,864617729236;2,760427253642095;0,6333714048385453;2,1270558488035496;strategy
2000-04-10;12256,295287231014;12260,604521209041;-2,6159136202250077;-0,3920759389187123;-2,2238376813062954;spy
2000-04-11;12029,171181017808;12225,0444500889;-1,8531220151804861;-0,2900352185622346;-1,5630867966182516;spy
2000-04-12;11682,090713519741;11889,76377952756;-2,8853232053573596;-2,7425722002908715;-0,1427510050664882;spy
2000-04-13;11517,231258660937;11724,6634493269;-1,411215328674098;-1,3885921811578772;-0,022623147516220854;spy
2000-04-14;11004,23658110232;11054,102108204215;-4,454149317986877;-5,719237435008684;1,265088117021807;strategy
2000-04-17;11461,09971836954;11440,18288036576;4,151702245767752;3,4926470588235503;0,6590551869442018;strategy
2000-04-18;12120,47129991469;11742,443484886971;5,75312664358314;2,6420959147424705;3,111030728840669;strategy
2000-04-19;12039,16813626291;11633,223266446534;-0,6707920974356241;-0,9301319489509075;0,2593398515152834;strategy
2000-04-20;11949,260425649874;11689,103378206755;-0,746793379703925;0,4803493449781593;-1,2271427246820843;spy
2000-04-24;11743,543417704754;11562,103124206249;-1,7215877854962147;-1,0864841373315781;-0,6351036481646366;spy
2000-04-25;12261,615871980248;12042,16408432817;4,411551401891534;4,152021089630931;0,25953031226060297;strategy
2000-04-26;12132,057556320542;11906,273812547624;-1,0566169827238459;-1,1284539126766635;0,07183692995281765;strategy
2000-04-27;12473,834302077816;11866,903733807469;2,81713752321604;-0,3306666666666569;3,147804189882697;strategy
2000-04-28;12673,515392889341;11793,243586487171;1,6007996096137456;-0,6207191780822185;2,221518787695964;strategy
2000-05-01;12901,31822347029;11953,263906527813;1,7974715263987529;1,3568813267284208;0,4405901996703321;strategy
2000-05-02;12621,773800621313;11714,503429006858;-2,1667896102308792;-1,9974500637484072;-0,16933954648247207;spy
2000-05-03;12314,350551794945;11440,18288036576;-2,4356580436517894;-2,341717259323506;-0,09394078432828357;spy
2000-05-04;12550,835796293235;11526,543053086107;1,9204037070702062;0,7548845470692678;1,1655191600009385;strategy
2000-05-05;12846,170196478233;11666,243332486665;2,3531054423660214;1,2119876597620038;1,1411177826040175;strategy
2000-05-08;12570,03221330078;11578,613157226315;-2,1495743786203003;-0,7511430437622479;-1,3984313348580524;spy
2000-05-09;12388,70136819165;11485,902971805943;-1,4425646810773962;-0,800701985302188;-0,6418626957752083;spy
2000-05-10;12060,213109521868;11226,822453644907;-2,6515148675161804;-2,2556390977443552;-0,39587576977182515;spy
2000-05-11;12354,274626365635;11483,362966725934;2,4382779489327433;2,2850678733031815;0,1532100756295618;strategy
2000-05-12;12346,232347493384;11607,823215646431;-0,0650971353274632;1,0838310108383098;-1,148928146165773;spy
2000-05-15;12427,272190736145;11808,483616967234;0,6563933106217057;1,7286652078774667;-1,072271897255761;spy
2000-05-16;12662,487069520179;11922,78384556769;1,8927313667385093;0,9679500967950005;0,9247812699435087;strategy
2000-05-17;12738,163720034114;11798,323596647193;0,5976444445585649;-1,043885811674472;1,641530256233037;strategy
2000-05-18;12541,299561979089;11653,543307086613;-1,5454673246615869;-1,2271259418729863;-0,3183413827886006;spy
2000-05-19;12307,765245956805;11470,662941325882;-1,8621221418733902;-1,569311246730598;-0,2928108951427921;spy
2000-05-22;12240,823617663205;11384,302768605536;-0,5438975066216045;-0,7528786536758258;0,20898114705422133;strategy
2000-05-23;11980,278713192176;11216,662433324867;-2,1284916163244905;-1,4725568942436262;-0,6559347220808642;spy
2000-05-24;12029,770566907868;11399,542799085599;0,4131110377356473;1,6304347826086918;-1,2173237448730445;spy
2000-05-25;12012,46072516008;11203,962407924817;-0,1438917031003517;-1,7156862745097978;1,5717945714094461;strategy
2000-05-26;12016,596480954031;11216,662433324867;0,03442888088107665;0,11335298118340109;-0,07892410030232444;spy
2000-05-30;12527,091186765712;11582,42316484633;4,248247052489451;3,2608695652173836;0,9873774872720675;strategy
2000-05-31;12654,825497804635;11607,823215646431;1,0196645744374289;0,21929824561401912;0,8003663288234097;strategy
2000-06-01;12778,915965898655;11811,023622047243;0,9805782633316218;1,7505470459518557;-0,7699687826202339;spy
2000-06-02;12981,27456894522;12016,764033528067;1,5835349695277001;1,74193548387096;-0,15840051434325986;spy
2000-06-05;12939,022272973209;11958,343916687832;-0,32548649785970607;-0,4861551469034109;0,16066864904370481;strategy
2000-06-06;12865,337695083086;11905,00381000762;-0,5694756244761456;-0,44604927782496695;-0,12342634665117869;spy
2000-06-07;12879,29603732264;11987,55397510795;0,10849573147924119;0,6934072967783367;-0,5849115652990955;spy
2000-06-08;12904,733690033187;11940,563881127762;0,19750809855469953;-0,3919906769784931;0,5894987755331926;strategy
2000-06-09;12983,642006403845;11915,16383032766;0,611467995124948;-0,21272069772390045;0,8241886928488484;strategy
2000-06-12;13038,40100029108;11775,463550927101;0,4217537256512971;-1,1724578981027522;1,5942116237540493;strategy
2000-06-13;13119,129427705264;11996,443992887986;0,6191589552459797;1,8766177739430567;-1,257458818697077;spy
2000-06-14;13153,181066899837;12016,764033528067;0,2595571556955667;0,16938386618674528;0,09017328950882142;strategy
2000-06-15;13275,307359860362;12042,16408432817;0,9284924486279378;0,21137180300148106;0,7171206456264567;strategy
2000-06-16;13356,329818880451;11915,16383032766;0,6103245433327631;-1,0546298249314634;1,6649543682642265;strategy
2000-06-19;13583,174436725249;12067,56413512827;1,69840533231016;1,279044979748467;0,4193603525616929;strategy
2000-06-20;13544,229365796153;12024,384048768097;-0,2867155325915527;-0,3578194064407514;0,0711038738491987;strategy
2000-06-21;13592,906057106988;12019,304038608076;0,3593906304758754;-0,04224757076469743;0,4016382012405728;strategy
2000-06-22;13379,586282151253;11836,423672847344;-1,5693463491877946;-1,5215553677092153;-0,0477909814785793;spy
2000-06-23;13165,01724563818;11734,82346964694;-1,6037045689470508;-0,8583690987124193;-0,7453354702346315;spy
2000-06-26;13478,7388112849;11885,953771907545;2,3829939588621674;1,2878787878787934;1,095115170983374;strategy
2000-06-27;13343,120821208711;11798,323596647193;-1,006162312178971;-0,7372582540869921;-0,2689040580919788;spy
2000-06-28;13507,245474134557;11831,343662687326;1,2300319777137192;0,2798708288482388;0,9501611488654804;strategy
2000-06-29;13335,243102996183;11719,583439166878;-1,273408197605852;-0,9446114212108281;-0,3287967763950239;spy
2000-06-30;13303,942934035058;11808,483616967234;-0,2347176479601809;0,758560901603822;-0,9932785495640029;spy
2000-07-03;13407,76859291502;11971,043942087885;0,7804126896421515;1,3766401376640092;-0,5962274480218577;spy
2000-07-05;13362,658007119193;11755,14351028702;-0,3364511065596987;-1,8035221727137785;1,4670710661540798;strategy
2000-07-06;13317,213375575118;11846,583693167388;-0,34008676656892556;0,7778738115816974;-1,117960578150623;spy
2000-07-07;13445,477485556488;12037,084074168148;0,9631452644335958;1,6080617495711769;-0,644916485137581;spy
2000-07-10;13477,894185790643;12016,764033528067;0,24109742676656776;-0,168811985650974;0,40990941241754175;strategy
2000-07-11;13561,888061548507;12042,16408432817;0,6231973229647192;0,21137180300148106;0,41182551996323813;strategy
2000-07-12;13740,521375246399;12120,904241808483;1,317171421023322;0,6538704914574867;0,6633009295658354;strategy
2000-07-13;13721,856776402088;12174,244348488697;-0,13583617633269318;0,44006705783739;-0,5759032341700832;spy
2000-07-14;13677,529031819828;12293,624587249175;-0,3230447985617557;0,9805967035259711;-1,3036415020877268;spy
2000-07-17;13901,052758173773;12273,304546609093;1,6342405549564676;-0,16528925619834212;1,7995298111548097;strategy
2000-07-18;13812,22635167398;12172,974345948693;-0,6389904998206908;-0,8174668874172175;0,17847638759652673;strategy
2000-07-19;13574,771073818498;12075,1841503683;-1,7191672928724033;-0,8033385498174228;-0,9158287430549805;spy
2000-07-20;13673,574250617175;12242,824485648971;0,7278441475100594;1,3883045856121212;-0,6604604381020618;spy
2000-07-21;13436,721667792874;12004,064008128016;-1,7321921721645817;-1,9502074688796611;0,21801529671507947;strategy
2000-07-24;13237,321038343873;11935,483870967742;-1,483997617714694;-0,5713076597545497;-0,9126899579601444;spy
2000-07-25;13131,194936365362;11973,583947167894;-0,8017188800596431;0,31921685464990635;-1,1209357347095494;spy
2000-07-26;13208,81104124794;11856,743713487427;0,5910818113561644;-0,9758167161646125;1,566898527520777;strategy
2000-07-27;12854,621903140207;11816,103632207265;-2,681461162565546;-0,3427592116538092;-2,338701950911737;spy
2000-07-28;12618,756955398354;11549,403098806197;-1,8348649187747368;-2,257093723129844;0,422228804355107;strategy
2000-07-31;12774,297038608367;11623,063246126492;1,2326101830772762;0,6377831537277334;0,5948270293495428;strategy
2000-08-01;12727,27028688067;11694,183388366777;-0,36813573056556637;0,6118881118881037;-0,98002384245367;spy
2000-08-02;12646,733111391433;11752,603505207011;-0,632792214464517;0,4995655951346656;-1,1323578095991826;spy
2000-08-03;12730,966836320677;11833,883667767335;0,6660512575644484;0,6915928247244407;-0,02554156715999234;spy
2000-08-04;12720,073134470284;11897,38379476759;-0,08556853529233521;0,536595836016307;-0,6221643713086422;spy
2000-08-07;12809,295660374613;12039,624079248159;0,7014309191551993;1,1955593509820783;-0,49412843182687904;spy
2000-08-08;12741,427518829005;12085,34417068834;-0,5298350771585136;0,37974683544304;-0,9095819126015536;spy
2000-08-09;12490,75052266505;11983,743967487935;-1,9674168831829042;-0,8406893652795233;-1,1267275179033809;spy
2000-08-10;12501,60913920607;11925,323850647703;0,08693325930508866;-0,48749470114454185;0,5744279604496305;strategy
2000-08-11;12498,143373067705;11981,203962407924;-0,027722560350218473;0,46858359957400175;-0,4963061599242202;spy
2000-08-14;12577,112339072688;12133,604267208535;0,6318455761609609;1,2719949120203689;-0,6401493358594079;spy
2000-08-15;12525,491947058114;12123,444246888494;-0,4104311913809333;-0,08373456144024072;-0,3266966299406926;spy
2000-08-16;12601,225949351849;12080,26416052832;0,6046389444330114;-0,3561701236119874;0,9608090680449988;strategy
2000-08-17;12682,42790108365;12207,264414528829;0,6443972360957284;1,0513036164844447;-0,4069063803887163;spy
2000-08-18;12886,228635540676;12166,624333248667;1,606953621550744;-0,33291718684976823;1,9398708084005123;strategy
2000-08-21;12907,740341413219;12232,664465328931;0,16693562159229014;0,542797494780789;-0,37586187318849884;spy
2000-08-22;12798,597192386998;12212,34442468885;-0,8455635621677726;-0,16611295681062677;-0,6794506053571459;spy
2000-08-23;13058,749347287208;12260,604521209041;2,032661478360742;0,39517470881862415;1,637486769542118;strategy
2000-08-24;13177,780682311919;12298,704597409196;0,9115063920683841;0,3107520198881497;0,6007543721802344;strategy
2000-08-25;13297,32615039166;12293,624587249175;0,9071745156618238;-0,04130524576622108;0,9484797614280449;strategy
2000-08-28;13433,179157374298;12335,534671069341;1,0216565755111207;0,3409090909090917;0,6807474846020289;strategy
2000-08-29;13360,330920104128;12338,074676149354;-0,5423007942998992;0,02059096056832299;-0,5628917548682222;spy
2000-08-30;13442,459706804526;12219,96443992888;0,6147212010805259;-0,9572825527534801;1,572003753834006;strategy
2000-08-31;13607,465352860232;12382,52476504953;1,227495931954925;1,3302847640823012;-0,10278883212737622;spy
2000-09-01;13740,800374502493;12395,224790449582;0,9798666995263217;0,10256410256410664;0,877302596962215;strategy
2000-09-05;13505,323914171931;12296,164592329184;-1,713702651320903;-0,7991803278688647;-0,9145223234520383;spy
2000-09-06;13285,928279594118;12156,464312928625;-1,624512199574779;-1,1361288989878093;-0,48838330058696977;spy
2000-09-07;13363,743597547254;12260,604521209041;0,5856972604063593;0,856665273714996;-0,27096801330863673;spy
2000-09-08;13250,67359061192;12176,784353568708;-0,8460953033855523;-0,6836544437538672;-0,1624408596316851;spy
2000-09-11;13128,618095047159;12159,004318008638;-0,9211267240877175;-0,1460158531497613;-0,7751108709379562;spy
2000-09-12;13071,302567423943;12070,10414020828;-0,43656938764056186;-0,731146856068543;0,29457746842798116;strategy
2000-09-13;13137,970691000266;12101,854203708406;0,5100342772454081;0,2630471380471455;0,24698713919826254;strategy
2000-09-14;13189,982847863244;12162,81432562865;0,3958918624975105;0,5037254696190541;-0,10783360712154355;spy
2000-09-15;13261,337737031608;11866,903733807469;0,5409778768584506;-2,4329121854442692;2,97389006230272;strategy
2000-09-18;12911,723233378463;11757,68351536703;-2,6363441651656605;-0,9203767123287743;-1,7159674528368862;spy
2000-09-19;12955,92461400168;11864,363728727458;0,3423352547470282;0,9073233959818516;-0,5649881412348234;spy
2000-09-20;12924,432862467183;11776,733553467107;-0,24306834496754526;-0,7385998715478514;0,4955315265803062;strategy
2000-09-21;12951,048275979607;11597,663195326391;0,2059309974808743;-1,5205435134260759;1,7264745109069501;strategy
2000-09-22;13084,852170541859;11808,483616967234;1,0331510755806406;1,8177836180464313;-0,7846325424657907;spy
2000-09-25;13199,890650526035;11724,6634493269;0,8791729435290385;-0,7098300709830085;1,589003014512047;strategy
2000-09-26;13126,23124041734;11574,8031496063;-0,558030456909564;-1,278162911611791;0,720132454702227;strategy
2000-09-27;13158,018949903202;11635,763271526543;0,2421693546581949;0,5266622778143493;-0,2844929231561544;spy
2000-09-28;13357,206118071648;11785,623571247144;1,5138081874392695;1,2879283999126967;0,22587978752657278;strategy
2000-09-29;13304,100572755515;11673,863347726696;-0,3975797397053227;-0,9482758620689813;0,5506961223636586;strategy
2000-10-02;13116,610628433316;11691,643383286768;-1,409264333931337;0,1523063533507507;-1,5615706872820878;spy
2000-10-03;13023,281544813097;11582,42316484633;-0,7115335376191356;-0,9341733651966222;0,22263982757748657;strategy
2000-10-04;12915,580148274596;11678,943357886716;-0,826991232339569;0,8333333333333304;-1,6603245656728993;spy
2000-10-05;12806,260582533265;11719,583439166878;-0,8464162235556683;0,3479773814702103;-1,1943936050258785;spy
2000-10-06;12729,400196997201;11465,582931165864;-0,6001782100302999;-2,167316861725166;1,567138651694866;strategy
2000-10-09;12748,025778390056;11379,222758445518;0,14631939529443638;-0,7532122286220688;0,8995316239165052;strategy
2000-10-10;12737,983328359143;11191,262382524765;-0,07877651179476475;-1,651785714285725;1,5730092024909603;strategy
2000-10-11;12713,436606050378;11097,282194564388;-0,19270493355189044;-0,8397639582387706;0,6470590246868801;strategy
2000-10-12;12488,940911254373;10820,42164084328;-1,7658144037086432;-2,494850080109867;0,729035676401224;strategy
2000-10-13;12621,943509233302;11181,102362204725;1,064962985444784;3,3333333333333437;-2,2683703478885597;spy
2000-10-16;12759,678934645799;11231,902463804929;1,091237853439453;0,45433893684689863;0,6368989165925543;strategy
2000-10-17;12752,673389138536;10952,50190500381;-0,054903775738757155;-2,4875621890547372;2,43265841331598;strategy
2000-10-18;12647,7008036576;10911,861823723648;-0,8231418015483771;-0,37105751391465214;-0,452084287633725;spy
2000-10-19;12737,399656772117;11323,342646685292;0,7092107451543761;3,77094972067038;-3,061738975516004;spy
2000-10-20;12770,428430328499;11371,602743205487;0,2593054661578442;0,4262000897263585;-0,16689462356851426;spy
2000-10-23;12784,714233162755;11422,40284480569;0,1118662769396872;0,4467277194549979;-0,3348614425153107;spy
2000-10-24;12600,766265961778;11346,202692405384;-1,4388117234863773;-0,667111407605081;-0,7717003158812963;spy
2000-10-25;12405,450054148543;11079,502159004318;-1,550034400216116;-2,3505708529214187;0,8005364527053027;strategy
2000-10-26;12419,737136040638;11109,98221996444;0,11516778375417758;0,27510316368639653;-0,15993537993221896;spy
2000-10-27;12387,46219613725;11320,802641605283;-0,2598681401213332;1,897576588934613;-2,157444729055946;spy
2000-10-30;12413,603635344243;11422,40284480569;0,21103143479335174;0,8974646623289173;-0,6864332275355656;spy
2000-10-31;12473,025909798125;11619,253238506477;0,4786867391568306;1,72337113631309;-1,2446843971562593;spy
2000-11-01;12505,448116724823;11579,88315976632;0,25993858395843006;-0,3388348453382872;0,5987734292967173;strategy
2000-11-02;12575,562463292337;11598,933197866396;0,560670404715391;0,16450976091249014;0,39616064380290084;strategy
2000-11-03;12616,14967943696;11605,283210566422;0,3227467261452066;0,054746523595761154;0,26800020254944545;strategy
2000-11-06;12664,837839062562;11686,563373126746;0,38591932453813094;0,700372072663602;-0,3144527481254711;spy
2000-11-07;12687,513692968376;11684,023368046737;0,17904575008353962;-0,02173440556400008;0,2007801556475397;strategy
2000-11-08;12770,202226012698;11424,9428498857;0,6517315767718079;-2,2173913043478377;2,8691228811196456;strategy
2000-11-09;12747,85615067365;11381,762763525527;-0,17498607260525434;-0,3779457536682962;0,20295968106304185;strategy
2000-11-10;12627,878930430688;11104,902209804419;-0,941156056554826;-2,4324927471546576;1,4913366905998315;strategy
2000-11-13;12386,944579967025;11018,542037084073;-1,907955815786766;-0,7776761207685334;-1,1302796950182326;spy
2000-11-14;12609,982685513163;11308,102616205233;1,8005901625397724;2,627939142461977;-0,8273489799222045;spy
2000-11-15;12654,897711162752;11343,662687325375;0,3561862594877896;0,3144654088050425;0,04172085068274711;strategy
2000-11-16;12627,797510619112;11165,862331724664;-0,21414792250541437;-1,5673981191222652;1,3532501966168509;strategy
2000-11-17;12699,644422609446;11106,172212344425;0,5689583787664931;-0,5345768880800739;1,103535266846567;strategy
2000-11-20;12459,138780412948;10947,42189484379;-1,8937982371248219;-1,4293882218410547;-0,46441001528376713;spy
2000-11-21;12433,571247012362;11003,302006604012;-0,20521108120876708;0,5104408352668122;-0,7156519164755792;spy
2000-11-22;12261,806676858447;10740,411480822962;-1,3814580440449697;-2,3891966759002514;1,0077386318552817;strategy
2000-11-24;12384,417993213938;10960,121920243842;0,9999449476470135;2,0456426628828295;-1,045697715235816;spy
2000-11-27;12351,536175894376;11056,642113284228;-0,26550958904631994;0,8806488991888628;-1,1461584882351827;spy
2000-11-28;12369,390372230358;10866,141732283466;0,14455041123409007;-1,7229496898690577;1,8675001011031478;strategy
2000-11-29;12387,568336866492;10845,821691643383;0,1469592606353709;-0,18700327255728455;0,33396253319265545;strategy
2000-11-30;12304,242463764851;10751,841503683008;-0,6726572224320715;-0,8665105386416738;0,19385331620960233;strategy
2000-12-01;12456,537151277429;10746,761493522987;1,2377412746950922;-0,04724781478857576;1,284989089483668;strategy
2000-12-04;12499,150813588458;10838,201676403352;0,34209878550925943;0,8508626802174346;-0,5087638947081752;spy
2000-12-05;12673,729960981625;11193,802387604774;1,3967280657448677;3,2809936723693367;-1,884265606624469;spy
2000-12-06;12663,199235475182;11014,732029464058;-0,08309097273544452;-1,5997277059223936;1,516636733186949;strategy
2000-12-07;12705,231593793666;10863,601727203453;0,3319252705171971;-1,3720742534301889;1,703999523947386;strategy
2000-12-08;12849,94040444326;10889,001778003556;1,138970270485129;0,23380874444705046;0,9051615260380785;strategy
2000-12-11;12898,615841337525;11267,462534925071;0,3787989310630069;3,4756239794728305;-3,0968250484098236;spy
2000-12-12;12828,05012846943;11219,202438404876;-0,5470797311595721;-0,4283137962128203;-0,1187659349467518;spy
2000-12-13;12845,849508856558;11065,532131064261;0,13875359239223783;-1,3697079465700757;1,5084615389623135;strategy
2000-12-14;12777,620958836782;10924,561849123696;-0,53113303228981;-1,2739584528865033;0,7428254205966933;strategy
2000-12-15;12697,097802289223;10645,16129032258;-0,6301889593294807;-2,5575447570332366;1,9273557977037559;strategy
2000-12-18;12913,66967182894;10787,40157480315;1,705680092506423;1,3361966117871882;0,36948348071923487;strategy
2000-12-19;12877,112821841152;10567,69113538227;-0,28308645734942406;-2,036731810689907;1,7536453533404828;strategy
2000-12-20;12789,442590968945;10261,620523241047;-0,6808221072933995;-2,8962865040259578;2,2154643967325582;strategy
2000-12-21;12922,767866488319;10332,74066548133;1,042463536397742;0,6930693069306715;0,34939422946707044;strategy
2000-12-22;13032,09125744206;10642,62128524257;0,845975042523528;2,9990167158308934;-2,1530416733073654;spy
2000-12-26;13161,827622556213;10756,921513843028;0,9955145536604926;1,0739856801909253;-0,07847112653043276;spy
2000-12-27;13276,253119080246;10835,661671323342;0,8693739183146088;0,731995277449804;0,13737864086480478;strategy
2000-12-28;13510,399609168373;10868,681737363475;1,763648884877167;0,30473511486170946;1,4589137700154575;strategy
2000-12-29;13418,773182692948;10662,941325882652;-0,6781918309303414;-1,8929656461790123;1,214773815248671;strategy
2001-01-02;13066,831504311005;10469,900939801879;-2,6227559970673386;-1,8103858980466958;-0,8123700990206428;spy
2001-01-03;13041,451777044309;10972,821945643891;-0,1942301563950144;4,8034934497816595;-4,997723606176674;spy
2001-01-04;12607,721334458478;10854,71170942342;-3,3257834327102165;-1,0763888888888795;-2,249394543821337;spy
2001-01-05;12580,555984103488;10500,381000762003;-0,2154659802064529;-3,264303264303259;3,048837284096806;strategy
2001-01-08;12675,752093968586;10581,661163322327;0,756692390903746;0,7740686985969969;-0,017376307693250936;spy
2001-01-09;12689,025591996;10553,721107442216;0,10471566443563951;-0,2640422467594772;0,3687579111951167;strategy
2001-01-10;12761,355024497036;10739,141478282956;0,5700156562585823;1,7569193742478895;-1,1869037179893072;spy
2001-01-11;12599,359397003034;10749,301498602998;-1,2694234051402131;0,09460737937558861;-1,3640307845158017;spy
2001-01-12;12494,060579153102;10728,981457962916;-0,8357473942284699;-0,1890359168241984;-0,6467114774042715;spy
2001-01-16;12495,829166080006;10797,56159512319;0,014155421415629199;0,6392045454545414;-0,6250491240389122;spy
2001-01-17;12468,696695276394;10847,091694183388;-0,2171322162218936;0,4587155963302614;-0,675847812552155;spy
2001-01-18;12349,00706988939;10955,04191008382;-0,9599208988085084;0,9951996253366291;-1,9551205241451375;spy
2001-01-19;12153,388902610268;10892,811785623571;-1,5840801302648755;-0,5680500811500178;-1,0160300491148577;spy
2001-01-22;12295,765826431762;10965,20193040386;1,1714997764196822;0,6645680307799884;0,5069317456396938;strategy
2001-01-23;12486,980685085633;11051,562103124206;1,5551276866612396;0,7875839703497922;0,7675437163114474;strategy
2001-01-24;12583,651479372442;11084,58216916434;0,7741726901385526;0,2987818892208782;0,4753908009176744;strategy
2001-01-25;12628,46255315578;11056,642113284228;0,3561054901813909;-0,25206232813932417;0,6081678183207151;strategy
2001-01-26;12690,11259019377;11043,942087884176;0,48818323512060946;-0,11486331265795346;0,6030465477785629;strategy
2001-01-29;12700,824252069233;11102,870701835154;0,08440951015469267;0,5335831488615606;-0,4491736387068679;spy
2001-01-30;12671,526234460134;11200,406648860173;-0,23067808063185202;0,8784750326678692;-1,1091531132997212;spy
2001-01-31;12581,224143135132;11137,008221282067;-0,7126378437305014;-0,566036837462125;-0,14660100626837647;spy
2001-02-01;12579,842393154624;11210,972226631951;-0,010982635431877608;0,6641281381883468;-0,6751107736202244;spy
2001-02-02;12630,975040604899;10956,566161179198;0,40646492898908093;-2,2692596173631063;2,6757245463521873;strategy
2001-02-05;12626,614956929272;11037,032728362332;-0,03451897942645665;0,7344141038297058;-0,7689330832561625;spy
2001-02-06;12643,57616424223;11004,521159432943;0,13432901352272708;-0,2945680214016422;0,42889703492436926;strategy
2001-02-07;12730,815464070876;10947,625293688088;0,6899891193392849;-0,5170226393365951;1,20701175867588;strategy
2001-02-08;12764,612369279068;10820,014843154686;0,26547321578553884;-1,1656450336035573;1,4311182493890962;strategy
2001-02-09;12693,584344711006;10715,976334296418;-0,5564448219282148;-0,9615375798129211;0,40509275788470633;strategy
2001-02-12;12848,032241404844;10838,710173514097;1,2167398309224753;1,1453351088959618;0,07140472202651349;strategy
2001-02-13;12843,070831075951;10750,113853743333;-0,038616110511491275;-0,8174064842813245;0,7787903737698332;strategy
2001-02-14;12840,8418473074;10733,858069278638;-0,01735553589845562;-0,15121499814658712;0,1338594622481315;strategy
2001-02-15;12820,190676573326;10837,896578136906;-0,16082411869595692;0,9692554921704843;-1,1300796108664413;spy
2001-02-16;12849,347333096997;10598,932701771653;0,22742763551053535;-2,2048916470314928;2,432319282542028;strategy
2001-02-20;12768,076377470292;10435,560021510668;-0,6324909236235632;-1,5414069025429078;0,9089159789193446;strategy
2001-02-21;12703,296443178107;10210,414244070676;-0,5073586057684487;-2,15748629662329;1,6501276908548412;strategy
2001-02-22;12644,858630894261;10225,857053276608;-0,46002085006233706;0,1512456677739582;-0,6112665178362953;spy
2001-02-23;12612,979256783165;10156,769039124016;-0,25211332954888643;-0,6756207699036287;0,4235074403547423;strategy
2001-02-26;12779,27237018417;10372,974569191327;1,3184285014309571;2,128684124198199;-0,810255622767242;spy
2001-02-27;12736,386031979484;10277,063952565404;-0,33559295836549374;-0,9246201847518787;0,5890272263863849;strategy
2001-02-28;12749,678916073804;10074,675901304929;0,10436935611832787;-1,9693178148410206;2,0736871709593485;strategy
2001-03-01;12753,614200704582;10127,508130992825;0,030865754790232458;0,5244062459721643;-0,4935404911819319;spy
2001-03-02;12800,743775218241;10047,040943691263;0,3695389696753981;-0,7945408313750013;1,1640798010503994;strategy
2001-03-05;12818,247163961654;10138,887304141796;0,13673727910481492;0,914163294101078;-0,7774260149962631;spy
2001-03-06;12822,19958775871;10247,803044434211;0,030834354701547717;1,0742376064079906;-1,0434032517064429;spy
2001-03-07;12887,71676848148;10320,955314762192;0,5109667828390174;0,7138336871892914;-0,202866904350274;spy
2001-03-08;12914,55073125264;10332,334487911163;0,20821347375346022;0,11025309965924102;0,0979603740942192;strategy
2001-03-09;12804,830757766178;10026,72090305118;-0,8495841301002116;-2,9578367330011512;2,1082526029009396;strategy
2001-03-12;12678,80210383077;9597,561743951612;-0,9842274085424374;-4,280154631300981;3,2959272227585434;strategy
2001-03-13;12661,208686433663;9755,244837638113;-0,1387624576283275;1,6429495104407499;-1,7817119680690774;spy
2001-03-14;12499,426672561836;9562,611249245936;-1,277777010698633;-1,9746668750839413;0,6968898643853083;strategy
2001-03-15;12425,976648659198;9565,049554903797;-0,587627143442282;0,025498324613515422;-0,6131254680557974;spy
2001-03-16;12236,354924253243;9348,031669696153;-1,526010628922403;-2,2688631560343953;0,7428525271119923;strategy
2001-03-19;12304,719915288075;9538,226952430468;0,5587038906441633;2,0346024645046867;-1,4758985738605235;spy
2001-03-20;12299,68734704097;9282,194316341758;-0,0408994945171548;-2,684279136632095;2,6433796421149403;strategy
2001-03-21;12209,129467054136;9124,51122265526;-0,7362616417125434;-1,6987695830595784;0,962507941347035;strategy
2001-03-22;12027,041023630996;9031,851886945962;-1,4914121757370058;-1,0154991697443827;-0,4759130059926231;spy
2001-03-23;12158,183759815482;9304,953282758128;1,0903990094222937;3,023758573885482;-1,9333595644631885;spy
2001-03-26;12223,32809102281;9423,62224568199;0,5358064369995752;1,2753310985854638;-0,7395246615858886;spy
2001-03-27;12231,193007294642;9616,255834074169;0,06434349314086152;2,0441565182692356;-1,979813025128374;spy
2001-03-28;12197,050366576786;9350,469975354014;-0,279143994355191;-2,763922500671956;2,484778506316765;strategy
2001-03-29;12328,467919367202;9386,233445318452;1,0774535550868602;0,3824777798196566;0,6949757752672037;strategy
2001-03-30;12419,492573577918;9484,582367602234;0,7383290024847389;1,0477996616718999;-0,309470659187161;spy
2001-04-02;12285,632004704665;9282,194316341758;-1,0778263933104437;-2,1338636053370164;1,0560372120265726;strategy
2001-04-03;12227,869332684066;8972,517095424815;-0,4701644327168464;-3,3362501404623823;2,866085707745536;strategy
2001-04-04;12216,047247888462;9009,905895788354;-0,09668147797429194;0,41670358457832624;-0,5133850625526182;spy
2001-04-05;12353,58536267111;9351,282950612775;1,1258806714784297;3,788908105954758;-2,6630274344763283;spy
2001-04-06;12274,107715740116;9209,042666132205;-0,6433569251170779;-1,5210777519168994;0,8777208267998216;strategy
2001-04-09;12378,060773458525;9311,45522447295;0,8469296516365077;1,1120869134137346;-0,26515726177722687;spy
2001-04-10;12443,792963296239;9481,33108668561;0,5310378664375115;1,8243750103225764;-1,293337143885065;spy
2001-04-11;12399,601766814154;9487,83364851886;-0,35512642015524953;0,06858279469199591;-0,42370921484724544;spy
2001-04-12;12410,53809664633;9660,147196270955;0,08819904088732677;1,8161527081473894;-1,7279536672600626;spy
2001-04-16;12438,026291396818;9558,54699307055;0,22149075677802;-1,0517459116940353;1,2732366684720553;strategy
2001-04-17;12450,099916274503;9693,472360577534;0,09707026335872282;1,4115677582042352;-1,3144974948455124;spy
2001-04-18;12466,26224890786;10078,740157480315;0,12981689096511762;3,974507612665512;-3,8446907217003945;spy
2001-04-19;12546,892294688407;10212,852549728537;0,6467860547985094;1,3306463918378197;-0,6838603370393104;spy
2001-04-20;12426,779684814364;10119,380238760477;-0,9573096433201256;-0,9152419513835497;-0,04206769193657589;spy
2001-04-23;12374,593717603724;9935,686897740981;-0,41994763353221387;-1,815262760024483;1,3953151264922692;strategy
2001-04-24;12424,765773031724;9882,04231291275;0,4054440620270716;-0,5399182299155147;0,9453622919425864;strategy
2001-04-25;12548,889464074142;10011,277473726823;0,9990022613692418;1,3077778532196938;-0,308775591850452;spy
2001-04-26;12630,151967475213;10055,981811182373;0,6475672897885865;0,4465397904799939;0,20102749930859254;strategy
2001-04-27;12707,495076584186;10223,418747618744;0,6123687926174126;1,6650481233983383;-1,0526793307809257;spy
2001-04-30;12585,890874381093;10294,945687547624;-0,9569486470010102;0,699638170896022;-1,6565868178970322;spy
2001-05-01;12573,201335068736;10326,644901336676;-0,10082352881500833;0,3079104518967313;-0,4087339807117396;spy
2001-05-02;12526,690153956632;10307,950191095693;-0,3699231394821978;-0,18103372798810025;-0,18888941149409755;spy
2001-05-03;12392,801278913601;10177,089079764097;-1,0688288238752452;-1,269516333563947;0,20068750968870175;strategy
2001-05-04;12502,904626920945;10350,215602774955;0,8884460061074684;1,70113990016163;-0,8126938940541617;spy
2001-05-07;12493,959543421657;10260,807547982282;-0,07154404329396957;-0,8638279454652342;0,7922839021712647;strategy
2001-05-08;12554,323189136365;10255,930936666562;0,4831426378876902;-0,04752658397416676;0,5306692218618569;strategy
2001-05-09;12595,974957543982;10212,852549728537;0,3317723128528405;-0,4200339023736288;0,7518062152264693;strategy
2001-05-10;12613,196245313164;10242,925813000063;0,13672056214169004;0,2944648728168131;-0,15774431067512307;spy
2001-05-11;12575,588312008007;10172,212468448373;-0,29816338835709777;-0,6903627522318101;0,3921993638747123;strategy
2001-05-14;12565,60617380493;10192,532509088456;-0,07937710710158585;0,1997602852192637;-0,27913739232084955;spy
2001-05-15;12596,339627371572;10239,675152201866;0,24458393126078892;0,4625213907473391;-0,2179374594865502;spy
2001-05-16;12705,839466826608;10481,076714106553;0,8692988812170066;2,357511916310928;-1,4882130350939216;spy
2001-05-17;12796,30076513459;10497,332498571248;0,7119663249655073;0,15509651258267532;0,556869812382832;strategy
2001-05-18;12890,457225850534;10545,288737061848;0,7358100004376755;0,45684214058312467;0,27896785985455086;strategy
2001-05-21;12929,398872813343;10700,53290497206;0,30209670828986734;1,4721661187388824;-1,170069410449015;spy
2001-05-22;12864,374082400622;10686,715426165227;-0,5029219923707973;-0,1291288847905303;-0,37379310758026696;spy
2001-05-23;12684,773449119126;10505,461010922021;-1,3961086029611214;-1,6960722543376106;0,29996365137648917;strategy
2001-05-24;12719,677519008044;10536,34786957074;0,2751651027030455;0,29400764627660614;-0,018842543573560633;spy
2001-05-25;12693,483738479732;10411,989320072391;-0,2059311683741072;-1,1802813559098624;0,9743501875357552;strategy
2001-05-29;12647,085179979687;10329,083206994539;-0,36553053090846443;-0,7962562247160965;0,43072569380763204;strategy
2001-05-30;12587,899050192125;10184,404616856109;-0,467982376534104;-1,4006914964191375;0,9327091198850335;strategy
2001-05-31;12606,254474654548;10237,236226425579;0,14581801450133103;0,5187501042724474;-0,37293208977111636;spy
2001-06-01;12683,988558149882;10300,635274122109;0,6166310830201027;0,6192984736727691;-0,0026673906526664126;spy
2001-06-04;12713,496644800813;10350,215602774955;0,23264043889388297;0,481332726898942;-0,24869228800505905;spy
2001-06-05;12746,96244078155;10468,885185817247;0,263230462206665;1,1465421358998196;-0,8833116736931546;spy
2001-06-06;12650,501343928021;10381,915436682437;-0,7567379075733349;-0,8307450849937004;0,07400717742036544;strategy
2001-06-07;12733,801261604087;10419,304237045973;0,658471276445094;0,3601339328138886;0,29833734363120534;strategy
2001-06-08;12701,382756580673;10322,58064516129;-0,25458623357947907;-0,9283114273675008;0,6737251937880218;strategy
2001-06-11;12544,210255485632;10249,428374833311;-1,237444017767353;-0,7086626188022915;-0,5287813989650614;spy
2001-06-12;12569,052701575787;10231,54663985109;0,1980391398437531;-0,1744656807020295;0,3725048205457826;strategy
2001-06-13;12518,98508092456;10143,764535575945;-0,3983404464916407;-0,8579553743442991;0,45961492785265845;strategy
2001-06-14;12332,482187704805;9916,179832359665;-1,489760487884384;-2,2435921340455134;0,7538316461611294;strategy
2001-06-15;12344,305966254644;9903,987683951931;0,09587509124178162;-0,12295207039254574;0,21882716163432736;strategy
2001-06-18;12322,00942931489;9856,032685698185;-0,18062203740497607;-0,4841988882059223;0,3035768508009462;strategy
2001-06-19;12356,66178334452;9899,111072636208;0,28122323902131097;0,4370763400626032;-0,15585310104129224;spy
2001-06-20;12361,419595286261;9951,130327065342;0,03850402337752801;0,5254941988976247;-0,4869901755200967;spy
2001-06-21;12280,01537336181;10064,109703414719;-0,658534574422931;1,1353421434155297;-1,7938767178384607;spy
2001-06-22;12133,013934528131;9985,267846512255;-1,1970786221698004;-0,7833962389709681;-0,4136823831988323;spy
2001-06-25;12095,956570455066;9893,421486061721;-0,3054258758214079;-0,919818695525676;0,6143928197042681;strategy
2001-06-26;12130,2589488958;9879,604007254888;0,28358549603690886;-0,13966329875160222;0,4232487947885111;strategy
2001-06-27;12071,757453013517;9873,914420680405;-0,48227738689460287;-0,05758921683809426;-0,4246881700565086;spy
2001-06-28;12132,12589593284;9928,371980767399;0,5000799854892213;0,5515295937033482;-0,05144960821412692;spy
2001-06-29;12195,305964183335;9964,947805872174;0,520766671830164;0,36839700582962376;0,15236966600054025;strategy
2001-07-02;12085,509061483659;10089,306355370521;-0,9003210171367626;1,2479598681396586;-2,1482808852764212;spy
2001-07-03;12070,37526869362;10086,868049712662;-0,12522263409052714;-0,024167227874505315;-0,10105540621602183;spy
2001-07-05;11965,441388555966;9890,170205145097;-0,8693506026263842;-1,9500388385983558;1,0806882359719716;strategy
2001-07-06;11924,849858569592;9676,403600854075;-0,33923972102856137;-2,161404706461123;1,8221649854325617;strategy
2001-07-09;11963,154651867408;9729,235210423547;0,32121824385309417;0,5459839393719523;-0,22476569551885817;spy
2001-07-10;11899,328871832975;9612,19219801721;-0,5335196433698952;-1,2030032153086512;0,669483571938756;strategy
2001-07-11;11896,757347709892;9621,945420648652;-0,021610665196170054;0,10146720363595207;-0,12307786883212213;spy
2001-07-12;11978,0626155048;9850,343099123696;0,6834237718613245;2,3737162131984624;-1,6902924413371379;spy
2001-07-13;12026,54819606706;9935,686897740981;0,4047865011116203;0,8664043247882169;-0,46161782367659665;spy
2001-07-16;11963,070954313314;9811,328348242634;-0,5278093158476271;-1,2516351489157973;0,7238258330681702;strategy
2001-07-17;12145,01080913826;9903,174708693168;1,5208457386884255;0,9361256416108521;0,5847200970775734;strategy
2001-07-18;12128,337667356634;9835,712645058104;-0,137283877665062;-0,6812165352979682;0,5439326576329062;strategy
2001-07-19;12103,216322839751;9921,869418934151;-0,20712932972254405;0,8759586314199375;-1,0830879611424815;spy
2001-07-20;12089,347152257571;9862,534627413004;-0,11459078489746144;-0,598020282426992;0,48342949752953057;strategy
2001-07-23;12022,280695585256;9668,275088503304;-0,5547566450665675;-1,9696715524805786;1,414914907414011;strategy
2001-07-24;11842,046660506749;9574,80339765367;-1,499166752483927;-0,966787663714519;-0,532379088769408;spy
2001-07-25;11870,831508322892;9680,467236911038;0,24307325111410094;1,1035614504968372;-0,8604881993827362;spy
2001-07-26;12004,637426293526;9782,067440111443;1,1271823534587222;1,0495382166370026;0,07764413682171956;strategy
2001-07-27;12005,953591463025;9819,456240474981;0,01096380609226788;0,3822177734148946;-0,3712539673226267;spy
2001-07-30;11979,066671801276;9822,707521391605;-0,22394655665558538;0,03311060039374869;-0,2570571570493341;spy
2001-07-31;12004,132367943497;9863,347602671769;0,20924581880177318;0,4137360416327063;-0,2044902228309331;spy
2001-08-01;12015,052662427359;9925,120699850775;0,09097112685148012;0,626289366120214;-0,5353182392687339;spy
2001-08-02;11956,765190365797;9965,760781130937;-0,48512040437270754;0,4094668720832084;-0,894587276455916;spy
2001-08-03;11945,255390029135;9911,303221043941;-0,09626182461068833;-0,5464465913139871;0,45018476670329877;strategy
2001-08-06;11904,81021690919;9778,003804054482;-0,33858776392260426;-1,3449232055218974;1,0063354415992931;strategy
2001-08-07;11897,177948187731;9816,204959558358;-0,06411079708451561;0,3906846046432877;-0,4547954017278033;spy
2001-08-08;11837,055456514732;9634,137569056387;-0,5053508650104455;-1,85476353898546;1,3494126739750145;strategy
2001-08-09;11849,241019063338;9662,585501928816;0,10294420426915085;0,2952826100781403;-0,19233840580898942;spy
2001-08-10;11859,41745802262;9695,910666235395;0,08588262271744806;0,3448886874007684;-0,2590060646833203;spy
2001-08-13;11864,30895986958;9698,348971893256;0,0412457177114689;0,025147773549027974;0,016097944162440925;strategy
2001-08-14;11932,72772177853;9694,28471571787;0,5766771763983325;-0,04190668109762541;0,6185838574959579;strategy
2001-08-15;11925,452058868348;9610,56624749968;-0,0609723365840642;-0,8635858206480274;0,8026134840639632;strategy
2001-08-16;11946,720099763179;9643,891411806262;0,17834159065706068;0,3467554715129495;-0,16841388085588882;spy
2001-08-17;11872,924262878827;9489,458978917957;-0,6177079254231055;-1,6013497694431278;0,9836418440200223;strategy
2001-08-20;11922,328015260522;9577,24170331153;0,4161043335899839;0,9250551015457686;-0,5089507679557848;spy
2001-08-21;11862,521723493372;9413,86840293212;-0,5016326651187453;-1,70584919374982;1,2042165286310746;strategy
2001-08-22;11869,357976558702;9511,404349957138;0,05762900355150702;1,0360878530513595;-0,9784588494998525;spy
2001-08-23;11837,490631767654;9477,266830510223;-0,268484149302628;-0,3589114518832148;0,09042730258058684;strategy
2001-08-24;11913,582490445642;9673,964675077788;0,6428039611181102;2,075470154900927;-1,4326661937828167;spy
2001-08-27;11902,350439324682;9616,255834074169;-0,09427937507435757;-0,5965376445118742;0,5022582694375166;strategy
2001-08-28;11864,528809105766;9475,641500111124;-0,3177660615163447;-1,4622565829082168;1,1444905213918721;strategy
2001-08-29;11792,589524864083;9391,110056634176;-0,6063391593475798;-0,8920920391084497;0,28575287976086994;strategy
2001-08-30;11702,610709923934;9210,667996531305;-0,7630115060855203;-1,9214135391310894;1,158402033045569;strategy
2001-08-31;11791,922742053406;9278,1306802848;0,7631804077165016;0,7324407282826906;0,030739679433811062;strategy
2001-09-04;11760,522582495918;9218,795888763654;-0,2662853229652429;-0,6395123496937383;0,3732270267284954;strategy
2001-09-05;11700,528499662594;9241,554235061596;-0,5101310967475015;0,24686896827470495;-0,7570000650222064;spy
2001-09-06;11589,58525182799;9003,403333955106;-0,9481900568662605;-2,576957241704725;1,6287671848384644;strategy
2001-09-07;11409,466617746457;8836,779372777495;-1,5541421903180086;-1,8506775160145428;0,2965353256965342;strategy
2001-09-10;11324,210666777344;8944,88213781115;-0,7472387082188781;1,2233276454391762;-1,9705663536580542;spy
2001-09-17;11024,84734123516;8477,52120308928;-2,643569025260617;-5,224897628849423;2,5813286035888057;strategy
2001-09-18;10925,074194040055;8457,201162449199;-0,9049843876017483;-0,2396931857000406;-0,6652912019017077;spy
2001-09-19;10924,125234562407;8286,512324977775;-0,008686068952878934;-2,018266258455559;2,00958018950268;strategy
2001-09-20;10779,347870802874;8023,164771915481;-1,325299377761413;-3,178026445076221;1,8527270673148077;strategy
2001-09-21;10660,70998497455;7906,93411464948;-1,1006035545959914;-1,4486883987832044;0,3480848441872131;strategy
2001-09-24;10907,041223256238;8184,91212177737;2,310645713361237;3,515623161863335;-1,204977448502098;spy
2001-09-25;11046,444717188595;8270,25654051308;1,278105501564597;1,0427041544971205;0,2354013470674765;strategy
2001-09-26;11061,524808529553;8240,99563238189;0,1365153379846662;-0,3538089536624711;0,4903242916471373;strategy
2001-09-27;11099,71225224243;8312,521952192343;0,34522766412303785;0,8679329901523092;-0,5227053260292713;spy
2001-09-28;11252,322875392467;8488,90037623825;1,374906120824937;2,121840099314154;-0,746933978489217;spy
2001-10-01;11153,70352694252;8475,082277312991;-0,8764354661881968;-0,1627784319855885;-0,7136570342026083;spy
2001-10-02;11238,850132164343;8581,559711947548;0,7633931188519183;1,2563587131134701;-0,49296559426155184;spy
2001-10-03;11331,295589850512;8725,425326827217;0,8225526330456034;1,6764506652488187;-0,8538980322032153;spy
2001-10-04;11274,26396836193;8732,740863919227;-0,5033106853170821;0,08384161021375292;-0,587152295530835;spy
2001-10-05;11279,68888880229;8715,67210419577;0,048117734830244174;-0,19545707343704422;0,2435748082672884;strategy
2001-10-08;11268,829677868074;8658,775618332487;-0,09627225574453391;-0,6528066359436813;0,5565343801991474;strategy
2001-10-09;11292,732376655884;8612,445950477839;0,21211340903266596;-0,5350602659867865;0,7471736750194524;strategy
2001-10-10;11392,88926564804;8804,26718372968;0,8869145717045335;2,2272561634038235;-1,34034159169929;spy
2001-10-11;11432,519070784245;8940,817881635763;0,34784683860393795;1,5509604042733827;-1,2031135656694447;spy
2001-10-12;11409,743871468308;8900,177800355601;-0,19921418171204852;-0,4545454545454519;0,2553312728334034;strategy
2001-10-15;11515,44924941389;8883,922015890907;0,9264482983698974;-0,18264561483305464;1,109093913202952;strategy
2001-10-16;11563,092784911212;8940,004906376998;0,41373579497774315;0,6312852632629484;-0,21754946828520527;spy
2001-10-17;11456,201789725055;8749,809623642685;-0,9244152682545304;-2,127462845111483;1,2030475768569526;strategy
2001-10-18;11421,635772631169;8731,114913401703;-0,3017231865179659;-0,21365847995671317;-0,08806470656125276;spy
2001-10-19;11485,339563714511;8725,425326827217;0,5577466516310414;-0,06516449080006259;0,622911142431104;strategy
2001-10-22;11549,26553300706;8897,73949469774;0,5565875430841194;1,9748512125904671;-1,4182636695063477;spy
2001-10-23;11433,078460431721;8852,222802101855;-1,0060126528676938;-0,5115534414444234;-0,49445921142327043;spy
2001-10-24;11435,338416328352;8828,65148054515;0,01976681874835684;-0,26627573755947376;0,2860425563078306;strategy
2001-10-25;11480,869031154449;8987,147549490412;0,3981571263434125;1,7952466386800259;-1,3970895123366134;spy
2001-10-26;11525,913287303581;8966,82750885033;0,39234186912942004;-0,22610111304151026;0,6184429821709303;strategy
2001-10-29;11405,943492793338;8733,553219059564;-1,0408701811282617;-2,601525339486266;1,5606551583580042;strategy
2001-10-30;11358,971725896547;8628,70235506096;-0,4118183377505802;-1,2005521849890899;0,7887338472385097;strategy
2001-10-31;11344,70331462462;8599,441446929768;-0,12561358207624496;-0,33911133942439164;0,2134977573481467;strategy
2001-11-01;11474,602536802624;8819,71061305404;1,1450208839798304;2,5614357337465643;-1,416414849766734;spy
2001-11-02;11533,546131543253;8879,85775971552;0,5136874636971323;0,6819628137510136;-0,1682753500538814;spy
2001-11-05;11612,181672162773;8996,088416981522;0,6817984661669607;1,3089247644629598;-0,6271262982959991;spy
2001-11-06;11723,353328579718;9135,89039580423;0,9573709708956102;1,554030733610956;-0,5966597627153458;spy
2001-11-07;11715,59428454558;9123,698247396494;-0,06618451066576769;-0,13345331302720975;0,06726880236144206;strategy
2001-11-08;11646,151919640854;9152,146180268923;-0,592734463298461;0,31180264955108505;-0,9045371128495461;spy
2001-11-09;11574,529627013111;9161,900023018796;-0,6149867623395311;0,1065743767391103;-0,7215611390786414;spy
2001-11-12;11597,421335137526;9105,816512414276;0,19777657375370516;-0,6121384261300933;0,8099149998837984;strategy
2001-11-13;11660,840856260611;9310,642869332612;0,5468415718495878;2,2494013210027752;-1,7025597491531874;spy
2001-11-14;11619,696834058115;9319,583736823723;-0,35283923955111707;0,09602846566652001;-0,4488677052176371;spy
2001-11-15;11603,22305004662;9336,652496547182;-0,14177464564488762;0,1831493788291949;-0,32492402447408253;spy
2001-11-16;11536,600149050966;9295,199440008255;-0,5741758191521229;-0,44398200055379977;-0,13019381859832313;spy
2001-11-19;11585,870379880087;9409,804146756731;0,4270775635157431;1,2329451077208287;-0,8058675442050856;spy
2001-11-20;11553,01531388248;9330,962909972694;-0,2835787465278572;-0,8378626755075613;0,5542839289797041;strategy
2001-11-21;11515,723208993917;9269,189812793687;-0,3227910971757453;-0,6620227491525466;0,3392316519768013;strategy
2001-11-23;11561,241318413326;9402,489229783148;0,3952692209887365;1,4380913508263315;-1,042822129837595;spy
2001-11-26;11619,32038438181;9422,809270423228;0,502360121797496;0,2161134157507405;0,2862467060467555;strategy
2001-11-27;11553,940528188416;9382,169189143066;-0,5626822742686;-0,43129474569463255;-0,1313875285739674;spy
2001-11-28;11459,640798006487;9212,293326930405;-0,8161694268017383;-1,8106245878537264;0,9944551610519881;strategy
2001-11-29;11519,848088817032;9336,652496547182;0,5253854974321737;1,349926290918635;-0,8245407934864613;spy
2001-11-30;11524,067375890809;9270,00278805245;0,036626238829251534;-0,7138501568884514;0,750476395717703;strategy
2001-12-03;11491,642841032672;9214,732252706694;-0,28136363490872673;-0,596229975432061;0,3148663405233343;strategy
2001-12-04;11601,179106344138;9370,790015994095;0,9531819499327909;1,693568071297591;-0,7403861213648;spy
2001-12-05;11839,630958478552;9542,291208605855;2,055410488439202;1,8301679188098552;0,22524256962934697;strategy
2001-12-06;11818,764927791068;9537,413977171705;-0,17623886049034088;-0,051111743789067354;-0,12512711670127352;spy
2001-12-07;11812,838283687972;9474,015549593601;-0,050146052817745534;-0,6647339386740669;0,6145878858563214;strategy
2001-12-10;11672,327944639022;9296,824770407353;-1,1894714519454341;-1,8702817011298833;0,6808102491844492;strategy
2001-12-11;11780,18162468651;9278,1306802848;0,924011735782515;-0,2010803751196666;1,1250921109021816;strategy
2001-12-12;11777,36849863462;9288,696878175007;-0,023880158570677157;0,11388283108213493;-0,13776298965281208;spy
2001-12-13;11773,949206098172;9108,254818072137;-0,029032737974055145;-1,9425982187753599;1,9135654808013047;strategy
2001-12-14;11769,598817443817;9195,224567206946;-0,03694927316402197;0,9548453668890344;-0,9917946400530564;spy
2001-12-17;11906,132828439559;9290,322828692531;1,1600566265129064;1,034213583262944;0,12584304324996243;strategy
2001-12-18;11992,647951119146;9345,59336403829;0,7266433520121129;0,594925885406905;0,1317174666052079;strategy
2001-12-19;11874,222777289826;9411,430097274257;-0,9874814495681838;0,7044681987695478;-1,6919496483377316;spy
2001-12-20;11713,231264865557;9318,770761564962;-1,3558067373653726;-0,9845404444552064;-0,3712662929101662;spy
2001-12-21;11796,215440562337;9343,154438262003;0,7084652716257356;0,2616619436289991;0,4468033279967365;strategy
2001-12-24;11839,574230661416;9325,273323398209;0,36756526122765365;-0,19138198969042008;0,5589472509180737;strategy
2001-12-26;11901,39563249778;9376,479602568581;0,5221589951796002;0,5491129041964804;-0,026953909016880218;spy
2001-12-27;11959,819402673207;9433,375468313438;0,4908984793001503;0,60679346787329;-0,11589498857313973;spy
2001-12-28;12002,393401579182;9428,498856997714;0,3559752657841919;-0,051695295412590436;0,40767056119678236;strategy
2001-12-31;11892,068353020828;9290,322828692531;-0,9191920716732915;-1,4655146105536199;0,5463225388803283;strategy
2002-01-02;11809,417988497951;9390,297081375413;-0,6950041159314524;1,0761117188965441;-1,7711158348279965;spy
2002-01-03;11943,182477732737;9496,773895891542;1,1326933246419868;1,133902512278473;-0,001209187636486142;spy
2002-01-04;12061,104277758823;9560,172943588075;0,987356596501332;0,6675851019677381;0,3197714945335939;strategy
2002-01-07;12011,231194644057;9492,710259834583;-0,4135034567832596;-0,705663842605897;0,29216038582263737;strategy
2002-01-08;11984,709574612987;9470,764268676974;-0,22080683987579786;-0,23118783315726477;0,01038099328146691;strategy
2002-01-09;12097,242247018414;9393,548362292036;0,9389687059568219;-0,8153080806827417;1,7542767866395637;strategy
2002-01-10;12038,921347044898;9435,001418830961;-0,48210078613487584;0,441292842067309;-0,9233936282021848;spy
2002-01-11;11944,49066477222;9342,342083121664;-0,784378264053176;-0,9820807819314381;0,1977025178782621;strategy
2002-01-14;11824,937769549922;9283,820266859284;-1,0009040868933283;-0,6264148298327554;-0,3744892570605729;spy
2002-01-15;11934,941561766158;9359,410842845124;0,9302695232739744;0,8142184339315239;0,11605108934245045;strategy
2002-01-16;11856,48777724216;9170,027915251143;-0,657345359572814;-2,0234492402772974;1,3661038807044834;strategy
2002-01-17;11965,684700746224;9239,115929403735;0,9209887915851533;0,753411165059692;0,16757762652546138;strategy
2002-01-18;11844,058496839172;9196,850517724473;-1,0164583719932563;-0,45746164462284744;-0,5589967273704088;spy
2002-01-22;11860,684731952959;9133,45209014637;0,14037616513142837;-0,6893493316643573;0,8297254967957857;strategy
2002-01-23;11876,644851103898;9203,35307955772;0,1345632188329171;0,7653293488752544;-0,6307661300423373;spy
2002-01-24;11998,901883226823;9231,801012430149;1,0293903173467456;0,30910400401367166;0,7202863133330739;strategy
2002-01-25;11985,937346441397;9229,362706772286;-0,10804769396064451;-0,026412025720434773;-0,08163566824020974;spy
2002-01-28;12024,438063054979;9254,559358728093;0,3212157339118171;0,2730053282803402;0,04821040563147694;strategy
2002-01-29;11998,184291553847;8963,576227933707;-0,2183367851658402;-3,1442137817178306;2,9258769965519904;strategy
2002-01-30;12085,763523021595;9092,812008866207;0,7299373750193183;1,441788161847235;-0,7118507868279167;spy
2002-01-31;12183,975538909177;9199,288823382334;0,8126256624209294;1,1709998448478087;-0,35837418242687935;spy
2002-02-01;12014,395702043415;9156,210436444311;-1,3918268000802647;-0,4682795351367619;-0,9235472649435028;spy
2002-02-04;11896,916279257617;8928,62573322803;-0,9778221535171938;-2,4855774645636153;1,5077553110464215;strategy
2002-02-05;11832,383895680552;8873,355197882272;-0,5424295007402713;-0,6190262308797045;0,07659673013943324;strategy
2002-02-06;11777,906069919154;8835,153422259971;-0,46041293319839527;-0,4305223308475048;-0,02989060235089047;spy
2002-02-07;11751,299430196035;8779,88288691421;-0,2259029709115512;-0,6255752753144939;0,39967230440294266;strategy
2002-02-08;11779,517869449992;8948,132798609347;0,24013037384995606;1,916311571147511;-1,6761811972975549;spy
2002-02-11;11989,070826997822;9057,861514160526;1,778960394391893;1,226275000838517;0,552685393553376;strategy
2002-02-12;12003,983019041494;9029,412961169674;0,1243815493198408;-0,31407582183032856;0,43845737115016936;strategy
2002-02-13;12026,266529814096;9125,323577795592;0,18563430768983036;1,062202128071621;-0,8765678203817906;spy
2002-02-14;12035,643935310953;9108,254818072137;0,0779743694654389;-0,18704826823882081;0,2650226377042597;strategy
2002-02-15;11909,569471073031;9013,157176704979;-1,0475090897964834;-1,0440819154342251;-0,0034271743622582562;spy
2002-02-19;11685,782054472349;8840,03065369412;-1,8790554700086837;-1,9208199703685813;0,04176450035989765;strategy
2002-02-20;11758,088629449883;8988,77287988951;0,618756833222478;1,6825985341264893;-1,0638417009040113;spy
2002-02-21;11727,811925604143;8802,64185333058;-0,2574968160208302;-2,0707056351969677;1,8132088191761375;strategy
2002-02-22;11723,512229069322;8911,556973504572;-0,0366623933099941;1,2373003694655882;-1,2739627627755823;spy
2002-02-25;11874,121977954692;9058,673869300865;1,2846811257800628;1,6508551337739652;-0,36617400799390243;spy
2002-02-26;11983,762583439762;9039,97977917831;0,9233575812058081;-0,20636674189041804;1,1297243230962262;strategy
2002-02-27;12033,930758683986;9074,930273883985;0,4186345890526022;0,3866213814568198;0,03201320759578241;strategy
2002-02-28;11981,875101500376;9034,290192603823;-0,4325740128265698;-0,44782802791463183;0,015254015088062012;strategy
2002-03-01;11991,083510332126;9244,805515978218;0,07685281939382449;2,330181108713325;-2,2533282893195006;spy
2002-03-04;12178,199828274515;9408,178816357633;1,5604621365630678;1,7671902356090508;-0,206728099045983;spy
2002-03-05;12059,865925877803;9378,104932967677;-0,9716863252807961;-0,3196568005028544;-0,6520295247779417;spy
2002-03-06;12164,168651707114;9489,458978917957;0,864874671661986;1,1873832372980564;-0,32250856563607044;spy
2002-03-07;12109,67150107427;9469,138938277876;-0,4480137705522136;-0,21413276231263545;-0,23388100823957814;spy
2002-03-08;12107,824528355439;9508,966044299275;-0,015252046421465604;0,42059902469486765;-0,43585107111633326;spy
2002-03-11;12139,979969093005;9529,286084939356;0,265575708189858;0,21369348197708415;0,05188222621277383;strategy
2002-03-12;12106,285160787364;9523,596498364872;-0,27755242093828736;-0,05970632557119604;-0,21784609536709132;spy
2002-03-13;12070,102339902489;9431,75013791434;-0,2988763308010567;-0,9644083563000727;0,665532025499016;strategy
2002-03-14;12060,468844386505;9418,745014247841;-0,07981287353410194;-0,1378866432669823;0,058073769732880365;strategy
2002-03-15;12087,27020896893;9481,33108668561;0,2222248979557584;0,6644841997855755;-0,4422593018298171;spy
2002-03-18;12107,657580078554;9482,95641708471;0,16866811742568544;0,017142428465377613;0,15152568896030782;strategy
2002-03-19;12163,4504307617;9546,354844662816;0,46080631463303323;0,6685512912817604;-0,20774497664872715;spy
2002-03-20;12083,089567584771;9366,725759818706;-0,6606748934800177;-1,881651036097165;1,2209761426171473;strategy
2002-03-21;12056,796348754233;9370,790015994095;-0,21760344226094963;0,043390361579964676;-0,2609938038409143;spy
2002-03-22;12040,9731795579;9350,469975354014;-0,1312385872551336;-0,21684447741757706;0,08560589016244347;strategy
2002-03-25;11958,627389566871;9234,239318088012;-0,6838798555820036;-1,2430461524646663;0,5591662968826627;strategy
2002-03-26;12033,081200548522;9287,883902916243;0,6225949563961386;0,5809312817261825;0,04166367466995613;strategy
2002-03-27;12062,699905863496;9312,268199731712;0,24614398275333293;0,2625387770815335;-0,016394794328200568;spy
2002-03-28;12082,39738133859;9308,203943556324;0,16329242730741544;-0,04364410569173138;0,20693653299914683;strategy
2002-04-01;11989,113708370145;9312,268199731712;-0,7720626132734387;0,04366316208834764;-0,8157257753617864;spy
2002-04-02;11881,074480293992;9261,06192056134;-0,9011444107059119;-0,5498797722755411;-0,3512646384303708;spy
2002-04-03;11879,58734472068;9196,03754246571;-0,012516844127008486;-0,702126588218388;0,6896097440913795;strategy
2002-04-04;11816,954380189734;9157,83576684341;-0,5272318197044101;-0,41541561184251785;-0,11181620786189228;spy
2002-04-05;11838,228558784289;9159,461717360933;0,18003097845769034;0,017754746415210576;0,16227623204247976;strategy
2002-04-08;11926,490536453679;9178,968782742253;0,7455674405263624;0,2129717442275636;0,5325956962987988;strategy
2002-04-09;11884,242735186683;9114,757379905384;-0,3542349791656241;-0,6995492016226845;0,34531422245706045;strategy
2002-04-10;11991,786196724624;9217,983533623317;0,9049248145994948;1,132516746364609;-0,22759193176511427;spy
2002-04-11;11867,933042600693;8988,77287988951;-1,0328165637055853;-2,4865595918862726;1,4537430281806873;strategy
2002-04-12;11971,973234000096;9056,235563643004;0,8766496324671191;0,7505216190791586;0,12612801338796054;strategy
2002-04-15;12022,063647779523;8987,147549490412;0,4183973084501469;-0,7628778388887314;1,1812751473388783;strategy
2002-04-16;12153,774259768907;9200,914153781434;1,0955740698786798;2,3785812251757577;-1,2830071552970779;spy
2002-04-17;12184,20041720414;9181,407088400114;0,2503432825468055;-0,21201225286188174;0,46235553540868723;strategy
2002-04-18;12177,559747292311;9141,579982378715;-0,0545023036756076;-0,43377998206524104;0,37927767838963344;strategy
2002-04-19;12163,215208594354;9174,904526566865;-0,11779485377721999;0,3645381241796919;-0,4823329779569119;spy
2002-04-22;12137,494512485806;9022,09804419609;-0,21146296984349;-1,6654830786337782;1,4540201087902882;strategy
2002-04-23;12149,33269539975;8983,083293315023;0,09753399189400547;-0,4324354566969557;0,5299694485909612;strategy
2002-04-24;12084,159657325066;8892,862883382017;-0,5364330676314477;-1,004336784900417;0,4679037172689693;strategy
2002-04-25;12093,633085500653;8897,73949469774;0,07839542379635134;0,054837360922732614;0,023558062873618724;strategy
2002-04-26;12050,845138781904;8728,67660774384;-0,3538055637726245;-1,9000655959263146;1,5462600321536901;strategy
2002-04-29;11985,604855923437;8685,598220805818;-0,5413751658670973;-0,4935271275808839;-0,047848038286213423;spy
2002-04-30;12025,931629724371;8766,878383366142;0,33646006426621966;0,9358038501668497;-0,5993437859006301;spy
2002-05-01;12066,629530447211;8874,168173141034;0,3384178621326006;1,2238083509685582;-0,8853904888359576;spy
2002-05-02;12110,45165295033;8840,03065369412;0,36316787875640966;-0,38468416172497966;0,7478520404813893;strategy
2002-05-03;12068,436694361737;8744,120037068198;-0,3469313927557671;-1,0849579643238294;0,7380265715680623;strategy
2002-05-06;12031,186776937617;8572,61884445644;-0,3086556972331178;-1,9613316363994104;1,6526759391662926;strategy
2002-05-07;12002,628325790705;8542,544961066485;-0,2373701919552551;-0,3508132571343858;0,11344306517913072;strategy
2002-05-08;12100,374937414537;8860,350694334202;0,8143767262525303;3,7202699513569693;-2,905893225104439;spy
2002-05-09;12010,666964452072;8757,937515875032;-0,7413652339407051;-1,1558591978154897;0,41449396387478465;strategy
2002-05-10;11950,05210925131;8592,93888509652;-0,5046751806553562;-1,8839895863544065;1,3793144056990503;strategy
2002-05-13;12009,346840508908;8767,691358624907;0,49618805604783045;2,033675275306268;-1,5374872192584377;spy
2002-05-14;12052,98526031549;8958,699616617983;0,36337046790408944;2,178546782502555;-1,8151763145984656;spy
2002-05-15;12062,35851322094;8923,749121912306;0,077767065195955;-0,39012910580064064;0,46789617099659564;strategy
2002-05-16;12063,79341294718;8970,078789766954;0,01189568130202101;0,5191726842800337;-0,5072770029780127;spy
2002-05-17;12096,69424579617;9013,970151963742;0,2727237753730183;0,4893085470649261;-0,21658477169190782;spy
2002-05-20;12099,21190222606;8916,433584820295;0,020812764038935505;-1,0820600190494023;1,1028727830883378;strategy
2002-05-21;12006,901998872063;8835,153422259971;-0,7629414551952207;-0,9115770536181511;0,1486355984229304;strategy
2002-05-22;11997,729325001921;8854,661107759715;-0,07639500906231333;0,22079622806090438;-0,2971912371232177;spy
2002-05-23;12150,298863042726;8948,94577386811;1,2716534429799697;1,0648026498243812;0,20685079315558852;strategy
2002-05-24;12088,71064917746;8834,341067119632;-0,5068864112684368;-1,2806503653551737;0,7737639540867369;strategy
2002-05-28;12087,521379723814;8786,38544874746;-0,009837851927796404;-0,5428318649667863;0,5329940130389899;strategy
2002-05-29;12004,598413838803;8721,361690770254;-0,6860212551442535;-0,7400512799774273;0,05403002483317376;strategy
2002-05-30;11985,010140888611;8696,977393954789;-0,16317307980591167;-0,27959277094621315;0,11641969114030148;strategy
2002-05-31;12074,407629532572;8714,859128937009;0,7459108302209083;0,20560861747955794;0,5403022127413504;strategy
2002-06-03;11976,678879881052;8483,210789663768;-0,8093875298071485;-2,6580847245604944;1,848697194753346;strategy
2002-06-04;11960,807304199354;8504,343185444182;-0,1325206748956087;0,24910846027972333;-0,38162913517533203;spy
2002-06-05;12028,348413064086;8583,99801760541;0,5646868739455302;0,9366370855960149;-0,3719502116504847;spy
2002-06-06;12000,746300971952;8409,245544077025;-0,2294754952571476;-2,0357934982041748;1,8063180029470272;strategy
2002-06-07;11942,321485230634;8399,491701327153;-0,4868431868823575;-0,11598951057792961;-0,3708536763044279;spy
2002-06-10;11906,67900661019;8432,003890374966;-0,298455192857805;0,38707329209786145;-0,6855284849556664;spy
2002-06-11;11881,066318938127;8287,325300236538;-0,21511193556023045;-1,715826890255323;1,5007149546950926;strategy
2002-06-12;11865,08086790407;8337,719224266571;-0,13454559216269368;0,6080842998716918;-0,7426298920343855;spy
2002-06-13;11846,09608574594;8254,000756048386;-0,1600055016016344;-1,0040931574491707;0,8440876558475363;strategy
2002-06-14;11879,181297169825;8241,808607640653;0,2792921075804644;-0,1477119855943787;0,4270040931748431;strategy
2002-06-17;11961,708957375049;8462,890749023687;0,694725151007547;2,6824469228523107;-1,9877217718447637;spy
2002-06-18;12026,382141240052;8531,978763176277;0,5406684286957786;0,816364244812684;-0,2756958161169054;spy
2002-06-19;11990,231253018163;8332,841992832422;-0,30059653682484866;-2,3340045242883467;2,033407987463498;strategy
2002-06-20;12002,461702316483;8226,365178316293;0,10200344797555161;-1,2777971142104438;1,3798005621859954;strategy
2002-06-21;11936,684597468513;8069,494439770129;-0,5480301164824786;-1,906926511840934;1,3588963953584554;strategy
2002-06-24;11960,180562541984;8111,760471567817;0,19683828354193356;0,5237754621823854;-0,3269371786404518;spy
2002-06-25;11827,68574657154;7929,692460947423;-1,1077994623710175;-2,244494413494491;1,1366949511234736;strategy
2002-06-26;11817,730352226623;7942,697584613919;-0,08417026422775642;0,1640053978202216;-0,24817566204797803;spy
2002-06-27;11854,60320617046;8081,686588177864;0,31201299102996405;1,7498967080552763;-1,4378837170253123;spy
2002-06-28;11906,800418508588;8043,484812555563;0,4403117626995634;-0,4726955840898883;0,9130073467894517;strategy
2002-07-01;11697,431194673878;7886,614074009398;-1,7584003802503911;-1,9502832690290628;0,19188288877867166;strategy
2002-07-02;11485,222278221088;7719,177137573026;-1,8141497301511267;-2,1230522359166226;0,30890250576549594;strategy
2002-07-03;11431,455960042586;7763,068499769813;-0,46813476375165974;0,5686015674280398;-1,0367363311796995;spy
2002-07-05;11623,854333049601;8071,932745427992;1,6830609651082407;3,9786360981786784;-2,2955751330704377;spy
2002-07-08;11581,241880890055;7971,145517486348;-0,36659485690894167;-1,2486133262040733;0,8820184692951316;strategy
2002-07-09;11562,916959618993;7770,383416743396;-0,15822932859470562;-2,5186104092885797;2,360381080693874;strategy
2002-07-10;11409,785742642198;7487,528798299785;-1,324330335602797;-3,640162953016246;2,315832617413449;strategy
2002-07-11;11348,600142964458;7548,488920220029;-0,536255465771529;0,8141554251395622;-1,3504108909110912;spy
2002-07-12;11408,365718895733;7465,582807142177;0,5266339035508771;-1,0983140328360563;1,6249479363869335;strategy
2002-07-15;11354,563588727426;7505,409913163577;-0,47160243188202333;0,5334761806311761;-1,0050786125131994;spy
2002-07-16;11256,904642615009;7360,731323025147;-0,8600854215953357;-1,9276574072880637;1,067571985692728;strategy
2002-07-17;11226,71658148135;7375,361777090741;-0,2681737306308496;0,1987635932292342;-0,4669373238600838;spy
2002-07-18;11136,108771399779;7136,398520843916;-0,8070731048028024;-3,2400208080516135;2,432947703248811;strategy
2002-07-19;10930,28437118667;6885,24249607093;-1,8482614029571631;-3,5193665830097864;1,6711051800526233;strategy
2002-07-22;10802,177980668217;6681,229114411353;-1,172031634018178;-2,963052961112078;1,7910213270939002;strategy
2002-07-23;10716,474952947423;6498,348748650622;-0,7933865547685826;-2,7372263789945506;1,943839824225968;strategy
2002-07-24;10972,561738169958;6886,055471329693;2,389655053055506;5,966234464710407;-3,576579411654901;spy
2002-07-25;10950,145059796776;6827,53365506731;-0,20429758253445174;-0,8498597855628787;0,6455622030284269;strategy
2002-07-26;11022,816204294299;6957,581791140145;0,6636546283238953;1,9047600882393878;-1,2411054599154925;spy
2002-07-29;11323,39701563447;7296,519920188278;2,726896700165149;4,871493274857941;-2,144596574692792;spy
2002-07-30;11251,494926538806;7391,618181673863;-0,634986912464397;1,303337241942737;-1,938324154407134;spy
2002-07-31;11206,616726643218;7409,499916656084;-0,3988643303720729;0,24191908378812244;-0,6407834141601954;spy
2002-08-01;11123,10706164554;7216,052732886716;-0,7451817710436903;-2,6107994594144146;1,8656176883707243;strategy
2002-08-02;10938,43437792189;7054,305383024828;-1,660261675988306;-2,2414934570077927;0,5812317810194867;strategy
2002-08-05;10792,611643650958;6808,838944826328;-1,3331225405096458;-3,47966844176012;2,146545901250474;strategy
2002-08-06;10914,938591573045;7038,048978441707;1,1334323142633274;3,366360042772687;-2,2329277285093596;spy
2002-08-07;10959,127087661234;7160,782197540958;0,4048442024429333;1,7438528699529554;-1,3390086675100221;spy
2002-08-08;11073,388712184475;7392,4305368141995;1,0426161099261755;3,23495859646159;-2,1923424865354146;spy
2002-08-09;11077,622014285229;7420,066114546292;0,03822950869678543;0,3738361502954701;-0,3356066415986847;spy
2002-08-12;11072,523042789344;7365,608554459298;-0,046029477168563204;-0,7339228417417409;0,6878933645731777;strategy
2002-08-13;11002,347916964822;7231,496162211074;-0,6337771938096926;-1,8207917411933283;1,1870145473836358;strategy
2002-08-14;11112,450898589424;7495,656690532131;1,000722595354686;3,6529166633794796;-2,6521940680247935;spy
2002-08-15;11169,535206784778;7599,695199390399;0,5136968317457358;1,3879839105982672;-0,8742870788525314;spy
2002-08-16;11132,01872277143;7576,936853092457;-0,33588223071769896;-0,2994639350768602;-0,03641829564083876;spy
2002-08-19;11206,654709213362;7754,127632278703;0,6704622791305459;2,338554255126568;-1,6680919759960222;spy
2002-08-20;11178,468015545463;7672,0344944596145;-0,2515174635007389;-1,0587024319454352;0,8071849684446963;strategy
2002-08-21;11224,468989953722;7782,575565151131;0,41151412111470886;1,440831252405661;-1,0293171312909521;spy
2002-08-22;11186,079319092547;7858,16614113697;-0,3420177016439263;0,9712796920895883;-1,3132973937335146;spy
2002-08-23;11148,607968206179;7689,103254183071;-0,3349819880358873;-2,1514292764677756;1,8164472884318883;strategy
2002-08-26;11202,367636394993;7742,7484591297325;0,4822096923860597;0,697678301009641;-0,2154686086235813;spy
2002-08-27;11146,717229201297;7653,340404337059;-0,49677361964889366;-1,1547327833858478;0,6579591637369542;strategy
2002-08-28;11035,96231819308;7485,902847782258;-0,9936101251233787;-2,1877709301930004;1,1941608050696217;strategy
2002-08-29;11049,961364723516;7489,154128698883;0,1268493505759638;0,04343204798054057;0,08341730259542324;strategy
2002-08-30;11065,151953342585;7459,893220567692;0,137471870875161;-0,3907104544565554;0,5281823253317164;strategy
2002-09-03;10920,305167857263;7175,4126516065535;-1,3090356652677215;-3,8134670369918466;2,504431371724125;strategy
2002-09-04;11045,03726483867;7277,825830065723;1,1422034005839077;1,4272792859688632;-0,28507588538495554;spy
2002-09-05;10998,965587550876;7216,052732886716;-0,4171255939032448;-0,8487850440692557;0,4316594501660109;strategy
2002-09-06;11039,58267506961;7315,214630429261;0,36928097642843216;1,3741847685039943;-1,0049037920755621;spy
2002-09-09;11108,528927013323;7368,859835375921;0,6245367598850748;0,7333374023437589;-0,10880064245868404;spy
2002-09-10;11130,921729678998;7453,390658734444;0,20158207097269454;1,14713572040972;-0,9455536494370254;spy
2002-09-11;11148,61114234335;7407,060990879793;0,15892136423156789;-0,6215918361981654;0,7805132004297333;strategy
2002-09-12;11054,226638065;7270,510292973711;-0,8466032501561638;-1,8435206362444556;0,9969173860882918;strategy
2002-09-13;11077,630042602124;7288,392027955932;0,21171453511306115;0,24594882974722232;-0,034234294634161166;spy
2002-09-16;11113,330446581953;7306,273762938152;0,3222747450721153;0,2453454055933335;0,07692933947878178;strategy
2002-09-17;11021,877492514945;7138,836826501778;-0,8229122179583492;-2,291687142708987;1,4687749247506376;strategy
2002-09-18;10977,70858910347;7067,309886572898;-0,40073847165758014;-1,0019410958287733;0,6012026241711932;strategy
2002-09-19;10798,274844430929;6884,429520812167;-1,6345282188547694;-2,587694167878274;0,9531659490235045;strategy
2002-09-20;10795,3660190812;6855,981587939737;-0,026937871017684856;-0,4132213538744045;0,38628348285671965;strategy
2002-09-23;10652,620627222988;6799,898697453645;-1,3222839467036618;-0,8180140183682405;-0,5042699283354213;spy
2002-09-24;10593,10148744484;6690,169981902464;-0,5587276770755101;-1,6136816213493055;1,0549539442737954;strategy
2002-09-25;10675,908898443413;6855,981587939737;0,7817107302966919;2,478436369865178;-1,696725639568486;spy
2002-09-26;10779,750340635124;6968,148609148781;0,9726707410069091;1,6360461265875426;-0,6633753855806335;spy
2002-09-27;10801,441364833088;6725,933451866903;0,20122009798499985;-3,4760331742044626;3,6772532721894624;strategy
2002-09-30;10767,460425249601;6647,904570223203;-0,31459634354097377;-1,1601197395439744;0,8455233960030006;strategy
2002-10-01;10824,718566529114;6967,3356338900185;0,5317701576617262;4,804988704223989;-4,273218546562263;spy
2002-10-02;10771,42777235738;6758,44564091472;-0,4923065098109247;-2,998133059059638;2,505826549248713;strategy
2002-10-03;10752,66553720255;6690,169981902464;-0,1741852199295124;-1,010227242177164;0,8360420222476517;strategy
2002-10-04;10565,53788689872;6567,43738292164;-1,7402908112076676;-1,8345213845511799;0,09423057334351226;strategy
2002-10-07;10452,072843223026;6431,699040155892;-1,0739163958362385;-2,0668387812684763;0,9929223854322378;strategy
2002-10-08;10556,617094869544;6532,4868882159635;1,0002250578869942;1,5670485734921469;-0,5668235156051527;spy
2002-10-09;10516,745203075474;6347,980571937707;-0,37769572805143037;-2,824442198438848;2,4467464703874175;strategy
2002-10-10;10644,784256369305;6553,619283996381;1,2174779441874062;3,2394351200086158;-2,0219571758212096;spy
2002-10-11;10763,585263154611;6840,538778733808;1,1160489862837908;4,378031165741825;-3,261982179458034;spy
2002-10-14;10821,243651772274;6878,739934237681;0,5356801401019906;0,5584524368553501;-0,022772296753359456;spy
2002-10-15;10911,151296261865;7209,550171053467;0,8308439157532987;4,809169120775136;-3,9783252050218376;spy
2002-10-16;10895,721614008631;7034,79831764351;-0,14141204566121557;-2,4238939914946522;2,2824819458334367;strategy
2002-10-17;10923,089302922843;7174,599676347791;0,25117830542793484;1,9872831087943688;-1,736104803366434;spy
2002-10-18;10947,223222970926;7204,673559737745;0,2209440880578173;0,4191715879158675;-0,19822749985805022;spy
2002-10-21;11022,160386616993;7329,032109236095;0,6845312470547205;1,7260816672292956;-1,041550420174575;spy
2002-10-22;10936,578751651128;7276,199879548197;-0,7764506409267846;-0,7208623035136918;-0,05558833741309277;spy
2002-10-23;10932,468454293103;7331,470414893955;-0,03758302711810435;0,759607161165432;-0,7971901882835364;spy
2002-10-24;10875,785643670446;7181,915213439803;-0,5184813554197643;-2,0399073172324256;1,5214259618126613;strategy
2002-10-25;10908,53921354811;7331,470414893955;0,30116049498205566;2,082386062902608;-1,7812255679205524;spy
2002-10-28;10711,356712732926;7283,515416640208;-1,8075976714672204;-0,6540979577074557;-1,1534997137597647;spy
2002-10-29;10706,14998120573;7198,983973163259;-0,04860944945477286;-1,160585769940503;1,1119763204857303;strategy
2002-10-30;10746,904716181256;7268,8849625746125;0,3806665799290121;0,9709840954214233;-0,5903175154924112;spy
2002-10-31;10710,802874214094;7194,919716987872;-0,33592781289671914;-1,0175597215744459;0,6816319086777267;strategy
2002-11-01;10838,937981588751;7337,16000146844;1,196316549557075;1,9769544355682678;-0,7806378860111929;spy
2002-11-04;10826,625441233937;7407,060990879793;-0,11359544981002223;0,9526981747346897;-1,0662936245447119;spy
2002-11-05;10825,245229722808;7465,582807142177;-0,012748307573950957;0,7900814686748303;-0,8028297762487813;spy
2002-11-06;10911,869718235845;7562,30639902686;0,8002080939025102;1,295593316467536;-0,4953852225650257;spy
2002-11-07;10820,391634804768;7376,987727608269;-0,8383355537887272;-2,4505575632645438;1,6122220094758166;strategy
2002-11-08;10707,260270016268;7286,766697556833;-1,0455385406254902;-1,2230063730997554;0,17746783247426512;strategy
2002-11-11;10616,785002255574;7173,7873212074555;-0,8449898991813365;-1,5504733586057862;0,7054834594244497;strategy
2002-11-12;10713,534593134627;7230,683186952311;0,9112889717414419;0,7931077852929569;0,11818118644848497;strategy
2002-11-13;10801,857734131114;7237,998724044323;0,8244071107315509;0,10117352541751945;0,7232335853140315;strategy
2002-11-14;10951,087534438218;7374,549421950406;1,3815197716923855;1,8865808507601223;-0,5050610790677368;spy
2002-11-15;10997,295798024035;7429,006982037402;0,4219513673003217;0,7384527104110639;-0,3165013431107422;spy
2002-11-18;10943,9296830817;7354,229381310325;-0,48526579554151184;-1,006562531276134;0,5212967357346221;strategy
2002-11-19;10807,925660123781;7344,475538560452;-1,2427348027296725;-0,13262902534235677;-1,1101057773873158;spy
2002-11-20;10903,22876431984;7507,848838939867;0,8817890425327546;2,2244379400770287;-1,342648897544274;spy
2002-11-21;10936,483566283347;7647,650197644146;0,3049995802374639;1,8620694383082226;-1,5570698580707587;spy
2002-11-22;10920,560766448869;7593,192637557151;-0,1455934143545612;-0,7120822563742579;0,5664888420196967;strategy
2002-11-25;10854,930478588874;7598,069868991301;-0,6009791004655152;0,06423163044786406;-0,6652107309133792;spy
2002-11-26;10696,449235487335;7453,390658734444;-1,4599931654480924;-1,9041574077557688;0,44416424230767637;strategy
2002-11-27;10835,584540417844;7663,0936269685035;1,3007616066545102;2,8135244459287057;-1,5127628392741954;spy
2002-11-29;10763,218977692519;7638,709950271463;-0,6678510278369743;-0,31819625185353084;-0,3496547759834434;spy
2002-12-02;10688,255428752893;7650,901478560769;-0,6964788981344006;0,1596019271404847;-0,8560808252748853;spy
2002-12-03;10579,466926254794;7548,488920220029;-1,017832173110711;-1,3385685154581828;0,32073634234747184;strategy
2002-12-04;10495,527947616603;7514,350780654687;-0,7934140654089261;-0,45225130388543144;-0,3411627615234947;spy
2002-12-05;10460,32637309361;7431,445287695263;-0,33539593909600596;-1,10329548592355;0,767899546827544;strategy
2002-12-06;10513,477589117923;7480,213261207772;0,5081219660701075;0,6562380751595986;-0,14811610908949113;spy
2002-12-09;10320,821549220767;7274,574549149099;-1,8324673093569555;-2,7491022632350814;0,916634953878126;strategy
2002-12-10;10403,60835063761;7372,1104961741175;0,8021338322925953;1,3407787131197502;-0,5386448808271549;spy
2002-12-11;10386,448633384305;7378,613058007366;-0,1649400542096946;0,08820488836436269;-0,2531449425740573;spy
2002-12-12;10422,460786354499;7377,800082748603;0,3467224865912666;-0,011017995555151483;0,35774048214641807;strategy
2002-12-13;10216,073108924611;7261,569425482601;-1,9802202345543862;-1,575410772349095;-0,4048094622052911;spy
2002-12-16;10432,575080558448;7449,327022677483;2,1192288790954805;2,5856338512167287;-0,4664049721212482;spy
2002-12-17;10388,396382954887;7384,302644581851;-0,42346877221033363;-0,8728892945320088;0,4494205223216752;strategy
2002-12-18;10304,35772388388;7298,958845964567;-0,8089666198037526;-1,1557462190407874;0,34677959923703483;strategy
2002-12-19;10253,980375590405;7246,939591535433;-0,4888936277581801;-0,7126941736066206;0,22380054584844045;strategy
2002-12-20;10253,553639519745;7314,401655170498;-0,004161662642498953;0,9309041807642915;-0,9350658434067904;spy
2002-12-23;10311,437573718362;7316,83996082836;0,5645255901867818;0,03333568175243329;0,5311899084343485;strategy
2002-12-24;10271,722825256023;7262,382400741364;-0,3851523919764843;-0,744277042801833;0,3591246508253487;strategy
2002-12-26;10253,021507594647;7265,633681657988;-0,18206602708743524;0,04476879262502731;-0,22683481971246255;spy
2002-12-27;10174,588653184876;7102,260381278575;-0,7649730799030752;-2,2485760710982072;1,483602991195132;strategy
2002-12-30;10122,652116374073;7161,595172799721;-0,5104534304150476;0,8354353168682938;-1,3458887472833414;spy
2002-12-31;10105,368238783172;7171,349015549594;-0,1707445577719957;0,1361965108963359;-0,3069410686683316;spy
2003-01-02;10243,565565452951;7402,184379564072;1,3675634910501833;3,218855525145403;-1,85129203409522;spy
2003-01-03;10284,821284102249;7424,9427258620135;0,4027476408061892;0,307454463857626;0,09529317694856321;strategy
2003-01-06;10290,742459990532;7555,803837193612;0,05757198617963866;1,762452804865311;-1,7048808186856723;spy
2003-01-07;10258,742180021185;7537,1097470710565;-0,31096181926387745;-0,24741365082208144;-0,063548168441796;spy
2003-01-08;10183,318279760668;7428,194006778639;-0,7352158669842068;-1,445059763588319;0,7098438966041121;strategy
2003-01-09;10304,475864255013;7543,611688785878;1,189765272633636;1,553778507964565;-0,3640132353309289;spy
2003-01-10;10250,079794600762;7563,93172942596;-0,5278877875093513;0,26936753213702147;-0,7972553196463728;spy
2003-01-13;10204,281884550011;7561,493423768097;-0,4468054002357613;-0,032235955387815984;-0,41456944484794533;spy
2003-01-14;10187,906345679186;7585,877720583565;-0,16047713162078425;0,32247990507827673;-0,482957036699061;spy
2003-01-15;10096,671013734322;7510,287144597727;-0,8955258210000983;-0,996464466870195;0,10093864587009671;strategy
2003-01-16;10126,679923859043;7479,400285949009;0,2972158851556106;-0,4112606888930337;0,7084765740486443;strategy
2003-01-17;10032,957786608813;7368,859835375921;-0,9254971812569623;-1,4779320045318678;0,5524348232749055;strategy
2003-01-21;9965,839333818596;7254,254508509017;-0,6689797188203173;-1,5552653928456395;0,8862856740253222;strategy
2003-01-22;9946,913298744541;7166,471784115443;-0,1899090928531244;-1,210086085215334;1,0201769923622095;strategy
2003-01-23;10060,747362032107;7210,36314631223;1,14441595969208;0,6124542664644572;0,5319616932276228;strategy
2003-01-24;10033,877629575523;7020,98021871825;-0,26707491491125834;-2,6265379947033707;2,3594630797921123;strategy
2003-01-27;9955,703433570177;6925,06960209233;-0,7791025453103173;-1,3660573543594179;0,5869548090491006;strategy
2003-01-28;10029,42615428159;6976,276501381128;0,7405074006405554;0,739442377204802;0,0010650234357534316;strategy
2003-01-29;10062,68043718057;7029,1087310690245;0,3315671543659082;0,7573127251684575;-0,42574557080254927;spy
2003-01-30;10021,117603923785;6862,484149772987;-0,41303938365382376;-2,3704937236146084;1,9574543399607847;strategy
2003-01-31;10054,943672151028;6994,970591503683;0,33754786206678933;1,9305901309087714;-1,593042268841982;spy
2003-02-03;10044,277568931455;7008,7886904289435;-0,10607819961353515;0,19754334552948283;-0,303621545143018;spy
2003-02-04;10019,073914930923;6939,700056157924;-0,2509255028802726;-0,9857428626057096;0,734817359725437;strategy
2003-02-05;9972,513697465112;6896,621669219901;-0,46471577973313805;-0,6207528652451999;0,15603708551206186;strategy
2003-02-06;9941,725306521548;6864,109480172086;-0,3087325009279218;-0,4714219600144176;0,1626894590864958;strategy
2003-02-07;9871,754662362611;6780,391011953899;-0,7038078603221698;-1,2196552001394911;0,5158473398173213;strategy
2003-02-10;9855,507997656567;6828,346630326073;-0,1645772738658846;0,7072692162978234;-0,871846490163708;spy
2003-02-11;9865,485064680135;6781,203987212662;0,10123341207719516;-0,6903961627261479;0,7916295748033431;strategy
2003-02-12;9837,398288568089;6673,101222179006;-0,2846973658963914;-1,5941529739778582;1,3094556080814668;strategy
2003-02-13;9817,7075031765;6693,421262819088;-0,20016253092518532;0,3045067048068395;-0,5046692357320248;spy
2003-02-14;9913,01334663231;6839,725803475044;0,9707545618462765;2,1857960960660616;-1,2150415342197851;spy
2003-02-18;10059,925990899083;6960,020096798006;1,4820180214594636;1,7587590026173938;-0,2767409811579302;spy
2003-02-19;10051,344519139488;6923,444271693231;-0,08530352775316663;-0,5255132111127492;0,44020968335958255;strategy
2003-02-20;10083,095782369423;6854,35625754064;0,3158907066559635;-0,9978850329605327;1,3137757396164962;strategy
2003-02-21;10150,215965569172;6923,444271693231;0,6656703917968354;1,0079431467628241;-0,34227275496598875;spy
2003-02-24;10120,111746555871;6811,2778706026165;-0,29658698017281937;-1,6200953844491939;1,3235084042763745;strategy
2003-02-25;10127,776572090112;6865,735430689611;0,07573854643303513;0,7995204588852944;-0,7237819124522593;spy
2003-02-26;10117,998154788467;6765,760557888303;-0,09655048402816835;-1,456142227013646;1,3595917429854776;strategy
2003-02-27;10119,953573999179;6855,1686126809755;0,019326147136977667;1,3214782584705986;-1,302152111333621;spy
2003-02-28;10091,55803227486;6900,685925395288;-0,2805896441785638;0,6639853121936712;-0,944574956372235;spy
2003-03-03;10093,396342567772;6834,8485720408935;0,01821631790683842;-0,9540696977978103;0,9722860157046487;strategy
2003-03-04;10035,617243461293;6725,933451866903;-0,5724445681658419;-1,593526455282801;1,0210818871169591;strategy
2003-03-05;10080,756794518747;6782,82931761176;0,4497934702209383;0,8459177622262226;-0,3961242920052843;spy
2003-03-06;10086,44326688774;6725,933451866903;0,05640918122420402;-0,8388220177843242;0,8952311990085282;strategy
2003-03-07;10096,962386994604;6772,263119721552;0,10428968694442542;0,6888213834733925;-0,5845316965289671;spy
2003-03-10;10011,965796915243;6609,702794600901;-0,8418035724173989;-2,4003840702417234;1,5585804978243245;strategy
2003-03-11;9989,092039453615;6544,67841650527;-0,22846419899552606;-0,9837715872602515;0,7553073882647254;strategy
2003-03-12;9934,338914178274;6588,569778702057;-0,5481291498675267;0,6706419995533341;-1,2187711494208608;spy
2003-03-13;10067,421058318865;6816,154481918338;1,3396175154710699;3,4542353023559347;-2,114617786884865;spy
2003-03-14;10098,541561611559;6838,099852957519;0,3091209070567036;0,32196117469749375;-0,01284026764079016;spy
2003-03-17;10246,46463287426;7053,492407766065;1,4647963803507302;3,149888996069383;-1,685092615718653;spy
2003-03-18;10353,541916971157;7094,945464304991;1,0450168710225638;0,5876954867532813;0,4573213842692825;strategy
2003-03-19;10329,02805986827;7149,403024391986;-0,23676783558199688;0,7675543154062714;-1,0043221509882683;spy
2003-03-20;10347,129233744854;7164,8464537163445;0,17524566466144975;0,21601005386979732;-0,04076438920834757;spy
2003-03-21;10436,421660504984;7288,392027955932;0,8629681213309093;1,7243296843508116;-0,8613615630199023;spy
2003-03-24;10285,42970386393;7046,177490792481;-1,4467789971773448;-3,3232918349396345;1,8765128377622897;strategy
2003-03-25;10436,896480632822;7113,6395544275465;1,4726344074082798;0,9574278213005716;0,5152065861077082;strategy
2003-03-26;10442,89860312888;7077,876704581534;0,05750869051155405;-0,5027363218558567;0,5602450123674108;strategy
2003-03-27;10493,408961552122;7083,566291156019;0,48368140248060687;0,0803854999452458;0,4032959025353611;strategy
2003-03-28;10469,411103136088;7047,80282119158;-0,22869458823117084;-0,5048794419993063;0,2761848537681355;strategy
2003-03-31;10414,34112116845;6887,68080172879;-0,526008401285738;-2,2719423843886366;1,7459339831028986;strategy
2003-04-01;10463,502709188415;6993,345261104584;0,47205663275267096;1,5341079590864837;-1,0620513263338127;spy
2003-04-02;10630,996263049961;7162,408148058484;1,6007407702438359;2,4174823441678095;-0,8167415739239736;spy
2003-04-03;10643,010151724704;7128,270008493141;0,11300811680745593;-0,47662935230236014;0,5896374691098161;strategy
2003-04-04;10562,316326642369;7170,53604029083;-0,7581861140032675;0,5929353370078605;-1,351121451011128;spy
2003-04-07;10585,137025969892;7156,718561483998;0,21605771519983552;-0,1926979897903358;0,40875570499017133;strategy
2003-04-08;10530,764547114519;7168,097734632969;-0,5136681624619;0,1589998691608585;-0,6726680316227585;spy
2003-04-09;10484,697314296616;7073,812448406147;-0,43745382979363256;-1,315345991604977;0,8778921618113444;strategy
2003-04-10;10546,265934676845;7112,8271992872105;0,5872236320668467;0,5515378187592956;0,03568581330755105;strategy
2003-04-11;10564,529936775267;7083,566291156019;0,17317979853295196;-0,4113822438161274;0,5845620423490794;strategy
2003-04-14;10642,674056744107;7229,870211693548;0,7396838329438493;2,065399186285477;-1,3257153533416277;spy
2003-04-15;10698,942795808482;7297,332895447041;0,5287086569067512;0,9331105784496474;-0,4044019215428962;spy
2003-04-16;10555,065252397628;7172,974345948692;-1,3447828085146996;-1,7041644019822444;0,35938159346754484;strategy
2003-04-17;10698,571779522092;7279,4511604648205;1,3595986731760545;1,4844164969900708;-0,1248178238140163;spy
2003-04-21;10657,32518705488;7286,766697556833;-0,38553363306083055;0,10049572324550837;-0,4860293563063389;spy
2003-04-22;10711,984403471477;7424,1297506032515;0,5128793149991484;1,8851029372530137;-1,3722236222538653;spy
2003-04-23;10742,679327713318;7492,405409615507;0,2865475068456469;0,9196452824212553;-0,6330977755756084;spy
2003-04-24;10690,498298745591;7425,755701120777;-0,485735703132395;-0,8895635627137022;0,4038278595813072;strategy
2003-04-25;10705,814507193765;7333,909340670244;0,14326935957673648;-1,2368621342696562;1,3801314938463927;strategy
2003-04-28;10774,877787501064;7460,706195826454;0,6451006624567546;1,7289122249310784;-1,0838115624743239;spy
2003-04-29;10791,942544615456;7486,715823041021;0,15837541224075213;0,34862151828358723;-0,1902461060428351;spy
2003-04-30;10912,219011623372;7470,460038576328;1,114502477294299;-0,21712837576477462;1,3316308530590737;strategy
2003-05-01;10860,493837637616;7469,647063317564;-0,4740115088476493;-0,010882532729783456;-0,46312897611786585;spy
2003-05-02;11105,418405766948;7576,123877833694;2,2551881322425027;1,425459778936844;0,8297283533056588;strategy
2003-05-05;11305,207633043825;7561,493423768097;1,7990247641018975;-0,19311265630703733;1,9921374204089348;strategy
2003-05-06;11350,182028681764;7633,020363696977;0,39782016481044735;0,9459366810271819;-0,5481165162167345;spy
2003-05-07;11336,50391541202;7590,754331899288;-0,12051007847432293;-0,5537261763208234;0,4332160978465005;strategy
2003-05-08;11247,33478795035;7514,350780654687;-0,7865663711406068;-1,0065343693646422;0,21996799822403545;strategy
2003-05-09;11423,672796294635;7618,389909631383;1,5678203918425337;1,3845391573219956;0,18328123452053813;strategy
2003-05-12;11641,287828866794;7711,861600481013;1,904948053508182;1,2269218556464345;0,6780261978617474;strategy
2003-05-13;11681,625529953197;7698,044121674181;0,34650548701644635;-0,17917176840893667;0,525677255425383;strategy
2003-05-14;11807,989731720572;7681,788337209488;1,0817347418247802;-0,21116772270665107;1,2929024645314313;strategy
2003-05-15;11892,678472569103;7730,556310721997;0,7172155699037175;0,6348518257953462;0,08236374410837133;strategy
2003-05-16;11878,17066159322;7711,04924534068;-0,12198943248441507;-0,25233714880599223;0,13034771632157716;strategy
2003-05-19;11720,772882804134;7530,607185237807;-1,3251011731799212;-2,3400454900726064;1,0149443168926853;strategy
2003-05-20;11711,431187373868;7515,16375591345;-0,07970204289149407;-0,2050754865375426;0,12537344364604852;strategy
2003-05-21;11719,467066744981;7530,607185237807;0,06861569045273352;0,20549691032620832;-0,1368812198734748;spy
2003-05-22;11878,459696718526;7605,384785964885;1,3566540958564577;0,9929823570357543;0,36367173882070336;strategy
2003-05-23;11938,924805012572;7620,828215289243;0,5090315565977832;0,20305914505283074;0,30597241154495247;strategy
2003-05-27;12389,96338904624;7754,127632278703;3,777882777553798;1,749146066854368;2,0287367106994303;strategy
2003-05-28;12422,07643665146;7776,0730033178825;0,2591859765591398;0,28301534459951316;-0,02382936804037339;spy
2003-05-29;12592,09368718182;7755,752962677801;1,3686701365700937;-0,2613149417631577;1,6299850783332515;strategy
2003-05-30;12656,887174997744;7880,11151217615;0,5145569071002276;1,603436185974294;-1,0888792788740664;spy
2003-06-02;12719,103826450952;7912,623701223965;0,49156360954303313;0,41258539295514485;0,07897821658788828;strategy
2003-06-03;12656,421266638135;7945,13589027178;-0,4928221411516387;0,4108901203375259;-0,9037122614891646;spy
2003-06-04;12833,588810512596;8059,741217138684;1,3998233793107717;1,44245898937021;-0,04263561005943828;spy
2003-06-05;12983,83703114952;8099,568323160083;1,1707420492843568;0,49414869470880696;0,6765933545755498;strategy
2003-06-06;12797,114772772115;8067,869109371032;-1,4381130780480422;-0,3913691757918669;-1,0467439022561753;spy
2003-06-09;12650,580341264711;7985,775971551942;-1,1450583518964663;-1,0175318501850383;-0,127526501711428;spy
2003-06-10;12772,096051158453;8067,056134112268;0,9605544300396396;1,0178117048346147;-0,05725727479497511;spy
2003-06-11;12979,188927669875;8152,400552847979;1,6214478475726768;1,0579375836350602;0,5635102639376166;strategy
2003-06-12;13010,50765096486;8177,597204803785;0,24129954089979755;0,3090703381472437;-0,06777079724744617;spy
2003-06-13;12824,037153647;8092,252786068074;-1,433229988562612;-1,0436368605386548;-0,3895931280239573;spy
2003-06-16;12914,568545237255;8262,941623539497;0,7059507899547013;2,109287017890571;-1,4033362279358697;spy
2003-06-17;12957,528160668713;8262,941623539497;0,3326446042775544;0,0;0,3326446042775544;strategy
2003-06-18;12998,248447252394;8255,626086447484;0,31425968038629737;-0,08853429475008667;0,40279397513638404;strategy
2003-06-19;12905,777732052047;8129,64158643161;-0,7114090454232946;-1,5260441630549515;0,8146351176316569;strategy
2003-06-20;12792,71428472559;8082,499563436626;-0,8760684530127905;-0,5798782454772056;-0,2961902075355849;spy
2003-06-23;12440,346729511855;7999,593450358778;-2,7544393423564406;-1,0257484386747895;-1,7286909036816511;spy
2003-06-24;12396,633734795912;8007,721342591123;-0,35138083902632733;0,10160381627870585;-0,4529846553050332;spy
2003-06-25;12460,605361723705;7927,25415528956;0,5160403081703624;-1,0048699731043054;1,5209102812746678;strategy
2003-06-26;12605,13810826532;8030,480309007492;1,1599175348702584;1,3021678338527076;-0,14225029898244923;spy
2003-06-27;12650,228023564345;7937,820973298197;0,3577106011195319;-1,1538455004411419;1,5115561015606738;strategy
2003-06-30;12644,038960106474;7935,382047521906;-0,04892452093623323;-0,030725381493168502;-0,018199139443064727;spy
2003-07-01;12623,83582235541;8008,534317849886;-0,1597838935391449;0,9218493815407847;-1,0816332750799296;spy
2003-07-02;12912,680880903863;8109,321545791529;2,2880926416750436;1,2584977967441846;1,029594844930859;strategy
2003-07-03;12964,81785324579;8025,603077573342;0,40376566897917243;-1,0323732724796808;1,4361389414588532;strategy
2003-07-07;13217,032790513227;8184,91212177737;1,9453797201192113;1,9850102561039806;-0,03963053598476929;spy
2003-07-08;13388,867339529057;8221,488567000571;1,300099286574885;0,446876456081724;0,853222830493161;strategy
2003-07-09;13474,79513253321;8175,158899145922;0,6417853790399608;-0,56351921525023;1,2053045942901908;strategy
2003-07-10;13238,078301138958;8071,120390287655;-1,7567378877822781;-1,2726175740649714;-0,4841203137173067;spy
2003-07-11;13191,677180842049;8147,523321413829;-0,3505125082461258;0,9466211310404038;-1,2971336392865296;spy
2003-07-14;13373,404557976977;8187,351047553657;1,3775911481433756;0,4888323060720845;0,8887588420712911;strategy
2003-07-15;13261,774576261856;8169,469312571439;-0,8347162551703091;-0,2184068434143982;-0,6163094117559109;spy
2003-07-16;13115,072873307483;8121,513694199265;-1,1061996425196674;-0,5870102027114354;-0,519189439808232;spy
2003-07-17;12749,954911700755;8006,096012192024;-2,7839567887559036;-1,4211351030495312;-1,3628216857063724;spy
2003-07-18;12741,277013640698;8088,189150011113;-0,06806218625992067;1,025382879421799;-1,0934450656817196;spy
2003-07-21;12603,792593892016;7988,214277209804;-1,0790474110365267;-1,2360600246492992;0,15701261361277252;strategy
2003-07-22;12842,144284535054;8060,553572279021;1,891110861016121;0,9055752957904506;0,9855355652256703;strategy
2003-07-23;13005,784018500502;8066,243158853505;1,2742399582171826;0,07058555623338236;1,2036544019838002;strategy
2003-07-24;13067,236275807976;8005,2830369332605;0,47249944501661645;-0,7557436680213914;1,2282431130380078;strategy
2003-07-25;13153,671982158827;8146,710966273495;0,661468917577257;1,7666824356832977;-1,1052135181060407;spy
2003-07-28;13292,356187210364;8116,637082883541;1,054338326511739;-0,36915368072412136;1,4234920072358603;strategy
2003-07-29;13113,817333779236;8079,248282520003;-1,3431693442199077;-0,4606439832376297;-0,8825253609822781;spy
2003-07-30;13085,501136531439;8059,741217138684;-0,21592642727193967;-0,24144653932128834;0,025520112049348675;strategy
2003-07-31;13021,26124979592;8078,435307261239;-0,49092416152237695;0,23194404905708677;-0,7228682105794637;spy
2003-08-01;12705,515750045535;8006,908987450788;-2,4248457479903007;-0,8853981877673833;-1,5394475602229174;spy
2003-08-04;12684,563633828166;8006,908987450788;-0,1649056726980569;0,0;-0,1649056726980569;spy
2003-08-05;12557,579054542086;7837,033125238127;-1,001095370339955;-2,1216160003680318;1,1205206300280768;strategy
2003-08-06;12369,477075620625;7882,550437952438;-1,4979159446615098;0,580797758372742;-2,0787137030342517;spy
2003-08-07;12440,09923382256;7965,455930911862;0,5709389149612942;1,0517597522783362;-0,48082083731704195;spy
2003-08-08;12535,793378978648;7988,214277209804;0,7692394036207473;0,2857130400988339;0,48352636352191336;strategy
2003-08-11;12794,01236499149;8018,288160599759;2,059853558577718;0,376478175801509;1,6833753827762088;strategy
2003-08-12;12844,483328969472;8091,440430927735;0,39448894168718773;0,9123178022889089;-0,5178288606017212;spy
2003-08-13;12867,472369787498;8049,987374388812;0,17897987976032148;-0,5123075043657055;0,691287384126027;strategy
2003-08-14;12845,050239306915;8071,932745427992;-0,17425435109719167;0,27261373240161646;-0,44686808349880813;spy
2003-08-15;12926,890438672739;8097,130017502223;0,6371341321452118;0,31215909335349235;0,3249750387917194;strategy
2003-08-18;13111,161926118453;8167,031006913577;1,4254896668299821;0,8632810546485015;0,5622086121814807;strategy
2003-08-19;13094,311743425525;8197,917245443865;-0,12851784447388548;0,37818196727970044;-0,5066998117535859;spy
2003-08-20;13297,383873651994;8164,592081137289;1,5508423367759594;-0,4065076934644196;1,957350030240379;strategy
2003-08-21;13513,643765178069;8190,6017083518545;1,626334123921791;0,3185661568402942;1,3077679670814968;strategy
2003-08-22;13433,825185844296;8109,321545791529;-0,5906517939998412;-0,9923588700137209;0,40170707601387967;strategy
2003-08-25;13392,314244390134;8122,326669458026;-0,30900313856923045;0,1603725242988574;-0,46937566286808785;spy
2003-08-26;13398,806068930586;8136,957123523622;0,04847425487473078;0,18012639310125422;-0,13165213822652344;spy
2003-08-27;13648,46556989595;8139,3954291814825;1,8632966227064118;0,02996581671559362;1,8333308059908182;strategy
2003-08-28;13714,964662924893;8189,7893532115195;0,4872276131583364;0,6191359600169255;-0,1319083468585891;spy
2003-08-29;13882,185235971461;8245,059888557276;1,2192563171424586;0,6748712691136971;0,5443850480287615;strategy
2003-09-02;13966,938423690324;8355,600959248792;0,6105176258508038;1,340694575729251;-0,7301769498784472;spy
2003-09-03;13960,212191157952;8401,11765184468;-0,04815824576818173;0,5447446906317932;-0,5929029363999749;spy
2003-09-04;14120,372295318619;8405,181908020066;1,1472612447976038;0,04837756526947512;1,0988836795281287;strategy
2003-09-05;14131,905788922955;8358,039264906654;0,08167981242364064;-0,5608759409291175;0,6425557533527582;strategy
2003-09-08;14186,888825435835;8427,127279059245;0,38907021695528954;0,8266055226932689;-0,4375353057379794;spy
2003-09-09;14064,31847767943;8371,856743713488;-0,8639691849607445;-0,65586448994428;-0,20810469501646445;spy
2003-09-10;13830,99395254903;8287,325300236538;-1,658982093591621;-1,0097096267255856;-0,6492724668660355;spy
2003-09-11;13962,77632174762;8311,709597052008;0,9528047633503789;0,29423602829701245;0,6585687350533664;strategy
2003-09-12;14052,304222744515;8327,152406257937;0,641189824529742;0,18579582245519255;0,4553940020745495;strategy
2003-09-15;14000,742784638303;8297,891498126746;-0,36692514828106093;-0,35139152862389;-0,015533619657170927;spy
2003-09-16;14149,17031531188;8418,999386826898;1,0601404008109716;1,4595019557376965;-0,39936155492672487;spy
2003-09-17;14231,420944661539;8402,742982243775;0,5813106176314031;-0,19309188463130234;0,7744025022627055;strategy
2003-09-18;14293,856379275696;8501,904879786322;0,438715395018785;1,180113419535611;-0,7413980245168261;spy
2003-09-19;14371,715985017614;8426,314303800484;0,5447067864401189;-0,8891016431571419;1,4338084295972608;strategy
2003-09-22;14328,947026941387;8335,28091860871;-0,29759117227764476;-1,080346423236489;0,7827552509588442;strategy
2003-09-23;14457,103634819498;8366,980132397763;0,8943895712444805;0,38030168507316997;0,5140878861713105;strategy
2003-09-24;14178,281330827218;8218,237286083948;-1,9286180070034575;-1,7777363392781131;-0,1508816677253444;spy
2003-09-25;13949,68665545246;8150,774602330455;-1,6122876252831486;-0,8208899476257248;-0,7913976776574239;spy
2003-09-26;13656,862329779802;8123,951999857127;-2,09914625973483;-0,32908040992397636;-1,7700658498108535;spy
2003-09-29;13696,99035514451;8203,606832018351;0,2938304889930965;0,9804936336726966;-0,6866631446796001;spy
2003-09-30;13627,109792374911;8123,951999857127;-0,5101891799416447;-0,9709733022593814;0,4607841223177367;strategy
2003-10-01;13817,071931890161;8297,07914298641;1,394001680543755;2,1310704830891147;-0,7370688025453598;spy
2003-10-02;14075,80741630186;8327,152406257937;1,8725782545470526;0,36245602522604337;1,5101222293210093;strategy
2003-10-03;14269,470825807766;8403,55595750254;1,3758600396991616;0,9175231521784566;0,458336887520705;strategy
2003-10-06;14451,343639171802;8441,757733124841;1,2745589208192687;0,45459060206762825;0,8199683187516404;strategy
2003-10-07;14540,661559738879;8474,269922172658;0,6180596268223315;0,38513530091299764;0,23292432590933387;strategy
2003-10-08;14605,818319909971;8453,136906273812;0,44810038321434487;-0,24937860243927634;0,6974789856536212;strategy
2003-10-09;14657,255402955281;8475,895252571756;0,35216844355234755;0,26922959547777126;0,0829388480745763;strategy
2003-10-10;14665,855939335881;8499,46657412846;0,058677672894114075;0,2780983112026236;-0,21942063830850955;spy
2003-10-13;14928,455408404;8526,289176601791;1,7905499014468695;0,3155798336212712;1,4749700678255984;strategy
2003-10-14;15077,907049527175;8556,362439873317;1,0011192520228418;0,35271221335131386;0,6484070386715279;strategy
2003-10-15;14937,965414397508;8533,604093575374;-0,9281237420418753;-0,26598156001302886;-0,6621421820288464;spy
2003-10-16;15195,790557590566;8567,742233140716;1,7259722863232962;0,4000436297606491;1,3259286565626471;strategy
2003-10-17;15060,328383895156;8474,269922172658;-0,8914453853652526;-1,0909794952338792;0,19953410986862652;strategy
2003-10-20;15153,934925665562;8537,668349750762;0,6215438294858489;0,7481284896557749;-0,1265846601699261;spy
2003-10-21;15430,027475895238;8523,037895685165;1,8219198616332255;-0,17136357921450074;1,9932834408477262;strategy
2003-10-22;15215,463919147045;8415,748105910274;-1,3905584878794564;-1,258820987164777;-0,13173750071467927;spy
2003-10-23;15242,248313759468;8400,304676585916;0,17603403192141265;-0,183506316135007;0,35954034805641966;strategy
2003-10-24;15195,99188958408;8418,999386826898;-0,3034750728580615;0,22254800225387505;-0,5260230751119366;spy
2003-10-27;15382,28618674222;8423,063022883858;1,2259436469285845;0,04826744688115614;1,1776762000474283;strategy
2003-10-28;15670,169312385027;8537,668349750762;1,8715236613588093;1,3606134319017027;0,5109102294571066;strategy
2003-10-29;15926,41421518971;8549,047522899733;1,6352401668191074;0,13328197679760567;1,5019581900215018;strategy
2003-10-30;16093,216089704683;8566,929257881953;1,0473284963032459;0,2091664005179794;0,8381620957852665;strategy
2003-10-31;15935,48818593046;8558,801365649606;-0,9800893922944698;-0,09487521126509968;-0,8852141810293701;spy
2003-11-03;16136,59081783505;8614,884256135698;1,2619797370383878;0,6552657094155423;0,6067140276228455;strategy
2003-11-04;16230,05890302952;8596,190166013146;0,5792306829219829;-0,21699757729464197;0,7962282602166249;strategy
2003-11-05;16166,540678339554;8602,692107727966;-0,3913616399636721;0,07563748113119662;-0,46699912109486874;spy
2003-11-06;16121,017772654475;8648,20942044228;-0,2815871780539436;0,5291054491352032;-0,8106926271891468;spy
2003-11-07;16249,966533038178;8583,99801760541;0,7998797731147755;-0,742482052817639;1,5423618259324146;strategy
2003-11-10;16136,565884738084;8549,047522899733;-0,6978515806142505;-0,4071586996408416;-0,29069288097340884;spy
2003-11-11;15940,749976907715;8546,609217241872;-1,2134918248967175;-0,028521372133327727;-1,1849704527633897;spy
2003-11-12;16253,06810982827;8642,519833867791;1,9592436577512862;1,122206645793855;0,8370370119574311;strategy
2003-11-13;16258,821023586504;8644,958139525654;0,03539586322631738;0,02821290207870586;0,007182961147611522;strategy
2003-11-14;16153,007550866012;8571,805869197677;-0,6508065533594953;-0,8461842052596813;0,19537765190018597;strategy
2003-11-17;16028,148846236105;8528,727482259652;-0,7729749660348118;-0,5025590592622309;-0,27041590677258087;spy
2003-11-18;16059,318799441366;8440,131782607315;0,19447007576660624;-1,038791541136963;1,2332616169035693;strategy
2003-11-19;16137,998558966598;8511,658722536195;0,4899321104950616;0,8474623592521935;-0,3575302487571319;spy
2003-11-20;16100,447240028958;8435,255171291592;-0,2326888232170199;-0,8976341008869348;0,664945277669915;strategy
2003-11-21;16193,699903705143;8470,20566599727;0,5791930018213431;0,4143383216743457;0,16485468014699745;strategy
2003-11-24;16633,05702635899;8582,372067087885;2,7131361286578004;1,3242464883809646;1,3888896402768358;strategy
2003-11-25;16808,480575719575;8614,884256135698;1,0546681171271555;0,3788252104857115;0,675842906641444;strategy
2003-11-26;16972,510237634124;8645,771114784418;0,9758744175335732;0,35852900318100733;0,6173454143525658;strategy
2003-11-28;17111,712751305477;8652,27305649924;0,8201645585854012;0,07520372247309393;0,7449608361123072;strategy
2003-12-01;17336,437865542834;8745,745367467296;1,313282413650918;1,0803208631729788;0,2329615504779392;strategy
2003-12-02;17394,80464047124;8723,799996428117;0,3366710934569417;-0,2509262517613631;0,5875973452183048;strategy
2003-12-03;17158,98428085106;8709,982517621285;-1,3556942115435788;-0,15838830340549892;-1,19730590813808;spy
2003-12-04;16916,533695061808;8745,745367467296;-1,4129658365607312;0,4105961151317894;-1,8235619516925206;spy
2003-12-05;16772,158030958468;8684,785245547053;-0,8534589101163448;-0,697026032189374;-0,1564328779269708;spy
2003-12-08;16788,08029542114;8743,307061809437;0,09493271189837671;0,673842986415707;-0,5789102745173302;spy
2003-12-09;16588,286585572165;8675,844378055943;-1,1900926510547305;-0,7715922965598421;-0,4185003544948884;spy
2003-12-10;16388,100015103613;8675,032022915608;-1,206794743000561;-0,00936341299977439;-1,1974313300007866;spy
2003-12-11;16741,832317962842;8772,567969940628;2,1584704909856756;1,1243295329328218;1,0341409580528538;strategy
2003-12-12;16758,03415612111;8789,636729664084;0,09677458148285023;0,19456970617888203;-0,0977951246960318;spy
2003-12-15;16622,38394947966;8745,745367467296;-0,8094637197758825;-0,4993535403876148;-0,3101101793882677;spy
2003-12-16;16513,948415134626;8791,262680181611;-0,6523464665152745;0,5204509255852807;-1,1727973921005552;spy
2003-12-17;16519,273637713282;8818,897637795275;0,03224681611440072;0,3143457159568319;-0,2820988998424312;spy
2003-12-18;16759,821919150352;8918,059535337821;1,4561674242619338;1,1244250882056495;0,33174233605628434;strategy
2003-12-19;16623,582231455555;8851,409826843092;-0,8128946020549588;-0,7473566220390193;-0,06553798001593947;spy
2003-12-22;16571,95733773171;8913,182924022098;-0,3105521602086436;0,6978899224807211;-1,0084420826893647;spy
2003-12-23;16667,337568781324;8918,872510596584;0,575551994889878;0,06383338727573573;0,5117186076141422;strategy
2003-12-24;16675,606544294296;8909,931643105476;0,04961185599587914;-0,10024661167076232;0,14985846766664146;strategy
2003-12-26;16764,96386712878;8916,433584820295;0,5358565075107125;0,07297409200497373;0,4628824155057387;strategy
2003-12-29;16932,165544282085;9035,103167862586;0,9973279899585075;1,33090861848979;-0,33358062853128256;spy
2003-12-30;16836,881308328928;9036,728498261684;-0,562740989650512;0,017989062979140158;-0,5807300526296522;spy
2003-12-31;16720,811409451868;9044,856390494031;-0,6893788508186671;0,08994286188757084;-0,779321712706238;spy
2004-01-02;16732,116299179623;9040,792754437072;0,06760969579122644;-0,04492759068269736;0,1125372864739238;strategy
2004-01-05;16919,179770717525;9139,141676720852;1,1179905051644567;1,0878351595385416;0,030155345625915153;strategy
2004-01-06;17039,152155769654;9148,082544211962;0,7090910237845582;0,09783049445315495;0,6112605293314033;strategy
2004-01-07;17190,311629256932;9178,968782742253;0,8871302521709978;0,3376252715366235;0,5495049806343744;strategy
2004-01-08;17297,671756058415;9215,544607847027;0,6245385721731944;0,39847422919163655;0,22606434298155786;strategy
2004-01-09;17455,294076823364;9135,077420545467;0,9112343151600255;-0,8731680082481708;1,7844023234081963;strategy
2004-01-12;17594,39952875615;9202,540104298958;0,7969241384336412;0,7385014997438599;0,05842263868978126;strategy
2004-01-13;17431,38837932792;9148,8948993523;-0,9264945311819539;-0,5829391052759036;-0,34355542590605026;spy
2004-01-14;17706,03716410258;9225,298450596902;1,5755990217071414;0,8351123505638824;0,740486671143259;strategy
2004-01-15;17763,547855942747;9248,056796894844;0,32480837641504223;0,24669495973292932;0,07811341668211291;strategy
2004-01-16;17977,954918471463;9284,633242118047;1,2070058541654882;0,3955041153670624;0,8115017387984258;strategy
2004-01-20;18147,43440671516;9282,194316341758;0,9427072712790308;-0,026268412684571363;0,9689756839636021;strategy
2004-01-21;18035,779761762675;9355,346586669735;-0,6152640778311347;0,7880924255075028;-1,4033565033386375;spy
2004-01-22;17994,0747236858;9330,962909972694;-0,23123501521843393;-0,260638945560665;0,0294039303422311;strategy
2004-01-23;17925,2095093046;9300,889026582741;-0,38271050575638954;-0,3223020354931383;-0,060408470263251246;spy
2004-01-26;18143,334309001657;9417,932659107506;1,216860531442232;1,2584133859703472;-0,04155285452811519;spy
2004-01-27;17976,827896821385;9321,209067222822;-0,9177277414640472;-1,027015114523544;0,10928737305949676;strategy
2004-01-28;17691,5281523987;9214,732252706694;-1,5870416408288124;-1,1423069019076637;-0,4447347389211487;spy
2004-01-29;17565,06970770259;9223,673120197804;-0,7147966168143727;0,09702796832196103;-0,8118245851363337;spy
2004-01-30;17730,54510922562;9223,673120197804;0,9420708501399533;0,0;0,9420708501399533;strategy
2004-02-02;17660,47407028726;9263,500226219203;-0,3951995751213522;0,43179225350242767;-0,8269918286237798;spy
2004-02-03;17425,41794569871;9248,056796894844;-1,3309729039721274;-0,16671267822339075;-1,1642602257487367;spy
2004-02-04;17195,796560753894;9172,466220909004;-1,3177381779901465;-0,8173671252886372;-0,5003710527015093;spy
2004-02-05;17381,707463089184;9199,288823382334;1,0811415550216363;0,29242519762229247;0,7887163573993439;strategy
2004-02-06;17698,9253267594;9302,514356981841;1,8250097946006738;1,1221034101802863;0,7029063844203876;strategy
2004-02-09;17773,716403985865;9304,953282758128;0,4225741159175733;0,026217920044979692;0,39635619587259363;strategy
2004-02-10;17760,588534983563;9335,026546029654;-0,07386113688276907;0,32319628436234815;-0,3970574212451172;spy
2004-02-11;18011,94467743009;9434,1884435722;1,415246696084549;1,0622561923481877;0,3529905037363612;strategy
2004-02-12;18163,252974578536;9400,050924125286;0,8400442032116873;-0,36184903080003217;1,2018932340117194;strategy
2004-02-13;17927,193138240047;9357,784892327596;-1,2996561610900903;-0,44963620025944007;-0,8500199608306502;spy
2004-02-17;18124,851471882706;9442,316335804548;1,1025615227017393;0,9033274909563183;0,1992340317454211;strategy
2004-02-18;18087,869934108734;9400,863899384049;-0,20403774249594386;-0,4390070714249905;0,23496932892904665;strategy
2004-02-19;17783,828255043365;9365,913404678373;-1,6809147797554158;-0,3717796053612221;-1,3091351743941937;spy
2004-02-20;17873,611537870485;9337,464851687515;0,5048591424720916;-0,3037456333585986;0,8086047758306902;strategy
2004-02-23;17581,325897681305;9313,89353013081;-1,6352914438690136;-0,25243812888297024;-1,3828533149860434;spy
2004-02-24;17420,17577438821;9297,637745666116;-0,9165982374193193;-0,17453264214484232;-0,742065595274477;spy
2004-02-25;17507,852580944433;9336,652496547182;0,5033060957118751;0,4196200362748259;0,08368605943704921;strategy
2004-02-26;17679,66182215008;9342,342083121664;0,9813267527317704;0,06093818503565274;0,9203885676961177;strategy
2004-02-27;17751,290388432437;9348,844024836486;0,40514669908797707;0,06959648508877425;0,3355502139992028;strategy
2004-03-01;17886,716688452456;9441,50398066421;0,762909608578477;0,9911381084288129;-0,2282284998503359;spy
2004-03-02;17824,26010037588;9386,233445318452;-0,34917860647336596;-0,585399693300459;0,23622108682709309;strategy
2004-03-03;17742,42806737255;9403,30220504191;-0,45910479617384814;0,18184887285082052;-0,6409536690246687;spy
2004-03-04;17863,58230429912;9427,68588173895;0,6828503768848027;0,2593097208336559;0,42354065605114677;strategy
2004-03-05;17916,428474681743;9459,385095528003;0,29583187449420123;0,3362353623857395;-0,04040348789153825;spy
2004-03-08;17813,026598766588;9343,967413520764;-0,5771344219707375;-1,2201393731375187;0,6430049511667812;strategy
2004-03-09;17648,837285534682;9306,578613157226;-0,9217373157870523;-0,4001383856437335;-0,5215989301433188;spy
2004-03-10;17432,975009463444;9150,520849869823;-1,2230963013533103;-1,6768542960221233;0,45375799466881306;strategy
2004-03-11;17276,940372143796;9031,851886945962;-0,8950545574404001;-1,2968547350564075;0,4018001776160074;strategy
2004-03-12;17481,98398618322;9150,520849869823;1,1868051265027324;1,313894032024332;-0,12708890552159957;spy
2004-03-15;17192,16233259173;9038,353828660784;-1,6578304488812368;-1,2257993074857088;-0,432031141395528;spy
2004-03-16;17102,55974028475;9086,309447032956;-0,5211827958203963;0,5305791218319422;-1,0517619176523385;spy
2004-03-17;17375,94791467538;9187,909650233363;1,5985219671337925;1,1181679844018966;0,4803539827318959;strategy
2004-03-18;17426,5070106133;9190,347955891224;0,290971728196876;0,026538198030712223;0,2644335301661638;strategy
2004-03-19;17394,448992485195;9026,974655511813;-0,1839612385234668;-1,7776617508228898;1,593700512299423;strategy
2004-03-22;17224,17737120678;8912,369948763335;-0,9788848232673342;-1,2695804643530373;0,2906956410857031;strategy
2004-03-23;17147,405517761712;8896,926519438977;-0,4457214518320374;-0,1732808379044104;-0,272440613927627;spy
2004-03-24;17174,25462951648;8904,242056530986;0,15657827492885357;0,08222544129172782;0,07435283363712575;strategy
2004-03-25;17570,146128206714;9022,09804419609;2,3051451561096448;1,3235937086712557;0,9815514474383891;strategy
2004-03-26;17662,542945627643;9024,53634985395;0,5258739269823121;0,02702592729446618;0,4988479996878459;strategy
2004-03-29;17993,169727363063;9151,33320501016;1,871909287089757;1,4050234853147048;0,4668858017750521;strategy
2004-03-30;18211,31503124451;9182,220063658877;1,2123784035099838;0,3375121193468056;0,8748662841631782;strategy
2004-03-31;18078,569243735714;9192,786261549085;-0,7289192860650107;0,11507236612664506;-0,8439916521916557;spy
2004-04-01;18204,584649968252;9248,056796894844;0,6970430266554528;0,6012381205569906;0,09580490609846226;strategy
2004-04-02;18324,64236691776;9317,957786306199;0,6594916569531151;0,755845156950441;-0,0963534999973259;spy
2004-04-05;18253,552111543904;9369,164065476569;-0,38794893755852433;0,5495440132345708;-0,9374929507930951;spy
2004-04-06;18287,312431434548;9339,090802205043;0,18495205582091945;-0,32098128564468364;0,5059333414656031;strategy
2004-04-07;18287,46884170148;9317,144811047434;0,0008552938957961942;-0,23499066046587247;0,23584595436166866;strategy
2004-04-08;18401,315143762415;9296,01241526702;0,6225372305287413;-0,22681192799920424;0,8493491585279456;strategy
2004-04-12;18368,915079224258;9332,588240371793;-0,1760747222958159;0,39345714561120904;-0,5695318679070249;spy
2004-04-13;18118,85215982159;9201,727129040195;-1,3613374460285765;-1,402195274891771;0,040857828863194445;strategy
2004-04-14;18091,119438523077;9216,357583105791;-0,15306003412295377;0,1589968259265495;-0,3120568600495033;spy
2004-04-15;18074,480055172236;9181,407088400114;-0,0919754214623647;-0,379222424808523;0,28724700334615827;strategy
2004-04-16;18018,89940873868;9252,12105307023;-0,30750896437349295;0,770186573683862;-1,077695538057355;spy
2004-04-19;18054,15572896006;9252,12105307023;0,19566300594520136;0,0;0,19566300594520136;strategy
2004-04-20;17520,79267425595;9096,875644923166;-2,954239803352088;-1,6779439790786888;-1,276295824273399;spy
2004-04-21;17739,76755395982;9157,83576684341;1,2498000734043169;0,6701215263315685;0,5796785470727484;strategy
2004-04-22;17892,966447670333;9286,258572517145;0,8635901978113258;1,4023270229271745;-0,5387368251158486;spy
2004-04-23;17833,2707556753;9295,199440008255;-0,33362657986095723;0,09628062175190966;-0,4299072016128669;spy
2004-04-26;17751,011002081053;9282,194316341758;-0,4612712649364581;-0,13991226062907147;-0,3213590043073866;spy
2004-04-27;17634,642863852772;9290,322828692531;-0,6555578057758971;0,08757102118044369;-0,7431288269563407;spy
2004-04-28;17342,50600521978;9170,027915251143;-1,6566077401647283;-1,2948410476099514;-0,3617666925547769;spy
2004-04-29;17172,956263110675;9089,56072794958;-0,9776542217028727;-0,8775020975425152;-0,10015212416035757;spy
2004-04-30;16867,44093482999;9018,846763279464;-1,779049125845411;-0,7779689996753825;-1,0010801261700286;spy
2004-05-03;16995,830479344062;9115,570355164147;0,76116789150249;1,0724607527261343;-0,3112928612236443;spy
2004-05-04;17074,91151760032;9108,254818072137;0,465296699401474;-0,08025320201566766;0,5455499014171417;strategy
2004-05-05;17117,269670140256;9166,77663433452;0,24807245704479008;0,6425140428248266;-0,3944415857800365;spy
2004-05-06;16984,544462867452;9087,934777432056;-0,775387721467824;-0,8600826664321493;0,08469494496432528;strategy
2004-05-07;16853,26817844609;8937,56660071914;-0,7729161338908108;-1,6545912838890953;0,8816751499982844;strategy
2004-05-10;16604,37890383968;8845,720240268603;-1,476801246922066;-1,0276439276340144;-0,4491573192880516;spy
2004-05-11;16749,69739741956;8920,497840995682;0,8751817482692825;0,8453534443319421;0,029828303937340372;strategy
2004-05-12;16826,785185536257;8977,39370674054;0,46023391520237933;0,637810431200192;-0,17757651599781266;spy
2004-05-13;16885,41094566274;8940,004906376998;0,34840737241286224;-0,4164772269647621;0,7648845993776243;strategy
2004-05-14;16846,927031687068;8944,069162552387;-0,2279122142748835;0,045461453522133155;-0,27337366779701666;spy
2004-05-17;16760,81279691151;8867,665611307786;-0,5111569285816242;-0,8542370352466855;0,3430801066650613;strategy
2004-05-18;16862,73610233788;8912,369948763335;0,6081047897936731;0,5041274605409374;0,10397732925273573;strategy
2004-05-19;16904,085173971118;8881,483090114618;0,24520974165933573;-0,3465616758088319;0,5917714174681676;strategy
2004-05-20;16870,343554577626;8909,931643105476;-0,1996063025371364;0,3203130907553309;-0,5199193932924673;spy
2004-05-21;16931,39712642433;8925,374452311406;0,36189880573083144;0,17332129835001542;0,18857750738081602;strategy
2004-05-24;16976,912125123254;8962,763252674942;0,2688201000724755;0,4189045575992978;-0,1500844575268223;spy
2004-05-25;17187,49688654596;9091,18605834868;1,2404185158682246;1,4328483532733083;-0,19242983740508368;spy
2004-05-26;17226,425135875896;9122,885272137732;0,2264916734932454;0,3486807286266158;-0,12218905513337042;spy
2004-05-27;17261,778181387435;9174,092171426531;0,20522566482996663;0,5613015812573119;-0,35607591642734526;spy
2004-05-28;17279,13986777324;9173,279196167767;0,10057878280769206;-0,008861642586244223;0,10944042539393628;strategy
2004-06-01;17351,843084907814;9161,087047760033;0,4207571539493804;-0,13290937893645216;0,5536665328858326;strategy
2004-06-02;17336,066213560123;9195,224567206946;-0,09092331731268555;0,3726361213351792;-0,46355943864786475;spy
2004-06-03;17132,821580569827;9110,693123729998;-1,1723803456133552;-0,9192972162791246;-0,2530831293342306;spy
2004-06-04;17195,053244854316;9183,033038917642;0,3632306797326734;0,7940111054693055;-0,4307804257366321;spy
2004-06-07;17372,630764776604;9322,834397621922;1,0327244550721426;1,5223876263082525;-0,4896631712361099;spy
2004-06-08;17406,669146615794;9335,839521288417;0,19593107284707756;0,1394975295261336;0,05643354332094397;strategy
2004-06-09;17202,54601093183;9248,869772153606;-1,1726720026941417;-0,931568595802168;-0,24110340689197374;spy
2004-06-10;17209,650657329956;9294,386464749492;0,04129997032771282;0,49213248447854685;-0,45083251415083403;spy
2004-06-14;17024,978454054624;9202,540104298958;-1,073073515276013;-0,9881917520739747;-0,08488176320203822;spy
2004-06-15;17106,792007128763;9267,563862276162;0,4805501122655098;0,706584891130535;-0,2260347788650252;spy
2004-06-16;17119,148846717493;9265,938531877064;0,07223352913614534;-0,01753783867315395;0,08977136780929929;strategy
2004-06-17;17090,650861370865;9252,12105307023;-0,16646847107759655;-0,14912120082922753;-0,017347270248369018;spy
2004-06-18;17057,851870074483;9235,86464848711;-0,19191189125813413;-0,17570462480844817;-0,016207266449685953;spy
2004-06-21;17196,80288446472;9200,914153781434;0,8145868275125867;-0,3784214693033694;1,193008296815956;strategy
2004-06-22;17254,979473635285;9247,24382163608;0,3382988661405184;0,5035333128894148;-0,16523444674889642;spy
2004-06-23;17567,592708707598;9326,898653797307;1,8117276554861617;0,8613899849256201;0,9503376705605415;strategy
2004-06-24;17611,980390508827;9297,637745666116;0,2526679809649046;-0,31372602209286393;0,5663940030577685;strategy
2004-06-25;17888,59485902977;9252,933408210567;1,5706040001612243;-0,48081393014464124;2,0514179303058655;strategy
2004-06-28;17911,900778678988;9221,234194421515;0,13028367981320343;-0,3425855606063677;0,4728692404195711;strategy
2004-06-29;17943,784993995894;9259,435970043816;0,1780057611465713;0,41428050537326566;-0,23627474422669437;spy
2004-06-30;18094,5663826421;9309,016918815087;0,8402986811124835;0,5354640275247347;0,30483465358774886;strategy
2004-07-01;18034,64614063716;9179,781758001014;-0,33115047212416426;-1,3882793633435808;1,0571288912194166;strategy
2004-07-02;17944,83393514053;9174,904526566865;-0,49799815752556986;-0,053130145821811414;-0,44486801170375845;spy
2004-07-06;17826,45124816969;9094,437339265303;-0,6597034411057745;-0,8770356908735177;0,21733224976774324;strategy
2004-07-07;17900,27467434531;9121,259941738634;0,41412295216749495;0,29493416110002446;0,11918879106747049;strategy
2004-07-08;17695,11452783036;9057,861514160526;-1,1461284826482898;-0,6950621732420781;-0,45106630940621173;spy
2004-07-09;17730,79233848482;9081,432835717234;0,20162520337660972;0,26023053587049816;-0,05860533249388844;spy
2004-07-12;17641,425606881738;9085,496471774193;-0,5040199552115543;0,04474663999030071;-0,548766595201855;spy
2004-07-13;17636,068502398506;9091,999033607442;-0,03036661890375436;0,07157079256427945;-0,10193741146803381;spy
2004-07-14;17681,926432359378;9064,36345587535;0,26002354183776166;-0,303954912774862;0,5639784546126236;strategy
2004-07-15;17715,428780677506;9005,842259731393;0,18947227524268584;-0,6456183760595313;0,8350906513022172;strategy
2004-07-16;17673,459522035562;8998,526722639383;-0,2369079470868951;-0,08123101516801512;-0,15567693191888;spy
2004-07-19;17506,938324459534;8960,324947017081;-0,9422105353420362;-0,4245336686747758;-0,5176768666672604;spy
2004-07-20;17601,362112959465;9074,117298625222;0,5393506662898728;1,2699578673876388;-0,730607201097766;spy
2004-07-21;17280,97378787391;8906,680362188848;-1,820247336708447;-1,8452145914153117;0,024967254706864672;strategy
2004-07-22;17245,823872263838;8931,064038885888;-0,20340240105414242;0,2737684042256161;-0,4771708052797585;spy
2004-07-23;17101,34071021644;8856,286438158813;-0,8377863714575495;-0,8372753840023228;-0,000510987455226708;spy
2004-07-26;16830,61164316711;8839,217678435358;-1,5830867979116592;-0,1927304389107376;-1,3903563590009216;spy
2004-07-27;17372,066403688827;8922,12317139478;3,2170830864696187;0,9379279476472657;2,279155138822353;strategy
2004-07-28;17456,885949200834;8948,94577386811;0,4882524826983037;0,3006302643223657;0,18762221837593795;strategy
2004-07-29;17617,169118375197;8987,147549490412;0,9181658724287001;0,4268857649563085;0,4912801074723916;strategy
2004-07-30;17643,760268761056;9009,09292052959;0,1509388381707888;0,244186166059146;-0,09324732788835721;spy
2004-08-02;17554,479587119302;9027,787630770574;-0,5060184466450068;0,2075093508957293;-0,7135277975407361;spy
2004-08-03;17473,719688310277;8957,88664135922;-0,46005293639284073;-0,7742870376469702;0,3142341012541294;strategy
2004-08-04;17423,772143158072;8957,073666100458;-0,2858438045427736;-0,00907552519150423;-0,27676827935126935;spy
2004-08-05;17195,05970570846;8810,769745562928;-1,3126459389531386;-1,6333897206990855;0,32074378174594687;strategy
2004-08-06;16985,052201278595;8684,785245547053;-1,22132465966458;-1,4298920940400306;0,20856743437545067;strategy
2004-08-09;17009,619475763386;8696,977393954789;0,14464055920264673;0,14038514555079207;0,004255413651854667;strategy
2004-08-10;17300,872567710205;8809,1437950454;1,7122845832137523;1,289717059269102;0,42256752394465025;strategy
2004-08-11;17260,07961365883;8791,262680181611;-0,23578552984380163;-0,20298357343020434;-0,03280195641359729;spy
2004-08-12;17128,5131412214;8695,352063555689;-0,762258780853553;-1,090976576574565;0,3287177957210119;strategy
2004-08-13;17146,05074206002;8712,420823279146;0,10238834330817959;0,19629751157514974;-0,09390916826697016;spy
2004-08-16;17299,653178994602;8802,64185333058;0,8958473251090338;1,035544906306285;-0,13969758119725117;spy
2004-08-17;17253,62074270707;8852,222802101855;-0,2660887811521295;0,5632507785434226;-0,8293395596955522;spy
2004-08-18;17482,160009885873;8943,256187293624;1,3245872885863985;1,028367532391461;0,29621975619493757;strategy
2004-08-19;17448,104455097673;8917,246560079057;-0,1948017565846616;-0,2908294995677463;0,0960277429830847;strategy
2004-08-20;17503,309052846304;8979,832632516827;0,3163930952539751;0,7018542328744992;-0,38546113762052414;spy
2004-08-23;17402,553076163935;8957,073666100458;-0,5756395912233758;-0,25344532963740285;-0,322194261585973;spy
2004-08-24;17413,037132802914;8969,265814508191;0,06024435950917617;0,13611754086468864;-0,07587318135551246;spy
2004-08-25;17532,26877007788;9030,225936428435;0,6847262563424827;0,6796556505398454;0,005070605802637296;strategy
2004-08-26;17533,60349713478;9030,225936428435;0,007612973964765679;0,0;0,007612973964765679;strategy
2004-08-27;17614,74394211929;9058,673869300865;0,4627710726877732;0,3150301340486994;0,14774093863907378;strategy
2004-08-30;17430,46026987706;8983,896268573786;-1,0461899011860232;-0,8254806587142283;-0,2207092424717949;spy
2004-08-31;17603,535778672278;9031,038911687197;0,9929485860698861;0,5247460756901079;0,4682025103797782;strategy
2004-09-01;17659,7367128927;9048,107671410655;0,3192593517974629;0,1890010649978402;0,1302582867996227;strategy
2004-09-02;17870,032491327183;9150,520849869823;1,1908205759429746;1,1318740025913154;0,058946573351659204;strategy
2004-09-03;17866,24824778639;9113,132049506286;-0,02117647823322022;-0,4085975102069539;0,3874210319737337;strategy
2004-09-07;17996,6017252593;9173,279196167767;0,7296074456430102;0,6600052137370138;0,06960223190599635;strategy
2004-09-08;17969,80075135359;9150,520849869823;-0,14892241499180336;-0,2480939019871009;0,09917148699529754;strategy
2004-09-09;18068,128889865344;9142,392957637478;0,5471854689560018;-0,08882436711196151;0,6360098360679634;strategy
2004-09-10;18213,3255582149;9189,534980632463;0,8036065562438965;0,5156420557880681;0,28796450045582844;strategy
2004-09-13;18180,364607407188;9219,608864022415;-0,18097162268559952;0,3272622984006768;-0,5082339210862763;spy
2004-09-14;18214,90513629374;9238,303574263398;0,18998809777708292;0,20277118603084787;-0,012783088253764952;spy
2004-09-15;18152,25445419694;9168,402584852043;-0,3439528321888763;-0,7566431309541488;0,4126902987652725;strategy
2004-09-16;18213,298622805538;9196,03754246571;0,336289736146167;0,30141518501081155;0,034874551135355425;strategy
2004-09-17;18322,337096310323;9196,850517724473;0,5986750437850574;0,008840495213391364;0,5898345485716661;strategy
2004-09-20;18338,813767192623;9141,579982378715;0,0899266878220395;-0,6009724224530943;0,6908991102751338;strategy
2004-09-21;18441,939644605038;9181,407088400114;0,5623366850308731;0,4356698305781892;0,12666685445268389;strategy
2004-09-22;18305,919648788185;9066,802381651638;-0,7375579707888491;-1,2482259597580536;0,5106679889692045;strategy
2004-09-23;18266,625562671514;9018,033788020703;-0,21465234673021527;-0,5378808490370091;0,3232285023067938;strategy
2004-09-24;18309,45016612771;9059,486844559626;0,23444178734199905;0,45966845449156857;-0,22522666714956951;spy
2004-09-27;18261,603798008862;9001,778003556006;-0,2613206168657234;-0,6369990044002849;0,3756783875345615;strategy
2004-09-28;18373,232326588623;9044,856390494031;0,6112745069627001;0,47855420252540526;0,13272030443729488;strategy
2004-09-29;18420,30045513302;9090,373083089917;0,2561777247886976;0,503232894263772;-0,24705516947507444;spy
2004-09-30;18529,64253674429;9083,871141375095;0,5935955381270785;-0,07152557607251753;0,6651211141995961;strategy
2004-10-01;18655,88232398377;9237,490599004635;0,6812856048849625;1,6911232583412206;-1,009837653456258;spy
2004-10-04;18777,90375784979;9252,933408210567;0,6540641270509573;0,16717537128096982;0,48688875576998747;strategy
2004-10-05;18818,64113445769;9257,810639644717;0,2169431536833466;0,05271011061012132;0,16423304307322528;strategy
2004-10-06;18993,06275329837;9321,209067222822;0,9268555449591265;0,6848101570215093;0,2420453879376172;strategy
2004-10-07;18885,336526913925;9221,234194421515;-0,5671872292726365;-1,0725526278866582;0,5053653986140216;strategy
2004-10-08;18741,56150505665;9144,83126329534;-0,761305056186734;-0,8285542858503248;0,0672492296635907;strategy
2004-10-11;18744,7779820906;9182,220063658877;0,017162268112413948;0,4088517249476675;-0,3916894568352536;spy
2004-10-12;18731,110901863503;9146,456593694438;-0,07291140092539061;-0,3894860906893505;0,31657468976395986;strategy
2004-10-13;18464,896219419297;9065,989406392875;-1,421243426719132;-0,8797635070726395;-0,5414799196464926;spy
2004-10-14;18581,705493133646;8992,837136064898;0,6326018425790059;-0,8068867836575455;1,4394886262365514;strategy
2004-10-15;18619,425888425678;9043,231060094933;0,20299748753400682;0,5603784797562517;-0,35738099222224484;spy
2004-10-18;18706,98646183734;9077,368579541846;0,47026462543129366;0,37749250483658514;0,09277212059470852;strategy
2004-10-19;18558,175160833292;9000,965028297243;-0,7954851590213363;-0,8416927281855391;0,046207569164202766;strategy
2004-10-20;18561,46385198465;8983,083293315023;0,01772098346337625;-0,19866464235782644;0,2163856258212027;strategy
2004-10-21;18574,735645801997;9041,605109577406;0,07150187034374866;0,6514669223420588;-0,5799650519983102;spy
2004-10-22;18465,521705771127;8940,004906376998;-0,5879703599203201;-1,1236965336252736;0,5357261737049535;strategy
2004-10-25;18585,929712788515;8929,438708486792;0,6520693481395501;-0,11819006813597044;0,7702594162755205;strategy
2004-10-26;18733,824198015922;9065,989406392875;0,7957335872503801;1,5292192752977884;-0,7334856880474083;spy
2004-10-27;18978,350434734875;9174,904526566865;1,3052659944617684;1,2013594467382482;0,10390654772352015;strategy
2004-10-28;18851,730889528102;9202,540104298958;-0,6671788764898601;0,3012083412102129;-0,968387217700073;spy
2004-10-29;18938,0919712729;9200,914153781434;0,458106909391387;-0,017668496948619605;0,4757754063400066;strategy
2004-11-01;19025,45875093934;9226,111425855664;0,4613283101537524;0,2738561805174067;0,18747212963634574;strategy
2004-11-02;19126,05208789732;9229,362706772286;0,5287301519234733;0,03523999187253768;0,4934901600509356;strategy
2004-11-03;19236,62976800881;9345,59336403829;0,5781521434915726;1,2593573463172802;-0,6812052028257076;spy
2004-11-04;19374,972929170137;9473,203194453263;0,7191652739056975;1,3654545564331322;-0,6462892825274347;spy
2004-11-05;19409,05619177145;9532,537365855982;0,1759138592137166;0,6263369441654065;-0,4504230849516899;spy
2004-11-08;19528,14167455754;9518,71988704915;0,6135562781078185;-0,1449506912642562;0,7585069693720747;strategy
2004-11-09;19513,25969692156;9500,025176808165;-0,07620785369132355;-0,19639941570736008;0,12019156201603653;strategy
2004-11-10;19598,982285763024;9507,340713900177;0,4393042996039709;0,07700544952102817;0,3622988500829427;strategy
2004-11-11;19773,655363125985;9579,680008969393;0,8912354469029937;0,7608783280844467;0,13035711881854706;strategy
2004-11-12;19926,175167398906;9655,270584955233;0,771328322821585;0,7890720349225111;-0,017743712100926068;spy
2004-11-15;19996,19637614322;9650,39397363951;0,3514031576861587;-0,050507246511788395;0,4019104041979471;strategy
2004-11-16;19907,071766817673;9581,30533936849;-0,44570781187105446;-0,7159151684349774;0,2702073565639229;strategy
2004-11-17;19918,655386375965;9638,201825231774;0,058188465355324404;0,593828125166862;-0,5356396598115376;spy
2004-11-18;20045,02997573001;9651,206328779845;0,6344534151661696;0,13492665731511533;0,49952675785105427;strategy
2004-11-19;19756,250306292928;9543,916539004955;-1,4406547148431703;-1,1116723248880578;-0,32898238995511253;spy
2004-11-22;19931,223594436233;9589,433851719266;0,8856604134417578;0,4769248822355854;0,40873553120617245;strategy
2004-11-23;19978,16676053092;9604,064305784861;0,2355257612372208;0,15256848622999808;0,08295727500722272;strategy
2004-11-24;20085,51404685434;9626,822652082803;0,537323006710988;0,23696578420693282;0,30035722250405517;strategy
2004-11-26;20034,430811313738;9619,507114990793;-0,2543287436977626;-0,07599118999483956;-0,17833755370292304;spy
2004-11-29;20197,378110056336;9575,615752794007;0,8133363022750695;-0,4562745437173832;1,2696108459924527;strategy
2004-11-30;20307,635112515847;9582,118314627254;0,5458976004643512;0,06790750590999206;0,47799009455435915;strategy
2004-12-01;20533,890001042266;9691,034054919674;1,1141370586621235;1,1366561830713051;-0,02251912440918158;spy
2004-12-02;20331,25280161946;9699,161947152019;-0,9868427239676514;0,0838702267093927;-1,070712950677044;spy
2004-12-03;20471,922647922787;9692,65938531877;0,6918897112534239;-0,06704251221579804;0,758932223469222;strategy
2004-12-06;20451,796963201192;9689,408104402146;-0,09830871808045316;-0,03354374467701149;-0,06476497340344167;spy
2004-12-07;20038,429144719295;9599,187074350712;-2,0211809222713595;-0,931130457911511;-1,0900504643598485;spy
2004-12-08;20081,600104191057;9655,270584955233;0,21544083700362204;0,5842527098401717;-0,3688118728365497;spy
2004-12-09;20138,519488973634;9689,408104402146;0,2834404852564365;0,35356357076212763;-0,07012308550569113;spy
2004-12-10;20248,697074433818;9699,161947152019;0,5470987354383672;0,10066500084191521;0,44643373459645197;strategy
2004-12-13;20445,297801881232;9783,69339062897;0,970930261461822;0,871533478227704;0,09939678323411805;strategy
2004-12-14;20475,256697756653;9817,830910075883;0,14653196136211744;0,3489226213856167;-0,20239066002349926;spy
2004-12-15;20630,705085055277;9825,145827049466;0,7592011645727315;0,07450644689832586;0,6846947176744056;strategy
2004-12-16;20504,68822024278;9819,456240474981;-0,6108219001384585;-0,05790841860912055;-0,552913481529338;spy
2004-12-17;20487,72153002602;9708,102814643127;-0,08274541916716283;-1,1340080662803342;1,0512626471131714;strategy
2004-12-20;20419,326546812794;9710,54112030099;-0,33383401425576276;0,025116191128349286;-0,35895020538411204;spy
2004-12-21;20595,36105439473;9785,318721028067;0,8620975191241609;0,7700662589311902;0,0920312601929707;strategy
2004-12-22;20545,782118843592;9808,890042584773;-0,2407286544780285;0,24088455602424563;-0,4816132105022741;spy
2004-12-23;20600,240908689284;9816,204959558358;0,26506068024416685;0,07457436001245821;0,19048632023170864;strategy
2004-12-27;20508,531641593196;9795,884918918275;-0,44518541070752704;-0,2070050566771897;-0,23818035403033733;spy
2004-12-28;20711,384738834968;9849,530123864935;0,9891156558003766;0,5476300037279724;0,4414856520724042;strategy
2004-12-29;20763,28936708977;9864,16057793053;0,25060916452137594;0,14853961439385;0,10206955012752594;strategy
2004-12-30;20757,758554291137;9845,465867689547;-0,026637459512546258;-0,1895215522221827;0,16288409270963644;strategy
2004-12-31;20745,56466156202;9824,333471909133;-0,05874378342547448;-0,214640892207707;0,1558971087822325;strategy
2005-01-03;20365,440013675216;9778,003804054482;-1,832317674105599;-0,4715807742797118;-1,3607368998258873;spy
2005-01-04;20096,969630253756;9658,521865871855;-1,3182645856960828;-1,2219461208747284;-0,09631846482135442;spy
2005-01-05;20017,54405051242;9591,872157377129;-0,39521172197906074;-0,6900611648479105;0,29484944286884973;strategy
2005-01-06;20022,62458024785;9640,640130889637;0,025380384939377443;0,5084301866450591;-0,4830498017056817;spy
2005-01-07;19942,326626807742;9626,822652082803;-0,4010361035252208;-0,14332532507422835;-0,25771077845099244;spy
2005-01-10;19988,70064758032;9672,33934467869;0,23254067411693224;0,47281116772250886;-0,24027049360557662;spy
2005-01-11;19485,010844365665;9605,689636183959;-2,5198726625366152;-0,689075373801884;-1,8307972887347312;spy
2005-01-12;19490,039897458235;9637,388849973013;0,025809855240721546;0,33000455968976716;-0,3041947044490456;spy
2005-01-13;19745,678743678225;9560,172943588075;1,3116383935844578;-0,8012119007230201;2,112850294307478;strategy
2005-01-14;19863,04032602033;9610,56624749968;0,5943659059057582;0,5271170742303655;0,06724883167539275;strategy
2005-01-18;20017,104567061986;9710,54112030099;0,7756327254686779;1,0402599620737085;-0,2646272366050306;spy
2005-01-19;19772,465840237513;9608,940917100585;-1,222148418143476;-1,0462877602979148;-0,17586065784556126;spy
2005-01-20;19698,166719220564;9550,419100838202;-0,3757706379026726;-0,6090350306789172;0,23326439277624456;strategy
2005-01-21;19694,95463907003;9491,897284575818;-0,016306492864637256;-0,6127669963431059;0,5964605034784687;strategy
2005-01-24;19456,98296110775;9473,203194453263;-1,2082875148653582;-0,1969478763000576;-1,0113396385653006;spy
2005-01-25;19474,795205586393;9500,025176808165;0,09154679589453707;0,2831353007460846;-0,19158850485154755;spy
2005-01-26;19692,105929397505;9528,473729799021;1,1158562722588972;0,2994576589155251;0,816398613343372;strategy
2005-01-27;19720,07807729834;9544,729514263716;0,1420475189455317;0,17060218588689224;-0,02855466694136055;spy
2005-01-28;19719,133820864263;9544,729514263716;-0,004788299672942031;0,0;-0,004788299672942031;spy
2005-01-31;19949,275882166206;9604,064305784861;1,167100255988096;0,6216497956539779;0,5454504603341181;strategy
2005-02-01;20019,347100504725;9665,024427705106;0,3512469262163087;0,6347325463400555;-0,2834856201237468;spy
2005-02-02;20201,287261678266;9694,28471571787;0,9088216526749404;0,302744066832239;0,6060775858427014;strategy
2005-02-03;20343,93137171233;9669,088063762065;0,7061139628693702;-0,2599124401097108;0,966026402979081;strategy
2005-02-04;20523,575717336957;9772,314217479998;0,8830365298735599;1,0675893428337302;-0,18455281296017034;spy
2005-02-07;20362,663863550995;9759,3090938135;-0,7840342053555216;-0,13308130885963942;-0,6509528964958822;spy
2005-02-08;20473,914313938876;9770,688266962472;0,5463452676592873;0,11659814275362113;0,42974712490566613;strategy
2005-02-09;20410,81936766806;9697,535996634495;-0,30817236657018077;-0,7486910679089576;0,4405187013387768;strategy
2005-02-10;20523,600474967287;9732,486491340169;0,5525555112102953;0,3604059290710948;0,19214958213920053;strategy
2005-02-11;20666,87711468134;9816,204959558358;0,6981067473458724;0,8601960895880056;-0,16208934224213323;spy
2005-02-14;20691,587235451334;9808,890042584773;0,11956388298470788;-0,0745187881031506;0,19408267108785848;strategy
2005-02-15;20766,07928080078;9845,465867689547;0,36001126690665686;0,37288444407044263;-0,012873177163785776;spy
2005-02-16;20970,68555243018;9851,968429522796;0,9852908142297556;0,06604625845678669;0,9192445557729689;strategy
2005-02-17;20877,511772656413;9772,314217479998;-0,4443048823597917;-0,8085106302625156;0,36420574790272386;strategy
2005-02-18;20935,384970392046;9785,318721028067;0,277203521022229;0,13307496319354684;0,14412855782868217;strategy
2005-02-22;20658,242034124385;9639,827155630874;-1,3238014808880316;-1,4868352226947934;0,16303374180676178;strategy
2005-02-23;20802,45120519348;9708,915169783466;0,6980708756867182;0,716693494989018;-0,018622619302299803;spy
2005-02-24;20973,637375539;9773,126572620333;0,8229134569621488;0,6613653710427769;0,16154808591937186;strategy
2005-02-25;21194,918735632273;9869,850164505016;1,05504522716382;0,9896893401100337;0,06535588705378625;strategy
2005-02-28;21041,91430584004;9804,825786409385;-0,7218920331834355;-0,6588182901649198;-0,06307374301851576;spy
2005-03-01;20995,301123040626;9853,594380040322;-0,22152539033236662;0,4973937803008699;-0,7189191706332365;spy
2005-03-02;20999,092686717115;9848,717148606172;0,018059105960266386;-0,04949697791527541;0,0675560838755418;strategy
2005-03-03;20981,339202150586;9852,78140478156;-0,08454405545701427;0,041266858556920916;-0,12581091401393518;spy
2005-03-04;21201,530743042975;9975,51462388081;1,0494637104471405;1,2456707812444678;-0,19620707079732735;spy
2005-03-07;21208,90770530977;9980,391235196534;0,03479447949397141;0,04888581190638508;-0,01409133241241367;spy
2005-03-08;20968,526748341916;9943,002434832993;-1,1333962140241405;-0,37462259226558325;-0,7587736217585572;spy
2005-03-09;20753,92720859038;9832,461364141478;-1,0234364212950986;-1,1117473963826119;0,08831097508751329;strategy
2005-03-10;20593,31570410011;9854,406735180657;-0,7738848791171926;0,22319305641222975;-0,9970779355294224;spy
2005-03-11;20806,801232379257;9785,318721028067;1,0366738962616084;-0,7010875033800157;1,7377613996416241;strategy
2005-03-14;20810,01902215492;9846,27884294831;0,015465086342314471;0,6229753333352628;-0,6075102469929483;spy
2005-03-15;20737,674366333675;9764,998680387986;-0,34764339111956755;-0,8254911714036584;0,4778477802840908;strategy
2005-03-16;20625,63432992505;9682,093187428563;-0,5402729082799818;-0,8490066990580303;0,3087337907780485;strategy
2005-03-17;20706,60928723871;9701,600252809882;0,39259377926705863;0,20147570369026813;0,1911180755767905;strategy
2005-03-18;20646,620128873983;9634,95054431515;-0,2897101960662174;-0,6869970598451292;0,39728686377891176;strategy
2005-03-21;20698,391333472988;9599,187074350712;0,25074905372335365;-0,3711847798278489;0,6219338335512026;strategy
2005-03-22;20627,931386650023;9501,651127325693;-0,3404126711481159;-1,016085490047769;0,675672818899653;strategy
2005-03-23;20497,981633272215;9509,779019558038;-0,6299698740607096;0,08554189291343217;-0,7155117669741418;spy
2005-03-24;20557,765953060254;9521,15819270701;0,29165954413286066;0,11965759799010822;0,17200194614275244;strategy
2005-03-28;20508,00996516509;9534,975671513845;-0,24203013113766048;0,1451239284882222;-0,3871540596258827;spy
2005-03-29;20274,44958828901;9471,577243935739;-1,1388739193749275;-0,6649039259482459;-0,47396999342668167;spy
2005-03-30;20380,212246604064;9605,689636183959;0,5216548930440101;1,4159457162647993;-0,8942908232207891;spy
2005-03-31;20431,387905163705;9587,80790120174;0,2511046398359751;-0,18615774254103767;0,43726238237701276;strategy
2005-04-01;20478,55919017509;9544,729514263716;0,23087655733589063;-0,44930381774362926;0,6801803750795199;strategy
2005-04-04;20456,323624626522;9560,985298728408;-0,10857973621130057;0,17031163052236842;-0,278891366733669;spy
2005-04-05;20616,321689958655;9606,502611442722;0,7821447698427964;0,47607345155491476;0,3060713182878816;strategy
2005-04-06;20788,87125217068;9639,827155630874;0,8369561011267512;0,3468956969673531;0,4900604041593981;strategy
2005-04-07;20890,141644437987;9691,846410060007;0,4871375219889895;0,5396284973714138;-0,05249097538242431;spy
2005-04-08;20753,436771509965;9591,059182118364;-0,6543989756259916;-1,0399177171960372;0,3855187415700456;strategy
2005-04-11;20629,46121294701;9598,374099091949;-0,5973736298613752;0,07626808295815302;-0,6736417128195282;spy
2005-04-12;20658,60442159273;9647,95504786322;0,14126984871241088;0,5165557026576284;-0,3752858539452175;spy
2005-04-13;20490,681526352324;9534,163316373506;-0,81284723698416;-1,1794388647666576;0,36659162778249765;strategy
2005-04-14;20133,9099355132;9409,804146756731;-1,7411406759716308;-1,3043532556570203;-0,4367874203146105;spy
2005-04-15;19747,625254219565;9278,1306802848;-1,9185775764909208;-1,3993220732156808;-0,51925550327524;spy
2005-04-18;19785,306055139932;9306,578613157226;0,19081180868729675;0,30661276341876764;-0,1158009547314709;spy
2005-04-19;20083,816829360672;9380,543858743968;1,508749843893331;0,7947630236763148;0,7139868202170163;strategy
2005-04-20;19908,5981863686;9249,68274741237;-0,8724369699285472;-1,395026912108277;0,5225899421797298;strategy
2005-04-21;20152,96554107924;9429,311832256479;1,2274463145172998;1,9420026583545358;-0,714556343837236;spy
2005-04-22;20062,958609519403;9393,548362292036;-0,44661879352877465;-0,37927974597361525;-0,0673390475551594;spy
2005-04-25;20341,638735531953;9455,321459471043;1,3890280662809174;0,6576119565954164;0,731416109685501;strategy
2005-04-26;20065,521597136685;9363,474478902084;-1,3573986933164695;-0,9713787200429702;-0,38601997327349924;spy
2005-04-27;19981,779094225465;9400,050924125286;-0,4173452581624937;0,3906289839911148;-0,8079742421536085;spy
2005-04-28;19862,46515882278;9282,194316341758;-0,5971136746135253;-1,2537869074841668;0,6566732328706415;strategy
2005-04-29;20071,909159979794;9408,178816357633;1,0544713331516187;1,3572706595257555;-0,30279932637413687;spy
2005-05-02;20029,819185343746;9461,01104604553;-0,20969592030621875;0,5615563938478729;-0,7712523141540917;spy
2005-05-03;20007,21760991674;9477,266830510223;-0,1128396378312968;0,171818681804492;-0,2846583196357888;spy
2005-05-04;20155,33949184541;9550,419100838202;0,7403422345706456;0,7718709585392114;-0,031528723968565764;spy
2005-05-05;20118,51659932139;9547,167819921577;-0,18269547153457744;-0,034043332363709045;-0,1486521391708684;spy
2005-05-06;20220,43000371081;9517,093936531623;0,5065652026892575;-0,3150031921215435;0,821568394810801;strategy
2005-05-09;20291,319405955517;9576,428728052768;0,35058305996309436;0,623454931902967;-0,2728718719398726;spy
2005-05-10;20147,107359798516;9477,266830510223;-0,7107080780300312;-1,0354788863207842;0,324770808290753;strategy
2005-05-11;20116,77773420506;9529,286084939356;-0,15054084465730977;0,5488845609123105;-0,6994254055696203;spy
2005-05-12;19894,02609353044;9424,434600822327;-1,1072928458908726;-1,1003078633848862;-0,006984982505986448;spy
2005-05-13;19825,096167848955;9405,740510699772;-0,3464855497696373;-0,19835768313277713;-0,14812786663686017;spy
2005-05-16;19914,80462257287;9493,523235093344;0,4524994681710304;0,9332888175440424;-0,480789349373012;spy
2005-05-17;19950,82755902454;9556,92166267145;0,18088521145138703;0,6678071566070365;-0,48692194515564946;spy
2005-05-18;20054,14689278876;9655,270584955233;0,5178699152130539;1,029085784682393;-0,5112158694693392;spy
2005-05-19;20163,8979516602;9695,910666235395;0,5472736360124353;0,4209108478377299;0,12636278817470536;strategy
2005-05-20;20247,18927801215;9682,093187428563;0,41307155269099116;-0,14250831389102103;0,5555798665820122;strategy
2005-05-23;20387,10236157985;9735,737772256794;0,6910247227235766;0,5540597863474828;0,13696493637609386;strategy
2005-05-24;20466,268818911427;9712,979425958853;0,3883163773227949;-0,23376088007213136;0,6220772573949263;strategy
2005-05-25;20443,42904669822;9705,664508985268;-0,11159714755677452;-0,07531074300470841;-0,03628640455206611;spy
2005-05-26;20598,162932664094;9757,683763414401;0,7568881209332412;0,5359679842732445;0,22092013665999666;strategy
2005-05-27;20660,05850845784;9773,939547879096;0,3004907573364024;0,16659470483808558;0,13389605249831682;strategy
2005-05-31;20628,7085632946;9711,354095559753;-0,15174180242716329;-0,64032984870388;0,4885880462767167;strategy
2005-06-01;20717,706825187473;9794,259588519177;0,43142914942930766;0,8536965303049815;-0,42226738087567384;spy
2005-06-02;20745,78085675346;9815,392604418023;0,13550742754915301;0,21576940766014907;-0,08026198011099606;spy
2005-06-03;20702,42069980889;9765,811655646748;-0,20900710965745528;-0,5051346468704421;0,2961275372129868;strategy
2005-06-06;20739,478856764697;9756,87078815564;0,17900397974306426;-0,09155273321228563;0,2705567129553499;strategy
2005-06-07;20724,662467918242;9764,18570512922;-0,07144050700975679;0,074971957017822;-0,1464124640275788;spy
2005-06-08;20612,913109672416;9746,30459026543;-0,5392095452401935;-0,18312960654156551;-0,356079938698628;spy
2005-06-09;20800,239822393614;9792,634258120079;0,9087833035753556;0,4753562483664098;0,43342705520894587;strategy
2005-06-10;20748,716542436443;9769,875291703709;-0,2477052206951047;-0,23240903128285417;-0,015296189412250527;spy
2005-06-13;20805,375679502446;9800,762150352424;0,2730729727312031;0,3161438373214809;-0,04307086459027776;spy
2005-06-14;20763,633520388816;9823,520496650368;-0,2006316048152601;0,23220996437633978;-0,4328415691915999;spy
2005-06-15;20823,36691021145;9842,214586772923;0,28768273994039806;0,1902992937097281;0,09738344623066997;strategy
2005-06-16;20949,762198732857;9867,411858847156;0,6069877607517205;0,25601222013686975;0,3509755406148507;strategy
2005-06-17;20957,57088048602;9864,16057793053;0,03727336701528916;-0,032949682886807;0,07022304990209616;strategy
2005-06-20;20946,630255427903;9867,411858847156;-0,052203688683705174;0,032960543281301824;-0,085164231965007;spy
2005-06-21;20927,119689210518;9873,10144542164;-0,0931441763160401;0,0576603739245396;-0,1508045502405797;spy
2005-06-22;20942,51784093732;9881,229337653987;0,07357989037899415;0,08232359686850543;-0,008743706489511283;spy
2005-06-23;20844,729092740643;9742,240334090044;-0,4669388319943235;-1,4065962727360715;0,939657440741748;strategy
2005-06-24;20784,267501775965;9670,71401427959;-0,290056976493569;-0,7341875929725128;0,4441306164789438;strategy
2005-06-27;20732,018208224552;9684,531493086424;-0,25138866956436745;0,14287961350558653;-0,394268283069954;spy
2005-06-28;20914,982256555675;9765,811655646748;0,8825192342274635;0,8392782099820639;0,04324102424539955;strategy
2005-06-29;21081,235271562284;9739,802028432181;0,7948991443896603;-0,266333492101789;1,0612326364914493;strategy
2005-06-30;21024,640153328386;9686,969798744285;-0,2684620588160769;-0,5424363814959476;0,27397432267987076;strategy
2005-07-01;21074,362262468494;9715,417731616713;0,23649445972675487;0,2936721540735654;-0,057177694346810526;spy
2005-07-05;21230,950857253476;9793,446613260412;0,7430288652855221;0,8031448960734933;-0,06011603078797112;spy
2005-07-06;21300,19938120954;9711,354095559753;0,32616779352774294;-0,8382392935037286;1,1644070870314716;strategy
2005-07-07;21403,13328593525;9749,555251063628;0,4832532451152449;0,39336590065581767;0,08988734445942725;strategy
2005-07-08;21498,81072019147;9860,909297013906;0,44702536295979645;1,1421448782305221;-0,6951195152707257;spy
2005-07-11;21627,909297295013;9911,303221043941;0,6004917145593147;0,5110474349996785;0,08944427955963619;strategy
2005-07-12;21673,78668679946;9937,31284825851;0,21212124054073023;0,2624238874999296;-0,05030264695919939;spy
2005-07-13;21580,497830789696;9951,130327065342;-0,4304225069566736;0,13904643053734844;-0,569468937494022;spy
2005-07-14;21417,19594940285;9990,145077946407;-0,7567104460113883;0,392063510362739;-1,1487739563741273;spy
2005-07-15;21469,747262403114;9984,454871253492;0,24536971657922457;-0,05695819879008024;0,3023279153693048;strategy
2005-07-18;21422,5361949326;9944,627765232093;-0,2198957765710996;-0,3988911416292429;0,17899536505814329;strategy
2005-07-19;21535,270826058557;9999,085325319089;0,5262431586070759;0,5476078277900642;-0,021364669182988294;spy
2005-07-20;21556,87441186805;10033,22346488443;0,10031722370240637;0,3414126238016735;-0,2410954000992671;spy
2005-07-21;21341,037018125102;9974,701648622047;-1,001246236440112;-0,5832803033561929;-0,41796593308391916;spy
2005-07-22;21363,217875903672;10041,351357116777;0,10393523875964483;0,6681874891359518;-0,564252250376307;spy
2005-07-25;21332,115410472696;10012,903424244349;-0,14558886030956453;-0,2833078124715338;0,13771895216196928;strategy
2005-07-26;21467,70536165456;10025,094952533655;0,6356141834639617;0,12175817315671633;0,5138560103072454;strategy
2005-07-27;21783,523002916947;10061,671397756858;1,471129009561012;0,36484886573526776;1,1062801438257441;strategy
2005-07-28;22093,630697711567;10125,069825334962;1,4235883458938003;0,6300983710543218;0,7934899748394786;strategy
2005-07-29;22138,636755306332;10057,607141581471;0,20370602826915718;-0,6662935161660388;0,869999544435196;strategy
2005-08-01;22140,42146705082;10050,292224607887;0,008061525035230055;-0,07273019188970276;0,08079171692493281;strategy
2005-08-02;22199,13608018181;10110,439371269369;0,2651919396311708;0,598461669743422;-0,33326973011225114;spy
2005-08-03;22270,437285980915;10137,261973742698;0,32118910187122207;0,2652961111615948;0,05589299070962728;strategy
2005-08-04;22090,38062523281;10055,981811182373;-0,8085007871015182;-0,8017960152440939;-0,006704771857424241;spy
2005-08-05;22021,81199349386;9987,706152170116;-0,31040040867665875;-0,6789556732922253;0,36855526461556654;strategy
2005-08-08;21866,26800958503;9969,012062047563;-0,7063178268653991;-0,18717100641263418;-0,519146820452765;spy
2005-08-09;22034,026171808815;10029,159208709041;0,7672007045292251;0,6033410962603014;0,16385960826892365;strategy
2005-08-10;22007,233297890023;10024,28259739332;-0,12159772213156117;-0,04862432846302056;-0,07297339366854061;spy
2005-08-11;22096,04953038605;10064,109703414719;0,4035774569834061;0,39730629732801503;0,006271159655391045;strategy
2005-08-12;22136,84603558207;10002,336606235713;0,18463257488592344;-0,613795944196105;0,7984285190820284;strategy
2005-08-15;22137,990333035163;10064,109703414719;0,0051691982283719184;0,6175866661045415;-0,6124174678761696;spy
2005-08-16;21870,770710476307;9933,248592083122;-1,207063597638769;-1,3002750882891934;0,09321149065042444;strategy
2005-08-17;21794,18683252469;9932,43561682436;-0,350165428394944;-0,008184384506504383;-0,34198104388843964;spy
2005-08-18;21635,500194021526;9931,623261684023;-0,7281145184382276;-0,008178811035641775;-0,7199357074025858;spy
2005-08-19;21720,818742854295;9954,381607981966;0,39434516451042345;0,2291503181131027;0,16519484639732074;strategy
2005-08-22;21869,36381928154;9954,381607981966;0,6838834124340387;0,0;0,6838834124340387;strategy
2005-08-23;21851,74035156361;9935,686897740981;-0,08058518694720185;-0,18780383329883854;0,10721864635163669;strategy
2005-08-24;21881,520999915832;9847,091818207075;0,136285018369664;-0,8916855014226566;1,0279705197923206;strategy
2005-08-25;21884,208044024286;9882,854668053085;0,012279969516115763;0,3631818460338332;-0,3509018765177174;spy
2005-08-26;21695,39341407072;9815,392604418023;-0,8627894122269719;-0,6826171779408807;-0,1801722342860912;spy
2005-08-29;21785,871934398776;9890,98318040386;0,417040237995292;0,7701227962273682;-0,35308255823207624;spy
2005-08-30;21975,344506206573;9838,963925974725;0,8697038722082606;-0,5259260225231821;1,3956298947314427;strategy
2005-08-31;22233,81706534291;9963,322475473075;1,1761934337973123;1,2639394801524206;-0,0877460463551083;spy
2005-09-01;22279,687582489358;9956,006938381064;0,20630968138146688;-0,07342467444990675;0,2797343558313736;strategy
2005-09-02;22217,244816673257;9938,125203398844;-0,28026769040144783;-0,17960749819573296;-0,10066019220571487;spy
2005-09-06;22391,326916109403;10054,355860664848;0,7835449484064894;1,16954309678301;-0,3859981483765207;spy
2005-09-07;22506,019627334124;10071,425240506731;0,5122193591046376;0,1697709935716718;0,34244836553296576;strategy
2005-09-08;22609,397299861856;10038,100076200151;0,4593334327416043;-0,3308882656701595;0,7902216984117638;strategy
2005-09-09;22743,72759153853;10127,508130992825;0,5941347745589631;0,8906870235798392;-0,29655224902087607;spy
2005-09-12;22747,843665838012;10107,188090352744;0,018097623984103528;-0,20064205703174132;0,21873968101584484;strategy
2005-09-13;22683,871363598908;10051,10519986665;-0,2812235883930203;-0,5548812388247226;0,2736576504317023;strategy
2005-09-14;22467,931674207626;10014,528754643447;-0,951952539008849;-0,363904709938645;-0,588047829070204;spy
2005-09-15;22386,12682095894;10009,652143327725;-0,36409605670376655;-0,048695364856388146;-0,3154006918473784;spy
2005-09-16;22495,573271539088;10038,100076200151;0,48890302219533055;0,2842050099751914;0,20469801222013917;strategy
2005-09-19;22491,953634027486;10004,774911893575;-0,016090443519312103;-0,3319867709387414;0,3158963274194293;strategy
2005-09-20;22412,47068127613;9920,244088535052;-0,35338394363000347;-0,8449047989878777;0,49152085535787426;strategy
2005-09-21;22434,52668590685;9827,584752825755;0,09840951916626484;-0,9340429013877216;1,0324524205539864;strategy
2005-09-22;22424,02830021639;9862,534627413004;-0,04679566383299916;0,35563035543602073;-0,4024260192690199;spy
2005-09-23;22511,58146088016;9870,663139763778;0,39044349878440965;0,08241808680884422;0,30802541197556543;strategy
2005-09-26;22523,32503205165;9882,04231291275;0,052166797752062344;0,11528276254442194;-0,06311596479235959;spy
2005-09-27;22554,327613557714;9879,604007254888;0,1376465573442065;-0,024674106633570947;0,16232066397777745;strategy
2005-09-28;22515,30900949084;9889,357229886336;-0,17299830318781018;0,09872078500603454;-0,2717190881938447;spy
2005-09-29;22697,846590779365;9969,825037306324;0,8107265203936675;0,8136808646856064;-0,0029543442919388596;spy
2005-09-30;22782,65611186407;10000,711275836613;0,37364567050672814;0,30979719718966514;0,063848473317063;strategy
2005-10-03;22942,32832086052;9964,947805872174;0,7008498403893393;-0,3576092637615602;1,0584591041508995;strategy
2005-10-04;22703,68243085318;9852,78140478156;-1,0401990882082823;-1,1256095192442195;0,08541043103593715;strategy
2005-10-05;22388,778158426638;9723,545623849059;-1,3870184864751445;-1,3116680013806281;-0,07535048509451636;spy
2005-10-06;22262,76419317655;9688,595129143385;-0,5628443158371188;-0,35944187498797575;-0,20340244084914305;spy
2005-10-07;22409,26667673019;9721,92029344996;0,6580606176412873;0,3439628125891492;0,31409780505213813;strategy
2005-10-10;22314,081967775295;9639,827155630874;-0,42475601869530477;-0,8444127841121696;0,4196567654168648;strategy
2005-10-11;22378,910868092113;9626,009676824042;0,2905290946337846;-0,1433374124219733;0,4338665070557579;strategy
2005-10-12;21939,232222132312;9550,419100838202;-1,9647008228032004;-0,7852742571808791;-1,1794265656223213;spy
2005-10-13;21891,992404576573;9544,729514263716;-0,21532119755806045;-0,05957420836104621;-0,15574698919701424;spy
2005-10-14;22057,93290870724;9645,51674220536;0,757996353479351;1,0559464025777565;-0,2979500490984055;spy
2005-10-17;22183,084313022257;9681,280212169799;0,5673759405878664;0,370778164822938;0,19659777576492843;strategy
2005-10-18;21997,81763131658;9576,428728052768;-0,8351709757372205;-1,08303325406518;0,24786227832795937;strategy
2005-10-19;22215,289269702014;9735,737772256794;0,9886055154664009;1,6635538020280283;-0,6749482865616274;spy
2005-10-20;21958,876972310434;9564,236579645036;-1,1542154336981025;-1,761563392765908;0,6073479590678055;strategy
2005-10-21;22230,314176158477;9601,625380008572;1,2361160554354322;0,3909229979014661;0,8451930575339661;strategy
2005-10-24;22537,363789195195;9750,368226322391;1,3812203039668347;1,549142363161904;-0,1679220591950692;spy
2005-10-25;22538,244700600902;9730,861160941073;0,0039086710138303005;-0,20006490963753176;0,20397358065136206;strategy
2005-10-26;22588,534016288228;9702,413228068644;0,22312880330908058;-0,2923475363785455;0,5154763396876261;strategy
2005-10-27;22426,75507389802;9599,187074350712;-0,7161993880326678;-1,063922462293243;0,34772307426057525;strategy
2005-10-28;22598,31453685528;9737,363722774318;0,7649767538458141;1,4394619810339737;-0,6744852271881596;spy
2005-10-31;22876,422686170794;9764,18570512922;1,2306588124612272;0,275454251464069;0,9552045609971582;strategy
2005-11-01;22838,8729684227;9793,446613260412;-0,16414156296733484;0,2996758666298227;-0,46381742959715755;spy
2005-11-02;23118,33482585342;9895,859791719584;1,2236236780033272;1,0457317275871292;0,17789195041619799;strategy
2005-11-03;23261,676218672008;9938,125203398844;0,6200333799919244;0,42710196555761915;0,19293141443430528;strategy
2005-11-04;23312,83135402581;9925,120699850775;0,219911647264448;-0,1308546962521806;0,3507663435166286;strategy
2005-11-07;23337,80164187352;9934,874542600648;0,10710963189548561;0,09827429856867909;0,008835333326806527;strategy
2005-11-08;23358,92980144485;9934,874542600648;0,09053191853949372;0,0;0,09053191853949372;strategy
2005-11-09;23274,2234088333;9947,879046148717;-0,3626295953263803;0,13089751151165174;-0,493527106838032;spy
2005-11-10;23429,24042961744;10025,094952533655;0,6660459430208432;0,7762047168720976;-0,11015877385125439;spy
2005-11-11;23469,23080684895;10059,233092098999;0,17068576060603746;0,34052684515188947;-0,169841084545852;spy
2005-11-14;23564,945619440467;10053,543505524509;0,4078310592249279;-0,05656083840982484;0,46439189763475275;strategy
2005-11-15;23480,024433280258;10016,967060301307;-0,3603708132054906;-0,36381645141438934;0,0034456382088987603;strategy
2005-11-16;23488,569857523784;10037,287100941388;0,0363944435739727;0,2028562190307337;-0,166461775456761;spy
2005-11-17;23709,48048476284;10130,759411909448;0,9405026724872867;0,9312507456252117;0,009251926862074988;strategy
2005-11-18;23742,564136298566;10170,586517930846;0,1395376484819577;0,39313050880054323;-0,2535928603185855;spy
2005-11-21;23881,56290144446;10221,79341721965;0,5854412537245279;0,5034802978031383;0,08196095592138963;strategy
2005-11-22;24232,39212391398;10265,684779416433;1,4690379516505647;0,42939003367887807;1,0396479179716867;strategy
2005-11-23;24244,58883777559;10325,01895081915;0,05033227342658986;0,5779855185275906;-0,5276532451010008;spy
2005-11-25;24399,160958626493;10333,146843051498;0,6375530716778544;0,07872036139655592;0,5588327102812984;strategy
2005-11-28;23972,102743156625;10259,995192841949;-1,7502987754129284;-0,7079319719407673;-1,0423668034721612;spy
2005-11-29;23764,415504242646;10248,61539957455;-0,8663705522172771;-0,11091421636667542;-0,7554563358506017;spy
2005-11-30;23822,12510302688;10193,34548434722;0,2428403878644847;-0,5392915342459337;0,7821319221104184;strategy
2005-12-01;24072,551059126225;10297,383993205485;1,0512326461904253;1,020651257411287;0,030581388779138408;strategy
2005-12-02;24118,04826933613;10310,388496753556;0,1890003685033559;0,12628939113712434;0,06271097736623155;strategy
2005-12-05;23934,288204492328;10288,443125714375;-0,7619193012290082;-0,21284717880505344;-0,5490721224239548;spy
2005-12-06;23938,343934941462;10307,950191095693;0,016945272884161255;0,1896017224662705;-0,17265644958210924;spy
2005-12-07;23745,744377618146;10247,803044434211;-0,8045650853992004;-0,5835024960970325;-0,22106258930216782;spy
2005-12-08;23820,165885205606;10241,300482600966;0,31340987422405764;-0,0634532280241018;0,37686310224815944;strategy
2005-12-09;23906,28544819975;10268,123085074294;0,3615405678078387;0,2619062151227647;0,09963435268507403;strategy
2005-12-12;23955,666483768604;10277,876307705743;0,2065608882477976;0,09498544720043522;0,11157544104736239;strategy
2005-12-13;23809,152190671713;10347,777297117096;-0,61160599808886;0,6801112147939214;-1,2917172128827814;spy
2005-12-14;23777,22399427448;10388,417378397258;-0,13410051790815336;0,3927421330519376;-0,526842650960091;spy
2005-12-15;23825,599257075963;10358,344115125728;0,20345210531360625;-0,289488400168314;0,49294050548192025;strategy
2005-12-16;23858,656767134806;10270,561390732155;0,13874786401868455;-0,8474590476810762;0,9862069116997607;strategy
2005-12-19;23631,60144537937;10217,72916104426;-0,9516685032671446;-0,5144044972611561;-0,43726400600598847;spy
2005-12-20;23689,38300999382;10227,483003794132;0,24450972883918176;0,09545998524855825;0,1490497435906235;strategy
2005-12-21;23916,39374515437;10243,738788258826;0,9582804882034335;0,15894218018903672;0,7993383080143968;strategy
2005-12-22;24141,45283598064;10297,383993205485;0,9410243585401101;0,5236877477600821;0,41733661078002804;strategy
2005-12-23;24235,91575609796;10303,073579779973;0,39128929298128945;0,0552527377656542;0,33603655521563525;strategy
2005-12-27;24379,62503094604;10198,22209566294;0,5929599537080499;-1,017671894751937;1,6106318484599869;strategy
2005-12-28;24378,432666823872;10220,980441960883;-0,004890822236414127;0,2231599398842432;-0,22805076212065734;spy
2005-12-29;24248,42460940074;10175,463749364997;-0,5332912874257856;-0,4453260903330092;-0,08796519709277639;spy
2005-12-30;24088,741671757347;10120,193214019242;-0,658529121852669;-0,5431746081273614;-0,11535451372530758;spy
2006-01-03;24296,480034059517;10298,196348345822;0,8623877707391037;1,7588906709804508;-0,8965029002413472;spy
2006-01-04;24452,064319687648;10346,964941976757;0,6403573085896674;0,4735644182854326;0,16679289030423483;strategy
2006-01-05;24581,009703609765;10353,466883691577;0,5273394599174752;0,06283911998621328;0,46450033993126194;strategy
2006-01-06;24834,521005018072;10439,624277686054;1,0313298943577465;0,83215984522238;0,1991700491353665;strategy
2006-01-09;24928,834285827554;10466,446880159387;0,3797668607758764;0,2569307262394904;0,12283613453638598;strategy
2006-01-10;25074,777280508548;10477,012457931165;0,5854385046956123;0,10094713031800762;0,4844913743776047;strategy
2006-01-11;25134,54533911965;10510,337622237745;0,23835928009443563;0,31807888403676543;-0,0797196039423298;spy
2006-01-12;25059,632351777316;10468,885185817247;-0,2980479110785361;-0,3943968111242424;0,09634890004570629;strategy
2006-01-13;25014,51956467781;10459,130722948947;-0,18002174360035594;-0,09317575553809965;-0,0868459880622563;spy
2006-01-17;24870,294482352612;10430,683410194944;-0,5765654701154088;-0,2719854403538946;-0,3045800297615142;spy
2006-01-18;24775,068610699258;10389,230353656021;-0,38289000446265486;-0,39741457878403885;0,014524574321383987;strategy
2006-01-19;25052,287185257417;10429,05745967742;1,1189417027020587;0,38334991780584193;0,7355917848962168;strategy
2006-01-20;24586,75833456777;10238,862176943105;-1,8582289403244467;-1,823705387276664;-0,03452355304778276;spy
2006-01-23;24675,120391655553;10275,43800204788;0,35938880549188923;0,35722548533898557;0,0021633201529036583;strategy
2006-01-24;24980,798489661385;10286,004820056514;1,2388109689191351;0,10283569426945416;1,135975274649681;strategy
2006-01-25;25105,190539907555;10294,945687547624;0,49795065717235243;0,0869226453567018;0,41102801181565063;strategy
2006-01-26;25413,744950778462;10351,841553292483;1,229046281805446;0,5526582409626224;0,6763880408428236;strategy
2006-01-27;25450,77934450471;10447,751549799976;0,14572584165764013;0,9265017824484412;-0,780775940790801;spy
2006-01-30;25541,094763118035;10439,624277686054;0,3548630766500471;-0,07778967632587896;0,4326527529759261;strategy
2006-01-31;25477,350787056374;10363,220726441454;-0,2495741731231904;-0,7318611207867698;0,4822869476635794;strategy
2006-02-01;25329,949639329585;10435,560021510668;-0,5785575939931564;0,6980387369791563;-1,2765963309723127;spy
2006-02-02;25127,77266499987;10314,452752928944;-0,7981736134832107;-1,160524862413581;0,3623512489303704;strategy
2006-02-03;25020,897132213307;10263,245853640145;-0,42532831783943514;-0,49645774250368646;0,07112942466425132;strategy
2006-02-06;25153,406630925827;10290,068456113475;0,5295953139182963;0,26134619452593544;0,26824911939236085;strategy
2006-02-07;24819,380439186796;10199,035070921705;-1,327956076249126;-0,8846722991204703;-0,44328377712865574;spy
2006-02-08;24880,543101651296;10291,694406631002;0,24643106065584952;0,9085108058259017;-0,6620797451700522;spy
2006-02-09;24984,956119772804;10274,625646907545;0,419657310915289;-0,1658498498795291;0,5855071607948181;strategy
2006-02-10;24963,85781901093;10293,3197370301;-0,08444401767501164;0,18194424561037703;-0,26638826328538867;spy
2006-02-13;24877,87453683638;10274,625646907545;-0,3444310682985341;-0,18161380973432673;-0,16281725856420737;spy
2006-02-14;25105,02559650188;10383,540767081533;0,9130645760318412;1,060039790420686;-0,14697521438884475;spy
2006-02-15;25288,99562076703;10420,11659218631;0,7328015801377319;0,3522481003852995;0,38055347975243237;strategy
2006-02-16;25549,87530331206;10498,146093948437;1,031593687852106;0,7488352080497584;0,2827584798023475;strategy
2006-02-17;25391,869552531716;10469,69754095758;-0,6184208294741089;-0,27098644595215937;-0,34743438352194955;spy
2006-02-21;25332,766325311393;10443,688533861443;-0,23276437797559169;-0,24842176189321385;0,01565738391762217;strategy
2006-02-22;25443,760329568944;10507,086961439547;0,4381440338264708;0,6070501563939512;-0,1689061225674804;spy
2006-02-23;25344,88491471874;10491,64353211519;-0,388603781711061;-0,14698107459312215;-0,24162270711793887;spy
2006-02-24;25554,786057309087;10518,46613458852;0,8281795056344965;0,2556568224151512;0,5725226832193453;strategy
2006-02-27;25689,98608203028;10522,530390763906;0,5290595054014302;0,038639247618266204;0,490420257783164;strategy
2006-02-28;25417,037276991134;10422,554897844171;-1,0624715956154884;-0,9501088541163827;-0,11236274149910574;spy
2006-03-01;25704,61463846359;10515,214233553466;1,1314354160891327;0,88902708229881;0,24240833379032267;strategy
2006-03-02;25738,700312309942;10514,401878413131;0,1326052707880221;-0,007725521537571556;0,14033079232559365;strategy
2006-03-03;25713,85128886618;10465,633284782194;-0,09654342737686061;-0,46382660844515033;0,3672831810682897;strategy
2006-03-06;25684,84902556464;10417,67828652845;-0,1127884849909555;-0,4582140129396173;0,34542552794866177;strategy
2006-03-07;25279,8274597262;10401,422502063755;-1,5768890268162195;-0,1560403769207963;-1,4208486498954231;spy
2006-03-08;25192,948646284654;10423,368493221362;-0,343668538007047;0,21099028669637754;-0,5546588247034245;spy
2006-03-09;25090,09484902409;10353,466883691577;-0,4082642278387283;-0,6706239885430842;0,26235976070435596;strategy
2006-03-10;25339,736862827398;10451,815805975362;0,9949823438511807;0,9499129459592082;0,04506939789197251;strategy
2006-03-13;25251,272029370855;10471,323491475108;-0,3491150438358237;0,18664398475711774;-0,5357590285929414;spy
2006-03-14;25588,307753215042;10581,050966789433;1,334727705804939;1,0478854502361301;0,2868422555688088;strategy
2006-03-15;25801,688174382274;10628,193609902844;0,8338981351372121;0,44553838046312855;0,38835975467408357;strategy
2006-03-16;25644,17925714971;10650,139601060453;-0,6104597349135821;0,2064884397397604;-0,8169481746533425;spy
2006-03-17;25799,706305449043;10616,814436753873;0,6064808966579571;-0,3129082392803739;0,919389135938331;strategy
2006-03-20;25834,917391696024;10599,746297148844;0,136478632082504;-0,16076516837236765;0,29724380045487164;strategy
2006-03-21;25734,290690802874;10533,095968535687;-0,3894988296943236;-0,6287917346765703;0,23929290498224676;strategy
2006-03-22;25757,82626280486;10597,307991490983;0,09145607425036228;0,6096215504644675;-0,5181654762141052;spy
2006-03-23;25821,97840618001;10575,362000333374;0,2490588402942473;-0,207090245704189;0,4561490859984363;strategy
2006-03-24;25973,799936830488;10583,490512684151;0,587954680552838;0,07686273387634834;0,5110919466764896;strategy
2006-03-27;26103,593119623605;10568,047083359792;0,4997081024292971;-0,14591999970000602;0,6456281021293031;strategy
2006-03-28;25990,378264868574;10503,02270526416;-0,43371368162309354;-0,6152922823178697;0,18157860069477616;strategy
2006-03-29;26387,671271986677;10568,859438500127;1,5286157172061277;0,6268360555192309;0,9017796616868967;strategy
2006-03-30;26320,75601821144;10550,165348377572;-0,25358529400157925;-0,17687897385082474;-0,07670632015075451;spy
2006-03-31;26412,29146322961;10552,603654035433;0,3477690570697689;0,023111539746967225;0,3246575173228017;strategy
2006-04-03;26493,167209787898;10544,47514168466;0,3062049601825878;-0,07702850042761167;0,3832334606101995;strategy
2006-04-04;26430,880591702;10611,937825438152;-0,2351044614359532;0,6397917662757546;-0,8748962277117078;spy
2006-04-05;26522,20342876923;10648,513650542925;0,34551568098681873;0,344666786655079;0,0008488943317397357;strategy
2006-04-06;26602,18607690619;10637,134477393955;0,30156863984460713;-0,10686161019656248;0,4084302500411696;strategy
2006-04-07;26424,40375697665;10529,0317123603;-0,6682996631012794;-1,0162771304940699;0,34797746739279045;strategy
2006-04-10;26250,347572628074;10545,288737061848;-0,6586948411376081;0,1544018970183636;-0,8130967381559717;spy
2006-04-11;26103,303962627873;10455,880062150749;-0,5601587163498234;-0,8478542137672185;0,2876954974173951;strategy
2006-04-12;26251,162240258665;10475,387747650495;0,5664351066151596;0,1865714352478287;0,3798636713673309;strategy
2006-04-13;26257,62505063597;10461,570268843663;0,024619139976178595;-0,13190422292416182;0,1565233629003404;strategy
2006-04-17;26215,047054645533;10457,506012668277;-0,16215478706976816;-0,03884938944099803;-0,12330539762877013;spy
2006-04-18;26491,306441251167;10623,316998587123;1,053819915065457;1,5855691186596577;-0,5317492035942006;spy
2006-04-19;26637,387362518246;10643,637039227202;0,5514296608626568;0,19127773973779405;0,3601519211248627;strategy
2006-04-20;26485,160897979746;10658,268113411226;-0,5714767085329808;0,13746310711368892;-0,7089398156466697;spy
2006-04-21;26327,52282235583;10659,892823691896;-0,5951939511756543;0,015243661196939762;-0,6104376123725941;spy
2006-04-24;26344,04045023886;10640,386378429008;0,06273901268449844;-0,18298913118089954;0,24572814386539799;strategy
2006-04-25;26281,643378712015;10596,49439611379;-0,2368545995998783;-0,412503651222651;0,17564905162277267;strategy
2006-04-26;26286,339765405944;10598,932701771653;0,017869455978281046;0,023010493534125764;-0,0051410375558447186;spy
2006-04-27;26251,79877409277;10650,139601060453;-0,13140281842750623;0,48313260145751435;-0,6145354198850206;spy
2006-04-28;26557,320302664335;10685,903071024892;1,1638117875300669;0,33580282798244543;0,8280089595476214;strategy
2006-05-01;26574,29636850416;10598,932701771653;0,0639223598102312;-0,8138794510410774;0,8778018108513086;strategy
2006-05-02;26748,39599179472;10678,588154051307;0,6551429278740972;0,7515422026062923;-0,09639927473219512;spy
2006-05-03;26921,632278145444;10638,76042791148;0,6476511204778879;-0,3729680887142095;1,0206192091920974;strategy
2006-05-04;26942,757389845654;10676,962203533782;0,07846891110447896;0,3590810779240394;-0,28061216681956047;spy
2006-05-05;27113,990699643262;10771,247489760604;0,6355448602381797;0,8830722112664002;-0,24752735102822054;spy
2006-05-08;27165,852565690755;10758,242366094106;0,19127345222618164;-0,12073925215125847;0,3120127043774401;strategy
2006-05-09;27176,044557708716;10779,374761874522;0,037517659323649255;0,19642981689107497;-0,15891215756742572;spy
2006-05-10;27108,328851042897;10773,685795418467;-0,24917425537047677;-0,05277640477049372;-0,19639785059998305;spy
2006-05-11;26747,893986799318;10643,637039227202;-1,3296093102017736;-1,2070962404209795;-0,12251306978079413;spy
2006-05-12;26319,63653632127;10504,648655781688;-1,6010884845341522;-1,3058354294990693;-0,2952530550350829;spy
2006-05-15;26162,948551378235;10525,781051562104;-0,5953273128479819;0,20117184755898965;-0,7964991604069716;spy
2006-05-16;26235,190968095885;10510,337622237745;0,27612490456028205;-0,1467200319739459;0,42284493653422794;strategy
2006-05-17;25653,90246972209;10310,388496753556;-2,2156823599290387;-1,902404400988389;-0,3132779589406498;spy
2006-05-18;25335,881103081385;10258,369242324421;-1,2396607768196177;-0,5045324377981886;-0,7351283390214292;spy
2006-05-19;25456,49634807361;10330,708537393639;0,47606493139706885;0,7051734380037367;-0,22910850660666782;spy
2006-05-22;25025,74072207108;10251,866680491174;-1,692124556783825;-0,7631795691175003;-0,9289449876663247;spy
2006-05-23;25082,870569171173;10173,837798847473;0,2282843402501511;-0,7611187706155542;0,9894031108657053;strategy
2006-05-24;24943,80514722487;10255,117961407797;-0,5544238709154214;0,7989134893573002;-1,3533373602727217;spy
2006-05-25;25360,045416462643;10381,915436682437;1,668711997953043;1,236431172725716;0,4322808252273269;strategy
2006-05-26;25660,555495409135;10434,747666370333;1,184974529861904;0,508887112499723;0,6760874173621811;strategy
2006-05-30;25214,365366940925;10249,428374833311;-1,7388171060756519;-1,7759824910215993;0,037165384945947455;strategy
2006-05-31;25451,781033774165;10364,033701700217;0,9415889052853954;1,1181631079866916;-0,1765742027012962;spy
2006-06-01;25761,22822031846;10463,194979124333;1,2158174162101298;0,9567826608654295;0,25903475534470033;strategy
2006-06-02;25911,6858577295;10485,14097028194;0,5840468324114001;0,20974464493295208;0,374302187478448;strategy
2006-06-05;25401,376617808193;10332,334487911163;-1,9694173614299149;-1,457362211951918;-0,5120551494779968;spy
2006-06-06;25222,284986863568;10307,137215836932;-0,7050469493809608;-0,24386814135480828;-0,4611788080261525;spy
2006-06-07;24934,411492320578;10229,921309451995;-1,1413458165781654;-0,7491498829208854;-0,39219593365728;spy
2006-06-08;24782,445085800107;10220,980441960883;-0,6094645809758714;-0,0873991814858921;-0,5220653994899793;spy
2006-06-09;24721,36166610339;10188,468252913068;-0,24647858387354393;-0,3180926647148308;0,07161408084128684;strategy
2006-06-12;24137,224185309722;10077,92718222155;-2,362885542808124;-1,0849626062279905;-1,2779229365801337;spy
2006-06-13;23578,315459738966;9960,884169815214;-2,315546813833369;-1,1613798183897628;-1,1541669954436062;spy
2006-06-14;23860,174181864488;10038,100076200151;1,1954150100621508;0,7751912889312429;0,4202237211309079;strategy
2006-06-15;24564,75467220005;10251,054325350839;2,9529561895281553;2,1214597138316194;0,831496475696536;strategy
2006-06-16;24405,311396035893;10131,572387168213;-0,6490733503827784;-1,1655575552569908;0,5164842048742124;strategy
2006-06-19;24116,9375177729;10051,917555006987;-1,1816029452909604;-0,7862040472820464;-0,39539889800891403;spy
2006-06-20;24145,73296190049;10086,0550744539;0,11939925666915041;0,3396120119380397;-0,22021275526888928;spy
2006-06-21;24472,82718590975;10160,833295299406;1,3546667832589065;0,7414020674436417;0,6132647158152649;strategy
2006-06-22;24417,825979406414;10116,128957843854;-0,22474398272629426;-0,4399672365083873;0,21522325378209306;strategy
2006-06-23;24571,480146906877;10114,503627444754;0,629270466707621;-0,016066722813368184;0,6453371895209892;strategy
2006-06-26;24706,598868470286;10159,207344781875;0,5499006195620604;0,4419763834561552;0,10792423610590518;strategy
2006-06-27;24467,8487779262;10071,425240506731;-0,9663413884489436;-0,8640645012549353;-0,10227688719400829;spy
2006-06-28;24654,88506231524;10139,700279400558;0,7644165455108487;0,6779084118028189;0,08650813370802979;strategy
2006-06-29;25375,87029515417;10344,52601620047;2,924309851847373;2,0200373892315993;0,9042724626157739;strategy
2006-06-30;25725,27789929539;10345,338991459232;1,3769285548718369;0,007858989938136496;1,3690695649337004;strategy
2006-07-03;25772,8177774661;10387,605023256921;0,18479830755109283;0,4085514436267701;-0,22375313607567726;spy
2006-07-05;25499,63719214651;10328,270231735776;-1,0599562208461366;-0,5712076208933659;-0,48874859995277076;spy
2006-07-06;25523,213763748994;10358,344115125728;0,09245845901582062;0,2911802529870222;-0,1987217939712016;spy
2006-07-07;25287,337078548437;10290,881431372238;-0,9241653005922612;-0,6512883044209605;-0,2728769961713007;spy
2006-07-10;25177,492205984956;10310,388496753556;-0,43438687206278637;0,18955679852505902;-0,6239436705878454;spy
2006-07-11;25277,28968623795;10355,90580946787;0,396375776572655;0,44147039394921705;-0,04509461737656206;spy
2006-07-12;25102,336486683285;10245,364738776352;-0,6921359122213033;-1,0674205880711551;0,3752846758498518;strategy
2006-07-13;24662,106249922068;10078,740157480315;-1,7537420749449306;-1,626341136156928;-0,12740093878800263;spy
2006-07-14;24547,039068189923;10039,725406599251;-0,46657483576654224;-0,3870994813980566;-0,07947535436848563;spy
2006-07-17;24352,803515124033;10025,094952533655;-0,7912789502893536;-0,14572563962734764;-0,6455533106620059;spy
2006-07-18;24385,40275553336;10076,301851822453;0,13386237189931816;0,5107871748970982;-0,3769248029977801;spy
2006-07-19;24779,522939543935;10216,103830645161;1,616213551860013;1,387433414347572;0,22878013751244097;strategy
2006-07-20;24276,42555159324;10146,202841233806;-2,030294889768991;-0,6842235608615632;-1,3460713289074278;spy
2006-07-21;23919,99174750231;10074,675901304929;-1,4682301697728106;-0,7049626451207325;-0,7632675246520781;spy
2006-07-24;24247,91402266785;10258,369242324421;1,3709129945656429;1,8233176215197044;-0,4524046269540616;spy
2006-07-25;24221,08430654194;10294,945687547624;-0,11064752250783405;0,35655223904687006;-0,4671997615547041;spy
2006-07-26;24078,023117815523;10308,763166354458;-0,5906473340162477;0,13421614087334444;-0,7248634748895921;spy
2006-07-27;24131,674792536905;10299,009323604585;0,22282425122219784;-0,09461700295635422;0,31744125417855207;strategy
2006-07-28;24389,27872918531;10402,235477322516;1,0674929894549656;1,0022920697949411;0,0652009196600245;strategy
2006-07-31;24564,837139159456;10391,668659313882;0,719817965604963;-0,10158218424943799;0,821400149854401;strategy
2006-08-01;24378,830580050133;10340,462380143512;-0,7572065634125602;-0,49276281653259923;-0,264443746879961;spy
2006-08-02;24448,16837661381;10410,363369554865;0,2844180582657563;0,6759948137868843;-0,39157675552112803;spy
2006-08-03;24503,988419446996;10437,998327168529;0,2283199378100731;0,2654562250389958;-0,037136287228922704;spy
2006-08-04;24377,439755402942;10420,11659218631;-0,5164410865605151;-0,17131383261170807;-0,34512725394880706;spy
2006-08-07;24332,78650050085;10395,732915489269;-0,18317450622432618;-0,23400579524538445;0,05083128902105827;strategy
2006-08-08;24213,1359679336;10355,90580946787;-0,49172556774288445;-0,3831101312929852;-0,10861543644989924;spy
2006-08-09;24151,457282309988;10320,955314762192;-0,2547323308525362;-0,33749336222934634;0,08276103137681012;strategy
2006-08-10;24179,051637158267;10352,654528551246;0,1142554444053756;0,30713449309982543;-0,19287904869444983;spy
2006-08-11;24061,054703065776;10323,393620420055;-0,4880130778626257;-0,2826415973844587;-0,205371480478167;spy
2006-08-14;24007,045145508957;10331,5215126524;-0,22446878669012404;0,07873275524696854;-0,3032015419370926;spy
2006-08-15;24337,54647804355;10455,067707010414;1,3766847628743806;1,1958180042185962;0,1808667586557844;strategy
2006-08-16;24492,84887408436;10542,036836026798;0,6381185391096;0,8318370712995904;-0,19371853218999036;spy
2006-08-17;24442,084331040387;10568,859438500127;-0,2072627129042881;0,2544347253811807;-0,46169743828546883;spy
2006-08-18;24526,626658673595;10622,504643446786;0,3458883722360806;0,5075779960819649;-0,16168962384588426;spy
2006-08-21;24502,9593346787;10576,987950850902;-0,09649644985534334;-0,42849303552870976;0,33199658567336643;strategy
2006-08-22;24517,679762721484;10576,174355473711;0,06007612322136424;-0,007692127295322315;0,06776825051668656;strategy
2006-08-23;24358,207901678525;10546,91344734252;-0,6504361855865004;-0,27666817081213324;-0,37376801477436716;spy
2006-08-24;24331,072560825443;10537,972579851408;-0,11140122033037603;-0,08477236051809278;-0,026628859812283245;spy
2006-08-25;24314,519336687837;10550,977703517907;-0,06803326937694365;0,12341200897945104;-0,1914452783563947;spy
2006-08-28;24491,979405911614;10601,371007429514;0,7298522613852665;0,4776173860627564;0,2522348753225101;strategy
2006-08-29;24533,26587733319;10613,563775955678;0,16857139530179754;0,11501124258002093;0,05356015272177661;strategy
2006-08-30;24591,581130189545;10620,066337788925;0,2376986951021287;0,06126652621598616;0,17643216888614255;strategy
2006-08-31;24600,030942298723;10618,4403872714;0,03436058895296412;-0,01531017289166936;0,04967076184463348;strategy
2006-09-01;24620,869249639465;10681,838814849505;0,08470845987804676;0,5970596930044758;-0,512351233126429;spy
2006-09-05;24711,303274425278;10702,158855489586;0,36730638495687806;0,1902298002459446;0,17707658471093346;strategy
2006-09-06;24465,80342056258;10607,873569262765;-0,9934718988163338;-0,8809931482044675;-0,1124787506118663;spy
2006-09-07;24386,068296591977;10559,106215868682;-0,3259043759976876;-0,4597278905679181;0,13382351457023045;strategy
2006-09-08;24477,47972545121;10589,179479140208;0,3748510327595822;0,2848087959029133;0,0900422368566689;strategy
2006-09-11;24541,886771183366;10599,746297148844;0,26312776664334514;0,09978882716503712;0,16333893947830802;strategy
2006-09-12;24713,84881257323;10703,784806007112;0,7006879421828982;0,9815188584867629;-0,2808309163038647;spy
2006-09-13;24763,44396190426;10746,863192945135;0,20067756223303146;0,40245938907372825;-0,2017818268406968;spy
2006-09-14;24815,795787670526;10747,675548085472;0,21140769372307577;0,0075589976884726795;0,2038486960346031;strategy
2006-09-15;24785,46889938732;10725,730797164719;-0,12220800228487372;-0,2041813676135984;0,08197336532872468;strategy
2006-09-18;24758,489269208178;10740,360631111887;-0,10885261153888992;0,13639941393117638;-0,2452520254700663;spy
2006-09-19;24661,571020284908;10713,538028638557;-0,39145461530161185;-0,24973651625470605;-0,1417180990469058;spy
2006-09-20;24772,055043465967;10770,433894383414;0,4480007501962646;0,5310651401317479;-0,08306438993548326;spy
2006-09-21;24749,166701063055;10718,414639954279;-0,09239581602232816;-0,4829819758353615;0,39058615981303335;strategy
2006-09-22;24617,485652519455;10685,903071024892;-0,5320625544048885;-0,30332441896954165;-0,22873813543534682;spy
2006-09-25;24853,109237747398;10767,995588725551;0,9571391187297218;0,7682319140930094;0,1889072046367124;strategy
2006-09-26;24892,219359253904;10857,404263636652;0,15736510523642888;0,8303186435618004;-0,6729535383253715;spy
2006-09-27;24849,62661542857;10870,40938730315;-0,17110866335628971;0,11978114980994992;-0,29088981316623963;spy
2006-09-28;24866,400569671358;10866,345131127762;0,0675018361538493;-0,037388253106052094;0,1048900892599014;strategy
2006-09-29;24844,078725296225;10857,404263636652;-0,08976709078819534;-0,08228035630396535;-0,007486734484229984;spy
2006-10-02;24712,60954065962;10816,764182356488;-0,529177137499337;-0,37430752593670125;-0,1548696115626358;spy
2006-10-03;24724,97753710464;10839,522528654432;0,05004731056292844;0,2103988393781009;-0,16035152881517245;spy
2006-10-04;25028,236474784786;10966,319383810644;1,2265286681253595;1,169764210748414;0,056764457376945465;strategy
2006-10-05;25234,355860793527;10987,45177959106;0,8235473810406013;0,19270272040055048;0,6308446606400508;strategy
2006-10-06;25246,21644797941;10973,634300784228;0,047001743382368844;-0,12575690054447142;0,17275864392684026;strategy
2006-10-09;25371,35834200446;10980,136862617475;0,4956857368426215;0,05925622865692315;0,43642950818569837;strategy
2006-10-10;25430,31542859817;10994,7679368015;0,23237654759737936;0,13325038082026008;0,09912616677711927;strategy
2006-10-11;25377,171491619774;10981,762813135001;-0,20897867793897573;-0,11828465813241706;-0,09069401980655867;spy
2006-10-12;25628,523856853026;11076,860454502159;0,9904664328577839;0,8659597096143168;0,12450672324346712;strategy
2006-10-13;25720,982906273337;11105,309007493017;0,3607661913606064;0,25682866645933;0,10393752490127639;strategy
2006-10-16;25784,881388606216;11122,377147098045;0,24842939543066045;0,1536935135574513;0,09473588187320914;strategy
2006-10-17;25644,46620960644;11087,427272510795;-0,5445639903615129;-0,3142302596380486;-0,2303337307234643;spy
2006-10-18;25521,481571454024;11102,057106457964;-0,47957573827894784;0,1319497624434618;-0,6115255007224096;spy
2006-10-19;25567,267874587218;11119,938841440182;0,17940299823504535;0,16106686185046737;0,018336136384577983;strategy
2006-10-20;25536,24419282919;11122,377147098045;-0,12134140382229486;0,021927329750925928;-0,14326873357322079;spy
2006-10-23;25631,9926596138;11173,584046386843;0,3749512499238161;0,4603952789189458;-0,0854440289951297;spy
2006-10-24;25722,070909648068;11206,90921069342;0,35142897873952084;0,29824955151569466;0,05317942722382618;strategy
2006-10-25;25683,696751742544;11245,110986315723;-0,1491876685991489;0,34087699743166056;-0,49006466603080945;spy
2006-10-26;25889,35409158156;11280,060860902971;0,8007310700904657;0,3108006193071722;0,48993045078329356;strategy
2006-10-27;25720,80207091388;11209,347516351283;-0,6510476084935934;-0,6268879700532692;-0,024159638440324205;spy
2006-10-30;25676,769432010704;11201,219004000508;-0,17119465707863268;-0,07251548173449196;-0,09867917534414072;spy
2006-10-31;25744,92259662194;11199,59305348298;0,2654273341967661;-0,014515835436723634;0,27994316963348975;strategy
2006-11-01;25274,854431142496;11124,00309761557;-1,8258674646049244;-0,6749348436718594;-1,150932620933065;spy
2006-11-02;25352,362711697486;11117,500535782321;0,30666162990631296;-0,05845523213350301;0,36511686203981597;strategy
2006-11-03;25403,008550632723;11097,992850282577;0,19976772780971874;-0,17546826678314087;0,3752359945928596;strategy
2006-11-06;25752,944619723414;11223,164995158115;1,377537894352976;1,1278809291389136;0,24965696521406233;strategy
2006-11-07;25894,65933584277;11266,24338209614;0,5502854846774374;0,38383456856072584;0,1664509161167116;strategy
2006-11-08;26006,890115398022;11290,62767891161;0,4334128443231;0,2164368014117235;0,2169760429113765;strategy
2006-11-09;25949,319495842028;11231,292267272034;-0,22136679664712666;-0,5255280160411324;0,30416121939400576;strategy
2006-11-10;26120,719678100584;11236,170118824613;0,6605189869661965;0,04343090213041467;0,6170880848357818;strategy
2006-11-13;26250,9253354499;11263,805076438279;0,49847653109833523;0,24594641520572225;0,252530115892613;strategy
2006-11-14;26437,139277180228;11348,335899796799;0,7093614390760505;0,7504641884769736;-0,041102749400923067;spy
2006-11-15;26427,857340945448;11380,848708963043;-0,035109457711979264;0,2864984739024745;-0,3216079316144538;spy
2006-11-16;26482,865407496778;11410,109617094235;0,20814425415451865;0,2571065557540164;-0,04896230159949777;spy
2006-11-17;26444,45856565042;11413,36027789243;-0,1450252503095273;0,02848930384793391;-0,1735145541574612;spy
2006-11-20;26558,186452722155;11419,862839725678;0,4300632088548806;0,056973246046054804;0,3730899628088258;strategy
2006-11-21;26599,131689477115;11431,242012874653;0,15417180999104385;0,09964369369999115;0,0545281162910527;strategy
2006-11-22;26615,422630315978;11454,000359172594;0,06124613776512522;0,19908900775882366;-0,13784286999369844;spy
2006-11-24;26628,810502949214;11407,671311436374;0,05030118371289749;-0,4044791887850785;0,454780372497976;strategy
2006-11-27;26217,254237812806;11250,79995277178;-1,5455300381923887;-1,3751391881998476;-0,17039084999254106;spy
2006-11-28;26194,19621608695;11299,56854640272;-0,08794979640772693;0,43346778749651094;-0,5214175839042379;spy
2006-11-29;26360,12644807209;11417,424534067817;0,6334618196195407;1,0430131662205744;-0,40955134660103365;spy
2006-11-30;26415,518298231284;11422,30114538354;0,2101349941105779;0,042712008309520044;0,16742298580105786;strategy
2006-12-01;26252,215725730868;11397,104493427736;-0,618206959472567;-0,22059173221841144;-0,39761522725415555;spy
2006-12-04;26621,746075805953;11484,073622444119;1,4076158520703208;0,7630809129330673;0,6445349391372535;strategy
2006-12-05;26738,261130648483;11533,654571215393;0,43766871831303344;0,4317365980166965;0,00593212029633694;strategy
2006-12-06;26712,826341733125;11523,901348583948;-0,09512506737472393;-0,08456315880819298;-0,010561908566530942;spy
2006-12-07;26642,522955552755;11473,50804467234;-0,2631821331108508;-0,4372937808756916;0,17411164776484078;strategy
2006-12-08;26732,217618337596;11494,640440452757;0,33665979357313525;0,18418425906128189;0,15247553451185336;strategy
2006-12-11;26747,10592864199;11527,965604759334;0,05569425820544094;0,2899191538805912;-0,23422489567515026;spy
2006-12-12;26627,23779166388;11519,024737268224;-0,44815367052385424;-0,07755806876643678;-0,37059560175741746;spy
2006-12-13;26662,13505748027;11531,216265557532;0,13105852769796922;0,1058381986963175;0,02522032900165172;strategy
2006-12-14;26849,479328151352;11632,816468757937;0,702660421857404;0,8810883506180867;-0,1784279287606827;spy
2006-12-15;26766,103890215294;11569,418041179833;-0,31052906805771885;-0,544996370813311;0,23446730275559213;strategy
2006-12-18;26612,92363580229;11537,71882739078;-0,5722919370009683;-0,27399142874969806;-0,2983005082512702;spy
2006-12-19;26644,09162624899;11559,664818548388;0,11711599549615315;0,19021083357924073;-0,07309483808308759;spy
2006-12-20;26728,12236740694;11553,162256715139;0,31538227062379853;-0,05625216591761406;0,3716344365414126;strategy
2006-12-21;26662,60713313645;11510,896224917451;-0,24511723408742192;-0,3658395066088671;0,12072227252144518;strategy
2006-12-22;26569,125389462242;11440,18288036576;-0,35060991300445155;-0,6143165846514864;0,2637066716470349;strategy
2006-12-26;26682,948100661477;11507,645564119253;0,42840217557322813;0,5896993471081302;-0,16129717153490208;spy
2006-12-27;26844,860443078676;11583,235519986665;0,6068007995457814;0,6568672579132961;-0,05006645836751478;spy
2006-12-28;26783,19573461813;11558,852463408051;-0,22970768870749225;-0,21050298542700796;-0,019204703280484292;spy
2006-12-29;26687,191443384603;11510,896224917451;-0,3584497241658102;-0,414887538727704;0,056437814561893784;strategy
2007-01-03;26702,53552630195;11490,576184277368;0,057496057424755165;-0,17652874496510984;0,234024802389865;strategy
2007-01-04;26771,909716991235;11514,960481092838;0,2598037576654555;0,21221126272878976;0,04759249493666573;strategy
2007-01-05;26605,178234756582;11423,113500523876;-0,6227851654857286;-0,7976317480183459;0,1748465825326173;strategy
2007-01-08;26660,56081194598;11475,946350330201;0,20816465389075223;0,46250831530214587;-0,25434366141139364;spy
2007-01-09;26641,052383518727;11466,193127698756;-0,07317336107389716;-0,0849883951502095;0,011815034076312347;strategy
2007-01-10;26887,739027049378;11504,3936630842;0,925964334964724;0,3331579623681913;0,5928063725965327;strategy
2007-01-11;27181,275857374934;11554,788207232665;1,0917125833088903;0,4380460685222687;0,6536665147866216;strategy
2007-01-12;27333,724541222997;11642,57093162624;0,5608591908929927;0,7597086404286246;-0,19884944953563188;spy
2007-01-16;27507,997331095416;11619,812585328295;0,6375742523108796;-0,19547526428311812;0,8330495165939977;strategy
2007-01-17;27409,762801303244;11624,689196644018;-0,3571126193222529;0,041968072031384196;-0,3990806913536371;spy
2007-01-18;27174,36111708323;11585,673825644526;-0,8588242296238446;-0,33562506781475987;-0,5231991618090848;spy
2007-01-19;27284,442223751706;11608,433412179324;0,4050917929373954;0,1964459458924095;0,2086458470449859;strategy
2007-01-22;27130,875146962982;11572,669942214883;-0,5628375157145094;-0,3080817944557279;-0,25475572125878143;spy
2007-01-23;27276,63610190527;11606,8074616618;0,5372512097480353;0,29498395458760207;0,24226725516043324;strategy
2007-01-24;27583,685820710085;11700,27915251143;1,1256876311935171;0,8053178374705983;0,32036979372291885;strategy
2007-01-25;27256,814407791873;11562,915479346582;-1,185017169361735;-1,1740204774119634;-0,010996691949771709;spy
2007-01-26;27256,286584725225;11552,349901574804;-0,0019364811263411497;-0,09137468651959635;0,0894382053932552;strategy
2007-01-29;27423,170056962015;11545,847339741555;0,6122751597802623;-0,05628778463819817;0,6685629444184604;strategy
2007-01-30;27581,64611382188;11605,993866284607;0,5778910918419866;0,5209364438417907;0,056954648000195895;strategy
2007-01-31;27667,593128503166;11684,023368046737;0,3116094461026897;0,6723207220435068;-0,3607112759408171;spy
2007-02-01;28004,870560193725;11753,92435745809;1,219034233025118;0,5982612941576093;0,6207729388675087;strategy
2007-02-02;27933,927371443722;11770,180141922783;-0,25332446581932677;0,1383009110006661;-0,3916253768199929;spy
2007-02-05;27958,42431684772;11773,432042957837;0,08769603027263262;0,027628303015259092;0,06006772725737353;strategy
2007-02-06;27897,65559807803;11776,682703756032;-0,21735387545810392;0,027610137692524184;-0,2449640131506281;spy
2007-02-07;28048,28558887985;11802,692951089026;0,5399378104452568;0,22086225796589254;0,31907555247936426;strategy
2007-02-08;28134,97907939191;11787,249521764668;0,30908659367911984;-0,13084665837157505;0,4399332520506949;strategy
2007-02-09;27849,44333826245;11699,466797371095;-1,0148781000466678;-0,7447261062174526;-0,2701519938292152;spy
2007-02-12;27796,63737517073;11659,639071231268;-0,18961227501150812;-0,34042342979918594;0,15081115478767781;strategy
2007-02-13;28016,5076426457;11757,988613633477;0,790995919784776;0,843504175398313;-0,052508255613537;spy
2007-02-14;28117,784609592774;11835,204520018415;0,36149033362355976;0,6567101646569373;-0,29521983103337757;spy
2007-02-15;28231,70887639228;11850,647949342774;0,40516800445451473;0,13048721970319033;0,2746807847513244;strategy
2007-02-16;28234,917450229434;11844,95774264986;0,01136514212158879;-0,048015996401529204;0,05938113852311799;strategy
2007-02-20;28461,651335351813;11870,154394605663;0,8030265557604332;0,2127204883566325;0,5903060674038008;strategy
2007-02-21;28543,727285142297;11865,277783289943;0,2883738150798676;-0,04108296449737425;0,32945677957724184;strategy
2007-02-22;28591,217608365623;11856,33691579883;0,16637744170169277;-0,07535320836485893;0,2417306500665517;strategy
2007-02-23;28620,389544472062;11810,00786806261;0,10203110796478398;-0,39075346850582227;0,49278457647060625;strategy
2007-02-26;28492,900477087453;11799,441050053976;-0,4454484002969661;-0,08947342056569996;-0,35597497973126613;spy
2007-02-27;27671,187223905723;11338,582677165354;-2,8839227997953687;-3,905764442007309;1,0218416422119403;strategy
2007-02-28;27775,252570630633;11454,81271431293;0,37607835862931704;1,0250843553987643;-0,6490059967694473;spy
2007-03-01;27697,493890265585;11420,675194866015;-0,27995669946587753;-0,2980190099857283;0,018062310519850744;strategy
2007-03-02;27327,757060204316;11271,119993411863;-1,3349107739715538;-1,3095127818833485;-0,025397992088205257;spy
2007-03-05;27022,162493230404;11163,8308237554;-1,1182570391732982;-0,9518944853676992;-0,16636255380559906;spy
2007-03-06;27464,80750209939;11354,838461630048;1,6380813673956496;1,7109506663985474;-0,07286929900289785;spy
2007-03-07;27478,749839729448;11343,459288481077;0,05076437411402068;-0,10021431117160917;0,15097868528562985;strategy
2007-03-08;27837,128533424886;11439,370525225426;1,3042030506689395;0,8455201742711971;0,4586828763977424;strategy
2007-03-09;27955,356064957025;11442,621186023624;0,4247116630229364;0,028416430703326334;0,39629523231961006;strategy
2007-03-12;28119,74963970688;11459,690565865505;0,5880575241748565;0,14917368638167616;0,4388838377931803;strategy
2007-03-13;27748,01435699663;11236,982473964947;-1,3219722347219354;-1,9434040615715187;0,6214318268495833;strategy
2007-03-14;27899,16436773553;11320,700942183135;0,5447237009259753;0,7450262418060793;-0,20030254088010402;spy
2007-03-15;27974,48565090564;11336,144371507493;0,26997684295237967;0,13641760703007044;0,13355923592230923;strategy
2007-03-16;27822,29585130138;11259,74082026289;-0,544030733946077;-0,6739818119874785;0,1299510780414015;strategy
2007-03-19;28048,396815292814;11395,478542910212;0,8126610585979188;1,20551373973945;-0,39285268114153116;spy
2007-03-20;28108,012623533992;11458,064615347981;0,21254622370672216;0,5492184659213528;-0,33667224221463066;spy
2007-03-21;28422,969059021256;11646,633947564771;1,1205218942571538;1,6457345856140781;-0,5252126913569244;spy
2007-03-22;28412,84839319963;11637,69308007366;-0,035607349114752385;-0,07676782434619112;0,04116047523143873;strategy
2007-03-23;28329,511928427193;11654,762459915544;-0,29330556239614003;0,14667322573671537;-0,4399787881328554;spy
2007-03-26;28380,088649866888;11639,319030591187;0,17853015458746402;-0,13250745673687447;0,3110376113243385;strategy
2007-03-27;28179,4671598103;11611,684072977521;-0,7069093142439087;-0,23742761531867496;-0,4694816989252337;spy
2007-03-28;28017,87161223708;11527,153249619;-0,5734513951480613;-0,7279807375679459;0,15452934241988459;strategy
2007-03-29;28097,557249139347;11539,344777908305;0,2844100294451479;0,1057635656028788;0,17864646384226912;strategy
2007-03-30;28085,13617755151;11541,783083566166;-0,04420694467387465;0,021130364893240383;-0,06533730956711503;spy
2007-04-02;28116,580205138802;11554,788207232665;0,11195967642281257;0,11267863528829913;-0,0007189588654865631;spy
2007-04-03;28238,359870396573;11679,146756731014;0,43312402991140253;1,076251223890945;-0,6431271939795424;spy
2007-04-04;28276,537412419748;11692,15188039751;0,1351974484297136;0,11135337141818802;0,023844077011525577;strategy
2007-04-05;28402,504430069337;11723,851094186564;0,4454824712528671;0,27111530976773324;0,17436716148513387;strategy
2007-04-09;28403,32241139807;11740,106878651257;0,0028799619792074793;0,1386556715374354;-0,13577570955822793;spy
2007-04-10;28336,194046751796;11753,92435745809;-0,23633983262231206;0,1176946594239281;-0,35403449204624016;spy
2007-04-11;28299,717930158287;11705,969359204342;-0,12872623801674088;-0,40799138054108397;0,2792651425243431;strategy
2007-04-12;28438,95053110121;11757,988613633477;0,49199289295582815;0,4443822876422754;0,04761060531355277;strategy
2007-04-13;28542,08926274926;11811,633818580136;0,3626671509388446;0,45624474312262464;-0,09357759218378003;spy
2007-04-16;28648,583929103334;11923,799599552325;0,37311447446513046;0,9496212183258468;-0,5765067438607163;spy
2007-04-17;28641,31351526996;11955,498813341377;-0,025377916937763256;0,26584826023277053;-0,2912261771705338;spy
2007-04-18;28559,957473836315;11970,1298875254;-0,2840513630433583;0,12237945411106566;-0,406430817154424;spy
2007-04-19;28372,435951444735;11966,877986490348;-0,6565889412243231;-0,027166798235334078;-0,629422142988989;spy
2007-04-20;28543,552792492817;12079,857362839726;0,6031094451703911;0,9441006791990558;-0,3409912340286647;spy
2007-04-23;28717,439408193604;12034,340670243842;0,6091975198915023;-0,3767982620051735;0,9859957818966758;strategy
2007-04-24;28379,558405143223;12039,217281559562;-1,1765707876934761;0,04052246358439149;-1,2170932512778676;spy
2007-04-25;28568,57488474215;12149,75835225108;0,66603037616213;0,9181748954795621;-0,2521445193174321;spy
2007-04-26;29071,76031970077;12163,575831057911;1,7613249417889554;0,11372636727604579;1,6475985745129096;strategy
2007-04-27;28898,579531652445;12153,822608426468;-0,595701072600574;-0,0801838436896185;-0,5155172289109555;spy
2007-04-30;28453,798699709507;12053,034760366396;-1,53910966958003;-0,8292687108185537;-0,7098409587614762;spy
2007-05-01;28458,635721209226;12083,921619015113;0,01699956322447349;0,25625794053363293;-0,23925837730915944;spy
2007-05-02;28577,311790010586;12154,634963566801;0,4170125018077231;0,5851853957775877;-0,16817289396986457;spy
2007-05-03;28809,293167163938;12220,472937039624;0,8117676668049745;0,5416696895478079;0,27009797725716655;strategy
2007-05-04;28752,108101910733;12266,801984775844;-0,19849520403500964;0,37911010461633143;-0,5776053086513411;spy
2007-05-07;28756,628129479526;12269,240290433705;0,01572068229840351;0,01987727250254423;-0,00415659020414072;spy
2007-05-08;28727,634094512418;12252,98450596901;-0,10082557258298541;-0,13249218435610333;0,031666611773117914;strategy
2007-05-09;28820,913675172502;12286,30967027559;0,324703316511199;0,2719758952632656;0,05272742124793339;strategy
2007-05-10;28528,42424236049;12157,886864601855;-1,0148513545008675;-1,0452512521675228;0,030399897666655296;strategy
2007-05-11;28739,971860134032;12261,925373460123;0,741532781398524;0,8557285490226052;-0,11419576762408123;spy
2007-05-14;28668,910490885697;12235,102770986792;-0,2472562241680798;-0,21874706994535753;-0,028509154222722266;spy
2007-05-15;28519,96280288905;12238,354672021846;-0,5195442918697557;0,026578452963743615;-0,5461227448334993;spy
2007-05-16;28665,771837543332;12322,07314024003;0,5112525414637359;0,6840663672672775;-0,17281382580354165;spy
2007-05-17;28568,838308478036;12297,688843424561;-0,33815077303567254;-0,1978911871236777;-0,14025958591199483;spy
2007-05-18;28685,185176199688;12404,978013081027;0,4072509580731687;0,8724336013252731;-0,46518264325210446;spy
2007-05-21;28919,716921032777;12398,475451247778;0,8176058247226559;-0,05241897104849569;0,8700247957711515;strategy
2007-05-22;29204,92786897578;12388,72222861633;0,9862162507392247;-0,07866469284709687;1,0648809435863216;strategy
2007-05-23;29124,68066783822;12390,348179133858;-0,27477281059409275;0,013124440822243066;-0,2878972514163358;spy
2007-05-24;28752,48257384969;12278,181157924817;-1,2779473815812126;-0,9052773948510784;-0,3726699867301342;spy
2007-05-25;28910,85025097952;12329,388057213615;0,550796532866582;0,4170560657980493;0,1337404670685327;strategy
2007-05-29;29016,808756443537;12374,092394669166;0,3665008276967807;0,36258358685852254;0,003917240838258174;strategy
2007-05-30;29286,07820022069;12474,87900249238;0,9279774562299448;0,8144969716456396;0,11348048458430515;strategy
2007-05-31;29360,0371618778;12461,875119062737;0,25253965775640097;-0,1042405575801153;0,35678021533651627;strategy
2007-06-01;29478,481771941435;12523,647596123317;0,4034211857791181;0,4956916713608095;-0,09227048558169137;spy
2007-06-04;29703,144084041036;12525,273546640843;0,7621230762075548;0,012983042720149385;0,7491400334874054;strategy
2007-06-05;29858,33213384174;12475,692597869569;0,5224633774849607;-0,3958472330895413;0,918310610574502;strategy
2007-06-06;29561,757573256225;12341,579585502923;-0,993272361148978;-1,074994524869488;0,08172216372051011;strategy
2007-06-07;29157,87648716711;12118,872733839216;-1,3662282599005482;-1,8045246973516282;0,43829643745108005;strategy
2007-06-08;29448,248698827625;12276,55520740729;0,9958619990324546;1,301131524615995;-0,30526952558354026;spy
2007-06-11;29413,243753047176;12297,688843424561;-0,11886936346691135;0,17214630374911;-0,29101566721602135;spy
2007-06-12;29349,238607392137;12163,575831057911;-0,21760655231508608;-1,0905546080583917;0,8729480557433056;strategy
2007-06-13;29586,11420117299;12345,64384167831;0,8070928072430261;1,4968296588862895;-0,6897368516432634;spy
2007-06-14;29790,5082289552;12424,485698580771;0,6908444495022925;0,6386208602284116;0,05222358927388093;strategy
2007-06-15;30160,030731776675;12441,555078422656;1,2404034868472413;0,13738500132713938;1,103018485520102;strategy
2007-06-18;30360,95226130174;12426,924004238634;0,6661847639079843;-0,11759843598166952;0,7837831998896538;strategy
2007-06-19;30567,747601960007;12457,81086288735;0,6811227094541739;0,24854790001276328;0,4325748094414106;strategy
2007-06-20;30334,311550460163;12284,683719758064;-0,76366781923074;-1,3897075901597056;0,6260397709289656;strategy
2007-06-21;30562,99916921089;12352,958758651894;0,7538909144857664;0,5557736808805114;0,19811723360525502;strategy
2007-06-22;30392,48162728561;12236,728721504318;-0,5579214951425882;-0,9409084853146621;0,38298699017207394;strategy
2007-06-25;30209,17089465844;12178,206905241936;-0,60314499775036;-0,47824723089218146;-0,12489776685817855;spy
2007-06-26;30088,52566515774;12053,034760366396;-0,3993662385551655;-1,0278372329317276;0,6284709943765621;strategy
2007-06-27;30154,922674406065;12224,535952978154;0,22067219240726743;1,4228880611520278;-1,2022158687447604;spy
2007-06-28;30385,20133978558;12222,911242697484;0,7636519843407408;-0,013290568140333914;0,7769425524810747;strategy
2007-06-29;30323,89575586597;12226,974258636017;-0,20176132201348285;0,03324098373831408;-0,23500230575179692;spy
2007-07-02;30583,515446314734;12337,515329327533;0,8561554641228541;0,9040754347989122;-0,04791997067605802;spy
2007-07-03;30594,62030433605;12382,219666783083;0,03630994625458683;0,3623447368635402;-0,32603479060895335;spy
2007-07-05;30692,18338339658;12369,214543116586;0,3188896547498654;-0,10503063276599;0,4239202875158554;strategy
2007-07-06;30774,354054433323;12434,238921212218;0,26772507517727195;0,5256952886456112;-0,25797021346833926;spy
2007-07-09;31155,915522140305;12443,993384080519;1,239868323579052;0,07844841111794842;1,1614199124611035;strategy
2007-07-10;30823,651930741034;12266,801984775844;-1,0664542698581747;-1,4239110696679935;0,3574567998098188;strategy
2007-07-11;30950,94905505888;12353,772354029083;0,41298521214772066;0,7089897543073986;-0,296004542159678;spy
2007-07-12;31242,96251626795;12548,84424807912;0,9434717516726421;1,5790471805676054;-0,6355754288949633;spy
2007-07-13;31653,72430795448;12586,233668561086;1,314733810766655;0,29795110802885993;1,0167827027377951;strategy
2007-07-16;31543,20997230587;12584,60771804356;-0,34913533261814456;-0,012918483482371457;-0,3362168491357731;spy
2007-07-17;31516,63469117909;12578,105156210313;-0,08425040175085163;-0,051670755091748344;-0,03257964665910329;spy
2007-07-18;31396,5690740996;12555,34680991237;-0,3809595099729779;-0,180936206330784;-0,2000233036421939;spy
2007-07-19;31607,209819206437;12604,115403543308;0,6709037048274302;0,38842888507417683;0,2824748197532534;strategy
2007-07-20;31362,203242919553;12476,504953009906;-0,7751604070347362;-1,012450667482212;0,2372902604474758;strategy
2007-07-23;31209,401727193974;12514,706728632207;-0,4872155012262347;0,30618972032776526;-0,793405221554;spy
2007-07-24;30570,88919068496;12297,688843424561;-2,045898034478033;-1,734102843266272;-0,31179519121176114;spy
2007-07-25;30847,068308682494;12322,885495380368;0,9034055773611049;0,20488932738997878;0,6985162499711262;strategy
2007-07-26;30549,100763810755;12031,090009445645;-0,9659509354017604;-2,3679152585172725;1,4019643231155121;strategy
2007-07-27;30397,917326246687;11794,564438738253;-0,49488670299311366;-1,9659529645418283;1,4710662615487147;strategy
2007-07-30;30901,99767551086;11979,07075501651;1,658272650241499;1,564333445601962;0,09393920463953709;strategy
2007-07-31;30682,126583384983;11844,145387509527;-0,7115109334828507;-1,1263425207709066;0,4148315872880559;strategy
2007-08-01;30555,028524176007;11901,853608394717;-0,4142413625195185;0,4872299266610369;-0,9014712891805554;spy
2007-08-02;30864,13644759059;11996,952489998728;1,0116433803032177;0,7990258049967558;0,21261757530646186;strategy
2007-08-03;30264,582795435756;11688,087624222124;-1,9425576774938058;-2,5745277063828453;0,6319700288890395;strategy
2007-08-06;30294,317059972494;11883,973113649354;0,09824772651820801;1,6759413149956215;-1,5776935884774135;spy
2007-08-07;30518,965551314104;12010,769968805564;0,7415532454383422;1,0669567655835266;-0,32540352014518437;spy
2007-08-08;30716,142433141256;12178,206905241936;0,646079833523916;1,3940566414246458;-0,7479768079007298;spy
2007-08-09;30215,698063206946;11817,322785036195;-1,6292552719587405;-2,963360066172005;1,3341047942132644;strategy
2007-08-10;30223,298558194994;11762,052869808866;0,025154126746129712;-0,4677025095507714;0,49285663629690113;strategy
2007-08-13;30360,505084177348;11804,3176613697;0,45397601363121876;0,35933175975870757;0,09464425387251119;strategy
2007-08-14;30018,023452657344;11623,875601266827;-1,1280498482170942;-1,5286106768659713;0,4005608286488771;strategy
2007-08-15;29473,53857184534;11463,75358180404;-1,8138598687909346;-1,377526953620678;-0,43633291517025663;spy
2007-08-16;29024,52883147951;11549,911595916941;-1,5234334325731291;0,7515689647207502;-2,2750023972938793;spy
2007-08-17;29434,60476950935;11762,052869808866;1,4128599310286871;1,8367350445082087;-0,42387511347952156;spy
2007-08-20;29659,90404614374;11756,362663115951;0,7654231419059965;-0,04837766634699925;0,8138008082529957;strategy
2007-08-21;30055,944404873797;11779,93336455423;1,3352718812370767;0,20049314667902607;1,1347787345580507;strategy
2007-08-22;30481,222169437224;11919,735343376937;1,4149539233725195;1,186780726989256;0,2281731963832634;strategy
2007-08-23;30278,92084228037;11909,169765605156;-0,6636916526257086;-0,08863936545077111;-0,5750522871749375;spy
2007-08-24;30581,61971755505;12056,286661401447;0,9997016632508293;1,2353245330432694;-0,23562286979244007;spy
2007-08-27;30466,927462647298;11944,119640192406;-0,3750365610684647;-0,9303612659455673;0,5553247048771026;strategy
2007-08-28;29732,39670493093;11681,585062388875;-2,4109118276429697;-2,1980236778614715;-0,21288814978149828;spy
2007-08-29;30263,594750447275;11910,794475885827;1,7865967913318404;1,9621430848022259;-0,17554629347038553;spy
2007-08-30;30348,81695532689;11879,095262096775;0,28159974247061736;-0,26613853385875075;0,5477382763293681;strategy
2007-08-31;30780,723029805027;11996,13889462154;1,4231397392323375;0,9852907981824366;0,4378489410499009;strategy
2007-09-04;31180,065969750816;12117,24678332169;1,2973799853859935;1,0095572397419428;0,28782274564405075;strategy
2007-09-05;31037,209673091613;12012,394679086234;-0,4581654727664586;-0,8653129387426239;0,40714746597616536;strategy
2007-09-06;31266,500850623936;12040,030876936753;0,7387622146043382;0,2300640179483393;0,5086981966559989;strategy
2007-09-07;30821,287418901524;11872,59394050038;-1,423931107127796;-1,3906686631269927;-0,03326244400080336;spy
2007-09-10;30758,414817077377;11849,834353965583;-0,20399083584545785;-0,19169851718044972;-0,012292318665008128;spy
2007-09-11;31045,296446650646;11988,01162250762;0,9326931549606066;1,1660691990668548;-0,23337604410624824;spy
2007-09-12;30999,593941732765;12018,897240919481;-0,147212332136748;0,25763754144076945;-0,40484987357751745;spy
2007-09-13;31141,727304647608;12103,429304514859;0,458500724822386;0,7033262861053435;-0,24482556128295752;spy
2007-09-14;31096,178085952546;12102,615709137668;-0,14626426546437976;-0,006722023624228246;-0,13954224184015152;spy
2007-09-17;31095,46454910044;12037,592571278892;-0,0022946127017031692;-0,5372651616929569;0,5349705489912537;strategy
2007-09-18;31881,190018998153;12391,974129651384;2,5268169531831086;2,943957076749948;-0,41714012356683927;spy
2007-09-19;32043,334486632844;12465,125779860935;0,5085897594728106;0,5903147427859246;-0,08172498331311395;spy
2007-09-20;31998,8431643257;12377,34305546736;-0,13884735474612997;-0,7042265432684158;0,5653791885222859;strategy
2007-09-21;32278,892877728365;12352,146403511557;0,875186993368815;-0,20357076508978889;1,0787577584586039;strategy
2007-09-24;32309,64382596945;12329,388057213615;0,09526642799544405;-0,18424608610104753;0,2795125140964916;strategy
2007-09-25;32610,241998071193;12305,003760398145;0,9303667156495665;-0,19777378003121848;1,128140495680785;strategy
2007-09-26;32723,951864184946;12370,028138493775;0,3486937205816387;0,5284385064952213;-0,17974478591358256;spy
2007-09-27;32873,14182422066;12443,179788703326;0,45590447221930397;0,5913620356441607;-0,1354575634248567;spy
2007-09-28;32729,888813530226;12401,727352282829;-0,43577523394762174;-0,33313378995077914;-0,10264144399684261;spy
2007-10-01;33030,593224117125;12541,529331105536;0,9187455915297571;1,1272782802870918;-0,20853268875733466;spy
2007-10-02;32989,36424463769;12524,459951263654;-0,1248205843585315;-0,1361028578831025;0,011282273524571007;strategy
2007-10-03;32530,103991063093;12499,263299307848;-1,3921464207945378;-0,20117954829073081;-1,190966872503807;spy
2007-10-04;32810,8281285532;12518,770984807594;0,8629672304989455;0,1560706821883251;0,7068965483106204;strategy
2007-10-05;33136,08225397454;12667,513831121412;0,9913011769986158;1,1881585380412174;-0,19685736104260165;spy
2007-10-08;33397,77861368705;12600,051147367918;0,7897625244490669;-0,5325645162332693;1,3223270406823362;strategy
2007-10-09;33708,956994866516;12718,719490173356;0,9317337682211546;0,9418084213906441;-0,010074653169489522;spy
2007-10-10;33791,36694210734;12697,587094392939;0,24447492473107513;-0,16615191330184853;0,41062683803292366;strategy
2007-10-11;33362,37884057951;12636,626972472695;-1,269519822216092;-0,4800921739466779;-0,789427648269414;spy
2007-10-12;33770,916014291695;12706,527961884049;1,2245444956558993;0,5531617698585567;0,6713827257973426;strategy
2007-10-15;33605,86403481859;12599,23755199073;-0,4887400134579112;-0,8443723589572238;0,35563234549931266;strategy
2007-10-16;33561,693242647925;12499,263299307848;-0,13143775183074302;-0,7934944656002973;0,6620567137695543;strategy
2007-10-17;33634,78532447954;12537,465074930149;0,21778424974916444;0,30563221773571847;-0,08784796798655403;spy
2007-10-18;33858,679940750764;12491,948382334263;0,665663877772027;-0,3630454188614296;1,0287092966334566;strategy
2007-10-19;33393,17036081856;12165,201781575439;-1,3748603925102687;-2,615657628083856;1,2407972355735875;strategy
2007-10-22;33586,401158295834;12235,915126127129;0,5786536450099744;0,5812755581151796;-0,002621913105205209;spy
2007-10-23;34392,5453058259;12335,077023669672;2,400209965130329;0,8104166833488691;1,5897932817814597;strategy
2007-10-24;34319,69198871199;12312,31867737173;-0,2118288032074589;-0,18450104733250816;-0,027327755874950732;spy
2007-10-25;34092,50452051365;12341,579585502923;-0,6619740884418857;0,23765554562009683;-0,8996296340619825;spy
2007-10-26;34340,81143321286;12486,258175641351;0,7283328584727577;1,1722858418251159;-0,4439529833523581;spy
2007-10-29;34489,55406807558;12527,711852298704;0,43313663438617755;0,3319943899463995;0,10114224443977804;strategy
2007-10-30;34196,24493894313;12440,741483045465;-0,8504288821871042;-0,6942238956212932;-0,15620498656581105;spy
2007-10-31;34304,857756724145;12569,976643859538;0,3176162118821546;1,0388059344388578;-0,7211897225567032;spy
2007-11-01;33626,888293055395;12275,742852266956;-1,9763074619828735;-2,3407664145208673;0,36445895253799376;strategy
2007-11-02;33661,55297056887;12289,560331073788;0,10308618868142272;0,11255920699153599;-0,009473018310113268;spy
2007-11-05;33400,17783848438;12196,088640224156;-0,7764797194978357;-0,7605779892165154;-0,015901730281320248;spy
2007-11-06;33943,97600595436;12360,274915862332;1,6281295569732235;1,3462207473359245;0,28190880963729903;strategy
2007-11-07;33508,82867304071;12022,149141954535;-1,2819574608387563;-2,735584574044303;1,4536271132055467;strategy
2007-11-08;33375,779720071136;11961,189020034291;-0,39705641240936895;-0,5070650946053079;0,11000868219593896;strategy
2007-11-09;32862,907117306575;11797,002744396115;-1,536661037033793;-1,3726584820553667;-0,1640025549784263;spy
2007-11-12;31749,11790968277;11679,95911187135;-3,389198659899606;-0,9921472009520649;-2,397051458947541;spy
2007-11-13;32586,687068866504;12035,966620761366;2,6380863920893116;3,0480201641132076;-0,409933772023896;spy
2007-11-14;32552,632190785534;12002,641456454789;-0,1045054933292211;-0,27687983322497445;0,17237433989575335;strategy
2007-11-15;32147,576989426016;11829,514313325502;-1,2443085984124358;-1,4424086877658282;0,1981000893533924;strategy
2007-11-16;32396,95131996115;11849,834353965583;0,7757173444740806;0,17177409065045612;0,6039432538236245;strategy
2007-11-19;31874,78585680463;11684,83572318707;-1,6117734597909328;-1,3924129726192835;-0,21936048717164924;spy
2007-11-20;32168,051667393393;11756,362663115951;0,9200557829823319;0,6121347498873719;0,30792103309496;strategy
2007-11-21;31845,710330658017;11515,772836233173;-1,002054274434383;-2,0464648274044595;1,0444105529700765;strategy
2007-11-23;32105,986719449502;11714,910226695454;0,8173043907295563;1,7292577171695855;-0,9119533264400292;spy
2007-11-26;31973,786435101323;11456,438664830455;-0,41176209752834536;-2,2063469276615066;1,7945848301331613;strategy
2007-11-27;32342,603755386266;11588,113371539244;1,1534990422030544;1,1493511252585797;0,004147916944474694;strategy
2007-11-28;33272,80829040421;11958,750714376429;2,876096624913904;3,1984269652338915;-0,3223303403199873;spy
2007-11-29;33264,823440834276;11962,813730314962;-0,023998123333146548;0,033975254067697414;-0,05797337740084396;spy
2007-11-30;33408,08409551314;12083,109263874778;0,43066711276456004;1,0055789237524815;-0,5749118109879214;spy
2007-12-03;33543,4722020374;12003,453811595124;0,40525552479211413;-0,6592297606527686;1,0644852854448827;strategy
2007-12-04;33447,39047281272;11896,164641938658;-0,28643942596628946;-0,8938191568898746;0,6073797309235851;strategy
2007-12-05;33939,89067709319;12095,300792164086;1,4724622678136567;1,6739525403287825;-0,20149027251512575;spy
2007-12-06;34230,35180662385;12268,427935293372;0,8558104452784487;1,431358724385312;-0,5755482791068633;spy
2007-12-07;34463,256302535716;12265,98962963551;0,6804034537173598;-0,019874638142092227;0,700278091859452;strategy
2007-12-10;34671,53519178979;12361,087271002667;0,604350579718016;0,7752953022020836;-0,17094472248406767;spy
2007-12-11;34073,832095163176;12022,149141954535;-1,7239014463027114;-2,741976669343904;1,0180752230411927;strategy
2007-12-12;34110,23758948028;12140,81748475997;0,10684297033405343;0,9870809403895064;-0,880237970055453;spy
2007-12-13;34038,630183776;12115,620832804167;-0,2099293665617008;-0,20753669995806634;-0,0023926666036344635;spy
2007-12-14;33860,40873541309;11962,001375174625;-0,5235858417353523;-1,267945404940396;0,7443595632050437;strategy
2007-12-17;33341,46269197794;11791,313777940055;-1,5326041911963295;-1,426915044407262;-0,10568914678906749;spy
2007-12-18;33315,83332191532;11857,150511176022;-0,0768693632291817;0,5583494297229041;-0,6352187929520858;spy
2007-12-19;33547,130044995036;11857,150511176022;0,694254653169879;0,0;0,694254653169879;strategy
2007-12-20;34022,758574145955;11931,928111903098;1,4177920093700447;0,6306540568629337;0,7871379525071109;strategy
2007-12-21;34289,09404645367;12040,030876936753;0,7828156312701395;0,9059957788868367;-0,12318014761669716;spy
2007-12-24;34529,32425633271;12129,438311610998;0,7006023826514163;0,7425847623489856;-0,04198237969756935;spy
2007-12-26;34752,81229462716;12155,448558943994;0,647241274214827;0,21443900916744418;0,43280226504738284;strategy
2007-12-27;34594,833840751584;12002,641456454789;-0,45457746710185765;-1,2571078866256191;0,8025304195237615;strategy
2007-12-28;34523,92333849514;11972,568193183262;-0,20497425304271122;-0,2505553746700806;0,04558112162736938;strategy
2007-12-31;34309,302837942814;11883,973113649354;-0,6216573314916762;-0,7399839207794301;0,11832658928775386;strategy
2008-01-02;34317,507765754635;11779,93336455423;0,023914586229212276;-0,8754626764985618;0,8993772627277741;strategy
2008-01-03;34460,647151010395;11774,24439809817;0,41710308986540046;-0,048293706594115804;0,46539679645951626;strategy
2008-01-04;33575,15228610947;11485,699572961645;-2,56958280853109;-2,4506440955407105;-0,11893871299037961;spy
2008-01-07;33378,7091377433;11475,946350330201;-0,5850849065171304;-0,08491622621231709;-0,5001686803048133;spy
2008-01-08;32805,63629097338;11290,62767891161;-1,7168813940797834;-1,614844351492284;-0,10203704258749946;spy
2008-01-09;33024,5387903833;11409,296021717044;0,6672710063244658;1,0510340627658987;-0,38376305644143294;spy
2008-01-10;33058,176489389465;11484,073622444119;0,10185668063276143;0,6554094186419501;-0,5535527380091887;spy
2008-01-11;32812,269774948676;11391,414286734824;-0,7438604924857706;-0,8068507635496602;0,06299027106388966;strategy
2008-01-14;33409,316939304445;11483,261267303784;1,8195850773224942;0,8062825059037326;1,0133025714187616;strategy
2008-01-15;32622,746016563753;11230,4799121317;-2,354346017219311;-2,2013028292914294;-0,15304318792788152;spy
2008-01-16;31765,366809087594;11133,756320247016;-2,628163818707463;-0,8612596491107904;-1,7669041695966725;spy
2008-01-17;30923,0949042641;10845,211495110489;-2,6515415669071785;-2,59162152320328;-0,05992004370389825;spy
2008-01-18;31006,62382948526;10733,858069278638;0,2701182578256134;-1,0267519990924456;1,296870256918059;strategy
2008-01-22;31011,770009160762;10624,942949104649;0,016597033278453743;-1,0146875379852038;1,0312845712636576;strategy
2008-01-23;30874,501761921558;10880,162609934594;-0,4426327397586638;2,4020802940071473;-2,844713033765811;spy
2008-01-24;31582,912841942583;10972,009590503556;2,2944858689014636;0,84416918994481;1,4503166789566535;strategy
2008-01-25;31495,054229128164;10813,512281321438;-0,27818400808725663;-1,4445604323869654;1,1663764242997088;strategy
2008-01-28;31703,194626696284;10992,329631143639;0,660866928673598;1,6536472625187537;-0,9927803338451557;spy
2008-01-29;31762,974591381128;11046,787191230631;0,18856132761619904;0,49541418347482935;-0,3068528558586303;spy
2008-01-30;31504,43978429059;10965,507028670307;-0,8139502373958774;-0,7357810117393004;-0,07816922565657691;spy
2008-01-31;31793,587129368738;11165,455534036068;0,9177987199833648;1,823431464162839;-0,9056327441794743;spy
2008-02-01;32387,395396564803;11345,085238998603;1,8676982398363684;1,6087987132720638;0,2588995265643046;strategy
2008-02-04;32381,07613811781;11202,032599377699;-0,019511474663580497;-1,26092168200872;1,2414102073451394;strategy
2008-02-05;31708,11467639202;10902,108601092203;-2,078255394772399;-2,677406940434701;0,599151545662302;strategy
2008-02-06;31532,04865460057;10814,32587669863;-0,5552711777043529;-0,8051903315729136;0,24991915386856078;strategy
2008-02-07;31300,45813740437;10885,851576390653;-0,734460737813214;0,6613976729343607;-1,3958584107475747;spy
2008-02-08;31523,381347838076;10815,951827216155;0,712204305301567;-0,6421155817161517;1,3543198870177187;strategy
2008-02-11;31878,446533479422;10871,221742443484;1,1263550116132892;0,5110037110950705;0,6153513005182187;strategy
2008-02-12;31726,12016475726;10972,009590503556;-0,4778349803281179;0,927106910776887;-1,404941891105005;spy
2008-02-13;32199,6103307249;11084,175371475743;1,4924300970580395;1,0222902199180428;0,4701398771399967;strategy
2008-02-14;31965,953623460722;10986,639424450725;-0,7256507295096748;-0,8799567289057841;0,15430599939610934;strategy
2008-02-15;31997,631458919197;10984,201118792862;0,09909867176691733;-0,022193371090672986;0,12129204285759032;strategy
2008-02-19;32165,930637456622;11015,08797744158;0,5259738638889511;0,28119349158559626;0,2447803723033548;strategy
2008-02-20;32310,32215728744;11047,599546370968;0,4488958253944464;0,295154872988479;0,1537409524059674;strategy
2008-02-21;32160,372196468525;10955,752565802006;-0,46409305388214195;-0,8313749985546237;0,36728194467248176;strategy
2008-02-22;32131,020781662155;11023,215249555498;-0,09126578084065473;0,615774072555042;-0,7070398533956967;spy
2008-02-25;32551,37730485484;11162,204873237872;1,3082576057857231;1,260880972890166;0,04737663289555716;strategy
2008-02-26;32618,811129462098;11245,923341456059;0,2071612023531788;0,7500173054421078;-0,542856103088929;spy
2008-02-27;32555,523194420617;11234,544168307086;-0,19402281337077554;-0,10118487209516136;-0,09283794127561418;spy
2008-02-28;32506,981435873808;11124,815452755905;-0,1491045260029189;-0,976708212699251;0,8276036866963321;strategy
2008-02-29;32060,389875007793;10876,911949136398;-1,3738327618853186;-2,228383065519479;0,8545503036341606;strategy
2008-03-03;32014,695836953535;10850,901701803405;-0,1425248982698024;-0,23913264587067662;0,0966077476008742;strategy
2008-03-04;31922,288292242592;10809,449265382907;-0,2886410203038037;-0,38201835718046917;0,0933773368766655;strategy
2008-03-05;32237,470702860683;10877,724304276735;0,9873427861206485;0,6316236583160384;0,3557191278046101;strategy
2008-03-06;31906,27667246639;10652,577906718312;-1,0273573676017445;-2,069793196265357;1,0424358286636126;strategy
2008-03-07;31504,82045795683;10542,850431403987;-1,2582358594539378;-1,0300556003924877;-0,22818025906145012;spy
2008-03-10;30946,134844776137;10403,860807721614;-1,7733337472157884;-1,318330603157991;-0,4550031440577973;spy
2008-03-11;31790,123116346604;10777,750051593854;2,7272816970644653;3,5937547683716042;-0,8664730713071389;spy
2008-03-12;31877,03435538297;10676,962203533782;0,2733906965955546;-0,9351473876977434;1,208538084293298;strategy
2008-03-13;32226,001540453224;10700,53290497206;1,0947291431811834;0,22076224481226703;0,8739668983689164;strategy
2008-03-14;31934,810919586398;10534,721919053214;-0,9035890490518783;-1,5495582079075865;0,6459691588557082;strategy
2008-03-17;31383,81063583552;10428,245104537084;-1,7253907816718428;-1,0107225927203256;-0,7146681889515172;spy
2008-03-18;32192,07420710147;10861,468519812039;2,575415651861701;4,154327127260071;-1,5789114753983702;spy
2008-03-19;31325,410648721037;10592,43138017526;-2,6921643905419623;-2,476986782643964;-0,21517760789799834;spy
2008-03-20;31416,345667586975;10735,484019796164;0,2902915460093025;1,3505175014741244;-1,060225955464822;spy
2008-03-24;31966,363144970594;10950,06359934595;1,7507366490147946;1,9987881231447124;-0,2480514741299178;spy
2008-03-25;32271,318985813625;10960,630417354585;0,9539897906434502;0,09650006059569449;0,8574897300477557;strategy
2008-03-26;32434,04849682004;10826,517404987935;0,5042542917999437;-1,223588491354488;1,7278427831544318;strategy
2008-03-27;32152,488628914245;10792,37988554102;-0,8680996698065657;-0,3153139478738298;-0,5527857219327359;spy
2008-03-28;32144,04694554738;10689,15373182309;-0,026255147663045708;-0,9564725742857494;0,9302174266227037;strategy
2008-03-31;32042,60449303291;10726,543152305056;-0,3155870593591237;0,34978840626693763;-0,6653754656260613;spy
2008-04-01;32444,809227042155;11103,68305697549;1,2552186077654737;3,5159500998174664;-2,2607314920519928;spy
2008-04-02;32387,112829760652;11110,997973949074;-0,17782936209534972;0,06587829404036682;-0,24370765613571654;spy
2008-04-03;32646,513860119227;11138,632931562737;0,80093903930889;0,24871715104670677;0,5522218882621832;strategy
2008-04-04;33120,84321838653;11126,441403273431;1,452924990091331;-0,10945264436140745;1,5623776344527385;strategy
2008-04-07;33294,0460633187;11132,131609966345;0,5229421358331265;0,051141299240931026;0,4718008365921955;strategy
2008-04-08;33486,1356847174;11120,752436817374;0,576948866573268;-0,10221917551517246;0,6791680420884405;strategy
2008-04-09;33346,6286217219;11040,284629397383;-0,4166114128814513;-0,7235824003561708;0,3069709874747195;strategy
2008-04-10;33584,405494431034;11055,728058721743;0,7130462134761206;0,1398825287822536;0,573163684693867;strategy
2008-04-11;33239,07895554009;10841,148479171958;-1,0282347828018068;-1,9408905357481743;0,9126557529463675;strategy
2008-04-14;33457,51393646996;10804,571413830328;0,6571631579263659;-0,3373910560481752;0,9945542139745411;strategy
2008-04-15;33706,40296079306;10829,769306022987;0,7438957502810872;0,23321510153011538;0,5106806487509719;strategy
2008-04-16;34410,529705253764;11123,190742475235;2,0889999602738296;2,709396923986751;-0,6203969637129214;spy
2008-04-17;34279,17428867076;11139,44652693993;-0,38173029508159484;0,14614317816756817;-0,527873473249163;spy
2008-04-18;34236,47941592184;11255,676564087502;-0,12455047017577714;1,0434094446836184;-1,1679599148593955;spy
2008-04-21;34415,51283676945;11261,366770780416;0,5229317497065455;0,05055410628154178;0,47237764342500377;strategy
2008-04-22;33855,7948387732;11211,785822009144;-1,6263537918233317;-0,44027470004722735;-1,1860790917761044;spy
2008-04-23;33713,33151754994;11193,904087026925;-0,42079449589560447;-0,15949051530324;-0,2613039805923645;spy
2008-04-24;33270,620298620765;11242,67268065786;-1,3131636625668741;0,43567099781973706;-1,7488346603866112;spy
2008-04-25;33803,0667837964;11346,71118951613;1,6003503403202446;0,9253894675530283;0,6749608727672163;strategy
2008-04-28;33632,022838934645;11349,149495173991;-0,5060012630089039;0,02148909597798898;-0,5274903589868929;spy
2008-04-29;33269,087651433234;11304,44515771844;-1,0791357666457446;-0,3939003312500189;-0,6852354353957257;spy
2008-04-30;33394,461961620094;11237,794829105283;0,3768492586885275;-0,5895939843420739;0,9664432430306014;strategy
2008-05-01;32996,291528255126;11470,256143637287;-1,192324744811224;2,068566992609089;-3,260891737420313;spy
2008-05-02;33217,29982790125;11501,95535742634;0,6697973905851695;0,27636012127449927;0,39343726931067025;strategy
2008-05-05;33486,08878846477;11446,68544219901;0,8091836541684883;-0,4805262541002997;1,289709908268788;strategy
2008-05-06;33870,17400843542;11545,847339741555;1,146999347690203;0,8662935488467083;0,28070579884349467;strategy
2008-05-07;33526,51765383883;11340,20862768288;-1,0146282523113004;-1,781062108372533;0,7664338560612327;strategy
2008-05-08;33818,83500962405;11310,94771955169;0,8718989511627528;-0,2580279524995621;1,129926903662315;strategy
2008-05-09;33612,331883025174;11289,814083534417;-0,6106157309679894;-0,18684231013412766;-0,4237734208338617;spy
2008-05-12;33769,96591706984;11416,612178927484;0,4689767868330419;1,1231194283171986;-0,6541426414841567;spy
2008-05-13;33928,586315163026;11418,236889208154;0,4697084932887119;0,014231106874840194;0,4554773864138717;strategy
2008-05-14;33739,60811689253;11441,808830883287;-0,5569881294642642;0,20644116866599393;-0,7634292981302582;spy
2008-05-15;34040,054513984156;11584,861470504191;0,890485734305857;1,2502624518142769;-0,3597767175084199;spy
2008-05-16;34423,990255021796;11595,428288512829;1,1278940251987946;0,09121229490349769;1,0366817302952969;strategy
2008-05-19;34169,5823974527;11627,127502301879;-0,7390423239269306;0,27337682576549227;-1,0124191496924229;spy
2008-05-20;34318,8269919403;11532,842216075056;0,4367761734738851;-0,8109078205958964;1,2476839940697815;strategy
2008-05-21;33832,25538923579;11337,770322025019;-1,4177978834147842;-1,6914468298034668;0,27364894638868265;strategy
2008-05-22;33762,5430779325;11339,39503230569;-0,2060528052335142;0,014330068739498714;-0,22038287397301293;spy
2008-05-23;33457,96618585617;11187,401525193676;-0,9021147825662768;-1,340402258488993;0,4382874759227162;strategy
2008-05-27;33299,97927108039;11270,307638271526;-0,47219521323613733;0,741066751659436;-1,2132619648955734;spy
2008-05-28;33630,109256284035;11322,326892700661;0,9913819540733115;0,46156019958576433;0,5298217544875472;strategy
2008-05-29;33329,261019461344;11379,222758445518;-0,8945800161695106;0,5025103610242665;-1,397090377193777;spy
2008-05-30;33642,61186836859;11407,671311436374;0,9401674064248855;0,25000435965401024;0,6901630467708753;strategy
2008-06-02;33691,9954775591;11289,814083534417;0,1467888681881524;-1,0331401097067316;1,179928977894884;strategy
2008-06-03;33717,18710279782;11223,97735029845;0,07477035682108557;-0,5831516156850292;0,6579219725061147;strategy
2008-06-04;33567,89956890047;11218,288383842391;-0,4427639038873443;-0,05068583335930965;-0,3920780705280347;spy
2008-06-05;34251,96265446924;11442,621186023624;2,037848940070486;1,999706145050939;0,03814279501954676;strategy
2008-06-06;33803,65916438264;11077,672809642494;-1,3088402980262592;-3,1893774201569247;1,8805371221306655;strategy
2008-06-09;34096,20108310175;11104,495412115824;0,8654149460462612;0,24213210603207802;0,6232828400141832;strategy
2008-06-10;33954,91833959385;11049,225496888494;-0,41436505833465365;-0,49772558928726784;0,0833605309526142;strategy
2008-06-11;33710,80202622707;10886,665171767845;-0,7189424251452969;-1,4712372841555799;0,7522948590102829;strategy
2008-06-12;33713,92491890635;10928,11760818834;0,009263774492351828;0,38076339968637907;-0,37149962519402724;spy
2008-06-13;34134,42015166107;11066,293636493523;1,2472449700417831;1,264408320437993;-0,017163350396209864;spy
2008-06-16;34284,70427051015;11072,79619832677;0,4402714860289425;0,05876006951237578;0,3815114165165667;strategy
2008-06-17;34434,72332071928;11019,152233616967;0,43756845334135264;-0,48446628790936863;0,9220347412507213;strategy
2008-06-18;34410,014110045675;10911,861823723648;-0,07175666969490013;-0,9736720903628204;0,9019154206679203;strategy
2008-06-19;34407,548320222144;10925,67930253048;-0,007165907621098366;0,12662805880470085;-0,13379396642579922;spy
2008-06-20;34200,00503818805;10694,843938516002;-0,6031911373124976;-2,1127781405867796;1,509587003274282;strategy
2008-06-23;34364,83038252881;10684,277120507366;0,4819453802907825;-0,09880291913920702;0,5807482994299895;strategy
2008-06-24;34041,02678495574;10663,14472472695;-0,942252861337245;-0,1977896636530918;-0,7444631976841531;spy
2008-06-25;34136,49308891656;10713,538028638557;0,28044484252458535;0,4725932659879417;-0,19214842346335637;spy
2008-06-26;33590,31099557197;10422,554897844171;-1,5999947385395785;-2,716032089647258;1,1160373511076793;strategy
2008-06-27;33646,91221282173;10365,659032099315;0,16850459424808673;-0,5458917348242998;0,7143963290723865;strategy
2008-06-30;33731,39567621168;10402,235477322516;0,2510883104386519;0,35286174385955604;-0,10177343342090417;spy
2008-07-01;33705,61123694881;10434,747666370333;-0,07644047554502542;0,31255001983656605;-0,3889904953815915;spy
2008-07-02;32679,393763078257;10255,930936666562;-3,0446487579064985;-1,713666064777697;-1,3309826931288016;spy
2008-07-03;32544,726040945632;10266,497134556772;-0,4120875775999733;0,10302524417782344;-0,5151128217777967;spy
2008-07-07;32494,134347406933;10161,64565043974;-0,15545281737829875;-1,0212975540031533;0,8658447366248545;strategy
2008-07-08;32589,139019659797;10342,087710542606;0,2923748367540169;1,7757169095446557;-1,4833420727906388;spy
2008-07-09;32444,16811853385;10142,951560317184;-0,44484421953735476;-1,9254927612190387;1,480648541681684;strategy
2008-07-10;32799,6304966375;10184,404616856109;1,0956125513990056;0,40868830233897757;0,686924249060028;strategy
2008-07-11;32983,20720445043;10065,735033813819;0,5596913899128975;-1,1652088414268347;1,7249002313397321;strategy
2008-07-14;33138,78148485055;9974,701648622047;0,47167723695205055;-0,9043888487622942;1,3760660857143447;strategy
2008-07-15;32763,843941122177;9834,086694540576;-1,1314162046054066;-1,4097158896065443;0,27829968500113766;strategy
2008-07-16;33036,62151374924;10075,48887656369;0,8325566838776721;2,454749378578591;-1,622192694700919;spy
2008-07-17;32810,99347946928;10176,276104505336;-0,6829634022536335;1,0003209688026482;-1,6832843710562817;spy
2008-07-18;32685,164148992277;10239,675152201866;-0,3834974718328499;0,6230083288371269;-1,0065058006699767;spy
2008-07-21;33006,60066525621;10245,364738776352;0,9834324673992478;0,05556413157563611;0,9278683358236117;strategy
2008-07-22;33077,17429004481;10361,595396042356;0,2138167014057002;1,134470662875442;-0,9206539614697418;spy
2008-07-23;32487,3348184001;10417,67828652845;-1,7832220687068467;0,5412572904315072;-2,324479359138354;spy
2008-07-24;32069,7874629916;10201,473376579566;-1,2852619574444502;-2,0753655853288033;0,7901036278843532;strategy
2008-07-25;32239,434951072424;10199,035070921705;0,5289947377312476;-0,02390150488907894;0,5528962426203266;strategy
2008-07-28;32000,88796554613;10049,479249349124;-0,7399229728694667;-1,4663722649506106;0,7264492920811438;strategy
2008-07-29;32463,74513701211;10264,058828898907;1,4463885251069009;2,135230833614399;-0,688842308507498;spy
2008-07-30;32922,56581551662;10446,939194659639;1,4133325547254882;1,7817548477588874;-0,36842229303339913;spy
2008-07-31;32529,386589765672;10308,763166354458;-1,1942545060252718;-1,3226460471389978;0,12839154111372597;strategy
2008-08-01;32361,848208480045;10254,305606267462;-0,5150370137577021;-0,5282647317452538;0,013227717987551735;strategy
2008-08-04;32002,99725312167;10159,207344781875;-1,1088703990161597;-0,9273983547697595;-0,18147204424640018;spy
2008-08-05;32387,345701689275;10433,121715852807;1,2009764133267709;2,6962179407788556;-1,4952415274520847;spy
2008-08-06;32391,134627684827;10479,450763589026;0,011698785168912096;0,4440573875968745;-0,4323586024279624;spy
2008-08-07;32146,58296036648;10323,393620420055;-0,7549956805444236;-1,4891729222221595;0,7341772416777359;strategy
2008-08-08;32428,300965143993;10515,214233553466;0,8763544328330264;1,8581158501404405;-0,9817614173074141;spy
2008-08-11;32213,59512767683;10624,130593964313;-0,6620940076322412;1,0357978258141554;-1,6978918334463966;spy
2008-08-12;32062,267254833416;10513,589523272798;-0,4697639994655445;-1,0404716857896568;0,5707076863241123;strategy
2008-08-13;32322,28091468178;10450,191095694692;0,8109646700333428;-0,6030141032020264;1,4139787732353692;strategy
2008-08-14;32362,881354943725;10529,0317123603;0,1256113093290434;0,7544418656429075;-0,6288305563138641;spy
2008-08-15;32299,679730335003;10580,238611649098;-0,19529047465073335;0,4863400613437596;-0,681630535994493;spy
2008-08-18;32108,410153714478;10435,560021510668;-0,5921717435510399;-1,3674416565533365;0,7752699130022966;strategy
2008-08-19;31989,925376514504;10321,767669902527;-0,36901477411290795;-1,090428797051446;0,721414022938538;strategy
2008-08-20;32199,11165411193;10369,723288274701;0,6539129902159768;0,46460664399576856;0,18930634622020825;strategy
2008-08-21;32216,403763811013;10387,605023256921;0,053703685632200404;0,17244177578430442;-0,11873809015210401;spy
2008-08-22;32389,910644543026;10537,972579851408;0,538566880413005;1,4475671365808296;-0,9090002561678245;spy
2008-08-25;32050,864526094036;10324,205975560388;-1,046764599537764;-2,028536349579635;0,981771750041871;strategy
2008-08-26;32182,609351429805;10354,279858950344;0,4110492096976337;0,29129487983043933;0,11975432986719436;strategy
2008-08-27;32308,642042635227;10455,067707010414;0,3916173789053623;0,9733931227766446;-0,5817757438712823;spy
2008-08-28;32552,664961751663;10581,864562166626;0,7552868325274131;1,2127789002379208;-0,45749206771050765;spy
2008-08-29;32487,84868849008;10468,071590440055;-0,1991120338004193;-1,0753584215528078;0,8762463877523885;strategy
2008-09-02;32002,044154898962;10403,047832462851;-1,4953422685794249;-0,6211627176545775;-0,8741795509248473;spy
2008-09-03;31845,66564628633;10394,106964971741;-0,4886516244266059;-0,08594469270063465;-0,4027069317259713;spy
2008-09-04;31093,28865574782;10081,178463138176;-2,362572661834894;-3,010633841734911;0,6480611799000169;strategy
2008-09-05;31177,251656854663;10112,87767692723;0,27003576892894454;0,3144395658202237;-0,04440379689127916;spy
2008-09-08;31325,15280180168;10321,767669902527;0,47438801397523545;2,0655840963238914;-1,591196082348656;spy
2008-09-09;30596,95937777807;10015,34172990221;-2,3246284818815965;-2,9687351023587882;0,6441066204771917;strategy
2008-09-10;30790,636986303914;10055,981811182373;0,632996259969909;0,4057782787264097;0,22721798124349935;strategy
2008-09-11;31087,475037164535;10201,473376579566;0,9640529716636204;1,4468161153136094;-0,48276314364998907;spy
2008-09-12;31089,728069461995;10248,61539957455;0,0072473955982754745;0,46210994485573753;-0,45486254925746206;spy
2008-09-15;30227,774051176384;9760,934424212599;-2,7724720407968695;-4,758505967373861;1,986033926576991;strategy
2008-09-16;30602,494310930484;9924,307724592012;1,2396554874324783;1,6737465213797043;-0,4340910339472259;spy
2008-09-17;29861,299147396407;9478,079805768986;-2,422008990519897;-4,496312802930246;2,0743038124103492;strategy
2008-09-18;30231,079155752566;9759,3090938135;1,238325253469097;2,967154674867145;-1,7288294213980482;spy
2008-09-19;30783,313934186917;10088,494000230188;1,8267120918482593;3,373034947989928;-1,5463228561416686;spy
2008-09-22;30167,095561041686;9860,096321755145;-2,0017934861161213;-2,263942254114748;0,26214876799862674;strategy
2008-09-23;29997,40744425456;9635,763519573913;-0,5624940473429763;-2,2751583236186868;1,7126642762757105;strategy
2008-09-24;29815,225497624528;9666,649758104204;-0,6073256396193272;0,3205375315360248;-0,927863171155352;spy
2008-09-25;29946,310116670677;9817,830910075883;0,43965664139147265;1,563945687024959;-1,1242890456334864;spy
2008-09-26;29921,112754649723;9822,707521391605;-0,0841417921700005;0,049670964598869105;-0,1338127567688696;spy
2008-09-29;28954,159773060426;9052,984282726376;-3,231674535363105;-7,836161638620998;4,604487103257893;strategy
2008-09-30;29664,631985125197;9427,68588173895;2,4537828679311646;4,138984309599714;-1,685201441668549;spy
2008-10-01;29529,887833790744;9433,375468313438;-0,45422492145534843;0,06034976818127813;-0,5145746896366266;spy
2008-10-02;28592,07537354918;9091,18605834868;-3,1758077291727305;-3,627433373283684;0,4516256441109534;strategy
2008-10-03;28233,68549193228;8968,452839249429;-1,253458788614037;-1,3500242796872675;0,09656549107323054;strategy
2008-10-06;27810,28925869247;8511,658722536195;-1,4996137622939498;-5,093343577769915;3,5937298154759656;strategy
2008-10-07;27008,681076630506;8130,454561690373;-2,8824158375534092;-4,478611904827812;1,5961960672744024;strategy
2008-10-08;27059,994829204756;7925,628824890464;0,18998984966596133;-2,5192409015483697;2,709230751214331;strategy
2008-10-09;25870,912411597437;7372,1104961741175;-4,394244807186698;-6,983904254739004;2,5896594475523056;strategy
2008-10-10;26650,090674285788;7193,294386588774;3,0117927434946568;-2,4255755482523456;5,437368291747003;strategy
2008-10-13;27595,10543734026;8237,744351465266;3,5460095599835872;14,519772287142473;-10,973762727158885;spy
2008-10-14;27344,749455231176;8115,824107624777;-0,9072477823198088;-1,4800197558789585;0,5727719735591497;strategy
2008-10-15;26140,279881571347;7316,83996082836;-4,404756297481482;-9,844769134976394;5,440012837494912;strategy
2008-10-16;26998,426179809743;7621,6405704295785;3,2828504596210673;4,165741101800879;-0,8828906421798122;spy
2008-10-17;26740,259136809145;7576,123877833694;-0,9562299716331712;-0,597203347170161;-0,35902662446301026;spy
2008-10-20;27108,857704835995;8031,29266414783;1,3784405234856356;6,0079374843100775;-4,629496960824442;spy
2008-10-21;26805,14712788231;7791,51643264224;-1,1203370509392796;-2,9855247658445494;1,8651877149052698;strategy
2008-10-22;26350,552060488742;7367,233884858395;-1,695924537271809;-5,4454425072676615;3,7495179699958525;strategy
2008-10-23;26269,694546608484;7452,578303594106;-0,30685320631859136;1,158432324391323;-1,4652855307099144;spy
2008-10-24;25866,98069882198;7074,62542366491;-1,5329978316725335;-5,0714378907890545;3,538440059116521;strategy
2008-10-27;25479,482753884517;6823,4693988919225;-1,4980408786368749;-3,550096432425387;2,052055553788512;strategy
2008-10-28;26707,72659837425;7620,828215289243;4,820521108508302;11,685533704112538;-6,865012595604236;spy
2008-10-29;26759,860395174088;7565,557679943484;0,19520117748625943;-0,7252562816581154;0,9204574591443748;strategy
2008-10-30;27108,09729155677;7827,279902606679;1,3013404824992358;3,4593910156422103;-2,1580505331429745;spy
2008-10-31;27602,49412520345;7870,358289544703;1,8237976215345508;0,5503621625141841;1,2734354590203667;strategy
2008-11-03;27389,86676285178;7893,116635842646;-0,7703193826876897;0,2891653144708295;-1,0594846971585192;spy
2008-11-04;27624,45979134886;8161,341420339091;0,8564956906444543;3,3982113387053703;-2,541715648060916;spy
2008-11-05;26840,284909043177;7818,3390351155695;-2,838697618808328;-4,202769710978105;1,3640720921697769;strategy
2008-11-06;26472,690722307936;7385,115619840614;-1,3695614185205263;-5,541118303122438;4,171556884601912;strategy
2008-11-07;26636,805479663424;7628,956107521591;0,6199398432029879;3,3017829406202237;-2,681843097417236;spy
2008-11-10;26478,422933327376;7528,9812347202815;-0,5946003790017862;-1,3104659588058398;0,7158655798040536;strategy
2008-11-11;26233,538746341903;7296,519920188278;-0,9248443066344647;-3,087553379200847;2,1627090725663822;strategy
2008-11-12;25609,79514189355;6975,463526122365;-2,3776571299795712;-4,400130439959504;2,022473309979933;strategy
2008-11-13;26327,367767514763;7410,31227179642;2,8019459806118308;6,2339763378532975;-3,4320303572414668;spy
2008-11-14;25896,161591787597;7040,4879042179955;-1,6378628487851654;-4,990671836947714;3,3528089881625482;strategy
2008-11-17;25743,44068010147;6947,0155932499365;-0,5897434302949311;-1,3276396783816535;0,7378962480867224;strategy
2008-11-18;25817,013859765364;7077,876704581534;0,2857938865987064;1,8837025709104172;-1,5979086843117107;spy
2008-11-19;24933,163050812956;6624,333248666498;-3,423520681955583;-6,407902748877447;2,984382066921864;strategy
2008-11-20;24303,52809663485;6132,588017129159;-2,5252911269016742;-7,423316627923704;4,89802550102203;strategy
2008-11-21;24718,21199715109;6463,398253944945;1,706270377154251;5,3943006752090294;-3,6880302980547786;spy
2008-11-24;25327,546543687953;6911,252123285496;2,4651238795390773;6,929077425597319;-4,463953546058241;spy
2008-11-25;25590,642519421002;6962,459022574296;1,0387740292145065;0,7409207242819793;0,29785330493252715;strategy
2008-11-26;26007,75188173131;7231,496162211074;1,6299292289897016;3,8641109235182824;-2,234181694528581;spy
2008-11-28;26084,44555147453;7322,529547402845;0,2948877322883625;1,2588457927624308;-0,9639580604740683;spy
2008-12-01;24893,184402070685;6673,91419743777;-4,566940658382157;-8,857804475437403;4,290863817055246;strategy
2008-12-02;25254,31661065547;6930,759188666815;1,4507272462688459;3,848491059828918;-2,397763813560072;spy
2008-12-03;25603,014901135015;7097,383769962853;1,380747283149275;2,404131737378812;-1,0233844542295367;spy
2008-12-04;25046,38655738528;6933,198114443105;-2,17407342806748;-2,3133264431128175;0,1392530150453375;strategy
2008-12-05;25628,86092688772;7146,964718734124;2,3255824474636144;3,0832323087047753;-0,7576498612411608;spy
2008-12-08;25794,206708252284;7396,494792989586;0,6451546240632933;3,4914132652897445;-2,8462586412264512;spy
2008-12-09;25452,228097906762;7274,574549149099;-1,3257961921973482;-1,6483516483516425;0,32255545615429426;strategy
2008-12-10;25443,87646123158;7324,15549792037;-0,03281298848594183;0,6815649277670977;-0,7143779162530395;spy
2008-12-11;24886,629055543006;7147,777693992888;-2,1901041947662403;-2,408165746584201;0,21806155181796072;strategy
2008-12-12;25194,711312717875;7233,121492610173;1,2379428989248709;1,1939906677429057;0,04395223118196512;strategy
2008-12-15;25035,630596749623;7132,33426466853;-0,6314051945018773;-1,3934126233689614;0,7620074288670842;strategy
2008-12-16;25766,641185873712;7468,021112800037;2,919880872579239;4,706549576544683;-1,7866687039654439;spy
2008-12-17;25756,08071315013;7395,681817730821;-0,04098505756882087;-0,9686541317515562;0,9276690741827354;strategy
2008-12-18;25530,90759352627;7257,5057894256415;-0,8742522673835906;-1,8683338698253449;0,9940816024417543;strategy
2008-12-19;25401,476689128292;7168,097734632969;-0,506957709685163;-1,2319391453044615;0,7249814356192985;strategy
2008-12-22;25241,308331099346;7076,250754064008;-0,6305474283607171;-1,2813299144234347;0,6507824860627176;strategy
2008-12-23;25090,81269563188;7003,099103854458;-0,5962275548214824;-1,033762832210794;0,4375352773893115;strategy
2008-12-24;25175,38089621724;7043,73918513462;0,33704847113256164;0,5803156670707965;-0,24326719593823487;spy
2008-12-26;25250,626587626848;7084,379266414783;0,2988860097878909;0,5769674346536302;-0,2780814248657393;spy
2008-12-29;25091,248049960777;7064,059225774701;-0,631186466256517;-0,2868288085085213;-0,34435765774799565;spy
2008-12-30;25370,026572135903;7231,496162211074;1,1110588107057673;2,370265184434528;-1,2592063737287607;spy
2008-12-31;25538,03528684364;7334,721695810577;0,6622331049990438;1,4274436615056008;-0,765210556506557;spy
2009-01-02;25680,361753907586;7555,803837193612;0,5573117331279853;3,0141858212467953;-2,45687408811881;spy
2009-01-05;25620,450016947336;7546,862969702502;-0,23329786992246637;-0,1183311224558059;-0,11496674746666047;spy
2009-01-06;25530,0352570569;7597,256893732538;-0,3529007485451152;0,6677466416489475;-1,0206473901940627;spy
2009-01-07;25346,676059065365;7369,672190516258;-0,7182097327533166;-2,9956167916873944;2,277407058934078;strategy
2009-01-08;25484,297936462644;7399,746073906211;0,5429582840628777;0,4080762700497509;0,13488201401312683;strategy
2009-01-09;25224,31893902507;7241,249384842519;-1,0201536573059777;-2,141920648096285;1,1217669907903072;strategy
2009-01-12;25042,46441630009;7067,309886572898;-0,7209491886166708;-2,4020647408403595;1,6811155522236887;strategy
2009-01-13;25038,692776095057;7080,315010239396;-0,015060978593528507;0,18401801923537686;-0,19907899782890537;spy
2009-01-14;24577,91660811771;6857,607538457264;-1,8402564866216164;-3,1454458094033466;1,3051893227817302;strategy
2009-01-15;24872,164225625296;6860,045844115126;1,1972032544467215;0,03555621467381531;1,1616470397729062;strategy
2009-01-16;25057,974840670668;6913,690428943358;0,7470625127745656;0,7819858066145491;-0,034923293839983494;spy
2009-01-20;24584,326562138784;6548,742672680657;-1,8902097298107434;-5,278624491702577;3,3884147618918337;strategy
2009-01-21;24870,282321496044;6831,597911242698;1,1631628738516975;4,3192297010237635;-3,156066827172066;spy
2009-01-22;24758,703048490253;6725,933451866903;-0,4486449794313341;-1,5467019685380445;1,0980569891067105;strategy
2009-01-23;24577,205134171294;6755,194359998095;-0,7330671318424575;0,4350460548055324;-1,16811318664799;spy
2009-01-26;24614,36753335044;6801,5240278527435;0,151206774636381;0,6858376737314487;-0,5346308990950677;spy
2009-01-27;24739,754838325527;6870,612042005334;0,5094069746264918;1,0157725514115645;-0,5063655767850728;spy
2009-01-28;24989,687546731824;7103,073356537338;1,0102473126334832;3,3834149433964456;-2,3731676307629623;spy
2009-01-29;24746,861138917753;6872,237992522861;-0,9717064583539714;-3,2497955804162926;2,278089122062321;strategy
2009-01-30;24466,998441557043;6732,436013700152;-1,13090179716;-2,034300601562633;0,9033988044026331;strategy
2009-02-02;24604,718651797863;6712,115973060071;0,5628815098418505;-0,3018230043142056;0,8647045141560561;strategy
2009-02-03;24827,684212439646;6806,400639168466;0,9061902466642957;1,40469363888851;-0,49850339222421436;spy
2009-02-04;24590,18474431855;6773,076094980315;-0,9565913038401708;-0,4896059746524406;-0,46698532918773017;spy
2009-02-05;24496,713933542713;6873,863322921959;-0,38011430880946495;1,48805692610392;-1,868171234913385;spy
2009-02-06;24722,921064855254;7069,748812349187;0,9234182671448155;2,849714639713863;-1,9262963725690474;spy
2009-02-09;24552,25435427339;7079,502034980633;-0,6903177425279017;0,1379571310144545;-0,8282748735423562;spy
2009-02-10;24183,472606227464;6755,194359998095;-1,502028053003368;-4,580939074246981;3,078911021243613;strategy
2009-02-11;24261,45335580064;6795,021466019494;0,3224547228717567;0,5895774999049808;-0,26712277703322407;spy
2009-02-12;24399,336984728452;6799,898697453645;0,5683238629842657;0,07177654196590666;0,4965473210183591;strategy
2009-02-13;24317,381910742068;6726,746427125667;-0,3358905778369281;-1,075784707724703;0,7398941298877748;strategy
2009-02-17;24003,118988965547;6439,0145772479045;-1,2923386363303258;-4,2774297053547405;2,985091069024415;strategy
2009-02-18;23928,255655794906;6423,571147923546;-0,31189002231358787;-0,23984150274992677;-0,0720485195636611;spy
2009-02-19;23929,53096844869;6354,483133770955;0,005329735155501503;-1,0755390196763748;1,0808687548318763;strategy
2009-02-20;23915,775420547485;6292,710036591949;-0,05748356672490296;-0,9721183592527383;0,9146347925278353;strategy
2009-02-23;23657,48784369488;6067,564259151956;-1,079988301908441;-3,577882599560056;2,497894297651615;strategy
2009-02-24;23966,372420349664;6297,587268026098;1,3056524796529079;3,7910271576800936;-2,4853746780271857;spy
2009-02-25;23836,001332056425;6248,006319254826;-0,5439750580798819;-0,7873007020165135;0,24332564393663159;strategy
2009-02-26;23565,59271686279;6146,406116054419;-1,1344546068218664;-1,6261219660950066;0,4916673592731402;strategy
2009-02-27;23346,268599521252;6009,042442889573;-0,9306963757571673;-2,2348616503886976;1,3041652746315302;strategy
2009-03-02;23044,785181821753;5738,379352735268;-1,2913559030400368;-4,504263245379092;3,2129073423390553;strategy
2009-03-03;23143,62798637833;5695,300965797244;0,4289161464370972;-0,7507065024812243;1,1796226489183215;strategy
2009-03-04;23396,440259463867;5830,226333304229;1,0923623264007531;2,3690647485931082;-1,276702422192355;spy
2009-03-05;23180,9757942656;5592,075432197739;-0,920928409658861;-4,0847625373665375;3,1638341277076765;strategy
2009-03-06;23136,604294994857;5601,828654829185;-0,19141342307824605;0,17441149980361725;-0,3658249228818633;spy
2009-03-09;22863,64052097283;5535,991921593219;-1,1797918594349532;-1,1752721707974922;-0,004519688637460995;spy
2009-03-10;23171,725699223054;5865,989183150241;1,3474896002131365;5,960941891368421;-4,613452291155284;spy
2009-03-11;23173,677812098213;5904,190958772543;0,008424546796814703;0,6512418354270855;-0,6428172886302708;spy
2009-03-12;23558,313331907128;6136,652273304547;1,6597948885269664;3,937225542927414;-2,2774306544004475;spy
2009-03-13;23682,511874568496;6184,607271558293;0,5271962424116206;0,7814521031663801;-0,2542558607547596;spy
2009-03-16;23561,11878005307;6165,913181435738;-0,512585384347608;-0,30226802287876;-0,21031736146884805;spy
2009-03-17;23797,286403676393;6354,483133770955;1,002361669783114;3,0582647985210265;-2,0559031287379126;spy
2009-03-18;24201,020754811747;6496,723418251524;1,6965562555610658;2,2384241406611327;-0,5418678851000669;spy
2009-03-19;24126,368893941282;6416,256230949962;-0,3084657528572343;-1,2385810834351085;0,9301153305778742;strategy
2009-03-20;24015,5123844739;6235,001195588329;-0,4594827756912112;-2,824934491975495;2,3654517162842836;strategy
2009-03-23;24496,073254724644;6682,85506492888;2,001043586150719;7,182899494188333;-5,181855908037614;spy
2009-03-24;24228,49120287571;6551,180978338519;-1,0923467164163703;-1,970326833532221;0,8779801171158508;strategy
2009-03-25;24399,366623036323;6620,268992491109;0,7052664515086793;1,054588697534542;-0,3493222460258627;spy
2009-03-26;24680,460053254963;6755,194359998095;1,1520521600476785;2,0380647321131873;-0,8860125720655088;spy
2009-03-27;24392,701057441263;6633,274116157607;-1,1659385408245182;-1,8048369498064654;0,6388984089819472;strategy
2009-03-30;24402,994157765417;6404,064082542228;0,04219746021532078;-3,4554584900548524;3,497655950270173;strategy
2009-03-31;24403,8944663188;6463,398253944945;0,0036893364296242126;0,9265080835850092;-0,922818747155385;spy
2009-04-01;24636,091521757677;6588,569778702057;0,9514754120877766;1,9366209513813182;-0,9851455392935415;spy
2009-04-02;24954,587157780552;6781,203987212662;1,2928009937842377;2,9237636540377254;-1,6309626602534877;spy
2009-04-03;24961,205416450728;6848,666670966155;0,02652121082320491;0,9948481697454881;-0,9683269589222832;spy
2009-04-06;24826,4196132083;6795,021466019494;-0,5399811467181603;-0,7832941435751417;0,24331299685698138;strategy
2009-04-07;24534,659696806837;6636,525397074232;-1,1751993277606565;-2,3325322773131485;1,157332949552492;strategy
2009-04-08;24739,709947199855;6708,0517168846845;0,8357574668936829;1,0777675896785466;-0,24201012278486367;spy
2009-04-09;25170,53426841643;6974,650550863601;1,7414283438894618;3,9743109509407404;-2,2328826070512786;spy
2009-04-13;25109,91023153403;6976,276501381128;-0,24085319856904652;0,023312286481869116;-0,26416548505091564;spy
2009-04-14;24811,28000161015;6855,981587939737;-1,1892923039957704;-1,7243426836303755;0,5350503796346051;strategy
2009-04-15;24840,05604644154;6929,133858267716;0,11597968677763415;1,0669846380080727;-0,9510049512304386;spy
2009-04-16;25160,0155657261;7030,7340614681225;1,2880788943726795;1,4662756598240456;-0,1781967654513661;spy
2009-04-17;25208,59882461444;7077,876704581534;0,19309709392438812;0,6705223480401035;-0,47742525411571535;spy
2009-04-20;24968,552921285584;6781,203987212662;-0,952238182688947;-4,19154966597306;3,239311483284113;strategy
2009-04-21;25124,296537003014;6913,690428943358;0,6237590789038405;1,9537303697179098;-1,3299712908140693;spy
2009-04-22;25150,49641464094;6871,425017264097;0,10428103966746427;-0,6113292475798726;0,7156102872473369;strategy
2009-04-23;25094,625265824274;6938,88770101759;-0,22214730037750652;0,9817859262670758;-1,2039332266445824;spy
2009-04-24;25088,119590942166;7043,73918513462;-0,025924574737390405;1,5110704861480029;-1,5369950608853933;spy
2009-04-27;25060,175175246404;6977,088856521463;-0,11138505456522729;-0,9462350445033296;0,8348499899381023;strategy
2009-04-28;25024,444609533355;6955,143485482284;-0,1425790740215649;-0,3145347793394815;0,1719557053179166;strategy
2009-04-29;25069,428943486826;7103,073356537338;0,1797615677605613;2,1269132889038644;-1,9471517211433031;spy
2009-04-30;25214,315214668233;7105,511662195199;0,5779400540316226;0,03432747397458247;0,5436125800570402;strategy
2009-05-01;24924,36458408327;7143,713437817501;-1,149944498259814;0,537635816229165;-1,687580314488979;spy
2009-05-04;25378,25220757747;7386,740950239712;1,8210599590733567;3,401977340463702;-1,5809173813903454;spy
2009-05-05;25318,342505724693;7361,544298283909;-0,23606709147168115;-0,3411064788319984;0,10503938736031726;strategy
2009-05-06;25115,1981222346;7489,154128698883;-0,8023605156781466;1,7334654964274554;-2,535826012105602;spy
2009-05-07;24765,44575378982;7385,115619840614;-1,392592512081925;-1,3891890468589407;-0,003403465222984181;spy
2009-05-08;24737,14067469503;7557,429787711138;-0,11429262923909889;2,3332629675774985;-2,4475555968165974;spy
2009-05-11;24534,545528828326;7416,001858370903;-0,8189917684138348;-1,8713760274717384;1,0523842590579036;strategy
2009-05-12;24097,389081565547;7394,056487331725;-1,7817996536724778;-0,29591916855316036;-1,4858804851193175;spy
2009-05-13;23716,32050207998;7207,924840654368;-1,5813687457828518;-2,5173143726485936;0,9359456268657418;strategy
2009-05-14;23908,073802360053;7269,697937833376;0,8085288789348999;0,8570163888307114;-0,04848750989581152;spy
2009-05-15;23994,739360382344;7210,36314631223;0,3624949409924305;-0,8161933553298417;1,1786882963222722;strategy
2009-05-18;24348,184155312338;7415,189503230569;1,4730095193847603;2,8407217883761993;-1,367712268991439;spy
2009-05-19;24489,963295250695;7406,24863573946;0,5822986183855683;-0,12057503705352746;0,7028736554390957;strategy
2009-05-20;24274,32570721317;7356,667686968188;-0,8805141332300037;-0,6694475328848037;-0,21106660034519997;spy
2009-05-21;24110,56532395752;7251,003227592393;-0,6746238195485255;-1,4363087184564804;0,761684898907955;strategy
2009-05-22;24068,56712778929;7235,559798268034;-0,17419001008033286;-0,21298334643670147;0,03879333635636861;strategy
2009-05-26;24540,72636105668;7420,879089805054;1,9617255599825079;2,561229493001771;-0,5995039330192631;spy
2009-05-27;24289,427185012086;7288,392027955932;-1,024008712486102;-1,7853283990455493;0,7613196865594474;strategy
2009-05-28;24211,98088630835;7389,992231156338;-0,3188477773223286;1,3940002515054228;-1,7128480288277514;spy
2009-05-29;24399,37297046827;7520,853342487935;0,7739642825585147;1,7707882124677221;-0,9968239299092074;spy
2009-06-01;24916,28113311385;7702,920732989903;2,1185305182687353;2,4208342087114643;-0,302303690442729;spy
2009-06-02;24967,487955322416;7709,423294823152;0,20551550985876688;0,08441683432363067;0,1210986755351362;strategy
2009-06-03;24636,218676354256;7611,887347798133;-1,3268025984870535;-1,2651523115939645;-0,061650286893089046;spy
2009-06-04;24833,363259680013;7683,4136676085855;0,8002225743960256;0,9396660321193906;-0,13944345772336497;spy
2009-06-05;24704,822906239053;7685,03961812611;-0,5176115377398816;0,0211618245205214;-0,538773362260403;spy
2009-06-08;24599,562967323713;7653,340404337059;-0,4260704046121999;-0,41247951037604036;-0,013590894236159556;spy
2009-06-09;24702,01725146078;7692,354535099695;0,41648822897040194;0,5097660459546072;-0,09327781698420523;spy
2009-06-10;24366,764917686567;7672,8474697183765;-1,3571860563508786;-0,2535903057029998;-1,1035957506478788;spy
2009-06-11;24419,534199052006;7706,984989165291;0,21656252499542283;0,4449133073691547;-0,22835078237373185;spy
2009-06-12;24351,866512245208;7728,118005064134;-0,2771047402264748;0,2742060082970399;-0,5513107485235147;spy
2009-06-15;24147,383082750188;7550,927225877889;-0,8397033114163843;-2,29280633486878;1,4531030234523956;strategy
2009-06-16;23919,409546895724;7448,514047418719;-0,9440920992275892;-1,3562993708665094;0,41220727163892024;strategy
2009-06-17;24000,3789027647;7441,199130445135;0,3385090075498365;-0,0982063929398036;0,4367154004896401;strategy
2009-06-18;23924,07111080476;7495,656690532131;-0,3179441135870875;0,7318384998485916;-1,0497826134356791;spy
2009-06-19;24039,062713592626;7481,026236466536;0,4806523198132906;-0,19518575449265496;0,6758380743059456;strategy
2009-06-22;23497,822776373134;7256,692814166879;-2,251501831281688;-2,998698510187492;0,7471966789058038;strategy
2009-06-23;23654,638107623403;7262,382400741364;0,6673611114641043;0,07840467717439292;0,5889564342897113;strategy
2009-06-24;23933,22661842322;7324,968473179136;1,1777331343320485;0,8617843151771165;0,315948819154932;strategy
2009-06-25;24197,56270819968;7484,277517383159;1,1044732663542334;2,174876858342034;-1,0704035919878008;spy
2009-06-26;24422,615509941308;7464,769831883414;0,9300639260885868;-0,26064887966054107;1,1907128057491279;strategy
2009-06-29;24440,606548415668;7534,670821294769;0,07366548626634994;0,9364118517465103;-0,8627463654801604;spy
2009-06-30;24246,68278722527;7473,710699374525;-0,7934490529367455;-0,809061515308096;0,0156124623713505;strategy
2009-07-01;24297,183508397186;7504,59755802324;0,20827888752898982;0,41327340448567007;-0,20499451695668025;spy
2009-07-02;23970,803197082772;7299,7712011049025;-1,3432845465467858;-2,7293449826547356;1,3860604361079498;strategy
2009-07-06;23816,350215861996;7298,958845964567;-0,6443379470887911;-0,01112850140031485;-0,6332094456884763;spy
2009-07-07;23409,32661963529;7157,530916624333;-1,7090091157444642;-1,9376452494786478;0,22863613373418357;strategy
2009-07-08;23438,796350288234;7152,654305308611;0,12588884392867872;-0,06813259170694863;0,19402143563562735;strategy
2009-07-09;23598,27142393509;7166,471784115443;0,6803893479150114;0,1931797374378652;0,48720961047714617;strategy
2009-07-10;23703,10042312208;7149,403024391986;0,4442232115385636;-0,2381752170055318;0,6823984285440954;strategy
2009-07-13;24057,0656111089;7323,342522661608;1,493328643376679;2,432923387815511;-0,939594744438832;spy
2009-07-14;24211,755469393353;7364,795579200534;0,6430121644304787;0,5660401163901874;0,07697204804029134;strategy
2009-07-15;24749,040875535648;7580,188134009081;2,219109666878505;2,924623670707893;-0,7055140038293883;spy
2009-07-16;24859,13489334305;7567,995985601346;0,4448415530972305;-0,16084229299052621;0,6056838460877567;strategy
2009-07-17;24838,756400322214;7650,901478560769;-0,08197587369097592;1,0954748538074988;-1,1774507274984747;spy
2009-07-20;24977,638258436615;7732,181641121093;0,5591337016880527;1,0623605961740168;-0,5032268944859641;spy
2009-07-21;24921,042946218637;7767,945111085534;-0,2265839213155485;0,462527545579694;-0,6891114668952425;spy
2009-07-22;25101,704722856935;7766,319780686435;0,724936661070652;-0,020923556691720968;0,745860217762373;strategy
2009-07-23;25643,23950969495;7937,820973298197;2,157362588784295;2,208268490801246;-0,05090590201695111;spy
2009-07-24;25480,978067194854;7970,332542227586;-0,6327649922653111;0,40957800684537915;-1,0423429991106903;spy
2009-07-27;25614,688408887203;7993,90386378429;0,5247457194921923;0,29573824469457666;0,22900747479761563;strategy
2009-07-28;25680,097625003516;7956,515063420751;0,25535823458864293;-0,4677164124142763;0,7230746470029192;strategy
2009-07-29;25660,28944323869;7937,007998039434;-0,07713437095948628;-0,24517097279183053;0,16803660183234426;strategy
2009-07-30;25936,42910432128;8019,913490998858;1,0761361897082988;1,0445433969564322;0,03159279275186666;strategy
2009-07-31;26091,38814817353;8031,29266414783;0,5974571257630457;0,1418864824632271;0,45557064329981856;strategy
2009-08-03;26474,530052527905;8163,779725996951;1,4684611726233365;1,649635586566922;-0,18117441394358558;spy
2009-08-04;26636,798497987445;8184,91212177737;0,612922855051945;0,2588555361571654;0,3540673188947796;strategy
2009-08-05;26556,598724129108;8161,341420339091;-0,3010863856795609;-0,28797745275193076;-0,013108932927630157;spy
2009-08-06;26357,418381200412;8119,075388541402;-0,7500220378286682;-0,517880941634874;-0,2321410961937942;spy
2009-08-07;26885,012206826184;8225,552203057532;2,0016900668924364;1,3114401507639872;0,6902499161284492;strategy
2009-08-10;26608,45116677235;8208,483443334073;-1,0286811027878762;-0,20750898300924137;-0,8211721197786348;spy
2009-08-11;26333,540761806256;8106,070884993333;-1,0331695116076123;-1,2476428690845087;0,21447335747689644;strategy
2009-08-12;26586,33951994061;8193,040634128143;0,9599877222018272;1,0728964793019102;-0,11290875710008308;spy
2009-08-13;26663,665326153423;8255,626086447484;0,2908478850757623;0,7638855354706875;-0,4730376503949252;spy
2009-08-14;26333,395983785136;8192,22765886938;-1,2386494442095275;-0,7679420908146439;-0,47070735339488357;spy
2009-08-17;25769,74550383904;7990,652582867667;-2,140439768168012;-2,4605648719182804;0,32012510375026837;strategy
2009-08-18;26169,679681583977;8054,051010445771;1,551952376422805;0,7934073834474198;0,7585449929753851;strategy
2009-08-19;26463,459926194286;8124,764975115888;1,1225977856238245;0,8779925105813602;0,24460527504246432;strategy
2009-08-20;26776,877594403944;8208,483443334073;1,1843412353629068;1,0304109531118044;0,1539302822511024;strategy
2009-08-21;27122,812579310033;8369,418438055625;1,2919168177337736;1,9605935229392912;-0,6686767052055176;spy
2009-08-24;27028,709827029026;8368,605462796862;-0,34695056792447554;-0,009713640974939874;-0,33723692694953566;spy
2009-08-25;27113,51605429686;8384,861867379985;0,3137635048455989;0,19425464201163756;0,11950886283396134;strategy
2009-08-26;27149,735433975882;8385,674222520322;0,13358422274150072;0,009688354479608918;0,1238958682618918;strategy
2009-08-27;27154,346596341627;8404,368932761303;0,01698418895079712;0,22293628091079043;-0,2059520919599933;spy
2009-08-28;27133,971946320547;8402,742982243775;-0,07503273904526653;-0,019346491456240233;-0,055686247589026294;spy
2009-08-31;26907,194433015924;8327,9653815167;-0,8357696903102174;-0,8899189334374613;0,054149243127243896;strategy
2009-09-01;26062,82885562021;8144,272040497207;-3,138066213100432;-2,205740929557498;-0,9323252835429341;spy
2009-09-02;25904,617859663707;8113,385801966917;-0,6070369292333622;-0,37923878741659145;-0,22779814181677072;spy
2009-09-03;26260,844454942464;8180,8484857204085;1,3751470768979868;0,831498530947905;0,5436485459500817;strategy
2009-09-04;26600,569331055514;8295,453192468885;1,2936555665448601;1,4008902248772603;-0,1072346583324002;spy
2009-09-08;26869,779846336605;8366,980132397763;1,0120479450294928;0,8622427041576675;0,14980524087182534;strategy
2009-09-09;27133,629322281493;8431,191535234633;0,9819562253721381;0,7674382133195046;0,21451801205263354;strategy
2009-09-10;27443,528472434245;8517,348309110681;1,142122000974899;1,0218813499372148;0,12024065103768411;strategy
2009-09-11;27354,916640261574;8515,722358593155;-0,32288789782144445;-0,019089867626831403;-0,30379803019461304;spy
2009-09-14;27422,94798216175;8557,17541513208;0,24869877249067418;0,4867826215247062;-0,238083849034032;spy
2009-09-15;27535,45905589311;8592,93888509652;0,4102807393448149;0,4179354545098768;-0,007654715165061887;spy
2009-09-16;27847,84490923291;8722,987021169354;1,1344857287677756;1,5134302455983573;-0,3789445168305816;spy
2009-09-17;27516,714917163445;8709,982517621285;-1,1890686448044696;-0,1490831468224041;-1,0399854979820655;spy
2009-09-18;27478,7553044902;8674,219047656845;-0,1379511064003025;-0,41060323476065363;0,27265212836035113;strategy
2009-09-21;27351,095073863013;8652,27305649924;-0,4645779228811264;-0,2530025012860704;-0,21157542159505605;spy
2009-09-22;27556,04470495739;8702,666980529273;0,749328794846793;0,5824356640268036;0,16689313081998947;strategy
2009-09-23;27413,541726711628;8630,327685460059;-0,5171387249931603;-0,8312313366817481;0,3140926116885878;strategy
2009-09-24;27058,43152669637;8535,230044092901;-1,2953824192269203;-1,1019007021873972;-0,1934817170395231;spy
2009-09-25;26743,97528500537;8489,71273137859;-1,16213772916125;-0,5332874741415305;-0,6288502550197195;spy
2009-09-28;27193,588891353058;8641,70685860903;1,6811771681518595;1,7903329834549009;-0,10915581530304141;spy
2009-09-29;27022,962387016283;8615,697231394463;-0,627451216602859;-0,3009778929107809;-0,32647332369207804;spy
2009-09-30;26924,622673718397;8582,372067087885;-0,36391166848951384;-0,3867959076503391;0,02288423916082527;strategy
2009-10-01;26220,313917136562;8369,418438055625;-2,6158537674487947;-2,48129103897633;-0,13456272847246487;spy
2009-10-02;26145,349146896784;8330,40368717456;-0,2859034048054765;-0,46615844541439966;0,18025504060892317;strategy
2009-10-05;26690,314846865833;8454,762236672912;2,08436956380722;1,4928274087102622;0,591542155096958;strategy
2009-10-06;26986,650117914753;8575,870125373063;1,110272669127843;1,4324221700149131;-0,32214950088707006;spy
2009-10-07;26951,805305677422;8599,441446929768;-0,12911870159905137;0,2748563260883019;-0,40397502768735327;spy
2009-10-08;27114,610232308285;8665,278180165735;0,6040594490216433;0,76559313348743;-0,16153368446578664;spy
2009-10-09;27273,795878569428;8718,110409853633;0,5870843980322782;0,6097003303232373;-0,02261593229095915;spy
2009-10-12;27364,073522748797;8752,247929300545;0,33100505914656075;0,3915701664930715;-0,06056510734651077;spy
2009-10-13;27217,54350649331;8734,366194318325;-0,5354831989238362;-0,2043101969535832;-0,331173001970253;spy
2009-10-14;27561,367236102287;8884,734371031243;1,263243060590491;1,7215694117648894;-0,45832635117439846;spy
2009-10-15;27499,83333464976;8917,246560079057;-0,2232614257681842;0,36593315781976443;-0,5891945835879486;spy
2009-10-16;27083,95177644564;8850,596851584329;-1,5123057407046558;-0,7474247576949034;-0,7648809830097525;spy
2009-10-19;27413,409091759087;8923,749121912306;1,2164300026555663;0,8265235842810137;0,38990641837455264;strategy
2009-10-20;27387,979105525978;8876,606478798894;-0,09276477124019467;-0,5282829276055279;0,4355181563653332;strategy
2009-10-21;27176,33490170655;8796,952266756096;-0,7727631272244073;-0,8973498175574912;0,1245866903330839;strategy
2009-10-22;27462,23508380112;8886,360321548767;1,0520189095720056;1,0163526194241879;0,03566629014781775;strategy
2009-10-23;27131,87536076876;8784,76011834836;-1,2029600723475808;-1,143327521325399;-0,05963255102218179;spy
2009-10-26;26842,549313064697;8689,662476981204;-1,066369515033283;-1,0825297456731886;0,01616023063990557;strategy
2009-10-27;26565,127863720045;8649,834750841377;-1,033513792259766;-0,45833455839430215;-0,5751792338654638;spy
2009-10-28;25894,246228031305;8486,462070580392;-2,5254221968378454;-1,8887375882538526;-0,6366846085839928;spy
2009-10-29;26423,29173566764;8668,529461082358;2,043100629295891;2,145386251511461;-0,10228562221556992;spy
2009-10-30;25825,309972346276;8417,373436309374;-2,26308580060135;-2,897331385912205;0,6342455853108553;strategy
2009-11-02;25908,534923512947;8479,14653348838;0,32226118972351614;0,733876162753333;-0,41161497302981687;spy
2009-11-03;26135,97719547277;8505,96913596171;0,8778662036710072;0,3163361119824293;0,5615300916885779;strategy
2009-11-04;26056,36948786693;8527,91450700089;-0,3045905152520123;0,2579996551645092;-0,5625901704165215;spy
2009-11-05;26531,080014527637;8684,785245547053;1,8218598215755;1,839497082403696;-0,017637260828196055;spy
2009-11-06;26503,046651987115;8707,543591844995;-0,10566234968637511;0,26204846354274114;-0,36771081322911625;spy
2009-11-09;27006,138608451995;8905,867386930086;1,898241975992443;2,277608983443158;-0,37936700745071494;spy
2009-11-10;26996,137485648127;8907,492717329185;-0,037032775950940344;0,01825010780516223;-0,055282883756102574;spy
2009-11-11;27114,266791352344;8953,010030043497;0,43757854532715523;0,5110002798628166;-0,07342173453566136;spy
2009-11-12;26830,862990621776;8861,9760247333;-1,0452202263531385;-1,0167977585718746;-0,028422467781263894;spy
2009-11-13;27092,21223442933;8909,931643105476;0,9740620117172805;0,5411391120708764;0,43292289964640407;strategy
2009-11-16;27452,199323372894;9039,166803919545;1,328747485914361;1,4504618664956004;-0,12171438058123929;spy
2009-11-17;27518,66706524053;9049,733001809753;0,24212173707716111;0,11689349382983938;0,12522824324732174;strategy
2009-11-18;27432,952162254413;9044,043415235268;-0,3114791235451442;-0,06287021477149324;-0,24860890877365094;spy
2009-11-19;27092,047431156898;8926,187427570168;-1,2426833578872865;-1,3031338114384061;0,060450453551119665;strategy
2009-11-20;26976,15052457938;8894,488213781115;-0,4277893978741121;-0,355126015964502;-0,07266338190961008;spy
2009-11-23;27208,30066011106;9007,467590130493;0,8605754750669714;1,2702178431618805;-0,40964236809490906;spy
2009-11-24;27156,14407866929;9021,285068937324;-0,19169363825148888;0,15340026115633343;-0,3450938994078223;spy
2009-11-25;27349,274882417834;9052,984282726376;0,7111864010923563;0,35138246432540043;0,3598039367669559;strategy
2009-11-27;26965,537626837337;8905,867386930086;-1,4030984632327215;-1,62506518515666;0,22196672192393851;strategy
2009-11-30;26996,96991695469;8935,94127032004;0,11656467062637343;0,3376861801702713;-0,22112150954389787;spy
2009-12-01;27246,246714074477;9046,482341011555;0,9233510200833184;1,2370389122706937;-0,31368789218737536;spy
2009-12-02;27403,546608569177;9042,41808483617;0,5773268375105944;-0,04492637051818349;0,6222532080287779;strategy
2009-12-03;27300,172513784164;8971,704120166052;-0,37722889033890983;-0,7820249407479052;0,40479605040899536;strategy
2009-12-04;27295,7033018376;9022,911019454852;-0,016370636281903828;0,5707600095025356;-0,5871306457844394;spy
2009-12-07;27344,411004647933;9009,09292052959;0,17844457888378518;-0,15314457712668483;0,33158915601047;strategy
2009-12-08;27166,72615807977;8909,118667846711;-0,6498031591829045;-1,1097038687997274;0,45990070961682283;strategy
2009-12-09;27178,08698538364;8942,443212034861;0,04181890463268445;0,37404984073698966;-0,3322309361043052;spy
2009-12-10;27146,773585305757;8992,837136064898;-0,11521561504577171;0,5635364165602619;-0,6787520316060336;spy
2009-12-11;27240,488438613203;9031,038911687197;0,3452154378970951;0,4248022625595649;-0,0795868246624698;spy
2009-12-14;27560,05912334127;9092,812008866207;1,173145942108289;0,6840087589376598;0,48913718317062926;strategy
2009-12-15;27490,24463990995;9050,545977068517;-0,25331761125357843;-0,46482905130422747;0,21151144005064904;strategy
2009-12-16;27640,288977525815;9064,36345587535;0,5458093937732222;0,1526701134035635;0,39313928036965873;strategy
2009-12-17;27374,787302610734;8955,44833570136;-0,9605604164665604;-1,2015749446078638;0,24101452814130342;strategy
2009-12-18;27386,925872406733;8957,88664135922;0,04434215200219693;0,027227064089463404;0,01711508791273353;strategy
2009-12-21;27702,187738646822;9048,920646669418;1,1511400283071849;1,0162442209291411;0,13489580737804374;strategy
2009-12-22;27898,143873553985;9081,432835717234;0,7073670020429024;0,3592935590587043;0,34807344298419807;strategy
2009-12-23;28166,381592096073;9099,313950581027;0,9614894802960849;0,1968975071143575;0,7645919731817274;strategy
2009-12-24;28230,94668344857;9142,392957637478;0,22922749640874596;0,47343137395210455;-0,2442038775433586;spy
2009-12-28;28173,80969590157;9161,900023018796;-0,2023913267509947;0,2133693604257303;-0,415760687176725;spy
2009-12-29;28164,677881266194;9148,8948993523;-0,032412423928263046;-0,1419478889075454;0,10953546497928235;strategy
2009-12-30;28129,404611995997;9145,643618435675;-0,12523938466081352;-0,03553741683988143;-0,0897019678209321;spy
2009-12-31;27993,04996447263;9057,861514160526;-0,4847406100633167;-0,9598242391404721;0,4750836290771554;strategy
2010-01-04;28284,22811263487;9211,480971790066;1,0401801466142224;1,695979314647067;-0,6557991680328445;spy
2010-01-05;28477,62100300526;9235,86464848711;0,6837481638185539;0,26470962456219826;0,4190385392563556;strategy
2010-01-06;28430,81380472872;9242,367210320357;-0,16436484730096845;0,07040555574093776;-0,23477040304190622;spy
2010-01-07;28559,359074514505;9281,381961201421;0,4521336275094656;0,42212941763988265;0,030004209869582965;strategy
2010-01-08;28581,87837022762;9312,268199731712;0,07885084414660515;0,3327762897745501;-0,25392544562794495;spy
2010-01-11;28519,357117304735;9325,273323398209;-0,2187443810131473;0,1396558108890389;-0,3584001919021862;spy
2010-01-12;28196,761020870887;9238,303574263398;-1,1311478554967391;-0,9326241292745063;-0,1985237262222328;spy
2010-01-13;28653,960185240503;9316,3324559071;1,6214598692069648;0,8446234854316836;0,7768363837752812;strategy
2010-01-14;28568,13724166307;9341,529107862903;-0,29951512120003354;0,27045677121393386;-0,5699718924139674;spy
2010-01-15;28338,745813574693;9236,677623745873;-0,8029624968121429;-1,1224231376507299;0,31946064083858694;strategy
2010-01-19;28495,013782703783;9352,095305753113;0,5514286699809912;1,2495584095142842;-0,698129739533293;spy
2010-01-20;28323,35326555136;9256,997664385954;-0,602423000955421;-1,0168591984799247;0,41443619752450367;strategy
2010-01-21;28206,21740641728;9078,993909940946;-0,4135663529520994;-1,9229102231475559;1,5093438701954565;strategy
2010-01-22;27642,319000661202;8876,606478798894;-1,9991989625230078;-2,2291834662478305;0,2299845037248227;strategy
2010-01-25;27683,536535552943;8922,12317139478;0,14911026419583973;0,5127713243185728;-0,363661060122733;spy
2010-01-26;27651,28904241847;8884,734371031243;-0,11648617615404033;-0,41905720920115686;0,3025710330471165;strategy
2010-01-27;27951,670024070372;8927,00040282893;1,0863181864364524;0,4757151990440356;0,6106029873924168;strategy
2010-01-28;27651,65274891108;8824,587224369761;-1,0733429340748946;-1,1472294593681598;0,07388652529326523;strategy
2010-01-29;27363,902054277536;8728,67660774384;-1,0406274707933205;-1,086856690147009;0,0462292193536884;strategy
2010-02-01;27630,091682220453;8864,414330391162;0,9727765704427682;1,5550779201385367;-0,5823013496957685;spy
2010-02-02;27864,92985947784;8971,704120166052;0,8499362939446975;1,2103426777678061;-0,36040638382310863;spy
2010-02-03;27701,4362561924;8927,00040282893;-0,5867361020104322;-0,49827453890994855;-0,0884615631004837;spy
2010-02-04;26804,94384874983;8651,460701358901;-3,2362668821627083;-3,0865877566524036;-0,1496791255103047;spy
2010-02-05;26809,22601999611;8669,342436341123;0,015975303923188022;0,2066903566863898;-0,19071505276320178;spy
2010-02-08;26839,01698167808;8606,756363903352;0,11112205052004054;-0,7219241009031485;0,833046151423189;strategy
2010-02-09;27262,606029909984;8714,859128937009;1,5782584307058256;1,2560221349710687;0,3222362957347569;strategy
2010-02-10;27300,149704509473;8697,790369213551;0,1377112465268393;-0,19585812542605163;0,33356937195289094;strategy
2010-02-11;27650,111244444306;8788,82375440532;1,2819033731416685;1,0466265721232881;0,23527680101838033;strategy
2010-02-12;27778,17620246555;8781,508837431737;0,4631625416949392;-0,08322976063682708;0,5463923023317663;strategy
2010-02-16;28053,907928416967;8919,684865736917;0,992619975990161;1,573488461529493;-0,580868485539332;spy
2010-02-17;28147,968742892608;8961,950897534609;0,3352859598585889;0,473851177859963;-0,1385652180013741;spy
2010-02-18;27981,14663066468;9014,783127222505;-0,5926612813581866;0,5895170626568635;-1,1821783440150502;spy
2010-02-19;27947,936926627764;9033,47721734506;-0,11868600123956519;0,20737149034792957;-0,32605749158749475;spy
2010-02-22;27971,916560199057;9035,103167862586;0,08580108662132879;0,017999165530668826;0,06780192109065997;strategy
2010-02-23;27797,272257772944;8925,374452311406;-0,6243558679658423;-1,2144710858585483;0,590115217892706;strategy
2010-02-24;28060,589515613272;9007,467590130493;0,9472773277841906;0,9197724785409589;0,02750484924323171;strategy
2010-02-25;27958,070771149927;8995,27544172276;-0,3653477928762028;-0,13535600639952294;-0,22999178647667984;spy
2010-02-26;28164,440174268882;9000,965028297243;0,7381389252791637;0,06325083218789995;0,6748880930912637;strategy
2010-03-01;28678,202858884204;9094,437339265303;1,8241537251810769;1,0384698826648275;0,7856838425162493;strategy
2010-03-02;28796,588021670614;9119,63399122111;0,41280537476124923;0,2770556441905381;0,13574973057071116;strategy
2010-03-03;28842,070616083598;9127,762503571881;0,15794438694873847;0,08913200199258675;0,06881238495615172;strategy
2010-03-04;28797,590655671855;9155,397461185546;-0,1542190261018872;0,3027571938122975;-0,4569762199141847;spy
2010-03-05;29081,70618977082;9286,258572517145;0,9865948075173714;1,4293329359690299;-0,4427381284516585;spy
2010-03-08;29026,789645639474;9287,883902916243;-0,18883535846552224;0,01750253222441156;-0,2063378906899338;spy
2010-03-09;29166,977686431957;9303,327332240602;0,4829608871801172;0,1662750039275407;0,3166858832525765;strategy
2010-03-10;29402,80051745935;9344,780388779527;0,8085267989116796;0,4455723748993501;0,36295442401232947;strategy
2010-03-11;29444,81536176717;9383,794519542165;0,14289402223055525;0,41749649686237955;-0,2746024746318243;spy
2010-03-12;29449,74130707569;9384,607494800926;0,016729414832439282;0,008663608917136578;0,008065805915302704;strategy
2010-03-15;29432,499424347618;9387,045800458787;-0,05854680538035506;0,02598196737808589;-0,08452877275844095;spy
2010-03-16;29519,669747321816;9461,824021304292;0,29617030384476717;0,7966108021103979;-0,5004404982656308;spy
2010-03-17;29708,565462781306;9517,906911790385;0,6398977938316008;0,5927281078132118;0,047169686018389;strategy
2010-03-18;29486,55203843407;9513,030300474664;-0,7473044251341321;-0,05123617367680522;-0,6960682514573269;spy
2010-03-19;29170,907642640504;9426,060551339853;-1,0704689900065012;-0,9142170936896066;-0,15625189631689462;spy
2010-03-22;29550,418705567572;9476,45385525146;1,3009916166349278;0,5346168066408641;0,7663748099940637;strategy
2010-03-23;29868,11332382509;9543,104183864618;1,075093457804921;0,7033256282488187;0,3717678295561022;strategy
2010-03-24;29784,37538666286;9496,773895891542;-0,2803589776640969;-0,4854844616640652;0,20512548399996833;strategy
2010-03-25;29735,23634357223;9481,33108668561;-0,16498262076241055;-0,16261110746894625;-0,0023715132934643;spy
2010-03-26;29726,408405358154;9475,641500111124;-0,02968847502025085;-0,060008310251669084;0,030319835231418235;strategy
2010-03-29;29833,294513939618;9535,788646772606;0,35956617134480506;0,6347554058559135;-0,27518923451110844;spy
2010-03-30;29826,934846364282;9542,291208605855;-0,02131734921989592;0,06819112790896753;-0,08950847712886345;spy
2010-03-31;29647,129614694153;9509,779019558038;-0,6028283918421029;-0,34071679785349085;-0,26211159398861206;spy
2010-04-01;29733,829487103816;9574,80339765367;0,29243934754037415;0,683763292100692;-0,3913239445603178;spy
2010-04-05;30123,585874473218;9652,832279297372;1,3108179944949505;0,8149397789496415;0,495878215545309;strategy
2010-04-06;30212,927025152814;9675,590625595314;0,29658205716904806;0,23576858728553418;0,06081346988351388;strategy
2010-04-07;29961,229246579634;9620,320090249556;-0,8330797554425562;-0,5712368111105204;-0,2618429443320358;spy
2010-04-08;30169,02196427971;9653,644634437707;0,6935386929219467;0,3463974574185569;0,3471412355033898;strategy
2010-04-09;30248,54762746716;9717,043682134237;0,2636004020336147;0,6567369122990607;-0,39313651026544605;spy
2010-04-12;30447,78297098998;9732,486491340169;0,658660858618898;0,15892497462293154;0,49973588399596647;strategy
2010-04-13;30433,80807506133;9739,802028432181;-0,045897909683489946;0,07516616743852289;-0,12106407712201284;spy
2010-04-14;30830,881690909097;9850,343099123696;1,3047122294667535;1,1349416586582173;0,1697705708085362;strategy
2010-04-15;30980,72773302156;9858,470991356045;0,48602580884558044;0,08251379825614524;0,4035120105894352;strategy
2010-04-16;30561,652146417087;9701,600252809882;-1,3526976842373806;-1,5912278758410836;0,23853019160370303;strategy
2010-04-19;30220,985061392952;9738,176077914657;-1,114688052177415;0,3770081651651491;-1,491696217342564;spy
2010-04-20;30600,931544515974;9825,145827049466;1,2572273284645608;0,8930804746080545;0,36414685385650625;strategy
2010-04-21;30634,500088963963;9807,264712185675;0,1096977861577697;-0,18199337881136257;0,2916911649691323;strategy
2010-04-22;31161,37973459981;9836,525000198439;1,7198898108530036;0,2983531990974786;1,421536611755525;strategy
2010-04-23;31428,530599937993;9900,736403035307;0,8573139816449027;0,6527854383084897;0,20452854333641302;strategy
2010-04-26;31538,772839177414;9863,347602671769;0,3507712169007249;-0,37763655996412293;0,7284077768648478;strategy
2010-04-27;30672,51495860106;9630,073932999429;-2,7466442178761374;-2,3650557505359715;-0,38158846734016594;spy
2010-04-28;30426,58316349904;9703,225583208978;-0,8017985986279785;0,7596167040720303;-1,5614153027000088;spy
2010-04-29;30872,738174920683;9823,520496650368;1,466332939930215;1,2397414901860637;0,22659144974415124;strategy
2010-04-30;30283,813335935607;9656,895915354333;-1,9075886163653855;-1,6961799118030085;-0,21140870456237693;spy
2010-05-03;30799,72828126892;9782,067440111443;1,7035996742230441;1,2961879868466752;0,4074116873763689;strategy
2010-05-04;30039,298426322464;9552,0444312373;-2,468949881642024;-2,3514764162321344;-0,11747346540988968;spy
2010-05-05;29750,00706059015;9495,148565492444;-0,9630430166066017;-0,5956407149740106;-0,36740230163259113;spy
2010-05-06;28946,070950236688;9179,781758001014;-2,7023056119486966;-3,321346741614395;0,6190411296656984;strategy
2010-05-07;28419,61065329489;9043,231060094933;-1,8187625458628731;-1,4875157330081934;-0,3312468128546797;spy
2010-05-10;29696,732585781538;9441,50398066421;4,49380516878608;4,404099794892291;0,08970537389378919;strategy
2010-05-11;29792,017164809517;9414,68137819088;0,32085879735335165;-0,28409247645567737;0,604951273809029;strategy
2010-05-12;30369,500332368818;9546,354844662816;1,9383822329473777;1,3985971609932202;0,5397850719541575;strategy
2010-05-13;30162,11288564359;9427,68588173895;-0,6828806679581301;-1,243081415418068;0,560200747459938;strategy
2010-05-14;29542,738139900062;9256,997664385954;-2,0534859347944856;-1,8104996230688175;-0,2429863117256681;spy
2010-05-17;29558,784359260553;9261,874275701679;0,05431527465227237;0,05268026948399562;0,0016350051682767486;strategy
2010-05-18;29216,19969431327;9135,89039580423;-1,1589944321913737;-1,3602417410044643;0,2012473088130906;strategy
2010-05-19;28989,529755990618;9083,871141375095;-0,7758364903521997;-0,5693944670464246;-0,2064420233057751;spy
2010-05-20;28030,500536235515;8740,868756151574;-3,3081917086182466;-3,7759494810666983;0,4677577724484516;strategy
2010-05-21;28572,079872190974;8868,478586566549;1,9321072602872302;1,4599215933218002;0,4721856669654301;strategy
2010-05-24;28399,847980467857;8754,686234958408;-0,602797879935757;-1,2831101805952039;0,6803123006594469;strategy
2010-05-25;28543,89844838231;8763,627102449516;0,5072226725070017;0,10212664681694683;0,4050960256900549;strategy
2010-05-26;28655,496645164523;8710,794872761622;0,390970409960012;-0,6028580297891439;0,9938284397491559;strategy
2010-05-27;29520,658725958358;9002,590978814771;3,019183689282956;3,3498218051900785;-0,33063811590712255;spy
2010-05-28;29240,029078537016;8889,611602465393;-0,950621224365078;-1,2549651163231257;0,3043438919580477;strategy
2010-06-01;28817,499133266832;8740,055780892812;-1,445039415437288;-1,6823662074404333;0,23732679200314521;strategy
2010-06-02;29313,304204405224;8967,640484109092;1,7204999949701927;2,603927353802682;-0,8834273588324892;spy
2010-06-03;29509,851787920765;8998,526722639383;0,6705064094616908;0,34441878646922497;0,32608762299246585;strategy
2010-06-04;28741,338125027847;8682,346939889192;-2,6042613443673535;-3,513683878436613;0,9094225340692597;strategy
2010-06-07;28272,15413432493;8574,244174855536;-1,632436140105642;-1,245086907746118;-0,387349232359524;spy
2010-06-08;28413,41136534651;8666,0911554245;0,49963377516424323;1,0711962325298696;-0,5715624573656264;spy
2010-06-09;28584,070175939407;8619,76148756985;0,6006276697948287;-0,5346085913907173;1,135236261185546;strategy
2010-06-10;29076,490246655667;8871,729867483173;1,7227080247331328;2,923147934854997;-1,2004399101218644;spy
2010-06-11;29493,018758911043;8914,808254421196;1,4325267895883176;0,48556919091862216;0,9469575986696954;strategy
2010-06-14;29670,619026364235;8900,990775614364;0,6021773115359119;-0,1549946831439608;0,7571719946798727;strategy
2010-06-15;30098,339894046105;9103,378206756413;1,4415636805616083;2,2737629579003826;-0,8321992773387743;spy
2010-06-16;30219,888291070252;9100,126925839788;0,40383754536639227;-0,035715103149425165;0,43955264851581743;strategy
2010-06-17;30197,347196278635;9114,757379905384;-0,0745902651078878;0,16077197807047305;-0,23536224317836085;spy
2010-06-18;30190,917127332716;9081,432835717234;-0,02129348947152998;-0,36561087475150966;0,3443173852799797;strategy
2010-06-21;29962,984581730016;9055,423208502667;-0,7549705914576044;-0,28640444393611686;-0,4685661475214875;spy
2010-06-22;29405,067839104275;8905,867386930086;-1,8620199236291435;-1,651560817523745;-0,21045910610539842;spy
2010-06-23;29497,512498737167;8878,232429316422;0,31438342580512035;-0,3103005739140019;0,6246839997191223;strategy
2010-06-24;29101,740574080657;8731,114913401703;-1,341712880614776;-1,6570586215892358;0,3153457409744598;strategy
2010-06-25;29195,907768424244;8767,691358624907;0,3235792515704494;0,4189206714833249;-0,09534141991287548;spy
2010-06-28;29139,71430575008;8740,055780892812;-0,19247033906216737;-0,3151978850727821;0,12272754601061475;strategy
2010-06-29;28354,79520319021;8470,20566599727;-2,6936403504991935;-3,0875102134414134;0,39386986294221993;strategy
2010-06-30;28233,33038934923;8389,738478695708;-0,428374858540026;-0,9500027564217084;0,5216278978816824;strategy
2010-07-01;28130,22410020316;8352,34967833217;-0,3651935061297906;-0,445649175578966;0,08045566944917537;strategy
2010-07-02;27859,430144757476;8306,832365617858;-0,9626441456032531;-0,5449641653820336;-0,41767998022121944;spy
2010-07-06;27756,657511713354;8361,29054582328;-0,36889711135552616;0,6555829925113832;-1,0244801038669094;spy
2010-07-07;28554,05529554738;8624,638098885573;2,8728163090153025;3,1496041384884377;-0,2767878294731352;spy
2010-07-08;28649,397164794827;8709,982517621285;0,33389957489615707;0,9895420278184242;-0,6556424529222671;spy
2010-07-09;28891,48144037927;8775,006275598489;0,8449890732148635;0,7465429218216357;0,09844615139322777;strategy
2010-07-12;28840,545577864985;8780,695862172975;-0,17630062556465154;0,06483854707100001;-0,24113917263565154;spy
2010-07-13;29113,947463905453;8913,182924022098;0,9479775106969734;1,5088446739155659;-0,5608671632185924;spy
2010-07-14;29189,971852326293;8912,369948763335;0,2611270371875696;-0,00912104313007811;0,2702480803176477;strategy
2010-07-15;29061,875549555894;8914,808254421196;-0,43883667794695214;0,027358667468679876;-0,466195345415632;spy
2010-07-16;28548,04310712486;8669,342436341123;-1,7680635978048143;-2,7534615560389275;0,9853979582341132;strategy
2010-07-19;28615,28024823907;8720,548715511493;0,23552276722402787;0,5906593210082134;-0,3551365537841855;spy
2010-07-20;28902,290947226025;8817,272307396177;1,0029980363537305;1,1091457090611545;-0,10614767270742398;spy
2010-07-21;28676,09747631639;8702,666980529273;-0,7826143308938827;-1,299782096678237;0,5171677657843543;strategy
2010-07-22;29179,279681222968;8896,926519438977;1,7547094939335928;2,2321839884753336;-0,47747449454174085;spy
2010-07-23;29519,477606825974;8974,143045942343;1,1658887036266607;0,867901137934024;0,29798756569263674;strategy
2010-07-26;29762,665811184706;9067,614736791975;0,8238228589197538;1,0415667587547084;-0,21774389983495457;spy
2010-07-27;29585,49954327556;9066,802381651638;-0,5952634385410716;-0,008958862544528046;-0,5863045759965435;spy
2010-07-28;29502,15085405614;9008,280565389256;-0,28172141929698746;-0,645451547293141;0,36373012799615356;strategy
2010-07-29;29277,27923580508;8964,389203192468;-0,7622210982632271;-0,4872335167426134;-0,27498758152061376;spy
2010-07-30;29353,075020792883;8962,763252674942;0,2588894424831345;-0,018137884028357476;0,277027326511492;strategy
2010-08-02;29575,27995461591;9165,151303935421;0,7570073447692449;2,258098820138721;-1,501091475369476;spy
2010-08-03;29439,139124539397;9121,259941738634;-0,46031966657771317;-0,4788940274007336;0,01857436082302044;strategy
2010-08-04;29536,713395770785;9182,220063658877;0,33144403720031246;0,6683300586719509;-0,3368860214716385;spy
2010-08-05;29428,595824504147;9172,466220909004;-0,3660446909510173;-0,10622532113422345;-0,2598193698167939;spy
2010-08-06;29537,42456896233;9135,077420545467;0,3698061066425895;-0,4076199297230132;0,7774260363656027;strategy
2010-08-09;29767,850254046873;9183,845394057975;0,780114341203153;0,5338539704417222;0,2462603707614308;strategy
2010-08-10;29773,036255154155;9134,264445286703;0,01742148345622585;-0,5398713354141549;0,5572928188703807;strategy
2010-08-11;29174,090446012924;8883,922015890907;-2,0117055042968457;-2,740696099782536;0,7289905954856901;strategy
2010-08-12;29260,704575717078;8829,463835685483;0,29688716384983493;-0,6129970536437934;0,9098842174936284;strategy
2010-08-13;29245,199365057713;8803,454208470917;-0,052989874591846675;-0,294577651583372;0,24158777699152534;strategy
2010-08-16;29364,774178151492;8799,390572413959;0,4088698852798611;-0,04615956374315333;0,45502944902301445;strategy
2010-08-17;29638,508556568377;8907,492717329185;0,9321862199797026;1,2285185437060475;-0,2963323237263449;spy
2010-08-18;29713,610857988424;8923,749121912306;0,2533943341875844;0,18250258629450844;0,07089174789307595;strategy
2010-08-19;29509,72007085442;8768,503713765238;-0,6861865025710623;-1,7396881739521586;1,0535016713810963;strategy
2010-08-20;29613,818243766327;8740,055780892812;0,3527589304878731;-0,32443315075258994;0,677192081240463;strategy
2010-08-23;29406,594622022683;8706,731236704662;-0,6997531356405351;-0,38128525748087894;-0,31846787815965616;spy
2010-08-24;29023,43938153384;8577,495455772161;-1,3029568551330861;-1,4843203197508315;0,18136346461774533;strategy
2010-08-25;29188,05814049461;8610,820620078739;0,5671924570921361;0,3885185888865994;0,17867386820553666;strategy
2010-08-26;29044,800314268974;8553,111779075121;-0,49080971929024164;-0,6701897943275248;0,17938007503728315;strategy
2010-08-27;29400,386342870705;8685,598220805818;1,2242674239596685;1,548985271709169;-0,3247178477495005;spy
2010-08-30;29022,460773236802;8559,613720789943;-1,2854442292917212;-1,4504988236053395;0,16505459431361835;strategy
2010-08-31;29081,19420240698;8559,613720789943;0,20237232683018025;0,0;0,20237232683018025;strategy
2010-09-01;29706,39758139365;8815,646356878651;2,1498545576746686;2,991170448110836;-0,8413158904361673;spy
2010-09-02;30027,097108724374;8897,73949469774;1,079563842946718;0,9312208600000593;0,1483429829466587;strategy
2010-09-03;30238,23678938653;9013,157176704979;0,703163811998353;1,297157351887157;-0,5939935398888041;spy
2010-09-07;30187,956193784194;8911,556973504572;-0,1662815062681955;-1,1272432202003357;0,9609617139321402;strategy
2010-09-08;30383,053462726253;8974,143045942343;0,6462751823597568;0,7023023319477018;-0,05602714958794497;spy
2010-09-09;30203,336571738284;9015,59548236284;-0,5915037183752636;0,4619096910789766;-1,0534134094542402;spy
2010-09-10;30168,46834531449;9061,112795077153;-0,11544494874258238;0,5048730591712847;-0,620318007913867;spy
2010-09-13;30464,961760387494;9161,900023018796;0,9827924032446145;1,112305190554519;-0,12951278730990445;spy
2010-09-14;30508,646546133634;9156,210436444311;0,14339353546453104;-0,06210050928507904;0,20549404474961008;strategy
2010-09-15;30617,4865689894;9191,160931149987;0,35675139731676797;0,38171353692968424;-0,024962139612916268;spy
2010-09-16;30606,57966638793;9188,722625492124;-0,035623115492822155;-0,026528810409565118;-0,009094305083257037;spy
2010-09-17;30660,80538746703;9143,205312777813;0,17717014338145542;-0,49536061288903976;0,6725307562704952;strategy
2010-09-20;30971,722466149018;9283,007291600521;1,0140538539443522;1,5290259164073783;-0,5149720624630261;spy
2010-09-21;30920,633597104643;9264,313201477966;-0,1649532701973988;-0,20137967724608297;0,03642640704868416;strategy
2010-09-22;30874,617531678654;9218,795888763654;-0,1488199304890636;-0,491318802855778;0,3424988723667144;strategy
2010-09-23;30772,005412312305;9144,018288036576;-0,3323510623607362;-0,81114281766691;0,4787917553061738;strategy
2010-09-24;31206,055032086268;9332,588240371793;1,410534068086089;2,062221950954868;-0,6516878828687789;spy
2010-09-27;31171,42843128372;9287,883902916243;-0,11096116047653037;-0,4790132844623374;0,368052123985807;strategy
2010-09-28;31317,952639157204;9320,396091964061;0,470059330763406;0,35004947722925284;0,12000985353415317;strategy
2010-09-29;31332,15568231314;9304,140307499365;0,04535112278756248;-0,17441087593597082;0,2197619987235333;strategy
2010-09-30;31201,355949493478;9276,504729767272;-0,4174616459393432;-0,29702451616963055;-0,12043712976971266;spy
2010-10-01;31259,814207968844;9315,519480648336;0,18735807049536923;0,42057598220017756;-0,23321791170480832;spy
2010-10-04;31066,657668398013;9245,618491236983;-0,6179068700977508;-0,7503713513407617;0,1324644812430109;strategy
2010-10-05;31387,413770271705;9431,75013791434;1,0324770218200108;2,0131876180460306;-0,9807105962260199;spy
2010-10-06;31066,869605365442;9430,937162655575;-1,0212506428607493;-0,008619558903455449;-1,0126310839572938;spy
2010-10-07;31122,90424596831;9419,557989506604;0,1803678365881911;-0,12065792564104338;0,3010257622292345;strategy
2010-10-08;31257,08927819135;9472,390219194502;0,4311455999175262;0,5608780130315294;-0,1297324131140032;spy
2010-10-11;31257,12044267722;9481,33108668561;9,97037363115183e-05;0,09438871588072217;-0,09428901214441066;spy
2010-10-12;31664,267516960837;9510,591994816803;1,3025738408318555;0,30861603569865004;0,9939578051332054;strategy
2010-10-13;31809,604012584572;9584,556620285117;0,45899212904856324;0,777707901975222;-0,31871577292665876;spy
2010-10-14;31635,338669740297;9547,167819921577;-0,5478387683648389;-0,39009420930760097;-0,15774455905723794;spy
2010-10-15;31738,259753270984;9566,674885302897;0,32533580438363074;0,20432305945869977;0,12101274492493097;strategy
2010-10-18;31703,491189185053;9613,817528416306;-0,10954779611804799;0,49277981826092443;-0,6023276143789724;spy
2010-10-19;31275,79828467282;9487,83364851886;-1,3490404005036871;-1,3104459235373067;-0,03859447696638041;spy
2010-10-20;31702,480549655345;9580,492984228158;1,3642569922559744;0,9766121450049292;0,3876448472510452;strategy
2010-10-21;31817,18048032488;9601,625380008572;0,36180112306947176;0,2205773316175108;0,14122379145196096;strategy
2010-10-22;32046,959236220446;9619,507114990793;0,722184531836989;0,18623654094493958;0,5359479908920495;strategy
2010-10-25;32233,98742161929;9647,95504786322;0,5836066505413129;0,2957317098720713;0,2878749406692416;strategy
2010-10-26;32330,55285460381;9649,580998380747;0,2995764430923531;0,01685279947365448;0,2827236436186986;strategy
2010-10-27;32534,47505614573;9621,945420648652;0,6307414613631712;-0,2863914789329458;0,917132940296117;strategy
2010-10-28;32550,970232896427;9623,57137116618;0,05070060826932732;0,016898355233219142;0,033802253036108176;strategy
2010-10-29;32610,773063903187;9630,886288139764;0,1837205790760743;0,0760104195361544;0,10771015953991991;strategy
2010-11-01;32503,161981115947;9634,137569056387;-0,32998629801375134;0,03375889631909157;-0,3637451943328429;spy
2010-11-02;32806,08367431025;9710,54112030099;0,9319760747286576;0,7930502413625584;0,1389258333660992;strategy
2010-11-03;32943,38368178451;9749,555251063628;0,41851995757047344;0,40177092377555734;0,0167490337949161;strategy
2010-11-04;33228,525418427045;9937,31284825851;0,8655508474686657;1,9258067917959476;-1,0602559443272819;spy
2010-11-05;33108,272522724394;9974,701648622047;-0,3618965758738213;0,3762465863202502;-0,7381431621940715;spy
2010-11-08;33289,248298692684;9956,006938381064;0,5466179965870399;-0,18742124726673914;0,734039243853779;strategy
2010-11-09;33176,792298353546;9884,480618570613;-0,3378147783035246;-0,7184237641971958;0,3806089858936712;strategy
2010-11-10;33262,57755475792;9924,307724592012;0,25857007402319;0,40292563219328503;-0,14435555817009504;spy
2010-11-11;33244,50112860466;9886,918924228474;-0,05434463436726489;-0,37673963163082913;0,32239499726356424;strategy
2010-11-12;32844,288848454016;9769,875291703709;-1,2038450467415363;-1,183823124491723;-0,02002192224981325;spy
2010-11-15;32587,739921470937;9756,057812896875;-0,7811066580458381;-0,14142942867005903;-0,6396772293757791;spy
2010-11-16;32189,516804479572;9604,064305784861;-1,222002869640526;-1,5579397952222962;0,33593692558177013;strategy
2010-11-17;32405,35202062469;9608,940917100585;0,6705139982563502;0,050776537520547116;0,619737460735803;strategy
2010-11-18;32812,754151321315;9750,368226322391;1,2572063109739684;1,4718303551030765;-0,21462404412910807;spy
2010-11-19;33019,30756307468;9777,19082879572;0,6294912362455607;0,2750932257195915;0,3543980105259692;strategy
2010-11-22;33369,88400888422;9769,062936563372;1,0617316705986424;-0,08313116082800942;1,1448628314266518;strategy
2010-11-23;33193,839453562345;9627,635007223142;-0,5275551910069676;-1,447712336982676;0,9201571459757085;strategy
2010-11-24;33775,974887785145;9769,875291703709;1,753745405189422;1,4774166695543878;0,27632873563503413;strategy
2010-11-26;33731,373448457125;9656,083560213994;-0,13205078306754992;-1,1647204093418018;1,0326696262742519;strategy
2010-11-29;33614,19431259513;9685,344468345185;-0,34738916291401356;0,30303080900992985;-0,6504199719239434;spy
2010-11-30;33561,13790080225;9630,886288139764;-0,15783930829780246;-0,5622740665900738;0,4044347582922714;strategy
2010-12-01;34007,48455418363;9835,712645058104;1,3299508935026738;2,1267653961461352;-0,7968145026434614;spy
2010-12-02;33970,695041438485;9961,69652495555;-0,10818063502030517;1,2808820717301828;-1,389062706750488;spy
2010-12-03;34011,35789217712;9988,519127428879;0,11969979033115141;0,2692573740440185;-0,1495575837128671;spy
2010-12-06;33999,20246814742;9977,952929538673;-0,035739308228244226;-0,10578342750720005;0,07004411927895582;strategy
2010-12-07;33861,789467233546;9983,642516113156;-0,40416536547470683;0,05702158162761428;-0,4611869471023211;spy
2010-12-08;33945,55100628328;10020,218341217933;0,24736300227363728;0,36635751977041053;-0,11899451749677326;spy
2010-12-09;34274,46046308157;10059,233092098999;0,9689324434221325;0,3893602868969337;0,5795721565251988;strategy
2010-12-10;34490,01777474639;10117,754908361378;0,6289152586282487;0,5817721463114767;0,04714311231677204;strategy
2010-12-13;34145,20281721289;10124,2568500762;-0,9997529133950467;0,06426269240273896;-1,0640156057977856;spy
2010-12-14;33840,23186881557;10133,197717567311;-0,8931589893605207;0,08831134594380341;-0,9814703353043241;spy
2010-12-15;33694,082098989755;10086,868049712662;-0,4318817033889699;-0,45720678847832597;0,025325085089356048;strategy
2010-12-16;34120,47168799822;10145,389865975045;1,265473229856151;0,5801782671683631;0,685294962687788;strategy
2010-12-17;34166,597673396005;10103,124454295783;0,13518566161558887;-0,4165972154604791;0,551782877076068;strategy
2010-12-20;34287,614670099654;10127,508130992825;0,3541968031481213;0,24134788012706299;0,11284892302105831;strategy
2010-12-21;34540,180877706574;10191,719533829693;0,7366106100905601;0,6340296349934826;0,10258097509707742;strategy
2010-12-22;34428,61928524723;10223,418747618744;-0,3229907592387504;0,3110291024378098;-0,6340198616765602;spy
2010-12-23;34374,40947322907;10208,78829355315;-0,15745566666215405;-0,1431072562590674;-0,014348410403086653;spy
2010-12-27;34397,63017565996;10212,852549728537;0,06755229482260372;0,039811347424589805;0,027740947398013915;strategy
2010-12-28;34253,58828136048;10227,483003794132;-0,41875528507020476;0,14325531475516406;-0,5620105998253688;spy
2010-12-29;34310,49766576989;10234,797920767718;0,16614138040651483;0,07152216210843942;0,0946192182980754;strategy
2010-12-30;34343,05318961458;10218,542136303022;0,09488502370853524;-0,15882858255277243;0,2537136062613077;strategy
2010-12-31;34255,233317065155;10220,980441960883;-0,2557136433518403;0,023861580500783575;-0,2795752238526239;spy
2011-01-03;34582,79251066256;10326,644901336676;0,9562310977873967;1,0337996435449748;-0,0775685457575781;spy
2011-01-04;34680,84518968282;10320,955314762192;0,28353025276957045;-0,05509617720803606;0,3386264299776065;strategy
2011-01-05;35067,70974907867;10374,599899590425;1,1154992252349727;0,519763754344571;0,5957354708904017;strategy
2011-01-06;34804,580021616915;10354,279858950344;-0,7503476256206509;-0,1958633666526599;-0,554484258967991;spy
2011-01-07;34878,819588322236;10333,95981831026;0,21330401533135035;-0,19624774409122692;0,40955175942257727;strategy
2011-01-10;35078,425400528504;10320,955314762192;0,5722837371282319;-0,12584240481589015;0,698126141944122;strategy
2011-01-11;35031,80924399606;10357,531139866967;-0,13289124583037992;0,3543841048556873;-0,4872753506860672;spy
2011-01-12;35225,02020125408;10451,003450835025;0,5515300563334158;0,9024574457543899;-0,3509273894209741;spy
2011-01-13;35155,46556241485;10433,934070993142;-0,19745805237821878;-0,16332766439302038;-0,03413038798519841;spy
2011-01-14;35324,65105954019;10509,525267097408;0,48124948544621127;0,7244745422957388;-0,24322505684952755;spy
2011-01-18;35285,67064686935;10527,40700207963;-0,11034903814092223;0,17014788515905543;-0,28049692329997766;spy
2011-01-19;34782,46594157902;10424,180848361697;-1,4260879730083165;-0,9805468117414007;-0,4455411612669158;spy
2011-01-20;33948,34793541072;10410,363369554865;-2,3980991099633253;-0,13255217851485535;-2,26554693144847;spy
2011-01-21;33820,91708718643;10433,934070993142;-0,3753668616414907;0,22641574171378132;-0,601782603355272;spy
2011-01-24;33894,343661659586;10493,269482632715;0,21710403146038004;0,5686772720227218;-0,35157324056234174;spy
2011-01-25;33937,42540415724;10498,958449088774;0,12710599422636193;0,054215385066336275;0,07289060916002565;strategy
2011-01-26;34511,92138828781;10539,598530368936;1,692809567281417;0,38708679034431537;1,3057227769371016;strategy
2011-01-27;34841,12086896645;10565,608777701931;0,9538717852734635;0,24678594026186218;0,7070858450116013;strategy
2011-01-28;34387,92095700862;10381,102461423672;-1,3007615732635758;-1,7462913889793819;0,4455298157158061;strategy
2011-01-31;34456,60332009404;10459,130722948947;0,19972816376798708;0,7516375241958029;-0,5519093604278158;spy
2011-02-01;34914,33238827043;10626,568899622176;1,3284219106688866;1,6008804279101785;-0,2724585172412919;spy
2011-02-02;34940,72035802645;10606,248858982093;0,07557919040972472;-0,19121920567235495;0,26679839608207967;strategy
2011-02-03;35069,3129380973;10629,81956042037;0,3680307067318589;0,2222340975746251;0,1457966091572338;strategy
2011-02-04;35427,69818375968;10659,892823691896;1,021934037587191;0,282914146384039;0,739019891203152;strategy
2011-02-07;35450,01862105913;10726,543152305056;0,0630027872080996;0,6252438904922775;-0,5622411032841779;spy
2011-02-08;35502,80537650536;10775,311745935991;0,14890473263355908;0,4546534045356099;-0,3057486719020508;spy
2011-02-09;35430,10422620272;10750,927449120525;-0,20477579034009485;-0,2262978314725994;0,021522041132504555;strategy
2011-02-10;35528,83172020776;10754,991705295912;0,27865425790090104;0,03780377269422264;0,2408504852066784;strategy
2011-02-11;35807,90394897849;10819,20248801435;0,7854810171312288;0,5970323778754727;0,18844863925575606;strategy
2011-02-14;36134,02037199034;10845,211495110489;0,9107386555675445;0,24039671246518513;0,6703419431023594;strategy
2011-02-15;35829,26587346484;10811,073975663576;-0,8434004724304778;-0,31477043543414185;-0,5286300369963359;spy
2011-02-16;36148,795967414975;10879,35025479426;0,8918131202536816;0,6315402085341315;0,26027291171955014;strategy
2011-02-17;36353,79586389512;10911,861823723648;0,5671002062279884;0,2988374137054661;0,2682627925225223;strategy
2011-02-18;36294,94630445179;10934,62017002159;-0,16188009544767512;0,2085651987313808;-0,3704452941790559;spy
2011-02-22;35388,58363395504;10715,163979156083;-2,497214523735447;-2,0069850388326205;-0,4902294849028266;spy
2011-02-23;34943,81283873592;10649,327245920118;-1,2568199954528958;-0,6144258115324708;-0,642394183920425;spy
2011-02-24;35182,68886176735;10642,011088709678;0,6836003390180423;-0,06870065161386218;0,7523009906319045;strategy
2011-02-25;35767,983201277166;10755,804060436245;1,6635861511592687;1,0692807099899726;0,5943054411692961;strategy
2011-02-28;35589,89564587076;10822,453148812547;-0,49789655291507806;0,6196569591804035;-1,1175535120954816;spy
2011-03-01;35068,8357017692;10642,011088709678;-1,4640670747850693;-1,6672935204405714;0,20322644565550219;strategy
2011-03-02;35129,83723905456;10664,770675244476;0,17394799703112085;0,2138654653249139;-0,03991746829379306;spy
2011-03-03;35659,505583709986;10848,463396145542;1,5077449435677348;1,7224254181804621;-0,21468047461272732;spy
2011-03-04;35672,80106877869;10767,183233585218;0,03728454685802962;-0,749232030309499;0,7865165771675287;strategy
2011-03-07;35291,45306905628;10682,65116998984;-1,069016136375589;-0,7850898583364296;-0,2839262780391594;spy
2011-03-08;35224,050097538246;10776,124101076328;-0,1909895049833965;0,8749975038881308;-1,0659870088715273;spy
2011-03-09;34935,54858427679;10760,680671751968;-0,8190469649644871;-0,14331153928356377;-0,6757354256809234;spy
2011-03-10;34565,24837713387;10561,544521526543;-1,059952461458069;-1,8505906484910462;0,7906381870329771;strategy
2011-03-11;34973,18646990847;10634,696171736094;1,1801971978435688;0,6926226562834037;0,4875745415601651;strategy
2011-03-14;35066,69795656456;10570,485389017653;0,26738051660391005;-0,6037857751789333;0,8711662917828433;strategy
2011-03-15;35000,04391811396;10449,3775003175;-0,19007788681204563;-1,1457173842364887;0,9556394974244431;strategy
2011-03-16;34643,60104414979;10255,930936666562;-1,0184069334258528;-1,8512735676843861;0,8328666342585334;strategy
2011-03-17;34776,24288596813;10391,668659313882;0,3828754454518135;1,3235046480474688;-0,9406292025956553;spy
2011-03-18;34772,031100709166;10384,353742340298;-0,012111099156908445;-0,07039213059423233;0,05828103143732388;strategy
2011-03-21;35198,77923408842;10545,288737061848;1,2272741047058;1,549783440690855;-0,32250933598505505;spy
2011-03-22;35074,23930463725;10508,711671720219;-0,3538188884987137;-0,3468569353921813;-0,006961953106532359;spy
2011-03-23;35310,54418406034;10538,7861752286;0,6737277389558205;0,2861863989409352;0,38754134001488527;strategy
2011-03-24;35613,527868209705;10639,572783051815;0,8580544173152127;0,9563398113163535;-0,09828539400114078;spy
2011-03-25;35736,08815300567;10672,08559221806;0,3441396911014083;0,30558378451093215;0,03855590659047614;strategy
2011-03-28;35891,32421315603;10646,075344885065;0,4343957835723611;-0,24372225192760277;0,6781180354999639;strategy
2011-03-29;36115,1747002099;10717,602284813946;0,6236896853524687;0,6718620487994764;-0,048172363447007704;spy
2011-03-30;36206,35362055667;10791,567530400685;0,25246706157078247;0,6901286651730176;-0,43766160360223516;spy
2011-03-31;36180,62082897537;10776,936456216661;-0,07107258535609118;-0,13557876687336767;0,0645061815172765;strategy
2011-04-01;36216,91154301471;10822,453148812547;0,1003042877867788;0,4223527973910457;-0,3220485096042669;spy
2011-04-04;36357,726294335036;10831,394016303657;0,3888093857840058;0,08261405587226545;0,30619532991174037;strategy
2011-04-05;36535,980954718136;10829,769306022987;0,49027999974484704;-0,015000010877863623;0,5052800106227107;strategy
2011-04-06;36241,44834663903;10863,9068254699;-0,806143972004314;0,31521926720938787;-1,1213632392137018;spy
2011-04-07;36062,47169440759;10836,271867856236;-0,4938451976851943;-0,25437403005772463;-0,23947116762746967;spy
2011-04-08;35836,409939365665;10798,88244737427;-0,6268615112063558;-0,3450395203988488;-0,28182199080750703;spy
2011-04-11;35659,76481343011;10766,370878444883;-0,4929208205688873;-0,30106419889117664;-0,19185662167771067;spy
2011-04-12;35454,316005057524;10685,903071024892;-0,5761361844293877;-0,7473995492863206;0,17126336485693283;strategy
2011-04-13;35798,03793849622;10685,090715884558;0,9694783940823015;-0,007602119679861463;0,977080513762163;strategy
2011-04-14;35765,37477635032;10693,217987998476;-0,09124288376368694;0,07606179797645662;-0,16730468174014357;spy
2011-04-15;35942,387103282585;10732,232118761114;0,49492652611407006;0,3648492979982709;0,13007722811579914;strategy
2011-04-18;35764,297781411835;10611,937825438152;-0,4954855150800075;-1,1208692841508272;0,6253837690708197;strategy
2011-04-19;35966,83298635799;10672,897947358395;0,5663055547295626;0,5744485401536492;-0,008142985424086646;spy
2011-04-20;36391,929459153995;10818,390132874016;1,1819124384880864;1,363192885692599;-0,18128044720451264;spy
2011-04-21;36650,21758560092;10873,660048101347;0,7097401272357029;0,5108885383914963;0,19885158884420662;strategy
2011-04-25;36504,14372292476;10862,280874952376;-0,39856206128923155;-0,10464896914776922;-0,29391309214146233;spy
2011-04-26;36497,70062517231;10955,752565802006;-0,017650318827799882;0,860516238952802;-0,8781665577806019;spy
2011-04-27;36869,60052877791;11027,279505730887;1,0189680369867116;0,6528710784519776;0,366096958534734;strategy
2011-04-28;36697,98661014049;11063,042975695327;-0,46546183353266546;0,3243181597587519;-0,7897799932914173;spy
2011-04-29;36499,44088160988;11089,051982791465;-0,5410262166146929;0,23509812945026187;-0,7761243460649547;spy
2011-05-02;36252,321484120635;11071,983843186437;-0,6770498164363814;-0,1539188348247844;-0,523130981611597;spy
2011-05-03;36007,67870610354;11032,15611704661;-0,6748334120457722;-0,359716259560261;-0,3151171524855112;spy
2011-05-04;35650,90340858302;10959,00446683706;-0,9908311514122858;-0,66307664098878;-0,3277545104235058;spy
2011-05-05;35531,54453456377;10859,842569294513;-0,33479901659522193;-0,904844028877072;0,5700450122818501;strategy
2011-05-06;35680,83647666193;10907,797567548261;0,4201673303363629;0,4415809708820051;-0,02141364054564221;spy
2011-05-09;36041,645876482915;10950,06359934595;1,0112134003836593;0,38748456355142125;0,623728836832238;strategy
2011-05-10;36228,22806268702;11043,535290195581;0,5176849771054703;0,8536177895369867;-0,3359328124315164;spy
2011-05-11;35971,00060526097;10927,305253048005;-0,7100194273398142;-1,0524712792901014;0,34245185195028727;strategy
2011-05-12;36056,45394394233;10979,32450747714;0,23756175041977912;0,4760483323610343;-0,23848658194125516;spy
2011-05-13;35809,378883118334;10894,792443881763;-0,6852450360430029;-0,7699204403495807;0,08467540430657783;strategy
2011-05-16;35568,512637830965;10825,7050498476;-0,6726345242500709;-0,6341322644743075;-0,03850225977576338;spy
2011-05-17;35519,22234494619;10824,079099330072;-0,1385784482659247;-0,015019349871814303;-0,12355909839411039;spy
2011-05-18;36027,684758993215;10920,802691214758;1,4315133622833098;0,8935964990377077;0,5379168632456022;strategy
2011-05-19;36005,28665203763;10946,811698310896;-0,062169154375091296;0,2381602143316952;-0,3003293687067865;spy
2011-05-20;35858,760637905216;10859,842569294513;-0,4069569437079257;-0,794469946256604;0,3875130025486784;strategy
2011-05-23;35528,70034982961;10733,858069278638;-0,9204453310823757;-1,1600950862039938;0,23964975512161812;strategy
2011-05-24;35542,11095607377;10724,91720178753;0,037745839594771624;-0,08329593547261593;0,12104177506738756;strategy
2011-05-25;35894,49258672248;10760,680671751968;0,9914482318853279;0,33346150176785105;0,6579867301174769;strategy
2011-05-26;36049,34938505723;10810,26162052324;0,43142216862546157;0,46076033927322513;-0,029338170647763562;spy
2011-05-27;36081,542936092184;10851,71405694374;0,08930411112579861;0,38345451641801365;-0,29415040529221503;spy
2011-05-31;36337,973255685334;10964,693433293116;0,7106966574221607;1,0411201009953297;-0,330423443573169;spy
2011-06-01;35985,40275079489;10718,414639954279;-0,9702536308495935;-2,246107425046995;1,2758537941974013;strategy
2011-06-02;35898,58902188445;10707,035466805308;-0,2412470676280698;-0,10616470374782416;-0,13508236388024564;spy
2011-06-03;35657,96783198553;10600,55865228918;-0,670280354897046;-0,9944565407131956;0,3241761858161496;strategy
2011-06-06;35262,295301703794;10488,391631080136;-1,109632865636312;-1,0581236790272563;-0,05150918660905557;spy
2011-06-07;35345,03339599441;10481,890309483744;0,23463615621930334;-0,06198587757847429;0,29662203379777763;strategy
2011-06-08;35383,97258751119;10437,998327168529;0,11016877839813422;-0,41874109553983185;0,5289098739379661;strategy
2011-06-09;35640,11092284765;10517,652539211329;0,7238823586101839;0,7631176931258254;-0,03923533451564154;spy
2011-06-10;35312,71760806632;10371,3486186738;-0,9186091353364678;-1,3910320767118733;0,4724229413754055;strategy
2011-06-13;35283,25899628328;10379,476510906146;-0,08342210336230726;0,07836871106341459;-0,16179081442572185;spy
2011-06-14;35756,912093206134;10511,151217614935;1,3424301223782908;1,2686064328045088;0,07382368957378205;strategy
2011-06-15;35380,99463206301;10324,205975560388;-1,0513141072227783;-1,778542028215313;0,7272279209925347;strategy
2011-06-16;35151,51222595843;10346,964941976757;-0,6486036034063836;0,22044277758739295;-0,8690463809937765;spy
2011-06-17;34990,73645829538;10326,644901336676;-0,45737937710776944;-0,19638648390161162;-0,2609928932061578;spy
2011-06-20;35338,345067576076;10379,476510906146;0,9934303889116425;0,5116047862034234;0,48182560270821906;strategy
2011-06-21;35948,18601959098;10521,716795386716;1,7257201797331811;1,3703994062813418;0,3553207734518393;strategy
2011-06-22;35861,121797313;10458,31836780861;-0,24219364568364155;-0,6025483180264191;0,3603546723427775;strategy
2011-06-23;36014,357011686356;10428,245104537084;0,4273017872654439;-0,2875535264263318;0,7148553136917757;strategy
2011-06-24;35912,84146252097;10307,137215836932;-0,28187522307407953;-1,161344861825886;0,8794696387518064;strategy
2011-06-27;36072,22830254784;10398,984196405892;0,4438157314653246;0,8911007842976826;-0,447285052832358;spy
2011-06-28;36481,20827773112;10534,721919053214;1,13378073501047;1,3052979029839928;-0,1715171679735228;spy
2011-06-29;36542,683825334774;10624,942949104649;0,1685129152950271;0,8564158669272404;-0,6879029516322133;spy
2011-06-30;36640,56876695747;10726,543152305056;0,2678646759788128;0,9562423411315191;-0,6883776651527063;spy
2011-07-01;37036,636353821494;10885,039221250317;1,0809537083965814;1,4776062212661811;-0,3966525128695997;spy
2011-07-05;37342,92014510202;10876,098353759207;0,8269751830444649;-0,08213904708450626;0,9091142301289712;strategy
2011-07-06;37489,65503415656;10889,103477425706;0,3929389787525439;0,11957526719132971;0,2733637115612142;strategy
2011-07-07;37452,11588799244;11002,082853775084;-0,10013201276436456;1,037545254148764;-1,1376772669131285;spy
2011-07-08;37423,56087787675;10924,053352012954;-0,07624405040582705;-0,7092248149663472;0,6329807645605201;strategy
2011-07-11;36992,40397744721;10726,543152305056;-1,1521001484506521;-1,8080303468263725;0,6559301983757204;strategy
2011-07-12;36844,03596408731;10680,21286433198;-0,4010769709650641;-0,43192189054047647;0,030844919575412355;strategy
2011-07-13;37007,55068156708;10715,976334296418;0,4438024043814215;0,3348572768982594;0,1089451274831621;strategy
2011-07-14;36752,427069544494;10642,011088709678;-0,6893825917251517;-0,6902333793890048;0,0008507876638530476;strategy
2011-07-15;36786,136123884;10703,784806007112;0,09171926054223345;0,5804703338729844;-0,48875107333075096;spy
2011-07-18;36629,18046087439;10616,002081613538;-0,4266706959410893;-0,8201092042163349;0,3934385082752456;strategy
2011-07-19;37068,3705247219;10788,315629365634;1,19901689942703;1,6231491518877483;-0,4241322524607183;spy
2011-07-20;36682,503726500916;10781,813067532385;-1,0409596989531478;-0,060274115595482236;-0,9806855833576655;spy
2011-07-21;36594,744983412114;10931,369509223394;-0,23923869467339376;1,3871177394215284;-1,6263564340949221;spy
2011-07-22;36697,92884520038;10938,684426196978;0,28196360388639263;0,06691674787329127;0,21504685601310136;strategy
2011-07-25;36410,90542929307;10877,724304276735;-0,7821242913136572;-0,557289337045419;-0,22483495426823819;spy
2011-07-26;36285,49449364093;10837,084222996571;-0,34443234567641534;-0,37360830393712297;0,029175958260707624;strategy
2011-07-27;35698,71123933664;10615,189726473202;-1,6171290001494198;-2,047547956234419;0,43041895608499914;strategy
2011-07-28;35622,262272805754;10584,302867824486;-0,2141504941686745;-0,29096850310349476;0,07681800893482027;strategy
2011-07-29;35545,31341846148;10511,96357275527;-0,21601338442509554;-0,6834582869800765;0,46744490255498095;strategy
2011-08-01;35410,683311406116;10467,25923529972;-0,37875628066749156;-0,42527104613846456;0,046514765470972996;strategy
2011-08-02;34870,50670378457;10199,847426062039;-1,5254622534989215;-2,5547452606873744;1,029283007188453;strategy
2011-08-03;35008,5090640557;10255,117961407797;0,3957566818383773;0,5418760990927529;-0,1461194172543756;spy
2011-08-04;33761,386404039586;9774,75252313786;-3,5623415374080425;-4,684153220642173;1,1218116832341307;strategy
2011-08-05;33604,33699097182;9760,122069072262;-0,46517465600576235;-0,14967595374887344;-0,3154987022568889;spy
2011-08-08;32237,146938158337;9124,51122265526;-4,068492865015583;-6,5123247631412085;2,4438318981256257;strategy
2011-08-09;33338,4526006767;9548,793770439104;3,4162628120628424;4,649920827872878;-1,2336580158100352;spy
2011-08-10;32811,49433226604;9126,94952831312;-1,580632054890152;-4,417775189908468;2,8371431350183163;strategy
2011-08-11;33713,59391611425;9536,601622031367;2,7493401388948957;4,488379084900673;-1,7390389460057776;spy
2011-08-12;34113,92617920279;9600,81302486824;1,1874505698936666;0,6733153525940727;0,5141352172995939;strategy
2011-08-15;34465,731480878625;9804,013431269052;1,0312659405656621;2,1164916541388523;-1,0852257135731902;spy
2011-08-16;34116,62584783035;9720,294342932437;-1,0129064959551348;-0,8539266997493078;-0,15897979620582703;spy
2011-08-17;33920,23137856902;9726,796904765686;-0,5756561921958614;0,06689675851201393;-0,6425529507078753;spy
2011-08-18;32877,57739005152;9307,39158841599;-3,0738410268517646;-4,3118543592105425;1,2380133323587779;strategy
2011-08-19;32596,78423058933;9155,397461185546;-0,85405672118396;-1,6330475169822667;0,7789907957983067;strategy
2011-08-22;32537,919842603278;9162,712998277559;-0,18058342065169208;0,07990409070743887;-0,26048751135913095;spy
2011-08-23;33516,27420775902;9464,262326962153;3,006812881365395;3,2910484999506107;-0,28423561858521573;spy
2011-08-24;33613,72653280398;9597,561743951612;0,29076121182465275;1,4084501505173819;-1,1176889386927291;spy
2011-08-25;33351,464901123516;9451,257203295656;-0,7802218282002116;-1,5243928047470656;0,744170976546854;strategy
2011-08-26;33848,67379521005;9588,620876460503;1,4908157574505365;1,4533904877432446;0,037425269707291875;strategy
2011-08-29;34445,68561261191;9864,16057793053;1,76376723358167;2,873611388124231;-1,1098441545425608;spy
2011-08-30;34526,85658471715;9890,170205145097;0,23564916958864757;0,2636780596694699;-0,028028890080822322;spy
2011-08-31;34443,76726972892;9934,061567341883;-0,24065125877982263;0,44378773354125656;-0,6844389923210792;spy
2011-09-01;34342,95464738678;9830,023058483615;-0,29268756101119564;-1,04729075970591;0,7546031986947144;strategy
2011-09-02;34129,67959442174;9578,86703371063;-0,6210154459767026;-2,5549891722403406;1,933973726263638;strategy
2011-09-06;34343,532600700026;9508,966044299275;0,6265895514391051;-0,7297417237900339;1,356331275229139;strategy
2011-09-07;34797,688463062295;9777,19082879572;1,3223912276077554;2,8207565706604543;-1,4983653430526989;spy
2011-09-08;34815,61173292252;9675,590625595314;0,051507070302259095;-1,0391553666025732;1,0906624369048323;strategy
2011-09-09;34433,988925017904;9421,996295164467;-1,0961255279158255;-2,6209700290543703;1,5248445011385448;strategy
2011-09-12;34589,80732629013;9482,95641708471;0,45251336292038147;0,6469979398264991;-0,19448457690611765;spy
2011-09-13;34802,49700351475;9569,926166219519;0,6148911880840657;0,9171164066316129;-0,30222521854754714;spy
2011-09-14;35065,75095733555;9702,413228068644;0,7564226032235943;1,3844104912406285;-0,6279878880170342;spy
2011-09-15;35154,06055577114;9869,850164505016;0,2518400320102643;1,7257246470598009;-1,4738846150495366;spy
2011-09-16;35195,93431235317;9877,1650814786;0,11911499246466395;0,07411375909120999;0,045001233373453964;strategy
2011-09-19;35385,38450987385;9778,81615919482;0,5382729602782188;-0,9957201431026297;1,5339931033808485;strategy
2011-09-20;35225,953196112336;9767,436986045848;-0,450556962909443;-0,11636554940519517;-0,33419141350424786;spy
2011-09-21;34723,067549324944;9479,705136168084;-1,4275998267177958;-2,9458275521902944;1,5182277254724985;strategy
2011-09-22;34146,76562781899;9173,279196167767;-1,6597091276204345;-3,2324416803979017;1,5727325527774672;strategy
2011-09-23;34286,39202209474;9228,549731513525;0,40890078960216236;0,6025166591337117;-0,1936158695315493;spy
2011-09-26;34523,532668498985;9448,005922379032;0,6916465466865862;2,378013851039995;-1,6863673043534089;spy
2011-09-27;34592,28221301499;9553,670381754826;0,1991382086420579;1,1183784202073;-0,919240211565242;spy
2011-09-28;34150,437388742284;9358,59786758636;-1,2772930723445097;-2,0418593731369006;0,7645663007923909;strategy
2011-09-29;34004,876540036676;9432,5631131731;-0,4262342149491616;0,7903453768744573;-1,2165795918236189;spy
2011-09-30;33494,98360007932;9196,850517724473;-1,4994700520586046;-2,4989241272018847;0,9994540751432801;strategy
2011-10-03;32809,331054829956;8935,128295061277;-2,0470305447402692;-2,8457809785947585;0,7987504338544893;strategy
2011-10-04;33214,95098223309;9131,013164370079;1,236294414918948;2,1923005785722705;-0,9560061636533224;spy
2011-10-05;33659,31527091986;9300,076051323978;1,3378441802442076;1,8515238551357616;-0,513679674891554;spy
2011-10-06;33994,80458281739;9468,325963019111;0,9967205488204955;1,8091240412080323;-0,8124034923875367;spy
2011-10-07;33891,93834964162;9404,92753544101;-0,302593982928101;-0,6695843365101761;0,3669903535820751;strategy
2011-10-10;34420,58327284582;9719,481987792098;1,5597954821896076;3,3445707174854844;-1,7847752352958768;spy
2011-10-11;34283,27133028287;9729,235210423547;-0,3989239272167544;0,10034714446407467;-0,49927107168082907;spy
2011-10-12;34260,20849470244;9814,579629159258;-0,0672713970561456;0,8771955543255494;-0,944466951381695;spy
2011-10-13;34399,30300974971;9795,072563777941;0,4059943624358686;-0,1987559948401718;0,6047503572760404;strategy
2011-10-14;34585,847888288925;9962,509500214313;0,5422926112379045;1,709399653204735;-1,1671070419668306;spy
2011-10-17;34347,910268909756;9772,314217479998;-0,6879623716258165;-1,9091101768106133;1,2211478051847968;strategy
2011-10-18;34287,074465167374;9963,322475473075;-0,1771164628825983;1,954585717796653;-2,1317021806792513;spy
2011-10-19;34135,27945736946;9845,465867689547;-0,4427178759509598;-1,1829046793743525;0,7401868034233927;strategy
2011-10-20;34247,771092239265;9888,544874746;0,3295465473200254;0,43755173838779804;-0,10800519106777262;spy
2011-10-21;34526,85205125249;10076,301851822453;0,8148879477779092;1,8987321133158819;-1,0838441655379727;spy
2011-10-24;34804,8611228557;10199,847426062039;0,8051966949970568;1,2261003695243744;-0,4209036745273176;spy
2011-10-25;34374,77025835643;10001,524251095376;-1,2357206741354765;-1,9443739370053614;0,708653262869885;strategy
2011-10-26;34389,60595794489;10103,124454295783;0,0431586872492673;1,0158471913846556;-0,9726885041353883;spy
2011-10-27;34705,53933372037;10455,067707010414;0,9186885600313;3,4835090303672045;-2,5648204703359045;spy
2011-10-28;34632,07793940731;10452,629401352553;-0,21167051635957446;-0,023321758655148184;-0,18834875770442627;spy
2011-10-31;34413,745516085175;10200,660401320802;-0,630434083984599;-2,410580059397749;1,78014597541315;strategy
2011-11-01;34134,425740135266;9916,179832359665;-0,8116517739092166;-2,7888446215139306;1,977192847604714;strategy
2011-11-02;34513,44082161165;10077,92718222155;1,1103602104274968;1,6311457899750081;-0,5207855795475114;spy
2011-11-03;34782,848707727084;10261,620523241047;0,78058831487684;1,8227293936351252;-1,0421410787582852;spy
2011-11-04;34871,681604733385;10199,035070921705;0,25539281659401336;-0,6098983311417006;0,8652911477357139;strategy
2011-11-07;34811,95227253355;10262,43349849981;-0,17128320015323828;0,6216120166000705;-0,7928952167533088;spy
2011-11-08;34974,1121471763;10394,106964971741;0,465816663694274;1,2830627988106302;-0,8172461351163562;spy
2011-11-09;34304,67376336736;10010,465118586486;-1,9140968639656752;-3,690955343043245;1,7768584790775699;strategy
2011-11-10;34461,448815299074;10104,749784694883;0,45700784975581943;0,9418609923862453;-0,4848531426304259;spy
2011-11-11;34754,97261286543;10294,945687547624;0,851745378261759;1,88224257804801;-1,030497199786251;spy
2011-11-14;34652,90966972997;10197,409120404178;-0,2936642887690799;-0,9474218718941163;0,6537575831250364;strategy
2011-11-15;34793,57123250465;10247,803044434211;0,4059155901056988;0,4941836052179127;-0,08826801511221394;spy
2011-11-16;34352,91429742022;10085,242719313563;-1,2664895251475738;-1,5862943932059448;0,31980486805837094;strategy
2011-11-17;33972,056703013724;9925,120699850775;-1,108661673094491;-1,5876863246548245;0,4790246515603336;strategy
2011-11-18;33877,51533752994;9914,554501960567;-0,2782915568235067;-0,10645913747292512;-0,17183241935058158;spy
2011-11-21;33774,8723675987;9725,98454962535;-0,30298257976887344;-1,9019508370036076;1,5989682572347341;strategy
2011-11-22;33917,18323566632;9687,782774003046;0,42135131265261805;-0,3927805501580228;0,8141318628106409;strategy
2011-11-23;33540,72581417082;9474,015549593601;-1,1099312666378092;-2,2065650045651752;1,096633737927366;strategy
2011-11-25;33362,01463846324;9456,13381461138;-0,5328184509116318;-0,18874504573711537;-0,34407340517451646;spy
2011-11-28;33931,85664102265;9730,048185682308;1,7080563291355766;2,8966845905636696;-1,188628261428093;spy
2011-11-29;34076,48197543595;9757,683763414401;0,42622287351778976;0,28402303056174194;0,14219984295604782;strategy
2011-11-30;34685,44839853941;10159,207344781875;1,7870577823803302;4,114947677162406;-2,327889894782076;spy
2011-12-01;34772,27868751432;10157,582014382779;0,25033636001248194;-0,015998594614086148;0,2663349546265681;strategy
2011-12-02;34775,97855342264;10148,641146891669;0,010640274517426107;-0,08802161260869079;0,0986618871261169;strategy
2011-12-05;34896,4068104858;10259,182217583184;0,34629724905701487;1,0892204098217784;-0,7429231607647635;spy
2011-12-06;34819,05145634353;10262,43349849981;-0,22167140176457822;0,03169142381596046;-0,2533628255805387;spy
2011-12-07;34751,63924024151;10300,635274122109;-0,19360727326688254;0,372248703271838;-0,5658559765387206;spy
2011-12-08;34460,20542835442;10074,675901304929;-0,8386188918237059;-2,193645020951762;1,3550261291280563;strategy
2011-12-09;34804,109488498114;10245,364738776352;0,9979744922261169;1,6942365108669755;-0,6962620186408586;spy
2011-12-12;34591,81623214322;10095,808917203773;-0,6099660628439696;-1,4597413111760216;0,849775248332052;strategy
2011-12-13;34332,515787516124;10001,524251095376;-0,7496005496992364;-0,9338990751670329;0,18429852546779646;strategy
2011-12-14;34034,17176888759;9895,04681646082;-0,8689838533097571;-1,0646120727337616;0,19562821942400443;strategy
2011-12-15;34117,99014547265;9930,81028642526;0,24627711570077704;0,3614280015830307;-0,11515088588225364;spy
2011-12-16;34297,881042394874;9882,854668053085;0,5272611198819277;-0,48289733656201594;1,0101584564439436;strategy
2011-12-19;34152,246782250375;9777,19082879572;-0,42461591129925313;-1,0691631396637868;0,6445472283645337;strategy
2011-12-20;34631,232246213694;10073,050570905829;1,4025005939353186;3,0260199201466387;-1,6235193262113201;spy
2011-12-21;34687,281981640146;10092,557636287149;0,16184736086768403;0,19365598578113818;-0,03180862491345415;spy
2011-12-22;34587,370128987415;10181,96569107982;-0,2880359801774479;0,8858810423951535;-1,1739170225726014;spy
2011-12-23;34759,118603059906;10272,999696390018;0,49656413145025;0,894071027856147;-0,397506896405897;spy
2011-12-27;34860,18301064739;10281,127588622363;0,2907565313770455;0,0791189766626843;0,2116375547143612;strategy
2011-12-28;34650,072895671256;10146,202841233806;-0,6027223520655767;-1,31235359376215;0,7096312416965733;strategy
2011-12-29;34745,995981833;10251,054325350839;0,27683372110229865;1,03340614964762;-0,7565724285453213;spy
2011-12-30;34536,7131189808;10200,660401320802;-0,6023222444440202;-0,4915974731049211;-0,11072477133909908;spy
2012-01-03;34551,86838321381;10363,220726441454;0,0438816055853497;1,593625498007989;-1,5497438924226392;spy
2012-01-04;34525,53461943022;10379,476510906146;-0,0762151658241117;0,15686035156248224;-0,23307551738659393;spy
2012-01-05;34756,630471392826;10407,111468519812;0,6693476422883649;0,2662461597618071;0,40310148252655775;strategy
2012-01-06;34697,86939848471;10380,289486164911;-0,16906435437255007;-0,257727443739153;0,08866308936660294;strategy
2012-01-09;34708,5221093884;10405,486758239142;0,030701340135186328;0,24274151609946504;-0,2120401759642787;spy
2012-01-10;34882,447737660295;10495,707788290576;0,5011035264588459;0,8670524709475602;-0,3659489444887143;spy
2012-01-11;34887,04279848292;10501,396754746635;0,013172988481735537;0,054202790043422766;-0,04102980156168723;spy
2012-01-12;34888,981998366966;10526,593406702437;0,005558510347936085;0,23993619652942222;-0,23437768618148613;spy
2012-01-13;34937,539665454526;10472,135846615442;0,13917765525468528;-0,5173331768691836;0,6565108321238688;strategy
2012-01-17;35158,360798160174;10512,775927895605;0,6320454583239821;0,3880782476031186;0,24396721072086347;strategy
2012-01-18;35420,29651653514;10629,007205280037;0,7450168677621383;1,1056192786913055;-0,3606024109291672;spy
2012-01-19;35375,81858494129;10685,090715884558;-0,12557187818313942;0,527645804743293;-0,6532176829264325;spy
2012-01-20;35148,47649132968;10724,91720178753;-0,6426482911363163;0,3727295065802716;-1,0153777977165879;spy
2012-01-23;35097,021245006625;10697,282244173863;-0,1463939591684782;-0,25767059170452855;0,11127663253605036;strategy
2012-01-24;35104,445997093855;10685,090715884558;0,021154935159306554;-0,1139684642418759;0,13512339940118245;strategy
2012-01-25;35211,274318617696;10774,498150558802;0,30431564575235104;0,8367494207730974;-0,5324337750207464;spy
2012-01-26;35207,08671323312;10719,228235331471;-0,011892797024848356;-0,5129697407249001;0,5010769437000517;strategy
2012-01-27;35223,38192217305;10714,351624015748;0,046283889015463764;-0,045494052450989475;0,09177794146645324;strategy
2012-01-30;35071,88469516045;10677,774558674118;-0,43010414885015225;-0,3413838431402971;-0,08872030570985512;spy
2012-01-31;35084,93375839465;10673,711542735584;0,037206621051644184;-0,03805114929340547;0,07525777034504966;strategy
2012-02-01;35377,047284861364;10767,183233585218;0,832589647962001;0,8757187270368894;-0,04312907907488839;spy
2012-02-02;35426,10693055371;10784,251373190245;0,13867648505911934;0,15852000690197432;-0,019843521842854983;spy
2012-02-03;35832,7375986781;10935,432525161925;1,1478276992770153;1,401869696282465;-0,2540419970054497;spy
2012-02-06;35872,238781696986;10928,11760818834;0,11023769230611435;-0,06689188522496226;0,1771295775310766;strategy
2012-02-07;35995,472115961;10955,752565802006;0,3435339929965364;0,25287939427882655;0,09065459871770987;strategy
2012-02-08;36144,851346136864;10988,265374968249;0,4149945017935419;0,29676472675852494;0,11822977503501697;strategy
2012-02-09;36176,88222008722;11002,082853775084;0,08861808184965625;0,1257475892265214;-0,037129507376865156;spy
2012-02-10;36048,51234539277;10920,802691214758;-0,35483951854525797;-0,7387706822480133;0,3839311637027554;strategy
2012-02-13;36559,85500925475;11002,082853775084;1,4184847878398799;0,7442691243356281;0,6742156635042518;strategy
2012-02-14;36476,16411661186;10988,265374968249;-0,2289147279761039;-0,12558966325266763;-0,10332506472343628;spy
2012-02-15;36281,3133187291;10937,05847567945;-0,5341866465449319;-0,4660144030144142;-0,06817224353051765;spy
2012-02-16;36431,86061611203;11058,166364379606;0,41494445380292344;1,1073168253553867;-0,6923723715524632;spy
2012-02-17;36293,425084122995;11087,427272510795;-0,3799847980528792;0,2646090424669678;-0,644593840519847;spy
2012-02-21;36071,24305949687;11092,303883826518;-0,6121825760758037;0,043983254147828;-0,6561658302236317;spy
2012-02-22;36110,47908585785;11056,540413862078;0,10877370179969148;-0,3224169689092893;0,43119067070898076;strategy
2012-02-23;36395,18349793785;11105,309007493017;0,7884260172873248;0,44108366455926085;0,3473423527280639;strategy
2012-02-24;36414,44664750031;11129,692064071627;0,05292774403391487;0,21956216222491776;-0,1666344181910029;spy
2012-02-27;36637,898637658625;11148,387394431038;0,6136355505313107;0,16797706757549768;0,445658482955813;strategy
2012-02-28;36682,624251702;11180,898963360427;0,12207472509737638;0,29162575517989175;-0,16955103008251537;spy
2012-02-29;36505,05230992756;11137,008221282067;-0,4840764405403819;-0,39255110185852926;-0,09152533868185264;spy
2012-03-01;36755,00444575195;11194,716442167259;0,6847055955496062;0,518166277141785;0,1665393184078212;strategy
2012-03-02;36614,36505861213;11160,578922720346;-0,38264010373714186;-0,3049431365525823;-0,07769696718455954;spy
2012-03-05;36618,816415527865;11115,06223012446;0,012157405730262028;-0,40783451208991073;0,41999191782017276;strategy
2012-03-06;36199,448080187605;10952,50190500381;-1,1452263518883954;-1,4625228519195566;0,31729650003116117;strategy
2012-03-07;36484,573624954755;11028,905456248413;0,7876516352833596;0,6975899379638273;0,09006169731953229;strategy
2012-03-08;36779,683881925695;11138,632931562737;0,8088631102134869;0,9949081144054794;-0,18604500419199255;spy
2012-03-09;36928,4070484885;11181,712558737618;0,404362275217629;0,38675865736457204;0,017603617853056974;strategy
2012-03-12;36965,5883254067;11182,524913877955;0,10068475704727575;0,00726503329493422;0,09341972375234153;strategy
2012-03-13;37308,09498072148;11384,09936976124;0,9265554014715072;1,8025844559766968;-0,8760290545051896;spy
2012-03-14;37300,69084423607;11371,907841471933;-0,0198459248300753;-0,10709260252672603;0,08724667769665073;strategy
2012-03-15;37541,72051154112;11437,7445747079;0,6461801694546798;0,5789418464672069;0,0672383229874729;strategy
2012-03-16;37447,71595254797;11403,607055260985;-0,2504002419501439;-0,2984637331594375;0,04806349120929365;strategy
2012-03-19;37636,52084642385;11448,311392716534;0,5041826692851581;0,3920192728398497;0,11216339644530837;strategy
2012-03-20;37593,70679757705;11414,986228409958;-0,11375665944657332;-0,29109239924918207;0,17733573980260875;strategy
2012-03-21;37847,531511272144;11396,292138287401;0,6751787342009541;-0,163767960368022;0,8389466945689761;strategy
2012-03-22;37643,330335563645;11314,198380349884;-0,5395363120252128;-0,7203549798597386;0,18081866783452583;strategy
2012-03-23;37826,45923102141;11350,774205454662;0,4864843089739779;0,32327367680153873;0,16321063217243914;strategy
2012-03-26;38289,66541815884;11510,083869777114;1,2245560291764157;1,4035136409100257;-0,17895761173361002;spy
2012-03-27;38253,10032132026;11474,320399812674;-0,09549599464830916;-0,31071424299824457;0,21521824834993541;strategy
2012-03-28;38200,1991909129;11417,424534067817;-0,13829239973490726;-0,4958539047400623;0,35756150500515504;strategy
2012-03-29;38095,36525831929;11397,916848568073;-0,27443294750816305;-0,17085889590543468;-0,10357405160272837;spy
2012-03-30;38114,79145924928;11445,059491681484;0,05099360722300439;0,4136075367082048;-0,36261392948520044;spy
2012-04-02;38402,78522847397;11528,77795989967;0,7555958151643116;0,7314812848201679;0,02411453034414368;strategy
2012-04-03;38564,77972205612;11481,635316786258;0,4218300641955386;-0,4089127510078394;0,830742815203378;strategy
2012-04-04;38246,46678559143;11367,843585296547;-0,8253980413186146;-0,9910759952752257;0,1656779539566111;strategy
2012-04-05;38107,118723297484;11362,153378603633;-0,36434231448130294;-0,05005528665326109;-0,31428702782804185;spy
2012-04-09;37645,177983060865;11234,544168307086;-1,2122163934535468;-1,1231076191670741;-0,08910877428647268;spy
2012-04-10;36843,27138660244;11045,973595853442;-2,130170819803945;-1,6784888610399173;-0,4516819587640275;spy
2012-04-11;37138,20011873111;11135,382270764543;0,8004955071278408;0,8094232177475513;-0,008927710619710538;spy
2012-04-12;37555,13706383227;11280,873216043308;1,1226633056211854;1,3065644424327116;-0,1839011368115262;spy
2012-04-13;37447,16942559559;11146,761443913514;-0,28749099771135933;-1,1888421185255793;0,90135112081422;strategy
2012-04-16;37240,840510605674;11139,44652693993;-0,5509866784454087;-0,06562369716432981;-0,4853629812810789;spy
2012-04-17;37608,208262982705;11304,44515771844;0,9864647181430097;1,4812103130929621;-0,4947455949499524;spy
2012-04-18;37871,53064988617;11266,24338209614;0,700172645987629;-0,3379358746874672;1,0381085206750962;strategy
2012-04-19;37836,49332817379;11193,904087026925;-0,09251625458788215;-0,642088872180524;0,5495726175926419;strategy
2012-04-20;37689,219916551636;11212,598177149479;-0,3892364187790376;0,16700241468228239;-0,55623883346132;spy
2012-04-23;37382,862395117365;11118,312890922656;-0,812851850244134;-0,8408870516645295;0,028035201420395506;strategy
2012-04-24;36956,80905736142;11160,578922720346;-1,1397022872480567;0,380147889453597;-1,5198501767016537;spy
2012-04-25;37453,49195652812;11313,386025209551;1,3439550432933656;1,3691682442935393;-0,02521320100017377;spy
2012-04-26;38112,12771129924;11392,227882112014;1,7585429832165822;0,6968900091164576;1,0616529741001246;strategy
2012-04-27;38407,83063238993;11410,92197223457;0,7758761812792336;0,1640951209544328;0,6117810603248008;strategy
2012-04-30;38014,29654830949;11368,65594043688;-1,0246194007858644;-0,37039979679585056;-0,6542196039900139;spy
2012-05-01;38085,578145034546;11439,370525225426;0,1875126023559881;0,6220135885810718;-0,4345009862250837;spy
2012-05-02;38297,77433642601;11405,233005778513;0,5571562825786636;-0,29842131061000865;0,8555775931886722;strategy
2012-05-03;38083,540637930346;11318,262636525275;-0,5593894219902529;-0,7625479392588841;0,2031585172686312;strategy
2012-05-04;37594,57192651942;11135,382270764543;-1,2839371109416353;-1,6157989228007152;0,3318618118590799;strategy
2012-05-07;37701,5058560313;11143,510783115316;0,284439811473014;0,0729971558508069;0,2114426556222071;strategy
2012-05-08;37634,91781780351;11098,806445659766;-0,1766190413774571;-0,4011692394401134;0,2245501980626563;strategy
2012-05-09;37658,53913652995;11032,9697124238;0,06276436909149474;-0,5931875067675674;0,6559518758590621;strategy
2012-05-10;37828,50306105804;11055,728058721743;0,45132904362512605;0,2062757978236407;0,24505324580148535;strategy
2012-05-11;37888,63522088946;11022,402894415165;0,15895992430459138;-0,3014289437074935;0,4603888680120849;strategy
2012-05-14;37570,37037434678;10900,482650574677;-0,8400008200010634;-1,1061131135232105;0,26611229352214716;strategy
2012-05-15;37592,57442340278;10837,896578136906;0,05909989397168136;-0,5741587271318793;0,6332586211035607;strategy
2012-05-16;37354,99200081043;10796,444141716409;-0,6319929566846794;-0,38247676679364906;-0,2495161898910303;spy
2012-05-17;36510,79989301193;10636,32212225362;-2,2599177849648266;-1,4830995961354843;-0,7768181888293424;spy
2012-05-18;36123,04001691;10545,288737061848;-1,062041580130213;-0,855872773929145;-0,20616880620106803;spy
2012-05-21;36802,40362579403;10726,543152305056;1,88069334299108;1,7188188940354232;0,16187444895565672;strategy
2012-05-22;36913,67605486996;10745,237242427609;0,30235098285249506;0,1742787947348834;0,12807218811761167;strategy
2012-05-23;37246,936599673565;10750,927449120525;0,9028105039125212;0,05295561712168606;0,8498548867908351;strategy
2012-05-24;37321,62000275191;10772,059844900941;0,20050884689131188;0,1965634674815364;0,003945379409775462;strategy
2012-05-25;37326,064696545276;10737,10997031369;0,01190916630371408;-0,3244493169409557;0,33635848324466977;strategy
2012-05-29;37592,18946030747;10867,157486268097;0,7129730013751612;1,2111966470862878;-0,49822364571112665;spy
2012-05-30;37214,606331240146;10709,473772463169;-1,0044190947324338;-1,4510115824140746;0,4465924876816407;strategy
2012-05-31;37234,223000140315;10685,903071024892;0,05271228378869175;-0,22009205997481907;0,2728043437635108;strategy
2012-06-01;36182,191580704675;10416,865931388113;-2,8254421192881463;-2,5176827625011944;-0,3077593567869519;spy
2012-06-04;35842,91373777787;10411,989320072391;-0,9376929038973358;-0,046814573095610434;-0,8908783308017254;spy
2012-06-05;36198,63377172925;10490,831176974852;0,9924417321476309;0,7572218380061946;0,2352198941414363;strategy
2012-06-06;36744,00614724803;10726,543152305056;1,5066103846844925;2,246837942140756;-0,7402275574562633;spy
2012-06-07;36691,27227939073;10733,045714138303;-0,14351692530741866;0,060621224759160874;-0,20413815006657954;spy
2012-06-08;36993,76843742772;10818,390132874016;0,8244362739280087;0,7951556436891938;0,029280630238814886;strategy
2012-06-11;36570,73286262906;10681,026459709168;-1,1435319857023951;-1,269723789563093;0,12619180386069795;strategy
2012-06-12;36883,398934033656;10803,759058689991;0,8549625531953708;1,1490712006359427;-0,29410864744057186;spy
2012-06-13;36481,6286817807;10734,671664655829;-1,0892983398073652;-0,6394755164277011;-0,44982282337966417;spy
2012-06-14;36785,94469954287;10848,463396145542;0,8341623681789034;1,0600392358936839;-0,22587686771478044;spy
2012-06-15;37130,76707431399;10902,920956232538;0,9373753415537589;0,5019840884225468;0,4353912531312121;strategy
2012-06-18;37628,45919861717;10924,053352012954;1,3403766297289232;0,19382325034957848;1,1465533793793448;strategy
2012-06-19;37813,50658043946;11029,717811388748;0,4917750706866286;0,9672642193414793;-0,4754891486548507;spy
2012-06-20;37685,624526962376;11011,836076406527;-0,3381914692440535;-0,16212323187232425;-0,17606823737172927;spy
2012-06-21;37096,72755389515;10764,744927927357;-1,5626567967472527;-2,243868749631839;0,6812119528845861;strategy
2012-06-22;37150,29521749841;10847,651041005207;0,14439997038939723;0,7701632842480377;-0,6257633138586405;spy
2012-06-25;36984,8112038581;10673,711542735584;-0,4454446799721845;-1,603476159143713;1,1580314791715285;strategy
2012-06-26;37369,906453668504;10727,35550744539;1,0412254038226099;0,5025802364531318;0,5386451673694781;strategy
2012-06-27;37335,05006778377;10824,079099330072;-0,09327394471256856;0,9016536444378165;-0,994927589150385;spy
2012-06-28;37226,449531535996;10793,192240681357;-0,29088091766478197;-0,2853532237271472;-0,005527693937634748;spy
2012-06-29;37804,39393975054;11062,230620554992;1,5525101520222684;2,492667358036882;-0,9401572060146135;spy
2012-07-02;38095,996075021816;11095,554544624714;0,7713445578204636;0,3012405473431512;0,47010401047731243;strategy
2012-07-03;38155,79770473188;11168,70743507112;0,1569761546391879;0,65929909273299;-0,5023229380938021;spy
2012-07-05;38271,12906836362;11118,312890922656;0,3022643230374378;-0,45121196379643846;0,7534762868338762;strategy
2012-07-06;38126,16628422323;11012,649671783718;-0,37877843604101624;-0,9503529912816666;0,5715745552406504;strategy
2012-07-09;37961,824434138616;10998,832192976886;-0,43104740418818954;-0,1254691579106071;-0,30557824627758245;spy
2012-07-10;37517,86844466737;10902,920956232538;-1,1694801187479231;-0,8720129106578378;-0,2974672080900853;spy
2012-07-11;37275,51234188438;10904,546906750063;-0,6459751388606438;0,014912980879655535;-0,6608881197402994;spy
2012-07-12;37481,41221776116;10851,71405694374;0,5523730270647897;-0,4845029349511032;1,036875962015893;strategy
2012-07-13;37739,58466632232;11033,782067564136;0,6888012838502933;1,677781128999567;-0,9889798451492737;spy
2012-07-16;37684,86090446051;11007,77182023114;-0,14500361449564236;-0,2357328355202637;0,09072922102462133;strategy
2012-07-17;37724,45075507475;11083,363016335408;0,10505505304798657;0,6867075130076561;-0,5816524599596695;spy
2012-07-18;37637,931124511306;11165,455534036068;-0,22934629618645008;0,7406823865614198;-0,9700286827478699;spy
2012-07-19;37620,080865263146;11194,716442167259;-0,04742624983585797;0,26206640689216965;-0,3094926567280276;spy
2012-07-20;37405,64374774296;11092,303883826518;-0,570007061622746;-0,9148294096577692;0,3448223480350232;strategy
2012-07-23;37345,30599735674;10980,136862617475;-0,1613065418499926;-1,0112148241141483;0,8499082822641557;strategy
2012-07-24;37184,76630116675;10885,851576390653;-0,4298791826778947;-0,8586895355359614;0,4288103528580667;strategy
2012-07-25;36950,98837902573;10888,291122285369;-0,6286927292956546;0,022410243953796538;-0,6511029732494511;spy
2012-07-26;37596,55313026083;11067,919587011049;1,7470838522997134;1,6497397314995554;0,09734412080015797;strategy
2012-07-27;37873,817196031596;11271,932348552196;0,7374720358276798;1,8432801208690508;-1,105808085041371;spy
2012-07-30;37572,73446190082;11271,932348552196;-0,7949627379051805;0,0;-0,7949627379051805;spy
2012-07-31;37310,9964734472;11193,091731886589;-0,696616821219187;-0,6994418900654109;0,0028250688462239104;strategy
2012-08-01;37141,87791608012;11183,337269018288;-0,45326732961269434;-0,08714717168369912;-0,3661201579289952;spy
2012-08-02;37204,66943343394;11106,12136263335;0,16905854220858885;-0,6904549556852935;0,8595134978938823;strategy
2012-08-03;37588,84177842301;11326,391148876048;1,0325917440992871;1,983318739733897;-0,9507269956346098;spy
2012-08-06;37591,67337933798;11348,335899796799;0,0075330890259017735;0,19374883519653885;-0,18621574617063708;spy
2012-08-07;37811,15007678677;11405,233005778513;0,5838439146723884;0,5013695971294974;0,08247431754289103;strategy
2012-08-08;37802,571612719425;11419,050484585345;-0,02268765707978959;0,12115034212656361;-0,1438379992063532;spy
2012-08-09;37839,112829284386;11428,80370721679;0,09666330888629115;0,08541185315373845;0,011251455732552706;strategy
2012-08-10;37754,77151210983;11447,497797339345;-0,22289454183312962;0,1635699641140187;-0,3864645059471483;spy
2012-08-13;37733,26197282261;11441,808830883287;-0,05697171092750031;-0,04969615680887607;-0,007275554118624239;spy
2012-08-14;37820,12229039797;11443,433541163957;0,23019562326183074;0,014199767752498538;0,2159958555093322;strategy
2012-08-15;37971,709042987444;11456,438664830455;0,40080978962873104;0,1136470415082691;0,28716274812046194;strategy
2012-08-16;38184,77088098774;11540,970728425833;0,5611067907401512;0,7378563798790205;-0,1767495891388693;spy
2012-08-17;38356,18907338368;11556,412917513335;0,44891769268489146;0,13380320816054336;0,3151144845243481;strategy
2012-08-20;38225,89686004401;11557,226512890526;-0,339690194691622;0,007040206879049826;-0,3467304015706718;spy
2012-08-21;38024,106293915975;11522,275398066422;-0,5278896839669978;-0,30241784034534813;-0,22547184362164963;spy
2012-08-22;38322,65616818475;11527,153249619;0,7851594774143322;0,04233409968135149;0,7428253777329807;strategy
2012-08-23;38200,247883559714;11432,867963392177;-0,3194149280463021;-0,8179407715425246;0,49852584349622253;strategy
2012-08-24;38397,375761628966;11501,95535742634;0,5160382170035449;0,604287517842228;-0,0882493008386831;spy
2012-08-27;38377,84681565041;11504,3936630842;-0,05086010590877876;0,021199053396481204;-0,07205915930525997;spy
2012-08-28;38482,03369569767;11493,014489935229;0,27147661656925504;-0,0989115418180142;0,37038815838726924;strategy
2012-08-29;38636,165484981;11501,95535742634;0,4005292196928911;0,077793928641956;0,3227352910509351;strategy
2012-08-30;38509,27530344392;11419,050484585345;-0,3284233306910411;-0,7207893811504551;0,392366050459414;strategy
2012-08-31;38587,53861868415;11473,50804467234;0,20323237615751388;0,4769009486428777;-0,2736685724853638;spy
2012-09-04;38755,7397044346;11462,941226663703;0,43589482970807225;-0,09209753431553835;0,5279923640236106;strategy
2012-09-05;38676,99369165022;11453,188004032258;-0,20318542075297152;-0,08508481757507624;-0,11810060317789528;spy
2012-09-06;39259,59310365033;11685,649318564261;1,5063203118754531;2,0296647051472716;-0,5233443932718185;spy
2012-09-07;39296,07107530571;11731,166011160149;0,09291479807003178;0,38950931484464935;-0,29659451677461757;spy
2012-09-10;39013,85298787241;11664,51568254699;-0,7181839805115997;-0,5681475187526375;-0,15003646175896224;spy
2012-09-11;38977,952870942754;11697,028491713232;-0,09201889631565985;0,2787326113752764;-0,37075150769093623;spy
2012-09-12;39100,59848434918;11736,04262247587;0,3146538090712747;0,3335388196265221;-0,018885010555247383;spy
2012-09-13;39541,00554386281;11914,858732061213;1,1263435256366083;1,5236491152723852;-0,3973055896357769;spy
2012-09-14;39720,998801522015;11967,691581867539;0,4552065765235369;0,44341985913907145;0,011786717384465462;strategy
2012-09-17;39504,042801544085;11927,051500587375;-0,5461997596334811;-0,3395816227562132;-0,20661813687726793;spy
2012-09-18;39348,549641663725;11917,297037719074;-0,3936132832315642;-0,08178436110399812;-0,3118289221275661;spy
2012-09-19;39599,52761577542;11923,799599552325;0,6378328461843719;0,05456406610215847;0,5832687800822134;strategy
2012-09-20;39330,94908101671;11924,613194929514;-0,6782367137422973;0,006823289593183013;-0,6850600033354803;spy
2012-09-21;39493,22253037375;11856,33691579883;0,4125846264802169;-0,5725659861211652;0,985150612601382;strategy
2012-09-24;39292,28266144581;11838,455180816612;-0,5087958288878536;-0,1508200644871227;-0,35797576440073087;spy
2012-09-25;39035,74980142396;11712,471921037593;-0,6528835757194762;-1,0641866515080922;0,411303075788616;strategy
2012-09-26;38665,4127659659;11646,633947564771;-0,9487124939112968;-0,5621185170533116;-0,38659397685798513;spy
2012-09-27;39214,21244392486;11756,362663115951;1,4193555394862445;0,9421496034407673;0,47720593604547723;strategy
2012-09-28;39088,1969294621;11701,905103028956;-0,3213516391358251;-0,4632177625640055;0,1418661234281804;strategy
2012-10-01;39106,75802374431;11732,791961677673;0,04748516365620237;0,2639472665072473;-0,21646210285104495;spy
2012-10-02;39450,205564089556;11744,98348996698;0,8782306631930803;0,10390986501020993;0,7743207981828704;strategy
2012-10-03;39598,93857033127;11792,938488220725;0,3770145278459758;0,4083019639381291;-0,03128743609215334;spy
2012-10-04;39733,77414985461;11877,470551816103;0,34050301445291975;0,7168023786422006;-0,3762993641892809;spy
2012-10-05;39646,73825008617;11878,28290695644;-0,21904765311290264;0,0068394624662904135;-0,22588711557919305;spy
2012-10-08;39473,64806920727;11837,642825676276;-0,43658113761356754;-0,34213767762985015;-0,09444345998371739;spy
2012-10-09;38972,31884644341;11720,599193151511;-1,2700351938207066;-0,9887410377925288;-0,28129415602817787;spy
2012-10-10;38784,02100567905;11645,821592424434;-0,4831579088385274;-0,6380015176252307;0,15484360878670334;strategy
2012-10-11;38615,52979498166;11652,324154257683;-0,4344346107710728;0,0558360076328146;-0,4902706184038874;spy
2012-10-12;38554,16307167033;11614,122378635384;-0,1589172119018989;-0,32784683224196254;0,16892962034006365;strategy
2012-10-15;38775,73028273237;11710,845970520066;0,5746907555745917;0,8328101662042897;-0,258119410629698;spy
2012-10-16;38954,32655076997;11829,514313325502;0,46058776130162293;1,0133199864823084;-0,5527322251806854;spy
2012-10-17;39140,13074199361;11883,159518272161;0,47697960066510614;0,4534861155392367;0,023493485125869462;strategy
2012-10-18;38726,37457599574;11852,2738998603;-1,0571149307734728;-0,25991082897077744;-0,7972041018026954;spy
2012-10-19;38391,37660259429;11654,762459915544;-0,8650383028859454;-1,6664434319821453;0,8014051290961999;strategy
2012-10-22;38518,202918712006;11656,388410433072;0,33035105104604057;0,013950953724872761;0,3164000973211678;strategy
2012-10-23;38206,225963084595;11494,640440452757;-0,8099468095274398;-1,3876336673505407;0,5776868578231009;strategy
2012-10-24;38481,8702680659;11462,128871523368;0,7214643635506723;-0,2828411127587027;1,004305476309375;strategy
2012-10-25;38227,96394276334;11495,452795593092;-0,6598076536661002;0,2907306700460799;-0,95053832371218;spy
2012-10-26;38272,616599117464;11488,951473996698;0,1168062636581535;-0,05655559386826825;0,17336185752642175;strategy
2012-10-31;38101,65592749599;11488,951473996698;-0,4466918826381394;0,0;-0,4466918826381394;spy
2012-11-01;38461,958611373375;11609,24576731966;0,9456352358097275;1,047043271052428;-0,10140803524270048;spy
2012-11-02;38091,04250423143;11506,019613601728;-0,9643713438770685;-0,8891719219909833;-0,0751994218860852;spy
2012-11-05;38340,529978125276;11529,591555276862;0,6549767543540641;0,2048661697679366;0,4501105845861275;strategy
2012-11-06;38430,807939184975;11619,812585328295;0,2354635189216303;0,7825171396478536;-0,5470536207262233;spy
2012-11-07;38084,56973521947;11356,464412147574;-0,9009391749281281;-2,26637195089735;1,365432775969222;strategy
2012-11-08;37789,319465396955;11219,913094123063;-0,7752490624817976;-1,2024104780220757;0,4271614155402781;strategy
2012-11-09;37767,2161242742;11229,667556991362;-0,05849097426322558;0,08693884512713801;-0,1454298193903636;spy
2012-11-12;37815,02160590809;11238,608424482474;0,1265793101524526;0,07961827405607025;0,04696103609638236;strategy
2012-11-13;37706,8188487111;11199,59305348298;-0,2861369704469263;-0,34715482136117304;0,06101785091424672;strategy
2012-11-14;37263,210290485804;11048,411901511303;-1,1764677365257437;-1,349880761289457;0,17341302476371334;strategy
2012-11-15;37012,730222188824;11029,717811388748;-0,672191328509697;-0,1692016037164401;-0,5029897247932569;spy
2012-11-16;37511,75155853908;11084,175371475743;1,3482424380871327;0,4937348445194667;0,854507593567666;strategy
2012-11-19;37948,85274292233;11308,509413893828;1,1652380020195308;2,023912784665871;-0,8586747826463403;spy
2012-11-20;38288,93158452678;11313,386025209551;0,89615052109282;0,043123378486398245;0,8530271426064218;strategy
2012-11-21;38408,47377676844;11334,518420989967;0,31221083298644814;0,18679107858006194;0,1254197544063862;strategy
2012-11-23;38664,60510445216;11488,951473996698;0,6668615086669716;1,3625021131973503;-0,6956406045303787;spy
2012-11-26;38615,31221647557;11464,567177181229;-0,12748840404143147;-0,2122412725883538;0,08475286854692232;strategy
2012-11-27;38648,33001498363;11406,045360918846;0,08550441939447762;-0,5104581390465657;0,5959625584410433;strategy
2012-11-28;38771,43209808647;11497,892341487808;0,31851850534063697;0,8052482491754942;-0,48672974383485723;spy
2012-11-29;38917,17758271855;11551,536306197611;0,3759094692797449;0,4665547660090752;-0,0906452967293303;spy
2012-11-30;38854,929159678024;11553,974611855474;-0,15995102139206852;0,021108063838704005;-0,18105908523077252;spy
2012-12-03;38778,14604756117;11497,078746110617;-0,1976148555085766;-0,49243544023782615;0,29482058472924955;strategy
2012-12-04;38753,69561573879;11480,822961645923;-0,06305209071209017;-0,14139056384382398;0,07833847313173381;strategy
2012-12-05;38557,712630015114;11501,143002286006;-0,5057143134604258;0,17699115044249591;-0,6827054639029217;spy
2012-12-06;38638,40088320873;11540,15713304864;0,20926618227556926;0,3392195954339483;-0,12995341315837905;spy
2012-12-07;38707,908720967665;11575,108247872746;0,1798931533658399;0,30286515531068314;-0,12297200194484326;spy
2012-12-10;38717,563254320004;11579,984859188467;0,024942017461948573;0,04213015732805747;-0,017188139866108898;spy
2012-12-11;38767,62747375639;11658,826716090933;0,12930622494895516;0,6808459411750123;-0,5515397162260571;spy
2012-12-12;38818,67937420973;11664,51568254699;0,13168693515717145;0,04879535989847916;0,08289157525869228;strategy
2012-12-13;38564,06988134404;11592,989982854966;-0,6558942678375757;-0,6131904799017374;-0,04270378793583829;spy
2012-12-14;38575,35048635918;11549,911595916941;0,02925159364624008;-0,3715899608447315;0,4008415544909716;strategy
2012-12-17;38830,78024989291;11685,649318564261;0,6621579851207038;1,1752273731281626;-0,5130693880074588;spy
2012-12-18;39241,05027387431;11815,69683451867;1,0565587952164002;1,1128822405085392;-0,05632344529213906;spy
2012-12-19;39034,33065049065;11727,914110125095;-0,5267943185539248;-0,742933113662203;0,21613879510827827;strategy
2012-12-20;39162,01319442901;11795,376793878588;0,3271031981606498;0,5752317344756896;-0,24812853631503984;spy
2012-12-21;39019,68160377325;11605,993866284607;-0,36344298733858027;-1,6055691217279677;1,2421261343893875;strategy
2012-12-24;38989,081811549826;11570,231636557022;-0,07842142981624445;-0,3081358661706224;0,22971443635437794;strategy
2012-12-26;38768,777097383754;11521,463042926085;-0,5650420680099466;-0,42150058151687597;-0,14354148649307064;spy
2012-12-27;38814,42219373763;11506,019613601728;0,11773674531754263;-0,13404052303791492;0,25177726835545755;strategy
2012-12-28;38655,025385847155;11381,661064103379;-0,41066386894763607;-1,0808129455241011;0,670149076576465;strategy
2012-12-31;39161,659778469664;11575,108247872746;1,3106559562835018;1,6996392941227123;-0,38898333783921046;spy
2013-01-02;39823,63100744035;11871,78034512319;1,690355395341614;2,5630179078883986;-0,8726625125467846;spy
2013-01-03;39826,52386763242;11844,95774264986;0,00726417988237138;-0,22593580485464893;0,2331999847370203;strategy
2013-01-04;39933,91568298001;11896,976997078995;0,2696489799223212;0,4391679190363984;-0,16951893911407723;spy
2013-01-07;39671,277260463394;11864,465428149606;-0,6576826189587881;-0,27327588291858884;-0,38440673604019926;spy
2013-01-08;39723,629238151654;11830,327908702691;0,13196443700196347;-0,2877290987415293;0,4196935357434928;strategy
2013-01-09;39831,814652408924;11860,40117197422;0,27234524219494904;0,2542048158226118;0,01814042637233726;strategy
2013-01-10;39884,61449563478;11954,68645820104;0,13255696153089414;0,7949586599955261;-0,6624016984646319;spy
2013-01-11;39786,92986957429;11953,874103060707;-0,2449180650127114;-0,0067952860426157;-0,2381227789700957;spy
2013-01-14;39661,9383290248;11945,74559070993;-0,31415226296480636;-0,06799897908156272;-0,24615328388324365;spy
2013-01-15;39817,63808322535;11953,874103060707;0,39256718345155317;0,06804524915631216;0,324521934295241;strategy
2013-01-16;39846,49386849921;11952,248152543181;0,07246985673421413;-0,01360187085381881;0,08607172758803294;strategy
2013-01-17;39987,87886424114;12029,464058928119;0,354824181541602;0,6460366735985712;-0,2912124920569692;spy
2013-01-18;39974,29023051812;12056,286661401447;-0,03398188178260764;0,22297421017207775;-0,2569560919546854;spy
2013-01-22;40193,62023854471;12121,311039497077;0,5486776794829673;0,5393400134040105;0,009337666078956808;strategy
2013-01-23;40223,78086651885;12140,81748475997;0,07503834637223594;0,16092686013362556;-0,08588851376138962;spy
2013-01-24;40328,33433248303;12144,069385795023;0,25992948378257275;0,02678486056755247;0,23314462321502027;strategy
2013-01-25;40522,17438876967;12212,34442468885;0,4806547542691719;0,5622088998741059;-0,08155414560493401;spy
2013-01-28;40306,44855702703;12197,714590741682;-0,5323648964958405;-0,11979545809068792;-0,4125694384051526;spy
2013-01-29;40729,938299190224;12245,669588995426;1,0506749101549362;0,39314740394191805;0,6575275062130181;strategy
2013-01-30;40550,345612003075;12197,714590741682;-0,44093532837666816;-0,3916078080110852;-0,049327520365582966;spy
2013-01-31;40192,39699422033;12167,6400872333;-0,8827264290363734;-0,24655851130677142;-0,636167917729602;spy
2013-02-01;40396,042201624194;12292,812232108838;0,5066759452867275;1,0287298438985903;-0,5220538986118628;spy
2013-02-04;40163,971194943326;12154,634963566801;-0,5744894648900489;-1,1240492893978882;0,5495598245078392;strategy
2013-02-05;40373,63974017833;12277,36880278448;0,5220314102341694;1,0097698498191976;-0,48773843958502816;spy
2013-02-06;40439,36200928429;12286,30967027559;0,1627850982198087;0,07282397095607074;0,08996112726373795;strategy
2013-02-07;40397,07215557153;12270,053885810896;-0,10457596661157531;-0,13230811285851463;0,027732146246939315;strategy
2013-02-08;40727,01726455086;12338,328924704725;0,8167550056813244;0,5564363411050932;0,2603186645762312;strategy
2013-02-11;40604,426095886694;12335,890619046862;-0,30100698970377815;-0,019762041300264155;-0,281244948403514;spy
2013-02-12;40753,3722463261;12356,210659686943;0,36682244957155774;0,16472293138452;0,20209951818703775;strategy
2013-02-13;40936,10956163859;12366,776237458726;0,4483980226420714;0,08550823600192992;0,3628897866401415;strategy
2013-02-14;41461,20633777279;12378,155410607696;1,2827227153658916;0,09201406195500361;1,190708653410888;strategy
2013-02-15;41466,14281576163;12363,525576660528;0,011906257499183504;-0,11819074378910388;0,13009700128828738;strategy
2013-02-19;41643,20862116857;12456,184912369825;0,42701296378990783;0,7494572250832388;-0,3224442612933309;spy
2013-02-20;40963,51556932302;12300,939504222759;-1,6321822317506007;-1,246331916547716;-0,3858503152028847;spy
2013-02-21;40489,58968147778;12226,161903495682;-1,1569463246952183;-0,6079015403775201;-0,5490447843176982;spy
2013-02-22;40841,68830377195;12345,64384167831;0,8696028412835233;0,9772644851731016;-0,10766164388957833;spy
2013-02-25;40243,3685523227;12110,744221488443;-1,4649731103157926;-1,9026923439736443;0,4377192336578517;strategy
2013-02-26;40319,3851483528;12193,650334566295;0,18889222936508965;0,6845666258127103;-0,4956743964476207;spy
2013-02-27;40497,71658467666;12347,269792195833;0,4422970133788118;1,2598315796711113;-0,8175345662922995;spy
2013-02-28;40532,46052572211;12322,885495380368;0,08579234578030004;-0,19748735733366996;0,28327970311397;strategy
2013-03-01;40699,93949114485;12363,525576660528;0,4131971344706553;0,329793547910473;0,08340358656018232;strategy
2013-03-04;40934,80823851506;12429,362309896494;0,5770739472998887;0,5325077610568663;0,04456618624302244;strategy
2013-03-05;41168,67370368616;12540,715735728347;0,5713119841882053;0,8958900952077853;-0,32457811101958;spy
2013-03-06;41164,789721477544;12557,78511557023;-0,009434314635858865;0,1361116877344859;-0,14554600237034476;spy
2013-03-07;41142,85798046922;12580,543461868174;-0,05327791337381704;0,18122898336367932;-0,23450689673749636;spy
2013-03-08;41299,201466973995;12634,188666814835;0,3800015219628028;0,42641405046817127;-0,04641252850536848;spy
2013-03-11;41228,25843527532;12682,14366506858;-0,17177821647570424;0,3795653169222035;-0,5513435333979078;spy
2013-03-12;41296,238474605096;12653,695112077725;0,1648870020461768;-0,22431975021077744;0,3892067522569542;strategy
2013-03-13;41399,426764318996;12671,576847059945;0,2498733384091567;0,14131630977225473;0,10855702863690198;strategy
2013-03-14;41473,50947227149;12739,039530813436;0,17894621675376143;0,5323937546821034;-0,35344753792834194;spy
2013-03-15;41384,31600822903;12665,887880603885;-0,21506128894661636;-0,5742320685371172;0,3591707795905008;strategy
2013-03-18;41408,96979029289;12595,986891192531;0,059572766791560205;-0,5518838479408705;0,6114566147324307;strategy
2013-03-19;41287,61737203636;12566,725983061342;-0,2930582887502253;-0,23230341841375957;-0,06075487033646576;spy
2013-03-20;41670,99034048615;12654,508707454914;0,9285422430538315;0,6985329712121846;0,23000927184164688;strategy
2013-03-21;41416,25664953084;12546,40594242126;-0,6112974250765846;-0,8542628365332705;0,24296541145668593;strategy
2013-03-22;41584,184942502885;12647,19379048133;0,4054646811590734;0,8033204769765323;-0,3978557958174589;spy
2013-03-25;41401,43430833394;12594,360940675007;-0,4394714827803625;-0,41774365666861213;-0,021727826111750392;spy
2013-03-26;41686,03321852321;12695,148788735078;0,6874131656158244;0,800261708671246;-0,11284854305542158;spy
2013-03-27;41738,23938817394;12695,148788735078;0,12523659753629346;0,0;0,12523659753629346;strategy
2013-03-28;41841,6169787143;12734,162919497714;0,24768076482317714;0,307315269886832;-0,059634505063654863;spy
2013-04-01;41436,97633424986;12683,769615586107;-0,9670769766624621;-0,3957331489331639;-0,5713438277292981;spy
2013-04-02;41059,76934243689;12746,355688023876;-0,910314953413216;0,4934343206680625;-1,4037492740812785;spy
2013-04-03;40544,25408888967;12617,11928697295;-1,25552398808636;-1,0139086356451887;-0,24161535244117127;spy
2013-04-04;40648,94277559503;12668,326186261747;0,2582084417580788;0,4058525414883718;-0,14764409973029302;spy
2013-04-05;40546,1072793068;12611,430320516893;-0,2529844302616602;-0,4491190462600825;0,1961346159984223;strategy
2013-04-08;40823,256548648555;12696,774739252603;0,683541005385746;0,6767227552046062;0,0068182501811397955;strategy
2013-04-09;40908,20452970176;12740,665481330961;0,20808722339917818;0,34568418342233453;-0,13759696002315636;spy
2013-04-10;41177,40396635025;12896,723244618364;0,6580573255250854;1,2248792146381637;-0,5668218891130783;spy
2013-04-11;41290,59770474957;12938,989276416052;0,27489284776627265;0,3277269039275055;-0,05283405616123282;spy
2013-04-12;41194,38591144596;12907,290062626998;-0,23301138431459645;-0,24498987603948086;0,01197849172488441;strategy
2013-04-15;40364,499523021615;12608,17841948184;-2,014561863377018;-2,317385304691;0,30282344131398187;strategy
2013-04-16;40792,5752268604;12794,310686277624;1,060525236029819;1,4762819862080834;-0,4157567501782644;spy
2013-04-17;40322,501564364866;12607,366064341502;-1,1523510341803656;-1,4611543092870716;0,308803275106706;strategy
2013-04-18;40070,2522111553;12528,52420743904;-0,6255796228488375;-0,6253634303953204;-0,0002161924535171167;spy
2013-04-19;40453,65294306382;12637,439327613029;0,9568213593668995;0,869337189046715;0,08748417032018452;strategy
2013-04-22;40641,065984297165;12693,522838217552;0,4632784126989087;0,4437885646816131;0,019489848017295586;strategy
2013-04-23;41402,59566797012;12824,38394954915;1,8737935761015567;1,0309282379640239;0,8428653381375328;strategy
2013-04-24;41442,6792283449;12832,512461899923;0,0968141241583842;0,06338325788397547;0,03343086627440872;strategy
2013-04-25;41385,68758402298;12884,531716329057;-0,1375192081764509;0,4053707688465469;-0,5428899770229978;spy
2013-04-26;41384,05239606599;12861,773370031115;-0,003951095299947749;-0,1766330884117373;0,17268199311178956;strategy
2013-04-29;41467,18520231443;12947,930143907162;0,2008812608606192;0,6698669879909414;-0,46898572713032216;spy
2013-04-30;41645,059608438714;12978,815762319025;0,4289522070438423;0,23853711032257863;0,19041509672126367;strategy
2013-05-01;41440,21734657377;12865,02403082931;-0,49187650057639365;-0,8767497248869383;0,3848732243105446;strategy
2013-05-02;41938,66921941637;12984,50596901194;1,2028215698627553;0,9287346677029573;0,27408690215979803;strategy
2013-05-03;42375,85175739377;13116,17943548387;1,0424330244961588;1,014081450508586;0,02835157398757282;strategy
2013-05-06;42519,33311830074;13149,504599790449;0,3385922759226556;0,25407676427804393;0,08451551164461168;strategy
2013-05-07;42279,187057989155;13216,154928403606;-0,5647926312565388;0,5068657005848021;-1,0716583318413408;spy
2013-05-08;42342,08157217102;13276,301454946659;0,14875998939052337;0,45509852804304085;-0,3063385386525175;spy
2013-05-09;42185,78160103745;13238,91327470155;-0,36913624774718157;-0,28161593326263556;-0,087520314484546;spy
2013-05-10;42438,50827105927;13281,991661639573;0,5990802124088201;0,3253921681044769;0,27368804430434324;strategy
2013-05-13;42679,76615489825;13292,557239411353;0,5684881341682546;0,07954814338797522;0,4889399907802794;strategy
2013-05-14;43184,7136297088;13429,9209125762;1,1831074073319403;1,033387862777646;0,14971954455429426;strategy
2013-05-15;43213,76511771347;13502,260207645415;0,06727261932029105;0,5386427480855271;-0,4713701287652361;spy
2013-05-16;42935,42350685932;13438,861780067311;-0,6441040490129724;-0,4695393704692963;-0,17456467854367608;spy
2013-05-17;43366,61098984345;13568,910536258572;1,0042697795102695;0,967706628132392;0,03656315137787747;strategy
2013-05-20;43435,15495706245;13568,096940881382;0,15805700665669775;-0,005996025804844152;0,1640530324615419;strategy
2013-05-21;43350,53942873869;13587,604626381126;-0,19480885565483774;0,14377613592195804;-0,3385849915767958;spy
2013-05-22;43072,981487596466;13486,816778321056;-0,6402641000545883;-0,7417631792463575;0,10149907919176915;strategy
2013-05-23;43095,222862609364;13447,80264755842;0,0516364882224396;-0,28927604937399876;0,34091253759643836;strategy
2013-05-24;43153,90052555692;13436,423474409448;0,1361581610440421;-0,08461734193456749;0,2207755029786096;strategy
2013-05-28;43282,893272820496;13516,89128182944;0,29891329796987165;0,5988781729992843;-0,2999648750294126;spy
2013-05-29;43122,262548694125;13429,108557435864;-0,3711182686284009;-0,6494298323726277;0,27831156374422683;strategy
2013-05-30;43410,35705814833;13478,689506207138;0,6680876476017117;0,3692050634576116;0,29888258414410007;strategy
2013-05-31;43094,66868454832;13285,242322437769;-0,7272190209749785;-1,4352076563547533;0,7079886353797749;strategy
2013-06-03;42731,72394816624;13358,395212884176;-0,8422033338713497;0,5506327146389767;-1,3928360485103264;spy
2013-06-04;42546,32937808616;13294,18318992888;-0,43385698715308063;-0,48068665383819154;0,046829666685110904;strategy
2013-06-05;42176,92740454353;13108,052163369952;-0,8682346490103798;-1,4000937394930357;0,5318590904826559;strategy
2013-06-06;42640,51557746813;13226,720506175387;1,0991511270559418;0,9053087470695997;0,19384237998634202;strategy
2013-06-07;43083,246441435535;13394,971037988951;1,0382868452025518;1,2720502541428091;-0,23376340894025738;spy
2013-06-10;43124,76245099163;13394,971037988951;0,09636230550205127;0,0;0,09636230550205127;strategy
2013-06-11;42735,34792639009;13256,795009683769;-0,9029951760176846;-1,0315515271612563;0,12855635114357167;strategy
2013-06-12;41977,887064293456;13147,066294132588;-1,7724457594245568;-0,8277167706902455;-0,9447289887343113;spy
2013-06-13;42286,276183615606;13347,016039735205;0,7346465982192463;1,5208696839982716;-0,7862230857790253;spy
2013-06-14;42156,2223635042;13263,296331280164;-0,30755562288502514;-0,6272541233621087;0,3196985004770836;strategy
2013-06-17;42353,62662315289;13365,71012985776;0,46826838027971274;0,7721594694077849;-0,30389108912807217;spy
2013-06-18;42655,471966925244;13471,374589233554;0,7126788609109314;0,7905637511900654;-0,07788489027913403;spy
2013-06-19;42179,0528253193;13285,242322437769;-1,1169004107500213;-1,3816872625941445;0,2647868518441232;strategy
2013-06-20;41345,50207273102;12956,057416021084;-1,9762197032739293;-2,4778238772560246;0,5016041739820953;strategy
2013-06-21;41202,35400520673;12929,236053784607;-0,34622403973344484;-0,20701793281118208;-0,13920610692226276;spy
2013-06-24;40972,92776184737;12765,862133286768;-0,5568279990273539;-1,2636007248859604;0,7067727258586065;strategy
2013-06-25;41348,959127243215;12888,595972504445;0,9177556643779505;0,9614222520675009;-0,04366658768955034;spy
2013-06-26;41685,772382263654;13016,20518280099;0,8145628381695413;0,9900939603411985;-0,17553112217165712;spy
2013-06-27;41956,61390897154;13092,608734045592;0,6497217425270208;0,586987913693604;0,06273382883341672;strategy
2013-06-28;41858,70905706499;13038,963529098932;-0,23334783907721368;-0,4097365623335514;0,1763887232563377;strategy
2013-07-01;42353,29080199686;13115,367080343536;1,1815504015129097;0,5859633787156149;0,5955870227972948;strategy
2013-07-02;42229,167503444216;13103,17555205423;-0,2930664800828042;-0,09295605845129895;-0,20011042163150528;spy
2013-07-03;42185,76713598949;13108,864518510289;-0,10277343840886521;0,04341670027587785;-0,14619013868474307;spy
2013-07-05;42658,24878112663;13250,292447850521;1,1200024966099509;1,0788724617645462;0,04113003484540467;strategy
2013-07-08;42738,67397610993;13325,882403717933;0,18853374735552375;0,5704776416438628;-0,3819438942883391;spy
2013-07-09;42814,08195217783;13421,793640462281;0,17643967173630593;0,7197364785208382;-0,5432968067845323;spy
2013-07-10;42706,139910752914;13426,670251778003;-0,25211808008749337;0,03633352923129163;-0,288451609318785;spy
2013-07-11;43105,88226950684;13609,550617538735;0,9360301811151883;1,3620679016565163;-0,42603772054132794;spy
2013-07-12;43305,867208858326;13615,239583994793;0,4639388612930784;0,04180128070303546;0,4221375805900429;strategy
2013-07-15;43498,343284625065;13667,258838423926;0,44445727143265223;0,38206639044591206;0,06239088098674017;strategy
2013-07-16;43296,47173412367;13616,053179371984;-0,464090204954426;-0,3746593201848447;-0,08943088476958128;spy
2013-07-17;43380,49079955087;13651,003053959232;0,19405522450686163;0,2566813901710985;-0,06262616566423684;spy
2013-07-18;43554,24807717673;13725,78065468631;0,40054244298144415;0,547780997714975;-0,14723855473353087;spy
2013-07-19;43399,01466489893;13750,164951501778;-0,3564139415350054;0,17765326016006;-0,5340672016950654;spy
2013-07-22;43521,14081016136;13776,987553975108;0,28140303692472113;0,1950711323677634;0,08633190455695772;strategy
2013-07-23;43266,288049164636;13747,726645843917;-0,5855838249010814;-0,21238974062038896;-0,37319408428069245;spy
2013-07-24;43253,523651393065;13697,33334193231;-0,029501947930143935;-0,3665573604261452;0,33705541249600124;strategy
2013-07-25;43633,97398700353;13730,65726600203;0,8795822940964149;0,2432876767896497;0,6362946173067652;strategy
2013-07-26;43754,518400835324;13745,288340186054;0,2762627439520049;0,10655771170002826;0,16970503225197664;strategy
2013-07-29;43386,12869884012;13703,022308388367;-0,8419466502188055;-0,30749469019225595;-0,5344519600265496;spy
2013-07-30;43521,52202106633;13703,022308388367;0,3120659212672017;0,0;0,3120659212672017;strategy
2013-07-31;43506,75520047938;13712,776771256667;-0,033929926852749315;0,07118475507648103;-0,10511468192923035;spy
2013-08-01;43968,67930205407;13871,272840201931;1,061729608301376;1,1558276750883056;-0,09409806678692956;spy
2013-08-02;44110,73824098415;13894,843541640208;0,323091212165294;0,16992457512596815;0,15316663703932587;strategy
2013-08-05;44017,52323862291;13874,523501000127;-0,21132043143778922;-0,14624159371917633;-0,06507883771861289;spy
2013-08-06;43670,14845710936;13795,681644097664;-0,7891738470390597;-0,5682491142616874;-0,22092473277737223;spy
2013-08-07;43312,52768495107;13750,977306642113;-0,8189135709248285;-0,3240458761577525;-0,49486769476707604;spy
2013-08-08;43786,662484845074;13801,371850790576;1,0946828209676296;0,3664797274017806;0,728203093565849;strategy
2013-08-09;43710,41036829069;13761,544124650749;-0,17414461899389888;-0,2885780237675828;0,11443340477368391;strategy
2013-08-12;43698,5541471937;13745,288340186054;-0,02712447903621129;-0,11812471273173752;0,09100023369552623;strategy
2013-08-13;43538,0202682404;13785,928421466218;-0,3673665687257355;0,2956655420705001;-0,6630321107962356;spy
2013-08-14;43432,99882728442;13715,215076914528;-0,24121776853640586;-0,5129385732308145;0,2717208046944086;strategy
2013-08-15;42919,45363442875;13523,393843662689;-1,1823848380763113;-1,3986017147825325;0,21621687670622114;strategy
2013-08-16;43064,24225513294;13478,689506207138;0,3373496362219397;-0,3305704024622491;0,6679200386841888;strategy
2013-08-19;42848,34797300905;13392,53273233109;-0,5013307347771945;-0,6392073490258166;0,13787661424862208;strategy
2013-08-20;43354,60564924101;13458,369465567057;1,1815103736341648;0,49159284917803525;0,6899175244561295;strategy
2013-08-21;43205,65661947422;13375,463352489205;-0,3435598768256831;-0,6160190005926491;0,272459123766966;strategy
2013-08-22;43546,62661533928;13497,383596329693;0,7891790625197181;0,9115216469700815;-0,12234258445036339;spy
2013-08-23;43563,80822093826;13542,900288925579;0,039455652330433466;0,3372260428922136;-0,2977703905617801;spy
2013-08-26;43731,074432550566;13492,50698501397;0,3839568174664576;-0,3721012695693915;0,7560580870358491;strategy
2013-08-27;42938,04096164026;13275,489099806324;-1,8134323960721677;-1,608432631894774;-0,20499976417739374;spy
2013-08-28;43248,784496706576;13322,631742919735;0,7237021720295278;0,35511040504037084;0,36859176698915697;strategy
2013-08-29;43515,859185750436;13343,764138700151;0,6175310870625728;0,15862028004824946;0,4589108070143233;strategy
2013-08-30;43237,081105594785;13301,498106902463;-0,6406355875122838;-0,31674744366251284;-0,32388814384977094;spy
2013-09-03;43544,874745027424;13361,645873682373;0,7118742328626082;0,4521879136959672;0,259686319166641;strategy
2013-09-04;43764,83349518865;13472,186944373889;0,5051312041868705;0,8273013050678291;-0,32217010088095854;spy
2013-09-05;43820,23691308603;13489,256324215772;0,1265934620851894;0,12670088317778827;-0,00010742109259886945;spy
2013-09-06;43669,98573104794;13495,757645812168;-0,34288080718527514;0,048196293703184345;-0,3910771008884595;spy
2013-09-09;44204,79638769472;13624,994046863094;1,2246641433329764;0,9576076011636792;0,2670565421692972;strategy
2013-09-10;44670,03303725454;13725,78065468631;1,0524573973364815;0,7397185457590716;0,3127388515774099;strategy
2013-09-11;44716,43270899702;13768,859041624333;0,1038720336377974;0,313850177427355;-0,2099781437895576;spy
2013-09-12;44478,729069039;13732,283216519558;-0,5315800602989307;-0,26564165552283026;-0,2659384047761004;spy
2013-09-13;44635,223229046795;13763,170075168277;0,351840448869134;0,22492150913084874;0,12691893973828527;strategy
2013-09-16;44734,50888001236;13842,824287211075;0,22243789496936284;0,578749020812519;-0,35631112584315616;spy
2013-09-17;44994,895090373466;13904,598004508509;0,5820701218817836;0,44625082292277796;0,13581929895900569;strategy
2013-09-18;45311,246458226815;14065,532379111633;0,7030827990996524;1,1574183917502756;-0,4543355926506232;spy
2013-09-19;45426,67586488845;14041,9604374365;0,2547478069667486;-0,16758655868681638;0,42233436565356497;strategy
2013-09-20;45311,258983713364;13876,149451517653;-0,2540729185608215;-1,1808250468843928;0,9267521283235713;strategy
2013-09-23;45171,583101951386;13811,937428562358;-0,3082586643910812;-0,46275101878693325;0,15449235439585207;strategy
2013-09-24;45298,464503502284;13779,42585963297;0,2808876573232588;-0,2353874617340601;0,5162751190573189;strategy
2013-09-25;45213,16816954985;13739,598133493142;-0,18829851052862834;-0,28903763150613937;0,10073912097751103;strategy
2013-09-26;45551,12559615396;13792,430983299466;0,7474756587212861;0,3845298042417511;0,362945854479535;strategy
2013-09-27;45297,75293710924;13729,032555721362;-0,5562379759636804;-0,459661010121204;-0,09657696584247644;spy
2013-09-30;45308,07832512848;13655,879665274955;0,022794481734167427;-0,5328335419812369;0,5556280237154043;strategy
2013-10-01;45815,42563945729;13763,98243030861;1,1197723079052535;0,7916206621865873;0,3281516457186662;strategy
2013-10-02;45917,91432139653;13750,977306642113;0,22369907189287996;-0,09448663373661237;0,31818570562949233;strategy
2013-10-03;45469,71047246066;13624,180451485903;-0,9760980122022089;-0,9220934070988784;-0,054004605103330494;spy
2013-10-04;45625,70792006589;13727,406605203836;0,34307992284163813;0,7576687205921084;-0,4145887977504703;spy
2013-10-07;45310,1660013052;13608,737022161544;-0,6915879953325987;-0,864471975335146;0,17288398000254723;strategy
2013-10-08;44464,26009982462;13450,240953216282;-1,8669229802782294;-1,1646640587378077;-0,7022589215404218;spy
2013-10-09;44171,33633084617;13459,995416084583;-0,6587847595368013;0,07252258827354918;-0,7313073478103504;spy
2013-10-10;44942,93005665492;13750,164951501778;1,7468199739973045;2,1557922305860844;-0,4089722565887799;spy
2013-10-11;44917,86017814254;13838,760031035687;-0,05578158451347015;0,6443201215868388;-0,700101706100309;spy
2013-10-14;45275,3229044288;13894,031186499873;0,7958142370731336;0,3993938426581023;0,3964203944150313;strategy
2013-10-15;45124,18308451605;13793,243338439803;-0,33382383651198166;-0,7254039285445102;0,3915800920325285;strategy
2013-10-16;45710,83549256972;13985,878167068835;1,3000842740020113;1,3965883433100013;-0,09650406930798994;spy
2013-10-17;46057,43407240813;14079,349857918467;0,7582416206213249;0,6683290797550479;0,08991254086627709;strategy
2013-10-18;46698,40324070066;14174,447499285623;1,3916736379296468;0,67544057308635;0,7162330648432969;strategy
2013-10-21;46694,906412379845;14175,259854425958;-0,007488111109044127;0,005731123843633057;-0,013219234952677184;spy
2013-10-22;46631,30359013843;14257,353612363475;-0,13620933658099466;0,579134060190678;-0,7153433967716727;spy
2013-10-23;46473,62857698895;14189,078573469647;-0,33813125735310257;-0,4788759593829628;0,14074470202986022;strategy
2013-10-24;46666,02077720237;14236,219976346203;0,41398144733781894;0,33223723889090895;0,08174420844691;strategy
2013-10-25;46494,11262855792;14301,244354441833;-0,36837970279315346;0,45675311426536247;-0,8251328170585159;spy
2013-10-28;46346,07921210021;14324,002700739777;-0,3183917448653206;0,15913542719712126;-0,4775271720624419;spy
2013-10-29;46603,80867085847;14400,40625198438;0,5560976530048611;0,533395258579894;0,02270239442496713;strategy
2013-10-30;46718,82803986025;14328,879312055498;0,24680250881234933;-0,4967008477210433;0,7435033565333926;strategy
2013-10-31;46621,92711283572;14288,239230775336;-0,20741300903750481;-0,28362358559311796;0,07621057655561314;strategy
2013-11-01;46710,08312417597;14322,377990459105;0,1890870172030823;0,2389290879889261;-0,049842070785843795;spy
2013-11-04;47049,52304313186;14372,771294370714;0,72669517211843;0,3518501183614742;0,37484505375695587;strategy
2013-11-05;47233,978316724984;14327,254601774828;0,392044938317504;-0,3166869608070111;0,7087318991245151;strategy
2013-11-06;46746,085228207725;14400,40625198438;-1,0329282137653495;0,5105768847053938;-1,5435050984707432;spy
2013-11-07;46470,417334139696;14218,338241363983;-0,5897133262010246;-1,264325515784026;0,6746121895830015;strategy
2013-11-08;46997,0154477719;14410,159474615824;1,133189981587135;1,3491114783990454;-0,21592149681191053;spy
2013-11-11;47233,253481504;14412,59902051054;0,5026660341753697;0,01692934695840531;0,4857366872169644;strategy
2013-11-12;47165,04977602331;14383,33811237935;-0,14439764456919413;-0,20302311949115248;0,058625474921958354;strategy
2013-11-13;47625,39549674881;14498,755794386589;0,9760314531874315;0,8024401644838086;0,17359128870362284;strategy
2013-11-14;47414,14643723308;14571,095089455803;-0,44356389550643804;0,49893450234690384;-0,9424983978533419;spy
2013-11-15;47600,79268521715;14634,493517033909;0,39365097130061866;0,4350972057274083;-0,04144623442678963;spy
2013-11-18;47146,450703968905;14583,28661774511;-0,9544840655339448;-0,3499055107660243;-0,6045785547679206;spy
2013-11-19;46678,082837564325;14551,587403956059;-0,9934318690190458;-0,21736673371337556;-0,7760651353056702;spy
2013-11-20;46727,35242391219;14506,070711360173;0,10555186364298308;-0,31279537642409094;0,418347240067074;strategy
2013-11-21;47283,27424978411;14623,114343884938;1,1897139406242818;0,8068596579575704;0,3828542826667114;strategy
2013-11-22;47441,885513801564;14696,265994094487;0,3354489859977994;0,5002467223416129;-0,16479773634381356;spy
2013-11-25;47392,13069061928;14681,63616014732;-0,10487530721732252;-0,09954796649057629;-0,0053273407267462325;spy
2013-11-26;47541,663966012464;14685,699176085851;0,31552342807577016;0,02767413586750589;0,2878492922082643;strategy
2013-11-27;47719,13284970545;14721,462646050291;0,37329127524829975;0,243525824243207;0,12976545100509274;strategy
2013-11-29;47649,449604064546;14711,709423418846;-0,14602789589738263;-0,06625172284808745;-0,07977617304929518;spy
2013-12-02;47613,97633756946;14673,507647796547;-0,07444632999928924;-0,25966918270889927;0,18522285270961003;strategy
2013-12-03;47429,25119422714;14610,10922021844;-0,38796411799904007;-0,4320604800149841;0,044096362015944024;strategy
2013-12-04;47315,50495274426;14608,483269700913;-0,23982297552427312;-0,011128941563809391;-0,22869403396046373;spy
2013-12-05;47310,58299111661;14544,272486982474;-0,01040242861736207;-0,4395444861248321;0,42914205750747003;strategy
2013-12-06;47294,40437921499;14706,832812103123;-0,03419660227956811;1,1176930662303297;-1,1518896685098978;spy
2013-12-09;47199,74098437891;14744,220992348235;-0,20015770592447524;0,25422319491075207;-0,4543809008352273;spy
2013-12-10;47139,72884126574;14691,389382778765;-0,12714506872617548;-0,35832079291872043;0,23117572419254495;strategy
2013-12-11;46578,05397750796;14526,390752000254;-1,1915105953390626;-1,123097526581951;-0,06841306875711162;spy
2013-12-12;46711,829666375445;14478,435753746508;0,2872075525784723;-0,3301232843894386;0,6173308369679109;strategy
2013-12-13;46657,230168382885;14476,80980322898;-0,11688580469341181;-0,011230153209795812;-0,105655651483616;spy
2013-12-16;46947,25423831986;14567,030833280416;0,621605845204054;0,6232107161573186;-0,0016048709532645589;spy
2013-12-17;46867,32906760252;14520,700545307342;-0,17024461177561623;-0,3180489456178437;0,14780433384222746;strategy
2013-12-18;47265,29326509799;14768,605289163703;0,8491292450684362;1,707250577083741;-0,8581213320153047;spy
2013-12-19;47160,24921114824;14751,537149558675;-0,2222435252027033;-0,11557042300772702;-0,10667310219497628;spy
2013-12-20;47381,03211056969;14757,22611601473;0,4681546495501898;0,03856524508853987;0,42958940446164995;strategy
2013-12-23;47554,726665926544;14836,067972917195;0,3665909069931361;0,5342593268046869;-0,16766841981155078;spy
2013-12-24;47530,16132509123;14868,579541846582;-0,05165699091888021;0,21913871646270788;-0,2707957073815881;spy
2013-12-26;47736,524749998294;14944,170737950853;0,434173626080514;0,5083955457313438;-0,0742219196508298;spy
2013-12-27;47440,40800418785;14943,358382810515;-0,6203148372472489;-0,005435933211572763;-0,6148789040356761;spy
2013-12-30;47410,34162323018;14940,920077152656;-0,06337715509321384;-0,0163169857497647;-0,04706016934344914;spy
2013-12-31;47522,779161667815;15011,633421704342;0,23715825406021018;0,4732864119915803;-0,2361281579313701;spy
2014-01-02;47198,48251481855;14867,767186706249;-0,6824025289978164;-0,9583649624036683;0,2759624334058519;strategy
2014-01-03;47207,48919411274;14865,328881048388;0,019082561163630274;-0,01639994511106746;0,035482506274697734;strategy
2014-01-06;47126,87604926956;14822,250494110365;-0,1707634661773927;-0,2897910115728597;0,119027545395467;strategy
2014-01-07;47213,89754997667;14913,283879302131;0,18465365838409298;0,6141670944499245;-0,4295134360658315;spy
2014-01-08;47321,01046669534;14916,535780337183;0,22686734685544163;0,021805398873708803;0,20506194798173283;strategy
2014-01-09;47262,09090039279;14926,289002968631;-0,12451037228805584;0,06538530644832896;-0,1898956787363848;spy
2014-01-10;47525,02421378056;14966,929084248795;0,5563302604235654;0,2722718371062083;0,2840584233173571;strategy
2014-01-13;47086,42225312114;14767,792934023368;-0,9228863486454353;-1,330507742132614;0,40762139348717863;strategy
2014-01-14;47598,3516676279;14928,727308626492;1,0872123852494031;1,089765920487351;-0,0025535352379479903;spy
2014-01-15;47835,917399373895;15009,19511604648;0,4991049551565929;0,5390131774561269;-0,039908222299533946;spy
2014-01-16;47479,41125050932;14989,687430546737;-0,7452687608939579;-0,1299715630912579;-0,6152971978027;spy
2014-01-17;47531,10986162741;14926,289002968631;0,10888637781398813;-0,422946961848647;0,5318333396626351;strategy
2014-01-21;47598,85259857681;14970,17974504699;0,14252294370278307;0,2940499280807751;-0,15152698437799206;spy
2014-01-22;48361,9973517201;14979,93420791529;1,6032839269871646;0,06515929023183098;1,5381246367553336;strategy
2014-01-23;48263,58543342861;14857,200368697611;-0,2034901858493754;-0,8193216172660334;0,615831431416658;strategy
2014-01-24;47454,92275271987;14540,208230807086;-1,6755130673500318;-2,133592669036022;0,45807960168599005;strategy
2014-01-27;47113,13102724026;14468,681290878207;-0,720245036032674;-0,4919251416037551;-0,22831989442891887;spy
2014-01-28;47683,43004371899;14554,83930499111;1,2104884647742509;0,5954793832332328;0,6150090815410181;strategy
2014-01-29;47195,88553057966;14415,037326168404;-1,0224610786017663;-0,9605188754970739;-0,06194220310469234;spy
2014-01-30;47827,59323919867;14567,843188420753;1,3384804660772964;1,060044860063969;0,2784356060133275;strategy
2014-01-31;48005,00927005662;14482,498769685038;0,37094910875117293;-0,5858411408735553;0,9567902496247283;strategy
2014-02-03;47338,539439810884;14156,565764303405;-1,388333926770946;-2,2505301782858145;0,8621962515148685;strategy
2014-02-04;47582,95356014956;14255,72766184595;0,516311071763087;0,7004657711023876;-0,18415469933930062;spy
2014-02-05;47438,45806683315;14237,845926863729;-0,30367071084344;-0,12543544185457112;-0,17823526898886888;spy
2014-02-06;47743,838291770306;14425,602903940182;0,6437397786136501;1,3187175787749972;-0,6749778001613471;spy
2014-02-07;48335,91594087632;14604,419013525527;1,2401132173071927;1,239574600632487;0,000538616674705672;strategy
2014-02-10;48332,44423608927;14631,241615998857;-0,007182453708531877;0,18366086626582234;-0,19084331997435422;spy
2014-02-11;48614,64498922701;14791,363635461643;0,583874367617887;1,0943843568798517;-0,5105099892619647;spy
2014-02-12;48691,81436048912;14798,679792672085;0,15873688119951712;0,04946235783767072;0,1092745233618464;strategy
2014-02-13;49006,85563422023;14875,082103679835;0,6470107509215062;0,516277884771732;0,1307328661497742;strategy
2014-02-14;49100,41412386256;14957,175861617347;0,19090898289952918;0,5518877634779651;-0,3609787805784359;spy
2014-02-18;49379,290025706214;14975,05759659957;0,5679705697392956;0,1195528831623216;0,448417686576974;strategy
2014-02-19;49158,984092821556;14875,89569905702;-0,4461504666631866;-0,6621804083415839;0,21602994167839729;strategy
2014-02-20;49737,252249711215;14963,678423450594;1,1763224313134257;0,5901004293754175;0,5862220019380082;strategy
2014-02-21;49667,117708197766;14946,609043608712;-0,14101008467723997;-0,1140720841416254;-0,02693800053561457;spy
2014-02-24;50024,445010582516;15029,51515668656;0,7194444108556963;0,5546817531385084;0,1647626577171879;strategy
2014-02-25;50076,962232863676;15023,824949993652;0,10498311829356677;-0,03786021460829847;0,14284333290186524;strategy
2014-02-26;49998,58384599601;15024,638545370839;-0,15651585753784225;0,0054153677901291886;-0,16193122532797144;spy
2014-02-27;50307,89895705812;15103,480402273304;0,6186477441338267;0,5247504401811875;0,09389730395263918;strategy
2014-02-28;49899,769392293034;15141,68093765875;-0,8112633865180019;0,25292538122336783;-1,0641887677413697;spy
2014-03-03;49774,828460757126;15035,204123142617;-0,25038378545133577;-0,7032033956765993;0,4528196102252635;strategy
2014-03-04;50704,10229595436;15246,533041894209;1,8669553747028722;1,4055606895706063;0,4613946851322659;strategy
2014-03-05;50746,023714713476;15260,35052070104;0,08267855431978166;0,0906270216898708;-0,00794846737008914;spy
2014-03-06;50953,67986552419;15295,300395288292;0,4092067429324553;0,2290240616677819;0,1801826812646734;strategy
2014-03-07;50668,475264789355;15301,802957121541;-0,5597330781359378;0,04251346273167478;-0,6022465408676125;spy
2014-03-10;50565,888758712186;15293,675685007618;-0,20246614002308316;-0,053113166707852155;-0,149352973315231;spy
2014-03-11;50138,16410460905;15218,084488903349;-0,845875875225155;-0,4942644113891559;-0,35161146383599906;spy
2014-03-12;50310,71466344377;15222,14874507874;0,34415013376776216;0,02670675260316724;0,3174433811645949;strategy
2014-03-13;49876,678741323194;15051,459907607314;-0,8627107069022588;-1,1213189434021942;0,25860823649993536;strategy
2014-03-14;49959,285729308016;15009,19511604648;0,1656224714024157;-0,2808019409430984;0,4464244123455141;strategy
2014-03-17;50133,99487759393;15144,932838693803;0,34970305466841545;0,9043637689952089;-0,5546607143267934;spy
2014-03-18;50471,567468681795;15253,035603727456;0,6733406980873546;0,7137883421804325;-0,040447644093077884;spy
2014-03-19;50346,100907130545;15171,75544116713;-0,2485885971920787;-0,5328785998536811;0,2842900026616024;strategy
2014-03-20;50514,27814196723;15260,35052070104;0,3340422233429896;0,5839474533943179;-0,24990523005132825;spy
2014-03-21;49750,71120986168;15134,366020685165;-1,5115863478432745;-0,825567537554095;-0,6860188102891795;spy
2014-03-24;49278,88067801994;15071,779948247397;-0,9483895212099247;-0,4135361359189349;-0,5348533852909898;spy
2014-03-25;49410,67530783817;15143,306888176274;0,2674464760662021;0,4745752669855996;-0,2071287909193975;spy
2014-03-26;48919,20937270095;15034,391768002286;-0,9946553696651539;-0,7192294323707271;-0,27542593729442677;spy
2014-03-27;48847,47853751267;15002,692554213232;-0,14663122341529444;-0,2108446705274769;0,06421344711218246;strategy
2014-03-28;48811,30415154039;15076,657799799978;-0,07405578968522342;0,49301313960454785;-0,5670689292897713;spy
2014-03-31;49246,09755878711;15200,202753921134;0,890763758118096;0,8194452362167093;0,07131852190138677;strategy
2014-04-01;49592,52532185572;15300,990601981204;0,7034623660383765;0,6630691030359515;0,04039326300242507;strategy
2014-04-02;49565,75064975716;15352,197501270002;-0,05398932989355565;0,3346639483731595;-0,38865327826671514;spy
2014-04-03;49156,4741911085;15331,877460629921;-0,8257243223061428;-0,13235916642161394;-0,6933651558845288;spy
2014-04-04;48294,7188778377;15150,621805149862;-1,75308609384901;-1,1822143501048599;-0,5708717437441502;spy
2014-04-07;47257,50666478495;14983,18486871349;-2,147672120581956;-1,1051489410121684;-1,0425231795697876;spy
2014-04-08;47562,604228352284;15044,95858601092;0,645606560945966;0,41228695927273407;0,23331960167323196;strategy
2014-04-09;48190,90147585364;15206,705315754383;1,320990004005762;1,0750892321754746;0,24590077183028747;strategy
2014-04-10;47248,18878246664;14887,274872205991;-1,9562047285198725;-2,100589423650212;0,14438469513033958;strategy
2014-04-11;47050,65173173374;14753,161859839347;-0,41808385849957386;-0,9008566948476848;0,48277283634811097;strategy
2014-04-14;47190,87233095587;14869,393137223775;0,2980205248199752;0,7878397762369094;-0,48981925141693416;spy
2014-04-15;47312,37619353821;14971,805695564515;0,25747322857314625;0,6887473980653702;-0,43127416949222397;spy
2014-04-16;47860,04671127275;15128,677054229109;1,1575629080522454;1,047778483466888;0,10978442458535742;strategy
2014-04-17;48171,886062373014;15149,809450009527;0,6515650788673666;0,13968436040157073;0,5118807184657959;strategy
2014-04-21;48353,41396371818;15202,641059578995;0,3768337015289891;0,34872788165289936;0,028105819876089733;strategy
2014-04-22;48740,134679465176;15271,729693850013;0,7997795482179937;0,4544515258911863;0,34532802232680737;strategy
2014-04-23;48881,57849392903;15235,966223885573;0,29019988433360844;-0,2341808732958528;0,5243807576294612;strategy
2014-04-24;48909,14062885679;15266,853082534291;0,05638552554350085;0,202723333688537;-0,14633780814503616;spy
2014-04-25;48064,44286242535;15141,68093765875;-1,727075461908778;-0,8198948676511608;-0,9071805942576172;spy
2014-04-28;47499,04967550853;15189,637176149354;-1,1763231887138237;0,31671674160913543;-1,4930399303229591;spy
2014-04-29;47615,29113650739;15260,35052070104;0,2447237614077835;0,4655367585917114;-0,22081299718392788;spy
2014-04-30;47761,09633993548;15305,867213296924;0,3062150833228916;0,29826767435086055;0,007947408972031056;strategy
2014-05-01;47850,51368740109;15307,493163814452;0,18721795418847886;0,010623053858171971;0,1765949003303069;strategy
2014-05-02;47987,159122167024;15285,547172656843;0,28556733091438247;-0,14336763650816264;0,4289349674225451;strategy
2014-05-05;47941,8336295888;15314,808080788036;-0,09445337754383498;0,19142859461083184;-0,2858819721546668;spy
2014-05-06;47864,6911146512;15181,508663798577;-0,16090856168252676;-0,8703956085266196;0,7094870468440928;strategy
2014-05-07;47882,3177895761;15270,917338709678;0,03682604967130132;0,5889314223711084;-0,5521053726998071;spy
2014-05-08;47624,53236741231;15254,660314008128;-0,5383728985231095;-0,10645742060525487;-0,4319154779178547;spy
2014-05-09;47506,6616987073;15277,419900542925;-0,2474998973127196;0,1491975964479364;-0,396697493760656;spy
2014-05-12;48144,050121498876;15426,161506619888;1,3416821978230464;0,9736042279735679;0,3680779698494785;strategy
2014-05-13;48081,64434696856;15439,980225663576;-0,12962302584187402;0,08957976381718247;-0,21920278965905649;spy
2014-05-14;47973,97038660699;15366,827335217167;-0,2239398461179265;-0,47378875735097914;0,24984891123305264;strategy
2014-05-15;47751,18039073913;15231,901967710188;-0,464397659965321;-0,8780300875624647;0,4136324275971437;strategy
2014-05-16;47203,603886664285;15284,73481751651;-1,1467287292044492;0,346856550930541;-1,4935852801349903;spy
2014-05-19;47379,58100668918;15340,818328121033;0,3728044164750921;0,3669249828282872;0,005879433646804877;strategy
2014-05-20;47224,24856123418;15244,094736236346;-0,3278468111253874;-0,6304982551509908;0,3026514440256034;strategy
2014-05-21;47429,52655619184;15372,517541910085;0,4346876895065632;0,8424429780567344;-0,4077552885501712;spy
2014-05-22;47500,87491801013;15409,905722155198;0,1504302635906729;0,24321442563446372;-0,09278416204379081;spy
2014-05-23;47791,36029220749;15471,679439452626;0,6115368921072672;0,4008701831875294;0,21066670891973782;strategy
2014-05-27;47974,38172161075;15566,777080819786;0,3829592384150926;0,6146562287521418;-0,23169699033704916;spy
2014-05-28;48077,06360928702;15555,397907670816;0,21403483274078372;-0,07309909488579791;0,28713392762658163;strategy
2014-05-29;48434,43671460083;15635,864474853948;0,7433338862333772;0,5172903172309784;0,22604356900239875;strategy
2014-05-30;48319,66640823592;15661,061126809755;-0,2369601344621608;0,16114652308689692;-0,3981066575490577;spy
2014-06-02;48341,168478763415;15678,942861791977;0,04449962536130503;0,11417958743300538;-0,06967996207170035;spy
2014-06-03;48435,22862122657;15670,815589678055;0,1945756493339168;-0,05183558729413562;0,24641123662805242;strategy
2014-06-04;48686,0166725906;15702,514803467107;0,5177802572694512;0,2022818379021185;0,3154984193673327;strategy
2014-06-05;48877,67893721179;15804,927361807848;0,3936700468023524;0,6522048195625851;-0,25853477276023273;spy
2014-06-06;48997,48778729748;15880,518557912115;0,2451197615983336;0,47827613739581665;-0,23315637579748305;spy
2014-06-09;48960,36254738369;15896,77434237681;-0,07576968042720678;0,10236305826798464;-0,17813273869519142;spy
2014-06-10;49024,96095209007;15898,400292894332;0,13194020906985848;0,010228178890270279;0,1217120301795882;strategy
2014-06-11;48979,12348352638;15843,129137430149;-0,0934982255436867;-0,34765230743929454;0,25415408189560784;strategy
2014-06-12;48683,22120510664;15730,962116221108;-0,6041395953507944;-0,7079852738436698;0,1038456784928754;strategy
2014-06-13;48910,22268737519;15778,918354711708;0,46628279035230147;0,3048525458029694;0,16143024454933208;strategy
2014-06-16;49247,234580945835;15791,922238141351;0,6890418302217816;0,0824130218391117;0,6066288083826699;strategy
2014-06-17;49412,850767454365;15835,814220456565;0,3362954040319055;0,27793945317944324;0,05835595085246226;strategy
2014-06-18;49650,82310615181;15952,044257604142;0,48160009997679776;0,7339694412266562;-0,25236934124985844;spy
2014-06-19;49969,81123484828;15969,925992586357;0,6424629215400657;0,11209682403989785;0,5303660975001678;strategy
2014-06-20;49932,03013536564;15926,035250508;-0,07560784911729845;-0,2748337224526387;0,19922587333534025;strategy
2014-06-23;49907,57453741686;15921,15863919228;-0,0489777761538579;-0,030620372484524427;-0,018357403669333472;spy
2014-06-24;49446,41330351906;15825,24740244793;-0,924030546810195;-0,60241367426771;-0,32161687254248505;spy
2014-06-25;49633,64748845126;15896,77434237681;0,3786608015082793;0,451979916079015;-0,0733191145707357;spy
2014-06-26;49611,02169294235;15885,395169227839;-0,04558559899143777;-0,07158164860299188;0,025996049611554106;strategy
2014-06-27;49544,58539337118;15916,282027876556;-0,1339143950357724;0,19443557002942757;-0,3283499650652;spy
2014-06-30;49738,69129565016;15908,15351552578;0,3917802535591708;-0,051070421701115976;0,44285067526028676;strategy
2014-07-01;50011,86581362553;16014,63033004191;0,5492193518956912;0,6693222718287872;-0,12010291993309608;spy
2014-07-02;49878,99910713706;16030,886114506602;-0,26567036507618713;0,10150583641133082;-0,36717620148751795;spy
2014-07-03;50063,44542993349;16109,727971409067;0,3697875380383131;0,49181222010628023;-0,12202468206796713;spy
2014-07-07;49563,96414778619;16053,644460804548;-0,9976965785272518;-0,348134435938674;-0,6495621425885778;spy
2014-07-08;49094,057207954465;15950,41954732347;-0,9480818330644181;-0,6429998729142405;-0,3050819601501775;spy
2014-07-09;49352,275674113625;16021,945247015494;0,5259668498478032;0,4484251933299488;0,07754165651785438;strategy
2014-07-10;49233,743759098084;15958,546819437392;-0,24017517611191197;-0,3956974424807247;0,15552226636881272;strategy
2014-07-11;49288,97537897846;15980,492810595;0,11218244980641945;0,1375187315356241;-0,025336281729204657;spy
2014-07-14;49423,624260965706;16060,960618014984;0,27318255441899364;0,5035377092165394;-0,23035515479754576;spy
2014-07-15;49202,45759624846;16030,886114506602;-0,447491797747257;-0,18725220877914284;-0,26023958896811417;spy
2014-07-16;49427,62779011308;16090,221526146177;0,4576401360117943;0,3701318268731324;0,08750830913866192;strategy
2014-07-17;49081,691103783254;15907,341160385446;-0,6998852702354896;-1,1365932126139788;0,4367079423784892;strategy
2014-07-18;49835,729263311514;16069,901485506096;1,536292133728323;1,0219201529761524;0,5143719807521707;strategy
2014-07-21;49951,1727993914;16039,826981997716;0,23164813234684;-0,18714802661052854;0,41879615895736855;strategy
2014-07-22;50118,25643060084;16109,727971409067;0,3344939104442224;0,4357964053465446;-0,10130249490232224;spy
2014-07-23;49935,062967232065;16145,491441373508;-0,36552241920555506;0,22199921704395553;-0,5875216362495106;spy
2014-07-24;50013,27821365994;16146,303796513846;0,1566339196952704;0,005031467411753532;0,15160245228351688;strategy
2014-07-25;49550,07002027938;16070,713840646431;-0,9261704289842854;-0,4681564079311862;-0,4580140210530992;spy
2014-07-28;49412,44911096034;16077,216402479678;-0,27774109958415005;0,040462184180034555;-0,3182032837641846;spy
2014-07-29;49424,31848171099;16008,127768208662;0,024021012850417023;-0,42973007603704927;0,4537510888874663;strategy
2014-07-30;49415,741889954705;16010,566073866521;-0,01735297930198776;0,015231672892457304;-0,03258465219444506;spy
2014-07-31;48809,0257160028;15694,386291116336;-1,2277791463761067;-1,974819511636594;0,7470403652604873;strategy
2014-08-01;48797,939723839045;15646,431292862586;-0,022712996215612513;-0,3055551033613546;0,2828421071457421;strategy
2014-08-04;49197,5108083308;15759,410669211964;0,8188277758303775;0,7220776050121724;0,09675017081820503;strategy
2014-08-05;48919,40620242541;15606,60356672276;-0,565281863525291;-0,9696244719844205;0,4043426084591295;strategy
2014-08-06;48780,150700209444;15611,481418275336;-0,28466310821463336;0,03125504874728069;-0,31591815696191405;spy
2014-08-07;48583,85657732477;15526,94935467996;-0,40240573279703984;-0,5414736842105139;0,13906795141347406;strategy
2014-08-08;48763,71282912368;15706,579059642496;0,3701975604029295;1,1568898748832046;-0,7866923144802751;spy
2014-08-11;49157,96678943305;15752,09575223838;0,8084986508121395;0,2897938018396218;0,5187048489725177;strategy
2014-08-12;49189,66127349157;15730,149761080771;0,0644747660013767;-0,13932108782724884;0,20379585382862553;strategy
2014-08-13;49592,82957333911;15836,626575596903;0,8196199961734818;0,6768963813655215;0,14272361480796025;strategy
2014-08-14;49654,26747408819;15911,40417632398;0,12388464477153249;0,47218137252982295;-0,34829672775829046;spy
2014-08-15;49850,80541112501;15908,15351552578;0,39581278112577056;-0,020429754421280588;0,41624253554705115;strategy
2014-08-18;50157,57225214578;16041,452932515243;0,6153698791641071;0,8379314221437895;-0,22256154297968234;spy
2014-08-19;50363,869494514336;16125,171400733427;0,41129830074606577;0,5218883137978692;-0,11059001305180338;spy
2014-08-20;50389,02360879391;16168,24978767145;0,04994476105995016;0,26714994754142296;-0,2172051864814728;spy
2014-08-21;50350,42239514945;16215,392430784861;-0,07660639337676578;0,29157542549447246;-0,36818181887123824;spy
2014-08-22;50366,25327073703;16190,195778829057;0,03144139579076555;-0,1553872474154172;0,18682864320618275;strategy
2014-08-25;50420,31577685404;16272,288296529718;0,10733874887696171;0,5070508029804577;-0,399712054103496;spy
2014-08-26;50530,70601243536;16282,855114538355;0,21893999250197638;0,06493750489222627;0,1540024876097501;strategy
2014-08-27;50483,534110554814;16276,352552705104;-0,0933529443838288;-0,03993502237482627;-0,05341792200900253;spy
2014-08-28;50406,48534733489;16267,411685213994;-0,15262157172116764;-0,054931640625;-0,09768993109616764;spy
2014-08-29;50871,8145930106;16313,74197318707;0,9231535237366195;0,28480429996855516;0,6383492237680644;strategy
2014-09-02;51277,813476510375;16305,613460836299;0,7980821732975096;-0,04982616719163557;0,8479083404891452;strategy
2014-09-03;51299,202977881985;16296,672593345187;0,04171297471839974;-0,05483306416276257;0,09654603888116231;strategy
2014-09-04;51075,403436886525;16273,101891906908;-0,43626319319610696;-0,14463505542784416;-0,2916281377682628;spy
2014-09-05;51219,145737697596;16346,253542116463;0,28143155244715334;0,4495249319733885;-0,16809337952623515;spy
2014-09-08;51298,36892913137;16303,987510318773;0,1546749565865202;-0,2585670881024238;0,413242044688944;strategy
2014-09-09;50889,98655587887;16200,762596837694;-0,7960923159500033;-0,633126794385408;-0,16296552156459532;spy
2014-09-10;51108,316426263984;16261,722718757937;0,42902324241209655;0,37627933596251495;0,0527439064495816;strategy
2014-09-11;51174,34124497544;16280,416808880493;0,12918605684597573;0,1149576243911099;0,014228432454865825;strategy
2014-09-12;50867,0257625674;16185,319167513335;-0,6005265039698338;-0,5841228912228158;-0,01640361274701796;spy
2014-09-15;50613,69611858868;16173,12639898717;-0,49802330720334353;-0,07533227117719754;-0,422691036026146;spy
2014-09-16;51018,80935541225;16295,046642827658;0,8004023967630891;0,753844623684663;0,04655777307842612;strategy
2014-09-17;51076,78995075634;16316,992633985268;0,1136455281427251;0,13467890972420626;-0,02103338158148116;spy
2014-09-18;51418,63169855815;16403,963003238507;0,6692702265185035;0,5330048937577825;0,13626533276072106;strategy
2014-09-19;51387,02694854063;16312,928377809882;-0,06146556019382965;-0,5549550764693434;0,49348951627551374;strategy
2014-09-22;51038,57147044687;16186,943877794009;-0,6781000941009974;-0,7722984929379506;0,09419839883695325;strategy
2014-09-23;50898,90878147109;16094,284542084712;-0,2736414538103804;-0,5724325506336725;0,2987910968232921;strategy
2014-09-24;51322,82538413606;16220,269042100581;0,8328599037064066;0,7827903109730361;0,05006959273337053;strategy
2014-09-25;50656,53716416644;15958,546819437392;-1,2982298129197822;-1,6135504410184298;0,3153206280986476;strategy
2014-09-26;51026,57588945275;16085,343674593601;0,7304856312761787;0,7945388548898036;-0,06405322361362487;spy
2014-09-29;51145,93637695101;16056,082766462407;0,23391827771639395;-0,18191036960815143;0,4158286473245454;strategy
2014-09-30;50839,844093436186;16013,817974901573;-0,5984684320937794;-0,26323227262576854;-0,3352361594680109;spy
2014-10-01;50061,36613164852;15796,800089693928;-1,531235934470876;-1,355191407494305;-0,17604452697657091;spy
2014-10-02;49958,91451600784;15799,238395351791;-0,20465205717969948;0,015435440367772557;-0,22008749754747203;spy
2014-10-03;50417,35305325399;15973,17789362141;0,9176311008503912;1,1009359686653841;-0,1833048678149929;spy
2014-10-06;49899,792973582225;15954,482563262003;-1,0265514715242618;-0,11704202184383838;-0,9095094496804235;spy
2014-10-07;49185,665973645;15708,203769923168;-1,4311221698160015;-1,5436338493730606;0,1125116795570591;strategy
2014-10-08;49536,24914699319;15982,931116252856;0,7127750868231475;1,7489418290824288;-1,0361667422592813;spy
2014-10-09;48717,05511201992;15665,938978362336;-1,6537264106178173;-1,9833166744250952;0,32959026380727785;strategy
2014-10-10;47482,74113445684;15487,121628540133;-2,533638321784648;-1,14144035712882;-1,392197964655828;spy
2014-10-13;46419,934904304144;15232,715563087373;-2,2383000744273573;-1,6426943079205447;-0,5956057665068126;spy
2014-10-14;46830,42811339895;15256,286264525654;0,8843037155072508;0,1547373568465904;0,7295663586606604;strategy
2014-10-15;46969,34366689375;15153,06011080772;0,29663524142555797;-0,6766139014968364;0,9732491429223944;strategy
2014-10-16;47724,77813678006;15140,056227378078;1,6083564531875316;-0,08581688011893851;1,6941733333064701;strategy
2014-10-17;48258,31829291541;15318,872336963424;1,1179520931584364;1,1810795607349878;-0,06312746757655141;spy
2014-10-20;48745,43696655166;15467,615183277241;1,00939836046412;0,9709777785334106;0,0384205819307093;strategy
2014-10-21;49665,27165286816;15774,041743395988;1,8870170082744053;1,981084714662673;-0,09406770638826778;spy
2014-10-22;49391,92749811245;15661,874722186943;-0,5503728171794453;-0,7110861187875628;0,16071330160811748;strategy
2014-10-23;49792,26034570066;15843,941492570486;0,810522828054272;1,1624838891453049;-0,35196106109103287;spy
2014-10-24;49959,95241835664;15965,861736410974;0,33678341069820483;0,7695070314268637;-0,4327236207286589;spy
2014-10-27;49726,09659108515;15943,91698549022;-0,46808656924492986;-0,1374479579182908;-0,3306386113266391;spy
2014-10-28;50344,27949791889;16126,79735125095;1,2431760166442762;1,1470228170854302;0,09615319955884605;strategy
2014-10-29;50370,038483231314;16102,413054435487;0,051165664836827496;-0,15120359166398423;0,20236925650081172;strategy
2014-10-30;50220,00119205369;16205,639208153418;-0,29787011424970977;0,6410601527172766;-0,9389302669669863;spy
2014-10-31;50745,03935547981;16390,957879572008;1,0454762066178347;1,143544349212422;-0,0980681425945873;spy
2014-11-03;50707,01473807708;16399,89874706312;-0,07493267890946731;0,05454755943368195;-0,12948023834314926;spy
2014-11-04;50523,87052833507;16343,002881318263;-0,36118121070235487;-0,3469281525597445;-0,014253058142610353;spy
2014-11-05;50370,09533923604;16446,227794799343;-0,3043614582394105;0,6316153416277892;-0,9359767998671997;spy
2014-11-06;50689,553142554636;16512,06452803531;0,634221160724624;0,40031509995737125;0,23390606076725273;strategy
2014-11-07;50572,11375313508;16527,507957359667;-0,23168361553568273;0,09352815511431967;-0,3252117706500024;spy
2014-11-10;50766,22917182161;16579,527211788794;0,3838388476979482;0,3147434843978614;0,06909536330008681;strategy
2014-11-11;50872,979051345785;16595,782996253492;0,21027734631002826;0,09804733426379553;0,11223001204623273;strategy
2014-11-12;50983,87277946345;16577,902501508128;0,21798158901946696;-0,10774119394909576;0,3257227829685627;strategy
2014-11-13;51026,60263109066;16596,596591630685;0,08381052536365896;0,11276511079043594;-0,02895458542677698;spy
2014-11-14;51100,48702688617;16600,660847806073;0,1447958358695267;0,024488491679308666;0,12030734419021805;strategy
2014-11-17;51098,767314283104;16611,226425577854;-0,0033653546240408616;0,06364552513087318;-0,06701087975491404;spy
2014-11-18;51572,24315273225;16707,1376623222;0,9265895506578969;0,57738805243579;0,349201498222107;strategy
2014-11-19;51434,879878246495;16680,31505984887;-0,2663511728178025;-0,1605457680151856;-0,10580540480261691;spy
2014-11-20;51496,227323504674;16709,57596798006;0,11927206868840301;0,17542179524909773;-0,056149726560694724;spy
2014-11-21;51559,136910239395;16798,983402654307;0,12216348653955045;0,5350670468572849;-0,41290356031773445;spy
2014-11-24;51925,9229385292;16846,12604576772;0,7113889996420042;0,28062795220076264;0,43076104744124155;strategy
2014-11-25;52016,93356255355;16833,934517478414;0,17527011341154086;-0,0723699220591345;0,24764003547067537;strategy
2014-11-26;52188,750252097205;16877,01290441643;0,33030914699543334;0,25590207026937595;0,0744070767260574;strategy
2014-11-28;52320,584063018134;16841,249434451995;0,25260963384658996;-0,21190639698496216;0,46451603083155213;strategy
2014-12-01;51756,31281680743;16724,205801927234;-1,078488048854842;-0,6949818835016219;-0,38350616535322013;spy
2014-12-02;52063,71460441735;16832,308566960884;0,5939406632345934;0,6463850440132424;-0,05244438077864899;spy
2014-12-03;52454,528778884676;16897,332945056514;0,7506459679966104;0,38630695152097605;0,3643390164756344;strategy
2014-12-04;52881,80391789802;16878,638854933957;0,8145629156530276;-0,11063337736992862;0,9251962930229563;strategy
2014-12-05;53077,30404557457;16906,273812547624;0,36969262240009737;0,16372740628660676;0,2059652161134906;strategy
2014-12-08;52680,010937838015;16793,294436198248;-0,748517873845711;-0,6682689373309736;-0,08024893651473741;spy
2014-12-09;52727,15102437469;16781,915263049275;0,08948382070819161;-0,0677602193673521;0,1572440400755437;strategy
2014-12-10;52229,17289715898;16512,878123412494;-0,9444434556790449;-1,6031372785509923;0,6586938228719474;strategy
2014-12-11;52667,46813308734;16596,596591630685;0,8391770568363821;0,5069889548781514;0,3321881019582307;strategy
2014-12-12;52573,13420475404;16328,37180713424;-0,17911232811671507;-1,616143303933204;1,437030975816489;strategy
2014-12-15;52428,81904677373;16216,2047859252;-0,27450362274056284;-0,686945535868011;0,41244191312744816;strategy
2014-12-16;51933,98082551494;16086,157269970787;-0,9438286618993375;-0,8019602469949483;-0,14186841490438917;spy
2014-12-17;52923,70502528103;16401,52345734379;1,905735289369237;1,960481811039605;-0,054746521670367976;spy
2014-12-18;53573,73684308096;16807,11191500508;1,2282432182127323;2,4728706373900344;-1,2446274191773021;spy
2014-12-19;53585,41231678557;16785,97951922466;0,02179327855889035;-0,1257348430074634;0,14752812156635375;strategy
2014-12-22;54006,59951560738;16863,1954256096;0,7860109321018882;0,4600023864946623;0,3260085456072259;strategy
2014-12-23;53732,543506067654;16885,953771907545;-0,5074491117710966;0,13495868205015693;-0,6424077938212536;spy
2014-12-24;54025,1694351774;16887,579722425067;0,544597203139463;0,009629012014866767;0,5349681911245963;strategy
2014-12-26;54222,39635812178;16942,037282512065;0,365064885508648;0,32247107627081384;0,04259380923783418;strategy
2014-12-29;53981,48584729503;16964,795628810007;-0,4443007447247793;0,13433063520309485;-0,5786313799278742;spy
2014-12-30;53809,72623731507;16873,762243618236;-0,3181824421540358;-0,5366017203129569;0,21841927815892115;strategy
2014-12-31;53643,3763674144;16706,32406694501;-0,3091446129404707;-0,992299015808118;0,6831544028676473;strategy
2015-01-02;53622,729207379976;16697,3831994539;-0,03848967278459181;-0,053517862189689236;0,015028189405097425;strategy
2015-01-05;53337,86563925435;16395,83449088773;-0,531236608685004;-1,8059638744832296;1,2747272657982256;strategy
2015-01-06;53005,15814556526;16241,402678117856;-0,6237735419323376;-0,9418966314627131;0,3181230895303755;strategy
2015-01-07;53465,05715097832;16443,789489141476;0,8676495297873732;1,246116576472156;-0,3784670466847828;spy
2015-01-08;54231,50138410966;16735,584975076203;1,4335423433047056;1,7745026845996215;-0,3409603412949158;spy
2015-01-09;53884,12460207336;16601,473202946407;-0,6405442836183051;-0,8013569428826361;0,16081265926433108;strategy
2015-01-12;53800,57316667559;16471,424446755143;-0,15505760929547252;-0,7833567214274861;0,6282991121320136;strategy
2015-01-13;53838,54107637223;16425,095399018923;0,0705715710110022;-0,2812692240794501;0,3518407950904523;strategy
2015-01-14;53760,17320623709;16325,93350147638;-0,14556090965388568;-0,6037218970945224;0,4581609874406367;strategy
2015-01-15;53146,95577438965;16176,378300022223;-1,140653750305054;-0,9160591119682815;-0,2245946383367725;spy
2015-01-16;53849,15574846316;16388,51957391415;1,3212421367168714;1,3114262658634468;0,009815870853424613;strategy
2015-01-20;54136,19859409632;16423,469448501397;0,5330498531378458;0,21325827772069594;0,31979157541714986;strategy
2015-01-21;54021,42872722424;16506,375561579247;-0,21200207966688422;0,5048026748417422;-0,7168047545086265;spy
2015-01-22;54690,95404166801;16751,84199977775;1,2393698763956573;1,4871007707461636;-0,24773089435050633;spy
2015-01-23;54867,79470818426;16659,99501920879;0,323345367830874;-0,5482798880873996;0,8716252559182736;strategy
2015-01-26;55293,271776841655;16699,009149971425;0,7754586655438045;0,23417852596987476;0,5412801395739297;strategy
2015-01-27;54984,907293191594;16478,740603965583;-0,5576889804867924;-1,3190515917899215;0,7613626113031291;strategy
2015-01-28;54925,39196213646;16267,411685213994;-0,10823939510852254;-1,282433675184702;1,1741942800761795;strategy
2015-01-29;55108,86350718081;16417,780482045342;0,33403775283173953;0,9243560053749933;-0,5903182525432538;spy
2015-01-30;54480,14097414329;16211,328174609474;-1,140873705289891;-1,2574921906261638;0,11661848533627284;strategy
2015-02-02;54396,38965068422;16412,090275352428;-0,1537281694972359;1,238406246425816;-1,392134415923052;spy
2015-02-03;54336,93881376516;16649,428201200153;-0,10929188003253598;1,4461163804598165;-1,5554082604923525;spy
2015-02-04;54546,64001781879;16586,029773622045;0,38592752670951747;-0,3807844138067007;0,7667119405162182;strategy
2015-02-05;54697,00128046641;16753,46671005842;0,2756563238331511;1,0095058234048215;-0,7338494995716704;spy
2015-02-06;54551,63149481721;16707,1376623222;-0,2657728618499555;-0,27653409612474755;0,010761234274792031;strategy
2015-02-09;54173,307161722;16632,360061595125;-0,6935160740905721;-0,4475787668626885;-0,24593730722788365;spy
2015-02-10;54788,334284419;16809,55022066294;1,1352955079168003;1,0653338336328755;0,06996167428392486;strategy
2015-02-11;54880,03048433746;16819,303443294386;0,16736446018317253;0,058021913158978755;0,10934254702419377;strategy
2015-02-12;55077,58273810883;16981,0514132747;0,3599711079383505;0,9616805507174586;-0,6017094427791081;spy
2015-02-13;55032,62482430143;17050,952402686056;-0,08162651948829813;0,4116411152062849;-0,493267634694583;spy
2015-02-17;55082,577728268385;17077,775005159387;0,09076961916034687;0,15730852939983553;-0,06653891023948866;spy
2015-02-18;55198,226136243975;17079,400955676912;0,20995460406030286;0,00952085688583626;0,2004337471744666;strategy
2015-02-19;55155,26041255494;17067,208187150747;-0,07783895732986768;-0,07138873639541687;-0,006450220934450801;spy
2015-02-20;55364,045316115924;17169,62198572835;0,3785403277933863;0,6000618112498746;-0,22152148345648826;spy
2015-02-23;55331,607116836014;17167,183680070484;-0,05859073175504825;-0,014201277464886974;-0,04438945429016128;spy
2015-02-24;55514,89297655098;17215,951033464564;0,3312498394054453;0,284073114745631;0,04717672465981426;strategy
2015-02-25;55464,674695770875;17201,3211995174;-0,09045911482045144;-0,08497836639246303;-0,005480748427988402;spy
2015-02-26;55493,203841342955;17181,00115887732;0,051436604881516246;-0,11813069708069834;0,1695673019622146;strategy
2015-02-27;55370,96575097109;17122,479342614934;-0,22027578497962885;-0,3406193604273633;0,12034357544773444;strategy
2015-03-02;55528,532305544824;17230,58210764859;0,28456529958749144;0,6313499515494092;-0,34678465196191777;spy
2015-03-03;55265,88678810432;17159,867522860048;-0,4729920034538315;-0,4104016007512201;-0,0625904027026114;spy
2015-03-04;55205,342683189134;17087,52822779083;-0,10955058976492849;-0,421560918071473;0,3120103283065445;strategy
2015-03-05;55353,77359205266;17106,223558150243;0,2688705506554756;0,10940921419522187;0,15946133646025373;strategy
2015-03-06;54891,20458315873;16865,633731267462;-0,8356593938888102;-1,4064461747791857;0,5707867808903755;strategy
2015-03-09;55012,78492118404;16935,534720678817;0,2214932955991511;0,4144581254706292;-0,19296482987147812;spy
2015-03-10;54619,05998818572;16660,80737434912;-0,7156971485126618;-1,6221946980761626;0,9064975495635008;strategy
2015-03-11;54800,843638690974;16621,793243586486;0,332820906373299;-0,23416710778794148;0,5669880141612405;strategy
2015-03-12;55067,549362174366;16833,122162338073;0,4866817840283977;1,2713966276360011;-0,7847148436076035;spy
2015-03-13;55039,25980219252;16729,89600862014;-0,05137246946615992;-0,6132323684366003;0,5618598989704404;strategy
2015-03-16;55668,320924850224;16953,416455661038;1,142931654456314;1,3360540132809406;-0,1931223588246267;spy
2015-03-17;55589,21104527308;16903,02315174943;-0,1421093330333134;-0,2972457147112806;0,15513638167796717;strategy
2015-03-18;55858,933098114234;17106,223558150243;0,4852057580408742;1,2021542216238634;-0,7169484635829892;spy
2015-03-19;56171,92208018232;17028,194056388114;0,5603203726042061;-0,4561468608011432;1,0164672334053493;strategy
2015-03-20;56287,291009547414;17102,15930197485;0,20538540447381237;0,43436928978966005;-0,22898388531584768;spy
2015-03-23;56042,28135718114;17068,834137668277;-0,4352841431375931;-0,1948593959285927;-0,24042474720900042;spy
2015-03-24;55833,31189641732;16972,924141160784;-0,3728782192715774;-0,5619012741815421;0,18902305490996474;strategy
2015-03-25;54868,79062201764;16724,205801927234;-1,7275014532347144;-1,4653829662172768;-0,26211848701743756;spy
2015-03-26;54829,23651715831;16684,379316024253;-0,0720885304941632;-0,2381367843392046;0,1660482538450414;strategy
2015-03-27;55515,41320001968;16722,58109164656;1,2514795507805987;0,2289673166661732;1,0225122341144255;strategy
2015-03-30;55911,19981154217;16926,593853187707;0,7129310379020204;1,219983688062709;-0,5070526501606887;spy
2015-03-31;55648,4320694889;16778,663362014224;-0,469973355855291;-0,8739530968637554;0,40397974100846445;strategy
2015-04-01;55373,40242681057;16719,32919061151;-0,494227119166446;-0,35362871357824677;-0,14059840558819925;spy
2015-04-02;55453,76568145748;16779,476957391416;0,1451297032959653;0,35974988047775547;-0,21462017718179016;spy
2015-04-06;55530,79522075264;16892,456333740793;0,13890767984565677;0,673318820582236;-0,5344111407365792;spy
2015-04-07;55539,689132065774;16847,751996285242;0,016016178550626314;-0,26464083477462097;0,2806570133252473;strategy
2015-04-08;56005,73914795226;16904,6478620301;0,839129680359374;0,3377059785626191;0,5014237017967549;strategy
2015-04-09;56059,648177256866;16979,42546275718;0,0962562589562177;0,4423493546709123;-0,3460930957146946;spy
2015-04-10;56235,582425689354;17072,084798466472;0,31383402171236696;0,5457153771930123;-0,23188135548064537;spy
2015-04-13;56000,579130952494;16994,868892081537;-0,4178907456811709;-0,4522933625064507;0,034402616825279786;strategy
2015-04-14;55819,084155849705;17027,381701247778;-0,32409481815961483;0,19130956156649948;-0,5154043797261143;spy
2015-04-15;55703,47537875898;17103,784012255524;-0,20711335350458437;0,44870263877474503;-0,6558159922793294;spy
2015-04-16;55776,67691955308;17098,907400939803;0,1314128791720215;-0,02851188551157291;0,1599247646835944;strategy
2015-04-17;55296,51511438023;16902,20955637224;-0,860864848340448;-1,1503532942505612;0,28948844591011325;strategy
2015-04-20;55528,394741415716;17056,642609378967;0,41933859042626587;0,913685589399793;-0,4943469989735272;spy
2015-04-21;55892,87669147325;17036,322568738884;0,656388414890885;-0,11913271037824469;0,7755211252691296;strategy
2015-04-22;55980,38081384833;17120,041036957075;0,15655684150612803;0,49141161703414316;-0,3348547755280151;spy
2015-04-23;56068,7070993127;17163,119423895096;0,15778078709054455;0,25162548877672997;-0,09384470168618542;spy
2015-04-24;55695,991025014446;17202,945909798073;-0,6647488297493176;0,23204689613431917;-0,8967957258836368;spy
2015-04-27;55336,1636073939;17131,420210106044;-0,6460562259479996;-0,4157758797072697;-0,2302803462407299;spy
2015-04-28;55232,83941113463;17185,87777019304;-0,18672092447961086;0,31788117633628765;-0,5046021008158985;spy
2015-04-29;54699,13368324023;17115,164425641353;-0,9662833444459951;-0,41146193111144536;-0,5548214133345497;spy
2015-04-30;54391,04632510203;16943,66323302959;-0,5632399224498208;-1,0020423312721682;0,43880240882234745;strategy
2015-05-01;54994,24803633428;17127,35595393066;1,109009206454381;1,0841381723344368;0,02487103411994429;strategy
2015-05-04;55258,29040801778;17176,124547561594;0,4801272516883115;0,28474093585790783;0,19538631583040367;strategy
2015-05-05;54802,2980077805;16979,42546275718;-0,8252017875875595;-1,1451889758935185;0,31998718830595907;strategy
2015-05-06;54830,45583987353;16909,524473345824;0,05138075065580505;-0,41168053397728777;0,4630612846330928;strategy
2015-05-07;55108,16533753512;16976,987157099316;0,5064876689564901;0,39896263114809205;0,10752503780839806;strategy
2015-05-08;55384,63108764769;17200,507604140206;0,5016783781844891;1,3166084474972362;-0,814930069312747;spy
2015-05-11;55510,48629739805;17118,415086439552;0,22723850873211937;-0,4772679945846181;0,7045065033167375;strategy
2015-05-12;55549,73995289439;17067,208187150747;0,07071394634527994;-0,2991334129370915;0,36984735928237145;strategy
2015-05-13;55439,80871156589;17070,4600881858;-0,19789695041186883;0,019053503065014077;-0,2169504534768829;spy
2015-05-14;55867,58513956068;17248,46384263081;0,7716051659203194;1,0427589738380982;-0,2711538079177789;spy
2015-05-15;55817,492857534795;17267,157932753365;-0,08966251521477231;0,10838118856910661;-0,19804370378387892;spy
2015-05-18;56204,73722893024;17320,803137700022;0,6937688376362994;0,3106776758258434;0,383091161810456;strategy
2015-05-19;56207,24932566157;17315,112931007112;0,004469546261032242;-0,03285186401389417;0,037321410274926414;strategy
2015-05-20;56087,49416898229;17302,921402717806;-0,21305998446112806;-0,07040975324783538;-0,14265023121329268;spy
2015-05-21;56211,30183230032;17353,31470662941;0,2207402294440497;0,2912415929005485;-0,07050136345649882;spy
2015-05-22;56213,494530598124;17311,862270208916;0,0039008139401275344;-0,23887330530956152;0,24277411924968906;strategy
2015-05-26;55965,63584128134;17125,73000341313;-0,44092382333901226;-1,0751718324151227;0,6342480090761105;strategy
2015-05-27;56615,02424165823;17288,29032853378;1,160334177598843;0,9492169098091141;0,21111726778972884;strategy
2015-05-28;56686,10422697771;17268,78388327089;0,1255496862742289;-0,1128303891952509;0,2383800754694798;strategy
2015-05-29;57213,114484437014;17161,49347337757;0,92969919991166;-0,6212968476446035;1,5509960475562634;strategy
2015-06-01;57163,52802353988;17196,444588201677;-0,08666974581609255;0,20366010031893644;-0,290329846135029;spy
2015-06-02;56992,97467900481;17179,375208359794;-0,29836042391372386;-0,09926109873662492;-0,19909932517709894;spy
2015-06-03;57000,905268948685;17224,891900955678;0,013915030735889289;0,26494963899348356;-0,25103460825759427;spy
2015-06-04;56680,05636841399;17079,400955676912;-0,5628838682838921;-0,8446552008299912;0,2817713325460991;strategy
2015-06-05;57148,278955641035;17050,14004754572;0,8260799604426161;-0,17132280111655795;0,9974027615591741;strategy
2015-06-08;56722,43983228247;16945,287943310257;-0,7451477649731197;-0,6149633020202439;-0,1301844629528759;spy
2015-06-09;56786,49658799164;16942,849637652398;0,1129301840657293;-0,014389284301430383;0,12731946836715968;strategy
2015-06-10;57307,371461295465;17146,050044053212;0,9172512914169983;1,1993283936678312;-0,2820771022508328;spy
2015-06-11;57312,638698930474;17201,3211995174;0,009191204378589113;0,322355034087618;-0,3131638297090289;spy
2015-06-12;56993,40663834299;17069,646492808613;-0,5570011568729938;-0,7654918199683336;0,2084906630953398;strategy
2015-06-15;57435,27508159772;16996,494842599062;0,7752974761776388;-0,4285481262917168;1,2038456024693556;strategy
2015-06-16;57621,42119362068;17089,154178308356;0,3240971889809874;0,5451673216589237;-0,2210701326779363;spy
2015-06-17;57787,405898151526;17116,789135922023;0,28806076124554547;0,16171050553657196;0,1263502557089735;strategy
2015-06-18;58265,407065239895;17294,79289036703;0,8271718718968479;1,0399365969370855;-0,21276472504023758;spy
2015-06-19;58274,011749879006;17134,67087090424;0,01476808465352697;-0,9258394736370357;0,9406075582905626;strategy
2015-06-22;58355,82511175622;17222,453595297815;0,14039425023348873;0,5123105372431436;-0,37191628700965484;spy
2015-06-23;58392,42317164036;17234,64512358712;0,06271534986277416;0,07078856808553358;-0,008073218222759415;spy
2015-06-24;58000,86028793002;17109,47421894844;-0,6705713899890164;-0,7262749174183791;0,05570352742936269;strategy
2015-06-25;58274,91783737446;17057,454964519307;0,4725060078142773;-0,304037714797345;0,7765437226116223;strategy
2015-06-26;57872,932097354846;17054,204303721108;-0,6898091922521776;-0,01905712666374626;-0,6707520655884314;spy
2015-06-29;57045,67700567545;16696,570844313563;-1,4294335221995969;-2,097039844477011;0,6676063222774142;strategy
2015-06-30;57350,441808511605;16731,521959137666;0,5342469733610855;0,20933109648684223;0,3249158768742433;strategy
2015-07-01;57559,442922884016;16865,633731267462;0,3644280807290956;0,8015515412006735;-0,4371234604715779;spy
2015-07-02;57342,27178215202;16850,1903019431;-0,37729889259517924;-0,09156744164158237;-0,28573145095359687;spy
2015-07-06;57095,747401911096;16802,23530368936;-0,4299173586590488;-0,28459618196842174;-0,14532117669062705;spy
2015-07-07;57046,21739696382;16907,89976306515;-0,08674902633050152;0,6288714416027075;-0,715620467933209;spy
2015-07-08;56445,0728153176;16624,23154924435;-1,0537851746822535;-1,6777259020689717;0,6239407273867181;strategy
2015-07-09;56786,111372788786;16654,304812515875;0,6041954425092699;0,18090017082861287;0,42329527168065706;strategy
2015-07-10;57546,27415831936;16864,007780749933;1,338642085456887;1,2591517364115123;0,07949034904537466;strategy
2015-07-13;57694,00537180601;17050,14004754572;0,25671725172027315;1,1037249817226424;-0,8470077300023693;spy
2015-07-14;57891,17010829357;17124,104052895607;0,3417421536552112;0,433802919762738;-0,09206076610752678;spy
2015-07-15;57717,90139312035;17118,415086439552;-0,2993007652964952;-0,0332219801893352;-0,26607878510716;spy
2015-07-16;58501,69976874456;17255,778759604393;1,3579814177333116;0,8024321905458098;0,5555492271875018;strategy
2015-07-17;58511,249387125106;17270,40859355156;0,01632365968560201;0,08478222948371528;-0,06845856979811327;spy
2015-07-20;58525,629683595784;17279,349461042675;0,024576977284374024;0,05176986660553329;-0,027192889321159264;spy
2015-07-21;58516,99413227463;17211,074422148846;-0,014755161743396084;-0,395125054029144;0,3803698922857479;strategy
2015-07-22;58305,00887345537;17180,187563500127;-0,3622627272003687;-0,17945921266234732;-0,18280351453802135;spy
2015-07-23;58578,256688987385;17083,46397161544;0,46865238649576035;-0,5629949703819137;1,031647356877674;strategy
2015-07-24;57972,948364056734;16906,273812547624;-1,033332774214235;-1,0372027556133978;0,003869981399162725;strategy
2015-07-27;57403,11172830082;16807,924270145417;-0,9829354066615226;-0,5817339970515145;-0,40120140961000805;spy
2015-07-28;57622,00580546017;17014,37657758128;0,3813278942009557;1,228303412828713;-0,8469755186277572;spy
2015-07-29;57861,615572867355;17131,420210106044;0,4158303135370467;0,6879102034157647;-0,272079889878718;spy
2015-07-30;57889,912049646155;17135,484466281432;0,048903710168901604;0,023723988586721312;0,025179721582180292;strategy
2015-07-31;57907,679102930306;17109,47421894844;0,03069110429623212;-0,1517917242677025;0,1824828285639346;strategy
2015-08-03;57710,441548713556;17051,76475782639;-0,3406069061517081;-0,3372953510057952;-0,003311555145912859;spy
2015-08-04;58176,53019514754;17018,440833756667;0,8076331317627528;-0,1954280072649195;1,0030611390276722;strategy
2015-08-05;58608,30422724738;17074,524344361187;0,7421790723020072;0,3295455274215042;0,41263354488050297;strategy
2015-08-06;58082,05681212913;16934,72236553848;-0,8979058890320135;-0,8187752466959686;-0,07913064233604494;spy
2015-08-07;57965,682746771825;16902,20955637224;-0,2003614743426252;-0,19198902978417864;-0,008372444558446546;spy
2015-08-10;58128,89388072472;17115,164425641353;0,28156510234840226;1,2599232577188646;-0,9783581553704623;spy
2015-08-11;57907,456845202956;16960,731372634622;-0,38094142299719413;-0,9023170865677721;0,521375663570578;strategy
2015-08-12;57725,21593905029;16981,0514132747;-0,31471060219381286;0,11980639392039638;-0,43451699611420924;spy
2015-08-13;57950,90640628482;16959,91901749428;0,390973794663374;-0,12444692184313544;0,5154207165065094;strategy
2015-08-14;58038,171738713005;17021,691494554863;0,1505849310041496;0,36422625011867105;-0,21364131911452144;spy
2015-08-17;58348,27605448475;17116,789135922023;0,5343109654932343;0,5586850249141184;-0,02437405942088411;spy
2015-08-18;58254,19730696149;17067,208187150747;-0,1612365503916635;-0,2896626719974149;0,1284261216057514;strategy
2015-08-19;58133,00450585839;16932,28405988062;-0,20804132012066656;-0,7905459744242505;0,5825046543035839;strategy
2015-08-20;56719,449156728486;16578,714856648465;-2,4315883225809465;-2,0881364970122607;-0,3434518255686858;spy
2015-08-21;55885,629873248356;16079,654708137541;-1,4700764832466962;-3,0102462876414604;1,5401698043947643;strategy
2015-08-24;54446,5740226413;15402,590805181611;-2,5750015770975576;-4,210686829072785;1,635685251975227;strategy
2015-08-25;54543,66819479725;15221,336389938402;0,17832925927638854;-1,1767787480417513;1,3551080073181399;strategy
2015-08-26;55830,43646720602;15805,740957185038;2,359152427763389;3,8393775176858824;-1,4802250899224934;spy
2015-08-27;56533,272135611245;16196,698340662304;1,2588754680756598;2,4735150635221803;-1,2146395954465206;spy
2015-08-28;56574,57296723205;16197,51069580264;0,07305579539378382;0,005015560105214867;0,06804023528856895;strategy
2015-08-31;56220,9963615959;16066,649584471044;-0,6249744135778945;-0,8079087817210562;0,18293436814316166;strategy
2015-09-01;55036,010301300186;15587,097121459865;-2,107728672530551;-2,9847695407179575;0,8770408681874065;strategy
2015-09-02;55687,405540603795;15882,956863569974;1,1835800519286899;1,8981067469117097;-0,7145266949830198;spy
2015-09-03;55568,17886455763;15894,336036718947;-0,2140998936630889;0,07164392151106647;-0,28574381517415537;spy
2015-09-04;55351,07618509102;15653,746209836172;-0,3906960492547018;-1,5136827755935611;1,1229867263388593;strategy
2015-09-08;56245,76426346751;16047,141898971298;1,6163878645912844;2,5131088996954043;-0,8967210351041199;spy
2015-09-09;56151,720727506254;15832,562319421515;-0,16720109894984292;-1,3371825394249082;1,1699814404750652;strategy
2015-09-10;56680,38520620579;15918,720333534415;0,9414929263967586;0,5441823779036126;0,39731054849314607;strategy
2015-09-11;56860,55111986248;15991,059628603634;0,3178628956053142;0,45442908445869623;-0,136566188853382;spy
2015-09-14;56778,90733140421;15931,724216964061;-0,14358599565129637;-0,37105365759151354;0,22746766194021717;strategy
2015-09-15;57141,36536037494;16130,86160742634;0,6383673902971676;1,2499424905324297;-0,6115751002352621;spy
2015-09-16;57506,901021275364;16270,662346012192;0,6397041068148868;0,8666662822368387;-0,22696217542195196;spy
2015-09-17;57773,58497091998;16234,086520907415;0,46374251595640015;-0,22479616580416417;0,6885386817605643;strategy
2015-09-18;57294,68312071974;15886,207524368174;-0,8289287404292023;-2,1428923400846567;1,3139635996554544;strategy
2015-09-21;57397,22606222762;15968,30128230569;0,1789746201961373;0,5167612081838469;-0,33778658798770955;spy
2015-09-22;56797,47746844284;15761,036619729488;-1,0449086740438651;-1,2979756513353813;0,25306697729151617;strategy
2015-09-23;56905,328826805344;15735,839967773683;0,18988758509992376;-0,15986671793062346;0,3497543030305472;strategy
2015-09-24;56672,81898139068;15678,942861791977;-0,4085906367790604;-0,36157654181937504;-0,04701409495968534;spy
2015-09-25;56241,849929418;15674,87984585344;-0,760451058759215;-0,025913838543523138;-0,7345372202156919;spy
2015-09-28;54790,36977624662;15281,48291648146;-2,5807830912264573;-2,5097285162032468;-0,07105457502321055;spy
2015-09-29;54176,76390018664;15290,423783972568;-1,1199155591864574;0,05850785254266633;-1,1784234117291237;spy
2015-09-30;54835,53668265475;15575,717948310896;1,2159692367041508;1,8658355606688382;-0,6498663239646874;spy
2015-10-01;55232,91107778738;15616,35802959106;0,7246658265283701;0,26091947360007417;0,4637463529282959;strategy
2015-10-02;55444,86183303318;15849,631699263398;0,3837399679102571;1,4937776735799435;-1,1100377056696864;spy
2015-10-05;55901,78022994353;16131,673962566674;0,824095113242973;1,7794878054887775;-0,9553926922458045;spy
2015-10-06;55369,45743652923;16076,40280710249;-0,9522465853943674;-0,3426250468019698;-0,6096215385923975;spy
2015-10-07;55454,85624171229;16208,077513811275;0,1542344988316957;0,8190557818731126;-0,6648212830414169;spy
2015-10-08;55531,88693187224;16354,382054467234;0,13890702344299122;0,9026643692399139;-0,7637573457969227;spy
2015-10-09;55546,078342737455;16364,13527709868;0,025555427069545722;0,059636754228709066;-0,034081327159163344;spy
2015-10-12;55763,11950291867;16379,578706423035;0,39074074472369436;0,09437363516524577;0,2963671095584486;strategy
2015-10-13;55343,12802161071;16276,352552705104;-0,7531707068252791;-0,6302125077090825;-0,12295819911619654;spy
2015-10-14;54793,40122230019;16198,323050942978;-0,9933063398510078;-0,4794041018063244;-0,5139022380446834;spy
2015-10-15;55610,72261917227;16447,041390176528;1,4916420200968394;1,5354573337705624;-0,04381531367372293;spy
2015-10-16;55825,88431934202;16521,818990903605;0,38690685903004507;0,4546568525798156;-0,06774999354977052;spy
2015-10-19;56096,71711681432;16529,946263017526;0,48513839193848884;0,04919114607413455;0,4359472458643543;strategy
2015-10-20;55819,31472432562;16508,81386723711;-0,49450735577101224;-0,1278431002990965;-0,3666642554719157;spy
2015-10-21;55425,79218451729;16406,401308896366;-0,7049934986694373;-0,6203507966371147;-0,0846427020323226;spy
2015-10-22;55733,4317930408;16683,565720647068;0,5550477429341116;1,6893675007230824;-1,1343197577889708;spy
2015-10-23;55561,50133048129;16866,4460864078;-0,3084871270765288;1,0961707396543119;-1,4046578667308407;spy
2015-10-26;55698,8262195218;16824,9936499873;0,24715834841051443;-0,24576864745623483;0,49292699586674926;strategy
2015-10-27;55529,2580676996;16792,482081057908;-0,30443756777547293;-0,19323376641759982;-0,11120380135787311;spy
2015-10-28;56004,883305036055;16983,489718932564;0,8565308701884433;1,137459232963045;-0,28092836277460176;spy
2015-10-29;55748,839241927286;16973,736496301117;-0,45718167416616273;-0,05742767118452896;-0,39975400298163377;spy
2015-10-30;55942,662294889895;16900,58360585471;0,34767190778894896;-0,43097694171432277;0,7786488495032717;strategy
2015-11-02;56071,29630016749;17100,53335145733;0,22993901255454752;1,183093733717877;-0,9531547211633296;spy
2015-11-03;55950,72578565403;17150,1143002286;-0,2150307242194005;0,28993802562915505;-0,5049687498485556;spy
2015-11-04;56144,94711023585;17098,09504579947;0,3471292317563046;-0,3033172462788669;0,6504464780351715;strategy
2015-11-05;56324,441633309376;17081,025665957583;0,3196984453847751;-0,0998320561218291;0,4195305015066042;strategy
2015-11-06;56422,35621150227;17072,084798466472;0,1738402997944588;-0,05234385607726377;0,22618415587172258;strategy
2015-11-09;55936,16057352563;16912,776374380872;-0,8617074341137232;-0,9331515510039523;0,07144411689022911;strategy
2015-11-10;56054,38047484843;16951,79050514351;0,2113479010905861;0,23067845218915917;-0,019330551098573068;spy
2015-11-11;56119,08332469654;16885,141416767212;0,11542871279639488;-0,3931684287631687;0,5085971415595636;strategy
2015-11-12;55744,21498082734;16649,428201200153;-0,6679872899923778;-1,3959801090738355;0,7279928190814577;strategy
2015-11-13;55085,20732258395;16462,483579264033;-1,1821991904811147;-1,1228290826386655;-0,059370107842449116;spy
2015-11-16;55441,678038553626;16712,826628778257;0,647126031281231;1,5206882261043164;-0,8735621948230854;spy
2015-11-17;55620,60870171783;16700,63510048895;0,32273673794609437;-0,07294713551514453;0,3956838734612389;strategy
2015-11-18;56222,09882693057;16965,60798395034;1,0814159342239726;1,5866036343350265;-0,5051877001110539;spy
2015-11-19;56415,260194835384;16950,978150003175;0,34356840447993253;-0,08623229984451308;0,4298007043244456;strategy
2015-11-20;56821,553739686715;17012,75062706375;0,7201837649036147;0,3644183628457087;0,35576540205790597;strategy
2015-11-23;56789,9965199611;16993,244181800863;-0,05553741080397412;-0,11465779808619292;0,0591203872822188;strategy
2015-11-24;56509,93983054206;17016,002528098805;-0,4931444032059473;0,1339258475572036;-0,6270702507631509;spy
2015-11-25;56744,77949219674;17013,564222440946;0,41557230879896156;-0,014329485752206939;0,4299017945511685;strategy
2015-11-27;56781,9145083039;17033,070667703832;0,06544217184289991;0,1146523151049017;-0,04921014326200179;spy
2015-11-30;56472,30927243436;16962,357323152148;-0,5452532528191889;-0,4151532388447343;-0,1301000139744546;spy
2015-12-01;56939,35501552216;17124,104052895607;0,8270349647553354;0,9535628018087383;-0,12652783705340287;spy
2015-12-02;56827,92958447467;16949,35219948565;-0,19569141767959986;-1,020502169749482;0,8248107520698822;strategy
2015-12-03;56399,07350182148;16712,014273637924;-0,7546572359559467;-1,4002772675579145;0,6456200316019678;strategy
2015-12-04;57160,63216676029;17037,947279019558;1,3503035026173116;1,9502915689568967;-0,5999880663395851;spy
2015-12-07;56843,64574621561;16934,72236553848;-0,5545537348500718;-0,6058529926793899;0,0512992578293181;strategy
2015-12-08;56955,64860108384;16820,92939381191;0,19703671958037905;-0,6719506187956914;0,8689873383760705;strategy
2015-12-09;56360,51986823216;16690,068282480315;-1,044898526254967;-0,777965998595398;-0,2669325276595691;spy
2015-12-10;56366,37558451823;16733,14666941834;0,010389748532779741;0,2581079130949071;-0,24771816456212736;spy
2015-12-11;55722,6807943854;16408,83961455423;-1,1419836444293785;-1,938111589357061;0,7961279449276826;strategy
2015-12-14;55707,92217891469;16491,744487395226;-0,026485831730116427;0,5052451897175292;-0,5317310214476456;spy
2015-12-15;55890,2985172519;16664,87163052451;0,3273795381408595;1,0497806539605747;-0,7224011158197152;spy
2015-12-16;56306,14010323435;16908,712118205487;0,7440317855058387;1,4632005159544104;-0,7191687304485717;spy
2015-12-17;55910,18567885224;16651,054151717683;-0,7032171334354409;-1,5238178087518928;0,8206006753164519;strategy
2015-12-18;55275,774726512165;16257,658462582547;-1,1346965577687884;-2,3625872905743583;1,22789073280557;strategy
2015-12-21;55402,04598020833;16391,770234712345;0,22843868642441478;0,8249144391762275;-0,5964757527518127;spy
2015-12-22;55578,0671343889;16540,51308102616;0,3177159815423547;0,9074239339862622;-0,5897079524439075;spy
2015-12-23;55738,487295203595;16745,339437944498;0,2886393303797252;1,2383313378186322;-0,949692007438907;spy
2015-12-24;55718,96837471868;16717,70324009398;-0,03501874814352268;-0,16503814660153715;0,13001939845801447;strategy
2015-12-28;55686,2916332175;16679,502704708535;-0,0586456326352347;-0,2285034902032912;0,1698578575680565;strategy
2015-12-29;56053,6704553803;16857,50521891669;0,6597293721452457;1,0671931733186701;-0,4074638011734244;spy
2015-12-30;55879,56415594477;16738,02328073406;-0,3106064206341741;-0,7087759228367352;0,3981695022025611;strategy
2015-12-31;55350,99630977876;16570,586344297688;-0,9459054560463587;-1,0003387713595657;0,054433315313207054;strategy
2016-01-04;54574,23038160667;16338,938625142873;-1,4033458834685208;-1,3979452165525208;-0,005400666916000052;spy
2016-01-05;54773,01152613055;16366,573582756542;0,3642399409646613;0,1691355739052991;0,19510436705936218;strategy
2016-01-06;54493,15825263051;16160,122515557532;-0,5109327855134072;-1,2614189900842954;0,7504862045708882;strategy
2016-01-07;53681,68397528171;15772,41579287846;-1,4891305686244083;-2,399157075113889;0,9100265064894808;strategy
2016-01-08;53199,00383523241;15599,288649749175;-0,8991523817910685;-1,0976577424965939;0,19850536070552538;strategy
2016-01-11;53511,58462310187;15614,732079073534;0,5875688741044494;0,09900085619998222;0,48856801790446713;strategy
2016-01-12;53907,559272475206;15740,716579089407;0,7399793001128696;0,8068310066281281;-0,06685170651525851;spy
2016-01-13;52814,86756094146;15348,133245094616;-2,026973074426819;-2,4940626560566836;0,4670895816298648;strategy
2016-01-14;52913,985807256664;15600,101004889511;0,18767110643767015;1,641683426715268;-1,4540123202775979;spy
2016-01-15;52245,65845199583;15265,22713201676;-1,2630448171023656;-2,1466134915908097;0,8835686744884441;strategy
2016-01-19;52280,666785087036;15285,547172656843;0,06700716218051017;0,13311325448583933;-0,06610609230532916;spy
2016-01-20;52055,57738142826;15089,661683229619;-0,43054042249320856;-1,2815078663171997;0,8509674438239911;strategy
2016-01-21;52307,79444548981;15174,193746824993;0,48451496794181814;0,5601985344000138;-0,07568356645819563;spy
2016-01-22;52757,74147955685;15485,496918259458;0,8601911796069395;2,0515302270975866;-1,1913390474906471;spy
2016-01-25;52510,1371479718;15251,40965320993;-0,4693232208982878;-1,5116548489542359;1,042331628055948;strategy
2016-01-26;52612,85992456711;15459,486670926468;0,19562465873177448;1,3643133483909997;-1,1686886896592252;spy
2016-01-27;52086,03117862634;15291,237379349757;-1,0013307520178483;-1,0883239214735663;0,086993169455718;strategy
2016-01-28;52303,990369600455;15370,89159139256;0,41845997101723764;0,52091410306907;-0,1024541320518324;spy
2016-01-29;52744,2358720936;15745,593190405132;0,8417053830543253;2,4377349666716785;-1,5960295836173533;spy
2016-02-01;52811,56253933078;15739,90298371222;0,12764744075626222;-0,036138407896757485;0,1637858486530197;strategy
2016-02-02;52460,21203192008;15456,236010128268;-0,6652908766882959;-1,8022155147810803;1,1369246380927844;strategy
2016-02-03;52185,952711089616;15548,895345837565;-0,5227949148653543;0,599494829456404;-1,1222897443217583;spy
2016-02-04;51961,84333759654;15573,279642653033;-0,42944386726785355;0,15682333872029108;-0,5862672059881446;spy
2016-02-05;51390,45576379838;15276,606305165737;-1,0996291453439166;-1,9050151560545348;0,8053860107106181;strategy
2016-02-08;51191,05307043756;15070,967593107061;-0,3880150319688025;-1,3461020592586692;0,9580870272898667;strategy
2016-02-09;51474,55711922297;15071,779948247397;0,5538156216386314;0,005390198972410332;0,5484254226662211;strategy
2016-02-10;51572,02811259532;15058,776064817752;0,18935761437750553;-0,08627967946915893;0,27563729384666447;strategy
2016-02-11;51321,297691485175;14862,890575390527;-0,48617521995204527;-1,3008061782980973;0,814630958346052;strategy
2016-02-12;51524,63044377404;15169,31713550927;0,3961956564527691;2,0616888657319032;-1,6654932092791341;spy
2016-02-16;52026,50416048453;15425,349151479553;0,9740462229188784;1,6878282237962283;-0,7137820008773499;spy
2016-02-17;52113,78872549162;15677,318151511303;0,1677694214046177;1,6334735606784;-1,4657041392737824;spy
2016-02-18;52252,83450666346;15613,10612855601;0,2668118833275779;-0,40958550649240477;0,6763973898199827;strategy
2016-02-19;52514,963993618505;15605,791211582422;0,5016560143194182;-0,04685113207684166;0,5485071463962599;strategy
2016-02-22;52851,94990459288;15831,749964281178;0,6416950243274044;1,447916030883789;-0,8062210065563846;spy
2016-02-23;52818,436512743945;15631,801458915417;-0,06340994402180833;-1,262958964213523;1,1995490201917147;strategy
2016-02-24;53094,27983927248;15703,327158607442;0,5222481859378458;0,4575653028860094;0,06468288305183645;strategy
2016-02-25;53542,77472802822;15893,522441341758;0,8447141389118062;1,2111782478534394;-0,36646410894163317;spy
2016-02-26;53124,978429219744;15856,946616236984;-0,7803037868894247;-0,2301303895329898;-0,5501733973564349;spy
2016-02-29;52993,121638864744;15732,58806673863;-0,24820111791795663;-0,7842528105065028;0,5360516925885461;strategy
2016-03-01;53233,35865867844;16102,413054435487;0,45333623003160906;2,3506938980925263;-1,8973576680609172;spy
2016-03-02;53403,18944097489;16174,752349504699;0,31903074796646447;0,449245059263248;-0,1302143112967835;spy
2016-03-03;53393,79528127777;16238,150777082805;-0,01759100869340724;0,39195918557632936;-0,4095501942697366;spy
2016-03-04;53228,49292701544;16290,982386652273;-0,3095909429017385;0,3253548405526052;-0,6349457834543437;spy
2016-03-07;53099,62025659823;16303,987510318773;-0,24211219091607727;0,0798301990502237;-0,321942389966301;spy
2016-03-08;52961,23814959277;16125,983755873765;-0,26060846826539974;-1,0917804882538684;0,8311720199884687;strategy
2016-03-09;53097,079124234646;16205,639208153418;0,2564913121143153;0,49395716556293046;-0,23746585344861515;spy
2016-03-10;53224,08509272839;16218,643091583059;0,2391957723259619;0,08024295285493643;0,15895281947102546;strategy
2016-03-11;53491,29960773775;16480,365314246254;0,5020556286572386;1,6137122025887685;-1,1116565739315298;spy
2016-03-14;53450,09671347754;16459,232918465837;-0,07702728212317655;-0,12822771448002257;0,051200432356846015;strategy
2016-03-15;53461,617703732205;16432,410315992507;0,021554666807110934;-0,16296386718750444;0,18451853399461537;strategy
2016-03-16;53769,95970937969;16527,507957359667;0,5767539758265938;0,5787199780096008;-0,0019660021830070207;spy
2016-03-17;53871,1380244873;16632,360061595125;0,18816885051515797;0,6344096430385804;-0,4462407925234224;spy
2016-03-18;53836,48708069099;16612,040020955043;-0,06432190792138304;-0,12217172166085755;0,05784981373947451;strategy
2016-03-21;53709,459309331694;16635,610722393318;-0,235951077507901;0,14188926470524166;-0,37784034221314267;spy
2016-03-22;53740,93961178113;16626,669854902208;0,0586122125492361;-0,0537453517055142;0,1123575642547503;strategy
2016-03-23;53492,31964711965;16516,942379587883;-0,4626267543096252;-0,6599486022871415;0,19732184797751628;strategy
2016-03-24;53452,57790447057;16509,626222377447;-0,07429429666024889;-0,04429486428115803;-0,029999432379090862;spy
2016-03-28;53505,08161852522;16519,38068524575;0,09822484922707986;0,05908348703305144;0,03914136219402842;strategy
2016-03-29;54019,31533351856;16672,186547498095;0,9610932259849214;0,9250096305899902;0,03608359539493122;strategy
2016-03-30;54040,82484757951;16745,339437944498;0,03981819082330418;0,43877202452116126;-0,3989538336978571;spy
2016-03-31;53934,636053836206;16704,699356664336;-0,19649735925165723;-0,2426948789588157;0,04619751970715846;strategy
2016-04-01;54214,83053596191;16818,49108815405;0,5195075050585807;0,681195926129119;-0,16168842107053827;spy
2016-04-04;54093,630930386076;16764,03352806706;-0,22355433813527892;-0,32379575433700847;0,10024141620172955;strategy
2016-04-05;53732,06329744469;16596,596591630685;-0,6684107291793584;-0,9987866950757596;0,33037596589640117;strategy
2016-04-06;53959,14939700675;16777,85100687389;0,42262679976567963;1,0921179787825253;-0,6694911790168456;spy
2016-04-07;53684,65941430692;16577,088906130935;-0,5086996102927066;-1,1965900797468176;0,687890469454111;strategy
2016-04-08;53986,879651500596;16621,793243586486;0,5629545581379514;0,26967544005278565;0,2932791180851657;strategy
2016-04-11;54012,01660322935;16582,77911282385;0,04656122356212489;-0,2347167371829162;0,2812779607450411;strategy
2016-04-12;54152,14155259807;16737,210925593725;0,2594329154530062;0,9312782358081861;-0,67184532035518;spy
2016-04-13;54029,05096156149;16906,273812547624;-0,22730512128874558;1,01010190828974;-1,2374070295784856;spy
2016-04-14;53770,156076041894;16907,086167687965;-0,4791771850735982;0,004805051363465651;-0,48398223643706384;spy
2016-04-15;53873,990468873235;16888,392077565408;0,19310785091362082;-0,11056955608521601;0,30367740699883683;strategy
2016-04-18;54058,49369924331;17007,0616606077;0,3424718101709523;0,7026695170106345;-0,3601977068396822;spy
2016-04-19;53913,76574689057;17060,705625317503;-0,2677247227011903;0,31542170999507846;-0,5831464326962688;spy
2016-04-20;53773,20411016441;17076,962650019046;-0,2607156721087689;0,0952892867304378;-0,3560049588392067;spy
2016-04-21;53453,14883027265;16985,11566945009;-0,5951947353482478;-0,5378414326440817;-0,057353302704166165;spy
2016-04-22;54432,38608140226;16985,11566945009;1,8319542862459626;0,0;1,8319542862459626;strategy
2016-04-25;54137,6756749779;16955,8547613189;-0,5414247429529007;-0,17227382315575523;-0,3691509197971454;spy
2016-04-26;54393,64315627202;16981,0514132747;0,47280840579644323;0,14860148491766534;0,3242069208787779;strategy
2016-04-27;54566,895225920875;17016,002528098805;0,3185152889118026;0,20582420942898416;0,11269107948281842;strategy
2016-04-28;54296,411971525406;16861,569475092074;-0,4956911205513892;-0,9075753999901792;0,41188427943879;strategy
2016-04-29;54250,078817503614;16770,536089900306;-0,08533373079254725;-0,5398867841231669;0,4545530533306197;strategy
2016-05-02;54560,86820761324;16903,835506889765;0,5728828360878735;0,794842909462723;-0,22196007337484946;spy
2016-05-03;53983,92608774472;16756,71861109347;-1,0574284076146911;-0,8703166552722963;-0,18711175234239485;spy
2016-05-04;53905,635603678704;16663,24568000699;-0,14502554693551772;-0,5578236005264192;0,4127980535909015;strategy
2016-05-05;53836,965062228745;16659,99501920879;-0,12739028244622697;-0,01950796897929319;-0,10788231346693378;spy
2016-05-06;54226,103068977434;16720,955141129034;0,7228082160628757;0,3659072037534239;0,3569010123094518;strategy
2016-05-09;53877,91763413073;16734,772619935866;-0,6420993122146279;0,08263570286630717;-0,7247350150809351;spy
2016-05-10;54229,95072770314;16942,849637652398;0,6533903109674055;1,243381206558225;-0,5899908955908195;spy
2016-05-11;54535,55386374747;16784,353568707138;0,5635320186418991;-0,9354746830369742;1,4990067016788733;strategy
2016-05-12;54501,38981467837;16789,23018002286;-0,06264546089410628;0,029054507793579987;-0,09169996868768626;spy
2016-05-13;54753,70319683766;16642,925639366906;0,46294852850035095;-0,8714189935285943;1,3343675220289453;strategy
2016-05-16;55315,556472231125;16807,11191500508;1,0261466213045356;0,9865229178805501;0,03962370342398547;strategy
2016-05-17;54921,52918136974;16650,241796577342;-0,7123263616794495;-0,9333555891163359;0,22102922743688636;strategy
2016-05-18;54574,78777559665;16655,118407893064;-0,6313396785221248;0,029288531513849136;-0,6606282100359739;spy
2016-05-19;54696,64487356933;16597,40894677102;0,22328460254164018;-0,34649685285153;0,5697814553931702;strategy
2016-05-20;54883,633615727296;16702,26105100648;0,3418651045053789;0,6317377885411535;-0,2898726840357746;spy
2016-05-23;54995,82447264019;16679,502704708535;0,2044158695803766;-0,13625907431601414;0,34067494389639075;strategy
2016-05-24;55184,78920338286;16895,70699453899;0,3435983232448425;1,2962274335038826;-0,9526291102590401;spy
2016-05-25;55426,44779409596;17010,312321405894;0,4379079710216338;0,6783103358974474;-0,24040236487581357;spy
2016-05-26;55592,43261062374;17015,18893272162;0,2994686167592686;0,0286685583637869;0,2708000583954817;strategy
2016-05-27;55903,96626221598;17088,341823168023;0,5603885942071729;0,42992699484942776;0,13046159935774515;strategy
2016-05-31;55999,595574859544;17055,82901400178;0,1710599784548572;-0,19026310160861204;0,36132308006346925;strategy
2016-06-01;56080,20036783199;17090,78012882588;0,14393816981177476;0,20492181761089245;-0,06098364779911769;spy
2016-06-02;56052,87592448813;17142,799383255013;-0,0487238689673708;0,30437027471550415;-0,35309414368287495;spy
2016-06-03;56177,78055769691;17091,59248396622;0,2228335855185115;-0,29870791895758586;0,5215415044760974;strategy
2016-06-06;56382,68481340054;17178,562853219453;0,3647425257272019;0,5088488350914133;-0,14410630936421143;spy
2016-06-07;56549,65519647575;17205,38421545593;0,2961376948043659;0,1561327479233876;0,1400049468809783;strategy
2016-06-08;56641,22305246112;17261,467726060455;0,16192469373548235;0,32596488344702745;-0,1640401897115451;spy
2016-06-09;56794,3395561598;17237,897024622176;0,27032697291311525;-0,13655096896941776;0,406877941882533;strategy
2016-06-10;56341,31952900305;17074,524344361187;-0,7976499607127097;-0,947752965617743;0,15010300490503337;strategy
2016-06-13;56172,95498976775;16942,849637652398;-0,2988295990274614;-0,7711764266644106;0,47234682763694913;strategy
2016-06-14;56156,61759883474;16909,524473345824;-0,02908408670326823;-0,19669161339019858;0,16760752668693035;strategy
2016-06-15;56319,156048708275;16885,953771907545;0,28943774896603713;-0,13939304724643886;0,428830796212476;strategy
2016-06-16;56506,20185265481;16936,34707581915;0,3321175547885913;0,2984332694043079;0,03368428538428336;strategy
2016-06-17;56699,637846404454;16785,97951922466;0,34232701439400604;-0,8878393665489814;1,2301663809429875;strategy
2016-06-20;56831,72270460832;16894,082284258315;0,23295538246941305;0,6440062965038518;-0,4110509140344387;spy
2016-06-21;57097,51154531192;16942,037282512065;0,4676769030653505;0,28385678160471883;0,18382012146063165;strategy
2016-06-22;56908,298996569254;16914,402324898398;-0,3313849301339711;-0,1631147255365395;-0,16827020459743158;spy
2016-06-23;57343,69926860022;17134,67087090424;0,7650909967581665;1,3022543851969326;-0,5371633884387661;spy
2016-06-24;56501,439832061544;16519,38068524575;-1,4687915974752497;-3,5909075248319655;2,122115927356716;strategy
2016-06-27;55890,85045078084;16223,520943135634;-1,0806616310939154;-1,7909856776553434;0,710324046561428;strategy
2016-06-28;56381,58242065531;16516,128784210694;0,8780184339950647;1,803602572466656;-0,9255841384715913;spy
2016-06-29;56846,466758675364;16797,358692373633;0,8245322640141994;1,7027592351531728;-0,8782269711389734;spy
2016-06-30;57142,69828097654;17026,568105870585;0,5211080638639176;1,3645562834888825;-0,8434482196249649;spy
2016-07-01;57248,59654185275;17062,331575835025;0,18532247174520844;0,21004508801811816;-0,024722616272909725;spy
2016-07-05;57287,67758603598;16939,598976854202;0,06826550613281412;-0,7193190358265378;0,7875845419593519;strategy
2016-07-06;57510,92725186914;17041,199180054606;0,38969927782093183;0,5997792706853744;-0,21007999286444257;spy
2016-07-07;57429,42079854529;17030,632362045973;-0,14172342060648768;-0,06200747903352122;-0,07971594157296646;spy
2016-07-08;57943,61979472114;17284,226072358397;0,8953581440070524;1,4890445928336549;-0,5936864488266025;spy
2016-07-11;57954,043553464595;17345,18619427864;0,017989484917202425;0,3526922273814348;-0,3347027424642324;spy
2016-07-12;58007,979264003035;17471,170694294513;0,09306634573078565;0,7263369709886947;-0,633270625257909;spy
2016-07-13;57963,63287566369;17468,73238863665;-0,07644877291367314;-0,013956166421402738;-0,0624926064922704;spy
2016-07-14;58041,70654382853;17566,268335661673;0,13469422859038183;0,5583458768219973;-0,4236516482316155;spy
2016-07-15;57982,235180631724;17542,697634223394;-0,10246315406301498;-0,13418160868251539;0,0317184546195004;strategy
2016-07-18;58215,78416463842;17589,840277336803;0,40279403386074275;0,2687308650947795;0,13406316876596325;strategy
2016-07-19;58147,550874917455;17571,958542354583;-0,11720754207826811;-0,10165945057079018;-0,015548091507477935;spy
2016-07-20;58096,63871666256;17645,110192564138;-0,08755684029481126;0,4162976485132974;-0,5038544888081087;spy
2016-07-21;57782,42350404354;17578,46110418783;-0,5408492118648134;-0,37771987620907055;-0,16312933565574284;spy
2016-07-22;58488,95132009363;17657,3029610903;1,2227382882281645;0,44851398785805685;0,7742243003701077;strategy
2016-07-25;58876,88736566018;17609,346722599697;0,6632638076266462;-0,2715943572825341;0,9348581649091803;strategy
2016-07-26;59099,09184241846;17617,47523495047;0,3774052717465448;0,04616021524717073;0,3312450564993741;strategy
2016-07-27;58874,047327313056;17598,781144827914;-0,38079183298697084;-0,10611106230177247;-0,27468077068519836;spy
2016-07-28;59060,333709221755;17619,101185467993;0,316415110503665;0,11546277252303394;0,20095233798063106;strategy
2016-07-29;59110,21147282375;17647,548498221997;0,08445222109234596;0,16145723016487423;-0,07700500907252827;spy
2016-08-01;58914,52216952501;17632,91866427483;-0,331058371172821;-0,08290009203625326;-0,24815827913656774;spy
2016-08-02;58629,92032300496;17519,93928792545;-0,483075880172823;-0,640729867247003;0,15765398707418;strategy
2016-08-03;58856,917952086704;17571,144946977394;0,3871702840992475;0,2922707562533322;0,09489952784591527;strategy
2016-08-04;58734,931437758016;17589,840277336803;-0,20725943282995374;0,1063979064302556;-0,31365733926020933;spy
2016-08-05;58941,77275977269;17733,705272098043;0,3521606596814886;0,8178868738597744;-0,46572621417828586;spy
2016-08-08;58951,43773624803;17723,139694326263;0,016397498790432508;-0,05957907616973568;0,07597657496016819;strategy
2016-08-09;58985,90880021092;17733,705272098043;0,058473661180435954;0,05961459399410618;-0,0011409328136702257;spy
2016-08-10;58932,68807194274;17689,814530019685;-0,09022617325171733;-0,2474989936108618;0,15727282035914447;strategy
2016-08-11;59248,50923699928;17771,90704772035;0,5359015096528363;0,464066582277356;0,07183492737548036;strategy
2016-08-12;59585,772543059466;17756,464858632844;0,5692350919938027;-0,08689100751000378;0,6561260995038065;strategy
2016-08-15;59802,030387158324;17807,67051768479;0,3629353700878468;0,28837755408870347;0,07455781599914335;strategy
2016-08-16;59504,297047726264;17715,82477735268;-0,4978649345256936;-0,5157650476568465;0,017900113131152917;strategy
2016-08-17;59301,95453501127;17749,148701422404;-0,3400468919962263;0,18810258335997254;-0,5281494753561988;spy
2016-08-18;59988,94142137372;17788,976427562233;1,158455723338525;0,22439231768134338;0,9340634056571817;strategy
2016-08-19;60340,86776506494;17762,966180229236;0,5866520317790336;-0,14621553656508635;0,7328675683441199;strategy
2016-08-22;60064,4363304762;17762,1538250889;-0,45811643887028186;-0,004573307926691861;-0,45354313094359;spy
2016-08-23;60274,00516290399;17797,91729505334;0,3489066829408527;0,20134647136049733;0,14756021158035537;strategy
2016-08-24;59413,463326138655;17706,883909861568;-1,4277163670134874;-0,511483358881959;-0,9162330081315284;spy
2016-08-25;59461,94001305107;17694,691141335406;0,0815920907460077;-0,06885891717723913;0,15045100792324684;strategy
2016-08-26;59336,239060878965;17661,36597702883;-0,21139732767635477;-0,18833425257550607;-0,023063075100848707;spy
2016-08-29;59494,647721083835;17748,33634628207;0,2669678137880327;0,4924328580606874;-0,22546504427265468;spy
2016-08-30;59205,01757501885;17719,075438150874;-0,4868171460108428;-0,16486563901143558;-0,3219515069994072;spy
2016-08-31;59122,7770657721;17668,68213423927;-0,1389080057995873;-0,2844014299025144;0,1454934241029271;strategy
2016-09-01;59273,02453355083;17669,494489379606;0,2541278932340907;0,004597712122311748;0,24953018111177894;strategy
2016-09-02;59586,59749233452;17749,148701422404;0,52903147975214;0,45080074073808873;0,07823073901405131;strategy
2016-09-06;59782,32798124669;17802,793906369065;0,32848072746116674;0,30224100236628804;0,026239725094878708;strategy
2016-09-07;59644,829917012335;17801,16795585154;-0,22999784196675588;-0,009133119925319733;-0,22086472204143615;spy
2016-09-08;59358,4072279729;17760,527874571377;-0,48021377450141456;-0,2283000833481985;-0,25191369115321605;spy
2016-09-09;58091,51842465834;17335,432971647195;-2,134303904835133;-2,393481240683226;0,2591773358480931;strategy
2016-09-12;58624,318531228346;17584,150070643893;0,9171736615234405;1,4347325469371563;-0,5175588854137159;spy
2016-09-13;57964,454217486375;17331,368715471803;-1,1255812097678675;-1,4375523079395158;0,31197109817164836;strategy
2016-09-14;58191,5072731575;17324,86615363856;0,3917108488923349;-0,03751903233955023;0,4292298812318851;strategy
2016-09-15;58585,12492512816;17497,993296767843;0,6764176946353784;0,9992985896339679;-0,3228808949985895;spy
2016-09-16;58547,48376223252;17342,74788862078;-0,0642503757459667;-0,8872183542083079;0,8229679784623412;strategy
2016-09-19;58923,96237849789;17345,999789655827;0,6430312492921031;0,01875078307043143;0,6242804662216717;strategy
2016-09-20;58874,23858151485;17346,812144796164;-0,08438637691001727;0,00468324195888048;-0,08906961886889775;spy
2016-09-21;59728,0562919255;17541,885279083057;1,4502399198394578;1,1245474537833866;0,32569246605607116;strategy
2016-09-22;60002,173911467005;17652,42510953772;0,4589428093921821;0,6301479498698415;-0,17120514047765933;spy
2016-09-23;59622,93953420526;17555,702757889892;-0,6320343956559005;-0,5479267072237337;-0,08410768843216676;spy
2016-09-26;59448,264936823005;17413,462473409323;-0,2929654236219714;-0,8102226748891828;0,5172572512672113;strategy
2016-09-27;59846,59344395003;17521,565238442978;0,6700422754984281;0,620799942565875;0,04924233293255309;strategy
2016-09-28;60089,350773763144;17608,53436745936;0,40563266151560917;0,496354793837539;-0,09072213232192983;spy
2016-09-29;59707,11105027607;17449,224703136904;-0,6361189105307696;-0,9047298372365509;0,26861092670578124;strategy
2016-09-30;60075,472513423316;17580,899409845693;0,616947389795941;0,7546163737871758;-0,13766898399123484;spy
2016-10-03;59478,32642650171;17538,633378048005;-0,9939931588356266;-0,24040881420445137;-0,7535843446311752;spy
2016-10-04;58986,48537605371;17449,224703136904;-0,8269248312757771;-0,5097813095460868;-0,3171435217296903;spy
2016-10-05;59202,51270271925;17526,4418497587;0,36623190089783986;0,44252479944231204;-0,07629289854447219;spy
2016-10-06;59233,7948454673;17538,633378048005;0,052839214621069885;0,06956077219675283;-0,016721557575682944;spy
2016-10-07;59019,889585715864;17478,485611268097;-0,36112030355219815;-0,3429444329179687;-0,01817587063422943;spy
2016-10-10;59249,0225579319;17569,52023669672;0,38823009298121214;0,520838174732563;-0,13260808175135086;spy
2016-10-11;58450,56232689921;17347,6244999365;-1,3476344360820125;-1,2629584289772233;-0,08467600710478917;spy
2016-10-12;58553,413867200434;17370,3840864713;0,1759633033571184;0,13119713615474815;0,044766167202370255;strategy
2016-10-13;58318,0117641646;17313,486980489586;-0,40202968108695725;-0,3275523770716493;-0,07447730401530794;spy
2016-10-14;58490,892992909765;17322,427847980696;0,296445683786839;0,051641055907380995;0,244804627879458;strategy
2016-10-17;58352,117131739695;17262,281321437644;-0,23726062993583152;-0,3472176479584199;0,1099570180225884;strategy
2016-10-18;58650,36827985646;17370,3840864713;0,5111230967737024;0,6262368398515461;-0,11511374307784372;spy
2016-10-19;59052,00491077832;17416,71313420752;0,6847981397242187;0,2667128573875521;0,41808528233666653;strategy
2016-10-20;59103,87581918413;17384,20156527813;0,08783936884815269;-0,18666879725734997;0,27450816610550266;strategy
2016-10-21;58902,5916482334;17392,328837392048;-0,3405600193911451;0,04675090819328265;-0,38731092758442776;spy
2016-10-24;59482,171258019924;17466,29408297879;0,9839628334993744;0,42527510995378215;0,5586877235455923;strategy
2016-10-25;59391,02185418362;17407,77226671641;-0,15323819206416456;-0,335055713503718;0,18181752143955343;strategy
2016-10-26;59025,23490995368;17372,82239212916;-0,6158960273962233;-0,2007716671137305;-0,4151243602824928;spy
2016-10-27;58366,461827048784;17326,492104156085;-1,1160871852689658;-0,2666825627254843;-0,8494046225434815;spy
2016-10-28;58228,40452936284;17275,285204867287;-0,23653532073785177;-0,2955410649828849;0,05900574424503313;strategy
2016-10-31;58107,578852322345;17276,098800244476;-0,20750298418285018;0,004709591578611061;-0,21221257576146124;spy
2016-11-01;57846,74873735849;17150,926655368938;-0,448874518807163;-0,7245394132254335;0,27566489441827047;strategy
2016-11-02;57470,446328822654;17047,70174188786;-0,650516090790787;-0,6018620192091095;-0,04865407158167745;spy
2016-11-03;57321,544771974535;16969,672240125732;-0,25909239680541596;-0,45771273420629477;0,1986203374008788;strategy
2016-11-04;57245,15200779143;16950,978150003175;-0,13327059570182875;-0,11016176304426972;-0,02310883265755903;spy
2016-11-07;58079,045479593464;17324,86615363856;1,4567058389303167;2,205701643449487;-0,7489958045191702;spy
2016-11-08;58417,904964468034;17402,895655400687;0,5834453408736451;0,45039021410124835;0,13305512677239673;strategy
2016-11-09;58802,22808637626;17587,401971678944;0,6578858350740013;1,0602046919760744;-0,40231885690207303;spy
2016-11-10;58438,79958000626;17631,292713757302;-0,6180522714822057;0,2495578491299444;-0,86761012061215;spy
2016-11-11;59219,48815993078;17590,65263247714;1,3359079678830543;-0,2304997253460117;1,566407693229066;strategy
2016-11-14;59224,577410812395;17604,470111283976;0,008593878535179122;0,07855012031403596;-0,06995624177885684;spy
2016-11-15;59913,50602753275;17741,83378444882;1,1632478387166634;0,7802772380907763;0,38297060062588706;strategy
2016-11-16;60315,59882036992;17708,508620142242;0,6711221217005736;-0,18783382096493328;0,8589559426655069;strategy
2016-11-17;60903,64681583138;17799,54324557087;0,9749517653182327;0,5140727961985503;0,4608789691196824;strategy
2016-11-18;61139,59596839554;17759,71551943104;0,3874138329969856;-0,22375701213422916;0,6111708451312148;strategy
2016-11-21;61526,769342698;17893,827291560836;0,6332612575696395;0,7551459480477751;-0,12188469047813566;spy
2016-11-22;61479,50647289057;17928,778406384936;-0,07681675848145719;0,19532498137266874;-0,27214173985412593;spy
2016-11-23;61716,82010232968;17938,531629016383;0,38600444774836706;0,05439981693327045;0,3316046308150966;strategy
2016-11-25;61716,468897240135;18005,18195762954;-0,0005690589517715061;0,371548407592881;-0,3721174665446525;spy
2016-11-28;61236,97634760455;17920,649894034163;-0,776928035908786;-0,4694874164243412;-0,3074406194844448;spy
2016-11-29;61153,17629697203;17955,601008858266;-0,13684550680105323;0,19503263012654593;-0,33187813692759915;spy
2016-11-30;61695,55964272169;17912,522621920245;0,886925877922895;-0,23991615160511293;1,126842029528008;strategy
2016-12-01;61210,53595614928;17846,68588868428;-0,7861565554817429;-0,3675458483742511;-0,4186107071074918;spy
2016-12-02;61320,48758729227;17855,625515938533;0,17962860384324042;0,05009124556802913;0,1295373582752113;strategy
2016-12-05;62079,48013238009;17962,915925831854;1,2377470808714097;0,6008773526166911;0,6368697282547187;strategy
2016-12-06;62518,186590792844;18019,811791576707;0,7066851356957837;0,31674070056204595;0,3899444351337378;strategy
2016-12-07;62834,31772080416;18255,525007143762;0,5056626675378872;1,308078121422107;-0,8024154538842199;spy
2016-12-08;63508,604765033226;18300,22810436246;1,073119067235151;0,2448743446228141;0,8282447226123368;strategy
2016-12-09;63246,315977490056;18410,769175053978;-0,41299724425308826;0,6040420374058941;-1,0170392816589824;spy
2016-12-12;62941,17686223083;18389,63677927356;-0,4824614849785469;-0,11478279684834503;-0,3676786881302019;spy
2016-12-13;62871,16926766405;18512,36937825438;-0,11122701871306706;0,6674008869993031;-0,7786279057123702;spy
2016-12-14;62644,70497175249;18359,563516002032;-0,36020372859206784;-0,8254257417305233;0,46522201313845546;strategy
2016-12-15;63138,11536832848;18435,153471869442;0,7876330438438162;0,4117197873551026;0,37591325648871354;strategy
2016-12-16;62744,05244778547;18291,28723687135;-0,6241284179044126;-0,7803907638611163;0,15626234595670363;strategy
2016-12-19;62852,2576717432;18331,114963011176;0,172454949491474;0,21774151607842906;-0,04528656658695507;spy
2016-12-20;63465,96510911825;18401,828307562868;0,9764286281970014;0,38575582933377817;0,5906727988632232;strategy
2016-12-21;63440,03178098473;18350,62264851092;-0,04086178802911178;-0,2782639757099803;0,23740218768086851;strategy
2016-12-22;63159,20352481955;18318,92343472187;-0,4426672690434508;-0,17274189762503944;-0,26992537141841133;spy
2016-12-23;63360,7622795232;18345,7460371952;0,31912808182332775;0,14642018985946414;0,1727078919638636;strategy
2016-12-27;63803,577042125115;18391,262729791084;0,6988785277683096;0,2481048876595171;0,4507736401087925;strategy
2016-12-28;62907,80490187505;18239,26798244222;-1,4039528530800816;-0,8264508510481772;-0,5775020020319044;spy
2016-12-29;62824,02327691068;18235,20496650368;-0,13318160615373165;-0,022276200681137226;-0,11090540547259442;spy
2016-12-30;62441,47446509792;18168,554637890527;-0,6089212244917763;-0,36550358899493096;-0,24341763549684536;spy
2017-01-03;62726,745466250686;18307,5442615729;0,4568614107794966;0,7650009945893599;-0,3081395838098633;spy
2017-01-04;63177,647380625116;18416,45938174689;0,7188351811063365;0,5949193328053104;0,12391584830102609;strategy
2017-01-05;63000,15378333678;18401,828307562868;-0,2809436638547158;-0,07944564088426809;-0,20149802297044772;spy
2017-01-06;62988,92968180785;18467,666281035687;-0,017815990683966998;0,35777952262363577;-0,37559551330760277;spy
2017-01-09;62854,15405827099;18406,70615911544;-0,21396715933685861;-0,33009109539110515;0,11612393605424653;strategy
2017-01-10;63062,11603651361;18406,70615911544;0,33086433404196924;0,0;0,33086433404196924;strategy
2017-01-11;63122,98927186007;18458,725413544573;0,0965290084957049;0,28261033766419086;-0,18608132916848596;spy
2017-01-12;62691,129810102066;18412,3951255715;-0,6841555932943111;-0,25099397133389045;-0,43316162196042063;spy
2017-01-13;62912,65486496178;18454,66115736919;0,35335948726835653;0,22955205723882433;0,1238074300295322;strategy
2017-01-17;62181,059463301455;18389,63677927356;-1,1628747876411438;-0,3523466377472251;-0,8105281498939187;spy
2017-01-18;62719,669721014005;18430,27686055372;0,8661966559615042;0,22099447513812542;0,6452021808233788;strategy
2017-01-19;62476,973679365;18362,00182165989;-0,3869536346867708;-0,3704504246485718;-0,01650321003819899;spy
2017-01-20;62682,04445834864;18429,464505413387;0,3282341747794515;0,36740375264485703;-0,039169577865405536;spy
2017-01-23;62405,815732430725;18381,508266922785;-0,44068238090330114;-0,260215040304157;-0,18046734059914415;spy
2017-01-24;63254,6525730327;18499,36549482474;1,3601886789548878;0,6411727818550927;0,7190158970997951;strategy
2017-01-25;63526,88995909845;18659,487514287528;0,4303831813026404;0,8655541159375613;-0,43517093463492085;spy
2017-01-26;64031,2517681395;18639,979828787782;0,7939343628592166;-0,10454566603079751;0,8984800288900141;strategy
2017-01-27;63927,09821852516;18610,71892065659;-0,16266049270984295;-0,1569792907501033;-0,005681201959739646;spy
2017-01-30;63396,22696521318;18495,301238649354;-0,8304322706738199;-0,6201677780385495;-0,21026449263527036;spy
2017-01-31;63285,823957939414;18493,675288131824;-0,17414759924805345;-0,008791154556231362;-0,1653564446918221;spy
2017-02-01;63986,188845444034;18500,99020510541;1,1066694619795037;0,03955361419305525;1,0671158477864484;strategy
2017-02-02;63780,28404660868;18513,18297363157;-0,32179569146196796;0,06590332944880206;-0,38769902091077;spy
2017-02-03;64129,70058606702;18640,792183928123;0,5478441256282274;0,6892883329587818;-0,1414442073305544;spy
2017-02-06;64429,994386084945;18607,46701962154;0,46826009988134576;-0,17877547251083925;0,647035572392185;strategy
2017-02-07;64282,83315614847;18608,28061499873;-0,22840484674675476;0,004372413377540241;-0,232777260124295;spy
2017-02-08;64200,41091469824;18632,6649118142;-0,12821812201403437;0,13104003169328582;-0,2592581537073202;spy
2017-02-09;64513,84072344634;18743,20598250571;0,4882053000635045;0,5932649527841782;-0,10505965272067375;spy
2017-02-10;64598,0480975665;18817,169987855603;0,13052605948720153;0,39461768396999997;-0,26409162448279844;spy
2017-02-13;64553,54881877301;18919,583786433195;-0,0688864139149814;0,5442571791809847;-0,6131435930959661;spy
2017-02-14;64646,75474713968;18995,17374230061;0,14438544444448365;0,39953286880241023;-0,2551474243579266;spy
2017-02-15;64719,67074817106;19094,335639843153;0,11279143294444793;0,5220373284700264;-0,40924589552557844;spy
2017-02-16;64390,50450319926;19078,07985537846;-0,5086030895500193;-0,08513406683170466;-0,42346902271831466;spy
2017-02-17;64372,342372783125;19108,15311864999;-0,028206224747373554;0,15763254740257526;-0,18583877214994882;spy
2017-02-21;64668,599862703515;19221,946090376558;0,46022480928959997;0,5955205143060249;-0,13529570501642496;spy
2017-02-22;64467,687961297925;19204,87671053467;-0,3106792196400421;-0,08880151760717325;-0,22187770203286883;spy
2017-02-23;63864,341534668114;19217,88183420117;-0,935889661487499;0,06771781908583296;-1,003607480573332;spy
2017-02-24;63766,272920883945;19242,26613101664;-0,15355769969214172;0,12688337365087676;-0,2804410733430185;spy
2017-02-27;64212,406500492856;19272,339394288167;0,6996387889291134;0,1562875342579817;0,5433512546711317;strategy
2017-02-28;63773,49226613594;19220,32013985903;-0,6835349401732027;-0,2699166580916068;-0,4136182820815959;spy
2017-03-01;64703,9870615279;19489,35727949581;1,459062005745082;1,399753686094174;0,0593083196509081;strategy
2017-03-02;63557,70115391323;19366,624680514982;-1,7715846575646954;-0,6297416442252346;-1,1418430133394608;spy
2017-03-03;63598,75581600724;19378,81620880429;0,06459431563548002;0,06295122919159901;0,0016430864438810033;strategy
2017-03-06;63497,495405626105;19321,107987919102;-0,1592175964480802;-0,29779022755255236;0,13857263110447215;strategy
2017-03-07;63405,401706341414;19263,398526797053;-0,14503516823205498;-0,29868608548812015;0,15365091725606517;strategy
2017-03-08;63199,30929002822;19227,63505683261;-0,32503920922651863;-0,18565503856805554;-0,1393841706584631;spy
2017-03-09;63208,15938715018;19252,019353648084;0,014003471274270929;0,1268190120282675;-0,11281554075399658;spy
2017-03-10;63330,774451401085;19319,482037401573;0,1939861331824;0,35041874057073485;-0,15643260738833487;spy
2017-03-13;63427,611199723484;19329,235260033016;0,1529063068646197;0,050483872251660955;0,10242243461295875;strategy
2017-03-14;63096,707978193575;19255,270014446283;-0,5217021660928522;-0,3826599686520993;-0,13904219744075297;spy
2017-03-15;63348,52514971652;19421,894595742317;0,3990971630563944;0,8653453375155218;-0,46624817445912736;spy
2017-03-16;63508,49933599255;19383,692820120013;0,25253024580753625;-0,19669438238366643;0,4492246281912027;strategy
2017-03-17;63522,49192912004;19265,836832454916;0,02203263070894579;-0,6080161750332991;0,6300488057422449;strategy
2017-03-20;63688,04783830841;19244,704436674496;0,2606256526792139;-0,10968843951185692;0,3703140921910708;strategy
2017-03-21;62399,40292954727;18997,612047958468;-2,0233700866962634;-1,2839500317040287;-0,7394200549922347;spy
2017-03-22;62842,19226906235;19042,31638541402;0,7096050903163453;0,23531556146476618;0,47428952885157916;strategy
2017-03-23;62971,544416766155;19021,99634477394;0,20583646596856742;-0,10670992031013293;0,31254638627870035;strategy
2017-03-24;63206,13259488432;19008,178865967107;0,372530450524744;-0,07263947777294;0,445169928297684;strategy
2017-03-27;63293,815117625214;18988,67118046736;0,13872470777935852;-0,10262785108084982;0,24135255886020834;strategy
2017-03-28;63744,854456049914;19126,848449009398;0,7126120262880065;0,7276826652523827;-0,015070638964376215;spy
2017-03-29;63655,494867524896;19144,728943754762;-0,14018321837510062;0,09348374769126977;-0,23366696606637039;spy
2017-03-30;63977,93347375785;19205,689065675007;0,5065369563208799;0,31841726304582263;0,1881196932750573;strategy
2017-03-31;63848,6033195068;19160,985968456316;-0,20214806454180723;-0,23275966337800158;0,030611598836194354;strategy
2017-04-03;63444,584655197854;19127,660804149735;-0,6327760409843064;-0,17392197020259514;-0,45885407078171125;spy
2017-04-04;63092,69060220278;19139,852332439037;-0,5546478945484656;0,06373768551279912;-0,6183855800612648;spy
2017-04-05;62687,30433943705;19082,956466694184;-0,6425249246726272;-0,29726386994336496;-0,3452610547292623;spy
2017-04-06;62891,130025354716;19136,60167164084;0,325146675336363;0,28111579586886926;0,04403087946749373;strategy
2017-04-07;62915,19451734989;19117,0939861411;0,038263729695220405;-0,10193913127559684;0,14020286097081724;strategy
2017-04-10;62695,434077070764;19128,47315929007;-0,34929628997415474;0,05952355079292815;-0,4088198407670829;spy
2017-04-11;62510,87408748938;19105,714812992122;-0,2943754873034443;-0,11897628267782956;-0,17539920462561476;spy
2017-04-12;62026,282085688195;19021,99634477394;-0,7752123272551814;-0,43818548030065685;-0,33702684695452456;spy
2017-04-13;61707,34585307595;18898,450150415927;-0,5141953086461593;-0,6494912106948969;0,13529590204873765;strategy
2017-04-17;62249,4982264272;19065,888327089153;0,8785864403277;0,8859889321111369;-0,007402491783436993;spy
2017-04-18;62184,29831759541;19008,991221107444;-0,10473965363484439;-0,29842357725796687;0,19368392362312248;strategy
2017-04-19;62187,46595979946;18974,041346520193;0,005093958265600662;-0,1838597018680499;0,18895366013365056;strategy
2017-04-20;62661,12093394716;19128,47315929007;0,7616566567512084;0,8139110163697394;-0,05225435961853098;spy
2017-04-21;62465,75858473226;19067,513037369827;-0,31177602044628605;-0,3186878608271937;0,006911840380907641;strategy
2017-04-24;63204,45487720414;19277,216005603885;1,182561949471661;1,0997919226438668;0,08277002682779422;strategy
2017-04-25;63628,06043366984;19389,38302681293;0,6702147139607373;0,5818631755562631;0,08835153840447418;strategy
2017-04-26;63256,240279217054;19377,19025828677;-0,5843650614501983;-0,0628837364721746;-0,5214813249780237;spy
2017-04-27;63690,37466144534;19393,447282988313;0,6863107581354777;0,08389773999659678;0,6024130181388809;strategy
2017-04-28;63492,69029082257;19351,18125119063;-0,31038343183501516;-0,21793975656282383;-0,09244367527219133;spy
2017-05-01;63851,98399342224;19399,948604584708;0,5658819951618987;0,2520122816330961;0,31386971352880266;strategy
2017-05-02;63258,44248024809;19407,264761795148;-0,9295584507370891;0,03771225047839444;-0,9672707012154835;spy
2017-05-03;63070,69258574792;19383,692820120013;-0,2967981618560933;-0,12145937083075653;-0,17533879102533678;spy
2017-05-04;63427,111807026704;19406,45116641796;0,5651106824207108;0,11740975524705544;0,4477009271736554;strategy
2017-05-05;63556,78141408551;19482,85471766256;0,2044387697382799;0,39370181899520684;-0,18926304925692694;spy
2017-05-08;63346,25404252912;19479,604056864362;-0,3312429718313803;-0,01668472534085419;-0,3145582464905261;spy
2017-05-09;63441,24669197079;19461,722321882145;0,14995780078470577;-0,0917972199538375;0,24175502073854327;strategy
2017-05-10;64251,10946759617;19496,672196469393;1,276555581509209;0,17958263924027218;1,0969729422689367;strategy
2017-05-11;64252,90115880888;19456,84571056642;0,0027885763025148336;-0,2042732498225286;0,20706182612504342;strategy
2017-05-12;64211,61972864489;19424,332901400176;-0,06424835208913571;-0,1671021585404664;0,10285380645133069;strategy
2017-05-15;64671,13029099857;19531,623311293497;0,7156190177035615;0,5523505514343219;0,16326846626923963;strategy
2017-05-16;65123,29517430402;19513,74157631128;0,6991757856571468;-0,09155273321228563;0,7907285188694324;strategy
2017-05-17;63480,61159006528;19167,48853028956;-2,5224208631366984;-1,7744062289010487;-0,7480146342356497;spy
2017-05-18;64001,15628945993;19244,704436674496;0,8200058039077085;0,4028483244579162;0,4171574794497923;strategy
2017-05-19;64229,38717550879;19369,87534131318;0,35660431667301484;0,6504173917067257;-0,2938130750337109;spy
2017-05-22;64655,1986332517;19468,22488371539;0,662954258896109;0,507744839185631;0,15520941971047808;strategy
2017-05-23;64761,66237788644;19511,303270653418;0,1646638582593285;0,2212753715109539;-0,05661151325162539;spy
2017-05-24;65042,30199850997;19556,819963249305;0,43334221253614746;0,23328371234097034;0,20005850019517712;strategy
2017-05-25;65901,14234236651;19650,291654098935;1,3204334986117505;0,47794933442799614;0,8424841641837544;strategy
2017-05-26;66118,32798667593;19646,228638160403;0,3295627914628563;-0,020676619004200703;0,350239410467057;strategy
2017-05-30;66160,93757216734;19629,159258318516;0,06444443891564511;-0,0868837483074536;0,1513281872230987;strategy
2017-05-31;66122,58414529562;19624,282647002794;-0,05796989625469484;-0,024843709562627492;-0,03312618669206735;spy
2017-06-01;66481,3466532657;19780,3404102902;0,5425718196096829;0,795227861800285;-0,2526560421906021;spy
2017-06-02;66696,96956758627;19846,17714352616;0,3243359606494689;0,33283923264391113;-0,00850327199444223;spy
2017-06-05;66601,21806279216;19831,547309578997;-0,14356200201433023;-0,0737161310279677;-0,06984587098636252;spy
2017-06-06;66793,36132815796;19768,14888200089;0,2884981250412588;-0,31968472549535054;0,6081828505366094;strategy
2017-06-07;67137,37363821016;19804,724707105663;0,5150396734221241;0,18502402689852815;0,33001564652359594;strategy
2017-06-08;67509,35502187118;19814,47792973711;0,5540600763824122;0,0492469487745506;0,5048131276078616;strategy
2017-06-09;65827,52512402639;19784,40466646558;-2,4912545784208984;-0,15177418944960497;-2,3394803889712934;spy
2017-06-12;65334,80612772671;19780,3404102902;-0,7484999555601446;-0,020542726677397205;-0,7279572288827474;spy
2017-06-13;65712,34371997303;19877,06400217488;0,5778506352467794;0,4889885101995617;0,08886212504721769;strategy
2017-06-14;65489,05921104312;19851,867350219076;-0,33979081598644045;-0,12676244315079632;-0,21302837283564413;spy
2017-06-15;65419,06483432303;19813,665574596773;-0,10687949645837858;-0,1924341672667973;0,08555467080841872;strategy
2017-06-16;65471,50814222067;19721,818594027813;0,08016517513733667;-0,4635537034940018;0,5437188786313385;strategy
2017-06-19;66120,60675490802;19886,004869665987;0,9914215070123911;0,8325108298475659;0,1589106771648252;strategy
2017-06-20;65784,19007270414;19751,891857299343;-0,5087924910472941;-0,6744090290917049;0,1656165380444108;strategy
2017-06-21;66162,885263257;19747,015245983617;0,5756629216447484;-0,024689337866756755;0,6003522595115052;strategy
2017-06-22;66048,53131293408;19738,07437849251;-0,17283700653004663;-0,04527705772103818;-0,12755994880900845;spy
2017-06-23;66295,78855781429;19761,64632016764;0,3743569159906368;0,1194237149132249;0,2549332010774119;strategy
2017-06-26;66037,96924799056;19774,65020359728;-0,3888924401267091;0,06580364418509177;-0,45469608431180086;spy
2017-06-27;65086,296703480824;19615,341779511684;-1,4410990455141826;-0,8056194291447771;-0,6354796163694054;spy
2017-06-28;65772,82066782306;19790,907228298835;1,0547903308585793;0,8950414974187693;0,15974883343981006;strategy
2017-06-29;64954,057671059025;19616,967730029206;-1,2448348549609745;-0,8788859260626225;-0,36594892889835196;spy
2017-06-30;64862,66897910871;19653,543555133987;-0,14069743327371764;0,18644994276455495;-0,3271473760382726;spy
2017-07-03;64450,39471033246;19686,868719440565;-0,6356110151881644;0,1695631335544734;-0,8051741487426378;spy
2017-07-05;65053,48157657894;19732,385412036445;0,9357380493277168;0,23120331244417258;0,7045347368835442;strategy
2017-07-06;64728,29466796976;19551,94335193358;-0,4998762567786308;-0,9144462584477875;0,4145700016691567;strategy
2017-07-07;65357,77545813173;19678,74020708979;0,9724971025282692;0,6485127993359985;0,3239843031922707;strategy
2017-07-10;65547,41737441157;19699,872602870204;0,2901596863579492;0,10738693411278533;0,18277275224516387;strategy
2017-07-11;65845,63732766538;19685,242768923035;0,4549682736550098;-0,07426359673532446;0,5292318703903343;strategy
2017-07-12;66312,41169468986;19833,172019859667;0,7088918658372023;0,7514728300438644;-0,04258096420666213;spy
2017-07-13;66169,18227582664;19866,497184166245;-0,2159918712090647;0,16802740516346226;-0,384019276372527;spy
2017-07-14;66582,02819972433;19959,156519875538;0,6239247784213919;0,46641003117118274;0,1575147472502092;strategy
2017-07-17;66496,66732905224;19956,71821421768;-0,12820407094843445;-0,012216476459969705;-0,11598759448846474;spy
2017-07-18;66453,75736437863;19967,28503222631;-0,06452949658556362;0,0529486757051334;-0,11747817229069701;spy
2017-07-19;66712,4251364068;20075,387797259973;0,3892447655139408;0,5413994183945725;-0,15215465288063168;spy
2017-07-20;66727,78580241659;20084,328664751076;0,023025195049308778;0,04453646216648899;-0,02151126711718021;spy
2017-07-21;66798,42259789264;20066,44692976886;0,10585814384012071;-0,08903327206351008;0,1948914159036308;strategy
2017-07-24;67324,54734429208;20061,570318453138;0,7876304947596724;-0,024302315864832558;0,811932810624505;strategy
2017-07-25;67178,15465059504;20110,337671847217;-0,21744326471055953;0,2430884154129398;-0,4605316801234993;spy
2017-07-26;67240,11625676235;20111,15002698755;0,09223475471986653;0,004039490303897608;0,08819526441596892;strategy
2017-07-27;66526,11135763783;20092,455936865;-1,061873385819312;-0,09295385941362477;-0,9689195264056871;spy
2017-07-28;66602,97486731097;20068,88523542672;0,11553885850914547;-0,11731120134017559;0,23285005984932106;strategy
2017-07-31;66263,71758335197;20057,506062277746;-0,5093725687702055;-0,05670057412499041;-0,4526719946452151;spy
2017-08-01;66401,74201021102;20102,2103997333;0,2082956282756454;0,22288083731221153;-0,014585209036566127;spy
2017-08-02;65875,68386637664;20111,963622364747;-0,7922354563431266;0,048518160130184285;-0,8407536164733109;spy
2017-08-03;66086,77516303955;20072,949491602107;0,32043886950925415;-0,1939846923711408;0,514423561880395;strategy
2017-08-04;65952,37079297671;20109,52531670688;-0,20337559175985787;0,18221450275692774;-0,3855900945167856;spy
2017-08-07;66433,79325961272;20146,913496951995;0,7299547549961316;0,18592273888260458;0,544032016113527;strategy
2017-08-08;66304,0383994443;20097,332548180722;-0,19531454370121937;-0,24609699534756668;0,050782451646347315;strategy
2017-08-09;66196,66873512734;20096,52019304039;-0,16193533140487215;-0,004042104286161585;-0,15789322711871057;spy
2017-08-10;64981,80551645268;19812,851979219584;-1,835233164882799;-1,4115290164465444;-0,4237041484362547;spy
2017-08-11;65187,69746883995;19842,112887350777;0,3168455396874714;0,14768650248779824;0,16915903719967318;strategy
2017-08-14;65969,05662623135;20038,810731918336;1,198629784039995;0,9913150161188433;0,20731476792115178;strategy
2017-08-15;65894,72115281035;20036,37242626048;-0,11268233505622449;-0,012167916002980839;-0,10051441905324365;spy
2017-08-16;66084,23281669657;20071,32354108458;0,2875976414662196;0,1744383368433189;0,11315930462290069;strategy
2017-08-17;65332,08024891777;19758,39441913259;-1,1381725045747415;-1,5590856343451698;0,4209131297704283;strategy
2017-08-18;65513,942346561766;19727,508800720727;0,2783656925527067;-0,15631643825246844;0,43468213080517515;strategy
2017-08-21;65228,14862996076;19742,950989808232;-0,43623342812921795;0,07827744112800517;-0,5145108692572231;spy
2017-08-22;66061,36469631344;19949,403297244095;1,277387268922059;1,0457013621846034;0,23168590673745548;strategy
2017-08-23;66119,38976588313;19877,87635731521;0,08783510579357667;-0,35854175116488696;0,44637685695846363;strategy
2017-08-24;66285,85189199835;19831,547309578997;0,25175992504564704;-0,23306839676142665;0,4848283218070737;strategy
2017-08-25;65672,1186882869;19877,87635731521;-0,9258886869424665;0,2336128745427546;-1,159501561485221;spy
2017-08-28;65745,28606236116;19878,689952692406;0,11141314691178739;0,004092969302016414;0,10732017760977097;strategy
2017-08-29;65512,279424801665;19901,448298990344;-0,3544081279659883;0,11448614748807984;-0,46889427545406814;spy
2017-08-30;65766,42842077743;19995,732344980315;0,38794100618571026;0,4737546965099648;-0,08581369032425457;spy
2017-08-31;65994,9212618718;20116,027878540135;0,3474308193117226;0,6016060401509593;-0,2541752208392367;spy
2017-09-01;65811,08700933313;20144,475191294132;-0,27855818148370126;0,14141615295901744;-0,4199743344427187;spy
2017-09-05;65588,93984073261;19999,7966011557;-0,3375528025680863;-0,7182048118134055;0,38065200924531917;strategy
2017-09-06;65642,52076670752;20068,071640049533;0,08169201408807503;0,3413786662704643;-0,2596866521823893;spy
2017-09-07;65825,79583822079;20065,633334391667;0,27920175729483354;-0,012150174175185047;0,2913519314700186;strategy
2017-09-08;65843,23131983468;20042,06263295339;0,026487308496414563;-0,11746801631162818;0,14395532480804274;strategy
2017-09-11;66306,33878556118;20255,82985736284;0,7033486304415248;1,0665929366869165;-0,3632443062453916;spy
2017-09-12;66289,48244112554;20324,104896256667;-0,025421920052248748;0,33706364722947413;-0,3624855672817229;spy
2017-09-13;66239,63963536065;20333,858118888114;-0,07518961369045174;0,0479884485995008;-0,12317806228995254;spy
2017-09-14;66521,37642733562;20327,355557054867;0,425329596486157;-0,03197898694496937;0,45730858343112635;strategy
2017-09-15;66772,15999392359;20254,203906845312;0,3769969595591727;-0,3598680113811814;0,7368649709403541;strategy
2017-09-18;66810,96997749142;20297,282293783337;0,058123001519438944;0,2126886207730161;-0,15456561925357715;spy
2017-09-19;66660,20963164684;20317,602334423416;-0,22565208362544942;0,10011212509126732;-0,32576420871671674;spy
2017-09-20;66701,39074876535;20324,917251397;0,061777659185402456;0,03600285532310288;0,025774803862299578;strategy
2017-09-21;66481,06735352636;20270,459691310007;-0,3303130455987735;-0,267934965802874;-0,06237807979589949;spy
2017-09-22;66641,66075981643;20274,523947485395;0,2415626172727947;0,020050143101246753;0,22151247417154796;strategy
2017-09-25;65798,15444563862;20233,07027082804;-1,2657342337519029;-0,20446189890686028;-1,0612723348450426;spy
2017-09-26;65693,68445604111;20245,263039354202;-0,15877343441876857;0,060261583452025924;-0,2190350178707945;spy
2017-09-27;66184,2778092901;20324,104896256667;0,7467892192548176;0,38943360108094627;0,3573556181738713;strategy
2017-09-28;66204,79799962572;20348,48919307213;0,031004629822728447;0,11997722379377684;-0,0889725939710484;spy
2017-09-29;66427,98164330208;20420,014892764157;0,3371109805026862;0,3515037357976203;-0,014392755294934112;spy
2017-10-02;66606,8343001109;20508,611212534925;0,2692429491072179;0,4338700056588207;-0,1646270565516028;spy
2017-10-03;66850,52586047242;20552,501954613286;0,3658656997020948;0,2140112834726482;0,15185441622944662;strategy
2017-10-04;66911,41263732866;20576,88625142875;0,09107897966773582;0,11864393381064708;-0,02756495414291127;spy
2017-10-05;67103,60275930443;20698,806495269237;0,2872307045996392;0,5925106566209593;-0,3052799520213201;spy
2017-10-06;67356,9520349369;20675,234553594106;0,3775494388001954;-0,11388068041757737;0,4914301192177728;strategy
2017-10-09;67334,01818307905;20641,09703414719;-0,034048232832673;-0,16511309392125417;0,13106486108858117;strategy
2017-10-10;67341,77284521851;20695,554594234185;0,011516707822734062;0,26383074502727144;-0,2523140372045374;spy
2017-10-11;67630,99333004841;20728,06740340043;0,4294815426000964;0,15710044888239683;0,2723810937176996;strategy
2017-10-12;67808,10464167397;20697,180544751714;0,26187891513174133;-0,1490098331291989;0,41088874826094024;strategy
2017-10-13;67962,24113617055;20722,37719670752;0,22731278998446847;0,12173953791108083;0,10557325207338764;strategy
2017-10-16;68014,66516491382;20750,012154321183;0,07713699234586091;0,13335804744474267;-0,056221055098881756;spy
2017-10-17;67840,26154971975;20764,643228505207;-0,25642060395533184;0,07051115958491838;-0,3269317635402502;spy
2017-10-18;67924,18483408878;20784,963269145286;0,12370719459493529;0,0978588479294773;0,02584834666545799;strategy
2017-10-19;67909,79605726547;20790,65223560135;-0,021183584106976294;0,027370587007524705;-0,048554171114501;spy
2017-10-20;68382,20654581519;20897,94140525781;0,6956440984616785;0,5160452324470377;0,1795988660146408;strategy
2017-10-23;68372,75945161472;20816,661242697486;-0,013815135073391716;-0,38893860875633957;0,37512347368294785;strategy
2017-10-24;68356,65041937513;20853,238308039112;-0,02356059981898362;0,17571052780838148;-0,1992711276273651;spy
2017-10-25;67919,48003614633;20750,012154321183;-0,6395433078518642;-0,4950125836241659;-0,1445307242276983;spy
2017-10-26;68265,49193458719;20776,834756794513;0,5094442687969769;0,1292654783710212;0,3801787904259557;strategy
2017-10-27;69318,20132957253;20946,709998888746;1,5420813139295442;0,817618487525773;0,7244628264037711;strategy
2017-10-30;69267,73769313328;20868,681737363473;-0,07279997961765483;-0,37250843463919603;0,2997084550215412;strategy
2017-10-31;69356,73631730035;20901,193306292862;0,12848495869945964;0,15579119629383076;-0,02730623759437112;spy
2017-11-01;69331,219914018;20928,828263906526;-0,03679008649659643;0,13221712850883804;-0,16900721500543447;spy
2017-11-02;69407,03381041907;20936,9567762573;0,10935029917993333;0,038838831530729756;0,07051146764920357;strategy
2017-11-03;69776,84729317196;21006,859005905513;0,5328184514598489;0,33387005759826227;0,19894839386158658;strategy
2017-11-06;69944,94647167671;21039,370574834902;0,2409096785334519;0,15476644518939153;0,08614323334406038;strategy
2017-11-07;69940,14244513916;21024,740740887733;-0,006868296824691367;-0,06953551150749027;0,0626672146827989;strategy
2017-11-08;70271,18944255788;21060,50173037846;0,47332902943169053;0,17009003788179822;0,3032389915498923;strategy
2017-11-09;69846,63794532658;20984,100659607568;-0,6041615356152996;-0,36276947125475356;-0,24139206436054605;spy
2017-11-10;69854,30269313257;20977,596857537465;0,010973681814130387;-0,030993951923907748;0,041967633738038135;strategy
2017-11-13;70035,1131248778;20997,10330280036;0,25883936246493544;0,09298703467019998;0,16585232779473547;strategy
2017-11-14;69962,29714557937;20948,33718964313;-0,10397067420822026;-0,23225162277847877;0,1282809485702585;strategy
2017-11-15;69660,61653694982;20843,485085407672;-0,43120455007618075;-0,5005270980996901;0,06932254802350934;strategy
2017-11-16;70235,71604996412;21020,67524447549;0,8255733893903328;0,850098524031706;-0,024525134641373292;spy
2017-11-17;70322,09164478742;20958,90152717805;0,1229795888488594;-0,2938712319133119;0,4168508207621713;strategy
2017-11-20;70698,93224073795;20994,664997142496;0,5358779682692605;0,17063618490724686;0,36524178336201363;strategy
2017-11-21;71234,32584456803;21132,02867030734;0,757286689998371;0,6542789474542232;0,1030077425441478;strategy
2017-11-22;71020,80510916338;21113,33582042164;-0,299744165292648;-0,0884574319737097;-0,21128673331893832;spy
2017-11-24;71165,67848327772;21162,101933578866;0,20398723147627695;0,23097303795100999;-0,02698580647473303;spy
2017-11-27;70460,79303109148;21151,537596043945;-0,9904851147479299;-0,049921021872401106;-0,9405640928755288;spy
2017-11-28;70683,09311131953;21366,11593535687;0,31549471793477224;1,014481043463511;-0,6989863255287387;spy
2017-11-29;69368,84565557091;21353,110811690374;-1,8593519297164796;-0,0608679823035807;-1,7984839474128989;spy
2017-11-30;69756,5704979084;21540,05667386335;0,5589322392109741;0,8754970824701891;-0,31656484325921497;spy
2017-12-01;69253,39510484398;21495,351096170943;-0,7213304631704998;-0,20754623986970477;-0,513784223300795;spy
2017-12-04;67737,16661736398;21469,343329311658;-2,189392282045599;-0,12099251946584566;-2,0683997625797534;spy
2017-12-05;67981,825218706;21392,126182689863;0,3611881239793391;-0,35966235872884056;0,7208504827081796;strategy
2017-12-06;68350,17213689935;21396,189198628395;0,5418314630540211;0,01899304400054813;0,522838419053473;strategy
2017-12-07;69022,57536469352;21463,653122618744;0,9837623034034237;0,31530812970503863;0,6684541736983851;strategy
2017-12-08;69103,7602913499;21580,69675514351;0,11762083090558484;0,5453108650988359;-0,427690034193251;spy
2017-12-11;69198,25696762292;21645,71989300228;0,13674606978637538;0,3013023100992829;-0,1645562403129075;spy
2017-12-12;69032,66330860824;21683,92166862459;-0,2393032227562486;0,17648651008672633;-0,41578973284297494;spy
2017-12-13;68855,60430311272;21681,483362966726;-0,2564858387456237;-0,011244763263418278;-0,24524107548220542;spy
2017-12-14;68694,3317891034;21592,888283432818;-0,2342184280300197;-0,40862093266752497;0,17440250463750528;strategy
2017-12-15;69165,63079715529;21661,976917703836;0,6860813633049245;0,31996013392996403;0,3661212293749605;strategy
2017-12-18;69633,56490643186;21799,34059086868;0,6765413744998616;0,6341234398259399;0,04241793467392174;strategy
2017-12-19;69361,39612088448;21715,622122650497;-0,39085861238483677;-0,3840412872545884;-0,006817325130248353;spy
2017-12-20;69229,75902077876;21704,24170926467;-0,18978438651423568;-0,05240657311842423;-0,13737781339581145;spy
2017-12-21;69024,7872408712;21748,944806483363;-0,2960746690538696;0,20596479627119635;-0,5020394653250659;spy
2017-12-22;69027,05576861218;21743,257080264164;0,0032865407220361575;-0,026151734117707548;0,029438274839743706;strategy
2017-12-26;68955,29529063386;21717,246832931167;-0,10395992872542781;-0,11962442994157829;0,015664501216150484;strategy
2017-12-27;69167,59217333575;21727,8136509398;0,30787611278741966;0,04865634253699014;0,2592197702504295;strategy
2017-12-28;69185,53728061133;21772,516748158494;0,025944386253318186;0,20574135040394292;-0,17979696415062474;spy
2017-12-29;68845,32974894025;21690,422990220977;-0,4917321524746221;-0,37705222086674706;-0,11467993160787504;spy
2018-01-02;69523,98378814697;21845,66839836805;0,9857662701037162;0,7157325065401565;0,2700337635635597;strategy
2018-01-03;69711,86496195746;21983,84566691008;0,27023936715564467;0,6325156366117746;-0,3622762694561299;spy
2018-01-04;69794,6901381279;22076,503762382526;0,1188107307352082;0,4214826508353475;-0,3026719201001393;spy
2018-01-05;70408,82112744915;22223,62313865253;0,8799107612711632;0,66640704458234;0,21350371668882318;strategy
2018-01-08;71116,0693172175;22264,26321993269;1,0044880434628034;0,18286883748257488;0,8216192059802285;strategy
2018-01-09;71110,42727383642;22314,656523844296;-0,007933570338236606;0,22634166427968339;-0,23427523461792;spy
2018-01-10;71057,26023408845;22280,51776416053;-0,07476686863832072;-0,15298805808320326;0,07822118944488254;strategy
2018-01-11;72132,87748932246;22443,078089281178;1,5137330818702166;0,7296074841767641;0,7841255976934525;strategy
2018-01-12;71966,22408647592;22589,38387017399;-0,23103667654351678;0,6518971252998051;-0,8829338018433219;spy
2018-01-16;71153,9927583928;22512,1667235522;-1,128628517604502;-0,34182936137423514;-0,7867991562302667;spy
2018-01-17;71668,37257205803;22726,745062865124;0,7229106810798802;0,9531660899100958;-0,23025540883021556;spy
2018-01-18;71700,49362732045;22688,545767716536;0,044819010268626336;-0,16808080102506118;0,2128998112936875;strategy
2018-01-19;72204,57947757063;22791,770681197613;0,703043765458955;0,4549648731914546;0,24807889226750035;strategy
2018-01-22;72578,980887633;22977,089352616207;0,5185286207209039;0,8130946647838755;-0,2945660440629716;spy
2018-01-23;72495,05888453507;23025,857946247143;-0,11562852229609621;0,21224878783605572;-0,32787731013215193;spy
2018-01-24;72290,3242686152;23016,915838519177;-0,2824118209848847;-0,03883506859480024;-0,24357675239008447;spy
2018-01-25;72374,24029419842;23026,669061150624;0,11608196038990215;0,04237415081964624;0,07370780957025591;strategy
2018-01-26;72774,4258043511;23293,267895129542;0,5529391514521587;1,157782887620118;-0,6048437361679593;spy
2018-01-29;72211,49031632274;23138,836082359667;-0,7735347710496221;-0,662989038142503;-0,11054573290711911;spy
2018-01-30;71888,82309622575;22901,499396748794;-0,4468363949885923;-1,0257071045669863;0,578870709578394;strategy
2018-01-31;71761,54695248987;22912,87732966091;-0,17704580246852286;0,049682043585908;-0,22672784605443086;spy
2018-02-01;71351,92167736741;22886,867082327914;-0,5708144438325014;-0,1135180316237605;-0,45729641220874084;spy
2018-02-02;70742,39404567702;22388,62176943104;-0,8542553828423838;-2,176992207385142;1,3227368245427584;strategy
2018-02-05;69132,33817326442;21452,27270923292;-2,275942020527355;-4,1822541371286714;1,9063121166013164;strategy
2018-02-06;69861,6953325287;21874,930546736097;1,0550158992689074;1,970224056126546;-0,9152081568576387;spy
2018-02-07;69814,57881877047;21756,26220393066;-0,06744255708934777;-0,5424855752200086;0,47504301813066085;strategy
2018-02-08;68195,71376143803;20940,208677292354;-2,318806594156797;-3,750890290754405;1,432083696597608;strategy
2018-02-09;68731,61423669699;21254,76250952502;0,785827210686052;1,5021523284711513;-0,7163251177850993;spy
2018-02-12;69207,90532473887;21566,878036099824;0,6929723582536962;1,4684498424055947;-0,7754774841518985;spy
2018-02-13;69623,90294150359;21620,52324104648;0,6010839582743843;0,24873885249809824;0,3523451057762861;strategy
2018-02-14;70403,42477539819;21912,318726981204;1,119618121020216;1,3496226834175395;-0,23000456239732348;spy
2018-02-15;71162,89513973534;22191,92268462662;1,0787406532565935;1,2760126444360864;-0,1972719911794929;spy
2018-02-16;71000,02697239758;22198,424006223013;-0,22886669663727544;0,02929589152225187;-0,2581625881595273;spy
2018-02-20;71374,87773961696;22059,435622777495;0,5279586265018121;-0,6261182478835225;1,1540768743853347;strategy
2018-02-21;71161,72150149202;21949,706907226315;-0,298643226966433;-0,4974230412217784;0,1987798142553454;strategy
2018-02-22;71488,47266402851;21978,15546021717;0,45916702918666896;0,12960789458873467;0,3295591345979343;strategy
2018-02-23;71799,75307753774;22328,472762414276;0,4354274219455556;1,5939340443342331;-1,1585066223886775;spy
2018-02-26;72511,8743050328;22587,75667941961;0,9918157054468413;1,1612254889272533;-0,16940978348041202;spy
2018-02-27;72173,40134693036;22305,714416116334;-0,46678280122590676;-1,248651060422712;0,7818682591968051;strategy
2018-02-28;71918,9477074572;22079,755663417578;-0,3525587470237457;-1,013008364060719;0,6604496170369734;strategy
2018-03-01;71201,33490850253;21758,70050958852;-0,9978077013497177;-1,454070229413773;0,4562625280640553;strategy
2018-03-02;71795,31242657232;21870,86505032385;0,834222446577848;0,5154928286544402;0,3187296179234078;strategy
2018-03-05;72672,12895586995;22123,64764573279;1,221272670405038;1,1557960548304935;0,06547661557454454;strategy
2018-03-06;73227,69581106617;22179,73115633731;0,7644840782545126;0,2535002884813009;0,5109837897732117;strategy
2018-03-07;73290,6570837317;22171,602643986538;0,08598013629703694;-0,036648380872961184;0,12262851716999812;strategy
2018-03-08;73288,87808895676;22278,89305387986;-0,002427314538755443;0,4839091319473132;-0,48633644648606866;spy
2018-03-09;74002,97847067301;22666,598536322075;0,9743639148759975;1,7402367411369024;-0,7658728262609049;spy
2018-03-12;74198,9106919581;22638,149983331215;0,264762615416525;-0,12550869926633013;0,39027131468285514;strategy
2018-03-13;73688,99979129514;22491,846682912117;-0,6872215453133657;-0,6462688007934592;-0,04095274451990649;spy
2018-03-14;73887,12744860363;22376,42776066802;0,2688700591263693;-0,5131589409765325;0,7820290001029018;strategy
2018-03-15;73710,34441248393;22352,044704089407;-0,23926094060521264;-0,10896760126060112;-0,13029333934461151;spy
2018-03-16;73735,82077071296;22287,021566230633;0,034562799064485894;-0,2909046519886327;0,3254674510531186;strategy
2018-03-19;73139,84326625048;21985,470377190755;-0,8082604875528809;-1,3530349407333442;0,5447744531804632;strategy
2018-03-20;73905,19764722337;22022,861037909577;1,0464260610824283;0,17006986922423195;0,8763561918581964;strategy
2018-03-21;74118,71618296494;21980,59376587503;0,28890868645095047;-0,19192452770686597;0,48083321415781644;strategy
2018-03-22;72859,54184779989;21431,14155368936;-1,6988615022104914;-2,499715057919405;0,8008535557089136;strategy
2018-03-23;71758,1860045305;20974,34495650241;-1,5116151094802022;-2,1314618077743597;0,6198466982941575;strategy
2018-03-26;73235,7154221037;21548,18270574041;2,05903953240949;2,735903077917601;-0,6768635455081107;spy
2018-03-27;71712,26004533662;21181,61085931547;-2,0802082262547095;-1,7011729083180938;-0,3790353179366157;spy
2018-03-28;70632,43295564165;21119,023546640845;-1,5057775183940691;-0,29547947552394094;-1,2102980428701282;spy
2018-03-29;71623,25023233372;21388,87428165481;1,4027794813670447;1,277761419309975;0,12501806205706956;strategy
2018-04-02;70337,6848102281;20927,20355362586;-1,7948995862872352;-2,158462020719465;0,3635624344322297;strategy
2018-04-03;70997,83345390181;21195,427097885444;0,9385419003409057;1,2816979754235458;-0,3431560750826401;spy
2018-04-04;71488,81967604379;21422,199445961385;0,6915509928352437;1,069911670232715;-0,37836067739747126;spy
2018-04-05;72078,74552886971;21591,263573152148;0,8252001578697321;0,7892006029410537;0,03599955492867846;strategy
2018-04-06;71208,85392878242;21110,083919386587;-1,2068628466055498;-2,228584965096203;1,0217221184906533;strategy
2018-04-09;71264,81039987339;21214,122428244857;0,0785807775349534;0,4928379690747109;-0,4142571915397575;spy
2018-04-10;72226,12118058979;21551,434606775463;1,3489277180734893;1,5900359756645166;-0,24110825759102728;spy
2018-04-11;72074,59932928422;21438,456470662943;-0,20978816088810248;-0,524225594137484;0,31443743324938156;strategy
2018-04-12;72637,77984540563;21614,833034353567;0,7813855662914371;0,8227111123041198;-0,04132554601268268;spy
2018-04-13;72235,35652197112;21551,434606775463;-0,5540137987297911;-0,2933098186663874;-0,2607039800634037;spy
2018-04-16;72609,6258901801;21728,624765843284;0,518124899259198;0,8221733833538636;-0,30404848409466556;spy
2018-04-17;73643,12044875669;21961,08732061214;1,4233575037829072;1,0698447659434063;0,3535127378395009;strategy
2018-04-18;73861,22177766656;21977,344345313693;0,29615981449568896;0,07402650180392545;0,2221333126917635;strategy
2018-04-19;73769,73790091148;21855,424101473203;-0,12385914361187078;-0,5547542138160444;0,4308950702041736;strategy
2018-04-20;73412,2337756877;21670,102949580898;-0,48462165570384297;-0,8479412297463185;0,3633195740424755;strategy
2018-04-23;73125,41619426747;21666,853529019558;-0,3906945296019759;-0,014994947503943479;-0,37569958209803245;spy
2018-04-24;72190,76735294278;21375,05804308484;-1,278144987020191;-1,3467367818031484;0,0685917947829573;strategy
2018-04-25;71996,06985976308;21427,889652654307;-0,26969860595582595;0,24716475371893143;-0,5168633596747574;spy
2018-04-26;72800,37288288356;21645,71989300228;1,117148511977284;1,0165734651381708;0,10057504683911311;strategy
2018-04-27;72924,81848405366;21666,039933642365;0,17094088428681875;0,09387555942019787;0,07706532486662088;strategy
2018-04-30;72491,03033633881;21499,416592583188;-0,5948429584500148;-0,769053050624402;0,1742100921743872;strategy
2018-05-01;72688,45077184205;21537,618368205487;0,27233774245898346;0,17768749890394453;0,09465024355503893;strategy
2018-05-02;72991,62426371762;21392,93977806706;0,4170861927256908;-0,6717483227022369;1,0888345154279278;strategy
2018-05-03;73076,39871723502;21345,79589471679;0,11614271414361887;-0,22037122452240876;0,33651393866602763;strategy
2018-05-04;73202,18656862517;21622,14795132715;0,17213197913170664;1,2946439569337498;-1,1225119778020431;spy
2018-05-07;73776,42686773094;21695,302082010414;0,7844578502685051;0,3383296185371476;0,4461282317313575;strategy
2018-05-08;73832,15980509426;21695,302082010414;0,07554301520082962;0,0;0,07554301520082962;strategy
2018-05-09;74937,71676811231;21905,00381000762;1,4973921471843177;0,9665766680939214;0,5308154790903963;strategy
2018-05-10;75548,13612175485;22109,828926689104;0,8145689246596977;0,9350608585053433;-0,1204919338456456;spy
2018-05-11;75669,8136926606;22177,292850679452;0,1610596596448577;0,3051309180819084;-0,1440712584370507;spy
2018-05-14;75512,62507816985;22187,859668688085;-0,20772961742602236;0,047647014808260835;-0,2553766322342832;spy
2018-05-15;75193,02117179852;22035,052566198883;-0,42324565731951536;-0,6886969034910817;0,26545124617156635;strategy
2018-05-16;75549,20694662651;22127,71066167132;0,4736952569230901;0,42050317417701155;0,05319208274607856;strategy
2018-05-17;76453,54318802842;22109,017811785627;1,1970161937514323;-0,08447710733163749;1,2814933010830698;strategy
2018-05-18;76473,84382058271;22053,74541608458;0,026552899588150325;-0,24999932684292014;0,27655222643107047;strategy
2018-05-21;77503,95153623301;22219,557642240285;1,3470065896871386;0,7518551748347146;0,595151414852424;strategy
2018-05-22;77139,60256521076;22157,783924942847;-0,47010373510041337;-0,27801506354024896;-0,1920886715601644;spy
2018-05-23;77280,28943949749;22218,744046863096;0,18237956848143888;0,2751183156526116;-0,0927387471711727;spy
2018-05-24;77817,13075819986;22173,22735426721;0,6946678416915875;-0,20485718049537693;0,8995250221869644;strategy
2018-05-25;77538,89610199595;22120,39574469774;-0,35754936412196736;-0,23826756802410864;-0,11928179609785872;spy
2018-05-29;77716,99258468629;21865,988439008128;0,2296866368281414;-1,1501028671722313;1,3797895040003727;strategy
2018-05-30;78184,98356688072;22157,783924942847;0,6021733042287591;1,334471966582429;-0,7322986623536698;spy
2018-05-31;78176,01081742925;22022,04744253239;-0,011476307907376526;-0,6125905138810395;0,6011142059736629;strategy
2018-06-01;79258,22240908095;22238,252972599697;1,3843269569984384;0,9817685237101914;0,40255843328824703;strategy
2018-06-04;79551,53947061504;22343,916191738634;0,370077769370325;0,47514172659663956;-0,10506395722631456;spy
2018-06-05;79848,65632242488;22360,173216440184;0,37348975744158075;0,07275817077920799;0,30073158666237276;strategy
2018-06-06;79889,64328294227;22547,116598139448;0,05133080806254409;0,8360551588295184;-0,7847243507669743;spy
2018-06-07;79108,58608165567;22544,678292481585;-0,9776701574700453;-0,010814268189240916;-0,9668558892808043;spy
2018-06-08;79683,85598414094;22611,328621094744;0,7271902216675841;0,29563663649787575;0,4315535851697083;strategy
2018-06-11;79853,95435919604;22641,401884366267;0,21346654595750802;0,13300086773082587;0,08046567822668216;strategy
2018-06-12;80388,6028258283;22670,664032734312;0,6695328627400521;0,12924176920445785;0,5402910935355942;strategy
2018-06-13;80569,14597454299;22598,323497428242;0,22458799179014832;-0,3190931469921554;0,5436811387823037;strategy
2018-06-14;80670,04963446889;22655,220603409954;0,12523858693720413;0,2517757832265266;-0,12653719628932247;spy
2018-06-15;80568,98353419403;22525,171847218695;-0,12528329997663068;-0,5740343846913798;0,4487510847147491;strategy
2018-06-18;81098,67559155457;22478,84155924561;0,6574391709133653;-0,20568228419000079;0,8631214551033661;strategy
2018-06-19;80961,09549607465;22392,684785369573;-0,16964530490340968;-0,38327942144599225;0,21363411654258257;strategy
2018-06-20;81510,59533457155;22430,886560991872;0,6787208536766176;0,17059935415719707;0,5081214995194205;strategy
2018-06-21;80941,78738124597;22290,270986791977;-0,697833147937188;-0,6268837115178116;-0,07094943641937634;spy
2018-06-22;80682,6766634855;22330,911068072135;-0,32011983691443424;0,18232206016803865;-0,5024418970824729;spy
2018-06-25;79198,17364621343;22026,92405384811;-1,839927824238774;-1,361283528904711;-0,47864429533406305;spy
2018-06-26;79795,17450074643;22075,692647479045;0,7538063405349016;0,22140446624192567;0,5324018742929759;strategy
2018-06-27;79040,07917698615;21892,812281718314;-0,9462919637492795;-0,8284241345497101;-0,1178678291995694;spy
2018-06-28;79708,6802582149;22017,984426593852;0,845901330300558;0,5717499573139051;0,27415137298665293;strategy
2018-06-29;79631,66490615362;22049,68240014605;-0,0966210352646546;0,1439640111376983;-0,2405850464023529;spy
2018-07-02;80028,0814175397;22096,823803022606;0,497812662655317;0,21379628976534448;0,2840163728899725;strategy
2018-07-03;79525,58235195171;22018,795541497333;-0,6279034267562045;-0,35311980681403954;-0,27478361994216494;spy
2018-07-05;80235,53566302921;22198,424006223013;0,8927357588347951;0,8157960520008833;0,07693970683391171;strategy
2018-07-06;81062,97153114507;22386,183463773177;1,031258607895258;0,8458233679000227;0,18543523999523526;strategy
2018-07-09;81195,45294048138;22587,75667941961;0,16343024050804456;0,9004358245014554;-0,7370055839934109;spy
2018-07-10;81124,21628122896;22669,036841979934;-0,08773478892302178;0,3598416775685509;-0,4475764664915727;spy
2018-07-11;81328,59462730352;22503,22461582423;0,2519325984808862;-0,7314480421534375;0,9833806406343237;strategy
2018-07-12;82194,34050616084;22707,238617602234;1,0645036752751968;0,9065989664189811;0,15790470885621577;strategy
2018-07-13;81861,25302543573;22725,120352584454;-0,4052438144450332;0,07874905127547294;-0,48399286572050615;spy
2018-07-16;81948,43246610643;22704,800311944375;0,10649658715047305;-0,08941664697396101;0,19591323412443407;strategy
2018-07-17;82382,27810040597;22796,647292513335;0,5294129750181176;0,4045267049569423;0,12488627006117525;strategy
2018-07-18;82803,80932413157;22844,602290767074;0,5116770662882741;0,2103598728287137;0,30131719345956043;strategy
2018-07-19;82667,2787383302;22758,445516891035;-0,16488442611005683;-0,37714280502427755;0,21225837891422072;strategy
2018-07-20;82755,93144882984;22732,43526955804;0,10724038803824332;-0,11428833007813832;0,22152871811638164;strategy
2018-07-23;82825,6509045281;22774,702541592582;0,08424707991034897;0,18593376175206622;-0,10168668184171725;spy
2018-07-24;82100,40515997358;22889,305387985776;-0,8756293933512183;0,5032023851196277;-1,378831778470846;spy
2018-07-25;83070,45228002587;23084,379762509525;1,1815375553410945;0,852251176770702;0,32928637857039256;strategy
2018-07-26;82637,95053361745;23029,920962185675;-0,5206445066056498;-0,23591190616389923;-0,2847326004417505;spy
2018-07-27;81297,66420150253;22873,864439135126;-1,6218775071989322;-0,6776250917525428;-0,9442524154463894;spy
2018-07-30;79705,80818711521;22754,382500952503;-1,9580587339407152;-0,5223513433882276;-1,4357073905524875;spy
2018-07-31;79957,20053531115;22866,547041687834;0,31540028752456983;0,49293599037740776;-0,17753570285283793;spy
2018-08-01;80472,05897413401;22828,34526606553;0,6439175401038222;-0,16706403267908732;0,8109815727829095;strategy
2018-08-02;82642,29592265628;22952,70629603759;2,696882590291172;0,5447658536903432;2,1521167366008287;strategy
2018-08-03;82433,7377024456;23051,054598202943;-0,2523625679589969;0,4284823797982007;-0,6808449477571976;spy
2018-08-06;83019,93104605316;23135,586661798323;0,7111085338911804;0,3667166863678739;0,34439184752330654;strategy
2018-08-07;83215,63817064243;23211,987732569214;0,23573510857375357;0,33023182808260554;-0,09449671950885197;spy
2018-08-08;82914,21555540289;23202,23450993777;-0,36221871497451597;-0,0420180414698379;-0,32020067350467807;spy
2018-08-09;83204,12497740713;23170,53653638557;0,34964983997289867;-0,1366160381605641;0,4862658781334628;strategy
2018-08-10;84757,21737185716;23015,291128238507;1,866605044968317;-0,670012141942744;2,536617186911061;strategy
2018-08-13;84686,30221014675;22929,134354362457;-0,08366858175543612;-0,37434579209097985;0,2906772103355437;strategy
2018-08-14;85527,70094291194;23075,43765478156;0,9935476113684505;0,6380672648083063;0,35548034656014416;strategy
2018-08-15;84422,8956500197;22903,124107029464;-1,2917514217173687;-0,7467401066449053;-0,5450113150724634;spy
2018-08-16;84838,19674210154;23088,44277844805;0,4919294569135646;0,8091414540329467;-0,3172119971193821;spy
2018-08-17;85163,14890013638;23169,72294100838;0,38302577201476673;0,3520383047929121;0,030987467221854637;strategy
2018-08-20;85869,32501676696;23219,30513001651;0,829203858418448;0,21399560596546685;0,6152082524529812;strategy
2018-08-21;86299,49870154841;23273,76144986665;0,5009631608230869;0,23453035973821645;0,26643280108487044;strategy
2018-08-22;86665,73835241518;23259,945211296672;0,42438213011335435;-0,0593640121290262;0,48374614224238055;strategy
2018-08-23;87348,48212477773;23229,058352647957;0,7877897140693202;-0,1327899028485846;0,9205796169179048;strategy
2018-08-24;88285,0861927434;23368,860331470663;1,0722614121991603;0,6018409214025189;0,4704204907966414;strategy
2018-08-27;89085,08625583637;23553,365407512065;0,9061553854593507;0,7895339071924301;0,1166214782669206;strategy
2018-08-28;89246,85327003719;23564,745820897893;0,18158708825430914;0,048317568164590874;0,13326952008971826;strategy
2018-08-29;89860,0476111228;23691,5426760541;0,6870767076013973;0,5380786031808693;0,14899810442052797;strategy
2018-08-30;89869,77447181608;23595,630199072897;0,010824455307845149;-0,4048384619467882;0,41566291725463334;strategy
2018-08-31;90830,03572940064;23596,443794450086;1,0685030236564197;0,003448076488421492;1,0650549471679982;strategy
2018-09-04;92136,02676039957;23555,80371316992;1,4378404902203545;-0,1722296869570039;1,6100701771773585;strategy
2018-09-05;90893,88730302485;23492,405285591823;-1,3481582623536825;-0,26914143261709267;-1,0790168297365899;spy
2018-09-06;90640,01728314729;23421,69194104013;-0,2793037325284575;-0,30100512779362987;0,02170139526517234;strategy
2018-09-07;90800,35418810448;23376,175248444248;0,17689416856168094;-0,19433563002392296;0,3712297985856039;strategy
2018-09-10;91727,77190501345;23416,815329724406;1,0213811666281547;0,17385256932851423;0,8475285972996405;strategy
2018-09-11;92439,82139598962;23494,02999587249;0,7762638034133573;0,3297402531507787;0,4465235502625786;strategy
2018-09-12;92260,57269948767;23499,720202565408;-0,19390852751012266;0,024219798365443523;-0,2181283258755662;spy
2018-09-13;92105,64752423248;23638,708586010922;-0,1679213240522781;0,5914469714849657;-0,7593682955372438;spy
2018-09-14;92521,97773230055;23642,774082423162;0,45201376816610406;0,017198470878598826;0,43481529728750523;strategy
2018-09-17;91353,88307096146;23517,601937547624;-1,2625050717342212;-0,5294308715177221;-0,7330742002164992;spy
2018-09-18;91733,13346408472;23645,212388081025;0,4151442504405356;0,5426167637001322;-0,12747251325959663;spy
2018-09-19;90999,2825025013;23670,40904003683;-0,7999846226453555;0,10656132642101745;-0,906545949066373;spy
2018-09-20;91153,78272187308;23862,22903305182;0,16978179950764005;0,8103788687831237;-0,6405970692754837;spy
2018-09-21;91078,88352207531;23732,99387223775;-0,08216795569121471;-0,5415888039422723;0,45942084825105756;strategy
2018-09-24;91499,20993199403;23654,152015335283;0,4614971041194682;-0,33220358681629314;0,7937006909357613;strategy
2018-09-25;92762,49985931598;23632,20726441453;1,3806566507633011;-0,09277335711094237;1,4734300078742435;strategy
2018-09-26;92873,50337603645;23561,49391986284;0,11966421440647856;-0,29922445990970825;0,4188886743161868;strategy
2018-09-27;93390,26392812192;23627,330653098805;0,556413329206662;0,27942512244718554;0,27698820675947644;strategy
2018-09-28;93272,1318559707;23629,768958756667;-0,12649292033496407;0,010319852435558552;-0,13681277277052262;spy
2018-10-01;92512,9515139072;23711,862716694184;-0,8139412351331421;0,34741667631539297;-1,161357911448535;spy
2018-10-02;91121,72212212824;23698,04399765049;-1,5038212153136499;-0,05827766130733769;-1,4455435540063122;spy
2018-10-03;91185,42711966457;23711,049121316995;0,0699119771364165;0,05487846873688529;0,015033508399531215;strategy
2018-10-04;89947,32211385027;23525,730449898398;-1,3577882397693974;-0,7815709480859301;-0,5762172916834674;spy
2018-10-05;89597,08932855961;23394,056983426464;-0,38937544449333394;-0,5596998008302045;0,1703243563368706;strategy
2018-10-08;88566,52708539106;23394,056983426464;-1,150218440009132;0,0;-1,150218440009132;spy
2018-10-09;88219,0951261773;23359,9182237427;-0,3922835981575612;-0,14592919777851598;-0,2463544003790452;spy
2018-10-10;85399,63070692794;22620,268248348995;-3,195979753835332;-3,1663209104984658;-0,02965884333686608;spy
2018-10-11;84645,84801493923;22122,02293545212;-0,8826533390706603;-2,2026498864938904;1,31999654742323;strategy
2018-10-12;86232,13865344069;22429,2618507112;1,8740324253370355;1,3888373416641953;0,48519508367284025;strategy
2018-10-15;85576,59375561454;22303,27611045847;-0,7602094857704134;-0,5617025700234146;-0,19850691574699875;spy
2018-10-16;87366,94209383827;22790,957085820424;2,0921004910951613;2,1865889699193897;-0,0944884788242284;spy
2018-10-17;87032,5181435263;22795,02258223266;-0,38278088061360904;0,017838199584718772;-0,4006190801983278;spy
2018-10-18;86146,0902128664;22465,83643557912;-1,018501991632681;-1,4441141502097965;0,42561215857711554;strategy
2018-10-19;84921,53963623944;22453,644907289814;-1,4214813157522377;-0,05426696808847886;-1,3672143476637588;spy
2018-10-22;85433,64132724653;22352,8582994666;0,6030292116707692;-0,4488652432126594;1,0518944548834286;strategy
2018-10-23;85123,70796857247;22239,064087503175;-0,3627767163603357;-0,5090812568079528;0,1463045404476171;strategy
2018-10-24;82871,35267616913;21565,25332581915;-2,6459788302865106;-3,029852151299206;0,38387332101269545;strategy
2018-10-25;82904,6414231931;21952,145212884177;0,04016918506692946;1,7940521320091163;-1,7538829469421868;spy
2018-10-26;81529,9587931319;21566,06444072263;-1,658149177733037;-1,758738239099067;0,10058906136602985;strategy
2018-10-29;80578,91558938881;21446,582502540004;-1,1664953813557033;-0,5540275487492696;-0,6124678326064337;spy
2018-10-30;81329,67011906947;21764,38823580772;0,9317009594747239;1,481847903879685;-0,5501469444049611;spy
2018-10-31;82346,54413140817;21996,850790576584;1,2503112466212496;1,0680867858551046;0,18222446076614496;strategy
2018-11-01;83350,208336683;22230,938055626113;1,2188297831578598;1,0641853567048498;0,15464442645301002;strategy
2018-11-02;82993,17703595408;22099,26458915418;-0,42835081981648093;-0,5922982923278419;0,163947472511361;strategy
2018-11-05;83170,5593722256;22221,184832994666;0,21373122780283804;0,5516936699347053;-0,3379624421318672;spy
2018-11-06;83232,583497768;22361,797926720854;0,07457461631923401;0,6327884619248714;-0,5582138456056374;spy
2018-11-07;84345,01411800875;22840,539274828552;1,3365326095766017;2,140889340278118;-0,8043567307015165;spy
2018-11-08;83991,6980919546;22799,085598171197;-0,4188937896907774;-0,18149167214733808;-0,23740211754343932;spy
2018-11-09;83615,11784300437;22576,378746507497;-0,4483541320214224;-0,9768236129679031;0,5284694809464807;strategy
2018-11-12;82046,42567452972;22154,53450438151;-1,8760867758627398;-1,8685203985215892;-0,00756637734115051;spy
2018-11-13;82281,69642276515;22113,08082772415;0,28675319649966724;-0,18711147665577688;0,4738646731554441;strategy
2018-11-14;81901,68657004954;21961,900915989336;-0,46184008015963673;-0,6836673411208749;0,22182726096123817;strategy
2018-11-15;82395,81944982416;22191,10908924943;0,6033244252571013;1,043662723627059;-0,44033829836995775;spy
2018-11-16;82072,89126922593;22248,819790608333;-0,3919230159424303;0,26006226695025614;-0,6519852828926864;spy
2018-11-19;79723,734381506;21872,492241078235;-2,8622811398393733;-1,6914494929252566;-1,1708316469141167;spy
2018-11-20;78766,58962748195;21467,716138557276;-1,2005769190938431;-1,850617195605897;0,6500402765120539;strategy
2018-11-21;79280,45515895667;21540,867788766827;0,6523902252274505;0,3407518980473423;0,3116383271801082;strategy
2018-11-23;79467,6278311152;21397,002794005588;0,23608930067726686;-0,6678700049227437;0,9039593056000106;strategy
2018-11-26;80380,29994671054;21742,443484886968;1,1484828986401352;1,614434947768273;-0,4659520491281377;spy
2018-11-27;80559,26769806951;21815,595135096522;0,22265126091545184;0,33644631644278444;-0,1137950555273326;spy
2018-11-28;82075,9598640576;22317,90594440564;1,882703516710893;2,302530855557583;-0,41982733884669;spy
2018-11-29;82341,17678279133;22269,139831248413;0,32313593307102817;-0,21850667028844306;0,5416426033594712;strategy
2018-11-30;82329,2570164824;22404,87631365888;-0,014476069901658839;0,6095272805283658;-0,6240033504300246;spy
2018-12-03;82956,00366721887;22701,548410909323;0,7612684402228842;1,3241407499740676;-0,5628723097511834;spy
2018-12-04;80973,46539394045;21965,963931927865;-2,3898671411793693;-3,240239236844167;0,8503720956647975;strategy
2018-12-06;81231,8599743572;21932,638767621287;0,3191101914184369;-0,15171273343547176;0,47082292485390864;strategy
2018-12-07;79342,47684626328;21423,013041338585;-2,3259139070437973;-2,3235951299897972;-0,0023187770540000763;spy
2018-12-10;79556,76176435646;21463,653122618744;0,2700759121855745;0,18970291994753197;0,0803729922380425;strategy
2018-12-11;79526,07248722439;21468,52973393447;-0,038575322136624735;0,02272032299379667;-0,061295645130421406;spy
2018-12-12;79886,04095879328;21576,631258731268;0,4526420836722611;0,5035348304543108;-0,05089274678204969;spy
2018-12-13;79516,37243570705;21569,316341757683;-0,46274482831977215;-0,03390203450144291;-0,42884279381832924;spy
2018-12-14;78875,27505647461;21171,044041306835;-0,8062457574391946;-1,846476235687644;1,0402304782484495;strategy
2018-12-17;77373,3771058227;20755,7023610141;-1,9041429010251298;-1,9618384406662304;0,057695539641100524;strategy
2018-12-18;77836,11676042956;20732,94401471615;0,5980605628393088;-0,1096486445127276;0,7077092073520364;strategy
2018-12-19;77191,69769512094;20422,453198422023;-0,8279177997690623;-1,4975722505870093;0,669654450817947;strategy
2018-12-20;76469,15123934642;20090,017631207138;-0,9360416694400353;-1,627794486710199;0,6917528172701637;strategy
2018-12-21;75403,02891233895;19564,134880222886;-1,394186164915756;-2,6176321028577143;1,2234459379419582;strategy
2018-12-24;73998,98951698575;19047,192996729744;-1,8620464132621195;-2,6422935982500895;0,78024718498797;strategy
2018-12-26;76142,54921885597;20009,54982378715;2,8967418553440982;5,052486354407382;-2,1557444990632835;spy
2018-12-27;76269,62850025258;20163,17052165354;0,1668965416844026;0,7677369017256241;-0,6008403600412215;spy
2018-12-28;76215,33713741844;20137,160274320548;-0,07118346306612677;-0,1289987966181294;0,057815333552002635;strategy
2018-12-31;76854,43366366012;20313,53807824803;0,8385405749624653;0,8758822074451444;-0,03734163248267919;spy
2019-01-02;76226,28511139992;20334,670474028448;-0,8173224657528344;0,10403109344623296;-0,9213535591990674;spy
2019-01-03;75308,44758066567;19849,429044561213;-1,2040958435700855;-2,3862763357143546;1,1821804921442691;strategy
2019-01-04;76473,1120338961;20514,300178990987;1,5465256430666985;3,3495730931966117;-1,8030474501299132;spy
2019-01-07;77363,13114053395;20676,0481489713;1,1638327288725492;0,7884644787734985;0,3753682500990507;strategy
2019-01-08;77716,62484388244;20870,306447644147;0,4569278649106723;0,9395330155608672;-0,48260515065019494;spy
2019-01-09;77984,26898864095;20967,84363490602;0,34438467354462876;0,4673490899932853;-0,12296441644865652;spy
2019-01-10;78335,26573669055;21041,80888049276;0,45008660413388135;0,3527556141424526;0,09733098999142875;strategy
2019-01-11;78283,01692521278;21049,937392843538;-0,06669896500177686;0,038630292656605114;-0,10532925765838197;spy
2019-01-14;78095,21460119115;20921,51334693294;-0,2399017454846497;-0,6100922939288989;0,37019054844424915;strategy
2019-01-15;78921,85402781313;21161,29081867539;1,0585020232588782;1,1460809156886187;-0,08757889242974048;spy
2019-01-16;78884,6081552738;21212,497717964186;-0,04719335727489948;0,24198381718569806;-0,28917717446059754;spy
2019-01-17;79237,67247990331;21373,430852330453;0,44757061343898563;0,7586713102152975;-0,3111006967763119;spy
2019-01-18;79586,86719048445;21657,911421291592;0,44069279126000005;1,3310009559374114;-0,8903081646774114;spy
2019-01-22;79130,55648480516;21365,30233997968;-0,5733492494272352;-1,3510493953920788;0,7777001459648436;strategy
2019-01-23;79240,15943616102;21410,007917672086;0,13850901121479353;0,20924383367488808;-0,07073482246009455;spy
2019-01-24;79152,98765514465;21421,3858505842;-0,11000959820960388;0,053143057937510285;-0,16315265614711416;spy
2019-01-25;78894,9524534466;21602,64150606426;-0,3259955301021078;0,846143460298654;-1,1721389904007617;spy
2019-01-28;78332,3711067595;21438,456470662943;-0,713076475987573;-0,7600229599478814;0,04694648396030843;strategy
2019-01-29;77758,40330518996;21410,007917672086;-0,7327338537822081;-0,13269869978645987;-0,6000351539957482;spy
2019-01-30;78980,70893101921;21748,944806483363;1,5719273723148408;1,5830768961627273;-0,011149523847886478;spy
2019-01-31;79357,22652278634;21939,95368459487;0,4767209573871778;0,8782443461559097;-0,40152338876873195;spy
2019-02-01;79604,63738088385;21950,5205026035;0,31176852939345245;0,04816244446335105;0,2636060849301014;strategy
2019-02-04;79881,42503959301;22104,95231537338;0,3477029326631076;0,7035451061470743;-0,35584217348396674;spy
2019-02-05;80107,19816290279;22197,61289131953;0,28263532253947066;0,4191846904899599;-0,13654936795048922;spy
2019-02-06;79756,3307307187;22168,350742951487;-0,43799738379386444;-0,13182565400754465;-0,3061717297863198;spy
2019-02-07;79449,13342473662;21957,02430467361;-0,3851698080485688;-0,9532799292480854;0,5681101211995165;strategy
2019-02-08;79920,32771523338;21983,84566691008;0,5930766896823814;0,12215390329901599;0,4709227863833654;strategy
2019-02-11;80243,72835839144;21996,03719519939;0,40465380010750174;0,05545675890392676;0,349197041203575;strategy
2019-02-12;80882,1334453779;22278,89305387986;0,795582533422623;1,2859400817079925;-0,4903575482853695;spy
2019-02-13;80767,94614306006;22351,231108712218;-0,14117741144272777;0,32469321818375807;-0,46587062962648584;spy
2019-02-14;80949,98364076953;22301,6514001778;0,22538334376738245;-0,22182092920640661;0,44720427297378906;strategy
2019-02-15;81272,05446908952;22544,678292481585;0,397863981973412;1,089725993573043;-0,691862011599631;spy
2019-02-19;81300,99678185539;22583,693663481074;0,03561164160907904;0,1730580072748289;-0,13744636566574986;spy
2019-02-20;80956,16883147741;22629,210356076965;-0,42413742023755807;0,20154671451948492;-0,625684134757043;spy
2019-02-21;80938,55652948841;22548,743788893826;-0,02175535508066595;-0,355587163303428;0,33383180822276204;strategy
2019-02-22;82180,67765405262;22688,545767716536;1,534646993749722;0,6199989681534568;0,9146480255962652;strategy
2019-02-25;82224,33552468066;22719,43014589154;0,053124252408598416;0,1361232160544512;-0,0829989636458528;spy
2019-02-26;82315,3061017629;22703,175601663705;0,11063704741636204;-0,07154468278234294;0,18218173019870498;strategy
2019-02-27;82037,06666542956;22693,42237903226;-0,3380166453968547;-0,04295972864134523;-0,2950569167555095;spy
2019-02-28;82074,25316070745;22651,155106997714;0,04532889435155951;-0,1862534056282339;0,2315822999797934;strategy
2019-03-01;82660,74602896196;22792,584276574802;0,714588126810134;0,624379502541994;0,09020862426813991;strategy
2019-03-04;81762,25955639663;22709,676923260096;-1,0869566459641322;-0,36374705171065;-0,7232095942534822;spy
2019-03-05;82030,97092800056;22678,79006461138;0,3286496398972272;-0,13600747713446992;0,4646571170316971;strategy
2019-03-06;81466,37977637406;22541,42639144653;-0,6882658406201836;-0,6056922471326942;-0,08257359348748938;spy
2019-03-07;81381,39203581281;22352,8582994666;-0,10432247117712068;-0,8365401936209493;0,7322177224438287;strategy
2019-03-08;81463,9892562649;22308,152721774193;0,10149398822736355;-0,19999937857375638;0,30149336680111993;strategy
2019-03-11;82276,94720396819;22631,648661734824;0,9979353517121758;1,4501242841361561;-0,4521889324239803;spy
2019-03-12;82455,40030606368;22716,99184023368;0,21689319810700436;0,377096603850835;-0,16020340574383063;spy
2019-03-13;82678,74899149625;22867,360637065027;0,2708721134134784;0,6619221325115276;-0,39105001909804926;spy
2019-03-14;82858,89005341285;22852,730803117858;0,21788073007142916;-0,06397692405066824;0,2818576541220974;strategy
2019-03-15;83120,91592083962;22864,92233140716;0,31623144753429866;0,053348233934635836;0,2628832135996628;strategy
2019-03-18;83054,70418210083;22947,82720424816;-0,07965713323208057;0,36258541200955285;-0,4422425452416334;spy
2019-03-19;83544,9933517809;22953,517410941073;0,590320770519015;0,02479627653750871;0,5655244939815063;strategy
2019-03-20;83572,35551257449;22884,42877667005;0,03275140699141588;-0,30099366922339277;0,33374507621480864;strategy
2019-03-21;84509,53331514039;23142,901578771907;1,12139689831392;1,129470194009663;-0,008073295695742999;spy
2019-03-22;82924,856536625;22697,48539497079;-1,8751455798555305;-1,92463413580638;0,049488555950849555;strategy
2019-03-25;82803,37900599508;22680,41725536576;-0,14649109531622573;-0,07519837245413274;-0,07129272286209298;spy
2019-03-26;82779,46986899173;22849,478902082803;-0,028874590977290282;0,7454080090922854;-0,7742826000695757;spy
2019-03-27;81949,05213670497;22729,996963900176;-1,0031687006464285;-0,5229088098448353;-0,48025989080159315;spy
2019-03-28;82266,36965565704;22816,153737776225;0,38721316559309216;0,3790443703661106;0,008168795226981551;strategy
2019-03-29;82932,86213754705;22960,021213011176;0,8101639645456071;0,6305509547682941;0,17961300977731298;strategy
2019-04-01;83229,68554856755;23232,307773209297;0,3579080757253994;1,1859159783520479;-0,8280079026266485;spy
2019-04-02;83587,84580628239;23243,688186595125;0,43032753921177225;0,04898529021275522;0,38134224899901703;strategy
2019-04-03;83897,33874745003;23280,265251936755;0,37026069781114224;0,15736343151739884;0,2128972662937434;strategy
2019-04-04;83374,7782214605;23342,036488760477;-0,6228570939092126;0,2653373411137805;-0,8881944350229931;spy
2019-04-05;83631,94767900955;23455,017105346713;0,30844994497731815;0,4840221059573713;-0,17557216098005313;spy
2019-04-08;83569,6819460972;23472,89884032893;-0,07445208994931729;0,07623842226123223;-0,15069051221054952;spy
2019-04-09;83327,41349485258;23352,60330676911;-0,289899932131954;-0,5124869083197314;0,22258697618777745;strategy
2019-04-10;83909,87345453558;23432,25875904877;0,6990016073389782;0,3410988112686031;0,3579027960703751;strategy
2019-04-11;83994,5948536381;23425,754956978664;0,1009671396399181;-0,02775576241703659;0,1287229020569547;strategy
2019-04-12;84045,77670820884;23584,252266160784;0,06093470021484304;0,6765942419922011;-0,615659541777358;spy
2019-04-15;83951,72953245905;23568,808836836426;-0,11189994242816192;-0,06548195444175953;-0,0464179879864024;spy
2019-04-16;83571,1671790253;23584,252266160784;-0,4533109151570347;0,0655248614016557;-0,5188357765586904;spy
2019-04-17;82926,4576165171;23526,544045275594;-0,7714497526726039;-0,24468963541400823;-0,5267601172585956;spy
2019-04-18;82998,00663871533;23572,871852774955;0,08628008991906633;0,1969171817594928;-0,11063709184042647;spy
2019-04-22;83559,4026973546;23593,191893415034;0,6763970381638007;0,08620095492390956;0,5901960832398911;strategy
2019-04-23;83686,49848289549;23805,334407543818;0,15210231456683765;0,8991683494423475;-0,7470660348755098;spy
2019-04-24;83703,88330333799;23752,502797974343;0,02077374577460489;-0,2219318101775225;0,2427055559521274;strategy
2019-04-25;83713,82909681957;23737,87048355347;0,011882117160011418;-0,061603253119579815;0,07348537027959123;strategy
2019-04-26;84059,43507092289;23848,41279448184;0,4128421526431669;0,46567913918376114;-0,05283698654059421;spy
2019-04-29;84126,48247806722;23885,80097472695;0,07976190547529516;0,15677429172042956;-0,0770123862451344;spy
2019-04-30;84069,76679303424;23897,992503016256;-0,06741715968899831;0,05104090209160361;-0,11845806178060192;spy
2019-05-01;83357,87794870767;23718,364038290572;-0,8467834174907707;-0,7516466694974966;-0,0951367479932741;spy
2019-05-02;83643,16523536423;23667,157139001778;0,34224394103710143;-0,21589557865848708;0,5581395196955885;strategy
2019-05-03;84138,56367006959;23898,806098393445;0,592276049467233;0,9787781355874214;-0,38650208612018844;spy
2019-05-06;83983,07588394836;23800,457796228093;-0,18479966776107082;-0,4115197293138584;0,22672006155278757;strategy
2019-05-07;83091,99849840015;23402,996610680722;-1,0610201831373067;-1,6699728591370255;0,6089526759997188;strategy
2019-05-08;83404,0552017586;23370,485041751333;0,37555565998868;-0,13892053855424358;0,5144761985429236;strategy
2019-05-09;83076,00872709547;23299,77169719964;-0,393321972018712;-0,3025754254794566;-0,0907465465392554;spy
2019-05-10;82858,45941301619;23416,815329724406;-0,261867797228843;0,5023381089130252;-0,7642059061418682;spy
2019-05-13;81011,20679486752;22828,34526606553;-2,2294073909108647;-2,513023463578734;0,28361607266786937;strategy
2019-05-14;82053,13771325824;23034,797573501397;1,286156520330617;0,9043682537198894;0,3817882666107275;strategy
2019-05-15;82641,39014243768;23169,72294100838;0,7169164343661549;0,5857458355188472;0,13117059884730775;strategy
2019-05-16;83332,1338234773;23384,30376079502;0,8358326013745421;0,9261259633228214;-0,0902933619482793;spy
2019-05-17;82663,86199328455;23233,12136858649;-0,8019377394179683;-0,646512266326249;-0,15542547309171928;spy
2019-05-20;81809,77633107721;23079,503151193803;-1,0332031937689057;-0,6612035247248071;-0,37199966904409854;spy
2019-05-21;82391,18774754304;23287,580168910335;0,7106869649819103;0,9015662787600798;-0,19087931377816947;spy
2019-05-22;82334,77978892764;23216,05322898146;-0,06846358228047578;-0,30714629605169685;0,23868271377122108;strategy
2019-05-23;81415,49389828913;22932,386255397512;-1,1165219521995118;-1,2218570089675418;0,10533505676803001;strategy
2019-05-24;81350,19570379928;22984,40426958979;-0,08020364596870166;0,22683210378962038;-0,30703574975832204;spy
2019-05-28;81738,49527418382;22770,63704518034;0,4773185448727846;-0,9300533609752137;1,4073719058479983;strategy
2019-05-29;80884,56280675626;22617,829942691136;-1,044712732431785;-0,6710708276892463;-0,3736419047425388;spy
2019-05-30;81901,85625237259;22679,60365998857;1,2577102605434876;0,27311955856930137;0,9845907019741862;strategy
2019-05-31;81483,14655971476;22373,98945501016;-0,5112334589433609;-1,3475288614393954;0,8362954024960345;strategy
2019-06-03;80878,89231955972;22317,09482950216;-0,7415695952686541;-0,25428914062199937;-0,4872804546466547;spy
2019-06-04;82127,4163142679;22801,523903829057;1,5436957145446017;2,1706636908962906;-0,6269679763516889;spy
2019-06-05;83063,52544636634;22999,034103536957;1,1398253763595045;0,8662149097619309;0,2736104665975736;strategy
2019-06-06;83802,98912466555;23148,58930499111;0,8902387351433338;0,6502673146223659;0,23997142052096798;strategy
2019-06-07;84190,16702247341;23380,23826438278;0,46200965126899085;1,0007044331713288;-0,538694781902338;spy
2019-06-10;84574,35278742987;23487,528674276098;0,45633092146486476;0,4588935693472518;-0,002562647882387026;spy
2019-06-11;84091,57262787313;23481,838467583188;-0,570835180696172;-0,024226502378443815;-0,5466086783177282;spy
2019-06-12;84395,90989177921;23440,387271399544;0,3619117283640838;-0,17652449249604407;0,5384362208601279;strategy
2019-06-13;84373,6034438429;23537,108382810515;-0,026430721541970126;0,41262591053254916;-0,4390566320745193;spy
2019-06-14;84263,71190439333;23511,10061595123;-0,1302439803021027;-0,1104968649346949;-0,019747115367407808;spy
2019-06-17;84290,5795987077;23520,040243205487;0,03188524894897071;0,038023006239829016;-0,006137757290858303;spy
2019-06-18;84773,2180341499;23766,319036544322;0,572588820411446;1,0471019215623212;-0,4745131011508752;spy
2019-06-19;85248,80404876696;23819,964241490976;0,5610097453484286;0,22571945139744365;0,335290293950985;strategy
2019-06-20;85291,38084663282;24047,54770447041;0,04994415856145462;0,9554315895362153;-0,9054874309747607;spy
2019-06-21;84725,49443015357;23896,367792735586;-0,6634743286625833;-0,6286708049932255;-0,034803523669357794;spy
2019-06-24;84313,41784162915;23867,10812484125;-0,48636669670205634;-0,12244399713010612;-0,3639226995719502;spy
2019-06-25;83473,93993588147;23633,02085979172;-0,9956634747324888;-0,9807944214485165;-0,014869053283972367;spy
2019-06-26;83218,49075288326;23609,448918116588;-0,3060226738961114;-0,09974155151377673;-0,20628112238233465;spy
2019-06-27;83673,9076647792;23693,167386334775;0,5472544716633942;0,3545972991938262;0,19265717246956804;strategy
2019-06-28;83897,0041330214;23815,08763017526;0,26662608986303127;0,5145797598627766;-0,24795366999974533;spy
2019-07-01;84171,57093518513;24031,293160242567;0,3272665156534016;0,9078510792182026;-0,580584563564801;spy
2019-07-02;84479,25634041375;24093,877992443486;0,36554551829091064;0,26043056353064475;0,10511495476026589;strategy
2019-07-03;84843,05890387553;24286,51158083566;0,43064129494205794;0,7995125917570789;-0,36887129681502095;spy
2019-07-05;84943,10046072645;24258,876623221997;0,11791366099171974;-0,11378726632551572;0,23170092731723546;strategy
2019-07-08;84704,43691313175;24125,57844646939;-0,28096872647713766;-0,5494820672157896;0,26851334073865196;strategy
2019-07-09;85075,5726766774;24155,651709740916;0,4381538642730831;0,12465302474820028;0,31350083952488284;strategy
2019-07-10;85265,79756635686;24271,068151511303;0,22359519153916096;0,4778030547768042;-0,2542078632376432;spy
2019-07-11;85331,39317525958;24327,96525749301;0,0769307398452046;0,23442357636067612;-0,15749283651547152;spy
2019-07-12;85472,21871960608;24436,880377667007;0,16503368702449617;0,4476951484483349;-0,28266146142383874;spy
2019-07-15;85567,01194604146;24445,00889001778;0,11090530684167987;0,033263298036190214;0,07764200880548966;strategy
2019-07-16;85107,6669951877;24366,167033115315;-0,5368248118134855;-0,32252742168018544;-0,21429739013330007;spy
2019-07-17;85009,28916554284;24200,35480695961;-0,11559220587074037;-0,6805018857925171;0,5649096799217768;strategy
2019-07-18;85108,7701712143;24288,949886493523;0,11702368840862398;0,3660900025665548;-0,2490663141579308;spy
2019-07-19;84711,57596497143;24154,02699946025;-0,46669010190586446;-0,555490820573934;0,08880071866806949;strategy
2019-07-22;84994,87692472184;24213,359930626113;0,3344300427931657;0,24564405416616086;0,08878598862700482;strategy
2019-07-23;84972,9106756712;24386,487073755397;-0,02584420361018136;0,7150066889738182;-0,7408508925839996;spy
2019-07-24;85513,44894042847;24501,0924006223;0,6361301036519995;0,46995422719264823;0,16617587645935128;strategy
2019-07-25;85133,14084896396;24384,048768097535;-0,44473482964001443;-0,4777078124148959;0,032972982774881476;strategy
2019-07-26;85596,83355606391;24547,422688595376;0,5446676846124987;0,6700032552083401;-0,12533557059584144;spy
2019-07-29;84839,00617960069;24502,717110902973;-0,8853451056304085;-0,1821192320657472;-0,7032258735646613;spy
2019-07-30;84834,50529806517;24442,57058435992;-0,005305203040684159;-0,24546880360581946;0,2401636005651353;strategy
2019-07-31;84048,75348677262;24175,15815500381;-0,9262172373514899;-1,0940438053893553;0,16782656803786544;strategy
2019-08-01;83482,1954464227;23964,642831629415;-0,6740826209148731;-0,8707919179871904;0,1967092970723172;strategy
2019-08-02;82958,45735003616;23784,200771526543;-0,6273650250641416;-0,7529511763251451;0,12558615126100348;strategy
2019-08-05;81412,15580199359;23068,936333185167;-1,863946844524944;-3,0073091175620292;1,1433622730370852;strategy
2019-08-06;82614,31904869873;23392,429792672086;1,476638512839501;1,4022903128895647;0,07434819994993624;strategy
2019-08-07;82746,91823289031;23406,248511715774;0,16050387598476323;0,05907346592963769;0,10143041005512554;strategy
2019-08-08;85046,2823813109;23865,48093408687;2,778791280116377;1,9620078037761335;0,8167834763402437;strategy
2019-08-09;85313,20153327097;23702,920608966215;0,3138516399380231;-0,6811525213743841;0,9950041613124072;strategy
2019-08-12;84554,47702546284;23414,377024066547;-0,8893400952867059;-1,2173334656089496;0,32799337032224374;strategy
2019-08-13;85365,10786656223;23778,510564833632;0,9587083613032954;1,5551707414329652;-0,5964623801296698;spy
2019-08-14;83737,48142443008;23075,43765478156;-1,9066647753510302;-2,9567575653449807;1,0500927899939505;strategy
2019-08-15;83978,53660790203;23136,397776701804;0,2878701142803086;0,2641775329778495;0,023692581302459104;strategy
2019-08-16;84614,16800144067;23477,775451644655;0,7568974397665684;1,4755005435055812;-0,7186031037390128;spy
2019-08-19;84705,76743383048;23760,628829851412;0,10825543115693392;1,2047707790260098;-1,096515347869076;spy
2019-08-20;84613,22839999784;23578,562059467866;-0,10924761871136113;-0,7662540065219492;0,6570063878105881;strategy
2019-08-21;85611,88801297446;23770,384532956567;1,180264164198519;0,8135461060131854;0,36671805818533354;strategy
2019-08-22;85592,66883996967;23763,06713550927;-0,022449187199191645;-0,03078367300768381;0,008334485808492165;strategy
2019-08-23;84296,14140428032;23152,65480140335;-1,5147645858705872;-2,5687438857325717;1,0539792998619846;strategy
2019-08-26;84978,68732663135;23408,686817373633;0,8097000775842966;1,1058430152673715;-0,29614293768307487;spy
2019-08-27;84806,9993368815;23316,839836804673;-0,20203652839437813;-0,3923628065321094;0,1903262781377313;strategy
2019-08-28;84987,04053896485;23481,027352679703;0,21229521559673614;0,7041585267308248;-0,49186331113408865;spy
2019-08-29;85608,89946145676;23780,94887049149;0,7317102920024743;1,2772929962008739;-0,5455827041983996;spy
2019-08-30;85436,87475712782;23770,384532956567;-0,20094254850968607;-0,04442353243537811;-0,15651901607430796;spy
2019-09-03;85178,02001755248;23631,39366903734;-0,3029777719646076;-0,5847228248517466;0,281745052887139;strategy
2019-09-04;85193,31811336768;23899,61969377064;0,01796014489658937;1,135041074977905;-1,1170809300813156;spy
2019-09-05;85621,60338740275;24206,858609029718;0,502721672919404;1,2855389298899844;-0,7828172569705805;spy
2019-09-06;85461,12975540743;24225,55145891542;-0,18742189546397947;0,07722129578073833;-0,2646431912447178;spy
2019-09-09;84250,6519840817;24237,745467678433;-1,4164074062560927;0,050335319646666044;-1,4667427259027588;spy
2019-09-10;83342,79514072387;24232,055260985522;-1,0775665493121256;-0,023476633585817197;-1,0540899157263084;spy
2019-09-11;83409,92545988472;24404,368808737614;0,08054723752364268;0,7110975354596594;-0,6305502979360167;spy
2019-09-12;83866,55275713088;24488,900872332993;0,5474495927535239;0,34638086425375914;0,20106872849976476;strategy
2019-09-13;83682,56146094736;24472,643847631447;-0,21938578626969907;-0,06638527709470488;-0,1530005091749942;spy
2019-09-16;83847,54061810236;24397,053891764037;0,19714878975352068;-0,30887531538495994;0,5060241051384806;strategy
2019-09-17;84519,36292149195;24458,827609061467;0,8012427060317906;0,25320154462700195;0,5480411614047886;strategy
2019-09-18;84276,0746732919;24473,457443008636;-0,28784912686342645;0,05981412593034641;-0,34766325279377286;spy
2019-09-19;84444,16211276004;24471,830252254258;0,19944858623250905;-0,006648798021968716;0,20609738425447777;strategy
2019-09-20;84310,84990456811;24244,24678927483;-0,15787024805090644;-0,929981373005262;0,7721111249543555;strategy
2019-09-23;84515,89364245236;24238,556582581918;0,2431997045651224;-0,023470338106890143;0,26667004267201255;strategy
2019-09-24;84178,89753727842;24048,3612998476;-0,39873696017415083;-0,7846807300026959;0,38594376982854506;strategy
2019-09-25;84436,15021621084;24190,60158432817;0,30560233794758584;0,5914759958362437;-0,2858736578886578;spy
2019-09-26;84345,07406966743;24140,20828041656;-0,10786392594900329;-0,20831769617610796;0,10045377022710467;strategy
2019-09-27;83329,20509068483;24010,1595242253;-1,2044200449021103;-0,5387225937762974;-0,6656974511258129;spy
2019-09-30;83537,33864867923;24121,512950057153;0,24977264305821034;0,4637762848660021;-0,21400364180779174;spy
2019-10-01;82987,52133414161;23834,594075438148;-0,6581695364391571;-1,189472962218674;0,5313034257795168;strategy
2019-10-02;82317,90748092954;23413,56342868935;-0,8068849899925623;-1,7664687110517052;0,9595837210591429;strategy
2019-10-03;82674,65183349299;23605,38590217805;0,43337393221043463;0,8192792783248581;-0,3859053461144235;spy
2019-10-04;83275,24469336058;23924,81634572644;0,7264534492110064;1,3532100041580675;-0,6267565549470611;spy
2019-10-07;83060,98317882573;23821,588951771653;-0,2572931671636858;-0,4314657737100158;0,17417260654633004;strategy
2019-10-08;82480,41644784156;23451,765204311658;-0,6989644340402723;-1,5524730453905788;0,8535086113503065;strategy
2019-10-09;83073,27006569269;23674,472055975362;0,7187810675350237;0,9496379045393022;-0,2308568370042785;spy
2019-10-10;83219,28528028325;23834,594075438148;0,17576678331681084;0,6763488498674697;-0,5005820665506588;spy
2019-10-11;83341,40137835177;24081,68646415418;0,1467401428133286;1,0366964418775826;-0,889956299064254;spy
2019-10-14;83292,21619000446;24054,865101917705;-0,05901651224224924;-0,11137659431119662;0,05236008206894738;strategy
2019-10-15;83818,42206326267;24293,015382905767;0,6317587612963083;0,9900295843649376;-0,35827082306862934;spy
2019-10-16;83691,05992117032;24254,000011906275;-0,15195005937503892;-0,16060324494318046;0,008653185568141541;strategy
2019-10-17;83907,13670072204;24325,526951835156;0,25818382483773217;0,2949078085831891;-0,036723983745456934;spy
2019-10-18;83813,81675922681;24219,050137319024;-0,11121812180062696;-0,4377163739431311;0,32649825214250416;strategy
2019-10-21;84243,76763348521;24383,235172720346;0,5129832894897657;0,677916906197451;-0,16493361670768536;spy
2019-10-22;83752,66697825186;24303,582200914403;-0,5829519132738215;-0,32667105591901446;-0,256280857354807;spy
2019-10-23;83871,19509221558;24374,295545466088;0,14152159953844112;0,2909585260605141;-0,14943692652207297;spy
2019-10-24;84195,93185209105;24414,12203136906;0,38718508722621614;0,1633954336390353;0,22378965358718084;strategy
2019-10-25;84207,60805856118;24514,0975242888;0,013867898618480368;0,4094986204758344;-0,39563072185735404;spy
2019-10-28;84196,4481546201;24652,272312357123;-0,013252845198163943;0,5636543949105954;-0,5769072401087594;spy
2019-10-29;83998,49855696989;24644,95739538354;-0,2351044515401468;-0,029672384277201758;-0,20543206726294505;spy
2019-10-30;83884,92282991343;24720,549831724664;-0,13521161569267637;0,3067257740737128;-0,4419373897663892;spy
2019-10-31;82967,94267407383;24654,710618014986;-1,0931406084724982;-0,2663339373834783;-0,8268066710890198;spy
2019-11-01;83774,5121489964;24883,110156845312;0,9721459263984045;0,9263931034073414;0,04575282299106309;strategy
2019-11-04;83647,10211221878;24983,083169291338;-0,15208687404948407;0,4017705657205495;-0,5538574397700335;spy
2019-11-05;83288,80338896559;24955,448211677674;-0,4283456500053129;-0,11061468044757383;-0,31773096955773905;spy
2019-11-06;83781,93540824071;24961,138418370585;0,5920748038270585;0,022801460605492707;0,5692733432215658;strategy
2019-11-07;83428,22816721835;25048,91990252731;-0,4221760207601677;0,3516725987630309;-0,7738486195231986;spy
2019-11-08;83888,21107578259;25110,69361982474;0,5513516452036793;0,24661229920415195;0,30473934599952734;strategy
2019-11-11;84185,16620341803;25062,738621570992;0,353989105056951;-0,19097440707844804;0,5449635121353991;strategy
2019-11-12;84367,08240460686;25115,57023114046;0,21609056487370548;0,21079743266363415;0,005293132210071327;strategy
2019-11-13;84466,89834876379;25123,698743491237;0,11831148039258554;0,032364434794707186;0,08594704559787836;strategy
2019-11-14;84784,81253315395;25160,273328359155;0,37637724434664843;0,1455780267123119;0,23079921763433653;strategy
2019-11-15;85418,27443113457;25342,34257921641;0,7471407661990392;0,7236378098167906;0,02350295638224864;strategy
2019-11-18;85540,37609792549;25361,035429102107;0,14294560221930208;0,07376133373331317;0,06918426848598891;strategy
2019-11-19;85291,78433732271;25353,720512128522;-0,29061335937802246;-0,028843132190059517;-0,26177022718796294;spy
2019-11-20;85671,41722605005;25259,4352259017;0,4450990112083053;-0,37187948877845933;0,8169784999867646;strategy
2019-11-21;85122,82798395224;25218,79514462154;-0,6403410377236018;-0,16089069655240706;-0,4794503411711948;spy
2019-11-22;85219,98043927125;25274,878655226057;0,11413208139339215;0,22238774803831074;-0,10825566664491859;spy
2019-11-25;85815,08034147386;25470,764144653287;0,6983103013344261;0,7750204940617067;-0,07671019272728063;spy
2019-11-26;86128,10408367263;25528,47236553848;0,3647654246237364;0,2265665080068091;0,1381989166169273;strategy
2019-11-27;86589,94734761014;25642,266577501905;0,536228294876695;0,4457540989293074;0,09047419594738759;strategy
2019-11-29;86241,00408424322;25547,167695897886;-0,4029835726381825;-0,37086768954915916;-0,032115883089023356;spy
2019-12-02;85447,82410648878;25330,151050927103;-0,919724887455664;-0,8494743822644146;-0,07025050519124942;spy
2019-12-03;85397,18343669159;25160,273328359155;-0,059265019708498734;-0,6706542026788664;0,6113891829703677;strategy
2019-12-04;85792,07884512487;25315,518736506223;0,4624220525095257;0,6170259206687012;-0,15460386815917548;spy
2019-12-05;85780,64225203478;25361,035429102107;-0,013330593271587698;0,1797975900460047;-0,1931281833175924;spy
2019-12-06;85947,5220238792;25592,684388493777;0,19454246023724586;0,9134049752789197;-0,7188625150416739;spy
2019-12-09;85862,75128953447;25512,21782131064;-0,09863080673946367;-0,314412376449702;0,21578156971023832;strategy
2019-12-10;85981,74621745676;25483,769268319786;0,13858736895238088;-0,11150952531885361;0,2500968942712345;strategy
2019-12-11;86500,51079511509;25556,10980362586;0,6033426866515423;0,2838690561996371;0,31947363045190524;strategy
2019-12-12;86742,88229195765;25776,378349631697;0,2801966076439122;0,861901704517587;-0,5817050968736748;spy
2019-12-13;86626,83220341567;25791,821778956055;-0,13378629516987983;0,05991310771003011;-0,19369940287990994;spy
2019-12-16;87170,23320472543;25969,01193802388;0,6272894754292269;0,6870013316096824;-0,05971185618045549;spy
2019-12-17;87391,95167090655;25974,70214471679;0,2543511219711858;0,021911525577067437;0,23243959639411838;strategy
2019-12-18;87305,65009895907;25976,326854997456;-0,0987523110508648;0,006254971747576832;-0,10500728279844163;spy
2019-12-19;87811,78159665852;26082,80366951359;0,5797236457500299;0,4098994253902699;0,16982422035975997;strategy
2019-12-20;88183,80243566501;26068,987430943613;0,42365709047480493;-0,05297068039554764;0,4766277708703526;strategy
2019-12-23;88304,78184070328;26108,813916846586;0,13719005270442786;0,1527734286131066;-0,015583375908678754;spy
2019-12-24;88535,3808419431;26109,627512223775;0,2611398798944009;0,003116171342676388;0,2580237085517245;strategy
2019-12-26;88896,04446598643;26248,615895669293;0,40736666021372603;0,5323261826712944;-0,12495952245756836;spy
2019-12-27;88777,22927894474;26242,112093599186;-0,13365632605526478;-0,024777695311473114;-0,10887863074379167;spy
2019-12-30;88155,16133064809;26097,433503460757;-0,7007066489336689;-0,5513222015910757;-0,14938444734259315;spy
2019-12-31;88219,35028181662;26160,831931038865;0,07281360523834213;0,24292974084865193;-0,1701161356103098;spy
2020-01-02;89025,16498025833;26405,486014097027;0,9134217106196552;0,9351922893854558;-0,021770578765800686;spy
2020-01-03;88365,43981127368;26205,537508731268;-0,7410546996806322;-0,7572233484322677;0,016168648751635484;strategy
2020-01-06;88395,02082513431;26305,513001651005;0,033475772795110714;0,3815052176908251;-0,3480294448957144;spy
2020-01-07;88653,63387556787;26231,54775606426;0,29256517846762975;-0,28117773480449415;0,5737429132721239;strategy
2020-01-08;88837,3121686069;26371,349734886968;0,20718642317227864;0,5329536027487647;-0,32576717957648604;spy
2020-01-09;89102,21842614899;26550,16460423546;0,2981925624216508;0,6780649119067839;-0,37987234948513304;spy
2020-01-10;88988,42052506757;26473,761052990852;-0,12771612546969013;-0,2877705369571104;0,16005441148742028;strategy
2020-01-13;89650,15496131807;26655,83030384811;0,7436185880657309;0,6877347366428976;0,05588385142283325;strategy
2020-01-14;89184,18427380282;26615,190222567944;-0,5197656241824666;-0,15246225991428775;-0,3673033642681789;spy
2020-01-15;88800,64706236839;26675,336749110997;-0,430050703000151;0,22598570981489097;-0,656036412815042;spy
2020-01-16;89464,18122205006;26897,232485871224;0,7472177080147135;0,8318385587676724;-0,08462085075295889;spy
2020-01-17;89222,95311862299;26980,950954089407;-0,26963651836072744;0,31125309364878895;-0,5808896120095164;spy
2020-01-21;89185,58918400662;26928,116864046227;-0,041877043193916386;-0,1958199699227836;0,15394292672886722;strategy
2020-01-22;89558,71303217806;26931,36876508128;0,4183678681559444;0,012076228915192111;0,4062916392407523;strategy
2020-01-23;89962,57668232454;26962,255623729998;0,4509484744397385;0,11468729613464124;0,3362611783050973;strategy
2020-01-24;89080,71044417903;26722,47815198755;-0,9802589817536567;-0,8893079091328526;-0,09095107262080404;spy
2020-01-27;88071,3316746297;26294,132588265176;-1,1331058817518502;-1,6029410194896676;0,4698351377378174;strategy
2020-01-28;88892,6184495656;26569,67352997206;0,9325245336019972;1,0479179747874934;-0,11539344118549621;spy
2020-01-29;88527,59954152751;26547,726298577596;-0,4106290425511472;-0,08260256329347682;-0,32802647925767037;spy
2020-01-30;88207,81366831655;26633,883072453646;-0,3612273176580971;0,3245354156022895;-0,6857627332603866;spy
2020-01-31;86833,72537636178;26150,267593503937;-1,557785228779951;-1,8157903510881312;0,2580051223081803;strategy
2020-02-03;87616,4797420947;26344,52589217678;0,9014404971573464;0,7428539611621376;0,15858653599520878;strategy
2020-02-04;89125,58851837437;26746,050093662685;1,7224028866736463;1,5241276427948147;0,19827524387883155;strategy
2020-02-05;89343,97928297208;27054,91371920244;0,2450371080048308;1,1548008938072618;-0,909763785802431;spy
2020-02-06;89390,64860989002;27145,94958486792;0,05223555889550813;0,33648551464744436;-0,28424995575193623;spy
2020-02-07;88757,6238755522;27001,27099472949;-0,7081554325670036;-0,5329656628371593;-0,17518976972984435;spy
2020-02-10;89917,7803882848;27202,844210375923;1,3071063217727108;0,7465323231850007;0,5605739985877101;strategy
2020-02-11;90610,45484548816;27249,988093726188;0,7703420327016985;0,1733049786473595;0,597037054054339;strategy
2020-02-12;90948,80298887331;27425,553542513335;0,37340960705043447;0,6442771577855;-0,2708675507350655;spy
2020-02-13;91195,39540783517;27396,291394145283;0,2711332209529127;-0,10669665544832396;0,37782987640123666;strategy
2020-02-14;91625,72689293376;27440,183376460503;0,47187852322378987;0,16021140118476218;0,3116671220390277;strategy
2020-02-18;91690,29794044858;27369,470031908815;0,07047261692152418;-0,2576999708112315;0,3281725877327557;strategy
2020-02-19;92531,6808125721;27500,329903003556;0,9176356615941961;0,478123511131856;0,43951215046234005;strategy
2020-02-20;92257,6929814567;27387,351766891035;-0,2961016472513678;-0,4108246574168639;0,11472301016549613;strategy
2020-02-21;90767,83478632166;27105,309503587756;-1,614887763814432;-1,0298267087080815;-0,5850610551063506;spy
2020-02-24;89087,39320294176;26206,35110410846;-1,8513624207692758;-3,3165398807208146;1,4651774599515388;strategy
2020-02-25;87308,00728204468;25412,24232839091;-1,9973487346785723;-3,030214975609702;1,0328662409311296;strategy
2020-02-26;86840,36223467841;25318,770637541274;-0,5356267562671158;-0,36782149973915157;-0,16780525652796419;spy
2020-02-27;85175,90917658119;24181,661957073913;-1,916681385551089;-4,491168614566609;2,5744872290155203;strategy
2020-02-28;85517,28161858342;24080,061753873506;0,4007852047631433;-0,42015393061387574;0,820939135377019;strategy
2020-03-02;87473,90345938914;25122,885148114045;2,2879841404834123;4,3306508301324875;-2,0426666896490753;spy
2020-03-03;86076,74979579487;24403,555213360425;-1,5972234098858062;-2,863245724019159;1,2660223141333526;strategy
2020-03-04;87836,09840989203;25429,31046799594;2,0439301184942194;4,203302533861697;-2,1593724153674776;spy
2020-03-05;86910,1692813809;24583,997273463297;-1,0541555752968779;-3,3241687602835746;2,2700131849866967;strategy
2020-03-06;86188,39162590791;24177,59646066167;-0,8304869975988227;-1,6531112018968064;0,8226242042979837;strategy
2020-03-09;82088,02260451991;22289,45987188849;-4,757449285264825;-7,809447030209493;3,051997744944668;strategy
2020-03-10;83655,26743549513;23442,825577057403;1,9092247337054502;5,174489250964487;-3,2652645172590367;spy
2020-03-11;81916,3796014542;22300,024209423416;-2,0786351981741613;-4,874844817138435;2,7962096189642733;strategy
2020-03-12;78176,76862436312;20166,42118245174;-4,565156560000972;-9,567716191402475;5,002559631401503;strategy
2020-03-13;80733,66840453313;21890,373976060455;3,2706644507856764;8,548630309818428;-5,277965859032752;spy
2020-03-16;75846,07662240422;19495,04748618872;-6,053969649488245;-10,94237354049451;4,888403891006265;strategy
2020-03-17;78510,22897878327;20547,62534329756;3,5125776770793316;5,399206428476466;-1,8866287513971347;spy
2020-03-18;76435,16322864682;19507,23901447803;-2,643051456004819;-5,063292285299992;2,420240829295173;strategy
2020-03-19;76519,18422877754;19548,69145089853;0,10992453810738656;0,21249771118163618;-0,10257317307424962;spy
2020-03-20;75262,6811250844;18596,901441849757;-1,6420759269158314;-4,868816981634971;3,22674105471914;strategy
2020-03-23;75674,67397379481;18121,411994777114;0,5474065533563444;-2,556820815335503;3,1042273686918476;strategy
2020-03-24;78830,21217598631;19763,27103044831;4,169873534287349;9,060326182884682;-4,890452648597332;spy
2020-03-25;79763,06912874457;20059,130772558423;1,1833749104666724;1,4970180880194084;-0,31364317755273596;spy
2020-03-26;81933,59443470744;21230,379452946403;2,721215883079253;5,838980231338287;-3,1177643482590334;spy
2020-03-27;81374,21887487329;20598,01864720917;-0,6827181984306985;-2,9785657253030062;2,2958475268723078;strategy
2020-03-30;82897,5532077621;21266,954037814325;1,872011005391272;3,247571536186511;-1,375560530795239;spy
2020-03-31;82291,7041441398;20949,9618999238;-0,7308407066055289;-1,490538500844485;0,759697794238956;strategy
2020-04-01;80478,55359453842;20007,111518129288;-2,20332118341543;-4,500487334050673;2,297166150635243;strategy
2020-04-02;82019,73400423925;20468,783486395096;1,9150200157243225;2,3075393359379692;-0,39251932021364677;spy
2020-04-03;81130,19845168266;20172,923744284988;-1,0845384508447742;-1,4454192761712226;0,3608808253264484;strategy
2020-04-06;83600,34371450378;21527,86266510033;3,044668089025082;6,716621437679282;-3,6719533486542;spy
2020-04-07;82458,40507320926;21549,809896494793;-1,3659496965637508;0,10194802770664424;-1,467897724270395;spy
2020-04-08;84064,57413991244;22273,202847186945;1,9478536666785784;3,3568414485633857;-1,4089877818848073;spy
2020-04-09;84989,45343164398;22612,142216471933;1,10020100761139;1,5217361041894195;-0,42153509657802957;spy
2020-04-13;85225,56209083243;22405,689909036068;0,27780936299155456;-0,9130152528647795;1,190824615856334;strategy
2020-04-14;86967,89136282996;23066,49802752731;2,0443740460644566;2,949287083656116;-0,9049130375916592;spy
2020-04-15;86561,28128437695;22576,378746507497;-0,4675404589915111;-2,1248101052656954;1,6572696462741843;strategy
2020-04-16;88045,28255075906;22685,29386668148;1,7143938310094642;0,4824295401707479;1,2319642908387163;strategy
2020-04-17;89685,30664262718;23298,146986918975;1,8627052402525157;2,7015436689476147;-0,838838428695099;spy
2020-04-20;90044,71323763864;22887,680677705106;0,4007418923632544;-1,7617980925449972;2,1625399849082516;strategy
2020-04-21;87952,07463687912;22192,73628000381;-2,323999405980459;-3,0363251195576257;0,7123257135771666;strategy
2020-04-22;89133,62414869462;22685,29386668148;1,343401524857346;2,2194540612888503;-0,8760525364315042;spy
2020-04-23;88794,79249706877;22683,666675927103;-0,3801389821876944;-0,007172888144801881;-0,3729660940428925;spy
2020-04-24;89720,69339332505;22999,84769891415;1,042742339070002;1,3938708741589423;-0,3511285350889404;spy
2020-04-27;89755,43078250592;23331,46967075184;0,03871725447839314;1,4418442077481552;-1,4031269532697621;spy
2020-04-28;88197,77134255995;23224,18174133223;-1,735448681339924;-0,45984213996645984;-1,275606541373464;spy
2020-04-29;88442,66052950372;23832,15576978029;0,2776591553460106;2,6178490817010847;-2,340189926355074;spy
2020-04-30;88071,27027075476;23610,262513493777;-0,41992207892147526;-0,9310666581320293;0,511144579210554;strategy
2020-05-01;87406,08993456063;22985,21786496698;-0,7552750563823873;-2,647343070283825;1,8920680139014379;strategy
2020-05-04;88398,88675642363;23048,616292545084;1,135843992799912;0,27582260890697263;0,8600213838929394;strategy
2020-05-05;89622,46593760549;23261,569921577342;1,3841567762649998;0,9239323798415411;0,4602243964234587;strategy
2020-05-06;89545,32208633874;23103,88620777242;-0,08607646582773354;-0,67787219150095;0,5917957256732165;strategy
2020-05-07;90757,75263184504;23382,676570040643;1,3539853531793433;1,206681680134114;0,1473036730452293;strategy
2020-05-08;91660,31871837017;23769,570937579374;0,9944782240106198;1,6546196770067079;-0,6601414529960881;spy
2020-05-11;93336,23490801566;23774,447548895096;1,8283988241354576;0,02051619412284378;1,8078826300126138;strategy
2020-05-12;91893,95104988958;23300,585292576838;-1,5452560943212124;-1,993157802483958;0,44790170816274566;strategy
2020-05-13;91353,71728852841;22888,494273082295;-0,5878882725021572;-1,7685865583206062;1,180698285818449;strategy
2020-05-14;91999,59458845259;23162,408024034798;0,7070071356639618;1,1967311946537107;-0,4897240589897489;spy
2020-05-15;93073,63307462569;23268,884838550926;1,1674382816333706;0,45969665332568077;0,7077416283076898;strategy
2020-05-18;94198,11707419026;23977,64795529591;1,2081660105209169;3,0459694208066823;-1,8378034102857654;spy
2020-05-19;92899,89341721336;23731,369161957075;-1,3781842963532132;-1,0271182302701187;-0,35106606608309443;spy
2020-05-20;93113,20653563357;24134,518073723648;0,2296161067292246;1,6988017379665044;-1,4691856312372797;spy
2020-05-21;92118,64940697051;23967,894732664467;-1,0681160768343356;-0,6903943163488746;-0,377721760485461;spy
2020-05-22;92532,14056725404;24013,41142526035;0,44886802286556726;0,18990692801170717;0,2589610948538601;strategy
2020-05-26;90481,46460015862;24309,269927133602;-2,216176946220061;1,2320552737543622;-3,448232219974423;spy
2020-05-27;89507,07140041958;24670,967642716536;-1,076898129406867;1,4879003633885945;-2,5647984927954615;spy
2020-05-28;90217,48616576899;24625,45095012065;0,7936968043243064;-0,18449496288535094;0,9781917672096574;strategy
2020-05-29;91717,6309071214;24735,17966567183;1,6628092902034375;0,4455906849114788;1,2172186052919587;strategy
2020-06-01;91672,20171065768;24835,152678117858;-0,049531585164608316;0,4041733830006278;-0,4537049681652361;spy
2020-06-02;91731,62898244325;25040,791390176528;0,06482583670579523;0,8280146883890893;-0,7631888516832941;spy
2020-06-03;91792,24442695724;25374,040552768605;0,06607911053841953;1,330825201965502;-1,2647460914270825;spy
2020-06-04;90840,01717048069;25307,39022415545;-1,0373722338103186;-0,2626713253434998;-0,7747009084668188;spy
2020-06-05;91356,88466934572;25956,006814357377;0,5689865710780451;2,5629532893630236;-1,9939667182849785;spy
2020-06-08;91643,08982141841;26269,74953168656;0,3132825217372348;1,2087480157218833;-0,8954654939846485;spy
2020-06-09;92121,38072080427;26073,864042259334;0,5219061255113511;-0,7456694217466753;1,2675755472580263;strategy
2020-06-10;93142,68366378144;25928,371856743714;1,1086491919530372;-0,5580000926591278;1,666649284612165;strategy
2020-06-11;90509,97699678015;24433,62847663195;-2,8265308271604117;-5,764894874118342;2,9383640469579304;strategy
2020-06-12;90779,8408087726;24726,237557943867;0,29815918746951553;1,197567039998848;-0,8994078525293325;spy
2020-06-15;92406,34916900561;24957,072921958345;1,7917065570309143;0,9335644514194108;0,8581421056115035;strategy
2020-06-16;92459,02609847157;25437,438980346713;0,05700574683413784;1,9247692222981838;-1,867763475464046;spy
2020-06-17;92728,91294620541;25331,77576120777;0,2918988649592835;-0,4153846588903054;0,7072835238495889;strategy
2020-06-18;93015,43472428154;25341,528983839216;0,30898860880894663;0,038501930237289095;0,27048667857165754;strategy
2020-06-19;93365,19969207208;25086,310563246127;0,37602895565378436;-1,0071153195051807;1,383144275158965;strategy
2020-06-22;94189,78234486195;25247,243697612394;0,8831798737746199;0,6415177471415401;0,24166212663307984;strategy
2020-06-23;93907,28337455803;25363,47373475997;-0,2999252819903431;0,46036723271525304;-0,7602925147055961;spy
2020-06-24;92847,53989885989;24716,48433531242;-1,128499768725344;-2,5508706189596886;1,4223708502343446;strategy
2020-06-25;93448,03287685305;24981,458459010664;0,646751630304121;1,0720542618582574;-0,4253026315541364;spy
2020-06-26;92726,93354365187;24388,111784036068;-0,7716581194934791;-2,3751482562483495;1,6034901367548704;strategy
2020-06-29;92734,30908852466;24746,557598583946;0,007954048075275999;1,4697563211208076;-1,4618022730455316;spy
2020-06-30;93640,25574729883;25063,54973647447;0,9769271671710378;1,2809544787298455;-0,3040273115588077;spy
2020-07-01;94223,91714412312;25239,11518526162;0,6233017970384225;0,7004811793744237;-0,07717938233600119;spy
2020-07-02;94703,3923620676;25378,10604918085;0,5088678463782026;0,5506962621272482;-0,04182841574904561;spy
2020-07-06;95951,62021688349;25769,874547561594;1,3180392208588243;1,543726303379489;-0,22568708252066472;spy
2020-07-07;95886,18167481848;25504,08930895987;-0,06819951754549747;-1,0313796371464123;0,9631801196009149;strategy
2020-07-08;97266,15764137826;25699,161203009906;1,4391812693509198;0,7648651621585456;0,6743161071923742;strategy
2020-07-09;97926,85861277938;25552,857902590804;0,6792711744995072;-0,5692921230517345;1,2485632975512417;strategy
2020-07-10;97404,53386550062;25813,766529876808;-0,5333825210753762;1,021054585285941;-1,5544371063613172;spy
2020-07-13;95341,78131442513;25590,246082835914;-2,117717183394985;-0,8658962913536516;-1,2518208920413332;spy
2020-07-14;96476,66405468805;25921,87053514732;1,190330959435526;1,295901771471586;-0,10557081203605989;spy
2020-07-15;96988,04623359232;26160,02081613538;0,5300578994049676;0,9187233639839087;-0,38866546457894113;spy
2020-07-16;96496,84081042318;26073,864042259334;-0,5064597568921969;-0,32934520381919796;-0,17711455307299895;spy
2020-07-17;97816,9802138304;26149,453998126744;1,368064894477472;0,28990699554503063;1,0781578989324414;strategy
2020-07-20;99261,10626093697;26360,782916878332;1,476355172639443;0,8081580547216305;0,6681971179178126;strategy
2020-07-21;98464,52995186827;26416,866427482855;-0,802505975477108;0,21275358467678362;-1,0152595601538916;spy
2020-07-22;98614,696144904;26567,232743840486;0,15250790625733757;0,5692057260856531;-0,41669781982831555;spy
2020-07-23;97166,03691745803;26250,240605949963;-1,4690094722974334;-1,1931695745166282;-0,2758398977808052;spy
2020-07-24;96577,76721596881;26081,17895923292;-0,6054272873030175;-0,6440384652273368;0,03861117792431923;strategy
2020-07-27;98216,06280956385;26271,374241967234;1,6963485912150578;0,7292434250445679;0,9671051661704899;strategy
2020-07-28;97798,17065926368;26104,750900908053;-0,4254824906903987;-0,6342391514221113;0,20875666073171262;strategy
2020-07-29;99030,47935507426;26425,80605473711;1,2600529105028402;1,2298725050001957;0,030180405502644447;strategy
2020-07-30;98943,27090848138;26331,520768510287;-0,08806222807443698;-0,35679247032814887;0,2687302422537119;strategy
2020-07-31;99318,20034357299;26539,597786226823;0,3789337381401081;0,7902202821698623;-0,4112865440297542;spy
2020-08-03;100769,41875557788;26724,105342741936;1,4611807372512553;0,6952160993595191;0,7659646378917362;strategy
2020-08-04;101571,43834527399;26827,33025622301;0,7958958179975717;0,3862614375942375;0,4096343804033342;strategy
2020-08-05;102178,49898217393;26993,953597282198;0,5976686426713229;0,6210955002521557;-0,02342685758083274;spy
2020-08-06;103176,21931465234;27174,395657385063;0,9764484137239737;0,6684536203730884;0,3079947933508853;strategy
2020-08-07;101539,26818772001;27193,904583121668;-1,5865585478957889;0,07179157167862549;-1,6583501195744144;spy
2020-08-10;100232,18181381212;27275,184745681992;-1,2872718084706136;0,29889110742402636;-1,58616291589464;spy
2020-08-11;98801,12047280424;27050,037107886714;-1,4277463735810625;-0,8254669579494722;-0,6022794156315903;spy
2020-08-12;100278,9517311921;27427,178252794005;1,495763662715377;1,394235221944795;0,10152844077058187;strategy
2020-08-13;100744,54362800998;27377,596063785877;0,4642967330432013;-0,1807775796370037;0,645074312680205;strategy
2020-08-14;100573,32653016962;27378,409659163066;-0,16995173304130695;0,002971756085856647;-0,1729234891271636;spy
2020-08-17;101940,74194436661;27465,380028416308;1,3596203500207293;0,31766041320859806;1,0419599368121313;strategy
2020-08-18;102107,21166676152;27524,71544005588;0,16330048145594134;0,2160371040858866;-0,05273662262994527;spy
2020-08-19;101810,0341004735;27410,110113188977;-0,29104463968510075;-0,41637243123000545;0,1253277915449047;strategy
2020-08-20;102482,83846259501;27495,453291687834;0,6608428806315292;0,31135656933312106;0,3494863112984081;strategy
2020-08-21;102438,36588300983;27592,990478949705;-0,04339514815586698;0,35473933172565086;-0,39813447988151784;spy
2020-08-24;102043,85191600808;27872,594436595125;-0,3851232529932247;1,0133151673383356;-1,3984384203315603;spy
2020-08-25;102757,0507102256;27970,129143383285;0,6989140264957339;0,34993049179556923;0,34898353470016463;strategy
2020-08-26;103546,46142195186;28250,546696405894;0,7682302151240217;1,0025608090155957;-0,23433059389157407;spy
2020-08-27;103182,57952171905;28312,317933229617;-0,35141896230522773;0,2186550139632537;-0,5700739762684814;spy
2020-08-28;103761,13367861803;28495,198298990348;0,5607091425517297;0,6459392204906322;-0,08523007793890258;spy
2020-08-31;104863,5202923093;28391,973385509267;1,0624273026022646;-0,36225371165337084;1,4246810142556354;strategy
2020-09-01;106717,95130035022;28659,385814865378;1,768423378188766;0,9418592562241201;0,8265641219646458;strategy
2020-09-02;107115,98113418106;29073,91514001778;0,3729736459338495;1,4463998908776032;-1,0734262449437537;spy
2020-09-03;102931,92429516834;28073,356537338077;-3,9060995331513304;-3,44143056709455;-0,46466896605678043;spy
2020-09-04;101233,94300771304;27844,145883604266;-1,649615801008597;-0,8164704260744782;-0,8331453749341189;spy
2020-09-08;99067,5165959569;27083,362272193295;-2,1400197872279647;-2,7322928654060497;0,5922730781780849;strategy
2020-09-09;100457,91376460463;27618,187130905513;1,4034844280173209;1,9747358298320528;-0,5712514018147319;spy
2020-09-10;99643,73943863969;27138,634667894337;-0,8104631038553411;-1,7363647394312287;0,9259016355758876;strategy
2020-09-11;98893,57200690359;27152,450906464306;-0,7528495377253974;0,05090985135782766;-0,8037593890832251;spy
2020-09-14;100150,87574219689;27510,083125635;1,2713705347861648;1,3171268420765214;-0,045756307290356624;spy
2020-09-15;101390,4588186841;27649,07398955423;1,2377156637931819;0,5052360739314254;0,7324795898617564;strategy
2020-09-16;100631,56435743392;27539,345274003048;-0,7484870569599678;-0,3968621719216969;-0,35162488503827083;spy
2020-09-17;99238,04205025514;27297,12949660274;-1,384776552045952;-0,8795262741012055;-0,5052502779447465;spy
2020-09-18;99040,0100019153;26875,28525447676;-0,19955255489578771;-1,5453794955930578;1,34582694069727;strategy
2020-09-21;100205,98281246057;26576,174851568456;1,1772745282666142;-1,1129571279935635;2,2902316562601777;strategy
2020-09-22;102015,65392309762;26846,8367014859;1,8059511616426382;1,0184379483846984;0,7875132132579399;strategy
2020-09-23;100576,49030479166;26224,232839090677;-1,4107282196032855;-2,3190958000678052;0,9083675804645197;strategy
2020-09-24;100161,29580084077;26294,132588265176;-0,4128146674164723;0,2665464023424269;-0,6793610697588992;spy
2020-09-25;101713,746095121;26719,228731426214;1,5499502895480521;1,6166958226671246;-0,0667455331190725;spy
2020-09-28;102791,08174562392;27163,01772447295;1,0591839273085268;1,6609348926481804;-0,6017509653396536;spy
2020-09-29;103030,00847812215;27015,087233299466;0,2324391653835356;-0,5446025646856034;0,777041730069139;strategy
2020-09-30;103486,86557410195;27219,914830454658;0,4434213902610784;0,7581970599847443;-0,3147756697236659;spy
2020-10-01;104684,84677203064;27394,66668386462;1,157616661092975;0,6420000007290261;0,5156166603639489;strategy
2020-10-02;103850,34931719821;27134,569171482093;-0,7971521003891646;-0,9494458004693396;0,15229370008017495;strategy
2020-10-05;105626,7871415932;27615,748825247654;1,7105747222564194;1,7733086187020408;-0,06273389644562144;spy
2020-10-06;104974,42285267275;27223,164251016;-0,6176125456187065;-1,4215967009112318;0,8039841552925253;strategy
2020-10-07;106104,48057642294;27697,028987807975;1,0765076797194517;1,7406673685050666;-0,6641596887856149;spy
2020-10-08;106123,78616938365;27942,49418576962;0,018194889467282316;0,8862510057295214;-0,8680561162622391;spy
2020-10-09;106733,83326742213;28192,02488014351;0,5748448298525499;0,8930151070800418;-0,3181702772274919;spy
2020-10-12;107729,70775755963;28645,567095821694;0,933044808427641;1,6087606959996226;-0,6757158875719815;spy
2020-10-13;108509,37149295269;28458,623714122426;0,7237221297839769;-0,6526084160733414;1,3763305458573183;strategy
2020-10-14;107702,10442988234;28279,80636430023;-0,7439606846518121;-0,6283415235342482;-0,11561916111756387;spy
2020-10-15;107481,94241814388;28244,856489712976;-0,2044175579519858;-0,12358597557928785;-0,08083158237269794;spy
2020-10-16;107039,84161357873;28227,788350107952;-0,4113256558438638;-0,06042919570591332;-0,3508964601379505;spy
2020-10-19;106143,54312170201;27798,629191008382;-0,837350353256705;-1,5203428401004304;0,6829924868437254;strategy
2020-10-20;106115,32218956511;27909,982616840236;-0,026587516590192983;0,40057164353943797;-0,42715916012963095;spy
2020-10-21;104927,91485843374;27857,151007270768;-1,118978208453425;-0,18929287880526946;-0,9296853296481555;spy
2020-10-22;104988,91811555024;28009,955629286258;0,05813825348459645;0,5485292518808027;-0,49039099839620626;spy
2020-10-23;105531,54184655298;28105,05451089027;0,5168390538185408;0,3395181444149742;0,1773209094035666;strategy
2020-10-26;104549,31809686933;27585,67556197612;-0,9307395045093148;-1,8479912526513598;0,917251748142045;strategy
2020-10-27;105000,66960761437;27490,57668037211;0,43171157780947933;-0,34474008581140136;0,7764516636208807;strategy
2020-10-28;102879,85776136554;26550,978199612648;-2,0198079252011114;-3,4178929444951267;1,3980850192940153;strategy
2020-10-29;103776,4972005137;26820,82893462662;0,8715403176664083;1,0163495031528136;-0,1448091854864053;spy
2020-10-30;101573,79126853243;26541,224976981204;-2,1225479674123804;-1,0424881286366094;-1,080059838775771;spy
2020-11-02;101757,85187162153;26838,710669608838;0,18120875551697058;1,1208438679286115;-0,9396351124116409;spy
2020-11-03;102919,81339733917;27312,572925927103;1,1418888118664094;1,7655924762989716;-0,6237036644325622;spy
2020-11-04;104800,25762647972;27922,98774050673;1,827096422999519;2,2349224155303826;-0,4078259925308636;spy
2020-11-05;106345,8887715106;28467,56334137668;1,4748352533060283;1,9502769758408034;-0,4754417225347751;spy
2020-11-06;108603,19957586021;28461,06201978029;2,122612195380258;-0,022837646898088426;2,1454498422783463;strategy
2020-11-09;105792,16409604854;28818,69423895097;-2,588354202076837;1,2565666696560118;-3,8449208717328487;spy
2020-11-10;103982,0475973381;28776,429447390143;-1,7110118827581955;-0,14665755224850807;-1,5643543305096874;spy
2020-11-11;106275,25664608186;28990,196671799593;2,205389393392232;0,7428552760524454;1,4625341173397866;strategy
2020-11-12;106687,3382662017;28708,9655233998;0,3877493530711096;-0,9700905157134176;1,3578398687845272;strategy
2020-11-13;106582,26649651324;29106,42670894717;-0,09848569792442197;1,384449694724843;-1,482935392649265;spy
2020-11-16;107379,92537564189;29469,749134810776;0,7483973697957946;1,2482549970722623;-0,49985762727646765;spy
2020-11-17;107941,14995308348;29311,25182562865;0,5226531639673793;-0,5378305341422251;1,0604836981096044;strategy
2020-11-18;107199,7938037278;28958,496217773685;-0,6868151299832426;-1,2034818913688516;0,5166667613856091;strategy
2020-11-19;108468,95326274485;29080,41646161417;1,1839196830366605;0,42101717894333923;0,7629025040933213;strategy
2020-11-20;109252,97833506306;28881,27907115189;0,722810581954314;-0,6847817696322922;1,4075923515866062;strategy
2020-11-23;110418,73349426914;29054,406214281178;1,0670236884809503;0,599444168323604;0,4675795201573463;strategy
2020-11-24;110114,98819992067;29522,580744380237;-0,27508492874013246;1,6113718747035932;-1,8864568034437257;spy
2020-11-25;111422,25999253019;29477,064051784353;1,187187878761864;-0,15417585945479706;1,341363738216661;strategy
2020-11-27;113277,90184400024;29559,15780972187;1,6654139411590219;0,27850045646777843;1,3869134846912434;strategy
2020-11-30;114882,27404356992;29428,295458153414;1,4163152507707277;-0,4427133966767305;1,8590286474474582;strategy
2020-12-01;114508,49427454939;29750,164207359667;-0,32535895736079956;1,0937390161246174;-1,419097973485417;spy
2020-12-02;114064,76081543503;29812,75152003429;-0,3875113911204209;0,2103763604072384;-0,5978877515276593;spy
2020-12-03;115213,53059952374;29804,62300768352;1,007120670640349;-0,027265220203864793;1,0343858908442138;strategy
2020-12-04;116633,2843238017;30061,468619030988;1,2322803727046194;0,8617643352887061;0,3705160374159133;strategy
2020-12-07;117427,6234339783;29999,694901733554;0,6810569682418777;-0,20549134867724472;0,8865483169191224;strategy
2020-12-08;117791,91788519261;30087,47886636398;0,31022892277057235;0,292616191324524;0,017612731446048357;strategy
2020-12-09;116642,72368809483;29817,628131350015;-0,9756137922958819;-0,8968871609766005;-0,07872663131928137;spy
2020-12-10;117225,3243546894;29807,874908718568;0,499474504858477;-0,03270958571380822;0,5321840905722852;strategy
2020-12-11;116716,27736109425;29772,922553657612;-0,434246607034261;-0,11725879542903161;-0,3169878116052294;spy
2020-12-14;115838,28648796518;29639,624376905;-0,7522437255369052;-0,4477161303609867;-0,30452759517591854;spy
2020-12-15;116630,85509905228;30040,334983013716;0,6842026372424259;1,351942254777505;-0,6677396175350792;spy
2020-12-16;116305,5872105324;30087,47886636398;-0,27888665331625706;0,15693527844120592;-0,435821931757463;spy
2020-12-17;117529,21729515123;30255,726917703836;1,0520819454734154;0,559196242686677;0,4928857027867384;strategy
2020-12-18;118144,28120134358;30007,00981870714;0,5233285138347643;-0,8220496558327905;1,3453781696675549;strategy
2020-12-21;118969,41195475365;29899,719408813817;0,6984093897900001;-0,3575511540188092;1,0559605438088093;strategy
2020-12-22;120418,94457342889;29849,32610490221;1,2184078200088377;-0,16854105960857346;1,3869488796174112;strategy
2020-12-23;119968,22266656542;29876,149947612397;-0,3742948490871645;0,08986414840963519;-0,4641589974967997;spy
2020-12-24;119832,6411611831;29992,37998475997;-0,11301451531806617;0,3890395427502469;-0,502054058068313;spy
2020-12-28;117889,70088075395;30250,039191484633;-1,6213781667515414;0,8590822297383172;-2,4804603964898586;spy
2020-12-29;117007,91916317982;30192,32849012573;-0,7479717998996938;-0,19077893087540154;-0,5571928690242922;spy
2020-12-30;118065,43978560012;30235,406877063757;0,9038026058266091;0,14267990940850517;0,7611226964181039;strategy
2020-12-31;117275,903072257;30389,02757493015;-0,6687280501193826;0,5080821253407031;-1,1768101754600857;spy
2021-01-04;117166,23694289112;29975,311845154938;-0,09351122139584778;-1,3613983822125086;1,2678871608166609;strategy
2021-01-05;118509,3689909067;30181,761672117093;1,1463473463522167;0,6887328746690624;0,4576144716831543;strategy
2021-01-06;119863,64074074465;30362,20373221997;1,1427550086287708;0,5978513184986545;0,5449036901301163;strategy
2021-01-07;122723,75727177615;30813,310122713996;2,3861418803535983;1,4857498305214323;0,900392049832166;strategy
2021-01-08;122913,11084083965;30988,875571501143;0,1542925129355055;0,5697714659280706;-0,4154789529925651;spy
2021-01-11;122565,766203003;30779,98495840742;-0,2825936431520515;-0,6740825836411668;0,3914889404891153;strategy
2021-01-12;123877,92133959042;30786,48628000381;1,070572295378236;0,02112191284424636;1,0494503825339896;strategy
2021-01-13;123337,75534712695;30869,39363331852;-0,43604702647753735;0,26929787492040447;-0,7053449013979418;spy
2021-01-14;124666,52759587576;30761,289628048005;1,0773442771104813;-0,3501980199372423;1,4275422970477236;strategy
2021-01-15;123456,69592399432;30536,958066103638;-0,9704542953207662;-0,7292657904037436;-0,2411885049170226;spy
2021-01-19;124231,69375328792;30776,733057372363;0,6277487207099197;0,785196058984261;-0,15744733827434132;spy
2021-01-20;124270,8864467587;31202,642795910593;0,03154806336989058;1,3838692292137411;-1,3523211658438505;spy
2021-01-21;124281,4065999949;31231,088868427738;0,00846550108155597;0,09116558716901757;-0,0827000860874616;spy
2021-01-22;124102,41092626969;31120,549037973076;-0,1440244994179274;-0,35394164744095846;0,20991714802303107;strategy
2021-01-25;123764,58645795548;31243,282877190755;-0,2722142670660288;0,3943819855746211;-0,6665962526406499;spy
2021-01-26;122338,13952643436;31194,514283559816;-1,152548537788478;-0,1560930514972969;-0,9964554862911812;spy
2021-01-27;119671,14877564198;30432,105961868176;-2,1800157833985256;-2,4440461382450374;0,2640303548465117;strategy
2021-01-28;121621,84624814984;30693,82818453137;1,63004825512707;0,8600200820512827;0,7700281730757874;strategy
2021-01-29;120746,48122702536;30079,35035401321;-0,7197432436097384;-2,001958917681801;1,2822156740720625;strategy
2021-02-01;121788,89308025132;30580,036453041655;0,8633061954542942;1,664550906637663;-0,8012447111833687;spy
2021-02-02;122966,79303314148;31012,44503270257;0,9671653326498442;1,4140224467191764;-0,44685711406933226;spy
2021-02-03;123376,38648685932;31036,83056975489;0,3330927347251045;0,07863145594164678;0,2544612787834577;strategy
2021-02-04;124949,46909361101;31389,58617760986;1,2750272978040655;1,1365709751263386;0,1384563226777269;strategy
2021-02-05;125790,29049056611;31513,13113173101;0,6729291473220878;0,39358580078787675;0,279343346534211;strategy
2021-02-08;127329,81676235195;31740,71707518415;1,2238832311952663;0,7221940038321994;0,5016892273630669;strategy
2021-02-09;127549,48861049778;31719,583439166876;0,17252192277619205;-0,06658210010572763;0,23910402288191968;strategy
2021-02-10;127470,84865328512;31705,764720123192;-0,06165446688132237;-0,04356526014972495;-0,018089206731597418;spy
2021-02-11;128359,80233390936;31756,971619411986;0,6973780201637636;0,16150658954550146;0,5358714306182621;strategy
2021-02-12;128546,09793226066;31913,84421831344;0,14513546683927459;0,4939784585932028;-0,3488429917539282;spy
2021-02-16;128750,35920186692;31886,206780226064;0,1589011824488784;-0,08660015352056627;0,24550133596944468;strategy
2021-02-17;128003,19423918206;31893,524177673353;-0,5803206820676698;0,022948472666328712;-0,6032691547339986;spy
2021-02-18;126234,58184089175;31757,78521478918;-1,3816939560004626;-0,4256003887434856;-0,956093567256977;spy
2021-02-19;128982,90854354316;31701,701704184656;2,17715832109735;-0,17659767589336406;2,353755996990714;strategy
2021-02-22;126734,23445452288;31457,861216503683;-1,7433891935078716;-0,7691716045917674;-0,9742175889161042;spy
2021-02-23;125157,12459468901;31496,062992125986;-1,2444229190493927;0,12143793044092632;-1,365860849490319;spy
2021-02-24;125699,3412759597;31843,128393288036;0,43322877784752745;1,1019326486895187;-0,6687038708419912;spy
2021-02-25;122624,52210329047;31075,843460280674;-2,4461696787406284;-2,4095777385022665;-0,036591940238361875;spy
2021-02-26;124022,58491942237;30915,72144081788;1,1401168315700039;-0,5152620223082605;1,6553788538782643;strategy
2021-03-01;126385,0268771745;31665,12463884303;1,9048481849390786;2,424019764376961;-0,5191715794378826;spy
2021-03-02;125196,88521025702;31418,03473060071;-0,9400968582078617;-0,7803219190213428;-0,15977493918651886;spy
2021-03-03;125134,90593414358;31001,88069516764;-0,04950544576995952;-1,3245705500087857;1,2750651042388261;strategy
2021-03-04;123995,15325512798;30618,238228663962;-0,9108191439528679;-1,2374812685589043;0,3266621246060364;strategy
2021-03-05;126199,94399758137;31181,509159893318;1,7781265513796995;1,839658203136052;-0,061531651756352446;spy
2021-03-08;125185,04115582221;31026,263751746254;-0,8042022917051472;-0,4978765054346579;-0,30632578627048934;spy
2021-03-09;125814,82303583615;31469,24162988951;0,5030807788208636;1,4277512809396153;-0,9246705021187518;spy
2021-03-10;126918,08688596258;31665,12463884303;0,8768949663523928;0,6224586256551756;0,2544363406972172;strategy
2021-03-11;129556,52905605349;31986,182273145798;2,0788543499411505;1,0139155868312377;1,0649387631099128;strategy
2021-03-12;129296,11315625836;32029,26066008382;-0,2010056163842311;0,13467811372471772;-0,3356837301089488;spy
2021-03-15;130663,34649129826;32220,269538195327;1,0574434928198873;0,5963574374651559;0,46108605535473135;strategy
2021-03-16;129861,17684431319;32179,62945691516;-0,6139209415078728;-0,1261320338490357;-0,4877889076588371;spy
2021-03-17;131627,7088631537;32289,358172466345;1,3603234328904534;0,34098812634899556;1,0193353065414579;strategy
2021-03-18;128351,78638304352;31819,558932086617;-2,488778774927991;-1,4549661776192657;-1,0338125973087253;spy
2021-03-19;129570,0667946301;31656,99860696596;0,9491729300524332;-0,5108817676185096;1,4600546976709428;strategy
2021-03-22;128590,06973211022;31909,778721901195;-0,7563452630407141;0,798496781307656;-1,5548420443483701;spy
2021-03-23;125185,9097660011;31658,623317246635;-2,647296150628853;-0,7870797439349819;-1,860216406693871;spy
2021-03-24;125211,30806384688;31497,687702406653;0,020288463688333813;-0,5083468514321288;0,5286353151204626;strategy
2021-03-25;126070,6025684131;31674,880341948192;0,6862754793105941;0,5625576112623598;0,12371786804823426;strategy
2021-03-26;127837,32593535942;32185,31966360808;1,401376158242429;1,6114956588609175;-0,2101195006184886;spy
2021-03-29;125825,06175641675;32169,062638906526;-1,5740818764936937;-0,05051068273196346;-1,5235711937617302;spy
2021-03-30;127124,62458566006;32083,719460407672;1,032833054959359;-0,2652958199522937;1,2981288749116526;strategy
2021-03-31;127268,35084773622;32213,76573612522;0,11305934042646903;0,40533416294836755;-0,2922748225218985;spy
2021-04-01;129191,43693025692;32561,644732664467;1,5110481668938247;1,0799078859294209;0,4311402809644038;strategy
2021-04-05;129048,36680306435;33029,00566738634;-0,110742732329705;1,435311202978129;-1,546053935307834;spy
2021-04-06;128831,7050103768;33009,49922212344;-0,16789192924711038;-0,05905853012752038;-0,10883339911959;spy
2021-04-07;128406,38646225972;33047,70099774574;-0,330134999053866;0,11572964304982225;-0,44586464210368826;spy
2021-04-08;128301,37138156523;33204,57111617348;-0,08178337821643789;0,47467785561978726;-0,5564612338362251;spy
2021-04-09;128358,81091397753;33445,9732981966;0,044769227167096304;0,7270149076117338;-0,6822456804446375;spy
2021-04-12;128059,9206675951;33458,167306959615;-0,23285526272344148;0,03645882466716266;-0,26931408739060414;spy
2021-04-13;127381,33995128002;33557,32672402845;-0,5298931256380146;0,2963683460576405;-0,8262614716956551;spy
2021-04-14;128967,45682560606;33442,72387763526;1,2451720753861473;-0,3415136352656112;1,5866857106517585;strategy
2021-04-15;128968,27616687462;33801,98080708661;0,0006353085411969772;1,0742454196190687;-1,0736101110778717;spy
2021-04-16;128879,33557374345;33914,961423672845;-0,0689631557268311;0,33424259137662116;-0,40320574710345225;spy
2021-04-19;128252,47996931593;33748,33560213995;-0,486389537653098;-0,4913047650308866;0,0049152273777886;strategy
2021-04-20;125895,730286631;33501,24569389764;-1,8375860515514209;-0,7321543531961461;-1,1054316983552748;spy
2021-04-21;127640,1672064516;33818,23783178817;1,385620398602061;0,9462100030157128;0,4394103955863482;strategy
2021-04-22;126504,28060514518;33509,371725774705;-0,8899131254420767;-0,9133122416069117;0,023399116164835032;strategy
2021-04-23;128117,90067622;33872,6941516383;1,275545826082669;1,084241235069583;0,19130459101308617;strategy
2021-04-26;129704,1563059963;33943,40749619;1,2381217779903197;0,20876209088989128;1,0293596871004285;strategy
2021-04-27;130083,12973499764;33936,09257921641;0,29218294910093867;-0,021550331899955477;0,31373328100089415;strategy
2021-04-28;131196,2570654689;33926,33935658496;0,855704604231855;-0,02873996942542867;0,8844445736572837;strategy
2021-04-29;130958,92662045815;34142,54488665228;-0,18089726819898733;0,6372792767143975;-0,8181765449133849;spy
2021-04-30;129541,43553657435;33918,21084423419;-1,0823936332281736;-0,6570513216365037;-0,4253423115916699;spy
2021-05-03;130177,03788077657;33991,36497491746;0,4906556281158103;0,21567803508037997;0,27497759303543035;strategy
2021-05-04;129922,41012548811;33781,660766446534;-0,19560112861198853;-0,6169337672249031;0,4213326386129146;strategy
2021-05-05;131338,04086988;33792,22758445517;1,0895970472103889;0,03127974696592872;1,0583173002444601;strategy
2021-05-06;131467,4778788872;34062,07831946914;0,0985525656922448;0,7985585867032574;-0,7000060210110126;spy
2021-05-07;133414,76659245774;34309,981823088645;1,481194242856354;0,7277991122397465;0,7533951306166076;strategy
2021-05-10;132594,1841118;33970,23133890018;-0,6150612122002852;-0,9902380186043502;0,37517680640406503;strategy
2021-05-11;131815,8980349369;33667,05543957963;-0,5869684874012737;-0,8924752271950998;0,30550673979382603;strategy
2021-05-12;129446,67812541776;32951,791001238256;-1,797370381599328;-2,1245233032779365;0,32715292167860843;strategy
2021-05-13;129939,47004547372;33347,62499603124;0,38069105147564564;1,2012518372009229;-0,8205607857252772;spy
2021-05-14;131977,5872735622;33859,689027971806;1,5685128062899123;1,53553373591524;0,0329790703746724;strategy
2021-05-17;132679,81244365236;33773,53225409576;0,5320791087312315;-0,2544523483510863;0,7865314570823179;strategy
2021-05-18;131244,34116536495;33482,550363538234;-1,0819063215792846;-0,8615678347420608;-0,2203384868372238;spy
2021-05-19;129734,5291510665;33394,7663989078;-1,1503825619392782;-0,26217825009540174;-0,8882043118438765;spy
2021-05-20;130123,1462811384;33754,02580883286;0,29954795582554095;1,0757955472232794;-0,7762475913977385;spy
2021-05-21;130080,52184119467;33726,39085121921;-0,03275700070426435;-0,08187158998504973;0,04911458928078538;strategy
2021-05-24;131044,71049928335;34070,206831819916;0,7412244696141324;1,0194271368004326;-0,27820266718630027;spy
2021-05-25;130398,52086198535;33994,61439547879;-0,49310623438061363;-0,221872548981783;-0,27123368539883064;spy
2021-05-26;131357,881404715;34062,07831946914;0,7357142829442553;0,19845474111135353;0,5372595418329018;strategy
2021-05-27;132430,2595040375;34079,96005445136;0,8163789548481626;0,052497486543567895;0,7638814683045947;strategy
2021-05-28;132211,37802173215;34140,920176371605;-0,1652805658805545;0,1788738068438045;-0,344154372724359;spy
2021-06-01;134426,81105203583;34110,846913100075;1,6756750163662293;-0,08808568461591282;1,763760700982142;strategy
2021-06-02;134513,25072468538;34164,489637573024;0,06430240513262131;0,15726001939970757;-0,09295761426708626;spy
2021-06-03;134951,7239621032;34037,692782416816;0,32597029293066626;-0,3711363948395108;0,697106687770177;strategy
2021-06-04;136127,16883194286;34348,99719408814;0,8710113774980544;0,9145872890425011;-0,04357591154444673;spy
2021-06-07;136502,44194323142;34315,67202978156;0,2756783340964519;-0,09701932233500132;0,37269765643145325;strategy
2021-06-08;136691,28077045444;34322,98694675514;0,13834098828910957;0,02131654879795608;0,11702443949115349;strategy
2021-06-09;135461,75943932717;34271,780047466345;-0,8994877538619273;-0,14919126755555956;-0,7502964863063677;spy
2021-06-10;134898,82195134799;34431,08847155194;-0,4155693018525475;0,46483848771483594;-0,8804077895673834;spy
2021-06-11;135548,52051952615;34487,985577533655;0,48161915632776164;0,16524922245406692;0,3163699338736947;strategy
2021-06-14;133986,93172272365;34565,20272415545;-1,152051524293507;0,2238957866883995;-1,3759473109819065;spy
2021-06-15;134363,60156684916;34501,80429657734;0,2811243150973919;-0,18341691233249025;0,46454122742988213;strategy
2021-06-16;133935,5619318822;34309,16822771146;-0,31856814641426645;-0,5583362168829931;0,2397680704687266;strategy
2021-06-17;131165,51729271922;34297,79029479934;-2,068192046390027;-0,03316295177021589;-2,0350290946198113;spy
2021-06-18;129733,96988066404;33724,76614093853;-1,0914053034689175;-1,670731988666041;0,5793266851971235;strategy
2021-06-21;132258,39130394423;34207,56802451105;1,9458445814941827;1,43159445955785;0,5142501219363327;strategy
2021-06-22;132659,47200182086;34390,44839027178;0,30325538812499;0,534619607069664;-0,23136421894467407;spy
2021-06-23;133055,10216815144;34348,99719408814;0,2982298665602512;-0,1205311303686396;0,4187609969288908;strategy
2021-06-24;134131,57194972146;34552,19760048895;0,8090405884695784;0,5915759498090534;0,217464638660525;strategy
2021-06-25;134139,09167519072;34674,92895923292;0,005606230777699395;0,35520565193292164;-0,34959942115522225;spy
2021-06-28;132910,19405287568;34744,83118888113;-0,916136830038139;0,20159300032132066;-1,1177298303594596;spy
2021-06-29;132970,34906409288;34763,52651924054;0,04525989270112163;0,05380751530430494;-0,008547622603183314;spy
2021-06-30;133324,43431067385;34792,78618713487;0,26628887498092446;0,08416772066590639;0,18212115431501807;strategy
2021-07-01;134321,06734583038;34985,41977552705;0,7475246681595937;0,553659564244402;0,19386510391519174;strategy
2021-07-02;134016,86009355646;35252,83220488316;-0,22647769131456386;0,7643539253548548;-0,9908316166694187;spy
2021-07-06;132232,31680876273;35188,620181927865;-1,3315811783293219;-0,182147132412247;-1,1494340459170749;spy
2021-07-07;131617,8613592448;35312,978731426214;-0,46467872933556587;0,3534055863952723;-0,8180843157308382;spy
2021-07-08;131255,6187192678;35025,248741903735;-0,27522301018724216;-0,8147995435639044;0,5395765333766622;strategy
2021-07-09;132962,41591433005;35399,13550530226;1,3003612429824951;1,067477824793328;0,23288341818916702;strategy
2021-07-12;133514,8637377619;35525,93236045847;0,41549171593557865;0,3581919539736189;0,05729976196195974;strategy
2021-07-13;132822,02078590431;35404,825711995174;-0,5189257079409426;-0,34089646750015135;-0,17802924044079127;spy
2021-07-14;131387,10926865612;35457,65732156464;-1,0803265217302571;0,1492214931355207;-1,2295480148657778;spy
2021-07-15;130994,81266528743;35336,550673101345;-0,29858074019006864;-0,34155287633637066;0,04297213614630202;strategy
2021-07-16;129987,74053300571;35059,38502111379;-0,768787795326642;-0,7843596692603483;0,015571873933706293;strategy
2021-07-19;128999,73645814855;34541,630782480315;-0,7600748122907008;-1,4767921294730924;0,7167173171823915;strategy
2021-07-20;130792,45665163355;35036,62667481585;1,3897084154637973;1,433041466549989;-0,04333305108619179;spy
2021-07-21;132834,98547048794;35320,2936483998;1,5616564373392539;0,8096298088761111;0,7520266284631427;strategy
2021-07-22;132968,05286799802;35394,25889398654;0,10017496297287654;0,20941288405762482;-0,10923792108474828;spy
2021-07-23;133498,9754880232;35758,394915227334;0,3992858499268559;1,0287996771777719;-0,629513827250916;spy
2021-07-26;134135,33215760524;35846,17639938405;0,4766753207324337;0,2454849675574744;0,23119035317495928;strategy
2021-07-27;132747,82593375212;35682,80495935992;-1,0344077146078434;-0,45575694937142197;-0,5786507652364214;spy
2021-07-28;133975,49000543304;35668,17264493904;0,9248091733672359;-0,04100662612579464;0,9658157994930305;strategy
2021-07-29;134628,40562514565;35816,10313611252;0,48733960195714854;0,41474087457762376;0,07259872737952477;strategy
2021-07-30;134088,9671132885;35642,164878079755;-0,4006869942136504;-0,48564260989462094;0,08495561568097054;strategy
2021-08-02;133574,69653198484;35567,38603711582;-0,3835293778265636;-0,20980443028566498;-0,17372494754089862;spy
2021-08-03;135162,1685376672;35856,743217392686;1,1884526387841987;0,8135463763766948;0,3749062624075039;strategy
2021-08-04;135563,0716666003;35680,366653702054;0,29660897962093813;-0,491892313312714;0,7885012929336521;strategy
2021-08-05;135890,0993219451;35906,325406400814;0,241236533905842;0,6332859605727048;-0,3920494266668628;spy
2021-08-06;136344,68377793583;35965,658337566674;0,3345236027193943;0,16524367362660275;0,16927992909279155;strategy
2021-08-09;137445,51712183544;35936,39866967234;0,8073900011331014;-0,08135446213638486;0,8887444632694863;strategy
2021-08-10;137751,75166479032;35981,10176689104;0,2228043150242831;0,1243950392180837;0,0984092758061994;strategy
2021-08-11;136962,34191778584;36070,51044180214;-0,5730669392324361;0,2484878742467167;-0,8215548134791528;spy
2021-08-12;137723,67576617782;36178,61196659893;0,5558709333759682;0,29969502364324274;0,2561759097327254;strategy
2021-08-13;137946,62707191706;36244,45118030861;0,16188306367725946;0,1819838023926046;-0,020100738715345123;spy
2021-08-16;137032,6513844983;36329,79435880747;-0,6625574737265993;0,2354655008411921;-0,8980229745677915;spy
2021-08-17;136093,57398989704;36091,64407781941;-0,6852946251228342;-0,655523338877162;-0,029771286245672268;spy
2021-08-18;135452,79931540333;35696,6211979299;-0,47083389443595136;-1,094499544098848;0,6236656496628967;strategy
2021-08-19;134418,67481809843;35751,89111315723;-0,763457457159622;0,15483234371362897;-0,918289800873251;spy
2021-08-20;135242,61222500427;36036,37168211836;0,612963494857266;0,7957077516843158;-0,18274425682704987;spy
2021-08-23;136912,05762944935;36353,3663004826;1,2344078371302247;0,8796518727259617;0,35475596440426305;strategy
2021-08-24;137213,09694534377;36411,074521367795;0,2198778698580206;0,15874244054374653;0,06113542931427407;strategy
2021-08-25;137764,97670520758;36487,47807261239;0,40220632880521023;0,20983602447590677;0,19237030432930347;strategy
2021-08-26;137484,90862924966;36272,08613792228;-0,20329410468177267;-0,5903174076911322;0,3870233030093595;strategy
2021-08-27;138300,30303863605;36596,39319278638;0,5930792095772741;0,8940954033659576;-0,3010161937886835;spy
2021-08-30;138424,86334227026;36757,32880762636;0,09006509812159447;0,439758131333301;-0,3496930332117065;spy
2021-08-31;137999,5467180521;36702,87000730252;-0,30725450179172054;-0,14815766566951272;-0,15909683612220782;spy
2021-09-01;137760,40025173154;36722,37645256541;-0,17329511002609488;0,05314692082394323;-0,2264420308500381;spy
2021-09-02;138733,64758277722;36835,35706915164;0,7064782980212403;0,3076615064174115;0,39881679160382877;strategy
2021-09-03;139248,6604583459;36826,414961423674;0,37122420158481884;-0,024275881759971973;0,3955000833447908;strategy
2021-09-07;138958,0383786233;36694,74149495174;-0,20870727141358847;-0,3575516829695813;0,14884441155599282;strategy
2021-09-08;138367,9326252516;36650,03839773305;-0,42466471192105226;-0,12182425981892564;-0,3028404521021266;spy
2021-09-09;138816,34813022445;36493,16827930531;0,32407473065838577;-0,4280217028024724;0,7520964334608582;strategy
2021-09-10;138379,95120227605;36205,43580930912;-0,3143699815089551;-0,7884557125706126;0,4740857310616575;strategy
2021-09-13;136840,55056138066;36298,093904781555;-1,1124448502263018;0,25592316015876637;-1,3683680103850682;spy
2021-09-14;136826,09121218944;36102,21089582804;-0,010566567535652549;-0,5396509510041114;0,5290843834684589;strategy
2021-09-15;138422,33739852207;36403,75960439421;1,1666241227758167;0,835263827570798;0,33136029520501875;strategy
2021-09-16;138308,91392479496;36346,05138350902;-0,08194015204392446;-0,15852269521697826;0,0765825431730538;strategy
2021-09-17;137087,27045813118;35877,063258032766;-0,8832716793134909;-1,2903413372959749;0,40706965798248396;strategy
2021-09-20;134614,09866918076;35278,84245221615;-1,8040856606783007;-1,6674185440266664;-0,13666711665163422;spy
2021-09-21;135056,47470913557;35245,51728790958;0,3286253403827821;-0,09446218183521982;0,42308752221800194;strategy
2021-09-22;136322,94132660946;35589,330788036576;0,9377311381786102;0,975481498309394;-0,03775036013078381;spy
2021-09-23;138183,36573056923;36021,7418481712;1,364718502883866;1,215001941761673;0,1497165611221929;strategy
2021-09-24;137686,16339673824;36081,07725981077;-0,3598134487478366;0,16472110618543923;-0,5245345549332758;spy
2021-09-27;136879,00441399496;35977,85234632969;-0,5862310074088328;-0,2860915508087203;-0,30013945660011254;spy
2021-09-28;134508,92546511831;35252,83220488316;-1,731513871702528;-2,015184604315301;0,283670732612773;strategy
2021-09-29;134931,01186253945;35312,16761652274;0,31379805909652614;0,1683138855191224;0,14548417357740373;strategy
2021-09-30;134640,03925547143;34880,5701517653;-0,2156454643387984;-1,2222344134872443;1,0065889491484459;strategy
2021-10-01;134896,17403784927;35295,096996443994;0,19023671100677486;1,1884176287116022;-0,9981809177048273;spy
2021-10-04;133203,49238017036;34839,93007048514;-1,254803310584618;-1,289603839322817;0,034800528738199166;strategy
2021-10-05;134610,82006848042;35202,43890097155;1,0565246174578213;1,040498157582448;0,016026459875373433;strategy
2021-10-06;134294,2690633788;35348,742201390654;-0,23516014904342297;0,4156055801436631;-0,6507657291870861;spy
2021-10-07;135146,68510265683;35654,35640636906;0,634737465137647;0,8645688246479599;-0,22983135951031297;spy
2021-10-08;134674,6039136526;35589,330788036576;-0,3493102244022106;-0,1823777649815228;-0,1669324594206878;spy
2021-10-11;134327,99267110077;35331,67406178563;-0,25736941671203883;-0,7239718211772606;0,4666024044652217;strategy
2021-10-12;134725,04799292109;35244,703692532385;0,29558643282379116;-0,24615411401439635;0,5417405468381875;strategy
2021-10-13;135350,13431399016;35371,5005476886;0,4639718674302573;0,3597614446197772;0,1042104228104801;strategy
2021-10-14;136833,64251604944;35966,47193294387;1,0960522570430342;1,6820643061300489;-0,5860120490870147;spy
2021-10-15;136629,3495661329;36240,38568389637;-0,1493002350592021;0,7615808174435079;-0,91088105250271;spy
2021-10-18;137635,04737747344;36347,67609378969;0,736077434705007;0,29605206420579844;0,44002537049920853;strategy
2021-10-19;138160,56688586457;36628,093646812296;0,3818209957452634;0,7714868821297793;-0,38966588638451594;spy
2021-10-20;138595,93728506163;36771,95864157353;0,31511914651938255;0,3927722696912994;-0,07765312317191686;spy
2021-10-21;138975,07113144308;36867,868638081025;0,273553362247303;0,26082373648450563;0,012729625762797347;strategy
2021-10-22;139400,61984469104;36829,666862458726;0,30620506957357296;-0,1036180745822679;0,40982314415584087;strategy
2021-10-25;140333,41032443382;37027,17706216663;0,6691437102517961;0,5362801690428354;0,1328635412089607;strategy
2021-10-26;140578,39215235028;37060,5022264732;0,1745712780371278;0,09000190387353779;0,08456937416359;strategy
2021-10-27;139309,31946539396;36896,31719107189;-0,9027508904647208;-0,4430189164679854;-0,4597319739967354;spy
2021-10-28;141140,99402005255;37252,32469996191;1,3148255706708856;0,964886297584644;0,3499392730862416;strategy
2021-10-29;142199,3593275995;37327,914655829314;0,7498638612369213;0,20291339259019825;0,546950468646723;strategy
2021-11-01;142062,35892054063;37392,12667878461;-0,09634389895051276;0,17202145779464662;-0,2683653567451594;spy
2021-11-02;142685,1081614158;37543,30659051943;0,4383632973625984;0,4043094767877786;0,03405382057481976;strategy
2021-11-03;143330,5984536449;37772,51724425324;0,4523879895713234;0,6105233516956465;-0,1581353621243231;spy
2021-11-04;143967,37529399694;37950,52099869825;0,44427138881861783;0,4712520303954415;-0,026980641576823672;spy
2021-11-05;143371,37101192592;38082,19446517018;-0,413985655329141;0,34696089278047904;-0,76094654810962;spy
2021-11-08;144816,10881163084;38114,706034099574;1,007689184742988;0,08537209944434743;0,9223170852986406;strategy
2021-11-09;144354,36970942898;37988,72277432055;-0,3188451243379742;-0,3305371414023539;0,011692017064379723;strategy
2021-11-10;141387,75330873413;37683,10856934214;-2,0550928985844763;-0,8044866546158214;-1,250606243968655;spy
2021-11-11;142594,98356745666;37695,30009763144;0,853843582963254;0,03235276693500655;0,8214908160282475;strategy
2021-11-12;143016,63489458675;37979,78066659258;0,2956985698803427;0,7546844519723317;-0,458985882091989;spy
2021-11-15;142975,44629707973;37992,785790259084;-0,02879986481109098;0,034242229518555156;-0,06304209432964614;spy
2021-11-16;143199,39778336743;38143,15458709042;0,15663632608802214;0,3957824984497149;-0,23914617236169278;spy
2021-11-17;142517,27703789074;38050,49649161798;-0,47634330593246954;-0,2429219514628267;-0,23342135446964285;spy
2021-11-18;143445,70512466898;38179,731652432056;0,6514494986677333;0,3396411945440603;0,311808304123673;strategy
2021-11-19;142836,42376068613;38111,45661353823;-0,424747024285832;-0,17882535035963487;-0,24592167392619713;spy
2021-11-22;143470,0228365523;38004,16620364491;0,44358368767880574;-0,28151747381705006;0,7251011614958558;strategy
2021-11-23;143672,38042763795;38054,55950755652;0,14104520727384884;0,1325994198677405;0,008445787406108352;strategy
2021-11-24;144306,99507739866;38156,159710756925;0,4417095671915394;0,266985624101701;0,1747239430898384;strategy
2021-11-26;142542,30374895467;37305,15630953137;-1,2228730336305005;-2,2303172218498757;1,0074441882193752;strategy
2021-11-29;144263,6990700254;37762,76402162179;1,2076382069020397;1,2266607551340236;-0,019022548231983905;spy
2021-11-30;141639,85371569285;37027,990657543814;-1,8187841925909276;-1,9457616070086114;0,12697741441768384;strategy
2021-12-01;139013,5012585229;36616,71323342647;-1,8542468014981828;-1,1107203410551714;-0,7435264604430114;spy
2021-12-02;140295,1808068837;37177,54585899797;0,9219820641573895;1,5316301657013032;-0,6096481015439137;spy
2021-12-03;138642,7034439053;36854,05239951105;-1,17785753828068;-0,8701312903057756;-0,30772624797490433;spy
2021-12-06;137674,7030899672;37290,5264755842;-0,6981978350773854;1,1843312950815088;-1,8825291301588942;spy
2021-12-07;141257,70296552463;38061,8744245301;2,6025114237697267;2,0684823247291373;0,5340290990405894;strategy
2021-12-08;141175,0480323296;38162,66103235332;-0,05851357586864614;0,26479675356783083;-0,323310329436477;spy
2021-12-09;139474,065204209;37905,00430610236;-1,2048749774330236;-0,6751539837133502;-0,5297209937196734;spy
2021-12-10;140688,27390165735;38261,82292989586;0,8705623483983072;0,9413496458462456;-0,07078729744793844;spy
2021-12-13;138585,30297841903;37922,88604108459;-1,4947734199285967;-0,8858357047762166;-0,60893771515238;spy
2021-12-14;137478,04119005566;37661,97493332487;-0,7989749017872305;-0,6880043556733884;-0,11097054611384216;spy
2021-12-15;139338,72865899533;38250,444996983744;1,3534433956382763;1,5625045279773042;-0,2090611323390279;spy
2021-12-16;137429,26769676947;37913,132818453145;-1,3703734637186882;-0,8818516452741898;-0,4885218184444984;spy
2021-12-17;137325,01949802434;37378,307959740916;-0,0758558933568243;-1,410658573833068;1,3348026804762436;strategy
2021-12-20;135823,2903674647;36980,849254667264;-1,0935582867921845;-1,0633405490204195;-0,030217737771764952;spy
2021-12-21;138366,50281287666;37637,59187674626;1,8724420815689147;1,7758992432984844;0,09654283827043031;strategy
2021-12-22;139306,9223030508;38013,919426276356;0,6796583501470277;0,9998714868965974;-0,32021313674956975;spy
2021-12-23;140024,65020051802;38250,444996983744;0,5152133760488065;0,6222077972414919;-0,10699442119268543;spy
2021-12-27;142334,34310677843;38791,77117729236;1,6494902168674441;1,4152153794584565;0,23427483740898758;strategy
2021-12-28;141604,71030925537;38760,07072326645;-0,5126189376345236;-0,08171953242616103;-0,43089940520836256;spy
2021-12-29;141203,74661216082;38809,65291227458;-0,2831570335611544;0,12792079086265673;-0,41107782442381113;spy
2021-12-30;140733,2254445903;38702,36250238126;-0,33322144692299327;-0,27645289726203615;-0,056768549660957124;spy
2021-12-31;140884,0163635163;38604,82531511938;0,10714663751196785;-0,25201869073464556;0,3591653282466134;strategy
2022-01-03;140906,59271770343;38828,34576216027;0,016024780361800772;0,5789961364061735;-0,5629713560443728;spy
2022-01-04;141204,53492588695;38815,34063849378;0,21144660617862243;-0,033493890638958135;0,24494049681758057;strategy
2022-01-05;138419,6696679702;38070,002936880875;-1,9722208351016568;-1,9202142486770768;-0,052006586424580004;spy
2022-01-06;139023,04796580787;38034,239466916435;0,4359050265652087;-0,09394133755055156;0,5298463641157602;strategy
2022-01-07;137626,58720716782;37883,87067008509;-1,0044814720099549;-0,39535113344948414;-0,6091303385604707;spy
2022-01-10;137526,49470135273;37836,72926720854;-0,0727275941707517;-0,1244366059822255;0,051709011811473804;strategy
2022-01-11;138362,56499597902;38181,35636271272;0,607933981333475;0,9108268663244656;-0,30289288499099065;spy
2022-01-12;138735,28676283523;38284,5812761938;0,26938049816223053;0,2703542338843734;-0,0009737357221428766;spy
2022-01-13;137009,3275148635;37757,07381492888;-1,2440665156242647;-1,3778587715492008;0,13379225592493604;strategy
2022-01-14;137152,67737465806;37772,51724425324;0,10462781067150928;0,04090208208415991;0,06372572858734937;strategy
2022-01-18;135942,11030288797;37103,58061341123;-0,882641954165575;-1,7709612163689936;0,8883192622034186;strategy
2022-01-19;134324,78722880615;36718,31343662687;-1,1897145560550215;-1,0383557878106742;-0,15135876824434735;spy
2022-01-20;132750,07569500472;36311,91262382525;-1,1723164177577239;-1,1068068622025362;-0,06550955555518767;spy
2022-01-21;131066,07996999178;35599,08649114173;-1,268545962174772;-1,9630641328868381;0,6945181707120662;strategy
2022-01-24;131925,20281831533;35750,26640287656;0,6554883220130314;0,4246735706896487;0,2308147513233827;strategy
2022-01-25;130873,46698422405;35313,7923268034;-0,7972213130039374;-1,2208974085799795;0,42367609557604213;strategy
2022-01-26;130548,97838441974;35225,1972472695;-0,24794070737305107;-0,25087953939927354;0,002938832026222471;strategy
2022-01-27;129669,5132237953;35051,25650876302;-0,6736668272000812;-0,49379635062216654;-0,17987047657791466;spy
2022-01-28;131385,85846120748;35921,768835725175;1,3236305086222977;2,4835410015744186;-1,159910492952121;spy
2022-01-31;133238,33977225772;36568,75823517272;1,4099548709020304;1,8011067394991143;-0,39115186859708384;spy
2022-02-01;134888,3838475101;36815,85062388875;1,238415367583201;0,6756925874457753;0,5627227801374257;strategy
2022-02-02;136167,3492228488;37173,482843059435;0,9481656899266833;0,9714082741813179;-0,023242584254634657;spy
2022-02-03;135465,86037287812;36299,72109553594;-0,5151667077124666;-2,350497399483331;1,8353306917708645;strategy
2022-02-04;135018,04862414201;36470,40993300737;-0,3305716639627643;0,4702207959730753;-0,8007924599358396;spy
2022-02-07;134931,0921435042;36353,3663004826;-0,06440359753669966;-0,32092765817486324;0,2565240606381636;strategy
2022-02-08;134593,119938476;36652,476703390916;-0,2504776324412705;0,8227859847585561;-1,0732636171998267;spy
2022-02-09;135404,20814883703;37188,9262723838;0,6026223411209841;1,4636106949445171;-0,860988353823533;spy
2022-02-10;134664,82495686726;36520,80323691898;-0,5460562873770058;-1,7965644680657422;1,2505081806887364;strategy
2022-02-11;135594,21652366366;35800,65970678816;0,6901516911294925;-1,9718721011120266;2,662023792241519;strategy
2022-02-14;133849,4937376783;35683,616074263395;-1,286723601283446;-0,3269314964678527;-0,9597921048155933;spy
2022-02-15;133910,89474871635;36259,08101425578;0,04587317390858381;1,6126867265771283;-1,5668135526685445;spy
2022-02-16;134402,94038292576;36299,72109553594;0,3674425707727025;0,11208249118113134;0,25536007959157114;strategy
2022-02-17;133966,3754427983;35524,3076501778;-0,32481799794233934;-2,136141606480557;1,8113236085382178;strategy
2022-02-18;133931,94433490036;35294,28588154051;-0,025701305856895562;-0,6475052825867911;0,6218039767298955;strategy
2022-02-22;132540,80706259012;34915,520026352555;-1,0386896712495042;-1,0731648076383382;0,03447513638883404;strategy
2022-02-23;132371,52833965054;34296,16558451867;-0,1277181923750037;-1,7738657232268862;1,6461475308518825;strategy
2022-02-24;133015,03096661696;34812,29263239777;0,48613371397756566;1,5049118147250962;-1,0187781007475305;spy
2022-02-25;135384,59992154903;35580,391160782325;1,7814294653111462;2,206400298007738;-0,42497083269659175;spy
2022-02-28;136950,38063067384;35489,35777559055;1,1565427013354057;-0,2558526823957852;1,412395383731191;strategy
2022-03-01;136638,41944843967;34948,84519065913;-0,22779139480850752;-1,5230272363598085;1,295235841551301;strategy
2022-03-02;138502,96051106812;35591,771574168146;1,3645803794825273;1,8396212521518462;-0,47504087266931894;spy
2022-03-03;138892,86610544234;35414,57893462662;0,28151426722973216;-0,49784720373439173;0,7793614709641239;strategy
2022-03-04;140602,33062878702;35126,84894510414;1,2307792122648875;-0,8124619808514755;2,043241193116363;strategy
2022-03-07;138976,65744960692;34091,33798736348;-1,1562206486264714;-2,9479187255280093;1,7916980769015378;strategy
2022-03-08;138621,706227815;33832,86766573533;-0,25540348163908266;-0,7581700715998729;0,5027665899607903;strategy
2022-03-09;139561,62941413897;34739,954577565404;0,6780490674232809;2,6810819608671155;-2,0030328934438346;spy
2022-03-10;141467,7861857736;34583,084459137666;1,3658172232843935;-0,4515553354495272;1,8173725587339207;strategy
2022-03-11;140599,03299895916;34143,35848202947;-0,6140996549374278;-1,2715059514941784;0,6574062965567506;strategy
2022-03-14;138109,60747660277;33893,82778765558;-1,7705850952579483;-0,7308323066848366;-1,0397527885731117;spy
2022-03-15;138486,41586024;34639,167969742186;0,27283285393526757;2,1990439874662426;-1,926211133530975;spy
2022-03-16;138381,53864638836;35407,26401765303;-0,0757310478433304;2,217420604853415;-2,2931516526967455;spy
2022-03-17;141500,3505428831;35850,241895796295;2,253777438090454;1,2510932161333033;1,0026842219571508;strategy
2022-03-18;142213,3134158169;36130,65696834519;0,5038594393571794;0,7821846038416069;-0,27832516448442757;spy
2022-03-21;144998,65881784738;36120,092630810264;1,9585686706324212;-0,02923926222592188;1,9878079328583431;strategy
2022-03-22;144645,06396158427;36542,74798783973;-0,24386077715884413;1,1701391836103525;-1,4139999607691967;spy
2022-03-23;145462,86346824063;36072,13515208281;0,5653836254471578;-1,287841943122403;1,8532255685695609;strategy
2022-03-24;146189,8813205648;36615,899638049275;0,4997961919558369;1,5074363734608909;-1,007640181505054;spy
2022-03-25;147703,9811726131;36794,71698787148;1,0357076962995704;0,48835984255426457;0,5473478537453058;strategy
2022-03-28;146137,4483839717;37056,43921053467;-1,060589414181523;0,7113038068738531;-1,7718932210553762;spy
2022-03-29;144954,9295001356;37514,858037528575;-0,8091826543522695;1,2370827763277914;-2,046265430680061;spy
2022-03-30;145561,75700419414;37283,21155861062;0,41863185070776243;-0,6174792896356474;1,0361111403434098;strategy
2022-03-31;145233,34372533378;36709,37380937262;-0,22561783096015642;-1,5391317572948537;1,3135139263346973;strategy
2022-04-01;145755,84294864658;36813,41231823088;0,3597653334353801;0,28341128726008247;0,07635404617529762;strategy
2022-04-04;145988,55383160777;37128,77726536703;0,15965801319071105;0,8566577431344813;-0,6969997299437702;spy
2022-04-05;144810,67579250305;36659,79162036449;-0,806829034325085;-1,263132479829876;0,45630344550479096;strategy
2022-04-06;144740,38778593956;36293,21729346584;-0,048537862404707255;-0,999935653466788;0,9513977910620808;strategy
2022-04-07;146177,76838546887;36476,09765922657;0,9930749955258333;0,5038968143330269;0,4891781811928064;strategy
2022-04-08;148127,37422882137;36378,56295243841;1,3337225385815277;-0,2673934796955657;1,6011160182770934;strategy
2022-04-11;146658,47211706877;35756,77020494666;-0,991647978234933;-1,7092284494708787;0,7175804712359457;strategy
2022-04-12;147977,91328703257;35624,283143097535;0,8996692457770683;-0,37052301169751;1,2701922574745783;strategy
2022-04-13;149407,74941417278;36032,30866617983;0,9662496891456707;1,145357848867623;-0,17910815972195238;spy
2022-04-14;149510,80846465915;35583,643061817376;0,06897838357813324;-1,245175846263702;1,3141542298418352;strategy
2022-04-18;150568,70765132183;35598,272895764545;0,7075737182658193;0,04111392957082405;0,6664597886949952;strategy
2022-04-19;150304,18550958397;36172,92424037973;-0,17568201644555526;1,614267485104759;-1,7899495015503142;spy
2022-04-20;150491,60297534382;36146,10039766954;0,1246921136124346;-0,07415447679025577;0,19884659040269037;strategy
2022-04-21;147454,1267447795;35605,58781273813;-2,018369244868745;-1,4953551807382892;-0,5230140641304559;spy
2022-04-22;144037,53764190257;34628,60115173355;-2,3170522102718194;-2,7439138658316264;0,42686165555980704;strategy
2022-04-25;142620,0186459383;34829,363252476505;-0,984131650103881;0,5797580441186945;-1,5638896942225755;spy
2022-04-26;142134,4682715141;33820,676137446026;-0,3404503652671642;-2,8960825603343676;2,5556321950672034;strategy
2022-04-27;143283,42932046996;33915,772538576326;0,8083620130488356;0,2811782968023202;0,5271837162465154;strategy
2022-04-28;144430,16274248523;34772,46614649479;0,8003252207556155;2,525944549675385;-1,7256193289197697;spy
2022-04-29;141905,87071790622;33487,42697485395;-1,7477595930427303;-3,6955652389653038;1,9478056459225734;strategy
2022-05-02;141878,56439514656;33689,00267097409;-0,019242560312349166;0,6019444141573072;-0,6211869744696563;spy
2022-05-03;144508,31414794963;33843,434483743964;1,8535215407726735;0,458404228460374;1,3951173123122995;strategy
2022-05-04;146838,695097918;34874,066349695204;1,6126275942728752;3,045293368337898;-1,4326657740650228;spy
2022-05-05;144007,18565345943;33634,54387065024;-1,9283128623353796;-3,554281472701848;1,6259686103664683;strategy
2022-05-06;145505,4043169617;33433,78176990729;1,0403777121980706;-0,596892592077436;1,6372703042755066;strategy
2022-05-09;139083,59038203472;32363,323418053085;-4,413453895456721;-3,201726802014637;-1,2117270934420836;spy
2022-05-10;139961,171038209;32438,099778543306;0,6309735417123985;0,23105278627999493;0,3999207554324036;strategy
2022-05-11;140198,65541129952;31922,78384556769;0,1696787554211765;-1,5886131940332726;1,758291949454449;strategy
2022-05-12;139831,24744939085;31889,458681261112;-0,2620624005492789;-0,10439303936584654;-0,15766936118343233;spy
2022-05-13;142487,09240335214;32651,867002952753;1,8993215053184187;2,390784770955201;-0,49146326563678233;spy
2022-05-16;144020,64496591344;32519,37994110363;1,076274725446802;-0,40575646665822473;1,4820311921050267;strategy
2022-05-17;145334,47616879694;33188,31657194565;0,9122519922018624;2,057039931430249;-1,1447879392283866;spy
2022-05-18;141484,8419185835;31850,44331026162;-2,648810077068253;-4,03115734654329;1,3823472694750372;strategy
2022-05-19;141440,76403598473;31655,371416211583;-0,031153784392057293;-0,6124621002910446;0,5813083158989873;strategy
2022-05-20;140622,39959361803;31669,19013525527;-0,5785916443144301;0,04365363104414932;-0,6222452753585794;spy
2022-05-23;142772,65008194017;32261,72321485268;1,5290952896096943;1,871007995678986;-0,3419127060692917;spy
2022-05-24;142401,4986968604;32015,444421513843;-0,25995972258465727;-0,7633776773134482;0,5034179547287909;strategy
2022-05-25;144112,161816044;32298,2977997206;1,2012957271083424;0,8834904007038791;0,31780532640446335;strategy
2022-05-26;145607,55707323522;32943,66248888748;1,0376606931343124;1,9981383946879872;-0,9604777015536747;spy
2022-05-27;147197,7263660846;33752,401098552196;1,09209255674112;2,454914082298898;-1,362821525557778;spy
2022-05-31;146710,2371353079;33563,016930721365;-0,33117986453425896;-0,5610983564631633;0,22991849192890434;strategy
2022-06-01;147055,13929284172;33291,54148542672;0,23509072322998037;-0,8088529283735268;1,0439436516035072;strategy
2022-06-02;147276,83653866913;33925,52824168148;0,15075790407157452;1,9043478552420945;-1,75358995117052;spy
2022-06-03;147533,53206408472;33368,75863204851;0,1742945675969887;-1,6411523666384986;1,8154469342354873;strategy
2022-06-06;147700,4146443617;33470,35883524892;0,11311501727246931;0,3044770239154948;-0,1913620066430255;spy
2022-06-07;149224,98799709204;33791,41398907798;1,0322065489127175;0,9592223238758413;0,07298422503687618;strategy
2022-06-08;148024,3597275043;33424,02854727585;-0,8045758861854435;-1,0872153557139552;0,2826394695285117;strategy
2022-06-09;145850,22112709162;32629,10865665482;-1,4687708188132254;-2,3782886898168876;0,9095178710036622;strategy
2022-06-10;144109,5549461448;31683,006373825254;-1,1934614616936456;-2,8995652096570623;1,7061037479634167;strategy
2022-06-13;140346,011209618;30480,06096012192;-2,6115851498766163;-3,7968158687653575;1,1852307188887412;strategy
2022-06-14;140975,1581008968;30388,21397955296;0,44828270205636844;-0,3013346354166613;0,7496173374730297;strategy
2022-06-15;139920,52108157257;30821,438635064773;-0,7481013204960751;1,4256338190961726;-2,1737351395922477;spy
2022-06-16;136075,87227627367;29801,37110664846;-2,747737626747049;-3,309603878307632;0,5618662515605832;strategy
2022-06-17;133965,7257772644;29737,159083693165;-1,5507131894220483;-0,21546667341413306;-1,3352465160079152;spy
2022-06-21;136294,49464259786;30485,751166814836;1,7383318395970626;2,5173624723693777;-0,7790306327723151;spy
2022-06-22;134187,9148185862;30430,481251587502;-1,5456088887050745;-0,18129753446094465;-1,3643113542441299;spy
2022-06-23;131936,04615467053;30728,778059118617;-1,678145656380492;0,98025662185528;-2,658402278235772;spy
2022-06-24;132705,51533489907;31705,764720123192;0,5832137635278789;3,1793866294486772;-2,5961728659207983;spy
2022-06-27;134640,32054278633;31584,65807165989;1,4579689495229697;-0,3819704382857392;1,839939387808709;strategy
2022-06-28;135165,34228907092;30939,293382493015;0,38994392182669646;-2,0432853434811937;2,43322926530789;strategy
2022-06-29;133412,88919208446;30914,096730537214;-1,2965254756197586;-0,0814390026439904;-1,2150864729757682;spy
2022-06-30;132668,9480602571;30662,941325882653;-0,5576231324668002;-0,8124300277758678;0,25480689530906764;strategy
2022-07-01;133538,3709810822;30987,24838074676;0,6553326407851001;1,0576514869118592;-0,40231884612675906;spy
2022-07-05;132043,25931210732;31045,770197009148;-1,11961203210027;0,1888577376839562;-1,3084697697842262;spy
2022-07-06;131899,9494369414;31150,622301244603;-0,10853251874614056;0,33773394433473936;-0,4462664630808799;spy
2022-07-07;133461,61903576064;31617,16964058928;1,18398043781347;1,4977143468688725;-0,31373390905540255;spy
2022-07-08;133872,93492973657;31591,161873729998;0,3081903973199296;-0,0822583651697073;0,3904487624896369;strategy
2022-07-11;133603,55138066827;31230,277753524257;-0,20122330866181315;-1,14235785834087;0,9411345496790569;strategy
2022-07-12;132495,90004151472;30953,923216440184;-0,8290583054918921;-0,8848929851508869;0,0558346796589948;strategy
2022-07-13;132561,6860073565;30791,36289131953;0,04965132190595245;-0,5251687289652307;0,5748200508711832;strategy
2022-07-14;131660,68462295886;30716,58653082931;-0,6796846144123792;-0,24284849213771498;-0,4368361222746642;spy
2022-07-15;133096,71613426768;31303,429403733808;1,0907063983612408;1,910508097361352;-0,8198016990001111;spy
2022-07-18;133096,5546147937;31044,959082105666;-0,00012135496552101444;-0,8256933075751482;0,8255719526096272;strategy
2022-07-19;134779,7766651724;31883,768474568198;1,264662376310377;2,7019181769385003;-1,4372558006281233;spy
2022-07-20;134930,6118818688;32086,968880969012;0,11191235096872365;0,637316152144618;-0,5254038011758944;spy
2022-07-21;133873,39324802274;32413,716721964694;-0,7835276362428756;1,0183194374258298;-1,8018470736687053;spy
2022-07-22;133424,55412913722;32112,97912830201;-0,33527133958124455;-0,9278096561474936;0,592538316566249;strategy
2022-07-25;135256,21059219434;32151,9944993015;1,3728031358338555;0,12149408761987779;1,2513090482139777;strategy
2022-07-26;134458,26746060606;31771,603933832866;-0,5899493473125128;-1,183100990754704;0,5931516434421913;strategy
2022-07-27;135897,21147994898;32596,597087725426;1,0701789086822178;2,596636781733408;-1,5264578730511902;spy
2022-07-28;135934,92887295026;33005,43620618492;0,027754353890352412;1,25423864754719;-1,2264842936568376;spy
2022-07-29;137084,20464009777;33486,61337947676;0,845460233566353;1,457872485871503;-0,6124122523051501;spy
2022-08-01;136393,2409182351;33387,451481934215;-0,5040432803157247;-0,2961239956361772;-0,20791928467954746;spy
2022-08-02;136320,63982472123;33167,18293592837;-0,053229245837327355;-0,6597345296781021;0,6065052838407747;strategy
2022-08-03;135347,61814827548;33686,56436531623;-0,7137742881025644;1,5659497835290637;-2,279724071631628;spy
2022-08-04;134203,83518874133;33663,80601901829;-0,8450706227287386;-0,06755911956809468;-0,7775115031606439;spy
2022-08-05;134935,26966943807;33606,908913036576;0,5450175694815762;-0,169015666112049;0,7140332355936252;strategy
2022-08-08;135632,7121100657;33567,89354203708;0,5168718618462131;-0,11609330420851993;0,6329651660547331;strategy
2022-08-09;136163,30900037137;33434,595365284484;0,39120126852221215;-0,39710021299271814;0,7883014815149303;strategy
2022-08-10;137437,886064358;34136,85467995936;0,9360649894188056;2,1003972292843676;-1,164332239865562;spy
2022-08-11;138310,1236266601;34136,85467995936;0,6346412821670144;0,0;0,6346412821670144;strategy
2022-08-12;139369,15743977594;34714,7579256096;0,7656950809866281;1,6929012677594724;-0,9272061867728443;spy
2022-08-15;139077,30265456636;34857,80932499365;-0,20941131493580345;0,4120766150540245;-0,6214879299898279;spy
2022-08-16;139011,85069405654;34926,0868443612;-0,047061568825779165;0,19587438421895254;-0,2429359530447317;spy
2022-08-17;139286,5598434836;34678,180860267974;0,19761563352729272;-0,709801774238128;0,9074174077654207;strategy
2022-08-18;140814,1019145661;34778,969948564896;1,0966902139007306;0,2906412210693654;0,8060489928313652;strategy
2022-08-19;141070,51042065647;34311,60901384303;0,18209007663589905;-1,3438032679318979;1,525893344567797;strategy
2022-08-22;140345,24728966574;33597,15569040513;-0,5141139199313027;-2,0822495475209313;1,5681356275896285;strategy
2022-08-23;141367,68130086956;33515,87552784481;0,7285134558875139;-0,24192572522898637;0,9704391811165003;strategy
2022-08-24;142523,26573209502;33623,16593773813;0,8174318349086107;0,3201181774415751;0,4973136574670356;strategy
2022-08-25;143327,27603906105;34097,84178943358;0,5641256554402396;1,411752398850341;-0,8476267434101015;spy
2022-08-26;141089,5498359154;32943,66248888748;-1,5612703073599299;-3,3849042636585946;1,8236339562986648;strategy
2022-08-29;140864,880992647;32725,832248539497;-0,15923847197022445;-0,6612204712255654;0,5019819992553409;strategy
2022-08-30;138067,24755822623;32366,57283861443;-1,986040391832511;-1,0977854044983082;-0,8882549873342027;spy
2022-08-31;138064,1881276095;32120,294045275597;-0,0022158988977061256;-0,7609047598793439;0,7586888609816378;strategy
2022-09-01;136326,8859905216;32221,083133572516;-1,258329303672967;0,3137863188763079;-1,572115622549275;spy
2022-09-02;137498,71578862084;31881,330168910335;0,8595735093521517;-1,0544430280438832;1,914016537396035;strategy
2022-09-06;136670,5680755631;31761,03711582423;-0,6022948711251086;-0,3773150381391921;-0,2249798329859165;spy
2022-09-07;137356,70645562012;32331,62296402718;0,5020381415826725;1,7964962734754897;-1,2944581318928172;spy
2022-09-08;138400,65297184663;32542,951882778765;0,7600258794526527;0,6536291697658125;0,10639670968684012;strategy
2022-09-09;139273,43698360832;33048,514593122934;0,6306213106806791;1,553524437995768;-0,922903127315089;spy
2022-09-12;138733,04896390016;33403,70850663577;-0,3880050865491036;1,0747651381183276;-1,4627702246674312;spy
2022-09-13;136853,48391813488;31951,23239855855;-1,3548069906935911;-4,348248062901994;2,9934410722084026;strategy
2022-09-14;137511,18322594665;32073,152642399036;0,48058645566173563;0,3815822886568343;0,09900416700490133;strategy
2022-09-15;135976,82270421172;31709,01662115824;-1,1158078097646795;-1,1353296799374468;0,019521870172767297;strategy
2022-09-16;135458,2126266485;31338,379278321056;-0,3813959373733411;-1,1688705054002546;0,7874745680269135;strategy
2022-09-19;136425,27056761764;31581,406170624847;0,7139160647531506;0,7754928554072116;-0,061576790654060964;spy
2022-09-20;135629,69769326982;31218,89734013843;-0,5831565303390795;-1,1478552554876509;0,5646987251485713;strategy
2022-09-21;134746,1332749322;30674,32173926848;-0,6514535041844849;-1,7443780763191308;1,0929245721346459;strategy
2022-09-22;133838,18141523257;30416,662532543818;-0,6738240553790575;-0,8399833871299944;0,1661593317509369;strategy
2022-09-23;130800,04612922348;29907,03680626112;-2,27000640167343;-1,6754820675589643;-0,5945243341144657;spy
2022-09-26;129538,67790117898;29611,17582391415;-0,9643484581024819;-0,9892687940419087;0,024920335939426774;strategy
2022-09-27;131081,48636482304;29535,585868046735;1,1910021691135642;-0,25527509044868113;1,4462772595622453;strategy
2022-09-28;133929,50322304407;30116,73853425832;2,1727071741424187;1,9676354781243965;0,2050716960180221;strategy
2022-09-29;132551,8183458095;29487,63086979299;-1,0286642181746908;-2,0888970555351105;1,0602328373604197;strategy
2022-09-30;132341,42156173877;29031,647867983236;-0,15872795009257423;-1,5463534653672673;1,387625515274693;strategy
2022-10-03;134973,5312066438;29798,119205613413;1,9888781712059211;2,640123430525132;-0,6512452593192108;spy
2022-10-04;137689,26432229253;30721,463142145032;2,012048652332399;3,098665154536584;-1,0866165022041852;spy
2022-10-05;137301,25006697205;30649,93620221615;-0,2818042911553742;-0,23282400189709174;-0,04898028925828246;spy
2022-10-06;137706,31049717704;30333,757659702824;0,29501583562232536;-1,031579773697755;1,3265956093200804;strategy
2022-10-07;136166,05898823755;29487,63086979299;-1,118504666473552;-2,7893899575583414;1,6708852910847893;strategy
2022-10-10;135752,9072533431;29262,483231997714;-0,3034175608549794;-0,7635324749873829;0,46011491413240346;strategy
2022-10-11;135633,66122131876;29077,16456057912;-0,08784049965264717;-0,6332978303630554;0,5454573307104083;strategy
2022-10-12;134711,162971277;28981,254564071627;-0,6801396067429688;-0,32984645496528797;-0,35029315177768083;spy
2022-10-13;136895,3077345861;29746,101191421134;1,621353951026916;2,639108067798057;-1,0177541167711412;spy
2022-10-14;134604,98887429366;29068,22493332487;-1,673044093470999;-2,278874309389378;0,6058302159183793;strategy
2022-10-17;135288,05374275718;29815,189825692156;0,5074588053355367;2,56969558368505;-2,0622367783495132;spy
2022-10-18;136317,12175741492;30165,507127889257;0,7606495815325021;1,1749625081884485;-0,41431292665594643;spy
2022-10-19;136465,29673659173;29951,739903479807;0,10869872930598934;-0,7086478722309053;0,8173466015368946;strategy
2022-10-20;136845,10842340364;29700,58449882525;0,2783210793473989;-0,8385336059404613;1,1168546852878602;strategy
2022-10-21;139266,11742049115;30422,35273923673;1,7691600561978715;2,430148270112409;-0,6609882139145373;spy
2022-10-24;139789,34012990547;30794,614792354587;0,3756999326939958;1,2236464954195947;-0,8479465627255989;spy
2022-10-25;140721,542373254;31286,361264128776;0,666862181681549;1,596858655612321;-0,929996473930772;spy
2022-10-26;141573,0835885413;31050,64680832487;0,6051249872096154;-0,753409620933343;1,3585346081429583;strategy
2022-10-27;142022,9154439783;30884,837062642877;0,3177382621292191;-0,5339977189703471;0,8517359810995662;strategy
2022-10-28;142785,02514322984;31619,607946247143;0,5366103750716;2,3790667313994485;-1,8424563563278484;spy
2022-10-31;143085,7239889164;31391,210887890524;0,21059550564559437;-0,7223272936998204;0,9329227993454148;strategy
2022-11-01;144127,12357777398;31253,84721472568;0,7278151585117243;-0,4375864112264427;1,165401569738167;strategy
2022-11-02;142986,7509128696;30469,494142113286;-0,7912269644991587;-2,5096208707478307;1,718393906248672;strategy
2022-11-03;144062,36051797413;30155,75390525781;0,7522442451748157;-1,0296863984421756;1,7819306436169913;strategy
2022-11-04;144671,26230973366;30589,7896756731;0,42266542736786317;1,4393132792465568;-1,0166478518786937;spy
2022-11-07;145456,6170709855;30882,398756985018;0,5428547098527581;0,9565580032236065;-0,41370329337084844;spy
2022-11-08;145450,69329626826;31049,022098044195;-0,004072537115540342;0,539541446797398;-0,5436139839129384;spy
2022-11-09;143435,76300209496;30409,347615570234;-1,3853012649923224;-2,060208145860587;0,6749068808682646;strategy
2022-11-10;145050,37662276626;32080,467559372624;1,1256701863451735;5,495415307583706;-4,369745121238533;spy
2022-11-11;144770,74806453404;32390,95837566675;-0,1927803048450194;0,9678500343534235;-1,160630339198443;spy
2022-11-14;145116,33766128216;32115,41743395987;0,23871507287789306;-0,8506723960161611;1,0893874688940541;strategy
2022-11-15;146189,16289422158;32389,33118491237;0,7392863203614652;0,8529042212070292;-0,113617900845564;spy
2022-11-16;145335,54298954539;32142,241276670055;-0,5839146266223838;-0,7628743762310708;0,178959749608687;strategy
2022-11-17;146287,91830042913;32043,890494030988;0,6552941498641163;-0,30598607543417256;0,9612802252982888;strategy
2022-11-18;146866,29911012595;32189,38267954661;0,3953715497605259;0,4540403280391958;-0,0586687782786699;spy
2022-11-21;145932,8496545251;32072,339047021844;-0,6355777065648716;-0,3636094351046282;-0,2719682714602434;spy
2022-11-22;148114,79571143497;32503,936511779273;1,4951712805412187;1,345699994392846;0,14947128614837268;strategy
2022-11-23;147890,483343655;32708,76410893447;-0,15144494289212052;0,6301624330362854;-0,7816073759284059;spy
2022-11-25;148443,45745888827;32701,446711487173;0,3739078422972719;-0,02237136634978265;0,39627920864705457;strategy
2022-11-28;146633,55267529289;32179,62945691516;-1,219255341109693;-1,5957008238070114;0,3764454826973185;strategy
2022-11-29;146391,57508326008;32124,359541687834;-0,16502198004344493;-0,17175435565945918;0,006732375616014252;strategy
2022-11-30;147577,67348477186;33136,29607727966;0,8102231298742435;3,1500597989467582;-2,3398366690725148;spy
2022-12-01;147197,6229993339;33111,91302070104;-0,2575257330352132;-0,07358413421268972;-0,18394159882252348;spy
2022-12-02;147316,63120049133;33073,71124507874;0,08084926830509431;-0,11537169597666264;0,19622096428175695;strategy
2022-12-05;145422,90867412725;32478,739859823472;-1,2854777569457299;-1,7989253786685255;0,5134476217227957;strategy
2022-12-06;144302,0034001093;32010,565329724406;-0,77079002492636;-1,4414799715742777;0,6706899466479177;strategy
2022-12-07;144146,66167910362;31956,10900987427;-0,10765042573591677;-0,17011983165310385;0,06246940591718708;strategy
2022-12-08;144243,93327533454;32206,450819151636;0,06748099130278185;0,7833926502128552;-0,7159116589100734;spy
2022-12-09;142847,13229490793;31965,86223250571;-0,9683602968315941;-0,7470198687738017;-0,22134042805779242;spy
2022-12-12;144539,32711737722;32426,721845631197;1,1846193866711596;1,441724330078742;-0,2571049434075823;spy
2022-12-13;144800,3346013721;32672,187043592836;0,1805788702633926;0,7569843141412402;-0,5764054438778476;spy
2022-12-14;144677,95504203747;32463,296430499107;-0,0845160749604168;-0,6393530155021976;0,5548369405417808;strategy
2022-12-15;143161,84394358983;31669,19013525527;-1,0479212938882876;-2,4461665405543287;1,398245246666041;strategy
2022-12-16;142493,73402257598;31152,247011525273;-0,4666815560695814;-1,632321892420352;1,1656403363507706;strategy
2022-12-19;142216,19703967197;30888,086483204217;-0,1947713594620537;-0,8479662100243535;0,6531948505622998;strategy
2022-12-20;143016,18242971433;30930,35375523876;0,5625135580156204;0,1368400469142994;0,425673511101321;strategy
2022-12-21;143920,83587979167;31392,838078644905;0,6325532081112195;1,4952442091866303;-0,8626910010754107;spy
2022-12-22;142379,61636638845;30944,98358918593;-1,07088004595145;-1,426613574526192;0,35573352857474205;strategy
2022-12-23;142967,09922847117;31122,98734363094;0,4126172531403238;0,5752265272075174;-0,1626092740671936;spy
2022-12-27;142719,78846041602;31000,253504413256;-0,172984392485942;-0,3943510880320411;0,2213666955460991;strategy
2022-12-28;141365,77601306845;30614,986327628903;-0,9487208900418986;-1,242787181496774;0,2940662914548753;strategy
2022-12-29;141828,88447522643;31166,065730568967;0,32759588297748277;1,8000315173838155;-1,4724356344063327;spy
2022-12-30;141843,41660003384;31083,97197263145;0,010246237824684812;-0,2634075107433187;0,2736537485680035;strategy
2023-01-03;140207,20700674772;30953,112101536706;-1,1535322770036327;-0,4209882546862498;-0,7325440223173829;spy
2023-01-04;140278,7772590759;31192,075977901954;0,05104605808510243;0,7720189025948843;-0,7209728445097818;spy
2023-01-05;139675,1991133887;30836,068469011938;-0,4302704639152055;-1,1413395797773451;0,7110691158621396;strategy
2023-01-06;141633,85266083048;31543,204395002544;1,4022915735038666;2,2932103899731215;-0,890918816469255;spy
2023-01-09;141469,52801245713;31525,32266002032;-0,11602074312477839;-0,05668965891447719;-0,0593310842103012;spy
2023-01-10;142437,59691521007;31746,40480140335;0,6842949972008849;0,7012843096556143;-0,016989312454729344;spy
2023-01-11;142658,55303637235;32147,929002889257;0,15512485884876526;1,2647863718670882;-1,109661513018323;spy
2023-01-12;143528,48604087642;32264,972635414022;0,609800804780547;0,3640782972808232;0,2457225074997238;strategy
2023-01-13;144215,83619423525;32390,14478028956;0,47889458902470317;0,38795056884117773;0,09094402018352543;strategy
2023-01-17;143979,96423414332;32330,809368649985;-0,16355482609707872;-0,18318970798698597;0,019634881889907252;strategy
2023-01-18;142588,91954303288;31820,370046990094;-0,9661376834684376;-1,5788015568668268;0,6126638733983891;strategy
2023-01-19;141520,7944032275;31588,723568072135;-0,7490940693207326;-0,7279817254666754;-0,021112343854057247;spy
2023-01-20;142008,49641111013;32177,1911512573;0,3446150863830155;1,8629039629190602;-1,5182888765360447;spy
2023-01-23;142647,17165133194;32563,271923418848;0,44974438597875643;1,199858528193709;-0,7501141422149527;spy
2023-01-24;143168,99587346957;32528,322048831604;0,3658146292680131;-0,10732912426441032;0,47314375353242344;strategy
2023-01-25;143554,0453087296;32540,513577120906;0,2689475000581476;0,037479733110745705;0,2314677669474019;strategy
2023-01-26;145132,25486699125;32898,14579629159;1,0993835491486914;1,0990368001509765;0,0003467489977149185;strategy
2023-01-27;144433,88278612582;32973,73575215901;-0,4811970168212887;0,22976965430052676;-0,7109666711218154;spy
2023-01-30;143169,12099587166;32560,020022383793;-0,8756683444749447;-1,2546826143232104;0,3790142698482657;strategy
2023-01-31;143871,341316487;33038,76137049149;0,49048308443242483;1,4703349315466685;-0,9798518471142437;spy
2023-02-01;144919,17667289765;33389,88978759208;0,7283141637677737;1,0627771821197785;-0,33446301835200476;spy
2023-02-02;144419,45090349147;33875,94605267335;-0,3448306710533755;1,4556989201620407;-1,8005295912154162;spy
2023-02-03;144667,40007596504;33515,87552784481;0,17168682675525737;-1,0629091340170205;1,2345959607722778;strategy
2023-02-06;143879,70328041265;33311,04793068961;-0,5444881121377532;-0,6111360480051564;0,06664793586740325;strategy
2023-02-07;143947,7182165499;33746,710891859286;0,047272085350846815;1,3078632712971494;-1,2605911859463026;spy
2023-02-08;143810,07395632289;33377,69825930277;-0,09562100874703772;-1,0934773280246723;0,9978563192776346;strategy
2023-02-09;143350,54427997078;33088,34107902591;-0,31953928101843276;-0,866917718618343;0,5473784375999102;strategy
2023-02-10;143945,73826155637;33165,5582256477;0,41520175913887236;0,23336663037101246;0,1818351287678599;strategy
2023-02-13;145010,1202134635;33554,88841837059;0,7394327645693144;1,173899109654708;-0,4344663450853936;spy
2023-02-14;145277,6497851743;33539,44746951994;0,18449027648343996;-0,04601698762376483;0,2305072641072048;strategy
2023-02-15;145667,11358043278;33648,36258969393;0,2680823897099005;0,32473737163669636;-0,056654981926795855;spy
2023-02-16;144903,6670326026;33185,06467091059;-0,5241035735966793;-1,3768810222142491;0,8527774486175699;strategy
2023-02-17;143797,9566225173;33102,159798069595;-0,7630658579789618;-0,24982585890113151;-0,5132399990778302;spy
2023-02-21;142316,60184549665;32438,099778543306;-1,0301639966340592;-2,00609272499801;0,9759287283639506;strategy
2023-02-22;142201,98845881197;32393,39668132461;-0,0805340945458366;-0,13781046831931043;0,05727637377347383;strategy
2023-02-23;142790,28630896448;32565,71022907671;0,413705783251328;0,5319403502116904;-0,11823456696036239;spy
2023-02-24;142812,95659567832;32217,831232537465;0,015876630896860533;-1,068237093839386;1,0841137247362465;strategy
2023-02-27;143651,03973201156;32327,559948088645;0,5868397072024578;0,34058380515806785;0,24625590204438996;strategy
2023-02-28;143953,1016749027;32208,07800990602;0,2102748044529701;-0,36959776232566854;0,5798725667786386;strategy
2023-03-01;146125,49188690103;32084,53057531115;1,509095800453375;-0,3835914535380569;1,892687253991432;strategy
2023-03-02;146789,2053258656;32334,06126968504;0,45420783902527795;0,7777289862108905;-0,32352114718561253;spy
2023-03-03;148309,70279993664;32852,62910369571;1,0358373905598794;1,6037819365946948;-0,5679445460348154;spy
2023-03-06;147642,97989443524;32875,38744999365;-0,4495477321539654;0,06927404874081944;-0,5188217808947848;spy
2023-03-07;147499,09434727725;32371,44944993015;-0,09745505493107265;-1,5328731891906422;1,4354181342595695;strategy
2023-03-08;147912,1149887829;32424,28353997333;0,28001571354276944;0,16321199989792756;0,11680371364484188;strategy
2023-03-09;145638,79047067935;31826,060253683005;-1,536942743517633;-1,8449853658379922;0,30804262232035917;strategy
2023-03-10;143569,14948645097;31366,827831311915;-1,421078119050323;-1,4429446142896207;0,021866495239297734;strategy
2023-03-13;141664,64895719642;31322,12225361951;-1,3265388393446487;-0,1425250201672612;-1,1840138191773875;spy
2023-03-14;142804,95770591474;31839,878972726696;0,8049352870403537;1,6530065073970368;-0,8480712203566831;spy
2023-03-15;140396,57697065687;31640,741582264414;-1,686482580119919;-0,6254338800497861;-1,061048700070133;spy
2023-03-16;142306,84054021747;32195,884001143004;1,3606197606654158;1,754517723408111;-0,3938979627426953;spy
2023-03-17;140651,53366224648;31698,449803149608;-1,1631955791353343;-1,5450241961852518;0,38182861704991744;strategy
2023-03-20;141889,8776913137;32003,25041275083;0,8804340747829542;0,9615631410812231;-0,08112906629826888;spy
2023-03-21;144079,66653354286;32423,469944596138;1,5433016631342111;1,313052663169123;0,23024899996508807;strategy
2023-03-22;142858,37177170636;31870,7633509017;-0,847652407324373;-1,7046497325513887;0,8569973252270158;strategy
2023-03-23;143273,78522469546;31956,92260525146;0,29078691562645087;0,27033947508923184;0,02044744053721903;strategy
2023-03-24;142640,1658796442;32166,624333248667;-0,44224373918617665;0,6562012575101583;-1,098444996696335;spy
2023-03-27;143432,17295602136;32226,77085979172;0,5552482861282071;0,18698426642451693;0,36826401970369016;strategy
2023-03-28;143416,5041172643;32154,432804959357;-0,010924214863472503;-0,22446572493124428;0,21354151006777178;strategy
2023-03-29;144565,52185627856;32621,793739681227;0,8011753919721532;1,4534883496678752;-0,6523129576957221;spy
2023-03-30;144797,5357369903;32812,80261779274;0,16049046669814881;0,5855253688247242;-0,42503490212657535;spy
2023-03-31;146416,36439325917;33275,28694119888;1,1179946178153877;1,4094630342711412;-0,2914684164557535;spy
2023-04-03;146314,96692271158;33402,083796355095;-0,06925282632700425;0,3810541299922754;-0,45030695631927964;spy
2023-04-04;145210,10481836475;33216,7651249365;-0,7551258272371131;-0,5548117074025694;-0,20031411983454372;spy
2023-04-05;144266,17622217193;33129,79475568326;-0,6500433267874417;-0,26182672793730877;-0,38821659885013293;spy
2023-04-06;143710,90432920857;33259,02991649733;-0,38489402540774487;0,3900874175862601;-0,774981442994005;spy
2023-04-10;145274,0858119441;33293,16619570739;1,0877264255150898;0,10263762742257487;0,9850887980925149;strategy
2023-04-11;145465,01413220866;33302,10830343536;0,13142627551050445;0,02685868828276039;0,10456758722774406;strategy
2023-04-12;145043,3197769025;33166,36934055119;-0,28989400497558826;-0,407598707106982;0,11770470213139372;strategy
2023-04-13;145800,41177464195;33606,908913036576;0,5219764680675976;1,3282719249790187;-0,8062954569114211;spy
2023-04-14;146141,06389212052;33524,81515509906;0,23364276776194348;-0,24427643181926806;0,47791919958121154;strategy
2023-04-17;146731,2726374086;33645,11068865888;0,4038623570742361;0,3588253447581735;0,04503701231606261;strategy
2023-04-18;147870,87961826357;33667,05543957963;0,7766626434646096;0,06522418999841406;0,7114384534661955;strategy
2023-04-19;147175,12581995397;33661,36771336043;-0,47051441102246017;-0,016894041207160537;-0,45362036981529963;spy
2023-04-20;146985,38995772458;33477,6737522225;-0,12891843045645945;-0,5457115192173845;0,416793088760925;strategy
2023-04-21;147233,29562867782;33503,683999555506;0,16866007636850977;0,07769430912527575;0,09096576724323402;strategy
2023-04-24;147110,54088199796;33538,633874142746;-0,08337431160234665;0,10431651214148907;-0,18769082374383572;spy
2023-04-25;145369,89944905642;33006,24732108839;-1,1832200619381616;-1,5873829418699414;0,4041628799317798;strategy
2023-04-26;144719,87500921363;32866,44534226569;-0,44715201861343923;-0,42356217434442733;-0,023589844269011895;spy
2023-04-27;144931,08029751322;33520,75213916053;0,14594076196248196;1,990804877378749;-1,844864115416267;spy
2023-04-28;145786,22166566545;33806,857418402346;0,5900331153240623;0,8535168842693341;-0,2634837689452718;spy
2023-05-01;146209,9628487799;33772,721139192276;0,2906592806048769;-0,10097442299232817;0,39163370359720506;strategy
2023-05-02;145555,22878176003;33393,141688627125;-0,44780400340914683;-1,1239232071373118;0,6761192037281649;strategy
2023-05-03;147248,54901110992;33163,93103489332;1,163352387627925;-0,6864003868550905;1,8497527744830156;strategy
2023-05-04;146680,73596387016;32929,03265494031;-0,38561537689374425;-0,7082947425800179;0,32267936568627364;strategy
2023-05-05;147804,28316594922;33538,633874142746;0,7659814321874014;1,8512575986983304;-1,085276166510929;spy
2023-05-08;148025,68192939128;33547,573501397004;0,1497918454727687;0,026654714940987922;0,12313713053178077;strategy
2023-05-09;147565,2959361868;33400,45660560072;-0,3110176472107651;-0,4385321513347584;0,12751450412399334;strategy
2023-05-10;147154,54613206454;33556,51560912497;-0,2783512217533035;0,46723613801757935;-0,7455873597708829;spy
2023-05-11;147266,20366031252;33497,99379286258;0,07587772935520043;-0,1743977740241709;0,2502755033793713;strategy
2023-05-12;148167,05496834574;33454,10181054737;0,6117162564407197;-0,1310286896183066;0,7427449460590263;strategy
2023-05-15;148697,61055785636;33569,52073279146;0,3580793244651881;0,34500678839837207;0,01307253606681602;strategy
2023-05-16;148591,18991629308;33345,18669037338;-0,07156849472161886;-0,6682670396272461;0,5966985449056272;strategy
2023-05-17;148843,85102902702;33749,96279289434;0,17003774778052705;1,213896645052559;-1,043858897272032;spy
2023-05-18;150399,4139959705;34075,083443135634;1,045097231890435;0,9633215071565893;0,08177572473384576;strategy
2023-05-19;149635,5397251895;34025,501254127514;-0,507897105770283;-0,14550863563067562;-0,3623884701396074;spy
2023-05-22;149447,88748911876;34039,319973171194;-0,12540619455470026;0,040612830184261206;-0,16601902473896146;spy
2023-05-23;146722,8424434428;33657,302216948185;-1,8234082070075264;-1,1222837486885906;-0,7011244583189358;spy
2023-05-24;146871,89984549533;33413,461729267205;0,10159113575651801;-0,7244801918740662;0,8260713276305842;strategy
2023-05-25;150518,3837351089;33702,81890954407;2,4827648402788727;0,8659898295524826;1,61677501072639;strategy
2023-05-26;151474,8563341018;34139,29298561722;0,6354523449282778;1,2950669712364915;-0,6596146263082137;spy
2023-05-30;152066,35581005388;34152,29810928372;0,39049350517121884;0,03809429700838418;0,35239920816283465;strategy
2023-05-31;150943,65343657872;33962,916421926595;-0,7382976776779793;-0,5545210654671728;-0,18377661221080643;spy
2023-06-01;151860,191945603;34285,59876651004;0,6072057275394949;0,9501019894013529;-0,34289626186185806;spy
2023-06-02;152315,45947024325;34781,408254222755;0,29979385565594985;1,4461158782416161;-1,1463220225856663;spy
2023-06-05;152750,4302961158;34714,7579256096;0,28557234267971854;-0,19162630830240612;0,47719865098212466;strategy
2023-06-06;153217,93018055375;34790,34788147701;0,3060547086719545;0,21774588210983215;0,08830882656212236;strategy
2023-06-07;152158,31252530374;34670,052347917204;-0,6915754925036155;-0,3457727240027242;-0,3458027685008913;spy
2023-06-08;153473,02860119985;34879,756556388114;0,8640448583296934;0,6048569132994341;0,2591879450302592;strategy
2023-06-09;154202,3689478928;34942,341388589026;0,47522379231086376;0,17943024372815142;0,29579354858271234;strategy
2023-06-12;155997,14344226336;35259,33352647956;1,1639085097175483;0,9071863112013911;0,2567221985161572;strategy
2023-06-13;156421,3209110445;35491,79608124841;0,27191361291696303;0,6592936721117271;-0,38738005919476404;spy
2023-06-14;156865,663532103;35534,06087280925;0,2840678102387306;0,11908327057916779;0,16498453965956283;strategy
2023-06-15;157620,16127835226;35974,60044529464;0,480983364530152;1,2397670338390565;-0,7587836693089045;spy
2023-06-16;156374,17439399599;35719,37954422784;-0,7904996887776905;-0,7094474932526573;-0,08105219552503318;spy
2023-06-20;155993,3578960349;35534,06087280925;-0,24352902225504014;-0,5188182823532284;0,2752892600981882;strategy
2023-06-21;154784,44936037232;35351,99410242571;-0,7749743655548924;-0,5123725403500146;-0,26260182520487785;spy
2023-06-22;154749,19039877848;35479,60455295911;-0,022779395307181982;0,36097101103735874;-0,3837504063445407;spy
2023-06-23;153952,5105662999;35211,3785282258;-0,5148200326125063;-0,756000604045437;0,2411805714329307;strategy
2023-06-26;153833,3495323189;35067,51353346457;-0,07740116321758306;-0,40857529802734716;0,3311741348097641;strategy
2023-06-27;156076,3473689678;35451,96959534544;1,4580699461254731;1,0963311143060928;0,3617388318193804;strategy
2023-06-28;156886,66268227986;35469,85133032766;0,5191788038173772;0,050439327310503046;0,4687394765068742;strategy
2023-06-29;156831,98779235265;35609,650828676655;-0,034849928599689495;0,39413612717755786;-0,42898605577724735;spy
2023-06-30;158412,90499342568;36029,87036052197;1,0080323684771297;1,1800720368392748;-0,17203966836214502;spy
2023-07-03;158355,8989211854;36071,32403717932;-0,03598575017775829;0,11505363811348257;-0,15103938829124086;spy
2023-07-05;158724,56184444134;36017,67883223266;0,2328065615284869;-0,148719811037068;0,3815263725655549;strategy
2023-07-06;156584,40205352457;35735,63656892939;-1,3483482115479117;-0,7830661842952225;-0,5652820272526893;spy
2023-07-07;158353,37104187923;35645,4142986411;1,1297223511125942;-0,2524714233486769;1,3821937744612711;strategy
2023-07-10;160940,75320426276;35735,63656892939;1,6339293223503581;0,25311045491684947;1,3808188674335087;strategy
2023-07-11;162014,00550195284;35963,220031908815;0,666861734099089;0,6368529703967951;0,030008763702293884;strategy
2023-07-12;162985,4120643049;36252,57721218567;0,599581844385888;0,8045919692956316;-0,20501012490974357;spy
2023-07-13;164099,8284668021;36540,30968218187;0,6837522379349759;0,7936883171425491;-0,1099360792075732;spy
2023-07-14;163491,17911056493;36517,55133588392;-0,3709018844954559;-0,06228285007952028;-0,30861903441593563;spy
2023-07-17;164835,7496251787;36644,34819104013;0,8224116566585282;0,3472216797614447;0,47518997689708353;strategy
2023-07-18;167245,9468176273;36916,63723171197;1,462181109334093;0,7430587638025177;0,7191223455315754;strategy
2023-07-19;170281,65404685208;36998,730989649484;1,8151155749891235;0,2223760453105239;1,5927395296785996;strategy
2023-07-20;166253,38455251252;36753,26331121413;-2,3656509075435705;-0,6634489126235876;-1,702201994919983;spy
2023-07-21;165779,1546856723;36753,26331121413;-0,2852452406407524;0,0;-0,2852452406407524;spy
2023-07-24;165892,5675951194;36917,45082708916;0,06841204472427531;0,44672908221712326;-0,37831703749284795;spy
2023-07-25;165685,2672814747;37018,23743491238;-0,12496057939778149;0,273005328280318;-0,3979659076780995;spy
2023-07-26;165179,6785942554;37023,92764160528;-0,305150056800374;0,015371360408256152;-0,32052141720863014;spy
2023-07-27;164923,1430406554;36778,459963169924;-0,15530696983019343;-0,6629974021435725;0,5076904323133791;strategy
2023-07-28;167627,68675443568;37138,53296847219;1,6398812585772582;0,9790323076682483;0,6608489509090099;strategy
2023-07-31;169275,03560726432;37209,246313023876;0,9827426988489707;0,19040424836307412;0,7923384504858966;strategy
2023-08-01;168275,99539660994;37102,76949850775;-0,5901875649119703;-0,2861568697747563;-0,30403069513721404;spy
2023-08-02;166349,6416515918;36586,63997015494;-1,144758490643838;-1,3910808689727827;0,24632237832894477;strategy
2023-08-03;165490,87112606264;36481,78786591948;-0,5162442894393493;-0,28658577098358284;-0,22965851845576646;spy
2023-08-04;164546,83017937117;36316,78923514097;-0,570448956046854;-0,45227671238298184;-0,11817224366387213;spy
2023-08-07;165297,3348735593;36633,781373031496;0,4561040120736548;0,8728528720920004;-0,41674886001834555;spy
2023-08-08;164273,1483550727;36474,4729489459;-0,619602559998933;-0,4348675405997704;-0,1847350193991626;spy
2023-08-09;159847,461229218;36230,63246126492;-2,6941025786446193;-0,6685236768802394;-2,02557890176438;spy
2023-08-10;161024,8619139885;36243,63758493142;0,736577657046511;0,03589538129207259;0,7006822757544384;strategy
2023-08-11;159991,15537747712;36222,50394891415;-0,641954617581697;-0,05830991982453959;-0,5836446977571574;spy
2023-08-14;161853,71865473356;36422,452454279904;1,164166402112654;0,5520007828496709;0,6121656192629832;strategy
2023-08-15;160811,96238117188;35998,172386969774;-0,6436406171080655;-1,164886048908198;0,5212454318001325;strategy
2023-08-16;159645,10229628783;35734,011858648715;-0,7256052768750076;-0,7338164990194795;0,008211222144471897;strategy
2023-08-17;157116,10231435846;35461,722817976886;-1,5841387838104515;-0,7619884432481516;-0,8221503405622999;spy
2023-08-18;157629,47932125098;35478,790957581914;0,32675009074840666;0,048131162979969666;0,278618927768437;strategy
2023-08-21;159067,40168926344;35709,62632159639;0,9122166578257485;0,65062917248353;0,26158748534221843;strategy
2023-08-22;159095,240601374;35612,90272971171;0,01750133076603433;-0,2708613946659555;0,2883627254319898;strategy
2023-08-23;161571,93738759065;36009,55031988189;1,5567384522973793;1,1137749516813678;0,44296350061601153;strategy
2023-08-24;158765,17433015967;35510,49141160782;-1,7371599937543003;-1,385907082540061;-0,3512529112142393;spy
2023-08-25;159385,52513622763;35760,83322088519;0,39073481239526586;0,7049798505337934;-0,31424503813852755;spy
2023-08-28;160365,8222424122;35987,60556896114;0,6150477625535222;0,6341360859106082;-0,01908832335708599;spy
2023-08-29;162542,1389396781;36507,79811325248;1,357095088488447;1,445476952598379;-0,0883818641099321;spy
2023-08-30;163677,17146158323;36658,16691008382;0,6983004710713114;0,4118813092065299;0,28641916186478156;strategy
2023-08-31;164269,9995497334;36604,52170513716;0,36219350741242273;-0,14633902747577254;0,5085325348881953;strategy
2023-09-01;165663,05816588394;36672,796744030995;0,8480298410963316;0,18652077861804894;0,6615090624782827;strategy
2023-09-05;164598,79329397395;36514,29943484887;-0,6424273967249206;-0,43219313293284545;-0,2102342637920751;spy
2023-09-06;164768,6947507389;36268,834236887225;0,10322156886140021;-0,6722440297659893;0,7754655986273895;strategy
2023-09-07;163975,44400265993;36157,48081105537;-0,4814329258837735;-0,3070223462506627;-0,1744105796331108;spy
2023-09-08;164310,6109046629;36211,93713090551;0,20440066745452956;0,15060872225780564;0,05379194519672392;strategy
2023-09-11;165742,0060469316;36450,08989236729;0,8711519812309776;0,6576636886363119;0,21348829259466573;strategy
2023-09-12;164374,98724132942;36250,13890652781;-0,8247871726707046;-0,5485610225651194;-0,27622615010558516;spy
2023-09-13;163865,0487641149;36292,406178562356;-0,31022875546499185;0,1165989243338661;-0,42682767979885794;spy
2023-09-14;165620,898186664;36605,33282004064;1,0715216184243648;0,8622372403159329;0,20928437810843192;strategy
2023-09-15;162724,70075175134;36037,185277495555;-1,7486908153634628;-1,5520895420845227;-0,19660127327894017;spy
2023-09-18;162617,70801204783;36058,31891351283;-0,06575076752897147;0,05864396970667318;-0,12439473723564465;spy
2023-09-19;161768,54261870024;35983,540072548894;-0,5221850705734221;-0,20738304839804655;-0,31480202217537556;spy
2023-09-20;159853,85651375016;35652,73169608839;-1,183596065066328;-0,9193324942280201;-0,26426357083830787;spy
2023-09-21;157123,39948070532;35063,450517526035;-1,7080958148857461;-1,6528359834682926;-0,0552598314174535;spy
2023-09-22;157390,31768682605;34984,60866062357;0,1698780748143669;-0,22485481530991613;0,39473289012428303;strategy
2023-09-25;157895,4105075113;35131,725556419864;0,3209173398393439;0,4205189122549191;-0,09960157241557521;spy
2023-09-26;156919,32154677674;34615,596028067055;-0,6181870376074761;-1,4691266090073762;0,8509395713999002;strategy
2023-09-27;158267,47331683245;34629,41226663704;0,8591368843344327;0,0399133343212732;0,8192235500131595;strategy
2023-09-28;159684,93489130217;34830,17436737999;0,895611425875309;0,5797444646104211;0,3158669612648879;strategy
2023-09-29;159680,36137931002;34745,644784258315;-0,002864084827569613;-0,24269066881513757;0,23982658398756795;strategy
2023-10-02;159265,1309263746;34731,82606521463;-0,26003852280185313;-0,039771082475204;-0,22026744032664913;spy
2023-10-03;156396,47320537939;34266,90343615063;-1,801183789765859;-1,33860692550698;-0,462576864258879;spy
2023-10-04;157923,21703951858;34516,43413052451;0,9762009352565659;0,7281973839242006;0,2480035513323653;strategy
2023-10-05;157402,8374115887;34503,429006858016;-0,3295143283458257;-0,037678062621748776;-0,29183626572407695;spy
2023-10-06;159227,10094955954;34913,08172069469;1,1589775432069294;1,1872811648814707;-0,028303621674541368;spy
2023-10-09;160113,4191497402;35136,60216773558;0,5566377801863087;0,640219757250482;-0,08358197706417325;spy
2023-10-10;161830,04320706826;35319,48253349632;1,072130035348673;0,5204839241076842;0,5516461112409887;strategy
2023-10-11;162733,2995849988;35464,16112363475;0,5581512307790693;0,40962828377009153;0,14852294700897772;strategy
2023-10-12;160933,68762391096;35247,955593567436;-1,105865834268227;-0,6096451268467473;-0,4962207074214797;spy
2023-10-13;158544,91364954715;35072,390144780285;-1,4843219027865562;-0,4980868984616804;-0,9862350043248758;spy
2023-10-16;159637,46476321484;35441,40277733681;0,6891114249699015;1,0521456651035876;-0,3630342401336861;spy
2023-10-17;159673,6065227004;35439,77558658242;0,02263989818378498;-0,004591214305504909;0,027231112489289888;strategy
2023-10-18;157102,55956360904;34967,53804054483;-1,6101890694914744;-1,3325071567788949;-0,2776819127125796;spy
2023-10-19;155873,0279288878;34660,299125285754;-0,782629919039235;-0,8786403975676871;0,09601047852845213;strategy
2023-10-20;154024,5397399114;34234,39186722124;-1,185893552937034;-1,228804334679856;0,042910781742822035;strategy
2023-10-23;154653,88382971907;34175,05645558166;0,4085998834149507;-0,1733210622514081;0,5819209456663588;strategy
2023-10-24;156064,53659086046;34432,71566230632;0,9121353607223881;0,7539393740564782;0,15819598666590995;strategy
2023-10-25;153071,80403423344;33938,53088487428;-1,9176249915589638;-1,4352187096675295;-0,4824062818914343;spy
2023-10-26;151705,00443313303;33532,13007207265;-0,8929140214449571;-1,1974614168781095;0,30454739543315235;strategy
2023-10-27;151462,27330434386;33380,13656496063;-0,1600020577410488;-0,4532772203415969;0,2932751626005481;strategy
2023-10-30;152305,56316663936;33779,222460788675;0,556765618195243;1,1955789786880944;-0,6388133604928514;spy
2023-10-31;152476,71203267068;33991,36497491746;0,11237203846852228;0,6280266349382169;-0,5156545964696946;spy
2023-11-01;153883,98973501587;34353,87380540386;0,9229459919385397;1,066473296244208;-0,1435273043056684;spy
2023-11-02;156878,0201321612;35012,24361823723;1,9456412602123052;1,9164354406221662;0,029205819590139015;strategy
2023-11-03;158858,85774118797;35331,67406178563;1,262661019917255;0,9123392577504275;0,35032176216682753;strategy
2023-11-06;159833,64987057488;35412,95422434595;0,6136215148764501;0,2300489991450272;0,3835725157314229;strategy
2023-11-07;160768,63408829994;35513,74083216917;0,5849733260062218;0,28460378421049093;0,30036954179573083;strategy
2023-11-08;161226,21257303335;35539,75107950216;0,28461925258511656;0,07323995367287672;0,21137929891223983;strategy
2023-11-09;160018,21313998432;35262,585427514605;-0,7492574648814143;-0,7798750513686392;0,0306175864872249;strategy
2023-11-10;162380,92008529004;35812,85123507747;1,4765237649784435;1,5604806082468947;-0,08395684326845121;spy
2023-11-13;161993,75806853117;35778,714955867414;-0,23842826888498259;-0,09531851844463146;-0,14310975044035112;spy
2023-11-14;165451,16074817808;36472,848238665225;2,1342814197718996;1,9400732632628426;0,19420815650905698;strategy
2023-11-15;164080,37470040884;36550,06290481332;-0,8285140107633482;0,21170451411645086;-1,040218524879799;spy
2023-11-16;163048,9126384563;36594,768482505715;-0,6286321955540797;0,12231327154981209;-0,7509454671038918;spy
2023-11-17;163823,3248940237;36640,2851751016;0,4749570193605557;0,12438032670609722;0,35057669265445845;strategy
2023-11-20;165579,81683890012;36922,32743840488;1,0721867267757368;0,769760011297449;0,3024267154782878;strategy
2023-11-21;164085,15801560902;36841,858390748035;-0,9026817711396129;-0,21794142796410787;-0,684740343175505;spy
2023-11-22;164259,21251943073;36984,0986752286;0,10607571454155362;0,38608335923759896;-0,28000764469604533;spy
2023-11-24;164273,05411698675;37006,85702152655;0,008426679602147047;0,06153548988121482;-0,053108810279067775;spy
2023-11-27;164042,1603505732;36940,2091733871;-0,14055486315431853;-0,180095943032077;0,039541079877758456;strategy
2023-11-28;164432,3095508923;36976,78375825502;0,23783471242107002;0,0990102267592663;0,13882448566180372;strategy
2023-11-29;165635,98581582477;36950,77351092202;0,7320193143427911;-0,07034210304239785;0,802361417385189;strategy
2023-11-30;164823,1097287035;37096,265696437644;-0,49076055732545365;0,39374598064263466;-0,8845065379680883;spy
2023-12-01;166062,13373677008;37315,723127540004;0,7517295421169967;0,5915890103284305;0,16014053178856624;strategy
2023-12-04;166284,11246568974;37119,83763811278;0,13367209244192768;-0,52494089088857;0,6586129833304977;strategy
2023-12-05;165657,50923681047;37112,5227211392;-0,3768268775578676;-0,019706220282800224;-0,35712065727506737;spy
2023-12-06;164364,05513351937;36962,967519685044;-0,780800163693196;-0,4029777295871284;-0,37782243410606764;spy
2023-12-07;165419,34542675497;37245,009782988316;0,6420444496689548;0,7630400972353346;-0,12099564756637982;spy
2023-12-08;167648,7212796621;37405,131802451106;1,3477116882283147;0,4299153642213005;0,9177963240070142;strategy
2023-12-11;167494,74410590052;37550,621507493015;-0,0918451226983863;0,3889565362589442;-0,4808016589573305;spy
2023-12-12;167820,88009146662;37722,12394034163;0,1947141609171199;0,45672328702841547;-0,26200912611129556;spy
2023-12-13;170001,33192022034;38242,31648463297;1,29927326537993;1,3790118104538118;-0,0797385450738819;spy
2023-12-14;171723,541692807;38365,05032385065;1,0130566349885184;0,3209372509298758;0,6921193840586426;strategy
2023-12-15;172268,51167415944;38147,217603028956;0,3173530990452811;-0,567789482831127;0,885142581876408;strategy
2023-12-18;174355,531880357;38361,7984228156;1,211492562346561;0,56250713228847;0,6489854300580911;strategy
2023-12-19;176004,59354505356;38595,072092487935;0,9458040401196577;0,6080884610811133;0,33771557903854443;strategy
2023-12-20;173380,63612514362;38060,24971424943;-1,4908459870612734;-1,3857271129248616;-0,10511887413641174;spy
2023-12-21;175417,47541096527;38421,13383445518;1,1747789899395178;0,9481916774461752;0,22658731249334263;strategy
2023-12-22;174545,7694254868;38498,34850060325;-0,4969322374730689;0,20096925426711376;-0,6979014917401827;spy
2023-12-26;174816,85467112667;38660,9088257239;0,15530897513709174;0,4222527236930729;-0,26694374855598113;spy
2023-12-27;176029,20767495694;38730,81105537211;0,6934989226931254;0,18080855254416495;0,5126903701489605;strategy
2023-12-28;175947,0843229004;38745,44088931928;-0,046653253253392535;0,03777311537900285;-0,08442636863239539;spy
2023-12-29;174287,5550029757;38633,273868110235;-0,9431979656332912;-0,2894973411954771;-0,6537006244378141;spy
2024-01-02;170411,92507615325;38417,068338042925;-2,2236986035843453;-0,5596355380219964;-1,664063065562349;spy
2024-01-03;168629,2341802542;38103,32810118745;-1,0461068936944429;-0,8166688673242439;-0,22943802637019894;spy
2024-01-04;168810,86172157357;37980,594261969774;0,10770821690693211;-0,32210792425203527;0,4298161411589674;strategy
2024-01-05;169432,5093063431;38032,61475663577;0,3682509397972433;0,1369659840159132;0,23128495578133013;strategy
2024-01-08;172638,82747961805;38575,56564722505;1,8923866419742197;1,4275928543528549;0,4647937876213648;strategy
2024-01-09;173292,18151069898;38517,04383096266;0,37845138351513263;-0,15170695563500036;0,530158339150133;strategy
2024-01-10;173944,84843953972;38734,874071310645;0,37662802969586906;0,5655424681706211;-0,1889144384747521;spy
2024-01-11;173908,8242037892;38717,80593170561;-0,020710148115155036;-0,0440640121189273;0,023353864003772262;strategy
2024-01-12;172482,04866563142;38744,627293942096;-0,8204158384084503;0,0692739725071112;-0,8896898109155615;spy
2024-01-16;172871,6910201417;38602,38700946153;0,22590313457235833;-0,36712260361014826;0,5930257381825066;strategy
2024-01-17;171997,57670627063;38387,80867014859;-0,5056434102731266;-0,5558680587818166;0,050224648508689906;strategy
2024-01-18;173115,19468040403;38729,18386461773;0,6497870467338185;0,889280233217904;-0,23949318648408546;spy
2024-01-19;177815,74640684453;39211,98822866396;2,71527391637596;1,246616416534696;1,4686574998412638;strategy
2024-01-22;179023,6900026275;39294,89558197867;0,6793231871710548;0,2114336891851476;0,4678894979859072;strategy
2024-01-23;178821,41855879396;39409,49842837186;-0,11298585334185152;0,29164817642559626;-0,4046340297674478;spy
2024-01-24;178806,27213365387;39452,57929578359;-0,008470140356875433;0,10931594952934276;-0,11778608988621819;spy
2024-01-25;179620,2285059734;39667,15763509652;0,45521690184957553;0,54388925424671;-0,08867235239713445;spy
2024-01-26;178735,37182812058;39616,76433118491;-0,4926264069547215;-0,12704037021049608;-0,3655860367442254;spy
2024-01-29;181053,96495181578;39930,504568040385;1,2972211935334599;0,7919380649885843;0,5052831285448756;strategy
2024-01-30;179923,76471862828;39899,62018986538;-0,6242339036807487;-0,07734532410522688;-0,5468885795755218;spy
2024-01-31;178236,61356204655;39248,56529400559;-0,9377033429798232;-1,6317320635176435;0,6940287205378204;strategy
2024-02-01;180372,20173887984;39762,25651670054;1,1981759157973837;1,3088152875065928;-0,11063937170920912;spy
2024-02-02;182563,55934789646;40180,84885779147;1,214908720906438;1,0527378920638375;0,16217082884260048;strategy
2024-02-05;183123,32019701094;40034,54307689866;0,3066114897813721;-0,364118193248264;0,6707296830296361;strategy
2024-02-06;184259,5571478369;40150,77559451994;0,6204763814917413;0,29033057127194617;0,33014581021979517;strategy
2024-02-07;186241,8470755216;40485,64946739268;1,0758138998967937;0,8340408570300273;0,24177304286676637;strategy
2024-02-08;188074,62830792193;40503,53120237491;0,9840866922121716;0,0441680823142665;0,9399186098979051;strategy
2024-02-09;190158,70382927568;40737,61846742444;1,1081109345284057;0,5779428560930278;0,5301680784353779;strategy
2024-02-12;190843,7513192844;40719,73673244221;0,3602503993841655;-0,043894895320240046;0,4041452947044055;strategy
2024-02-13;189144,45368954254;40158,901626397004;-0,8904130305523728;-1,3773053340946029;0,4868923035422301;strategy
2024-02-14;194448,92373322495;40523,85124301499;2,8044544474928434;0,9087639398436709;1,8956905076491726;strategy
2024-02-15;198840,06577818637;40803,455200660406;2,258249601312201;0,689973803251509;1,568275798060692;strategy
2024-02-16;194986,8985500211;40600,25479425959;-1,9378223463593192;-0,4979980381600746;-1,4398243081992446;spy
2024-02-20;192380,54466145782;40376,73434721869;-1,3366815452447778;-0,5505395179749017;-0,786142027269876;spy
2024-02-21;187418,62574649512;40413,30893208661;-2,5792207438098513;0,09058331600917402;-2,6698040598190254;spy
2024-02-22;196189,60401858416;41249,682499365;4,679886130396005;2,069549832417561;2,610336297978444;strategy
2024-02-23;197076,18053241767;41278,13105235585;0,45189780481413866;0,06896671990452852;0,38293108490961014;strategy
2024-02-26;199845,6103424462;41126,948660147325;1,405258516045249;-0,366252997299632;1,771511513344881;strategy
2024-02-27;201884,15212510375;41203,35221139193;1,0200583236050997;0,18577490850577583;0,8342834150993239;strategy
2024-02-28;200759,2044074824;41148,89589154178;-0,5572243812997479;-0,13216478011488508;-0,42505960118486286;spy
2024-02-29;203462,3901014531;41296,82390224155;1,346481573260272;0,3594944833748892;0,9869870898853828;strategy
2024-03-01;208929,0718078852;41684,529384683774;2,686826643344875;0,9388263934291929;1,7480002499156821;strategy
2024-03-04;211691,96218584015;41639,82628746507;1,3224059026574864;-0,10724145835057097;1,4296473610080573;strategy
2024-03-05;209464,72795605322;41223,672252032;-1,052110910017301;-0,999413476319766;-0,05269743369753499;spy
2024-03-06;213258,27539083082;41432,56286512573;1,8110674154044215;0,5067249026642129;1,3043425127402086;strategy
2024-03-07;215255,98510853463;41843,84028924308;0,9367560128875185;0,9926429737310061;-0,05588696084348754;spy
2024-03-08;213993,93463329517;41592,68488458852;-0,5863021530403079;-0,6002207324147801;0,013918579374472273;strategy
2024-03-11;210201,9793609652;41556,921414624085;-1,771991939317319;-0,08598499967883422;-1,6860069396384847;spy
2024-03-12;212381,05487520806;42003,96478917958;1,0366579424549105;1,0757374688447952;-0,039079526389884656;spy
2024-03-13;212479,78880494082;41938,12309499619;0,04648904761810346;-0,15675114126453282;0,20324018888263629;strategy
2024-03-14;210088,054645213;41855,2207026289;-1,1256290177902306;-0,1976778793354672;-0,9279511384547634;spy
2024-03-15;209086,89091306765;41439,06418672213;-0,4765448153804308;-0,9942762430127039;0,5177314276322731;strategy
2024-03-18;209473,3389306819;41685,34298006097;0,18482651682592;0,5943155285291102;-0,4094890117031902;spy
2024-03-19;208339,64544796897;41916,99441992634;-0,5412113486614523;0,5557143669806974;-1,0969257156421497;spy
2024-03-20;212527,0856465171;42304,697421894845;2,009910398735859;0,9249303470675319;1,0849800516683272;strategy
2024-03-21;214915,90475135494;42444,50188119126;1,1240068989658125;0,3304702971922424;0,7935366017735701;strategy
2024-03-22;214535,51732643356;42364,03531400812;-0,17699361308856076;-0,1895806609025108;0,012587047813950036;strategy
2024-03-25;216883,88537364872;42246,99168148336;1,0946290276224735;-0,27628065092764054;1,370909678550114;strategy
2024-03-26;215853,3616464406;42168,96093948438;-0,47514997503512735;-0,1847012979936835;-0,29044867704144384;spy
2024-03-27;214368,53489974918;42523,34125762001;-0,6878867835857561;0,8403819070718743;-1,5282686906576304;spy
2024-03-28;214171,55423598125;42515,215225742955;-0,09188879508834624;-0,01910957990771678;-0,07277921518062946;spy
2024-04-01;214281,3342662724;42441,2474996825;0,051257988336850246;-0,17397942282006973;0,22523741115691998;strategy
2024-04-02;212819,93652058422;42171,40172561595;-0,6819995547872604;-0,6358101845817976;-0,046189370205462765;spy
2024-04-03;215026,27688424184;42217,7270526416;1,03671695412062;0,10985010013910834;0,9268668539815117;strategy
2024-04-04;212136,8715484689;41702,4136001397;-1,3437452285556928;-1,2206091812080655;-0,12313604734762729;spy
2024-04-05;214934,82765562873;42138,074080835664;1,3189390824595915;1,0446888874904525;0,27425019496913894;strategy
2024-04-08;214640,676210499;42161,64354203708;-0,1368561104489907;0,05593388334788063;-0,19278999379687134;spy
2024-04-09;212440,77689454157;42210,41461614173;-1,024921908930243;0,11567640634317922;-1,1405983152734223;spy
2024-04-10;212497,91083075572;41787,756778638555;0,026894053509551874;-1,0013117410638928;1,0282057945734446;strategy
2024-04-11;215001,9430687319;42103,124206248416;1,1783796970928906;0,7546885784763369;0,42369111861655373;strategy
2024-04-12;211005,18123707344;41521,97154003683;-1,8589421912251103;-1,3803077020240195;-0,47863448920109075;spy
2024-04-15;207192,63610176387;41001,778995745495;-1,8068490607470067;-1,2528127278102597;-0,554036332936747;spy
2024-04-16;208410,55577544915;40927,00015478156;0,5878199614618884;-0,18237950351298604;0,7701994649748745;strategy
2024-04-17;206439,5929291569;40684,78437738126;-0,9457116214477423;-0,591823921822443;-0,3538876996252993;spy
2024-04-18;205442,12155470776;40601,06590916307;-0,48317832848635556;-0,20577341013198192;-0,27740491835437364;spy
2024-04-19;201056,52732553415;40246,68559102743;-2,134710348581448;-0,8728350111016692;-1,2618753374797786;spy
2024-04-22;202855,23243962368;40617,32293386462;0,8946265699582234;0,9209139520294229;-0,026287382071199517;spy
2024-04-23;206958,55802984536;41099,313702533655;2,0227851857077317;1,186663063574711;0,8361221221330206;strategy
2024-04-24;205525,90912483947;41079,80725727076;-0,6922395085489974;-0,047461729906428385;-0,644777778642569;spy
2024-04-25;206994,04635385843;40923,74825374651;0,7143319473785548;-0,3798922486342171;1,0942241960127719;strategy
2024-04-26;210476,84004659293;41311,45621666243;1,6825574233089835;0,9473911346339792;0,7351662886750043;strategy
2024-04-29;210360,71695094183;41457,75951708153;-0,05517143626129206;0,35414704253415863;-0,4093184787954507;spy
2024-04-30;207091,54153759545;40801,01689500254;-1,5540807526857714;-1,5841247325688257;0,030043979883054295;strategy
2024-05-01;205450,47713463372;40668,52983315342;-0,7924342977879695;-0,32471509764097073;-0,46771920014699875;spy
2024-05-02;210141,06125934672;41048,920398622045;2,2830728797184507;0,9353437830903033;1,3477290966281474;strategy
2024-05-03;212442,12010007736;41557,73501000127;1,0950067668549446;1,2395322615995186;-0,144525494744574;spy
2024-05-06;215057,1198095227;41986,894169100844;1,2309233725465774;1,0326817835387248;0,1982415890078526;strategy
2024-05-07;213335,17449788802;42033,22445707391;-0,8006920734174305;0,11034464179815462;-0,9110367152155852;spy
2024-05-08;214089,24415355647;42037,287473012446;0,3534671005113177;0,009666200942270997;0,3438008995690467;strategy
2024-05-09;216263,92557636628;42279,50076993903;1,0157826617623211;0,5761867891264094;0,4395958726359117;strategy
2024-05-10;215700,65835811448;42333,962050736605;-0,260453617842471;0,12881249732328293;-0,38926611516575393;spy
2024-05-13;215192,13411972448;42339,6472964821;-0,23575460652778268;0,013429514909768514;-0,2491841214375512;spy
2024-05-14;217470,21161513877;42533,90807562865;1,0586248910691376;0,4588152985457006;0,599809592523437;strategy
2024-05-15;222828,5336951383;43060,606902463805;2,463933814292796;1,2383033929039389;1,225630421388857;strategy
2024-05-16;219299,5504537232;42972,009342456186;-1,583721430507301;-0,20575083906342329;-1,3779705914438778;spy
2024-05-17;220360,6651166403;43033,783059753616;0,48386540725764426;0,14375338328989073;0,34011202396775353;strategy
2024-05-20;221815,59455197124;43083,36276828804;0,6602491576982672;0,11521113183468046;0,5450380258635867;strategy
2024-05-21;222167,33820322983;43189,025987426976;0,1585748071361026;0,24525295229904653;-0,08667814516294392;spy
2024-05-22;220694,09979239304;43064,66991840233;-0,6631210612466965;-0,28793441431359534;-0,3751866469331011;spy
2024-05-23;220324,13088344462;42750,11608616968;-0,16763878567503943;-0,7304220207159595;0,5627832350409201;strategy
2024-05-24;224330,97313772945;43032,96946437642;1,8186125315544865;0,6616435324680925;1,156968999086394;strategy
2024-05-28;225520,716353424;43063,04272764795;0,5303517383504985;0,06988423909817243;0,4604674992523261;strategy
2024-05-29;225267,80055636086;42761,491538608076;-0,11214747857877239;-0,7002551838871107;0,5881077053083383;strategy
2024-05-30;223387,7520718871;42477,82456502413;-0,834583762007024;-0,6633701570672113;-0,17121360493981275;spy
2024-05-31;218910,42683808762;42864,718932562864;-2,0042841168653958;0,9108149287317735;-2,9150990455971693;spy
2024-06-03;217422,82804530137;42899,66880715012;-0,6795467965016178;0,08153529396108805;-0,7610820904627058;spy
2024-06-04;216929,99541350186;42947,62628587757;-0,22667014141534159;0,11178985773303562;-0,3384599991483772;spy
2024-06-05;220456,16241769178;43458,06312706375;1,6254861378061092;1,1885100186643571;0,43697611914175205;strategy
2024-06-06;219459,0019080132;43457,24953168657;-0,4523169135954075;-0,0018721390661280424;-0,45044477452927945;spy
2024-06-07;217699,03973285976;43404,42040259081;-0,8019548798873677;-0,12156574487586225;-0,6803891350115054;spy
2024-06-10;220306,7325946065;43538,529694246885;1,197843070390503;0,3089761144421832;0,8888669559483198;strategy
2024-06-11;219816,43386321774;43643,38427895606;-0,22255276795873913;0,24083170801936227;-0,4633844759781014;spy
2024-06-12;221931,07015219037;44001,827613030226;0,9620009986553102;0,8213005017738695;0,1407004968814407;strategy
2024-06-13;222047,5683644091;44090,42517303785;0,0524929709656341;0,20134972753129698;-0,14885675656566288;spy
2024-06-14;219885,50553592472;44117,24901574803;-0,9736935398167224;0,06083824913210023;-1,0345317889488226;spy
2024-06-17;220689,88142049738;44468,37495237491;0,3658157833605902;0,7958926371441244;-0,4300768537835342;spy
2024-06-18;222275,58719866574;44581,35556896114;0,7185221941131914;0,2540695869980292;0,46445260711516223;strategy
2024-06-20;220962,63149915176;44460,24892049784;-0,5906882154991133;-0,2716531314889248;-0,31903508401018854;spy
2024-06-21;220235,57336591615;44257,86210947422;-0,32904121764969485;-0,4552084523537503;0,12616723470405544;strategy
2024-06-24;218291,5950945416;44113,99463423927;-0,8826813223968388;-0,3250664817000981;-0,5576148406967407;spy
2024-06-25;221220,85380267396;44283,87235680721;1,3419017378400122;0,38508805193553375;0,9568136859044785;strategy
2024-06-26;218339,66983590455;44339,14227203455;-1,3024016123449944;0,12480822540092973;-1,4272098377459241;spy
2024-06-27;220113,63380644645;44409,04202120905;0,8124790020407779;0,15764795075565718;0,6548310512851208;strategy
2024-06-28;217579,47373277857;44234,28768732538;-1,1512962781288993;-0,3935107039692687;-0,7577855741596307;spy
2024-07-01;217889,2378997792;44325,32603346457;0,1423682857975228;0,2058094543823108;-0,06344116858478799;spy
2024-07-02;218078,1878348556;44623,62284099568;0,08671834226310349;0,6729714910746587;-0,5862531488115552;spy
2024-07-03;219917,28440654432;44822,76023145796;0,8433198156807098;0,44626002503618256;0,39705979064452723;strategy
2024-07-05;219314,8538337279;45081,230553086105;-0,27393507265338624;0,5766497205737409;-0,8505847932271271;spy
2024-07-08;220815,91131208424;45133,2510477521;0,6844303758350767;0,11539280101224847;0,5690375748228282;strategy
2024-07-09;220940,28751324618;45177,1405495936;0,05632574229950116;0,0972442729531231;-0,04091853065362194;spy
2024-07-10;222168,07180619892;45624,181443675385;0,5557086517682386;0,9895289711641775;-0,4338203193959389;spy
2024-07-11;219789,2987720381;45230,78327406655;-1,070708772336948;-0,8622580332635743;-0,20845073907337364;spy
2024-07-12;221385,24951548586;45516,07743840488;0,7261275923643007;0,6307522083127459;0,09537538405155477;strategy
2024-07-15;223040,70264503517;45641,252063754124;0,7477702932658703;0,2750118911688748;0,4727584020969955;strategy
2024-07-16;222564,80647795205;45911,91143319786;-0,21336740847722746;0,5930147776526118;-0,8063821861298393;spy
2024-07-17;214869,27011556487;45268,17393478537;-3,457660932187645;-1,4021143496696586;-2,0555465825179864;spy
2024-07-18;212774,782681247;44920,29245777242;-0,9747729087511647;-0,7684901925006371;-0,20628271625052763;spy
2024-07-19;212460,2050108179;44621,9956502413;-0,14784537268232034;-0,6640580263620022;0,5162126536796818;strategy
2024-07-22;213871,97284565307;45082,0441484633;0,6644857726477715;1,030990415193389;-0,36650464254561754;spy
2024-07-23;213442,38783355063;45011,33080391161;-0,2008608264031264;-0,15685478750434578;-0,04400603889878063;spy
2024-07-24;206719,30178863992;43991,2607950216;-3,1498364093235254;-2,2662516096977225;-0,8835847996258028;spy
2024-07-25;202617,4046144245;43762,05014128778;-1,9842835858692065;-0,5210367913796143;-1,4632467944895922;spy
2024-07-26;204932,39862313084;44252,17190278131;1,142544498145015;1,1199698366761934;0,02257466146882159;strategy
2024-07-29;203256,59905803538;44278,182150114306;-0,8177328603747203;0,05877733502015481;-0,8765101953948751;spy
2024-07-30;201653,48049146347;44053,84810769622;-0,7887166143689006;-0,5066469116946526;-0,282069702674248;spy
2024-07-31;205057,24074625655;44769,926141414784;1,6879253690526674;1,625460804168588;0,062464564884079365;strategy
2024-08-01;203343,33019334823;44135,94186563374;-0,8358205477997038;-1,4160940846283276;0,5802735368286238;strategy
2024-08-02;197473,00802747364;43314,20061277623;-2,8869017539413844;-1,8618414338119171;-1,0250603201294672;spy
2024-08-05;193854,48263500165;42052,7309023368;-1,8324151885955708;-2,912369829277972;1,0799546406824012;strategy
2024-08-06;197214,99399980257;42440,438865252734;1,7335226501459022;0,9219566829473003;0,811565967198602;strategy
2024-08-07;195033,62824684524;42156,76693072136;-1,1060851453107645;-0,6684000969736092;-0,43768504833715527;spy
2024-08-08;200811,7785001073;43131,320247015494;2,962643060687409;2,3117363765007726;0,6509066841866362;strategy
2024-08-09;201469,981656268;43321,5130492761;0,3277711900551594;0,4409621620005133;-0,11319097194535388;spy
2024-08-12;201675,72859996045;43344,27387604776;0,10212287805906328;0,052539316310973305;0,04958356174808998;strategy
2024-08-13;204278,99296087207;44057,09752825755;1,290816886584989;1,644562449582776;-0,35374556299778703;spy
2024-08-14;205238,6982952393;44196,08839217679;0,46980128522127185;0,31547893918815184;0,15432234603312;strategy
2024-08-15;207836,17317079726;44953,620102552704;1,265587287939951;1,7140243354884843;-0,4484370475485333;spy
2024-08-16;209263,51261405592;45054,406710375915;0,6867617996823228;0,22420131591913695;0,4625604837631858;strategy
2024-08-19;210694,55806850592;45485,19057975616;0,6838485298148012;0,9561414761256604;-0,2722929463108592;spy
2024-08-20;209557,70776598738;45411,227814643134;-0,5395726937327483;-0,16260845380726696;-0,37696423992548134;spy
2024-08-21;211608,73207546395;45567,28433769368;0,978739618476343;0,3436518468241445;0,6350877716521985;strategy
2024-08-22;210359,3169919484;45209,649638049275;-0,5904364490355585;-0,7848497114596897;0,19441326242413126;strategy
2024-08-23;213498,10792088005;45690,018176911355;1,4921092984209405;1,0625354160183287;0,42957388240261185;strategy
2024-08-26;212670,49756214168;45581,10057626365;-0,38764294765790686;-0,23838379802341159;-0,14925914963449527;spy
2024-08-27;212823,45609477712;45643,68788893828;0,0719227793176902;0,13730978823101037;-0,06538700891332017;spy
2024-08-28;211025,56855251477;45378,713765240034;-0,8447788487476182;-0,5805274200081922;-0,264251428739426;spy
2024-08-29;210965,5896133919;45382,77678117856;-0,02842259330672059;0,008953572284009503;-0,03737616559073009;spy
2024-08-30;211795,28638799096;45816,00143669038;0,3932853581096074;0,9546014727144003;-0,5613161146047929;spy
2024-09-03;206281,87462879272;44873,153535369565;-2,6031796331378865;-2,0579008899841766;-0,5452787431537098;spy
2024-09-04;206221,40591679697;44781,306554800605;-0,02931363315588076;-0,20468135919300412;0,17536772603712336;strategy
2024-09-05;205663,78821247257;44672,388954152906;-0,27039758644132883;-0,24322113182296823;-0,0271764546183606;spy
2024-09-06;203235,46367830032;43920,5474504699;-1,1807253747867064;-1,6830116348929058;0,5022862601061995;strategy
2024-09-09;205644,37380502705;44412,29144177038;1,185280404870559;1,1196217256969065;0,06565867917365242;strategy
2024-09-10;205972,73140883195;44605,73862553975;0,15967254427111666;0,43557127427888975;-0,2758987300077731;spy
2024-09-11;208670,51417454524;45063,34633763018;1,309776661823503;1,0258942597767495;0,2838824020467534;strategy
2024-09-12;211246,24295763625;45442,928268669035;1,2343520565327726;0,8423296578884631;0,39202239864430943;strategy
2024-09-13;213418,50201724598;45680,264954279904;1,0283066004848962;0,5222741901835137;0,5060324103013825;strategy
2024-09-16;215377,22786393738;45747,72887827025;0,9177863344449477;0,14768724318450221;0,7700990912604455;strategy
2024-09-17;216806,39321712148;45766,421728155954;0,6635638165456204;0,040860716682655784;0,6227030998629646;strategy
2024-09-18;217001,26897154655;45630,685245745495;0,08988468999155952;-0,29658530705483077;0,3864699970463903;strategy
2024-09-19;219373,63277256093;46409,34563119126;1,0932488147456176;1,7064402632839482;-0,6131914485383305;spy
2024-09-20;222068,65556033968;46187,45237490475;1,228508072605461;-0,4781219240837076;1,7066299966891685;strategy
2024-09-23;223345,78088236696;46302,86881667513;0,5751038203949843;0,24988700574679612;0,3252168146481882;strategy
2024-09-24;224030,5899040603;46435,35587852426;0,30661381602459237;0,28613143253322093;0,020482383491371436;strategy
2024-09-25;224544,90781354636;46332,94207994666;0,2295748583737156;-0,22055133774685487;0,4501261961205705;strategy
2024-09-26;223087,4785111127;46516,63604108459;-0,6490591644339738;0,39646513450617427;-1,045524298940148;spy
2024-09-27;222506,82084610502;46449,17211709424;-0,26028249944057835;-0,14503182029491635;-0,115250679145662;spy
2024-09-30;223182,14030656568;46635,30686436373;0,30350506015621725;0,40072780371684935;-0,0972227435606321;spy
2024-10-01;222541,10512341085;46217,52563817628;-0,28722512575347636;-0,89584749040581;0,6086223646523337;strategy
2024-10-02;223796,41087073594;46237,03208343917;0,5640781493508662;0,04220573255175886;0,5218724167991073;strategy
2024-10-03;225932,42594564188;46152,5025003175;0,9544456350284003;-0,18281792604923908;1,1372635610776394;strategy
2024-10-04;227761,84139446449;46571,905956311915;0,8097179681781252;0,9087339434985742;-0,09901597532044892;spy
2024-10-07;227081,31092585367;46150,87530956312;-0,2987903787764812;-0,9040442689714157;0,6052538901949345;strategy
2024-10-08;230040,60196075344;46587,34938563627;1,3031856399076558;0,9457547081078044;0,3574309317998514;strategy
2024-10-09;230454,49613820564;46910,034210693426;0,17992222847809103;0,6926447400689595;-0,5127225115908685;spy
2024-10-10;229730,6481858881;46827,94045275591;-0,3140958256173221;-0,17500255397128184;-0,13909327164604024;spy
2024-10-11;231891,32023381512;47108,358005778515;0,9405240724253305;0,5988252959907792;0,3416987764345514;strategy
2024-10-14;232886,570883203;47493,625182562864;0,42918840100800715;0,8178318945803342;-0,3886434935723271;spy
2024-10-15;231170,74385373225;47124,61503048006;-0,7367651225932081;-0,7769677523338125;0,0402026297406044;strategy
2024-10-16;232826,090751967;47329,43766668783;0,7160711042579537;0,4346404444371288;0,28143065982082494;strategy
2024-10-17;231981,20816093357;47333,50068262636;-0,3628814057327956;0,008584543021927793;-0,3714659487547234;spy
2024-10-18;232477,20984121488;47515,57241395733;0,2138111462619996;0,3846572273446869;-0,17084608108268728;spy
2024-10-21;233535,10522437925;47437,541671958345;0,45505337227977893;-0,1642214079190185;0,6192747801987974;strategy
2024-10-22;233602,39037005848;47412,34502000254;0,028811576578435805;-0,053115425183802856;0,08192700176223866;strategy
2024-10-23;232563,33640984714;46979,12036449073;-0,4447959451807537;-0,9137380893711078;0,46894214419035407;strategy
2024-10-24;233303,2744966275;47080,72056769113;0,3181662673932273;0,21626672107126765;0,10189954632195963;strategy
2024-10-25;233738,40455954504;47064,463542989586;0,1865083393520095;-0,03453011021394836;0,22103844956595786;strategy
2024-10-28;235248,0159018434;47209,95820897892;0,6458550725299439;0,3091391148152267;0,3367159577147172;strategy
2024-10-29;236288,73184807005;47286,361760223524;0,4423909558756378;0,16183778622806955;0,28055316964756827;strategy
2024-10-30;236185,57413873257;47143,307880365755;-0,043657481476433446;-0,30252672130530733;0,2588692398288739;strategy
2024-10-31;234329,38852401046;46219,15282893066;-0,7859013496022471;-1,9603101542647328;1,1744088046624857;strategy
2024-11-01;232872,29134615732;46414,222242506985;-0,6218158068141078;0,4220532001058652;-1,043869006919973;spy
2024-11-04;231419,352029097;46314,24923006097;-0,6239210808041462;-0,21539305759272764;-0,40852802321141857;spy
2024-11-05;237170,02682256742;46874,270740728985;2,484958471730292;1,2091775640930225;1,2757809076372695;strategy
2024-11-06;244177,13040798725;48039,82549371349;2,954464221004627;2,4865554910313614;0,4679087299732654;strategy
2024-11-07;249809,9661254523;48411,276431927865;2,3068645732928994;0,7732145868493578;1,5336499864435416;strategy
2024-11-08;257042,7522103643;48620,98064039878;2,895315265876852;0,43317223574095287;2,4621430301358993;strategy
2024-11-11;258897,70839105887;48667,31092837186;0,7216527852831556;0,09528867448342915;0,6263641107997264;strategy
2024-11-12;256825,58468699345;48516,13101663704;-0,8003638645327604;-0,3106395419244068;-0,48972432260835363;spy
2024-11-13;255118,7884690906;48539,70047783846;-0,6645740610239481;0,0485806693723001;-0,7131547303962482;spy
2024-11-14;254511,37736064207;48227,58247078994;-0,2380895237443892;-0,6430159312396766;0,4049264074952874;strategy
2024-11-15;256105,83250749452;47609,855219710436;0,6264769627933431;-1,2808588351979733;1,9073357979913164;strategy
2024-11-18;257731,72970410602;47804,929594234185;0,6348536387057679;0,40973528195689113;0,2251183567488768;strategy
2024-11-19;262877,9560330982;47979,67896717044;1,9967375902456563;0,3655467635231613;1,631190826722495;strategy
2024-11-20;262841,59562805644;47995,935991871986;-0,013831667588437568;0,0338831460557909;-0,04771481364422847;spy
2024-11-21;265227,94971644715;48253,592718122934;0,9079057988095718;0,5368302980789608;0,371075500730611;strategy
2024-11-22;268670,81773170026;48403,1504000508;1,2980788860803782;0,3099410292649374;0,9881378568154409;strategy
2024-11-25;266199,96767801454;48567,337915925826;-0,9196570265971871;0,3392083253218381;-1,2588653519190252;spy
2024-11-26;268139,6818835946;48820,93162623825;0,7286680845605131;0,5221486727384983;0,20651941182201483;strategy
2024-11-27;267550,83220089355;48673,00113506478;-0,2196055722019863;-0,30300628489844383;0,08340071269645755;strategy
2024-11-29;269498,5751886723;48975,36095853442;0,7279898820558461;0,6212064520751737;0,10678342998067247;strategy
2024-12-02;267346,67376715655;49063,144923164844;-0,798483413134643;0,17924107737510298;-0,977724490509746;spy
2024-12-03;270707,76504352863;49085,90078898908;1,2572033266811555;0,046380772899645706;1,2108225537815098;strategy
2024-12-04;273079,6757528897;49390,701398590296;0,8761886490325388;0,6209534809425099;0,2552351680900289;strategy
2024-12-05;272447,39638474723;49309,42123602997;-0,2315365896049415;-0,164565718361398;-0,0669708712435435;spy
2024-12-06;275088,79783924815;49402,89540735331;0,9695087894217691;0,18956655539699163;0,7799422340247775;strategy
2024-12-09;266420,924618867;49148,48810166371;-3,1509364570513454;-0,5149643631043865;-2,635972093946959;spy
2024-12-10;262720,4055315411;48995,680999174496;-1,3889746432716343;-0,3109090602606779;-1,0780655830109565;spy
2024-12-11;265647,8209109708;49374,449334836165;1,1142702728046183;0,7730647435394422;0,3412055292651761;strategy
2024-12-12;265220,2061369283;49120,04202914656;-0,16097055589469056;-0,5152610492206611;0,3542904933259705;strategy
2024-12-13;266159,7781670644;49110,28880651512;0,3542611039413224;-0,019855892276432474;0,37411699621775485;strategy
2024-12-16;268285,03095327434;49319,98805403861;0,7984875854817997;0,42699656756175486;0,3714910179200448;strategy
2024-12-17;265178,44622577773;49116,78764763779;-1,1579418786274553;-0,4120041679210762;-0,7459377107063792;spy
2024-12-18;256260,51334563302;47652,93608712217;-3,362993111646717;-2,9803487374158943;-0,38264437423082276;spy
2024-12-19;256942,73885239553;47638,30129222758;0,26622342157036627;-0,030711213403167292;0,29693463497353356;strategy
2024-12-20;261137,16105067643;48048,770081915165;1,6324346105341503;0,8616360754965857;0,7707985350375646;strategy
2024-12-23;260971,80461878047;48336,500071437644;-0,06332167786102794;0,5988290418921238;-0,6621507197531518;spy
2024-12-24;263474,6879588619;48873,76075533401;0,959062740029526;1,1115010046286677;-0,15243826459914178;spy
2024-12-26;263489,69822627504;48877,01513684277;0,005697043434960136;0,0066587499272907635;-0,0009617064923306273;spy
2024-12-27;260076,4652692888;48362,51031877063;-1,2953952203683783;-1,0526518786625139;-0,24274334170586442;spy
2024-12-30;258109,50804975658;47810,61483997968;-0,7562995819308749;-1,141163837760406;0,3848642558295312;strategy
2024-12-31;256038,2326049041;47636,679062420626;-0,8024793276709463;-0,36380159121820466;-0,43867773645274166;spy
2025-01-02;258653,36242836353;47519,635429895854;1,021382547775529;-0,24570065510108874;1,2670832028766177;strategy
2025-01-03;260945,77991881716;48113,793219773936;0,8862894605085714;1,2503416419400448;-0,36405218143147344;spy
2025-01-06;262193,82246727025;48390,95639128778;0,4782765786982113;0,5760576187535671;-0,09778104005535582;spy
2025-01-07;259889,0567113817;47843,942484759966;-0,8790312960848867;-1,1304052395755049;0,25137394349061815;strategy
2025-01-08;259958,65628287848;47913,84223393447;0,026780493329536803;0,14609947580463967;-0,11931898247510286;spy
2025-01-10;258710,14574636257;47182,32077089154;-0,48027273042884344;-1,5267434815002812;1,0464707510714377;strategy
2025-01-13;257559,41009235836;47255,4749015748;-0,44479726555926025;0,15504563889190415;-0,5998429044511644;spy
2025-01-14;259716,85217662837;47320,49803943358;0,8376483249035171;0,1375991628360662;0,7000491620674509;strategy
2025-01-15;263222,3648394603;48181,257143764284;1,3497440129329297;1,8189984044829854;-0,46925439155005577;spy
2025-01-16;265201,13388723624;48088,59656781814;0,751748070109004;-0,1923166422778566;0,9440647123868606;strategy
2025-01-17;267919,89128819556;48571,400931864366;1,0251680907651606;1,0039892999691435;0,021178790796017033;strategy
2025-01-21;271075,78235929954;49016,00103981458;1,1779233919251064;0,915353684308795;0,2625697076163114;strategy
2025-01-22;274187,5416047275;49291,54198152147;1,1479296373674064;0,5621448830211095;0,5857847543462968;strategy
2025-01-23;274988,263746623;49560,57912115824;0,29203447290462314;0,5458079192118381;-0,253773446307215;spy
2025-01-24;274814,8292450173;49415,8980505461;-0,0630697831400906;-0,29192772396473554;0,22885794082464495;strategy
2025-01-27;263981,0144693281;48716,890636906275;-3,942223498437958;-1,414539533258774;-2,527683965179184;spy
2025-01-28;269357,3407651531;49135,48545847092;2,0366336975531585;0,8592396109277312;1,1773940866254273;strategy
2025-01-29;270895,3289150787;48915,214431991364;0,5709843086350253;-0,44829317228528565;1,019277480920311;strategy
2025-01-30;275310,3528647594;49177,747769558046;1,629789619246158;0,5367110021191612;1,0930786171269968;strategy
2025-01-31;274568,6706154967;48916,02802736856;-0,26939860471830723;-0,5321913956203961;0,26279279090208885;strategy
2025-02-03;274979,7455842475;48586,84436118872;0,14971663293896764;-0,6729566554252053;0,822673288364173;strategy
2025-02-04;279325,440339655;48912,77860680721;1,5803690363354495;0,6708281838506247;0,9095408524848247;strategy
2025-02-05;281534,8646507542;49111,09744094488;0,7909857077152083;0,4054540342757651;0,38553167343944317;strategy
2025-02-06;283480,8912682736;49281,78875889002;0,6912204710181946;0,3475616038725038;0,3436588671456908;strategy
2025-02-07;282657,9213982831;48830,68484886969;-0,2903087634261947;-0,9153562023232142;0,6250474388970195;strategy
2025-02-10;283605,2510936446;49162,30434023368;0,3351505914552577;0,6791211149103082;-0,3439705234550505;spy
2025-02-11;280585,9637230248;49199,6950009525;-1,0646091209442488;0,0760555495121995;-1,1406646704564483;spy
2025-02-12;282149,33629337227;49041,19769177038;0,557181317840505;-0,32215099947073833;0,8793323173112433;strategy
2025-02-13;286495,6076491076;49558,95193040386;1,540415232880843;1,0557536581541571;0,4846615747266858;strategy
2025-02-14;289865,0266702379;49556,516105219715;1,1760805161303178;-0,004915005441541442;1,1809955215718593;strategy
2025-02-18;290448,4917602623;49702,005810261624;0,2012885434047762;0,29358340027980656;-0,09229485687503036;spy
2025-02-19;286617,1907450753;49819,04944278638;-1,31909826488249;0,23549076262951996;-1,55458902751201;spy
2025-02-20;279451,76929136075;49611,78602044704;-2,499997098948492;-0,4160324708269769;-2,083964628121515;spy
2025-02-21;270944,0895688811;48763,220924879344;-3,0444179129921367;-1,7104102948802713;-1,3340076181118654;spy
2025-02-24;266866,86455217004;48541,327668592836;-1,504821538347123;-0,45504224716480524;-1,0497792911823178;spy
2025-02-25;263232,0861871896;48299,92300609601;-1,362019361631861;-0,4973177992678157;-0,8647015623640453;spy
2025-02-26;266867,29311783117;48324,30606267462;1,380989294768753;0,05048259926943022;1,3305066954993228;strategy
2025-02-27;262076,7163369308;47552,95811372873;-1,7951157389621164;-1,596190430433675;-0,19892530852844148;spy
2025-02-28;264848,6610320419;48295,046394780285;1,0576844573813249;1,5605512474676342;-0,5028667900863093;spy
2025-03-03;260329,3396590008;47448,92208534417;-1,7063787883353942;-1,7519898469909312;0,04561105865553694;strategy
2025-03-04;257617,77782421414;46887,27338392177;-1,0415890265532468;-1,1836911709231068;0,14210214436986002;strategy
2025-03-05;259305,73934186657;47391,211383985275;0,6552193454615551;1,0747863198125485;-0,4195669743509933;spy
2025-03-06;250428,4065383898;46549,963685864874;-3,4235003151137255;-1,7751133038238387;-1,6483870112898868;spy
2025-03-07;251451,7852481988;46810,86983267717;0,4086512085250016;0,5604862520902865;-0,15183504356528488;spy
2025-03-10;242802,44361707117;45564,03491713233;-3,4397614725980907;-2,66355852818283;-0,7762029444152607;spy
2025-03-11;243722,29025983252;45185,26658147066;0,37884571055308847;-0,8312879584754462;1,2101336690285347;strategy
2025-03-12;245421,05870978726;45425,04405321311;0,6970098829055305;0,5306541044969082;0,16635577840862226;strategy
2025-03-13;241147,24516036274;44819,5058499492;-1,7414208755730076;-1,333049237232553;-0,40837163834045453;spy
2025-03-14;245680,03429569473;45745,28809213868;1,8796769302994454;2,0655788693630495;-0,18590193906360408;spy
2025-03-17;248552,65874856795;46098,04618046736;1,1692543356680796;0,7711353519474384;0,39811898372064114;strategy
2025-03-18;244560,66364274762;45599,79838709677;-1,6060963201599;-1,0808436249554187;-0,5252526952044811;spy
2025-03-19;248088,59680294094;46096,41898971298;1,4425595300750826;1,0890850841058564;0,3534744459692263;strategy
2025-03-20;248854,81432766566;45963,118332486665;0,30884834474409484;-0,28917790177164227;0,5980262465157371;strategy
2025-03-21;249140,6435972988;45840,38449326899;0,11485784207363459;-0,26702678945724756;0,38188463153088215;strategy
2025-03-24;255012,2608303762;46661,31711169673;2,356748039299461;1,7908502022889516;0,5658978370105094;strategy
2025-03-25;255982,14063436392;46773,48413290576;0,38032673442036646;0,24038545877418382;0,13994127564618264;strategy
2025-03-26;252616,46712433646;46215,089812992126;-1,3148079399941004;-1,1938266525687302;-0,12098128742537018;spy
2025-03-27;249420,6371046576;46092,35597377444;-1,2650917242484794;-0,26557092004867444;-0,9995208041998049;spy
2025-03-28;246243,54857440304;45164,13294545339;-1,2737873526164734;-2,0138328985595644;0,740045545943091;strategy
2025-03-31;246314,6131594899;45467,31132524765;0,028859470836195555;0,6712813022679232;-0,6424218314317276;spy
2025-04-01;247297,45873007408;45595,73041021082;0,39902040645383163;0,28244266313557365;0,11657774331825799;strategy
2025-04-02;248875,32362777475;45884,27895605792;0,6380433126176754;0,6328411525621247;0,005202160055550742;strategy
2025-04-03;242231,73380155527;43623,06423831598;-2,6694449772593054;-4,928081620084823;2,258636642825518;strategy
2025-04-04;231709,30785887776;41069,24043926213;-4,343950223837245;-5,854297133053565;1,5103469092163202;strategy
2025-04-07;232804,39600189152;40996,08878905258;0,47261292743610017;-0,17811785518103695;0,6507307826171371;strategy
2025-04-08;231733,27316576138;40353,97600092075;-0,4600956229887654;-1,5662781672560189;1,1061825442672535;strategy
2025-04-09;242733,2705158368;44591,922386969774;4,746835531989846;10,501930183911302;-5,755094651921456;spy
2025-04-10;238923,79846561892;42637,94906496063;-1,5694066339246748;-4,3818997195333225;2,8124930856086476;strategy
2025-04-11;240635,93029073274;43398,73019589789;0,7166016261708652;1,7842817199724692;-1,067680093801604;spy
2025-04-14;242001,859208804;43819,76084264669;0,5676329866537211;0,9701450822369839;-0,40251209558326284;spy
2025-04-15;243737,14732481874;43697,027003429;0,7170556960545804;-0,2800878801196949;0,9971435761742753;strategy
2025-04-16;240903,08811409987;42725,72806864364;-1,1627522689194536;-2,222803246337879;1,0600509774184252;strategy
2025-04-17;241973,78871776734;42786,68819056388;0,4444528345607379;0,1426777837987947;0,3017750507619432;strategy
2025-04-21;238359,53900706547;41768,25033337567;-1,4936533952102815;-2,3802680232045126;0,8866146279942311;strategy
2025-04-22;242821,90064518453;42854,96570993142;1,8721137222818651;2,601773758493775;-0,7296600362119099;spy
2025-04-23;245629,2688150245;43519,023248984;1,156142902423829;1,5495463082325633;-0,39340340580873434;spy
2025-04-24;249225,7570547091;44435,05226854204;1,4641936838532876;2,104893334386637;-0,6406996505333495;spy
2025-04-25;249631,9849980026;44756,10990284481;0,1629959712407647;0,722532365580375;-0,5595363943396103;spy
2025-04-28;250657,73887462728;44773,175561976124;0,41090642957186674;0,038130345037501456;0,3727760845343653;strategy
2025-04-29;252268,7249724625;45055,220305753115;0,6427035147879456;0,6299413437552026;0,01276217103274302;strategy
2025-04-30;251981,36277307043;45073,099560261624;-0,11391114749695896;0,0396829809890642;-0,15359412848602316;spy
2025-05-01;252692,23925075476;45392,53000381;0,282114704778591;0,7086942026724996;-0,4265794978939086;spy
2025-05-02;256336,32864664914;46066,345726441454;1,4421057831848216;1,4844198430334021;-0,0423140598485805;spy
2025-05-05;256371,46481998442;45802,1851981204;0,013707059596579363;-0,5734349537724004;0,5871420133689798;strategy
2025-05-06;254565,21035625323;45419,35384652019;-0,7045458296224494;-0,8358364343191149;0,13129060469666554;strategy
2025-05-07;254185,91799216942;45610,36520510541;-0,1489961505553028;0,42055058561747405;-0,5695467361727768;spy
2025-05-08;257651,87922786459;45928,16845789941;1,363553600086509;0,6967785751437638;0,6667750249427451;strategy
2025-05-09;255646,0592775784;45869,64912211075;-0,7785000273614395;-0,12741491279432138;-0,6510851145671182;spy
2025-05-12;258688,250788325;47385,52117729236;1,190001332053936;3,304738719814848;-2,114737387760912;spy
2025-05-13;263418,59070721956;47698,452779718056;1,8285870751683975;0,660394978573442;1,1681920965949555;strategy
2025-05-14;264035,5061367992;47759,4129016383;0,23419585835735557;0,12780314322096142;0,10639271513639414;strategy
2025-05-15;263969,65936035325;47992,68657131064;-0,024938606708369004;0,4884349607746863;-0,5133735674830553;spy
2025-05-16;265267,7173706118;48296,67358553468;0,49174515488028536;0,6334027868441172;-0,14165763196383185;spy
2025-05-19;266531,9105228013;48349,502714630435;0,47657256024986605;0,10938461217664397;0,3671879480732221;strategy
2025-05-20;266029,57036236994;48186,94238950978;-0,18847280216691686;-0,33621922872738574;0,14774642656046888;strategy
2025-05-21;263600,03050505044;47374,954359283714;-0,9132593245217535;-1,6850789652983478;0,7718196407765943;strategy
2025-05-22;263001,91315469646;47393,652170116846;-0,22690336917184917;0,03946771260470161;-0,2663710817765508;spy
2025-05-23;263570,15445045003;47070,1537496825;0,21605975748903994;-0,6825775301577686;0,8986372876468085;strategy
2025-05-27;266049,5098538073;48048,770081915165;0,94068139411565;2,079059136787431;-1,1383777426717812;spy
2025-05-28;266213,3226440786;47770,78835407671;0,0615722954578235;-0,5785407771406903;0,6401130725985138;strategy
2025-05-29;264350,74574306665;47959,35892653035;-0,6996557807522508;0,3947403401760141;-1,0943961209282649;spy
2025-05-30;266807,11622375296;47905,7162020574;0,929208833431372;-0,11185037847383228;1,0410592119052042;strategy
2025-06-02;268318,8052956468;48175,56693707138;0,566584989669483;0,5632954820585345;0,0032895076109484833;strategy
2025-06-03;270536,6418336743;48450,29428340107;0,8265676852518;0,5702628195087822;0,2563048657430178;strategy
2025-06-04;270909,5896915817;48437,286679260855;0,1378548411703706;-0,026847317096012624;0,16470215826638324;strategy
2025-06-05;270191,4943973297;48203,199414211325;-0,26506824474894497;-0,4832790626766448;0,2182108179276998;strategy
2025-06-06;270599,7216412065;48698,197787020574;0,15108811799844357;1,0268994150278488;-0,8758112970294052;spy
2025-06-09;268559,3098178493;48742,08728886208;-0,7540332307002795;0,09012551559599569;-0,8441587462962752;spy
2025-06-10;267269,9045221892;49018,44182594615;-0,4801193809049753;0,5669731282665458;-1,047092509171521;spy
2025-06-11;269566,90824818646;48878,63736664974;0,8594322395197196;-0,2852078811334535;1,144640120653173;strategy
2025-06-12;269162,77706175734;49072,898145796295;-0,1499186933052732;0,3974349319302073;-0,5473536252354805;spy
2025-06-13;267996,9369464326;48524,2570485141;-0,4331357136567515;-1,1180124223602594;0,6848767087035079;strategy
2025-06-16;269724,8712968427;48985,92777654305;0,6447589924341246;0,9514225587573311;-0,30666356632320646;spy
2025-06-17;269007,2528808731;48567,337915925826;-0,2660557079958048;-0,854510427008115;0,5884547190123102;strategy
2025-06-18;269716,4894361088;48560,02051847853;0,26364960336209275;-0,015066498929716676;0,27871610229180943;strategy
2025-06-20;269557,3262452008;48303,177387604774;-0,059011294133604064;-0,5289189092826274;0,46990761514902335;strategy
2025-06-23;271271,61965295696;48780,29154495809;0,6359661715136466;0,987749011881256;-0,3517828403676093;spy
2025-06-24;273777,5970570065;49319,17941960884;0,9237890079528022;1,104724587703787;-0,18093557975098484;spy
2025-06-25;273100,17202533333;49346,8118967488;-0,2474362544471087;0,05602785258218557;-0,30346410702929427;spy
2025-06-26;275015,4344631684;49732,89266891034;0,7013040027149309;0,7823824018649006;-0,08107839914996973;spy
2025-06-27;274852,2985015273;49979,98257715265;-0,05931883858065756;0,49683397643343064;-0,5561528150140882;spy
2025-06-30;279007,88279835175;50218,9464535179;1,511933616520711;0,47811916700124524;1,0338144495194657;strategy
2025-07-01;274806,5115741122;50202,694389763776;-1,5058252770858038;-0,03236241478934421;-1,4734628622964596;spy
2025-07-02;276628,09034168953;50430,27785274321;0,6628586626798549;0,4533291803274997;0,20952948235235525;strategy
2025-07-03;278644,0929601204;50827,73903829057;0,7287772604512854;0,7881399874653638;-0,05936272701407841;spy
2025-07-07;279187,07659070473;50448,9707026289;0,19486637050727396;-0,7452000479036158;0,9400664184108898;strategy
2025-07-08;277602,480974042;50421,33822548895;-0,5675748448005002;-0,054773123723039774;-0,5128017210774605;spy
2025-07-09;280307,03399267385;50723,69804895859;0,974253907653222;0,5996663994070506;0,3745875082461714;strategy
2025-07-10;278999,52045080264;50866,75192881635;-0,46645762799708557;0,2820257303000284;-0,748483358297114;spy
2025-07-11;278437,7368839423;50687,93457899416;-0,20135646324860312;-0,35154072757079824;0,15018426432219512;strategy
2025-07-14;280127,35157248384;50784,65817087884;0,6068195739020066;0,19082172648787754;0,41599784741412904;strategy
2025-07-15;279978,64166765386;50567,64152590805;-0,053086535104551746;-0,4273271747553764;0,37424063965082466;strategy
2025-07-16;280589,96429981315;50736,70069215138;0,21834616687830266;0,33432282214844733;-0,11597665527014467;spy
2025-07-17;282162,47921989986;51047,19150844551;0,5604316334017145;0,6119649327969823;-0,05153329939526774;spy
2025-07-18;283541,5051070831;51009,805808674115;0,48873467903878254;-0,07323752525192351;0,561972204290706;strategy
2025-07-21;282757,6821852446;51106,5294005588;-0,2764402768979157;0,1896176438065167;-0,4660579207044324;spy
2025-07-22;280198,97599954763;51113,84183705867;-0,9049112886774346;0,014308223598114012;-0,9192195122755487;spy
2025-07-23;281195,6047756646;51548,69368332487;0,35568608791722855;0,8507516372031398;-0,4950655492859113;spy
2025-07-24;281141,3271432796;51565,759342456186;-0,019302446931301898;0,033105900289442936;-0,05240834722074483;spy
2025-07-25;283285,16838493594;51783,58958280416;0,7625493069411959;0,4224319453948633;0,34011736154633265;strategy
2025-07-28;283641,0988717574;51770,58693961138;0,1256438834587259;-0,02510958258695739;0,1507534660456833;strategy
2025-07-29;281814,81920115947;51634,03686182372;-0,6438699038546769;-0,2637599568784843;-0,3801099469761926;spy
2025-07-30;282999,5081152591;51569,01372396495;0,4203785015485684;-0,12593076546150161;0,54630926701007;strategy
2025-07-31;284905,33344343957;51375,56654019558;0,6734376822323807;-0,375122907730685;1,0485605899630657;strategy
2025-08-01;280047,65809952206;50533,50028575057;-1,7050138322109998;-1,639040328219421;-0,06597350399157875;spy
2025-08-04;283386,1314733775;51301,598814135126;1,192109013341236;1,519978873502148;-0,327869860160912;spy
2025-08-05;281731,4926727762;51041,50130175261;-0,5838813607421556;-0,5069968936540326;-0,07688446708812302;spy
2025-08-06;282719,20297721657;51432,46364617729;0,35058569245134397;0,7659695237280495;-0,41538383127670553;spy
2025-08-07;284747,3874122264;51389,38277876556;0,717384745589178;-0,08376201402308103;0,801146759612259;strategy
2025-08-08;284971,1819261891;51790,09338487427;0,07859405348598081;0,7797536853746401;-0,7011596318886593;spy
2025-08-11;284021,1424477805;51687,67958629667;-0,33338089556531614;-0,19774785462640665;-0,1356330409389095;spy
2025-08-12;286984,76167250285;52237,947874333244;1,0434502161286163;1,064602420617189;-0,02115220448857258;spy
2025-08-13;284974,98131453595;52416,765224155446;-0,7003090847939819;0,34231312120525104;-1,042622205999233;spy
2025-08-14;283759,85308126715;52421,64183547117;-0,42639821491122776;0,00930353350663271;-0,43570174841786047;spy
2025-08-15;283285,03942735743;52298,90799625349;-0,16732939799406488;-0,2341281862229594;0,06679878822889451;strategy
2025-08-18;284793,5631001585;52287,52758286767;0,5325108858026839;-0,021760326977837696;0,5542712127805216;strategy
2025-08-19;280742,6656963512;52003,860609283714;-1,422397809736542;-0,542513648468812;-0,87988416126773;spy
2025-08-20;279633,3213110971;51865,68334074168;-0,3951463460327487;-0,2657057897685555;-0,12944055626419315;spy
2025-08-21;279418,3374675172;51657,606323025146;-0,07688062444488608;-0,4011843753210176;0,3243037508761315;strategy
2025-08-22;282425,3350510907;52450,90150336551;1,0761632936575172;1,5356793254796441;-0,45951603182212697;spy
2025-08-25;282397,36132982105;52220,06365887732;-0,009904820070261167;-0,44010272058598865;0,4301979005157275;strategy
2025-08-26;284486,73250985413;52438,70749460249;0,7398692290162101;0,41869699193290977;0,32117223708330034;strategy
2025-08-27;283726,2526776212;52558,19191325883;-0,2673164493555369;0,22785538462908317;-0,49517183398462006;spy
2025-08-28;286419,0250892468;52744,321699580905;0,9490741114764667;0,3541403909580021;0,5949337205184646;strategy
2025-08-29;283751,92467282526;52429,76786734824;-0,9311882880651767;-0,5963747794962448;-0,3348135085689319;spy
2025-09-02;283122,4842886212;52041,25127000254;-0,22182770563752285;-0,7410229210411123;0,5191952154035895;strategy
2025-09-03;282859,82697307767;52323,29105283211;-0,0927716201005846;0,5419542688669843;-0,6347258889675689;spy
2025-09-04;285979,8070031839;52760,57872428245;1,1030127761490816;0,8357419089116691;0,26727086723741245;strategy
2025-09-05;287047,08834586065;52607,77162179324;0,3732016445010311;-0,2896236284437914;0,6628252729448225;strategy
2025-09-08;292987,44088691985;52737,00926308103;2,069469708015892;0,24566264128598192;1,82380706672991;strategy
2025-09-09;294744,6542820699;52858,929506921515;0,5997572420956443;0,2311853583358836;0,3685718837597607;strategy
2025-09-10;297259,7397062045;53011,73660941072;0,853309937125335;0,28908474672986184;0,5642251903954731;strategy
2025-09-11;297146,99363461736;53452,2737014224;-0,03792847013139866;0,8310180352278262;-0,8689465053592249;spy
2025-09-12;297014,89742838696;53434,38948596647;-0,04445483516916093;-0,03345828758534175;-0,010996547583819183;spy
2025-09-15;298132,48653681285;53718,87005492761;0,3762737553241191;0,5323922883704979;-0,1561185330463788;spy
2025-09-16;298073,54976746085;53644,90728981458;-0,01976865052065735;-0,13768488621856978;0,11791623569791243;strategy
2025-09-17;297411,02870392334;53578,25696120142;-0,2222676463759954;-0,12424353397254562;-0,09802411240344977;spy
2025-09-18;300737,50302720943;53828,6012509525;1,11847712500186;0,4672497836806677;0,6512273413211922;strategy
2025-09-19;303120,68573515915;53945,64488347727;0,7924461312475817;0,21743762573189773;0,5750085055156839;strategy
2025-09-22;303107,6177210428;54200,86578454407;-0,00431115879954147;0,4731075170536503;-0,47741867585319175;spy
2025-09-23;303657,135765933;53905,8183975743;0,1812946995597864;-0,5443591771072787;0,725653876667065;strategy
2025-09-24;301177,64356839005;53734,31348425197;-0,8165433660199728;-0,31815658943793457;-0,4983867765820382;spy
2025-09-25;300148,4113311959;53486,40998063246;-0,34173593531036106;-0,4613504621998499;0,11961452688948881;strategy
2025-09-26;301436,6275381387;53792,83778098806;0,4291930785938147;0,57290777314567;-0,14371469455185526;spy
2025-09-29;305398,1129703785;53944,01769272289;1,314201749334054;0,28104096748036156;1,0331607818536925;strategy
2025-09-30;306625,58871188865;54147,218099123704;0,40192643286869334;0,3766875644270584;0,02523886844163492;strategy
2025-10-01;310083,060634637;54331,72565563881;1,1275875367326549;0,34075168215907947;0,7868358545735754;strategy
2025-10-02;310696,38306307653;54394,30800736601;0,19779294850361673;0,11518565068935338;0,08260729781426335;strategy
2025-10-03;308873,53908452636;54393,49937293625;-0,5866962339822646;-0,0014866158967508092;-0,5852096180855137;spy
2025-10-06;307000,758775243;54588,56878651257;-0,6063259141051991;0,3586263355458641;-0,9649522496510632;spy
2025-10-07;306502,9795866221;54386,18197548895;-0,1621426574340612;-0,3707494362329311;0,2086067787988699;strategy
2025-10-08;308144,8883889883;54710,489030353056;0,5356909758530426;0,5963041402874403;-0,06061316443439768;spy
2025-10-09;306852,450519461;54551,99172117094;-0,41942538014643205;-0,28970186885769467;-0,12972351128873738;spy
2025-10-10;299396,8095346384;53077,57334264669;-2,4297153150320883;-2,702776437678711;0,27306112264662286;strategy
2025-10-13;304624,8318918998;53891,997198056895;1,7461850596829809;1,5344029580113272;0,21178210167165368;strategy
2025-10-14;303325,3233920344;53826,16046482093;-0,4265930954461927;-0,12216421112397624;-0,3044288843222165;spy
2025-10-15;306435,54401899525;54065,12434118619;1,0253745358876687;0,44395489907074204;0,5814196368169267;strategy
2025-10-16;306868,5965564287;53696,92778448057;0,14131929075649197;-0,6810241559458086;0,8223434467023005;strategy
2025-10-17;304981,96585066593;54001,72839408179;-0,6148008388391246;0,5676313751590722;-1,1824322139981969;spy
2025-10-20;306492,6979256006;54563,37213455677;0,49535128108997295;1,0400477117627371;-0,5446964306727642;spy
2025-10-21;304906,4714398476;54562,55853917958;-0,5175413628085934;-0,0014911017141350236;-0,5160502610944584;spy
2025-10-22;302321,97852441296;54278,89156559563;-0,8476346544007418;-0,5198930936866963;-0,3277415607140455;spy
2025-10-23;307164,8593735242;54600,762795275594;1,6018950632529672;0,592995214891201;1,0088998483617662;strategy
2025-10-24;310296,04484438605;55046,99009398019;1,019382711045802;0,8172546972973871;0,20212801374841494;strategy
2025-10-27;313509,7864850183;55696,4177990856;1,035701773847597;1,1797696913067535;-0,14406791745915637;spy
2025-10-28;314598,7373116815;55844,348290259084;0,3473418928551464;0,2656014462314671;0,0817404466236793;strategy
2025-10-29;318526,9703532914;55871,17213296927;1,2486486993487533;0,04803322723145875;1,2006154721172946;strategy
2025-10-30;314323,44720892387;55256,694302451106;-1,3196757372555434;-1,099811955002039;-0,21986378225350434;spy
2025-10-31;316590,54165378236;55437,947477457456;0,7212616382867632;0,32802030105936186;0,3932413372274013;strategy
2025-11-03;318034,3908898504;55541,98846678944;0,4560620252663794;0,18767107020742912;0,2683909550589503;strategy
2025-11-04;310949,1245614559;54883,61617348235;-2,2278302382865323;-1,1853596017736279;-1,0424706365129044;spy
2025-11-05;317854,01044212875;55073,81393669038;2,220583798205289;0,34654743340314376;1,8740363648021452;strategy
2025-11-06;314785,1340704222;54482,90556737364;-0,9654987103789536;-1,0729388925125427;0,10744018213358908;strategy
2025-11-07;314504,8830508189;54536,54829184658;-0,08902930579326451;0,09845789961882012;-0,18748720541208463;spy
2025-11-10;321029,0617991012;55387,55417354585;2,074428442889409;1,560432239211762;0,5139962036776469;strategy
2025-11-11;316794,64516675804;55514,351028702054;-1,3190134901222783;0,22892661907205625;-1,5479401091943346;spy
2025-11-12;317135,84968508704;55545,23788735078;0,10770526697172489;0,05563761095352948;0,05206765601819541;strategy
2025-11-13;307999,70855132263;54623,51866109982;-2,880828875964836;-1,6594027882646967;-1,2214260877001393;spy
2025-11-14;307710,477713246;54614,57903384557;-0,09390620511851022;-0,016365894166792128;-0,0775403109517181;spy
2025-11-17;306952,3991055369;54105,764422466345;-0,24636099925577915;-0,9316461288915279;0,6852851296357487;strategy
2025-11-18;305209,111984649;53651,411091884685;-0,5679340268940458;-0,8397503213040225;0,2718162944099767;strategy
2025-11-19;308384,49238801084;53858,674514224025;1,0403950205528423;0,3863149507556729;0,6540800697971694;strategy
2025-11-20;299535,6762618526;53037,74685674371;-2,869410215032675;-1,5242255122032589;-1,3451847028294162;spy
2025-11-21;302102,3895398994;53566,06791338582;0,8568973519544887;0,9961227389035265;-0,13922538694903785;spy
2025-11-24;312522,2397303779;54354,48152146304;3,4491121392147495;1,4718526835907575;1,977259455623992;strategy
2025-11-25;312809,49004202586;54865,73691897384;0,09191355850250993;0,9405947461920139;-0,848681187689504;spy
2025-11-26;318137,06392181804;55244,500293688085;1,7031369090101611;0,6903459171132775;1,0127909918968836;strategy
2025-11-28;322239,94804421626;55546,05148272796;1,2896592656699957;0,5458483422545068;0,7438109234154888;strategy
2025-12-01;319730,65900920075;55292,45777241554;-0,7787020356244567;-0,45654678153185246;-0,32215525409260426;spy
2025-12-02;321299,6809054469;55394,87157099314;0,49073238741266234;0,18522200441719594;0,3055103829954664;strategy
2025-12-03;322229,2202024316;55586,69156400812;0,28930601311685233;0,3462775299860388;-0,056971516869186445;spy
2025-12-04;323508,3917800996;55627,331645288294;0,3969756612588915;0,07311117128345757;0,32386448997543393;strategy
2025-12-05;326760,74885904155;55732,99486442723;1,0053393239804143;0,18994838690575833;0,8153909370746559;strategy
2025-12-08;329020,01001036423;55565,557927990856;0,6914114253965264;-0,30042694967975514;0,9918383750762816;strategy
2025-12-09;332362,3184998259;55517,600449263395;1,0158374529732672;-0,08630792259768372;1,102145375570951;strategy
2025-12-10;336528,2943485421;55885,801966916435;1,253444093036804;0,6632158354710205;0,5902282575657836;strategy
2025-12-11;336786,60608249845;56015,84824263399;0,07675780559741607;0,23270002601831763;-0,15594222042090156;spy
2025-12-12;326787,2402161703;55413,56442087884;-2,969050931876638;-1,0752025375860397;-1,8938483942905981;spy
2025-12-15;325423,4545696891;55329,84347218695;-0,4173313638497822;-0,15108385386656265;-0,26624750998321955;spy
2025-12-16;324665,72611950175;55178,663560452114;-0,23284383456297908;-0,2732339407589879;0,0403901061960088;strategy
2025-12-17;320563,41219113686;54571,50312738126;-1,2635500449637682;-1,100353640145113;-0,16319640481865516;spy
2025-12-18;325309,980820216;54983,58918592837;1,4806956903269386;0,7551304892321253;0,7255652010948133;strategy
2025-12-19;331933,1679854641;55318,46801974854;2,0359618689069547;0,609052335029947;1,4269095338770077;strategy
2025-12-22;335199,2562697628;55663,095115252734;0,9839596037120701;0,6229874178387496;0,3609721858733206;strategy
2025-12-23;334773,0122975854;55917,502420942335;-0,12716137169301867;0,45704843606493295;-0,5842098077579516;spy
2025-12-24;335450,9524175345;56114,199025273054;0,2025073990571391;0,3517621421107231;-0,149254743053584;spy
2025-12-26;334922,7145708019;56108,508818580136;-0,15747096346744316;-0,010140404374936463;-0,1473305590925067;spy
2025-12-29;332389,5631886376;55908,55783274066;-0,7563390812147408;-0,3563648189011559;-0,3999742623135849;spy
2025-12-30;331443,6422153795;55840,285274320544;-0,284582032054137;-0,12211468345215692;-0,1624673486019801;spy
2025-12-31;329222,73402553744;55426,56706407163;-0,6700711393941572;-0,7408955885817692;0,07082444918761199;strategy
2026-01-02;333066,9039149267;55528,16726727204;1,1676501930425687;0,18330596423725698;0,9843442288053117;strategy
2026-01-05;333819,1115959769;55897,99101473203;0,22584281782689342;0,6660110816910869;-0,4401682638641935;spy
2026-01-06;340483,8269257301;56230,429062420626;1,9965050227020997;0,5947227112347964;1,4017823114673034;strategy
2026-01-07;337232,3194769792;56049,175887414276;-0,9549667830361153;-0,3223400177244651;-0,6326267653116502;spy
2026-01-08;333336,892478621;56043,48568072136;-1,1551167469356804;-0,010152168346500012;-1,1449645785891804;spy
2026-01-09;335787,3368996718;56414,123023558546;0,7351254770601168;0,6613388484590477;0,0737866286010691;strategy
2026-01-12;339696,1880111174;56502,71562261874;1,1640853248177985;0,15703975230316747;1,007045572514631;strategy
2026-01-13;343744,92725623224;56389,739966979934;1,191870673857065;-0,1999473023444942;1,3918179762015592;strategy
2026-01-14;341451,00187626574;56112,57183451867;-0,6673335947897763;-0,49152227448391317;-0,1758113203058631;spy
2026-01-15;342643,7893333865;56265,378937007874;0,34932902541402466;0,27232240029890775;0,07700662511511691;strategy
2026-01-16;339387,1619297534;56218,235053657605;-0,9504411009371938;-0,08378844014016451;-0,8666526607970293;spy
2026-01-20;340015,85815385106;55073,81393669038;0,1852445509497036;-2,0356759970762695;2,220920548025973;strategy
2026-01-21;344847,55316247034;55709,42540322581;1,4210204885305666;1,1541083159159804;0,2669121726145862;strategy
2026-01-22;347330,64432607265;56000,40481330962;0,7200547432715698;0,5223163010167342;0,1977384422548356;strategy
2026-01-23;345789,41625792783;56020,72485394971;-0,4437351248218424;0,036285524556167736;-0,48002064937801014;spy
2026-01-26;345625,4542777486;56305,20542291085;-0,04741671447137108;0,507813081145958;-0,5552297956173291;spy
2026-01-27;353279,46044531255;56529,53946532893;2,2145377525965237;0,39842504921721034;1,8161127033793134;strategy
2026-01-28;354652,27736216865;56523,849258636015;0,3885923385202217;-0,01006589961060067;0,39865823813082235;strategy
2026-01-29;351763,9488376342;56411,682237426976;-0,8144113851509038;-0,1984419367757395;-0,6159694483751643;spy
2026-01-30;342765,89847476967;56243,43170561341;-2,557979688537604;-0,2982547677011782;-2,2597249208364256;spy
2026-02-02;348865,89942854014;56523,03566325883;1,7796405596105291;0,49713175239538554;1,2825088072151436;strategy
2026-02-03;352850,4939935363;56045,11287147574;1,1421565052712523;-0,8455363130712823;1,9876928183425346;strategy
2026-02-04;346485,53799860715;55773,63494570739;-1,8038676729316805;-0,48439179057577775;-1,3194758823559027;spy
2026-02-05;344071,06037782587;55077,06335725172;-0,6968480227855789;-1,2489262877231289;0,55207826493755;strategy
2026-02-06;355005,4653305628;56133,70547053594;3,1779496191076895;1,9184793975496106;1,2594702215580789;strategy
2026-02-09;360771,3382510012;56404,3698009271;1,6241645505568503;0,4821779145387728;1,1419866360180775;strategy
2026-02-10;356648,5794417609;56255,62571437642;-1,1427622907150048;-0,26371021797717553;-0,8790520727378293;spy
2026-02-11;359567,20808734867;56242,62307118365;0,8183485968614068;-0,02311349847710087;0,8414620953385077;strategy
2026-02-12;353578,4779358324;55373,73793497587;-1,66553846313523;-1,5448872914552214;-0,1206511716800085;spy
2026-02-13;357573,1091614662;55412,75082550166;1,1297721651368997;0,07045377823617915;1,0593183869007206;strategy
2026-02-17;358057,047367082;55502,15701993903;0,1353396531273532;0,16134588719285414;-0,026006234065500955;spy
2026-02-18;361152,7904051862;55781,76097758446;0,8645949188455626;0,5037713354905771;0,36082358335498554;strategy
2026-02-19;363062,97194773576;55634,64408178817;0,5289123034066812;-0,2637365569283734;0,7926488603350546;strategy
2026-02-20;366365,3646666211;56036,981878651255;0,9095922674705381;0,7231785221302189;0,18641374534031918;strategy
2026-02-23;366074,681566712;55464,77132016764;-0,07934240731888309;-1,021130223827449;0,9417878165085658;strategy
2026-02-24;370261,05212159385;55867,9177514605;1,1435837455257003;0,7268513358970274;0,41673240962867286;strategy
2026-02-25;376499,36645026505;56339,346663068325;1,6848421655277335;0,8438276037153747;0,8410145618123588;strategy
2026-02-26;370229,3743639105;56026,41506064262;-1,6653393458452959;-0,5554405951797126;-1,1098987506655833;spy
2026-02-27;371616,24374774436;55757,37792100584;0,3745973388028956;-0,4801969559279695;0,8547942947308651;strategy
2026-03-02;376812,85652989784;55789,07837503175;1,3983814942387207;0,05685427688300049;1,3415272173557202;strategy
2026-03-03;365183,4681536807;55297,334383731264;-3,08625042237497;-0,8814341545397619;-2,204816267835208;spy
2026-03-04;368638,15146168665;55687,478171831346;0,9460130617282347;0,7055381465455701;0,24047491518266462;strategy
2026-03-05;361550,983039181;55376,98735553721;-1,922527116199002;-0,5575594846225052;-1,364967631576497;spy
2026-03-06;351811,9739324418;54651,156099187196;-2,6936751837523754;-1,3107091790493297;-1,3829660047030456;spy
2026-03-09;360954,2762679326;55129,8974472949;2,5986330804210755;0,875994914432976;1,7226381659880996;strategy
2026-03-10;363411,82745366497;55041,29988728727;0,6808483365655205;-0,1607069196751687;0,8415552562406892;strategy
2026-03-11;363556,311448839;54972,21373348997;0,03975764800678849;-0,12551693717041124;0,16527458517719973;strategy
2026-03-12;357285,9551648133;54137,46487649225;-1,724727665719017;-1,51849234423167;-0,2062353214873469;spy
2026-03-13;356405,9704773234;53831,03707613666;-0,24629702756829852;-0,5660180081477284;0,3197209805794299;strategy
2026-03-16;360169,7681519431;54378,86953898908;1,0560422625858212;1,0176888512803295;0,03835341130549175;strategy
2026-03-17;362032,2654078966;54521,91845789941;0,5171164880134471;0,26305975119207403;0,2540567368213731;strategy
2026-03-18;360961,37591618986;53761,13732696215;-0,2957994615480408;-1,3953675007322475;1,0995680391842066;strategy
2026-03-19;363735,70524291624;53628,65026511303;0,7685945122756221;-0,2464364937880048;1,015031006063627;strategy
2026-03-20;355997,62061078276;52715,87562706375;-2,1273920928289725;-1,7020279897722146;-0,42536410305675787;spy
2026-03-23;360592,18124594423;53269,39333566167;1,290615546047369;1,050001924493782;0,240613621553587;strategy
2026-03-24;367330,71899374883;53090,57598583947;1,8687420577232494;-0,33568497522664664;2,204427032949896;strategy
2026-03-25;369857,18553896266;53386,43696818644;0,6877907059161137;0,557275894738618;0,13051481117749564;strategy
2026-03-26;358713,39295656036;52433,022248857;-3,012998805515532;-1,7858744158138706;-1,2271243897016615;spy
2026-03-27;358431,191502754;51538,940460693426;-0,07867045372362824;-1,7051883523327982;1,62651789860917;strategy
2026-03-30;349127,04714567447;51366,621951993904;-2,595796509246606;-0,33434623831846144;-2,2614502709281448;spy
2026-03-31;354918,08825482865;52859,74310229871;1,6587202728919115;2,906792569891481;-1,2480722969995695;spy
2026-04-01;358723,06720650883;53258,01292227585;1,0720724239189128;0,7534463782890022;0,3186260456299106;strategy
2026-04-02;362553,7072709491;53305,9704010033;1,067854402079771;0,09004744280911581;0,9778069592706551;strategy
2026-04-06;361408,08482513577;53557,93692056135;-0,3159869621625955;0,4726797348638234;-0,7886666970264189;spy
2026-04-07;364836,9899634961;53581,50638176277;0,9487627096165685;0,04400741058487867;0,9047552990316898;strategy
2026-04-08;371269,38375139295;54946,20348615698;1,763087067608038;2,5469554638327674;-0,7838683962247295;spy
2026-04-09;370387,77247855737;55263,193143573786;-0,23745865170125002;0,576909117108837;-0,814367768810087;spy
2026-04-10;374308,6033902968;55226,62103917958;1,0585746083090264;-0,06617805145494593;1,1247526597639723;strategy
2026-04-13;376334,1414074351;55766,31754826009;0,5411411863879279;0,9772397784351794;-0,43609859204725154;spy
2026-04-14;376136,27731191623;56445,82347758446;-0,05257670610987475;1,2184880752370342;-1,271064781346909;spy
2026-04-15;374484,0451369951;56891,23718091186;-0,43926424399394204;0,7890994867038925;-1,2283637306978346;spy
2026-04-16;380840,5901381339;57031,036679260855;1,6974141044683089;0,2457311622604319;1,451682942207877;strategy
2026-04-17;376560,804441994;57720,29583121667;-1,1237735175726904;1,2085685130224233;-2,3323420305951137;spy
2026-04-20;377953,68131679134;57604,87442849886;0,3698942795868909;-0,1999667552905815;0,5698610348774724;strategy
2026-04-21;378756,7070088888;57227,73824453899;0,21246669414616282;-0,6546949154936255;0,8671616096397883;strategy
2026-04-22;381476,5753527772;57807,2662004699;0,718104338103398;1,012669683807066;-0,2945653457036679;spy
2026-04-23;381355,8052749465;57582,932158051815;-0,031658582894378284;-0,38807239498251933;0,35641381208814105;strategy
2026-04-24;381892,7336297135;58029,15945675642;0,14079459322242638;0,7749297960024215;-0,6341352027799951;spy
2026-04-27;379082,66075396305;58129,13246920244;-0,7358277935906155;0,17228064887020444;-0,9081084424608199;spy
2026-04-28;371110,7378469305;57846,27909099568;-2,102951079634474;-0,48659487281462743;-1,6163562068198467;spy
2026-04-29;373847,3937279468;57837,339463741424;0,737422985088898;-0,015454109399493099;0,7528770944883911;strategy
2026-04-30;382707,1559636635;58412,79944278638;2,3698873883721827;0,9949627427204177;1,374924645651765;strategy
2026-05-01;384354,7985449628;58574,55113347727;0,4305230659067405;0,27691138283709726;0,15361168306964323;strategy
2026-05-04;383496,3250257849;58359,970313690625;-0,2233544429333989;-0,3663379669741951;0,14298352404079617;strategy
2026-05-05;389787,802030061;58828,14484378969;1,6405573127338702;0,8022185884992483;0,8383387242346219;strategy
2026-05-06;398984,38796453073;59645,82308070866;2,3593826914471983;1,389943944501737;0,9694387469454613;strategy
2026-05-07;390772,57021444134;59462,94271494793;-2,058180219026373;-0,3066105157326193;-1,7515697032937538;spy
2026-05-08;401263,6094835324;59953,87311087122;2,6846918306814516;0,8256073001242203;1,8590845305572312;strategy
2026-05-11;411484,86039285304;60090,423188658875;2,5472658541043636;0,22775855954315638;2,319507294561207;strategy
2026-05-12;404421,3152491546;59999,38980346711;-1,716599035248767;-0,15149399914519135;-1,5651050361035757;spy
2026-05-13;409235,65255099116;60335,07727171704;1,1904262016631195;0,5594848036780009;0,6309413979851186;strategy
2026-05-14;408693,62617805926;60811,37783369317;-0,13244847303824914;0,7894256268722977;-0,9218740999105468;spy
2026-05-15;400588,3005954437;60079,85637065025;-1,9832277930080133;-1,2029351892724582;-0,7802926037355551;spy
2026-05-18;393320,2316715089;60037,59405956312;-1,8143487748222609;-0,07034356211905735;-1,7440052127032035;spy
2026-05-19;391844,8122490662;59637,69208788418;-0,37511912778362966;-0,6660859382243034;0,29096681044067374;strategy
2026-05-20;397763,37136798335;60248,920497841;1,510434471480293;1,0249028568310337;0,4855316146492594;strategy
2026-05-21;400717,19348860485;60368,39995554991;0,7426078752457155;0,19830970699830086;0,5442981682474146;strategy
2026-05-22;405883,5741054397;60605,7416021082;1,289283489898918;0,393155436839554;0,896128053059364;strategy
